COD_ID,NOME,tipo,SUB,SUB_NOME,UNI_TR_AT,TEN_NOM,TEN_NOM_kV,MUN,km_MT,ENE_MWh_ano,ENE_UC_MWh_ano,n_UNTRMT,kVA_instalado,n_UCBT,n_UCMT,n_DER,kW_DER,chaves_total,chaves_NA,chaves_NF,chaves_telecomandadas,NA_interligacao,NA_interligacao_telecomandada,NA_interligacao_SE,NA_interligacao_campo,NA_interligacao_campo_telecomandada,n_vizinhos,vizinhos,n_UNREMT,n_UNCRMT,lon_min,lat_min,lon_max,lat_max,score,n_clientes,CONJ_CODIGO,CONJ_NOME,ties_campo,ties_telecomandadas,ties_manuais,pares_ctmt_vizinho,grau,sem_socorro,alimentadores_socorro,subestacoes_socorro,subestacoes_socorro_nomes,conjuntos_socorro,conjuntos_socorro_nomes,chaves_campo,componente_id,tamanho_componente
MTO00002,LSA MATRIZ,LSA,29148432,SETD MATO ALTO,113095915,67,25.0,3304557,76.986,49255.842,21275.947,161,28925.0,9720,2,113,719.66,153,42,111,434909269;916893595;960125578;960168517;963054087;977348806;978761556;990977986,40,11,6,34,8,9,ESP016;MTO00001;MTO00004;MTO0003;PCI0005;PCI0015;PCI0016;STS001;STS004,0,0,-43.65177,-23.012706,-43.539798,-22.938133,330548,9722,16900,PACIENCIA,34,8,26,36,9,False,ESP016;MTO00001;MTO00004;MTO0003;PCI0005;PCI0015;PCI0016;STS001;STS004,18519958;18521136;29148432;450101398,SETD ESPERANCA;SETD MATO ALTO;SETD PACIENCIA;SETD SANTISSIMO,15042;16898;16899;16900,ESPERANCA AEREO AT/MT;MATO ALTO;PACIENCIA;SANTISSIMO AEREO,132234257;135213795;135518664;138537356;142453465;20684964;20711837;20816976;23262669;23407567;23651131;25197555;25635377;25635426;25679915;434909269;434909289;455241418;478231387;488614276;488614301;488614327;489112573;489438892;54904423;549436427;553307729;916893595;960125578;960168517;963054087;977348806;978761556;990977986,1,1097
STS004,LSA LETICIA,LSA,18521136,SETD SANTISSIMO,18915485,67,25.0,3304557,59.974,50962.785,32826.577,191,34377.5,12827,15,293,2001.76,169,39,130,504682415;998604111,36,3,6,30,2,15,CAM017;CHR0001;CHR0003;CHR002;CHR016;JAB00005;JAB00018;JAB00020;JAB002;JAB003;JAB012;MTO00002;STS001;STS002;STS003,0,0,-43.58467,-22.938122,-43.508761,-22.860702,385260,12842,15042,SANTISSIMO AEREO,30,2,28,30,15,False,CAM017;CHR0001;CHR0003;CHR002;CHR016;JAB00005;JAB00018;JAB00020;JAB002;JAB003;JAB012;MTO00002;STS001;STS002;STS003,18520488;18520749;18520758;18521136;29148432,SETD CACHAMORRA;SETD CAMARA;SETD JABOATAO;SETD MATO ALTO;SETD SANTISSIMO,14991;15011;15029;15042;16900,CACHAMORRA;CAMARA;JABOATAO AEREO;PACIENCIA;SANTISSIMO AEREO,20688037;20711837;20713685;20719040;20722666;20722715;20727160;20733439;20733502;20733530;20738374;20739760;20767401;20767464;20781040;20781047;20781117;20788022;20802742;20802798;20816108;20819979;25927767;29547962;335344240;504682415;518170006;789421898;807117418;998604111,1,1097
CAM007,LDA SUEZ,LDA,18520488,SETD CAMARA,18915100,46,13.2,3304557,9.177,21976.0,14486.641,67,7890.0,3755,5,77,981.094,61,28,33,1000755409;716982063,30,2,0,30,2,7,CAM003;CAM006;CAM011;CAM014;CAM019;PMG007;STS005,0,1,-43.483351,-22.888562,-43.444033,-22.876497,112800,3760,14991,CAMARA,30,2,28,31,7,False,CAM003;CAM006;CAM011;CAM014;CAM019;PMG007;STS005,18520479;18520488;18521136,SETD CAMARA;SETD PADRE MIGUEL;SETD SANTISSIMO,14991;15019;15042,CAMARA;PADRE MIGUEL;SANTISSIMO AEREO,1000755409;20680589;20680631;20680638;20680652;20680659;20680729;20805325;20805332;20805339;20805353;20805374;20805381;20805402;20805409;20805437;20805451;20805458;20805465;20805472;20805479;20805500;20805514;20805535;20805542;20805556;20805563;20805577;466976858;716982063,1,1097
STS001,LSA CAVADO,LSA,18521136,SETD SANTISSIMO,18915490,67,25.0,3304557,65.554,34027.789,27559.617,228,41157.0,13191,6,307,2043.74,246,65,181,740972740;756096174;978761556;997878462,40,5,12,28,4,18,CHR0007;CHR013;CHR014;CHR020;CHR06;ESP017;JAB003;JAB004;JAB013;MTO00001;MTO00002;MTO00004;MTO0003;STS002;STS003;STS004;STS005;STS006,0,2,-43.615962,-22.962824,-43.512636,-22.865292,369516,13197,15042,SANTISSIMO AEREO,28,4,24,30,17,False,CHR0007;CHR013;CHR014;CHR020;CHR06;ESP017;JAB003;JAB004;JAB013;MTO00001;MTO00002;MTO0003;STS002;STS003;STS004;STS005;STS006,18519958;18520749;18520758;18521136;29148432,SETD CACHAMORRA;SETD ESPERANCA;SETD JABOATAO;SETD MATO ALTO;SETD SANTISSIMO,15011;15029;15042;16898;16900,CACHAMORRA;JABOATAO AEREO;MATO ALTO;PACIENCIA;SANTISSIMO AEREO,135518664;20659404;20683347;20683431;20683459;20687995;20688037;20688114;20724983;20733439;20734272;20816976;23008307;23010353;23253911;25927767;29213480;29547962;478231387;502359645;740972740;756096174;775047989;778336685;807117418;811592965;978761556;997878462,1,1097
CSO005,LDA ALFAZEMA/ORQUIDEA,LDA,18520821,SETD COMENDADOR SOARES,18915240,46,13.2,3303500,33.1,48708.658,24194.191,154,16927.5,12912,6,114,802.72,88,26,62,1012198911;764413706;916618775;926396232,27,4,0,27,4,10,CRM0008;CSO00015;CSO002;CSO004;CSO006;CSO008;CSO010;CSO013;NIG030;QMD007,0,2,-43.533359,-22.772029,-43.474967,-22.732815,348786,12918,15048,COMENDADOR SOARES,27,4,23,27,10,False,CRM0008;CSO00015;CSO002;CSO004;CSO006;CSO008;CSO010;CSO013;NIG030;QMD007,18519976;18520821;18520893;280389625,SETD CARMARI;SETD COMENDADOR SOARES;SETD NOVA IGUACU;SETD QUEIMADOS,15048;15691;15692;15698,CARMARI;COMENDADOR SOARES;NOVA IGUACU;QUEIMADOS AEREO,1012198911;20661049;20661056;20661098;20661112;20661119;20661126;20661238;20671930;20671937;20671958;20703297;20709289;20712054;20721546;20748534;20802497;20802504;20802518;20802532;20819405;25472581;764413706;764413724;916618775;926396232;926396252,1,1097
NIG029,LSA TROPICAL,LSA,18519976,SETD NOVA IGUACU,18915395,67,25.0,3303500,50.176,51673.562,33724.017,188,29060.0,10214,7,86,718.89,140,42,98,111244739;464602373;986018423;987405364;989612474;990003231,36,8,9,27,6,10,ABR00019;ABR005;ABR017;CRM0004;CRM0009;NIG0004;NIG012;NIG026;NIG028;RFR007,0,0,-43.445983,-22.761473,-43.400786,-22.692186,275967,10221,15692,NOVA IGUACU,27,6,21,27,9,False,ABR00019;ABR005;ABR017;CRM0004;CRM0009;NIG012;NIG026;NIG028;RFR007,18519976;18520731;18520767;280389625,SETD AREIA BRANCA;SETD CARMARI;SETD NOVA IGUACU;SETD ROCHA FREIRE,14993;15054;15691;15692;15693,AREIA BRANCA AEREO;CARMARI;MERITI;NOVA IGUACU;ROCHA FREIRE AEREO AT/MT,111244739;130318629;20669627;20669641;20669648;20679252;20682297;20700112;20703472;20719691;20766155;20766211;20766358;20802063;20814155;20820931;20821148;29226970;295040762;440482830;464602373;520828207;782916515;986018423;987405364;989612474;990003231,1,1097
PDD9873,LDA SERPA/REIS,LDA,1231,SETD PIEDADE,1248189,46,13.2,3304557,15.548,38307.938,27924.7,141,16290.0,11423,9,86,741.55,96,26,70,730229122;869822754,28,2,3,25,2,13,CCD803;CCD826;PDD29513;PDD33543;PDD3356;PDD3800;PDD3984;PDD9870;PDD9896;TER29223;TER870;TER895;TER913,0,0,-43.316884,-22.899821,-43.282372,-22.871761,285800,11432,14998,PIEDADE,25,2,23,25,11,False,CCD803;CCD826;PDD29513;PDD33543;PDD3800;PDD3984;PDD9896;TER29223;TER870;TER895;TER913,1123;1186;1231,SETD CASCADURA;SETD PIEDADE;SETD TERRA NOVA,14998;15034;15044,CASCADURA AEREO;PIEDADE;TERRA NOVA AEREO,136880196;14909013;1553962;1554018;1554067;1582363;1589958;1589979;1593318;1600171;1600192;1600206;1600220;1600283;1600339;1600493;1600500;1600514;1600577;1600584;1600598;1607262;1626071;730229122;869822754,1,1097
QMD008,LSA CAMPONEZA,LSA,18520893,SETD QUEIMADOS,18915300,67,25.0,3304144,100.646,48108.525,19064.563,226,27610.0,7207,14,33,491.095,189,38,151,110231356;628560015;632317272,36,7,11,25,3,9,QMD001;QMD002;QMD003;QMD004;QMD005;QMD006;RFR006;SRD003;SRD004,0,0,-43.687978,-22.742755,-43.556571,-22.637193,180525,7221,15043,SEROPEDICA AEREO,25,3,22,25,5,False,QMD002;QMD003;QMD004;RFR006;SRD003,18520767;18520893;18521154,SETD QUEIMADOS;SETD ROCHA FREIRE;SETD SEROPEDICA,15043;15693;15698,QUEIMADOS AEREO;ROCHA FREIRE AEREO AT/MT;SEROPEDICA AEREO,110231356;127128201;127484651;127484663;20660475;20660489;20668262;20668311;20683011;20683109;20683130;20683151;20683270;20696241;20714700;20729127;20738822;30050891;449504525;483023550;628560015;632317272;673670001;693047578;803034051,1,1097
CSO002,LDA HORTENCIA/CENTAUREA,LDA,18520821,SETD COMENDADOR SOARES,18915350,46,13.2,3303500,27.043,39949.077,18115.262,136,14835.0,8998,9,102,841.43,94,22,72,702760414;865584629,24,2,0,24,2,12,CSO00017;CSO004;CSO005;CSO007;CSO010;CSO011;CSO013;CSO014;NIG009;NIG017;NIG030;STC00005,0,1,-43.519765,-22.756109,-43.455928,-22.732484,216168,9007,15048,COMENDADOR SOARES,24,2,22,24,12,False,CSO00017;CSO004;CSO005;CSO007;CSO010;CSO011;CSO013;CSO014;NIG009;NIG017;NIG030;STC00005,18519976;18520821;34192093,SETD COMENDADOR SOARES;SETD NOVA IGUACU;SETD SANTA CLARA,15048;15052;15692,COMENDADOR SOARES;NOVA IGUACU;SANTA CLARA AEREO,132315566;134337932;137884853;154833349;157868994;20661049;20661238;20678524;20678545;20689339;20689360;20709303;20715603;20715729;20737464;20757829;20757836;20757885;20803540;20817123;697096643;702760414;775672559;865584629,1,1097
RTO00014,LDA LUXEMBURGO,LDA,18520875,SETD RETIRO,18915280,46,13.2,3306305,15.613,15555.078,12403.339,56,5107.5,4897,3,58,399.57,93,22,71,680732185;708282453;711077813,24,4,1,23,3,8,FTL006;RTO001;RTO008;RTO010;RTO011;RTO013;RTO014;VRD007,0,8,-44.13633,-22.544017,-44.116891,-22.496849,112700,4900,14995,RETIRO,23,3,20,24,8,False,FTL006;RTO001;RTO008;RTO010;RTO011;RTO013;RTO014;VRD007,18520470;18520875;18521064,SETD FONTINELE;SETD RETIRO;SETD VOLTA REDONDA,14995;15007,FONTINELE;RETIRO,158985367;158985399;20678251;20680169;20701407;20701484;20701491;20701498;20701505;20701519;20701561;20701568;20701645;20719509;20719628;20737744;226023310;277886251;30779907;680732185;708282453;708282498;711077813,1,1097
PDD29513,LDA PIAUI/LDA DIVINOR,LDA,1231,SETD PIEDADE,1248199,46,13.2,3304557,15.392,42606.018,25385.465,134,15425.0,9646,14,77,876.63,94,25,69,707573967;798881895;974209945,23,3,1,22,3,9,BMT0001;CBI33806;CCD224;CCD70145;CCD757;PDD29568;PDD3356;PDD3800;PDD9873,0,0,-43.317143,-22.895229,-43.290427,-22.87098,212520,9660,14998,PIEDADE,22,3,19,24,8,False,BMT0001;CBI33806;CCD224;CCD70145;CCD757;PDD29568;PDD3356;PDD9873,1141;1186;1195;1231,SETD BOCA DO MATO;SETD CACHAMBI;SETD CASCADURA;SETD PIEDADE,14998;15027;15034,CACHAMBI AEREO;CASCADURA AEREO;PIEDADE,1553962;1553990;1554018;1554067;1603594;1603678;1603720;1603734;1607129;1607262;1612148;1613156;1625371;1625966;1626071;1628353;1628367;654263917;706079609;707573967;798881895;974209945,1,1097
ESP018,LSA FRAMBEL,LSA,18519958,SETD ESPERANCA,717020753,67,25.0,3304557,98.58,14048.286,19446.561,226,30350.0,9660,27,131,6060.702,180,43,137,543993984;776389613;971839614,27,5,6,21,3,10,BRI00005;ESP003;ESP009;ESP019;ESP020;MRP00004;QMD002;SRD002;STS002;ZIN005,1,0,-43.752404,-22.912859,-43.624824,-22.76301,203427,9687,15070,ESPERANCA AEREO MT/MT,21,3,18,22,10,False,BRI00005;ESP003;ESP009;ESP019;ESP020;MRP00004;QMD002;SRD002;STS002;ZIN005,18519958;18520893;18520911;18521136;18521154;18521208;224567922,SETD BRISAMAR;SETD ESPERANCA;SETD MARAPICU;SETD QUEIMADOS;SETD SANTISSIMO;SETD SEROPEDICA;SETD ZONA INDUSTRIAL,15006;15042;15043;15696;15697;16899,BRISA MAR;ESPERANCA AEREO AT/MT;MARAPICU;SANTISSIMO AEREO;SEROPEDICA AEREO;ZONA INDUSTRIAL,142728448;159925777;20707028;20707042;20707105;20716485;20716520;20716555;20716618;20716639;20776994;20777001;20777050;25464541;26601219;28671093;28672881;543993984;776389613;780627732;971839614,1,1097
NIG009,LDA MOQUETA,LDA,18519976,SETD NOVA IGUACU,18915385,46,13.2,3303500,13.53,26245.905,22460.493,100,11805.0,5266,14,80,623.34,57,17,40,744837327,22,1,1,21,1,9,CRM0005;CSO00017;CSO002;NIG0004;NIG003;NIG012;NIG015;NIG017;NIG018,0,0,-43.460044,-22.758874,-43.44503,-22.73146,110880,5280,15692,NOVA IGUACU,21,1,20,21,9,False,CRM0005;CSO00017;CSO002;NIG0004;NIG003;NIG012;NIG015;NIG017;NIG018,18519976;18520821;280389625,SETD CARMARI;SETD COMENDADOR SOARES;SETD NOVA IGUACU,15048;15691;15692,CARMARI;COMENDADOR SOARES;NOVA IGUACU,132315566;20674961;20675059;20737338;20737436;20737464;20775013;20803498;20803505;20803519;20803547;20803582;20803589;20803631;20807285;308374572;310366167;490271772;744837327;744837336;775672559,1,1097
QMD002,LSA MARAJO,LSA,18520893,SETD QUEIMADOS,18915295,67,25.0,3304144,112.611,52734.981,35177.923,263,25297.5,3458,34,37,4383.678,262,45,217,110231356;632317272,37,5,16,21,2,14,ESP018;QMD001;QMD003;QMD004;QMD005;QMD006;QMD007;QMD008;QMD009;QMD010;SRD0005;SRD003;STC00013;STC0014,0,0,-43.704612,-22.768266,-43.557351,-22.678356,73332,3492,15043,SEROPEDICA AEREO,21,2,19,22,8,False,ESP018;QMD001;QMD008;QMD009;SRD0005;SRD003;STC00013;STC0014,18519958;18520893;18521154;34192093,SETD ESPERANCA;SETD QUEIMADOS;SETD SANTA CLARA;SETD SEROPEDICA,15043;15052;15070;15698,ESPERANCA AEREO MT/MT;QUEIMADOS AEREO;SANTA CLARA AEREO;SEROPEDICA AEREO,110231356;110304359;131632600;20668262;20668311;20683130;20683151;20690907;20690914;20729127;20760510;20818005;20818152;20818320;20818432;28672881;30050891;30307596;449504525;632317272;673670001,1,1097
CEN005,LSA MATACAES,LSA,18520353,SETD CENTENARIO,18915145,67,25.0,3306206,408.202,21238.855,26136.652,811,48755.0,10095,16,173,8483.411,523,81,442,476410819;491538937;718559279;936495704;936796275;999385622,26,8,5,21,6,6,CEN002;CEN004;CEN006;SCI007;SCI008;SRD004,1,0,-43.704794,-22.567076,-43.352411,-22.399859,212331,10111,15089,CENTENARIO AEREO MT/MT,21,6,15,21,6,False,CEN002;CEN004;CEN006;SCI007;SCI008;SRD004,18520299;18520353;18521154,SETD CENTENARIO;SETD SANTA CECILIA;SETD SEROPEDICA,15043;15074;15089;15090,CENTENARIO AEREO AT/MT;CENTENARIO AEREO MT/MT;SANTA CECILIA AEREO MT/MT;SEROPEDICA AEREO,133131322;20681583;20681709;20802308;20802315;20805584;20814113;20815030;29772281;362198962;476410819;491538927;491538937;496704464;641682501;718559279;870166236;936495704;936495713;936796275;999385622,1,1097
MNB014,LDA LUSSAC,LDA,18520902,SETD MENA BARRETO,18915320,46,13.2,3302858,9.406,27846.054,17925.088,60,7515.0,4729,8,42,422.22,45,18,27,633515393;960082684;960207148;977503402,21,4,0,21,4,6,MNB00008;MNB001;MNB005;MNB016;NIG006;NIG014,0,1,-43.438445,-22.798192,-43.422233,-22.768804,99477,4737,15057,MENA BARRETO AEREO,21,4,17,21,6,False,MNB00008;MNB001;MNB005;MNB016;NIG006;NIG014,18519976;18520902,SETD MENA BARRETO;SETD NOVA IGUACU,15057;15692,MENA BARRETO AEREO;NOVA IGUACU,20708575;20727216;20727223;20727230;20727244;20727258;20727265;20727272;20727314;20727349;20727370;20727384;20727391;20727398;20727405;20790416;633515360;633515393;960082684;960207148;977503402,1,1097
QMD004,LSA HEMETERIO,LSA,18520893,SETD QUEIMADOS,18915295,67,25.0,3304144,155.808,59022.212,18082.828,416,49472.5,12000,18,47,1259.325,303,63,240,628560015;996530111;997204931,29,6,8,21,3,6,QMD002;QMD003;QMD008;RFR006;SRD004;STC00013,0,0,-43.659454,-22.742759,-43.52238,-22.595006,252378,12018,15698,QUEIMADOS AEREO,21,3,18,22,5,False,QMD003;QMD008;RFR006;SRD004;STC00013,18520767;18520893;18521154;34192093,SETD QUEIMADOS;SETD ROCHA FREIRE;SETD SANTA CLARA;SETD SEROPEDICA,15043;15052;15693;15698,QUEIMADOS AEREO;ROCHA FREIRE AEREO AT/MT;SANTA CLARA AEREO;SEROPEDICA AEREO,1014109786;127128201;127484651;127484663;20660475;20668031;20683011;20683270;20696241;20714686;20714700;20720398;20721154;20738822;483023550;628560015;693047578;803034051;97886191;996530111;997204931,1,1097
MTO0003,LSA DART,LSA,29148432,SETD MATO ALTO,553226495,67,25.0,3304557,73.816,51442.464,36307.316,221,34655.0,10873,18,149,2580.82,190,43,147,434909269;550394086;628976635;689938511;702833405;963054087;997878462,22,7,1,21,7,5,CHR009;ESP016;MTO00002;MTO00004;STS001,0,0,-43.629034,-23.000028,-43.550985,-22.939811,228711,10891,16898,MATO ALTO,21,7,14,22,5,False,CHR009;ESP016;MTO00002;MTO00004;STS001,18519958;18520758;18521136;29148432,SETD CACHAMORRA;SETD ESPERANCA;SETD MATO ALTO;SETD SANTISSIMO,15011;15042;16898;16899;16900,CACHAMORRA;ESPERANCA AEREO AT/MT;MATO ALTO;PACIENCIA;SANTISSIMO AEREO,138537356;23010353;23740077;23740335;23741061;25197555;300159275;434909269;434909289;455241418;472636302;502359645;549436427;550394086;609603254;628976635;689938511;702833405;780920387;963054087;997878462,1,1097
CAM011,LDA JACERDA,LDA,18520488,SETD CAMARA,18915510,46,13.2,3304557,8.999,22248.0,14597.2,60,6832.5,3688,12,55,383.0,40,13,27,654654734;716982063,21,2,0,21,2,5,CAM003;CAM006;CAM007;CAM012;CAM014,0,0,-43.483216,-22.888507,-43.450285,-22.876911,77700,3700,14991,CAMARA,21,2,19,21,5,False,CAM003;CAM006;CAM007;CAM012;CAM014,18520488,SETD CAMARA,14991,CAMARA,20231225;20720041;20720083;20720111;20720118;20720188;20720216;20720223;20720230;20720244;20805339;20805381;20805409;20805437;20805451;20805472;20805556;20805577;460922269;654654734;716982063,1,1097
ESP017,LSA BARBARIO,LSA,18519958,SETD ESPERANCA,717020753,67,25.0,3304557,79.41,83158.912,30899.783,327,58202.5,22549,10,218,1590.66,255,70,185,691961014;998595524,27,5,7,20,2,10,CMS008;ESP013;ESP016;ESP020;PCI0004;PCI0006;PCI0007;PCI0008;PCI0014;STS001,0,0,-43.713501,-22.988239,-43.612323,-22.882313,451180,22559,16900,PACIENCIA,20,2,18,20,10,False,CMS008;ESP013;ESP016;ESP020;PCI0004;PCI0006;PCI0007;PCI0008;PCI0014;STS001,18519958;18520839;18521136;450101398,SETD COSMOS;SETD ESPERANCA;SETD PACIENCIA;SETD SANTISSIMO,15042;16897;16899;16900,COSMOS;ESPERANCA AEREO AT/MT;PACIENCIA;SANTISSIMO AEREO,20667422;20667618;20668199;20689038;20778695;20815716;22415299;22415797;22803447;23253911;23651342;25227469;25227481;28344822;28821480;56728211;675726427;691961014;740371542;998595524,1,1097
ITG0007,LDA THEODORA,LDA,310129856,SETD ITAGUAI,310131071,46,13.2,3302007,41.588,25436.435,15749.56,139,13057.5,5701,15,136,1533.483,83,17,66,498954290,20,1,0,20,1,8,BRI001;BRI003;ITG0003;ITG0005;ITG0006;ITG0008;ITG0009;ITG0010,0,0,-43.821917,-22.882523,-43.755908,-22.80886,114320,5716,15694,ITAGUAI,20,1,19,20,8,False,BRI001;BRI003;ITG0003;ITG0005;ITG0006;ITG0008;ITG0009;ITG0010,18521208;310129856,SETD BRISAMAR;SETD ITAGUAI,15006;15694,BRISA MAR;ITAGUAI,133393159;20701890;20701897;20701911;20701939;20701960;20702121;20702156;20702163;20791200;20791256;22322738;262896583;263292013;264360367;265133278;276640970;294984935;498954290;54585418,1,1097
DMC3326,LDA PROCLAMACAO/DARKE,LDA,1168,SETD DEMOCRATICOS,1248139,46,13.2,3304557,12.317,19097.277,10827.71,88,10365.0,4753,9,19,364.3,75,20,55,919955211,19,1,0,19,1,12,DMC3523;DMC631;DMC660;DMC739;DMC772;DMC925;DMC9989;PER0001;PER29500;RAM33535;TER822;TRG275,0,2,-43.268371,-22.875937,-43.249343,-22.860101,90478,4762,15056,DEMOCRATICOS AEREO,19,1,18,21,12,False,DMC3523;DMC631;DMC660;DMC739;DMC772;DMC925;DMC9989;PER0001;PER29500;RAM33535;TER822;TRG275,1123;1132;1168;1204;1240,SETD DEMOCRATICOS;SETD PEDRO ERNESTO;SETD RAMOS;SETD TERRA NOVA;SETD TRIAGEM,15015;15044;15056;15061,DEMOCRATICOS AEREO;PEDRO ERNESTO AEREO;RAMOS AEREO;TERRA NOVA AEREO,1249270;1597938;1598050;1598064;1608928;1608977;1621304;1623936;1624055;1624181;1627632;1627667;1627674;1627695;34408300;455979872;47231684;47231693;919955211,1,1097
PVN0004,LDA PARREIRAS,LDA,1303,SETD PAVUNA,1248379,46,13.2,3304557,16.644,34995.888,12015.217,95,10980.0,7925,5,43,591.903,58,15,43,584928807,19,1,0,19,1,9,CRO007;MNB013;MNB017;PVN29958;PVN70296;PVN9828;PVN9833;ROS004;ROS015,0,1,-43.40853,-22.816515,-43.386273,-22.77969,150670,7930,14994,PAVUNA,19,1,18,19,9,False,CRO007;MNB013;MNB017;PVN29958;PVN70296;PVN9828;PVN9833;ROS004;ROS015,1303;18519985;18520902;18521055,SETD COELHO DA ROCHA;SETD MENA BARRETO;SETD PAVUNA;SETD ROSALI,14994;14996;15035;15057,COELHO DA ROCHA;MENA BARRETO AEREO;PAVUNA;ROSALI,138503123;153373122;1615452;20680022;20698551;20698558;20698565;20705733;20739396;20739410;20739438;215189538;223236557;229858037;28881479;30032501;518049726;584928807;97143387,1,1097
CSO013,LDA GIRASSOL,LDA,18520821,SETD COMENDADOR SOARES,54431863,46,13.2,3303500,12.849,21493.312,9859.089,66,7410.0,5593,6,36,382.44,51,14,37,764821655;970379767;985979753;995259115,20,4,1,19,4,10,CRM0003;CRM0007;CRM0008;CSO001;CSO002;CSO004;CSO005;CSO007;CSO011;CSO014,0,1,-43.493825,-22.756399,-43.479162,-22.721279,106381,5599,15048,COMENDADOR SOARES,19,4,15,19,9,False,CRM0003;CRM0007;CRM0008;CSO001;CSO002;CSO004;CSO005;CSO007;CSO011,18520821;280389625,SETD CARMARI;SETD COMENDADOR SOARES,15048;15691,CARMARI;COMENDADOR SOARES,20678370;20678552;20678566;20709191;20709247;20709289;20709303;20715687;20715806;20726313;20757913;20804800;713813166;713813175;764821646;764821655;970379767;985979753;995259115,1,1097
STS003,LSA DOCABRITO,LSA,18521136,SETD SANTISSIMO,18915485,67,25.0,3304557,88.1,60850.22,34608.502,239,36952.5,10303,27,160,1568.76,224,42,182,717274055;773521249;998604111,31,6,12,19,3,8,CAM017;ESP020;JAB00017;JAB003;STS001;STS004;STS005;STS006,0,0,-43.625929,-22.879226,-43.511103,-22.821889,196270,10330,15042,SANTISSIMO AEREO,19,3,16,20,8,False,CAM017;ESP020;JAB00017;JAB003;STS001;STS004;STS005;STS006,18519958;18520488;18520749;18521136,SETD CAMARA;SETD ESPERANCA;SETD JABOATAO;SETD SANTISSIMO,14991;15029;15042;16899,CAMARA;ESPERANCA AEREO AT/MT;JABOATAO AEREO;SANTISSIMO AEREO,1012684155;20662176;20662197;20662246;20662260;20662358;20711949;20733439;20733502;20733523;20733530;20734125;20759537;215387069;22804039;478338743;717274055;773521249;998604111,1,1097
ABR016,LDA CASEIROS,LDA,18520731,SETD AREIA BRANCA,18915210,46,13.2,3300456,14.923,31828.978,9898.135,95,10050.0,8244,4,73,529.57,49,16,33,1001446742;741483750;977524867;997384616,19,4,0,19,4,8,ABR00019;ABR004;ABR005;ABR008;ABR012;NIG008;NIG012;NIG013,0,0,-43.436111,-22.748634,-43.397457,-22.732806,156712,8248,15054,AREIA BRANCA AEREO,19,4,15,19,8,False,ABR00019;ABR004;ABR005;ABR008;ABR012;NIG008;NIG012;NIG013,18519976;18520731,SETD AREIA BRANCA;SETD NOVA IGUACU,15054;15692,AREIA BRANCA AEREO;NOVA IGUACU,1001446742;111610156;20686791;20686861;20686910;20686945;20686966;20686994;20687015;20687022;20687029;20687043;20687050;20819685;20821106;741483741;741483750;977524867;997384616,1,1097
PCI0005,LDA SINIMBU,LDA,450101398,SETD PACIENCIA,450102116,46,13.2,3304557,36.619,34460.32,14187.107,159,17700.0,7351,11,87,1549.41,89,24,65,959593135;988229752,19,2,0,19,2,8,MTO00001;MTO00002;PCI0003;PCI0004;PCI0011;PCI0014;PCI0015;PCI0016,1,0,-43.663334,-22.974484,-43.605938,-22.934816,139878,7362,16900,PACIENCIA,19,2,17,19,8,False,MTO00001;MTO00002;PCI0003;PCI0004;PCI0011;PCI0014;PCI0015;PCI0016,29148432;450101398,SETD MATO ALTO;SETD PACIENCIA,16898;16899;16900,ESPERANCA AEREO AT/MT;MATO ALTO;PACIENCIA,132234257;22686664;22765775;22943779;25258914;25679330;25679745;25680409;25680532;25681034;343966594;425226328;488614276;488901975;489438892;737620202;749367429;959593135;988229752,1,1097
RTO002,LDA AMAZONAS,LDA,18520875,SETD RETIRO,18915285,46,13.2,3306305,12.587,19622.848,17088.849,77,7920.0,5486,10,88,723.91,41,13,28,742338247,19,1,0,19,1,8,RTO001;RTO003;RTO006;RTO007;RTO009;VRD001;VRD005;VRD009,0,1,-44.121141,-22.507724,-44.090808,-22.495653,104424,5496,14995,RETIRO,19,1,18,19,8,False,RTO001;RTO003;RTO006;RTO007;RTO009;VRD001;VRD005;VRD009,18520470;18520875,SETD RETIRO;SETD VOLTA REDONDA,14995;15084,RETIRO;VOLTA REDONDA AEREO AT/MT,1003353306;20661546;20661560;20661973;20662043;20662064;20662071;20662078;20662092;20695156;20710185;20739074;20739109;29227382;30281698;33468008;501517732;742338238;742338247,1,1097
ESP004,LDA FELICARDO,LDA,18519958,SETD ESPERANCA,18915340,46,13.2,3304557,15.462,30517.993,11413.074,92,9622.5,6196,6,72,620.64,59,21,38,1003477804;1004800368,20,3,1,19,2,7,ESP002;ESP007;ESP011;ESP012;ESP013;PCI0004;PCI0014,0,1,-43.681142,-22.947343,-43.653986,-22.912589,117838,6202,16899,ESPERANCA AEREO AT/MT,19,2,17,19,7,False,ESP002;ESP007;ESP011;ESP012;ESP013;PCI0004;PCI0014,18519958;450101398,SETD ESPERANCA;SETD PACIENCIA,16899;16900,ESPERANCA AEREO AT/MT;PACIENCIA,1003477804;1004800368;20667443;20703710;20703815;20703836;20703850;20703864;20703871;20777253;20777260;22931452;25346258;25346286;25940219;29628733;452815201;463425999;552517865,1,1097
SRD0005,LSA RODUTRA,LSA,18521154,SETD SEROPEDICA,18915500,67,25.0,3305554,325.451,30315.02,30818.517,758,46732.5,8475,23,112,4999.64,452,62,390,685034703;702674534;750694325,31,6,12,19,3,6,BRI001;QMD002;SRD001;SRD002;SRD003;SRD004,1,2,-43.876055,-22.792437,-43.639986,-22.609118,161462,8498,15043,SEROPEDICA AEREO,19,3,16,19,6,False,BRI001;QMD002;SRD001;SRD002;SRD003;SRD004,18520893;18521154;18521208,SETD BRISAMAR;SETD QUEIMADOS;SETD SEROPEDICA,15006;15043,BRISA MAR;SEROPEDICA AEREO,1011477560;20718592;20782790;20818005;20818152;20818257;20818320;20818341;20818432;40526886;514957951;592580594;685034703;702674534;725132092;750694325;755198819;790495562;915570991,1,1097
ABR005,LDA TAMOIO,LDA,18520731,SETD AREIA BRANCA,18915185,46,13.2,3300456,16.294,31741.738,8501.304,94,9285.0,7521,4,59,502.47,41,13,28,990003231;997384616,19,2,0,19,2,6,ABR00019;ABR008;ABR012;ABR016;ABR017;NIG029,0,0,-43.431503,-22.749683,-43.397574,-22.727271,142975,7525,15054,AREIA BRANCA AEREO,19,2,17,19,6,False,ABR00019;ABR008;ABR012;ABR016;ABR017;NIG029,18519976;18520731,SETD AREIA BRANCA;SETD NOVA IGUACU,15054;15692,AREIA BRANCA AEREO;NOVA IGUACU,1022530322;107531080;20682297;20686861;20686994;20687015;20687022;20687029;20687043;20766155;20766183;20766358;20780711;20806949;20807040;20821099;520828207;990003231;997384616,1,1097
BAR33398,LDA GIBRAN/LDA ACHE,LDA,10385907,SETD BARRA,10401285,46,13.2,3304557,19.61,9797.114,9865.125,83,8850.0,1025,9,185,2221.27,95,22,73,535080868;934533400;998908986,19,3,0,19,3,6,BAR29386;BAR29407;BAR29691;BAR4472;BAR4841;BAR99999,0,0,-43.327537,-23.007605,-43.294066,-22.981121,19646,1034,15013,BARRA AEREO,19,3,16,19,6,False,BAR29386;BAR29407;BAR29691;BAR4472;BAR4841;BAR99999,10385907,SETD BARRA,15013,BARRA AEREO,1018133204;1018133212;11026032;11063353;11063444;11063598;11076596;11119625;535080868;535080877;54541314;633442312;669129738;674643246;702897801;795228958;796287987;934533400;998908986,1,1097
SCI004,LSA EUFRASIA,LSA,18520299,SETD SANTA CECILIA,18915120,67,25.0,3300308,103.355,57551.618,53830.892,373,55440.0,20431,31,238,3280.39,350,60,290,711103577;945380011;997994388,25,6,6,19,3,5,CEN006;SCI001;SCI002;SCI003;SCI006,0,1,-43.900164,-22.485949,-43.787534,-22.428611,388778,20462,15082,SANTA CECILIA AEREO AT/MT,19,3,16,19,5,False,CEN006;SCI001;SCI002;SCI003;SCI006,18520299;18520353,SETD CENTENARIO;SETD SANTA CECILIA,15082;15089;15090,CENTENARIO AEREO MT/MT;SANTA CECILIA AEREO AT/MT;SANTA CECILIA AEREO MT/MT,125569442;134432275;20668990;20701337;20718746;20719866;20728686;20745405;20745440;20745510;20842238;29465509;29851948;363044010;397396834;711103577;945380011;945380021;997994388,1,1097
VRD011,LDA CALIFORNIA,LDA,18520470,SETD VOLTA REDONDA,18915410,46,13.2,3306305,24.102,28758.173,26195.567,92,9525.0,5915,15,87,664.4,92,28,64,1003366160;754112357;865301195,19,3,0,19,3,5,RTO003;VRD003;VRD004;VRD006;VRD019,0,0,-44.089118,-22.513975,-44.051809,-22.473191,112670,5930,15084,VOLTA REDONDA AEREO AT/MT,19,3,16,19,5,False,RTO003;VRD003;VRD004;VRD006;VRD019,18520470;18520875,SETD RETIRO;SETD VOLTA REDONDA,14995;15084;15086,RETIRO;VOLTA REDONDA AEREO AT/MT;VOLTA REDONDA AEREO MT/MT,1003366160;119085911;20232996;20233045;20233150;20658620;20658683;20658802;20680932;20680967;20681079;20681184;654787877;654787887;754112357;754413057;796872016;865301185;865301195,1,1097
TQR33862,LDA BOCARI,LDA,10385871,SETD TAQUARA,10401220,46,13.2,3304557,12.197,20508.978,13473.669,82,9667.5,4351,0,199,1502.75,58,19,39,1007642983;752622332;789941518,22,3,3,19,3,7,TQR00003;TQR00004;TQR0007;TQR33826;TQR33830;TQR33835;TQR33859,0,4,-43.416894,-22.924155,-43.373025,-22.911681,82669,4351,15023,TAQUARA AEREO,19,3,16,19,5,False,TQR00003;TQR0007;TQR33830;TQR33835;TQR33859,10385871,SETD TAQUARA,15023,TAQUARA AEREO,1007642983;11022798;11026081;11026389;11026438;11026494;11038232;11053522;11053620;11053627;11053648;11053690;11056672;134733185;137253951;23084918;258481641;752622332;789941518,1,1097
ESP012,LDA ISABEL,LDA,18519958,SETD ESPERANCA,18915335,46,13.2,3304557,9.544,33168.929,16848.836,65,7957.5,3441,13,52,629.26,46,12,34,1000454828;1003477804;1004800368;995709991,19,4,0,19,4,4,ESP001;ESP004;ESP007;ESP008,0,0,-43.686143,-22.942316,-43.677707,-22.91274,65626,3454,16899,ESPERANCA AEREO AT/MT,19,4,15,19,4,False,ESP001;ESP004;ESP007;ESP008,18519958,SETD ESPERANCA,16899,ESPERANCA AEREO AT/MT,1000454828;1003477804;1004800368;19764194;20703710;20703815;20703836;20703864;20704179;20704333;20704389;20777253;20777260;20777316;20777330;20777351;33682164;60240543;995709991,1,1097
SCI007,LSA FACULDADE,LSA,18520299,SETD SANTA CECILIA,18915120,67,25.0,3300308,276.258,37156.016,39064.093,670,52500.0,15727,25,190,5640.38,534,80,454,1003469163;731753516;999471500,25,6,7,18,3,9,CEN005;CEN006;SCI002;SCI003;SCI005;SCI006;SCI008;VIG001;VIG002,0,0,-43.944253,-22.598639,-43.687594,-22.465431,283536,15752,15090,SANTA CECILIA AEREO MT/MT,18,3,15,18,9,False,CEN005;CEN006;SCI002;SCI003;SCI005;SCI006;SCI008;VIG001;VIG002,18520299;18520353;18520371,SETD CENTENARIO;SETD SANTA CECILIA;SETD VIGARIO,15003;15082;15089;15090,CENTENARIO AEREO MT/MT;SANTA CECILIA AEREO AT/MT;SANTA CECILIA AEREO MT/MT;VIGARIO,1003469163;20681709;20684222;20684229;20699454;20768920;20813966;20813994;20842238;20842287;360985726;377893861;490753018;494875078;731753507;731753516;93021097;999471500,1,1097
BRI00005,LSA ZELITUS,LSA,18521208,SETD BRISAMAR,18915495,67,25.0,3302007,181.705,-19701.149,14810.114,305,32947.5,6344,42,188,11021.206,252,43,209,1006337621;495879886;966730081,20,4,2,18,3,9,BRI001;BRI003;ESP018;ESP019;ESP020;ITG0004;ITG0005;ITG0011;SRD002,1,0,-43.839347,-22.890827,-43.627423,-22.768099,114948,6386,15006,BRISA MAR,18,3,15,18,9,False,BRI001;BRI003;ESP018;ESP019;ESP020;ITG0004;ITG0005;ITG0011;SRD002,18519958;18521154;18521208;310129856,SETD BRISAMAR;SETD ESPERANCA;SETD ITAGUAI;SETD SEROPEDICA,15006;15043;15070;15694;16899,BRISA MAR;ESPERANCA AEREO AT/MT;ESPERANCA AEREO MT/MT;ITAGUAI;SEROPEDICA AEREO,1006337621;135611175;160647147;161725091;20707000;20707028;20719194;20776994;20777001;20777050;20789758;20800558;276640970;436631577;495879886;760493296;966730071;966730081,1,1097
ROS007,LDA COMETA,LDA,18519985,SETD ROSALI,18915375,46,13.2,3305109,10.498,27905.721,13580.269,83,10467.5,5801,12,48,425.99,51,18,33,26362870;765345572;935138831,18,3,0,18,3,9,CRO0016;CRO009;ROS00019;ROS002;ROS008;ROS011;ROS017;SJO0010;SJO0013,0,2,-43.37086,-22.791828,-43.347335,-22.767246,104634,5813,14996,ROSALI,18,3,15,19,9,False,CRO0016;CRO009;ROS00019;ROS002;ROS008;ROS011;ROS017;SJO0010;SJO0013,18519985;18521055;310718139,SETD COELHO DA ROCHA;SETD ROSALI;SETD SAO JOAO,14996;15035;15699,COELHO DA ROCHA;ROSALI;SAO JOAO,20660223;20660279;20680309;20680316;20691705;20691768;20700938;20733894;20733908;20733915;20733929;20804688;26362870;636718686;765345562;765345572;935138813;935138831,1,1097
STS005,LSA GROTA,LSA,18521136,SETD SANTISSIMO,18915490,67,25.0,3304557,48.826,34399.438,10311.769,140,27267.5,5473,12,14,305.05,141,28,113,37328503;547463642;689865516,26,4,8,18,3,11,AFR003;AFR007;CAM007;CAM008;CAM009;ESP016;JAB009;STS001;STS002;STS003;STS006,0,0,-43.565969,-22.902455,-43.455791,-22.849648,98730,5485,15042,SANTISSIMO AEREO,18,3,15,19,9,False,AFR003;AFR007;CAM007;CAM008;CAM009;JAB009;STS001;STS003;STS006,18520461;18520488;18520749;18521136,SETD ARI FRANCO;SETD CAMARA;SETD JABOATAO;SETD SANTISSIMO,14991;15010;15029;15042,ARI FRANCO;CAMARA;JABOATAO AEREO;SANTISSIMO AEREO,20662239;20687995;20694547;20711949;20724983;20738311;20775811;20802364;20802462;20805514;20813287;20813315;20815065;20815086;20815121;37328503;547463642;689865516,1,1097
WLS00014,LDA BRIGADEIRO,LDA,18519994,SETD WASHINGTON LUIS,254600861,46,13.2,3301702,7.968,29666.539,14990.6,86,11265.0,5130,4,62,397.97,29,10,19,705792019;752635240,18,2,0,18,2,6,CXS004;CXS010;WLS00013;WLS00015;WLS001;WLS008,0,1,-43.306892,-22.79322,-43.297533,-22.772237,92412,5134,15073,WASHINGTON LUIS AEREO,18,2,16,18,6,False,CXS004;CXS010;WLS00013;WLS00015;WLS001;WLS008,18519994;18520785,SETD CAXIAS;SETD WASHINGTON LUIS,15073;15700,CAXIAS AEREO;WASHINGTON LUIS AEREO,141491612;20692314;20693581;20693588;20697676;20697704;20697732;20697767;20728168;20728196;20744432;20744446;20744460;20744467;465757363;465757499;705792019;752635240,1,1097
ITG0010,LDA FEITAL,LDA,310129856,SETD ITAGUAI,310130783,46,13.2,3302007,12.662,23001.0,15803.878,81,9645.0,4567,10,57,581.52,49,15,34,146756117;998252050,18,2,0,18,2,6,BRI001;ITG0006;ITG0007;ITG0008;ITG0009;ITG0011,0,0,-43.797192,-22.882522,-43.760736,-22.862219,82386,4577,15694,ITAGUAI,18,2,16,19,6,False,BRI001;ITG0006;ITG0007;ITG0008;ITG0009;ITG0011,18521208;310129856,SETD BRISAMAR;SETD ITAGUAI,15006;15694,BRISA MAR;ITAGUAI,116092806;142277424;146756117;20677040;20701820;20701827;20719362;20719425;20719432;20738654;20738738;20779976;262896583;282506661;282691277;288114536;983673880;998252050,1,1097
PMG0017,LDA IMPERADOR,LDA,18520479,SETD PADRE MIGUEL,18915110,46,13.2,3304557,8.981,19946.893,7910.634,43,5365.0,3427,7,48,446.499,35,10,25,690054449;690075922;757861011,18,3,0,18,3,6,CAM019;PMG00019;PMG0016;PMG002;PMG007;PMG009,0,0,-43.437359,-22.891026,-43.425581,-22.866717,61812,3434,15019,PADRE MIGUEL,18,3,15,18,6,False,CAM019;PMG00019;PMG0016;PMG002;PMG007;PMG009,18520479;18520488,SETD CAMARA;SETD PADRE MIGUEL,14991;15019,CAMARA;PADRE MIGUEL,20695387;20695562;20698495;20698502;20717976;20717983;20718011;20718039;20729834;20777771;20777778;20816346;20816486;503132294;608528505;690054449;690075922;757861011,1,1097
CRM0005,LDA VIENA,LDA,280389625,SETD CARMARI,280389914,46,13.2,3303500,13.642,29315.119,15095.037,98,10807.5,6497,10,95,620.83,43,14,29,744837327,18,1,0,18,1,5,CRM0004;CRM0008;CRM0011;CSO00017;NIG009,0,1,-43.464075,-22.738266,-43.448512,-22.714019,117126,6507,15691,CARMARI,18,1,17,18,5,False,CRM0004;CRM0008;CRM0011;CSO00017;NIG009,18519976;18520821;280389625,SETD CARMARI;SETD COMENDADOR SOARES;SETD NOVA IGUACU,15048;15691;15692,CARMARI;COMENDADOR SOARES;NOVA IGUACU,20673008;20673050;20673064;20673092;20673106;20673141;20707966;20707980;20737380;20737401;20737436;20803582;20803589;23067666;250688059;269345463;744837327;744837336,1,1097
TRS008,LDA SETEMBRO,LDA,18520326,SETD TRES RIOS,18915125,46,13.2,3306008,10.308,25932.317,22178.451,108,14117.5,5156,7,51,1232.83,43,12,31,561273192,18,1,0,18,1,5,TRS001;TRS003;TRS006;TRS007;TRS009,0,1,-43.234203,-22.125519,-43.205033,-22.112404,92934,5163,15087,TRES RIOS AEREO AT/MT,18,1,17,19,5,False,TRS001;TRS003;TRS006;TRS007;TRS009,18520326,SETD TRES RIOS,15087;15088,TRES RIOS AEREO AT/MT;TRES RIOS AEREO MT/MT,113885505;20727461;20727517;20770047;20770068;20774376;20774383;20774404;20804079;20804093;20804100;20804107;20804121;20804149;20804156;34974796;561273192;926981577,1,1097
ITG0009,LDA VEGEZZI,LDA,310129856,SETD ITAGUAI,310131071,46,13.2,3302007,9.465,17825.565,15315.634,66,7840.0,3145,11,63,664.83,44,14,30,,18,0,0,18,0,3,ITG0006;ITG0007;ITG0010,0,0,-43.782238,-22.882522,-43.760735,-22.862671,56808,3156,15694,ITAGUAI,18,0,18,18,3,False,ITG0006;ITG0007;ITG0010,310129856,SETD ITAGUAI,15694,ITAGUAI,116092806;133521171;20676963;20677040;20701820;20701904;20701911;20701939;20702163;20738654;20791249;263292013;264360367;265133278;282506661;54439459;54585418;95399812,1,1097
RTO007,LDA BAHIA,LDA,18520875,SETD RETIRO,18915280,46,13.2,3306305,11.821,15769.303,13546.518,68,9165.0,3028,8,39,576.49,47,14,33,685210846;742338247,17,2,0,17,2,10,RTO001;RTO002;RTO006;RTO009;RTO011;VRD001;VRD005;VRD006;VRD009;VRD015,0,0,-44.121198,-22.511019,-44.086383,-22.493892,51612,3036,14995,RETIRO,17,2,15,18,10,False,RTO001;RTO002;RTO006;RTO009;RTO011;VRD001;VRD005;VRD006;VRD009;VRD015,18520470;18520875,SETD RETIRO;SETD VOLTA REDONDA,14995;15084;15086,RETIRO;VOLTA REDONDA AEREO AT/MT;VOLTA REDONDA AEREO MT/MT,1011099675;20232982;20661399;20661406;20661476;20661525;20661581;20661616;20672966;20700231;20700252;247059649;474203762;685210835;685210846;742338238;742338247,1,1097
PDG29023,LDA SITIO,LDA,10385916,SETD PORTA DAGUA,10401260,46,13.2,3304557,12.14,35736.695,19059.473,150,18407.5,10446,6,147,1138.86,64,19,45,628864975;977074027;977091219,17,3,0,17,3,9,BAR000;PDG00002;PDG0006;PDG222;PDG29753;PDG29776;PDG29857;PDG33434;PDG33647,0,0,-43.341995,-22.977668,-43.330816,-22.937994,177684,10452,16902,PORTA DAGUA AEREO,17,3,14,18,9,False,BAR000;PDG00002;PDG0006;PDG222;PDG29753;PDG29776;PDG29857;PDG33434;PDG33647,10385907;10385916,SETD BARRA;SETD PORTA DAGUA,15013;16902;16903,BARRA AEREO;GARDENIA;PORTA DAGUA AEREO,11023463;11037294;11037511;11077702;11136091;11154174;11154258;11154279;112232325;481928510;512716501;628864966;628864975;760824351;977074027;977091219;987466141,1,1097
SCI006,LSA TAMANDARE,LSA,18520299,SETD SANTA CECILIA,18915120,67,25.0,3300308,736.817,-22353.196,24399.061,1369,52527.5,8806,22,237,14746.708,587,67,520,,17,0,0,17,0,9,CEN003;SCI001;SCI002;SCI003;SCI004;SCI005;SCI007;SCI008;VRD015,1,0,-44.165298,-22.483552,-43.801248,-22.10539,150076,8828,15090,SANTA CECILIA AEREO MT/MT,17,0,17,19,9,False,CEN003;SCI001;SCI002;SCI003;SCI004;SCI005;SCI007;SCI008;VRD015,18520299;18520353;18520470,SETD CENTENARIO;SETD SANTA CECILIA;SETD VOLTA REDONDA,15082;15086;15089;15090,CENTENARIO AEREO MT/MT;SANTA CECILIA AEREO AT/MT;SANTA CECILIA AEREO MT/MT;VOLTA REDONDA AEREO MT/MT,20661308;20684544;20718746;20724430;20738955;20746112;20842077;20842119;20842126;20842140;20842168;20842238;20842252;20842301;31960490;474410586;778553901,1,1097
MRT9954,LDA GETUVAR,LDA,1312,SETD MERITI,1248414,46,13.2,3305109,15.181,28456.305,15875.676,127,13207.5,7448,6,72,492.19,69,22,47,621719771;987169132;990183590,17,3,0,17,3,9,MRT29629;MRT29650;MRT33313;MRT9941;ROS016;VGE00002;VGE35061;VGE3890;VGE3947,0,0,-43.360203,-22.819603,-43.322386,-22.794782,126718,7454,14993,MERITI,17,3,14,17,9,False,MRT29629;MRT29650;MRT33313;MRT9941;ROS016;VGE00002;VGE35061;VGE3890;VGE3947,1267;1312;18519985,SETD MERITI;SETD ROSALI;SETD VIGARIO GERAL,14993;14996;15062,MERITI;ROSALI;VIGARIO GERAL AEREO,111266154;114967587;115611752;1609957;1609978;1610139;1610279;1610342;1622669;1622753;1629550;25223422;517281009;621719771;685465129;987169132;990183590,1,1097
NIG012,LDA CAMPAR,LDA,18519976,SETD NOVA IGUACU,18915385,46,13.2,3303500,15.922,24412.424,10224.771,83,8850.0,6020,3,77,767.07,49,20,29,1001446742;702777580;755469277;779807665,17,4,0,17,4,9,ABR016;CRM0004;CRM0011;NIG003;NIG009;NIG013;NIG017;NIG023;NIG029,0,1,-43.452233,-22.758805,-43.430848,-22.72168,102391,6023,15692,NOVA IGUACU,17,4,13,17,9,False,ABR016;CRM0004;CRM0011;NIG003;NIG009;NIG013;NIG017;NIG023;NIG029,18519976;18520731;280389625,SETD AREIA BRANCA;SETD CARMARI;SETD NOVA IGUACU,15054;15691;15692,AREIA BRANCA AEREO;CARMARI;NOVA IGUACU,1001446742;20682759;20687050;20700112;20803519;20803631;24055232;250778207;310799748;310800003;489499086;663612112;697122427;702777580;755469277;755469286;779807665,1,1097
VGE3703,LDA CONRADO,LDA,1267,SETD VIGARIO GERAL,1248329,46,13.2,3304557,9.921,12641.956,6716.943,68,7162.5,3152,5,37,559.2,59,12,47,108938823;936650222,17,2,0,17,2,9,AGR004;AGR008;AGR011;BPN29676;BPN29858;VGE3154;VGE3740;VGE3834;VGE3947,0,0,-43.322965,-22.830629,-43.29205,-22.809356,53669,3157,15062,VIGARIO GERAL AEREO,17,2,15,17,9,False,AGR004;AGR008;AGR011;BPN29676;BPN29858;VGE3154;VGE3740;VGE3834;VGE3947,1159;1267;1285,SETD AGUA GRANDE;SETD BRAS DE PINA;SETD VIGARIO GERAL,15017;15045;15062,AGUA GRANDE AEREO;BRAS DE PINA;VIGARIO GERAL AEREO,108938823;158646157;1594354;1594403;1594459;1594494;1594501;159805584;1601242;1601340;1605022;1605106;1613730;1627177;1627331;936650222;936650306,1,1097
CLG0016,LDA SAMIN,LDA,1249,SETD COLEGIO,1248339,46,13.2,3304557,10.688,26803.838,16533.86,98,10620.0,5635,11,54,343.02,58,14,44,745021934;972200306;973162212,17,3,0,17,3,8,CLG0004;CLG0007;CLG0011;CLG0012;CLG0013;CLG0014;MTC007;MTC009,0,1,-43.336095,-22.85923,-43.31898,-22.842467,95982,5646,15021,COLEGIO AEREO,17,3,14,17,8,False,CLG0004;CLG0007;CLG0011;CLG0012;CLG0013;CLG0014;MTC007;MTC009,1249;1276,SETD COLEGIO;SETD MATURACA,15021;15031,COLEGIO AEREO;MATURACA AEREO,1567017;1584085;1590896;1590903;1593766;1593773;1593836;1600773;1613940;1630866;1630894;1630901;455095420;745021934;972200306;973162196;973162212,1,1097
CUR33332,LDA JURANDA,LDA,10386042,SETD CURICICA,10401625,46,13.2,3304557,13.377,35436.585,21544.152,92,10695.0,5281,14,77,829.64,61,15,46,512617965;756036062;932205992,17,3,0,17,3,8,CUR33311;CUR33326;CUR33338;CUR33777;PDG219;PDG280;TQR00001;TQR33826,0,2,-43.396943,-22.959262,-43.368197,-22.936257,90015,5295,16901,CURICICA AEREO,17,3,14,19,8,False,CUR33311;CUR33326;CUR33338;CUR33777;PDG219;PDG280;TQR00001;TQR33826,10385871;10385916;10386042,SETD CURICICA;SETD PORTA DAGUA;SETD TAQUARA,15023;16901;16902,CURICICA AEREO;PORTA DAGUA AEREO;TAQUARA AEREO,102197251;102261788;103730242;11036258;11053739;11053949;11053956;11053963;11053977;11053984;11074405;11092362;113219899;512617965;756036062;932205992;979654686,1,1097
CMS008,LDA BACAXA,LDA,18520839,SETD COSMOS,18915250,46,13.2,3304557,20.442,34992.832,14199.108,120,14520.0,8748,7,63,754.81,68,20,48,771670512;963079850;963088439,17,3,0,17,3,7,CMS003;CMS009;CMS012;CMS015;ESP017;JAB00017;STS002,0,0,-43.640273,-22.906387,-43.607814,-22.873577,148835,8755,16897,COSMOS,17,3,14,18,7,False,CMS003;CMS009;CMS012;CMS015;ESP017;JAB00017;STS002,18519958;18520749;18520839;18521136,SETD COSMOS;SETD ESPERANCA;SETD JABOATAO;SETD SANTISSIMO,15029;15042;16897;16900,COSMOS;JABOATAO AEREO;PACIENCIA;SANTISSIMO AEREO,20672448;20672462;20672525;20672546;20672602;20672630;20672735;20690095;20746735;20814540;23458483;465083168;480412737;56728211;771670512;963079850;963088439,1,1097
FND3462,LDA VIADUTO,LDA,1222,SETD FUNDAO,1248409,46,13.2,3304557,32.561,32462.794,29668.626,196,19245.0,8466,4,368,2737.12,88,18,70,928049412,21,5,4,17,1,11,FND3262;FND3726;GNB24905;GNB34723;GVD29899;GVD29916;GVD29940;GVD9802;GVD9878;GVD9901;GVD9937,0,0,-43.242211,-22.838923,-43.172928,-22.804284,143990,8470,15040,GOVERNADOR AEREO,17,1,16,17,7,False,FND3262;FND3726;GNB24905;GNB34723;GVD29940;GVD9901;GVD9937,1150;1213;1222,SETD FUNDAO;SETD GOVERNADOR;SETD GUANABARA,15037;15040,GOVERNADOR AEREO;GUANABARA AEREO,1024518818;1592730;1592772;1592793;1592800;1592814;1597077;1597658;1597742;1597784;1603006;469970069;469986984;469986993;898846731;928049412;940497662,2,29
ABR008,LDA RIBALTA,LDA,18520731,SETD AREIA BRANCA,18915210,46,13.2,3300456,13.613,32887.297,14180.503,82,11157.5,7524,10,87,718.483,56,17,39,753116156;977524867,18,2,1,17,2,8,ABR004;ABR005;ABR009;ABR011;ABR014;ABR016;NIG008;NIG016,0,1,-43.435275,-22.753874,-43.397391,-22.744362,128078,7534,15054,AREIA BRANCA AEREO,17,2,15,18,7,False,ABR004;ABR005;ABR009;ABR014;ABR016;NIG008;NIG016,18519976;18520731,SETD AREIA BRANCA;SETD NOVA IGUACU,15054;15692,AREIA BRANCA AEREO;NOVA IGUACU,20686966;20714427;20714441;20714469;20745895;20745909;20780473;20780508;20780627;20780711;20780732;20802924;20802938;20802980;20819734;753116156;977524867,1,1097
CSO010,LDA VIOLETA,LDA,18520821,SETD COMENDADOR SOARES,54431863,46,13.2,3303500,16.324,22146.126,14693.686,107,10492.5,5796,9,70,1004.91,54,17,37,761188874;995284863,17,2,0,17,2,7,CRM0008;CSO00017;CSO002;CSO005;CSO008;CSO014;NIG015,0,2,-43.483141,-22.757573,-43.46128,-22.730005,98685,5805,15048,COMENDADOR SOARES,17,2,15,17,7,False,CRM0008;CSO00017;CSO002;CSO005;CSO008;CSO014;NIG015,18519976;18520821;280389625,SETD CARMARI;SETD COMENDADOR SOARES;SETD NOVA IGUACU,15048;15691;15692,CARMARI;COMENDADOR SOARES;NOVA IGUACU,135355739;137884853;151964787;157868994;20661098;20712054;20712082;20819405;20819412;20819482;20819489;20819524;550047088;59034348;690428085;761188874;995284863,1,1097
MNB007,LDA WALLACE,LDA,18520902,SETD MENA BARRETO,18915260,46,13.2,3302858,7.379,22133.691,11304.593,57,7927.5,5707,3,68,444.91,29,13,16,759406895;994013861,17,2,0,17,2,7,MNB001;MNB006;MNB009;MNB019;MNB020;MNB021;PVN0006,0,0,-43.42963,-22.82087,-43.416972,-22.79792,97070,5710,15057,MENA BARRETO AEREO,17,2,15,17,7,False,MNB001;MNB006;MNB009;MNB019;MNB020;MNB021;PVN0006,1303;18520902,SETD MENA BARRETO;SETD PAVUNA,15057,MENA BARRETO AEREO,20675283;20675311;20675325;20675339;20687225;20687337;20687344;20727993;20728091;20790507;20820581;20820602;20820616;583335625;759406895;87202741;994013861,1,1097
VVQ9898,LDA JAPOREMA,LDA,1177,SETD VILA VALQUEIRE,1248284,46,13.2,3304557,12.359,20379.231,15009.435,82,9160.0,4644,7,61,482.7,45,12,33,702043298;978967653,18,3,1,17,2,8,GDL29585;PMG013;TUR012;VVQ0001;VVQ33460;VVQ9912;VVQ9922;VVQ9939,0,1,-43.385522,-22.888016,-43.367397,-22.854937,79067,4651,15032,VILA VALQUEIRE,17,2,15,17,7,False,GDL29585;PMG013;TUR012;VVQ33460;VVQ9912;VVQ9922;VVQ9939,1177;1258;1294;18520479,SETD GUADALUPE;SETD PADRE MIGUEL;SETD TURIACU;SETD VILA VALQUEIRE,15002;15019;15032;15036,GUADALUPE AEREO;PADRE MIGUEL;TURIACU;VILA VALQUEIRE,1582125;1582132;1592079;1592184;1592240;1592254;1592275;1592296;1592366;1593073;20818901;23217672;463245414;702043298;702043307;7300874;978967653,1,1097
CEN003,LSA QUIRINO,LSA,18520353,SETD CENTENARIO,18915145,67,25.0,3306206,1026.57,5975.077,47541.42,1955,88332.5,19523,39,298,21551.351,825,101,724,1004920532,25,4,8,17,1,7,CEN001;CEN002;CEN006;SCI002;SCI005;SCI006;TRS011,2,0,-43.937829,-22.400632,-43.407844,-22.046572,332554,19562,15089,CENTENARIO AEREO MT/MT,17,1,16,17,6,False,CEN001;CEN002;CEN006;SCI005;SCI006;TRS011,18520299;18520326;18520353,SETD CENTENARIO;SETD SANTA CECILIA;SETD TRES RIOS,15074;15088;15089;15090,CENTENARIO AEREO AT/MT;CENTENARIO AEREO MT/MT;SANTA CECILIA AEREO MT/MT;TRES RIOS AEREO MT/MT,1004920532;20673715;20674541;20674555;20674604;20674618;20714154;20714287;20746112;20758578;20776602;20801167;230609827;31359946;455962832;474410586;661010230,1,1097
ABR014,LDA SERGINA,LDA,18520731,SETD AREIA BRANCA,18915205,46,13.2,3300456,16.27,26684.168,16528.778,102,11295.0,7021,12,78,609.5,68,15,53,632351759;966184454,17,2,0,17,2,6,ABR008;ABR009;ABR018;CRO006;NIG010;NIG011,0,1,-43.429842,-22.76899,-43.397307,-22.748818,119561,7033,15054,AREIA BRANCA AEREO,17,2,15,17,6,False,ABR008;ABR009;ABR018;CRO006;NIG010;NIG011,18519976;18520731;18521055,SETD AREIA BRANCA;SETD COELHO DA ROCHA;SETD NOVA IGUACU,15054;15692,AREIA BRANCA AEREO;NOVA IGUACU,20698873;20745846;20745916;20789317;20789471;20802847;20802896;20802910;20802924;20802931;20802938;20802980;20803043;519423732;632351728;632351759;966184454,1,1097
ESP007,LDA FERNANDA,LDA,18519958,SETD ESPERANCA,18915330,46,13.2,3304557,9.864,28511.898,13176.676,84,10405.3,3515,5,41,711.27,49,21,28,1000454828;996903704,17,2,0,17,2,6,ESP004;ESP008;ESP010;ESP012;ESP013;ESP015,0,0,-43.699307,-22.936582,-43.678852,-22.912566,59840,3520,16899,ESPERANCA AEREO AT/MT,17,2,15,17,6,False,ESP004;ESP008;ESP010;ESP012;ESP013;ESP015,18519958,SETD ESPERANCA,16899,ESPERANCA AEREO AT/MT,1000454828;19764194;20667443;20704179;20704389;20704410;20704445;20730534;20731934;20732025;20732060;20732095;29628733;33682164;376021303;60240543;996903704,1,1097
CEN002,LSA CAMBARA,LSA,18520353,SETD CENTENARIO,18915135,67,25.0,3306206,581.745,16608.736,57834.923,1566,102465.0,24531,30,596,24577.247,816,120,696,1004834657;476410819;718559279;936495704,27,7,10,17,4,5,CEN003;CEN004;CEN005;CEN006;TRS013,1,0,-43.664647,-22.4861,-43.30775,-22.239627,417537,24561,15074,CENTENARIO AEREO AT/MT,17,4,13,17,5,False,CEN003;CEN004;CEN005;CEN006;TRS013,18520326;18520353,SETD CENTENARIO;SETD TRES RIOS,15074;15088;15089,CENTENARIO AEREO AT/MT;CENTENARIO AEREO MT/MT;TRES RIOS AEREO MT/MT,1004834657;138237450;20668591;20675507;20801181;20802308;20802315;20821197;455962832;476410819;496704464;510591353;520287440;661010230;718559279;936495704;936495713,1,1097
QMD007,LSA TUPIARA,LSA,18520893,SETD QUEIMADOS,18915300,67,25.0,3304144,56.227,52840.408,18630.471,162,29120.0,13375,5,77,956.8,129,29,100,,24,1,7,17,0,6,CSO005;MRP00010;NIG030;QMD002;QMD005;QMD006,0,0,-43.557696,-22.789997,-43.514252,-22.74231,227460,13380,15698,QUEIMADOS AEREO,17,0,17,17,5,False,CSO005;MRP00010;NIG030;QMD005;QMD006,18519976;18520821;18520893;224567922,SETD COMENDADOR SOARES;SETD MARAPICU;SETD NOVA IGUACU;SETD QUEIMADOS,15048;15692;15697,COMENDADOR SOARES;MARAPICU;NOVA IGUACU,135316979;135677588;139447982;20671930;20671937;20682206;20694729;20694743;20699097;20703297;20712474;20804877;57214597;72882449;84712045;92853507;95412791,1,1097
CRM0009,LDA LUANDA,LDA,280389625,SETD CARMARI,280389951,46,13.2,3303500,15.162,27865.258,9119.038,78,8235.0,7102,3,49,899.233,40,12,28,111244739;745563033;986018423;989612474,17,4,0,17,4,5,CRM0004;CRM0006;NIG029;RFR004;RFR007,0,0,-43.463655,-22.71521,-43.429437,-22.700678,120785,7105,15691,CARMARI,17,4,13,17,5,False,CRM0004;CRM0006;NIG029;RFR004;RFR007,18519976;18520767;280389625,SETD CARMARI;SETD NOVA IGUACU;SETD ROCHA FREIRE,15691;15692;15693,CARMARI;NOVA IGUACU;ROCHA FREIRE AEREO AT/MT,111244739;130318629;20669627;20669641;20669648;20704627;20707903;247394532;273682400;274773061;285701338;299047060;538763903;745563023;745563033;986018423;989612474,1,1097
ROS004,LDA PLANETA,LDA,18519985,SETD ROSALI,18915375,46,13.2,3305109,10.545,13888.965,5477.61,56,6187.5,5612,3,17,97.3,39,15,24,1002773528;505532705;825989601;989509453,17,4,0,17,4,5,CRO00010;CRO012;PVN0004;ROS014;ROS015,0,3,-43.398257,-22.809351,-43.369104,-22.791508,95455,5615,14996,ROSALI,17,4,13,17,5,False,CRO00010;CRO012;PVN0004;ROS014;ROS015,1303;18519985;18521055,SETD COELHO DA ROCHA;SETD PAVUNA;SETD ROSALI,14994;14996;15035,COELHO DA ROCHA;PAVUNA;ROSALI,1002773528;133187501;139126061;140804595;153373122;163644606;20698565;20768262;20768269;20768409;20768458;20777477;505532705;505532714;687675608;825989601;989509453,1,1097
CAM014,LDA ARIMBU,LDA,18520488,SETD CAMARA,18915510,46,13.2,3304557,4.994,18396.0,5248.77,33,3457.5,2407,0,34,297.01,15,5,10,1000755409,17,1,0,17,1,5,CAM003;CAM007;CAM008;CAM011;CAM019,0,1,-43.483239,-22.889868,-43.465121,-22.882684,40919,2407,14991,CAMARA,17,1,16,18,5,False,CAM003;CAM007;CAM008;CAM011;CAM019,18520488,SETD CAMARA,14991,CAMARA,1000755409;20669088;20720244;20805325;20805332;20805353;20805374;20805402;20805535;20805542;20805563;20813175;20813203;20813315;20813329;20813336;20813350,1,1097
CAM006,LDA ESTANCIA,LDA,18520488,SETD CAMARA,18915100,46,13.2,3304557,11.576,23529.0,14697.795,85,9855.0,4526,14,60,868.49,45,6,39,654654734,17,1,0,17,1,4,AFR014;CAM007;CAM011;CAM012,0,2,-43.483347,-22.88851,-43.446353,-22.875282,77180,4540,14991,CAMARA,17,1,16,17,4,False,AFR014;CAM007;CAM011;CAM012,18520461;18520488,SETD ARI FRANCO;SETD CAMARA,14991;15010,ARI FRANCO;CAMARA,20231057;20231106;20231113;20231246;20680589;20680659;20720041;20720083;20720111;20720118;20720188;20720216;20720223;20720230;20789170;20805458;654654734,1,1097
ROS011,LDA ESTELAR,LDA,18519985,SETD ROSALI,18915360,46,13.2,3305109,11.901,20426.362,10505.62,76,8917.5,5015,9,29,255.24,47,14,33,1008961225,16,1,0,16,1,9,MRT29825;ROS00019;ROS00022;ROS005;ROS007;ROS008;ROS017;SJO0007;SJO0010,0,3,-43.370305,-22.791772,-43.339643,-22.767456,80384,5024,14996,ROSALI,16,1,15,16,9,False,MRT29825;ROS00019;ROS00022;ROS005;ROS007;ROS008;ROS017;SJO0007;SJO0010,1312;18519985;310718139,SETD MERITI;SETD ROSALI;SETD SAO JOAO,14993;14996;15699,MERITI;ROSALI;SAO JOAO,1008961225;109097660;118660551;120532663;124865437;20682381;20691740;20691754;20691768;20691852;20700868;20700882;20700938;20700945;37525578;398410602,1,1097
AFR014,LDA SAINA,LDA,18520461,SETD ARI FRANCO,18915105,46,13.2,3304557,11.859,31413.216,15451.628,87,10420.0,4618,8,41,377.69,53,20,33,522159236;646547639,17,3,1,16,2,9,AFR001;AFR002;AFR003;AFR005;AFR008;CAM001;CAM006;CAM012;PMG007,0,0,-43.472729,-22.875663,-43.440824,-22.861682,74016,4626,15010,ARI FRANCO,16,2,14,17,8,False,AFR001;AFR003;AFR005;AFR008;CAM001;CAM006;CAM012;PMG007,18520461;18520479;18520488,SETD ARI FRANCO;SETD CAMARA;SETD PADRE MIGUEL,14991;15010;15019,ARI FRANCO;CAMARA;PADRE MIGUEL,152376920;20231120;20231127;20789030;20789037;20789044;20789058;20789170;20789205;20805815;20805913;20806025;20806060;20806067;522159236;646547639,1,1097
RFR007,LSA CURIO,LSA,18520767,SETD ROCHA FREIRE,18915430,67,25.0,3303500,222.492,54395.519,14106.612,595,50630.0,11557,8,64,707.68,334,60,274,,25,3,9,16,0,8,ABR001;CRM0006;CRM0009;ELD001;NIG029;RFR002;RFR004;RFR005,0,0,-43.471651,-22.718887,-43.333994,-22.565492,185040,11565,15693,ROCHA FREIRE AEREO AT/MT,16,0,16,18,7,False,ABR001;CRM0006;CRM0009;ELD001;NIG029;RFR004;RFR005,18519976;18520731;18520767;18521352;280389625,SETD AREIA BRANCA;SETD CARMARI;SETD ELDORADO;SETD NOVA IGUACU;SETD ROCHA FREIRE,15005;15054;15691;15692;15693,AREIA BRANCA AEREO;CARMARI;ELDORADO;NOVA IGUACU;ROCHA FREIRE AEREO AT/MT,132092601;137691507;137798847;20684180;20695191;20703059;20703472;20703514;20703528;20704627;20723954;274773061;483422847;622192013;941154693;95970927,1,1097
REC0001,LDA RIOMORTO,LDA,132097219,SETD RECREIO,132098319,46,13.2,3304557,31.583,28894.62,20525.056,143,17892.5,6428,7,366,2829.99,131,31,100,530764260;962384224,17,2,1,16,2,8,REC00001;REC00003;REC00005;REC00008;REC0012;REC0015;REC37476;REC6,0,5,-43.501464,-23.020311,-43.467404,-22.964194,102960,6435,14999,RECREIO,16,2,14,17,7,False,REC00001;REC00003;REC00005;REC00008;REC0012;REC0015;REC37476,132097219,SETD RECREIO,14999;15690,BARRA SUBTERRANEO;RECREIO,1015686134;11055713;11055797;11092656;11134768;264377922;264378302;264378320;264378618;428060274;530764260;530764269;574279799;574279819;7399333;962384224,1,1097
CUR33311,LDA CALMETE,LDA,10386042,SETD CURICICA,10401625,46,13.2,3304557,15.899,35036.078,24784.887,127,14157.5,6222,19,27,309.08,74,15,59,501461982;539047357;717265467;770240635,17,5,1,16,4,8,CUR33000;CUR33135;CUR33144;CUR33332;CUR33777;PDG219;PDG33670;TQR00001,0,1,-43.396966,-22.96153,-43.357325,-22.936551,99856,6241,16901,CURICICA AEREO,16,4,12,16,7,False,CUR33135;CUR33144;CUR33332;CUR33777;PDG219;PDG33670;TQR00001,10385871;10385916;10386042,SETD CURICICA;SETD PORTA DAGUA;SETD TAQUARA,15023;16901;16902;16903,CURICICA AEREO;GARDENIA;PORTA DAGUA AEREO;TAQUARA AEREO,11036076;11036244;11036258;11036335;11036342;11119191;132333233;134956182;136055736;136644277;138121218;501461982;512214153;539047357;717265467;770240635,1,1097
CRM0008,LDA BERLIM,LDA,280389625,SETD CARMARI,280389924,46,13.2,3303500,14.419,24086.809,12802.082,131,13920.0,5562,4,89,737.87,39,14,25,926396232;970379767;995284863,16,3,0,16,3,7,CRM0003;CRM0005;CSO00017;CSO005;CSO010;CSO013;NIG028,0,0,-43.479582,-22.737203,-43.462312,-22.714218,89056,5566,15691,CARMARI,16,3,13,17,7,False,CRM0003;CRM0005;CSO00017;CSO005;CSO010;CSO013;NIG028,18519976;18520821;280389625,SETD CARMARI;SETD COMENDADOR SOARES;SETD NOVA IGUACU,15048;15691,CARMARI;COMENDADOR SOARES,152750498;165229412;20673141;20707966;20707980;20715785;20715806;20775055;20775062;20775083;20776210;550047088;926396232;926396252;970379767;995284863,1,1097
BPN29858,LDA CUBA,LDA,1159,SETD BRAS DE PINA,1248209,46,13.2,3304557,8.953,19625.555,6405.056,70,7485.0,4559,2,17,153.84,43,14,29,,16,0,0,16,0,7,AGR008;BPN29431;BPN29575;BPN29590;BPN29676;BPN29920;VGE3703,0,0,-43.300311,-22.830942,-43.278778,-22.814716,72976,4561,15017,BRAS DE PINA,16,0,16,17,7,False,AGR008;BPN29431;BPN29575;BPN29590;BPN29676;BPN29920;VGE3703,1159;1267;1285,SETD AGUA GRANDE;SETD BRAS DE PINA;SETD VIGARIO GERAL,15017;15045;15062,AGUA GRANDE AEREO;BRAS DE PINA;VIGARIO GERAL AEREO,1612939;1612974;1627177;1627198;1627205;1627219;1627296;1627331;1627338;1627345;1627394;1627408;1627443;1627450;1629144;1629186,1,1097
ABR001,LDA FARRULA,LDA,18520731,SETD AREIA BRANCA,18915205,46,13.2,3300456,20.493,32351.651,7473.01,110,11602.5,8061,5,45,439.3,68,16,52,107148347;689942855,17,3,1,16,2,7,ABR00019;ABR00020;ABR009;ABR011;ABR012;ABR017;RFR007,0,7,-43.424516,-22.748808,-43.397461,-22.694718,129056,8066,15054,AREIA BRANCA AEREO,16,2,14,16,6,False,ABR00019;ABR00020;ABR011;ABR012;ABR017;RFR007,18520731;18520767,SETD AREIA BRANCA;SETD ROCHA FREIRE,15054;15693,AREIA BRANCA AEREO;ROCHA FREIRE AEREO AT/MT,107148347;20671258;20671265;20671314;20671342;20671461;20671524;20702793;20702828;20702905;20703059;20820882;20821008;20821113;20821120;689942855,1,1097
ITG0008,LDA MONICA,LDA,310129856,SETD ITAGUAI,310130783,46,13.2,3302007,26.158,28410.0,13084.541,124,11722.5,6087,5,105,1180.59,59,7,52,972917434,16,1,0,16,1,6,BRI002;BRI003;ITG0006;ITG0007;ITG0010;ITG0011,0,0,-43.815394,-22.882538,-43.760821,-22.850647,97472,6092,15694,ITAGUAI,16,1,15,16,6,False,BRI002;BRI003;ITG0006;ITG0007;ITG0010;ITG0011,18521208;310129856,SETD BRISAMAR;SETD ITAGUAI,15006;15694,BRISA MAR;ITAGUAI,128656948;20701960;20719187;20719194;20719418;20719425;20719432;20782230;20782412;285071195;288294882;344593516;344670826;776003438;972917434;983673880,1,1097
ABR003,LDA PRATA,LDA,18520731,SETD AREIA BRANCA,18915185,46,13.2,3300456,14.289,38611.475,27317.799,76,8505.0,5933,12,40,437.47,56,18,38,1007690246;516692841;561968663,17,4,1,16,3,7,ABR006;ABR007;ABR010;ABR018;CRO0031;CRO006;NIG010,0,2,-43.418352,-22.777256,-43.394433,-22.748576,95120,5945,15054,AREIA BRANCA AEREO,16,3,13,16,6,False,ABR007;ABR010;ABR018;CRO0031;CRO006;NIG010,18519976;18520731;18521055,SETD AREIA BRANCA;SETD COELHO DA ROCHA;SETD NOVA IGUACU,15035;15054;15692,AREIA BRANCA AEREO;COELHO DA ROCHA;NOVA IGUACU,1007690246;20670803;20693686;20709436;20747603;20747617;20747666;20747673;20747750;20747757;20775181;20789310;20789436;516692820;516692841;561968663,1,1097
CXS0025,LDA NERI,LDA,18520785,SETD CAXIAS,18915305,46,13.2,3301702,13.586,23070.94,15982.581,106,9540.0,4659,16,73,655.23,54,12,42,703554819;989659716;996186619;996500057,16,4,0,16,4,6,CXS006;CXS010;CXS017;CXS018;CXS022;WLS00015,0,0,-43.31111,-22.772752,-43.28471,-22.742104,74800,4675,15700,CAXIAS AEREO,16,4,12,16,6,False,CXS006;CXS010;CXS017;CXS018;CXS022;WLS00015,18519994;18520785,SETD CAXIAS;SETD WASHINGTON LUIS,15073;15700,CAXIAS AEREO;WASHINGTON LUIS AEREO,106817674;20718921;20718949;20719026;20727629;20727664;20727762;20727769;366961195;703554819;703554828;755228738;804811704;989659716;996186619;996500057,1,1097
CEN006,LSA SAO ROQUE,LSA,18520353,SETD CENTENARIO,18915135,67,25.0,3306206,177.548,-4375.674,11340.229,327,23737.5,4160,16,76,12472.165,326,55,271,945380011;997994388;999471500,28,6,12,16,3,7,CEN001;CEN002;CEN003;CEN004;CEN005;SCI004;SCI007,0,2,-43.812869,-22.504061,-43.663262,-22.382867,66816,4176,15089,CENTENARIO AEREO MT/MT,16,3,13,16,6,False,CEN002;CEN003;CEN004;CEN005;SCI004;SCI007,18520299;18520353,SETD CENTENARIO;SETD SANTA CECILIA,15074;15082;15089;15090,CENTENARIO AEREO AT/MT;CENTENARIO AEREO MT/MT;SANTA CECILIA AEREO AT/MT;SANTA CECILIA AEREO MT/MT,20696311;20737135;20768920;20801160;20801167;20801181;20813966;20813994;20814113;363044010;397396834;641682501;945380011;945380021;997994388;999471500,1,1097
CCD910,LDA SHOPICEM,LDA,1186,SETD CASCADURA,1248264,46,13.2,3304557,9.262,29879.14,14194.516,81,9680.0,6857,6,57,429.32,51,20,31,1007947851;679461188;7686287;997595022,16,4,0,16,4,5,CCD00001;CCD3044;CCD724;VVQ9892;VVQ9939,0,0,-43.360291,-22.881007,-43.331805,-22.866264,109808,6863,15034,CASCADURA AEREO,16,4,12,17,5,False,CCD00001;CCD3044;CCD724;VVQ9892;VVQ9939,1177;1186,SETD CASCADURA;SETD VILA VALQUEIRE,15032;15034,CASCADURA AEREO;VILA VALQUEIRE,1007947851;106701654;1554221;1554242;1582818;1582839;1582874;1593108;1614836;1614857;1614899;1614962;653748764;679461188;7686287;997595022,1,1097
CXS008,LDA IGUANA,LDA,18520785,SETD CAXIAS,18915310,46,13.2,3301702,10.693,28417.201,19807.601,76,9577.5,5561,11,102,1209.573,40,11,29,756109079,16,1,0,16,1,5,CXS001;CXS004;CXS007;CXS011;WLS006,0,0,-43.311143,-22.78615,-43.287436,-22.766897,89152,5572,15700,CAXIAS AEREO,16,1,15,16,5,False,CXS001;CXS004;CXS007;CXS011;WLS006,18519994;18520785,SETD CAXIAS;SETD WASHINGTON LUIS,15073;15700,CAXIAS AEREO;WASHINGTON LUIS AEREO,1009420702;20685692;20685713;20685790;20717003;20717059;20717087;20717101;20717115;20717122;20717150;20775636;20775664;32828238;466097201;756109079,1,1097
MTC012,LDA LIBIA,LDA,1276,SETD MATURACA,1248364,46,13.2,3304557,8.441,26563.582,19763.695,85,10110.0,5299,11,53,392.69,36,7,29,1001189118;990939343,16,2,0,16,2,5,AGR001;AGR003;AGR010;MTC001;MTC007,0,1,-43.313398,-22.841578,-43.291865,-22.835644,84960,5310,15031,MATURACA AEREO,16,2,14,16,5,False,AGR001;AGR003;AGR010;MTC001;MTC007,1276;1285,SETD AGUA GRANDE;SETD MATURACA,15031;15045,AGUA GRANDE AEREO;MATURACA AEREO,1001189118;1567003;1567052;1567059;1583301;1583322;1583350;1595558;1611077;1611168;1611707;1631629;1631818;1631853;1631867;990939343,1,1097
VRD003,LDA AGUALIMPA,LDA,18520470,SETD VOLTA REDONDA,18915400,46,13.2,3306305,14.917,19985.762,18355.811,84,9222.5,6822,4,154,1004.0,53,10,43,1003366160;1009304762;754112357,17,3,1,16,3,5,VRD001;VRD004;VRD009;VRD010;VRD011,0,2,-44.089073,-22.516641,-44.054497,-22.504477,109216,6826,15084,VOLTA REDONDA AEREO AT/MT,16,3,13,16,4,False,VRD004;VRD009;VRD010;VRD011,18520470,SETD VOLTA REDONDA,15084,VOLTA REDONDA AEREO AT/MT,1003366160;1009304762;135823734;20658620;20658683;20658760;20658802;20658830;20689528;294375235;34884477;725681723;754112357;754412955;754413057;774058058,1,1097
ITG0003,LDA GRACA,LDA,310129856,SETD ITAGUAI,310130783,46,13.2,3302007,14.298,24047.0,7977.023,76,7522.5,5358,0,83,513.83,31,14,17,756319465,17,1,1,16,1,5,ITG0004;ITG0005;ITG0007;ZIN001;ZIN004,0,0,-43.777962,-22.882525,-43.760197,-22.851736,85728,5358,15694,ITAGUAI,16,1,15,16,4,False,ITG0004;ITG0005;ITG0007;ZIN004,18520911;310129856,SETD ITAGUAI;SETD ZONA INDUSTRIAL,15694;15696,ITAGUAI;ZONA INDUSTRIAL,135974013;136115624;143462907;20701890;20701897;20702142;20702156;20791200;20791256;266898244;276941772;276941797;281261315;54483151;57801634;756319465,1,1097
BAR29691,LDA ITALIA,LDA,10385907,SETD BARRA,10401615,46,13.2,3304557,22.149,13883.985,11876.511,70,7027.5,4939,7,48,433.1,89,26,63,535080868;803639391;993124980;998908986,16,4,0,16,4,4,BAR29407;BAR33398;BAR99999;URG29968,0,0,-43.327871,-23.007082,-43.283114,-22.973159,79136,4946,15013,BARRA AEREO,16,4,12,16,4,False,BAR29407;BAR33398;BAR99999;URG29968,10385907;10385979,SETD BARRA;SETD URUGUAI,15013;15025,BARRA AEREO;URUGUAI AEREO,1018133204;1018133212;11061596;11063598;11076596;437700333;459737159;535080868;535080877;795228958;803639391;814992614;993124980;994713735;995272047;998908986,1,1097
ESP015,LDA MARICA,LDA,18519958,SETD ESPERANCA,18915330,46,13.2,3304557,18.112,28955.632,7878.486,100,11085.0,4824,9,32,433.248,53,13,40,754095179;928422970;996903704,16,3,0,16,3,4,ESP001;ESP003;ESP007;ESP010,0,0,-43.70841,-22.938684,-43.678946,-22.912663,77328,4833,16899,ESPERANCA AEREO AT/MT,16,3,13,16,4,False,ESP001;ESP003;ESP007;ESP010,18519958,SETD ESPERANCA,16899,ESPERANCA AEREO AT/MT,20704410;20714784;20714903;20714973;20730534;20731934;20731955;20732004;20732025;20732074;20732088;20777232;376021303;754095179;928422970;996903704,1,1097
CRO014,LDA URANIO,LDA,18521055,SETD COELHO DA ROCHA,18915455,46,13.2,3305109,11.677,18616.208,8206.949,103,8707.5,4816,0,61,643.75,34,16,18,705216611,16,1,0,16,1,4,CRO0013;CRO005;CRO009;ROS002,0,1,-43.390676,-22.77321,-43.361774,-22.766535,77056,4816,15035,COELHO DA ROCHA,16,1,15,16,4,False,CRO0013;CRO005;CRO009;ROS002,18519985;18521055,SETD COELHO DA ROCHA;SETD ROSALI,14996;15035;15054,AREIA BRANCA AEREO;COELHO DA ROCHA;ROSALI,124809656;20715092;20715106;20715155;20715162;20715176;20715204;20715288;20814309;20814316;20815520;31046887;348772249;370546484;705216602;705216611,1,1097
PCI0016,LDA MELLO,LDA,450101398,SETD PACIENCIA,450102116,46,13.2,3304557,23.767,29533.872,9804.799,93,11430.0,5501,5,97,1122.75,61,16,45,916893595;959593135;960168517;977348806,16,4,0,16,4,3,MTO00001;MTO00002;PCI0005,0,0,-43.649942,-22.964609,-43.59775,-22.934928,88096,5506,16900,PACIENCIA,16,4,12,17,3,False,MTO00001;MTO00002;PCI0005,29148432;450101398,SETD MATO ALTO;SETD PACIENCIA,16898;16900,MATO ALTO;PACIENCIA,135213795;25635377;25635426;25679745;25679915;25680409;25680532;25681034;488614301;488614327;489112573;737620202;916893595;959593135;960168517;977348806,1,1097
ALC740,LDA TAMARATI/ LDA MAFREIRE,LDA,10385889,SETD ALDEIA CAMPISTA,10401465,46,13.2,3304557,7.709,22081.315,20399.83,69,7732.5,3719,6,70,392.01,55,11,44,770592715,15,1,0,15,1,10,ALC651;ALC683;ALC718;ALC9925;ALC9946;ALC9993;URG29662;URG29706;URG29718;URG29970,0,0,-43.242049,-22.929294,-43.229588,-22.910565,55875,3725,15033,ALDEIA CAMPISTA,15,1,14,15,10,False,ALC651;ALC683;ALC718;ALC9925;ALC9946;ALC9993;URG29662;URG29706;URG29718;URG29970,10385889;10385979,SETD ALDEIA CAMPISTA;SETD URUGUAI,15025;15033,ALDEIA CAMPISTA;URUGUAI AEREO,11006283;11006353;11024107;11036489;11080362;11121270;11154538;11154566;253542050;277194893;284978082;494303815;770592706;770592715;903994351,1,1097
MTC007,LDA ROSER,LDA,1276,SETD MATURACA,1248359,46,13.2,3304557,10.285,30113.7,22279.349,104,11450.0,7392,11,86,654.32,57,16,41,1001189118;534380347,17,2,2,15,2,10,AGR003;AGR013;CCD205;CLG0011;CLG0016;MTC001;MTC003;MTC006;MTC012;MTC013,0,0,-43.322558,-22.84895,-43.301824,-22.837118,111045,7403,15031,MATURACA AEREO,15,2,13,15,9,False,AGR003;AGR013;CCD205;CLG0011;CLG0016;MTC003;MTC006;MTC012;MTC013,1186;1249;1276;1285,SETD AGUA GRANDE;SETD CASCADURA;SETD COLEGIO;SETD MATURACA,15021;15031;15045,AGUA GRANDE AEREO;COLEGIO AEREO;MATURACA AEREO,1001189118;1567003;1567010;1567052;1567059;1567073;1580550;1590896;1595558;1608158;1614416;1631818;430473531;461721011;534380347,1,1097
JAB013,LDA ALBARDAO,LDA,18520749,SETD JABOATAO,18915195,46,13.2,3304557,15.347,26869.728,17921.546,118,12592.5,7036,4,163,1208.77,65,24,41,692497749;753798904,15,2,0,15,2,8,CMS003;CMS007;JAB00016;JAB00017;JAB00022;JAB004;JAB007;STS001,0,0,-43.594267,-22.902958,-43.559611,-22.88118,105600,7040,15029,JABOATAO AEREO,15,2,13,16,8,False,CMS003;CMS007;JAB00016;JAB00017;JAB00022;JAB004;JAB007;STS001,18520749;18520839;18521136,SETD COSMOS;SETD JABOATAO;SETD SANTISSIMO,15029;15042;16897,COSMOS;JABOATAO AEREO;SANTISSIMO AEREO,124075167;20659236;20659257;20659313;20659383;20659404;20659439;20708890;20708967;20708995;20713727;20814652;20814743;692497749;753798904,1,1097
ITG0006,LDA GUANELLA,LDA,310129856,SETD ITAGUAI,310131071,46,13.2,3302007,12.27,19012.65,12210.965,71,7035.0,4603,11,78,576.96,43,13,30,,15,0,0,15,0,8,ESP019;ITG0005;ITG0007;ITG0008;ITG0009;ITG0010;ITG0011;ZIN008,0,0,-43.788349,-22.882537,-43.760825,-22.857702,69210,4614,15694,ITAGUAI,15,0,15,16,8,False,ESP019;ITG0005;ITG0007;ITG0008;ITG0009;ITG0010;ITG0011;ZIN008,18519958;18520911;310129856,SETD ESPERANCA;SETD ITAGUAI;SETD ZONA INDUSTRIAL,15694;15696;16899,ESPERANCA AEREO AT/MT;ITAGUAI;ZONA INDUSTRIAL,133521171;137841714;142277424;20676963;20701827;20701904;20702121;20719460;20779976;20791144;20791249;282691277;285071195;54439459;95399812,1,1097
GDN0012,LDA EMBAIXADOR,LDA,457474244,SETD GARDENIA,457474381,46,13.2,3304557,18.082,44506.612,22282.376,176,19825.7,11613,16,72,1012.823,79,13,66,10917392;470068546;693631368;732990172,15,4,0,15,4,7,GDN0003;GDN0011;GDN0013;GDN0020;PDG29857;PDG33434;PDG33670,0,0,-43.382903,-22.973624,-43.345035,-22.952719,174435,11629,16903,GARDENIA,15,4,11,15,7,False,GDN0003;GDN0011;GDN0013;GDN0020;PDG29857;PDG33434;PDG33670,10385916;457474244,SETD GARDENIA;SETD PORTA DAGUA,16902;16903,GARDENIA;PORTA DAGUA AEREO,1011662694;10916398;10917392;11102872;11102984;11117560;133457666;456334131;465327992;470068546;512356353;693631368;7313364;732990172;803141226,1,1097
ROS015,LDA GALAXIA,LDA,18519985,SETD ROSALI,18915390,46,13.2,3305109,10.294,26903.67,4984.047,53,5505.0,5737,0,23,132.09,27,12,15,1002773528,15,1,0,15,1,7,PVN0004;PVN70296;ROS00021;ROS004;ROS009;ROS010;ROS018,0,0,-43.394717,-22.813453,-43.369105,-22.791507,86055,5737,14996,ROSALI,15,1,14,15,7,False,PVN0004;PVN70296;ROS00021;ROS004;ROS009;ROS010;ROS018,1303;18519985,SETD PAVUNA;SETD ROSALI,14994;14996,PAVUNA;ROSALI,1002773528;133187501;139126061;1623180;20768234;20768262;20768269;20768409;20768458;20801741;20801979;20807754;20807796;22927098;229858037,1,1097
VRD009,LDA MURY/MONTCASTELO,LDA,18520470,SETD VOLTA REDONDA,18915405,46,13.2,3306305,13.522,13474.779,12672.612,66,7830.0,3040,7,118,909.18,53,11,42,1009304762,15,1,0,15,1,7,RTO002;RTO003;RTO007;VRD003;VRD005;VRD010;VRD012,0,0,-44.098356,-22.524544,-44.078108,-22.498641,45705,3047,15084,VOLTA REDONDA AEREO AT/MT,15,1,14,15,7,False,RTO002;RTO003;RTO007;VRD003;VRD005;VRD010;VRD012,18520470;18520875,SETD RETIRO;SETD VOLTA REDONDA,14995;15084,RETIRO;VOLTA REDONDA AEREO AT/MT,1009304762;1011099675;135823734;20661476;20662064;20662071;20662078;20695002;20700189;20700287;20739074;33468111;463275385;501226862;512987404,1,1097
BRI001,LSA SAMBAR,LSA,18521208,SETD BRISAMAR,18915495,67,25.0,3302007,205.53,31120.578,59196.86,396,20555.0,1986,22,37,15464.219,209,34,175,495879886;498954290;966730081,19,5,4,15,3,8,BRI00005;BRI002;BRI003;ESP019;ITG0007;ITG0010;SRD0005;SRD002,0,0,-43.960942,-22.947735,-43.730135,-22.713309,30120,2008,15006,BRISA MAR,15,3,12,15,7,False,BRI00005;BRI003;ESP019;ITG0007;ITG0010;SRD0005;SRD002,18519958;18521154;18521208;310129856,SETD BRISAMAR;SETD ESPERANCA;SETD ITAGUAI;SETD SEROPEDICA,15006;15043;15694;16899,BRISA MAR;ESPERANCA AEREO AT/MT;ITAGUAI;SEROPEDICA AEREO,133393159;160647147;20701827;20707000;20789814;20789842;20791011;359387604;436631577;495879886;498954290;725132092;966730071;966730081;977979996,1,1097
PCI0014,LDA LUCAS,LDA,450101398,SETD PACIENCIA,450101974,46,13.2,3304557,30.433,37914.928,11750.037,153,18075.0,9598,4,81,644.86,77,16,61,539614204;998595524,15,2,0,15,2,6,ESP004;ESP017;MTO00001;PCI0003;PCI0004;PCI0005,0,0,-43.693562,-22.989603,-43.636424,-22.935367,144030,9602,16900,PACIENCIA,15,2,13,15,6,False,ESP004;ESP017;MTO00001;PCI0003;PCI0004;PCI0005,18519958;29148432;450101398,SETD ESPERANCA;SETD MATO ALTO;SETD PACIENCIA,16898;16899;16900,ESPERANCA AEREO AT/MT;MATO ALTO;PACIENCIA,20668199;20688982;20778695;20815716;25258914;28338684;28440506;28821480;31574401;344082531;452815201;505090383;539614204;740371542;998595524,1,1097
MTO00001,LSA BRISA,LSA,29148432,SETD MATO ALTO,113095915,67,25.0,3304557,45.102,41735.621,12443.577,134,25805.0,8913,1,141,1106.04,113,30,83,934043802;959657540;988229752,22,5,7,15,3,8,ESP016;MTO00002;MTO00004;PCI0005;PCI0014;PCI0015;PCI0016;STS001,0,1,-43.680364,-22.988946,-43.568078,-22.934569,133710,8914,16898,MATO ALTO,15,3,12,15,6,False,MTO00002;PCI0005;PCI0014;PCI0015;PCI0016;STS001,18521136;29148432;450101398,SETD MATO ALTO;SETD PACIENCIA;SETD SANTISSIMO,15042;16899;16900,ESPERANCA AEREO AT/MT;PACIENCIA;SANTISSIMO AEREO,135213795;20659068;22476223;22476578;22686664;23651131;28338684;28440506;29213480;536586879;54904423;775047989;934043802;959657540;988229752,1,1097
ITG0005,LDA CARVALHO,LDA,310129856,SETD ITAGUAI,310130783,46,13.2,3302007,44.261,31213.0,12546.41,154,13602.5,6923,12,85,3185.874,68,13,55,756319465,15,1,0,15,1,6,BRI00005;ITG0003;ITG0004;ITG0006;ITG0007;ZIN004,0,0,-43.785244,-22.882524,-43.745508,-22.806778,104025,6935,15694,ITAGUAI,15,1,14,16,6,False,BRI00005;ITG0003;ITG0004;ITG0006;ITG0007;ZIN004,18520911;18521208;310129856,SETD BRISAMAR;SETD ITAGUAI;SETD ZONA INDUSTRIAL,15006;15694;15696,BRISA MAR;ITAGUAI;ZONA INDUSTRIAL,135974013;137425263;20702142;20791144;20791151;20800558;213652280;276640970;276941772;276941797;294984935;337453063;54483151;57801634;756319465,1,1097
CBI24955,LDA LAGETINS,LDA,1141,SETD CACHAMBI,1248124,46,13.2,3304557,8.039,25163.904,16283.642,77,10212.5,5267,10,43,426.13,42,13,29,745249531;798774358;966789875,15,3,0,15,3,6,BMT29840;CBI24876;CBI24898;CBI24970;CBI33795;TRG636,0,0,-43.278309,-22.904865,-43.265918,-22.889344,79155,5277,15027,CACHAMBI AEREO,15,3,12,15,6,False,BMT29840;CBI24876;CBI24898;CBI24970;CBI33795;TRG636,1141;1195;1204,SETD BOCA DO MATO;SETD CACHAMBI;SETD TRIAGEM,15024;15027;15055,BOCA DO MATO AEREO;CACHAMBI AEREO;TRIAGEM AEREO,1589699;1594550;1594557;1594592;1594599;1594627;1594641;1594648;1594753;1595866;1596349;1617538;745249531;798774358;966789875,1,1097
CRO009,LDA TURMALINA,LDA,18521055,SETD COELHO DA ROCHA,18915465,46,13.2,3305109,8.372,20149.2,7282.342,56,6840.0,4341,2,51,528.32,31,12,19,935138831,15,1,0,15,1,6,CRO0016;CRO002;CRO011;CRO014;CRO015;ROS007,0,1,-43.390612,-22.778907,-43.362296,-22.768968,65145,4343,15035,COELHO DA ROCHA,15,1,14,15,6,False,CRO0016;CRO002;CRO011;CRO014;CRO015;ROS007,18519985;18521055,SETD COELHO DA ROCHA;SETD ROSALI,14996;15035,COELHO DA ROCHA;ROSALI,124809656;20690438;20715162;20715204;20728756;20813133;20814309;20814316;20814337;20815520;20815569;348772249;391497355;935138813;935138831,1,1097
BRR38521,LDA SOUZAFILHO,LDA,345834478,SETD BARRA 2,345834621,46,13.2,3304557,10.793,22968.511,7744.132,123,18047.5,8354,1,9,272.09,55,15,40,1004924862;462279321;510934555;675828447,15,4,0,15,4,5,BAR000;BAR29407;BAR3176;PDG0006;PDG33647,0,0,-43.338561,-22.998407,-43.321148,-22.972022,125325,8355,16902,PORTA DAGUA AEREO,15,4,11,15,5,False,BAR000;BAR29407;BAR3176;PDG0006;PDG33647,10385907;10385916,SETD BARRA;SETD PORTA DAGUA,15013;16902,BARRA AEREO;PORTA DAGUA AEREO,1004924862;11077415;11077506;11077618;266958016;462279303;462279321;470326292;472524809;481675211;481941398;510934545;510934555;672351626;675828447,1,1097
CRM0006,LDA RIAD,LDA,280389625,SETD CARMARI,280389914,46,13.2,3303500,21.066,29185.229,8159.308,96,9457.5,7899,2,49,426.8,51,14,37,997929956,15,1,0,15,1,5,CRM0009;CRM0010;CRM0012;RFR004;RFR007,0,0,-43.46884,-22.715166,-43.447578,-22.681009,118515,7901,15691,CARMARI,15,1,14,16,5,False,CRM0009;CRM0010;CRM0012;RFR004;RFR007,18520767;280389625,SETD CARMARI;SETD ROCHA FREIRE,15691;15693,CARMARI;ROCHA FREIRE AEREO AT/MT,20678636;20678650;20695191;20728469;247394532;253230415;268271999;298703544;299047060;360842012;538763903;752532190;941154693;95970927;997929956,1,1097
JAB00016,LDA CALDEIRA,LDA,18520749,SETD JABOATAO,18915190,46,13.2,3304557,16.849,27058.144,19711.903,117,13200.0,7888,9,114,758.27,58,14,44,25177309;756310885;925563166,15,3,0,15,3,5,CMS014;JAB00005;JAB00022;JAB00023;JAB013,0,1,-43.594015,-22.905224,-43.558664,-22.886378,118455,7897,15029,JABOATAO AEREO,15,3,12,15,5,False,CMS014;JAB00005;JAB00022;JAB00023;JAB013,18520749;18520839,SETD COSMOS;SETD JABOATAO,15029;16897,COSMOS;JABOATAO AEREO,124075167;134918192;20659208;20659236;20659257;20659313;20659383;20708967;20713286;25177309;516641293;550615373;56982503;756310885;925563166,1,1097
REC00002,LDA ARIGEL,LDA,132097219,SETD RECREIO,132098328,46,13.2,3304557,11.628,36983.84,25171.558,122,17490.0,7207,11,89,748.56,62,13,49,618490692;960009659,17,2,2,15,2,7,ITP33147;REC00004;REC00008;REC0013;REC0015;REC37997;REC7,0,1,-43.484282,-23.029583,-43.464405,-23.010782,108270,7218,14999,RECREIO,15,2,13,15,5,False,ITP33147;REC00004;REC00008;REC0015;REC7,10385988;132097219,SETD ITAPEBA;SETD RECREIO,14999;15066,ITAPEBA AEREO URBANO;RECREIO,11025094;11063654;11063955;11064025;11064697;161583329;332841101;332841168;54697373;608949853;618490661;618490692;769961522;8124632;960009659,1,1097
CSO004,LDA PALMAS,LDA,18520821,SETD COMENDADOR SOARES,18915240,46,13.2,3303500,12.194,23356.512,12806.942,77,9405.0,5400,7,72,1126.46,48,17,31,1012198911;995259115,15,2,0,15,2,5,CSO00017;CSO002;CSO005;CSO007;CSO013,0,0,-43.49447,-22.756093,-43.479444,-22.738714,81105,5407,15048,COMENDADOR SOARES,15,2,13,15,5,False,CSO00017;CSO002;CSO005;CSO007;CSO013,18520821,SETD COMENDADOR SOARES,15048,COMENDADOR SOARES,1012198911;151844448;20661112;20661119;20661126;20678503;20709191;20709247;20715687;20715729;20748534;20757885;713813166;713813175;995259115,1,1097
TQR33859,LDA CURUMAU,LDA,10385871,SETD TAQUARA,10401225,46,13.2,3304557,17.979,27156.0,12991.94,99,10997.5,5885,5,124,993.34,54,15,39,625884927;627838701;789941518,18,3,3,15,3,6,TQR0007;TQR33830;TQR33835;TQR33842;TQR33862;TQR60088,0,0,-43.450453,-22.932281,-43.37294,-22.911823,88350,5890,15023,TAQUARA AEREO,15,3,12,15,4,False,TQR0007;TQR33842;TQR33862;TQR60088,10385871,SETD TAQUARA,15023,TAQUARA AEREO,11052857;11053410;11053522;11053620;11053627;11053648;11053690;11056672;11056721;134213391;456619686;475384504;625884927;627838701;789941518,1,1097
WLS003,LDA GENEMITRE,LDA,18519994,SETD WASHINGTON LUIS,254600861,46,13.2,3301702,8.467,22591.588,20726.514,62,8212.5,2609,11,30,212.44,36,11,25,1002365613;685361118;870192083,16,3,1,15,3,5,WLS001;WLS002;WLS005;WLS007;WLS009,0,1,-43.306809,-22.800118,-43.276425,-22.791521,39300,2620,15073,WASHINGTON LUIS AEREO,15,3,12,15,4,False,WLS002;WLS005;WLS007;WLS009,18519994,SETD WASHINGTON LUIS,15073,WASHINGTON LUIS AEREO,1002365613;116350279;20707672;20707679;20707777;20707791;20707812;20820406;25809429;38836062;426411396;561865658;562721114;685361118;870192083,1,1097
SCI003,LSA RURAL,LSA,18520299,SETD SANTA CECILIA,18915120,67,25.0,3300308,50.188,35957.125,32039.538,209,31797.5,11158,19,70,603.39,185,33,152,711103577;731753516,18,3,3,15,2,5,SCI002;SCI004;SCI005;SCI006;SCI007,0,0,-43.868024,-22.510952,-43.807197,-22.464509,167655,11177,15082,SANTA CECILIA AEREO AT/MT,15,2,13,15,3,False,SCI004;SCI006;SCI007,18520299,SETD SANTA CECILIA,15082;15090,SANTA CECILIA AEREO AT/MT;SANTA CECILIA AEREO MT/MT,125569442;20668990;20684222;20684229;20719866;20728686;20745405;20745440;20745510;20842168;29465509;29851948;711103577;731753507;731753516,1,1097
CHR0003,LDA ITUPIRANGA,LDA,18520758,SETD CACHAMORRA,18915200,46,13.2,3304557,15.977,31098.355,19250.611,116,13935.0,5067,11,144,1363.8,69,17,52,23952824;702816227,14,2,0,14,2,11,CHR004;CHR005;CHR008;CHR010;CHR016;CHR017;CHR024;JAB00018;JAB001;JAB009;STS004,0,1,-43.568272,-22.924483,-43.537644,-22.903929,71092,5078,15011,CACHAMORRA,14,2,12,15,11,False,CHR004;CHR005;CHR008;CHR010;CHR016;CHR017;CHR024;JAB00018;JAB001;JAB009;STS004,18520749;18520758;18521136,SETD CACHAMORRA;SETD JABOATAO;SETD SANTISSIMO,15011;15029;15042,CACHAMORRA;JABOATAO AEREO;SANTISSIMO AEREO,20687526;20736540;20736603;20739669;20739690;20739725;20739732;20787959;20788022;23952824;430490677;702816227;755769765;871102514,1,1097
SJO0007,LDA BRASCUBAS,LDA,310718139,SETD SAO JOAO,310718374,46,13.2,3301702,15.11,25778.712,5897.212,73,7762.5,5430,3,28,164.57,36,9,27,759303880;764538195,15,2,1,14,2,10,CXS005;CXS013;CXS019;CXS020;CXS024;MRT0002;MRT29629;ROS011;SJO0004;SJO0005,0,0,-43.344029,-22.784229,-43.308147,-22.762199,76062,5433,15699,SAO JOAO,14,2,12,14,9,False,CXS005;CXS013;CXS019;CXS020;MRT0002;MRT29629;ROS011;SJO0004;SJO0005,1312;18519985;18520785;310718139,SETD CAXIAS;SETD MERITI;SETD ROSALI;SETD SAO JOAO,14993;14996;15699;15700,CAXIAS AEREO;MERITI;ROSALI;SAO JOAO,108440707;113520688;20705089;20705117;20759404;20759425;278315645;282399223;294452480;37525578;45117302;759303880;764538182;764538195,1,1097
VGE3947,LDA LACERDA,LDA,1267,SETD VIGARIO GERAL,1248324,46,13.2,3304557,10.078,16908.204,14760.554,35,4950.0,553,16,16,513.0,54,8,46,,14,0,0,14,0,9,MRT2651;MRT9954;VGE00001;VGE3154;VGE3237;VGE33444;VGE35061;VGE3703;VGE3890,0,0,-43.353595,-22.821784,-43.318766,-22.80463,7966,569,15062,VIGARIO GERAL AEREO,14,0,14,15,9,False,MRT2651;MRT9954;VGE00001;VGE3154;VGE3237;VGE33444;VGE35061;VGE3703;VGE3890,1267;1312,SETD MERITI;SETD VIGARIO GERAL,14993;15062,MERITI;VIGARIO GERAL AEREO,157122350;158646157;1594522;1609929;1609978;1610139;1610307;1629417;1629480;1629550;49196484;772436425;777574886;99371875,1,1097
FND3262,LDA AREIA,LDA,1222,SETD FUNDAO,1248184,46,13.2,3304557,34.053,59158.966,54454.05,237,26997.5,10419,11,420,3763.13,122,27,95,928049412;941137501,19,7,5,14,2,13,FND3424;FND3462;FND3747;FND4304;GNB33406;GNB34726;GVD29899;GVD29916;GVD3849;GVD9802;GVD9871;GVD9883;GVD9999,0,0,-43.242202,-22.838922,-43.198258,-22.799123,146020,10430,15040,GOVERNADOR AEREO,14,2,12,15,8,False,FND3424;FND3462;FND3747;FND4304;GNB33406;GNB34726;GVD3849;GVD9871,1150;1213;1222,SETD FUNDAO;SETD GOVERNADOR;SETD GUANABARA,15037;15040,GOVERNADOR AEREO;GUANABARA AEREO,1024518466;1585793;1597658;1606905;1606989;1613562;1617867;469986984;469986993;480790604;898846731;928049412;940497662;941137501,2,29
PCI3620,LDA GUILHERA,LDA,450101398,SETD PACIENCIA,716630134,46,13.2,3304557,14.866,23629.816,8058.192,91,9667.5,5942,1,67,500.4,43,10,33,358261418;771915285,14,2,0,14,2,8,CMS004;CMS005;CMS010;PCI0006;PCI0010;PCI0011;PCI0013;PCI3354,0,0,-43.63699,-22.935686,-43.614997,-22.907528,83202,5943,16897,COSMOS,14,2,12,14,8,False,CMS004;CMS005;CMS010;PCI0006;PCI0010;PCI0011;PCI0013;PCI3354,18520839;450101398,SETD COSMOS;SETD PACIENCIA,16897;16900,COSMOS;PACIENCIA,144802288;20713846;20713867;20737863;20737870;20737947;20737961;20815828;358261418;470141490;699441508;723916892;727167461;771915285,1,1097
CSO00017,LDA MARGARIDA,LDA,18520821,SETD COMENDADOR SOARES,54431863,46,13.2,3303500,10.917,21619.157,9646.768,56,6697.5,4160,9,72,651.68,35,12,23,,14,0,0,14,0,8,CRM0005;CRM0008;CSO002;CSO004;CSO007;CSO010;NIG009;NIG025,0,1,-43.482847,-22.756222,-43.457439,-22.728074,58366,4169,15048,COMENDADOR SOARES,14,0,14,15,8,False,CRM0005;CRM0008;CSO002;CSO004;CSO007;CSO010;NIG009;NIG025,18519976;18520821;280389625,SETD CARMARI;SETD COMENDADOR SOARES;SETD NOVA IGUACU,15048;15691;15692,CARMARI;COMENDADOR SOARES;NOVA IGUACU,151844448;151964787;152750498;154833349;20673008;20673050;20673106;20678538;20678559;20715603;20775013;20775083;59034348;690428085,1,1097
ITP000,LDA BENVINDO,LDA,10385988,SETD ITAPEBA,22328959,46,13.2,3304557,18.106,19877.707,16226.577,75,11040.0,2467,3,152,1153.02,51,16,35,10917231;283365421;960061157,15,3,1,14,3,8,ITP0006;ITP33172;ITP33382;REC00001;REC00003;REC00004;REC00008;REC6,0,0,-43.468692,-23.016068,-43.428857,-22.998177,34580,2470,15060,ITAPEBA SUBTERRANEO,14,3,11,15,8,False,ITP0006;ITP33172;ITP33382;REC00001;REC00003;REC00004;REC00008;REC6,10385988;132097219,SETD ITAPEBA;SETD RECREIO,14999;15066,ITAPEBA AEREO URBANO;RECREIO,10917231;11024513;11025038;11100919;11100940;132763040;155202367;155202639;283365421;31878829;38685092;450011245;926984524;960061157,1,1097
NIG030,LSA CONCORDIA,LSA,18519976,SETD NOVA IGUACU,18915395,67,25.0,3303500,40.598,33632.17,15261.36,134,24995.0,7919,11,53,894.31,117,27,90,1007694522,17,2,3,14,1,9,CSO002;CSO005;CSO011;NIG0004;NIG025;QMD006;QMD007;STC00005;STC00008,0,0,-43.540497,-22.767043,-43.445017,-22.732451,111020,7930,15692,NOVA IGUACU,14,1,13,14,7,False,CSO002;CSO005;CSO011;NIG025;QMD007;STC00005;STC00008,18519976;18520821;18520893;34192093,SETD COMENDADOR SOARES;SETD NOVA IGUACU;SETD QUEIMADOS;SETD SANTA CLARA,15048;15052;15692;15698,COMENDADOR SOARES;NOVA IGUACU;QUEIMADOS AEREO;SANTA CLARA AEREO,1007694522;134088905;134337932;20689339;20689360;20692272;20726236;20748142;20802497;20802504;20802518;20802532;20817144;72882449,1,1097
RTO001,LDA GOIAS,LDA,18520875,SETD RETIRO,18915285,46,13.2,3306305,20.706,20446.877,18331.331,91,9060.0,7585,5,130,1075.95,62,19,43,708282453;774568960,14,2,0,14,2,7,FTL013;RTO00014;RTO002;RTO007;RTO011;VRD012;VRD014,0,0,-44.137308,-22.534298,-44.117133,-22.496957,106260,7590,14995,RETIRO,14,2,12,14,7,False,FTL013;RTO00014;RTO002;RTO007;RTO011;VRD012;VRD014,18520470;18520875;18521064,SETD FONTINELE;SETD RETIRO;SETD VOLTA REDONDA,14995;15007;15084,FONTINELE;RETIRO;VOLTA REDONDA AEREO AT/MT,20672966;20701519;20701561;20701568;20701659;20710164;20710185;20710220;20803939;30779907;708282453;708282498;774568951;774568960,1,1097
MNB001,LDA SALUSSE,LDA,18520902,SETD MENA BARRETO,18915260,46,13.2,3302858,15.84,29922.833,10103.0,87,8917.5,6875,1,52,343.24,46,13,33,633515393,14,1,0,14,1,7,MNB00008;MNB005;MNB006;MNB007;MNB009;MNB014;MNB018,0,1,-43.469995,-22.799465,-43.422071,-22.772377,96264,6876,15057,MENA BARRETO AEREO,14,1,13,14,7,False,MNB00008;MNB005;MNB006;MNB007;MNB009;MNB014;MNB018,18520902,SETD MENA BARRETO,15057,MENA BARRETO AEREO,20727230;20727244;20727384;20727391;20727405;20728091;20744621;20790416;20790507;20790521;20815352;45155758;633515360;633515393,1,1097
TQR0009,LDA GRAMAMI,LDA,10385871,SETD TAQUARA,358368704,46,13.2,3304557,10.02,20108.0,14994.993,80,10527.5,5339,6,80,502.76,50,16,34,477506123;764658419,15,2,1,14,2,7,CCD255;PDG33662;TQR00002;TQR00004;TQR0006;TQR60088;TQR60096,0,0,-43.373985,-22.924392,-43.34767,-22.911977,74830,5345,15023,TAQUARA AEREO,14,2,12,14,7,False,CCD255;PDG33662;TQR00002;TQR00004;TQR0006;TQR60088;TQR60096,10385871;10385916;1186,SETD CASCADURA;SETD PORTA DAGUA;SETD TAQUARA,15023;16902,PORTA DAGUA AEREO;TAQUARA AEREO,11007921;11039723;11052808;11052885;11052892;172704909;255514506;258786514;270363159;457023343;461755505;477506104;477506123;764658419,1,1097
ROS008,LDA ALCEBIADES,LDA,18519985,SETD ROSALI,18915375,46,13.2,3305109,14.046,33964.09,4915.898,75,8107.5,5295,1,23,147.86,37,12,25,,14,0,0,14,0,7,CRO0035;ROS00019;ROS00022;ROS002;ROS007;ROS011;ROS012,0,0,-43.371549,-22.791824,-43.343737,-22.772838,74144,5296,14996,ROSALI,14,0,14,14,7,False,CRO0035;ROS00019;ROS00022;ROS002;ROS007;ROS011;ROS012,18519985;18521055,SETD COELHO DA ROCHA;SETD ROSALI,14996;15035,COELHO DA ROCHA;ROSALI,109097660;118660551;20660209;20660216;20660223;20691705;20691740;20691852;20700819;20804688;398410464;398410602;401884065;404370475,1,1097
TQR00003,LDA MERINGUAVA,LDA,10385871,SETD TAQUARA,10401225,46,13.2,3304557,9.61,19882.952,15100.136,67,8505.0,3671,4,131,1013.19,38,8,30,823151303,16,1,2,14,1,7,CCD237;TQR00001;TQR00007;TQR33826;TQR33839;TQR33862;TQR60111,0,0,-43.389536,-22.930556,-43.373015,-22.911925,51450,3675,15023,TAQUARA AEREO,14,1,13,14,7,False,CCD237;TQR00001;TQR00007;TQR33826;TQR33839;TQR33862;TQR60111,10385871;1186,SETD CASCADURA;SETD TAQUARA,15023;15034,CASCADURA AEREO;TAQUARA AEREO,1008720778;11026389;11074356;11075126;11076106;11093832;11155259;127446108;132311795;135085096;135364191;164013739;461360608;823151303,1,1097
GDL00002,LDA RIBEYROLLES,LDA,1258,SETD GUADALUPE,1248439,46,13.2,3304557,10.388,24171.921,6718.397,56,7070.0,3399,13,10,207.44,58,18,40,932699801;933034683;964084648,15,4,1,14,3,8,CLG0003;CLG0006;GDL00001;GDL24813;GDL24901;GDL24956;GDL29735;VGE3890,0,0,-43.370932,-22.837419,-43.346106,-22.819861,47768,3412,15036,GUADALUPE AEREO,14,3,11,14,7,False,CLG0003;CLG0006;GDL24813;GDL24901;GDL24956;GDL29735;VGE3890,1249;1258;1267,SETD COLEGIO;SETD GUADALUPE;SETD VIGARIO GERAL,15021;15036;15062,COLEGIO AEREO;GUADALUPE AEREO;VIGARIO GERAL AEREO,107693537;107719320;110669349;1587221;1621885;1622039;1631916;1631972;461652269;807943075;932699791;932699801;933034683;964084648,1,1097
VRD017,LSA METALURGICA,LSA,18520470,SETD VOLTA REDONDA,18915415,67,25.0,3306305,595.227,27063.398,36202.419,1401,54055.0,17101,35,185,16094.023,658,68,590,1003065529;474839307;654036439,18,4,4,14,3,8,FTL003;FTL006;SDD001;VIG001;VRD002;VRD007;VRD016;VRD018,0,2,-44.272435,-22.915911,-44.007532,-22.513407,239904,17136,15086,VOLTA REDONDA AEREO MT/MT,14,3,11,14,6,False,FTL003;FTL006;SDD001;VRD007;VRD016;VRD018,18520398;18520470;18521064,SETD FONTINELE;SETD SAUDADE;SETD VOLTA REDONDA,14995;15001;15007;15084,FONTINELE;RETIRO;SAUDADE;VOLTA REDONDA AEREO AT/MT,1003065529;1010446941;20731248;20731262;20733656;20733775;20737793;20820119;20820140;32321114;474839307;539429552;542916412;654036439,1,1097
JAB012,LDA VITORAL,LDA,18520749,SETD JABOATAO,18915180,46,13.2,3304557,23.34,35408.086,24424.252,136,15110.0,8146,17,291,1766.3,96,21,75,685223719;998990573,15,3,1,14,2,6,JAB00017;JAB002;JAB003;JAB004;STS002;STS004,0,6,-43.595409,-22.897706,-43.559618,-22.864195,114282,8163,15029,JABOATAO AEREO,14,2,12,15,6,False,JAB00017;JAB002;JAB003;JAB004;STS002;STS004,18520749;18521136,SETD JABOATAO;SETD SANTISSIMO,15029;15042,JABOATAO AEREO;SANTISSIMO AEREO,20713664;20713685;20713748;20781068;20781208;20781229;20819867;20819965;20819979;22760656;502432385;685223719;865412838;998990573,1,1097
STC00013,LDA VESPA,LDA,34192093,SETD SANTA CLARA,376712660,46,13.2,3304144,19.034,38955.392,18852.002,104,10642.5,7337,8,106,930.01,52,13,39,1002528819;110231356,14,2,0,14,2,6,QMD002;QMD004;STC00003;STC00009;STC00011;STC00012,0,0,-43.58638,-22.725647,-43.55208,-22.696247,102830,7345,15052,SANTA CLARA AEREO,14,2,12,15,6,False,QMD002;QMD004;STC00003;STC00009;STC00011;STC00012,18520893;34192093,SETD QUEIMADOS;SETD SANTA CLARA,15043;15052;15698,QUEIMADOS AEREO;SANTA CLARA AEREO;SEROPEDICA AEREO,1002528819;104593359;110231356;110304359;131632600;178323974;20695688;20717423;20735616;20735721;219715408;533164684;686919867;97886191,1,1097
VRD012,LDA SESSENTA,LDA,18520470,SETD VOLTA REDONDA,18915410,46,13.2,3306305,18.824,24540.932,22485.919,114,13182.5,6543,14,127,1330.09,74,16,58,655470684,14,1,0,14,1,6,RTO001;VRD002;VRD0022;VRD007;VRD009;VRD014,0,1,-44.118264,-22.535908,-44.088667,-22.513229,91798,6557,15084,VOLTA REDONDA AEREO AT/MT,14,1,13,14,6,False,RTO001;VRD002;VRD0022;VRD007;VRD009;VRD014,18520470;18520875,SETD RETIRO;SETD VOLTA REDONDA,14995;15084,RETIRO;VOLTA REDONDA AEREO AT/MT,20710206;20710220;20724535;20769501;20803869;20803925;20803939;486823890;488068923;488240697;501226862;655470684;710966219;728924114,1,1097
GNB24905,LDA ZUMBI,LDA,1150,SETD GUANABARA,1248129,46,13.2,3304557,16.008,27478.895,18150.526,102,10875.0,5598,9,123,984.29,69,11,58,694752105,14,1,0,14,1,6,FND3462;GNB29176;GNB29257;GNB29340;GNB34723;GVD9901,0,0,-43.189196,-22.82885,-43.168091,-22.797088,78498,5607,15037,GUANABARA AEREO,14,1,13,14,6,False,FND3462;GNB29176;GNB29257;GNB29340;GNB34723;GVD9901,1150;1213;1222,SETD FUNDAO;SETD GOVERNADOR;SETD GUANABARA,15037;15040,GOVERNADOR AEREO;GUANABARA AEREO,1591141;1592765;1592772;1592793;1592814;1597784;1603160;1603972;1604028;1604133;1629683;43973397;694752105;914574768,2,29
PMG007,LDA VALENTIM,LDA,18520479,SETD PADRE MIGUEL,18915130,46,13.2,3304557,9.844,22490.2,12439.863,63,7612.5,3920,9,60,385.06,36,8,28,522159236,15,2,1,14,1,7,AFR014;CAM007;PMG0017;PMG002;PMG004;PMG006;PMG009,0,2,-43.450777,-22.891845,-43.425586,-22.874971,55006,3929,15019,PADRE MIGUEL,14,1,13,14,6,False,AFR014;CAM007;PMG0017;PMG002;PMG004;PMG009,18520461;18520479;18520488,SETD ARI FRANCO;SETD CAMARA;SETD PADRE MIGUEL,14991;15010;15019,ARI FRANCO;CAMARA;PADRE MIGUEL,20680631;20680638;20680652;20680729;20718011;20789170;20789205;20816332;20816458;20816465;20816486;288841217;522159236;608528505,1,1097
NIG014,LDA GETULIO,LDA,18519976,SETD NOVA IGUACU,18915380,46,13.2,3303500,8.406,21283.568,17382.553,61,7560.0,3065,13,40,415.39,60,15,45,926786954;997363156,14,2,0,14,2,6,CSO009;MNB014;MNB016;NIG002;NIG005;NIG006,0,1,-43.454013,-22.776226,-43.427754,-22.758386,43092,3078,15692,NOVA IGUACU,14,2,12,14,6,False,CSO009;MNB014;MNB016;NIG002;NIG005;NIG006,18519976;18520821;18520902,SETD COMENDADOR SOARES;SETD MENA BARRETO;SETD NOVA IGUACU,15048;15057;15692,COMENDADOR SOARES;MENA BARRETO AEREO;NOVA IGUACU,20674142;20674149;20690557;20690571;20706622;20706797;20708477;20708575;20726971;20727272;577972401;698788418;926786954;997363156,1,1097
RFR006,LSA CARDEAL,LSA,18520767,SETD ROCHA FREIRE,18915430,67,25.0,3303500,78.975,44415.303,8810.153,219,27212.5,8338,2,36,300.93,148,32,116,705796306;996530111;997204931,18,4,4,14,3,5,QMD004;QMD008;RFR002;STC00004;STC00007,0,0,-43.592832,-22.716111,-43.470978,-22.655104,116760,8340,15693,ROCHA FREIRE AEREO AT/MT,14,3,11,14,5,False,QMD004;QMD008;RFR002;STC00004;STC00007,18520767;18520893;34192093,SETD QUEIMADOS;SETD ROCHA FREIRE;SETD SANTA CLARA,15043;15052;15693;15698,QUEIMADOS AEREO;ROCHA FREIRE AEREO AT/MT;SANTA CLARA AEREO;SEROPEDICA AEREO,1014109786;20660489;20668031;20685902;20704816;20704830;20720398;20739830;215601756;223339559;705796294;705796306;996530111;997204931,1,1097
STS006,LSA METRAL,LSA,18521136,SETD SANTISSIMO,18915490,67,25.0,3304557,35.044,14208.072,11081.448,148,27780.0,7242,6,44,540.34,153,36,117,502900519;717274055,26,5,12,14,2,6,AFR003;CAM004;STS001;STS002;STS003;STS005,0,0,-43.549917,-22.872302,-43.489261,-22.844094,101472,7248,15042,SANTISSIMO AEREO,14,2,12,14,5,False,AFR003;CAM004;STS001;STS003;STS005,18520461;18520488;18521136,SETD ARI FRANCO;SETD CAMARA;SETD SANTISSIMO,14991;15010;15042,ARI FRANCO;CAMARA;SANTISSIMO AEREO,20662176;20662197;20662239;20662246;20662260;20711949;20734125;20734272;20802707;20804310;215387069;478338743;502900519;717274055,1,1097
ITG0011,LDA WERNER,LDA,310129856,SETD ITAGUAI,310131071,46,13.2,3302007,26.279,31829.0,12297.643,103,9622.5,6663,7,91,754.45,59,16,43,146756117;972917434;998252050,14,3,0,14,3,5,BRI00005;BRI002;ITG0006;ITG0008;ITG0010,0,0,-43.826917,-22.90321,-43.760738,-22.869336,93380,6670,15694,ITAGUAI,14,3,11,15,5,False,BRI00005;BRI002;ITG0006;ITG0008;ITG0010,18521208;310129856,SETD BRISAMAR;SETD ITAGUAI,15006;15694,BRISA MAR;ITAGUAI,146756117;20708064;20719187;20719194;20719362;20719418;20719460;20738738;288114536;288294882;344593516;821648732;972917434;998252050,1,1097
MNB016,LDA LUCIFLOR,LDA,18520902,SETD MENA BARRETO,18915315,46,13.2,3302858,10.769,26506.113,14623.494,87,11265.0,5849,9,69,617.03,51,12,39,926786954;977503402,16,2,2,14,2,7,MNB00008;MNB003;MNB004;MNB005;MNB006;MNB014;NIG014,0,1,-43.43122,-22.797914,-43.422133,-22.775031,82012,5858,15057,MENA BARRETO AEREO,14,2,12,14,5,False,MNB00008;MNB003;MNB004;MNB014;NIG014,18519976;18520902,SETD MENA BARRETO;SETD NOVA IGUACU,15057;15692,MENA BARRETO AEREO;NOVA IGUACU,20709464;20709506;20709576;20726943;20726971;20727223;20727258;20727314;20727370;20727398;583348504;926786954;97048833;977503402,1,1097
CAM008,LDA TOQUIO,LDA,18520488,SETD CAMARA,18915100,46,13.2,3304557,7.746,16614.0,8506.843,52,6150.0,4307,3,97,822.35,36,15,21,,15,0,1,14,0,6,CAM003;CAM004;CAM014;CAM016;CAM018;STS005,0,0,-43.483355,-22.89232,-43.461235,-22.883122,60340,4310,14991,CAMARA,14,0,14,17,5,False,CAM003;CAM014;CAM016;CAM018;STS005,18520488;18521136,SETD CAMARA;SETD SANTISSIMO,14991;15042,CAMARA;SANTISSIMO AEREO,20232765;20232828;20232877;20232905;20232919;20813175;20813203;20813266;20813273;20813287;20813315;20813329;20813336;20813350,1,1097
RTO009,LDA ALMIRANTE,LDA,18520875,SETD RETIRO,18915290,46,13.2,3306305,17.93,25436.234,22633.954,108,11100.0,7549,13,143,1165.02,62,18,44,626516182;793239283,14,2,0,14,2,4,RTO002;RTO003;RTO007;VRD006,0,0,-44.121143,-22.504448,-44.075485,-22.4855,105868,7562,14995,RETIRO,14,2,12,14,4,False,RTO002;RTO003;RTO007;VRD006,18520470;18520875,SETD RETIRO;SETD VOLTA REDONDA,14995;15084,RETIRO;VOLTA REDONDA AEREO AT/MT,20233234;20661385;20661399;20661525;20661546;20661560;20661581;20661616;20695163;474203762;626516182;626516191;645624481;793239283,1,1097
AFR006,LDA CUPERTIBA,LDA,18520461,SETD ARI FRANCO,18915085,46,13.2,3304557,8.955,24142.432,10392.119,69,7980.0,6080,2,41,442.32,36,14,22,716810380;960554979;990561468,14,3,0,14,3,4,AFR001;AFR005;AFR012;AFR013,0,0,-43.472802,-22.870313,-43.444808,-22.861747,85148,6082,15010,ARI FRANCO,14,3,11,15,4,False,AFR001;AFR005;AFR012;AFR013,18520461,SETD ARI FRANCO,15010,ARI FRANCO,20694883;20694897;20694911;20694918;20694939;20717801;20774495;20774509;20774544;20774600;308343011;716810380;960554979;990561468,1,1097
CXS004,LDA DOLORES,LDA,18520785,SETD CAXIAS,18915305,46,13.2,3301702,9.143,18231.741,10164.226,61,8025.0,5872,3,52,449.3,36,11,25,705792019;952971790,14,2,0,14,2,4,CXS008;CXS022;WLS00013;WLS00014,0,0,-43.311108,-22.785347,-43.290793,-22.770386,82250,5875,15700,CAXIAS AEREO,14,2,12,14,4,False,CXS008;CXS022;WLS00013;WLS00014,18519994;18520785,SETD CAXIAS;SETD WASHINGTON LUIS,15073;15700,CAXIAS AEREO;WASHINGTON LUIS AEREO,20697676;20697704;20697767;20717003;20717087;20717101;20717115;20717122;20717150;26382503;465757363;705792019;952971790;952971799,1,1097
CRM0012,LDA HAVANA,LDA,280389625,SETD CARMARI,280389951,46,13.2,3303500,17.838,29901.85,18276.927,108,9607.5,5843,6,70,475.31,47,8,39,780984212;997929956,16,2,2,14,2,4,CRM0006;CRM0010;RFR002;RFR005,0,0,-43.476345,-22.715302,-43.457362,-22.674048,81886,5849,15691,CARMARI,14,2,12,14,4,False,CRM0006;CRM0010;RFR002;RFR005,18520767;280389625,SETD CARMARI;SETD ROCHA FREIRE,15691;15693,CARMARI;ROCHA FREIRE AEREO AT/MT,20723079;20723100;20723107;20728469;20767660;253230093;268271999;290334534;298703544;360842012;60064739;752532190;780984212;997929956,1,1097
LPD29168,LDA AQUINO,LDA,10386033,SETD LEOPOLDO,10401470,46,13.2,3304557,7.418,25883.766,20514.818,63,9490.0,5639,5,25,309.32,60,17,43,739882027;986087144,15,3,1,14,2,5,ALC3403;LPD29027;LPD29145;LPD29232;LPD33251,0,0,-43.264836,-22.931764,-43.249512,-22.91087,79016,5644,15030,LEOPOLDO AEREO,14,2,12,14,4,False,ALC3403;LPD29145;LPD29232;LPD33251,10385889;10386033,SETD ALDEIA CAMPISTA;SETD LEOPOLDO,15030,LEOPOLDO AEREO,1006290632;11007991;11008082;11008201;11008208;11008390;11056840;11056861;11076393;145862944;489664102;739882027;739882036;986087144,1,1097
PCI0015,LDA ZIULA,LDA,450101398,SETD PACIENCIA,716630134,46,13.2,3304557,24.016,34436.393,12446.402,107,11142.5,4976,12,39,537.22,50,10,40,934043802;959657540;960125578,14,3,0,14,3,4,ESP016;MTO00001;MTO00002;PCI0005,0,0,-43.652916,-22.991295,-43.620958,-22.935395,69832,4988,16899,ESPERANCA AEREO AT/MT,14,3,11,14,4,False,ESP016;MTO00001;MTO00002;PCI0005,18519958;29148432;450101398,SETD ESPERANCA;SETD MATO ALTO;SETD PACIENCIA,16898;16899;16900,ESPERANCA AEREO AT/MT;MATO ALTO;PACIENCIA,20659068;20684964;22476223;22476578;22765775;22943779;25679330;536586879;545320841;54904423;749367429;934043802;959657540;960125578,1,1097
TRS001,LDA PORTO,LDA,18520326,SETD TRES RIOS,18915150,46,13.2,3306008,16.209,22781.127,24050.79,81,8995.0,3901,15,65,1404.221,64,15,49,,17,0,3,14,0,5,TRS007;TRS008;TRS009;TRS010;TRS013,0,1,-43.234206,-22.124686,-43.169269,-22.089932,54824,3916,15087,TRES RIOS AEREO AT/MT,14,0,14,15,4,False,TRS007;TRS008;TRS009;TRS010,18520326,SETD TRES RIOS,15087;15088,TRES RIOS AEREO AT/MT;TRES RIOS AEREO MT/MT,20727538;20769900;20770012;20770047;20770068;20774376;20774383;20774404;20789583;20804107;20804149;313620894;34974796;926981577,1,1097
TRS014,LSA INEMA,LSA,18520326,SETD TRES RIOS,18915165,67,25.0,3306008,590.782,34625.253,55522.387,1410,75195.0,16919,42,364,12344.452,603,87,516,1005543161;801127346,16,3,2,14,2,3,TRS004;TRS005;TRS013,1,1,-43.460498,-22.356123,-43.16715,-22.062773,237454,16961,15087,TRES RIOS AEREO AT/MT,14,2,12,14,3,False,TRS004;TRS005;TRS013,18520326,SETD TRES RIOS,15087;15088,TRES RIOS AEREO AT/MT;TRES RIOS AEREO MT/MT,1005543161;142328274;143174891;149439826;179493549;20677684;20718193;20805059;20805108;20805115;20805185;277023217;32278254;801127346,1,1097
CCD205,LSA QUITUNGO,LSA,1186,SETD CASCADURA,1248234,67,25.0,3304557,26.93,0.0,0.0,0,0.0,0,0,0,0.0,35,8,27,,14,0,1,13,0,13,AGR001;AGR010;AGR013;BPN20131;CCD250;CCD268;CCD292;CCD3713;CCD70128;CLG0012;MRT2492;MRT273;MTC007,0,0,-43.337437,-22.881151,-43.296317,-22.818566,0,0,,,13,0,13,13,12,False,AGR001;AGR010;AGR013;BPN20131;CCD250;CCD268;CCD292;CCD3713;CLG0012;MRT2492;MRT273;MTC007,1159;1186;1249;1276;1285;1312,SETD AGUA GRANDE;SETD BRAS DE PINA;SETD CASCADURA;SETD COLEGIO;SETD MATURACA;SETD MERITI,15021;15024;15031;15034;15045,AGUA GRANDE AEREO;CASCADURA AEREO;COLEGIO AEREO;MATURACA AEREO;TRIAGEM AEREO,138949629;1580606;1588208;1606660;1608193;1608200;1614416;1631580;1631699;490490857;649124289;670834453;776612870,1,1097
MNB006,LDA ROVEIRA,LDA,18520902,SETD MENA BARRETO,18915260,46,13.2,3302858,4.707,16412.48,10547.951,36,5292.5,2000,8,8,208.42,37,9,28,20650088,17,1,4,13,1,14,MNB001;MNB002;MNB005;MNB007;MNB009;MNB010;MNB011;MNB013;MNB016;MNB017;MNB018;MNB019;MNB020;MNB021,0,0,-43.423572,-22.809434,-43.409253,-22.797913,26104,2008,15057,MENA BARRETO AEREO,13,1,12,21,11,False,MNB001;MNB002;MNB005;MNB007;MNB009;MNB011;MNB013;MNB018;MNB019;MNB020;MNB021,18520902,SETD MENA BARRETO,14994;15057,MENA BARRETO AEREO;PAVUNA,20650088;20708666;20708687;20711690;20711718;20711725;20728091;20781950;20788078;20815373;20820616;305763796;918250450,1,1097
DMC3523,LDA RESERVAJERUSA,LDA,1168,SETD DEMOCRATICOS,1248154,46,13.2,3304557,8.787,16016.094,4362.755,67,9597.5,2787,9,10,199.95,45,10,35,,13,0,0,13,0,10,DMC3326;DMC631;DMC655;DMC739;DMC753;DMC9989;RAM0001;RAM33297;RAM33310;RAM33732,0,1,-43.258816,-22.881524,-43.240273,-22.857707,36348,2796,15056,DEMOCRATICOS AEREO,13,0,13,13,10,False,DMC3326;DMC631;DMC655;DMC739;DMC753;DMC9989;RAM0001;RAM33297;RAM33310;RAM33732,1132;1168,SETD DEMOCRATICOS;SETD RAMOS,15015;15056,DEMOCRATICOS AEREO;RAMOS AEREO,1592856;1592905;1592912;1592982;1597931;1621542;1621598;1622221;1624076;1627674;288917659;332102314;47230162,1,1097
ITP33370,LDA ARENA,LDA,10385988,SETD ITAPEBA,10401335,46,13.2,3304557,22.987,43210.543,36353.19,70,10995.0,4032,15,124,1107.26,82,12,70,,13,0,0,13,0,9,CUR24794;CUR33326;CUR33347;GDN0019;ITP0004;ITP0005;ITP0100;ITP33172;REC6,0,0,-43.445695,-23.003611,-43.409059,-22.972694,52611,4047,15066,ITAPEBA AEREO URBANO,13,0,13,14,9,False,CUR24794;CUR33326;CUR33347;GDN0019;ITP0004;ITP0005;ITP0100;ITP33172;REC6,10385988;10386042;132097219;457474244,SETD CURICICA;SETD GARDENIA;SETD ITAPEBA;SETD RECREIO,14999;15066;16901,CURICICA AEREO;ITAPEBA AEREO URBANO;RECREIO,103987890;11008635;11008649;11008754;11008782;11008894;289374652;306462800;539064592;674437197;684918765;6983180;773267888,1,1097
RTO003,LDA CURIE,LDA,18520875,SETD RETIRO,18915280,46,13.2,3306305,25.879,26973.566,24041.128,133,11050.0,8781,9,209,1765.28,74,13,61,626516182;702094844,13,2,0,13,2,7,RTO002;RTO006;RTO009;VRD009;VRD011;VRD015;VRD019,0,1,-44.121144,-22.502753,-44.06277,-22.463357,114270,8790,14995,RETIRO,13,2,11,13,7,False,RTO002;RTO006;RTO009;VRD009;VRD011;VRD015;VRD019,18520470;18520875,SETD RETIRO;SETD VOLTA REDONDA,14995;15084;15086,RETIRO;VOLTA REDONDA AEREO AT/MT;VOLTA REDONDA AEREO MT/MT,119085911;20233234;20661385;20695002;20695009;20695086;20695156;20695163;29227382;626516182;626516191;702094835;702094844,1,1097
MNB013,LDA GRINALDINA,LDA,18520902,SETD MENA BARRETO,18915320,46,13.2,3302858,12.39,28280.674,12366.458,83,10275.0,6349,5,45,415.97,60,16,44,1002399969;631703293,13,2,0,13,2,7,CRO007;MNB002;MNB006;MNB015;MNB017;PVN0004;PVN70296,0,1,-43.422472,-22.806887,-43.403248,-22.781765,82602,6354,15057,MENA BARRETO AEREO,13,2,11,13,7,False,CRO007;MNB002;MNB006;MNB015;MNB017;PVN0004;PVN70296,1303;18520902;18521055,SETD COELHO DA ROCHA;SETD MENA BARRETO;SETD PAVUNA,14994;15035;15057,COELHO DA ROCHA;MENA BARRETO AEREO;PAVUNA,1002399969;20705691;20705733;20711655;20711725;20711746;20739396;20739410;20739438;215189538;334485768;631703293;97143387,1,1097
AGR010,LDA FRANCA,LDA,1285,SETD AGUA GRANDE,17378073,46,13.2,3304557,8.381,20764.624,12438.217,83,10052.5,4985,4,60,456.03,50,14,36,996783459;996839279;999617537,15,4,2,13,3,7,AGR001;AGR003;AGR005;AGR006;AGR012;CCD205;MTC012,0,0,-43.316081,-22.836298,-43.299745,-22.827701,64857,4989,15045,AGUA GRANDE AEREO,13,3,10,13,7,False,AGR001;AGR003;AGR005;AGR006;AGR012;CCD205;MTC012,1186;1276;1285,SETD AGUA GRANDE;SETD CASCADURA;SETD MATURACA,15031;15045,AGUA GRANDE AEREO;MATURACA AEREO,1611805;1631580;1631622;1631636;1631643;1631650;1631657;1631699;1631839;1631867;996783459;996839279;999617537,1,1097
LPD29232,LDA FRAMBAR,LDA,10386033,SETD LEOPOLDO,10401385,46,13.2,3304557,6.722,16962.73,11715.172,61,7900.0,4084,2,28,147.47,49,12,37,1008046620;494595875,13,2,0,13,2,7,ALC3166;ALC3403;ALC3601;ALC734;ALC9993;LPD29159;LPD29168,0,0,-43.255117,-22.931734,-43.244385,-22.909538,53118,4086,15030,LEOPOLDO AEREO,13,2,11,13,7,False,ALC3166;ALC3403;ALC3601;ALC734;ALC9993;LPD29159;LPD29168,10385889;10386033,SETD ALDEIA CAMPISTA;SETD LEOPOLDO,15030;15033,ALDEIA CAMPISTA;LEOPOLDO AEREO,1008046620;1008248410;11006836;11008201;11008390;11056833;11056840;11056861;11094042;11136420;489664102;494595875;494595884,1,1097
CSO014,LDA THOMAZ,LDA,18520821,SETD COMENDADOR SOARES,18915350,46,13.2,3303500,10.133,18573.04,8323.688,53,5677.5,4078,0,67,394.82,23,8,15,702760414;975893167,14,2,1,13,2,8,CSO002;CSO003;CSO009;CSO010;CSO012;CSO013;NIG005;NIG015,0,0,-43.482229,-22.75869,-43.460726,-22.746533,53014,4078,15048,COMENDADOR SOARES,13,2,11,14,7,False,CSO002;CSO003;CSO009;CSO010;CSO012;NIG005;NIG015,18519976;18520821,SETD COMENDADOR SOARES;SETD NOVA IGUACU,15048;15692,COMENDADOR SOARES;NOVA IGUACU,135355739;20672175;20674996;20675003;20675080;20709219;20709233;20819412;20819482;20819489;697096643;702760414;975893167,1,1097
TQR33826,LDA LARA,LDA,10385871,SETD TAQUARA,10401220,46,13.2,3304557,11.507,25595.0,22749.774,68,9522.5,3876,11,148,1522.157,66,15,51,1008321434;497747686;512617965;823151303,15,4,2,13,4,9,CUR33133;CUR33332;CUR33800;TQR00001;TQR00003;TQR33839;TQR33842;TQR33862;TQR60111,0,0,-43.384155,-22.936247,-43.372,-22.911716,50531,3887,15023,TAQUARA AEREO,13,4,9,13,7,False,CUR33133;CUR33332;CUR33800;TQR00001;TQR00003;TQR33839;TQR60111,10385871;10386042,SETD CURICICA;SETD TAQUARA,15023;16901,CURICICA AEREO;TAQUARA AEREO,1008321434;11065600;11074356;11077100;11093755;11093762;11093832;131940431;132311795;164013739;497747686;512617965;823151303,1,1097
ITP0003,LDS 24364/LRA MANSOES/LRA AUTUORI,LDS,10385988,SETD ITAPEBA,22328959,46,13.2,3304557,18.866,22481.427,21094.079,59,9222.5,878,10,192,2545.514,85,18,67,10917658;10917707;10917728;10917805;51249109,13,5,0,13,5,7,AVD0001;AVD30048;AVD30081;AVD30282;AVD33357;ITP0002;ITP3164,0,0,-43.435668,-23.010282,-43.388192,-22.99471,11544,888,15066,ITAPEBA AEREO URBANO,13,5,8,13,7,False,AVD0001;AVD30048;AVD30081;AVD30282;AVD33357;ITP0002;ITP3164,10385943;10385988,SETD ALVORADA;SETD ITAPEBA,15004;15060;15066,ALVORADA;ITAPEBA AEREO URBANO;ITAPEBA SUBTERRANEO,10916909;10917658;10917707;10917728;10917805;11137008;11214035;11214854;38560969;47672150;51249109;51632116;984292170,1,1097
SRP001,LDA AVELAR/BOLERO,LDA,18520803,SETD SARAPUI,18915245,46,13.2,3301702,41.032,57610.448,17813.87,222,22852.5,10492,30,75,1807.906,126,16,110,583202623;781405038,13,2,0,13,2,6,ELD001;SRP00012;SRP0003;SRP008;SRP011;SRP014,0,1,-43.347746,-22.723538,-43.293028,-22.669901,136786,10522,15000,SARAPUI,13,2,11,14,6,False,ELD001;SRP00012;SRP0003;SRP008;SRP011;SRP014,18520803;18521352,SETD ELDORADO;SETD SARAPUI,15000;15005,ELDORADO;SARAPUI,134376527;147288743;20671202;20694232;20696157;20696185;39810114;462485288;475814120;505287902;583202623;781405038;781405047,1,1097
ESP009,LDA ATERLEME,LDA,18519958,SETD ESPERANCA,18915335,46,13.2,3304557,20.524,43716.153,17459.959,125,16342.5,7583,8,58,559.89,69,21,48,488657394;776389613;995714192,13,3,0,13,3,6,ESP003;ESP005;ESP006;ESP014;ESP018;ZIN005,0,1,-43.683724,-22.914449,-43.659696,-22.881972,98683,7591,16899,ESPERANCA AEREO AT/MT,13,3,10,13,6,False,ESP003;ESP005;ESP006;ESP014;ESP018;ZIN005,18519958;18520911,SETD ESPERANCA;SETD ZONA INDUSTRIAL,15070;15696;16899,ESPERANCA AEREO AT/MT;ESPERANCA AEREO MT/MT;ZONA INDUSTRIAL,140718676;20670446;20670537;20670558;20670565;20670572;20707105;20714798;26601219;488657394;587854005;776389613;995714192,1,1097
PMG002,LDA ANTONIL,LDA,18520479,SETD PADRE MIGUEL,18915115,46,13.2,3304557,14.053,18811.321,10949.782,72,8347.5,5019,3,66,500.58,46,14,32,647518087;690054449;690075922,13,3,0,13,3,6,AFR005;CAM003;CAM019;PMG00019;PMG0017;PMG007,0,1,-43.453414,-22.890909,-43.425497,-22.863983,65286,5022,14991,CAMARA,13,3,10,13,6,False,AFR005;CAM003;CAM019;PMG00019;PMG0017;PMG007,18520461;18520479;18520488,SETD ARI FRANCO;SETD CAMARA;SETD PADRE MIGUEL,14991;15010;15019,ARI FRANCO;CAMARA;PADRE MIGUEL,20695387;20695555;20695562;20717983;20777862;20805990;20816346;288841217;647518078;647518087;690054449;690075922;978473804,1,1097
ESP003,LDA HERVAL,LDA,18519958,SETD ESPERANCA,18915330,46,13.2,3304557,8.398,25172.645,9081.682,74,7785.0,4961,5,40,284.46,75,14,61,458809998;776389613,14,2,1,13,2,7,ESP005;ESP009;ESP010;ESP015;ESP016;ESP018;ESP019,0,0,-43.687665,-22.914844,-43.671238,-22.9001,64558,4966,16899,ESPERANCA AEREO AT/MT,13,2,11,15,6,False,ESP005;ESP009;ESP010;ESP015;ESP018;ESP019,18519958,SETD ESPERANCA,15070;16899,ESPERANCA AEREO AT/MT;ESPERANCA AEREO MT/MT,140718676;20670572;20697886;20714784;20714798;20714868;20714875;20714882;20714973;20714987;20779605;458809998;776389613,1,1097
BPD24650,LDS 24650/CA/M/VI/M/O/S,LDS,10385961,SETD BAEPENDI,10401430,46,13.2,3304557,18.309,22802.916,15865.737,90,10357.5,4033,4,76,643.621,75,17,58,494252389;701128616;972865917,16,3,3,13,3,7,BPD24186;BPD24726;BPD34707;BPD4813;FCN3728;FCN758;SMT33668,0,0,-43.205838,-22.946182,-43.180614,-22.929201,52481,4037,15026,BAEPENDI AEREO,13,3,10,14,6,False,BPD24186;BPD24726;BPD4813;FCN3728;FCN758;SMT33668,10385961;10385997;10386105,SETD BAEPENDI;SETD FREI CANECA;SETD SAMARITANO,15026;15049;15063;15078,BAEPENDI AEREO;BAEPENDI SUBTERRANEO;FREI CANECA AEREO;SAMARITANO AEREO URBANO,1026098535;11039639;11153663;11240896;11307562;11307604;11308416;29413994;425702954;494252389;494252404;701128616;972865917,1,1097
CMT29137,LDA FROLICK/LDA LIVRAMENTO,LDA,10386051,SETD CAMPO MARTE,10401380,46,13.2,3304557,13.052,29660.524,23139.962,61,11592.5,3556,28,34,534.64,71,10,61,1007248041;519063016;746907047,13,3,0,13,3,6,CMR33090;CMT29129;CMT29141;CMT29278;CMT29359;TRV705,0,0,-43.22806,-22.903964,-43.196011,-22.893896,46592,3584,15047,CAMPO MARTE AEREO,13,3,10,13,6,False,CMR33090;CMT29129;CMT29141;CMT29278;CMT29359;TRV705,10385898;10386015;10386051,SETD CAMERINO;SETD CAMPO MARTE;SETD TROVAO,15020;15047;15068,CAMERINO AEREO URBANO;CAMPO MARTE AEREO;TROVAO AEREO,1007248041;11061568;11061757;11094630;11120969;134234787;445481035;455078519;471846445;519063016;636594103;746447582;746907047,1,1097
LPD33251,LDA CONDEBEL,LDA,10386033,SETD LEOPOLDO,10401470,46,13.2,3304557,5.366,16884.863,10747.284,54,6795.0,3269,6,24,143.94,37,9,28,739882027;985284125,13,2,0,13,2,6,ALC3403;LPD29027;LPD29145;LPD29168;LPD29480;LPD33255,0,0,-43.262879,-22.931702,-43.253449,-22.913891,42575,3275,15030,LEOPOLDO AEREO,13,2,11,13,6,False,ALC3403;LPD29027;LPD29145;LPD29168;LPD29480;LPD33255,10385889;10386033,SETD ALDEIA CAMPISTA;SETD LEOPOLDO,15030,LEOPOLDO AEREO,11037882;11039149;11039240;11039247;11074804;11074853;502672838;532657939;579093224;628688851;739882027;739882036;985284125,1,1097
QMD005,LSA GUANDU,LSA,18520893,SETD QUEIMADOS,18915295,67,25.0,3304144,66.306,41806.173,11544.464,185,26895.0,9928,5,34,274.116,132,31,101,,22,2,9,13,0,8,QMD001;QMD002;QMD007;QMD008;QMD009;QMD010;STC00009;STC0014,0,0,-43.595593,-22.786927,-43.537988,-22.740088,129129,9933,15692,NOVA IGUACU,13,0,13,13,5,False,QMD001;QMD007;QMD010;STC00009;STC0014,18520893;34192093,SETD QUEIMADOS;SETD SANTA CLARA,15052;15698,QUEIMADOS AEREO;SANTA CLARA AEREO,135677588;20682101;20682157;20682206;20694729;20694743;20712474;25671250;25671598;25721759;25938552;84712045;95412791,1,1097
TRS007,LDA MACONARIA,LDA,18520326,SETD TRES RIOS,18915125,46,13.2,3306008,15.619,25605.794,20699.413,94,9342.5,7567,7,61,449.95,51,15,36,655865618,14,1,1,13,1,6,TRS001;TRS002;TRS006;TRS008;TRS010;TRS013,0,1,-43.234201,-22.124606,-43.185646,-22.106894,98462,7574,15087,TRES RIOS AEREO AT/MT,13,1,12,13,5,False,TRS001;TRS002;TRS006;TRS008;TRS010,18520326,SETD TRES RIOS,15087;15088,TRES RIOS AEREO AT/MT;TRES RIOS AEREO MT/MT,113885505;20727461;20727503;20727517;20727538;20770012;20789583;20789597;20789625;20804121;30467243;57187510;655865618,1,1097
CRM0004,LDA GAZA,LDA,280389625,SETD CARMARI,280389924,46,13.2,3303500,25.408,30875.015,11838.905,138,11625.0,7069,3,73,540.61,52,10,42,745563033;987405364,13,2,0,13,2,5,CRM0005;CRM0009;CRM0011;NIG012;NIG029,0,0,-43.463621,-22.729082,-43.432493,-22.706485,91936,7072,15691,CARMARI,13,2,11,13,5,False,CRM0005;CRM0009;CRM0011;NIG012;NIG029,18519976;280389625,SETD CARMARI;SETD NOVA IGUACU,15691;15692,CARMARI;NOVA IGUACU,20682584;20707903;20719691;250688059;250778207;285701338;295040762;495871298;663612112;745563023;745563033;782916515;987405364,1,1097
SJO0004,LDA LINOSILVA,LDA,310718139,SETD SAO JOAO,310718324,46,13.2,3301702,9.325,23790.059,3915.846,47,5265.0,5274,1,26,180.46,56,14,42,758938854,14,1,1,13,1,5,CXS024;SJO0005;SJO0007;SJO0012;SJO0013,0,4,-43.336182,-22.769899,-43.308383,-22.758403,68575,5275,15699,SAO JOAO,13,1,12,13,5,False,CXS024;SJO0005;SJO0007;SJO0012;SJO0013,18520785;310718139,SETD CAXIAS;SETD SAO JOAO,15699,SAO JOAO,108440707;113520688;20677131;20677138;20677159;20677194;20677264;20677292;20687113;270019637;270019681;758938854;758938865,1,1097
STC00002,LDA OLIMPIA,LDA,34192093,SETD SANTA CLARA,34192098,46,13.2,3304144,16.143,26568.466,6892.361,81,8355.0,5099,1,21,272.68,50,10,40,690161850,14,1,1,13,1,6,CRM0010;RFR002;STC00004;STC00006;STC00009;STC00010,0,3,-43.552824,-22.723183,-43.509152,-22.692249,66300,5100,15052,SANTA CLARA AEREO,13,1,12,13,5,False,CRM0010;RFR002;STC00004;STC00006;STC00010,18520767;280389625;34192093,SETD CARMARI;SETD ROCHA FREIRE;SETD SANTA CLARA,15052;15691;15693,CARMARI;ROCHA FREIRE AEREO AT/MT;SANTA CLARA AEREO,20667849;20685839;20685902;20704809;20736218;20739858;208074393;20808244;220939424;29831366;39449676;690161841;690161850,1,1097
CRO0035,LDA PERNAMBUCANA,LDA,18521055,SETD COELHO DA ROCHA,18915455,46,13.2,3305109,9.862,23624.448,12882.524,72,8182.5,5034,4,77,517.59,33,7,26,766801137,14,2,1,13,1,6,CRO0016;CRO002;CRO007;CRO011;ROS008;ROS012,0,1,-43.390461,-22.786905,-43.369302,-22.772143,65494,5038,15035,COELHO DA ROCHA,13,1,12,13,5,False,CRO0016;CRO002;CRO011;ROS008;ROS012,18519985;18521055,SETD COELHO DA ROCHA;SETD ROSALI,14996,ROSALI,109037783;20660209;20722862;20722883;20728735;20813056;20813063;20813070;20813112;346380469;393583762;398157604;766801137,1,1097
WLS002,LDA CAER,LDA,18519994,SETD WASHINGTON LUIS,254600861,46,13.2,3301702,10.182,41791.131,37700.689,83,12612.5,4742,24,39,540.01,65,16,49,1002365613;870192083;989595302,13,3,0,13,3,5,CXS001;WLS00017;WLS003;WLS006;WLS009,0,1,-43.306814,-22.794839,-43.281386,-22.784243,61958,4766,15073,WASHINGTON LUIS AEREO,13,3,10,13,5,False,CXS001;WLS00017;WLS003;WLS006;WLS009,18519994;18520785,SETD CAXIAS;SETD WASHINGTON LUIS,15073;15700,CAXIAS AEREO;WASHINGTON LUIS AEREO,1002365613;107435903;138434308;20707672;20707679;20707812;20725375;25394051;38836062;706655048;719056128;870192083;989595302,1,1097
PER29452,LDA ARATIN,LDA,1240,SETD PEDRO ERNESTO,1248279,46,13.2,3304557,10.593,16717.832,12542.219,78,9277.5,3231,11,32,543.92,59,19,40,,13,0,0,13,0,5,PER29506;PER670;PER70299;PER874;RAM33315,0,0,-43.261575,-22.853703,-43.246796,-22.841369,42146,3242,15061,PEDRO ERNESTO AEREO,13,0,13,14,5,False,PER29506;PER670;PER70299;PER874;RAM33315,1132;1240,SETD PEDRO ERNESTO;SETD RAMOS,15015;15061,PEDRO ERNESTO AEREO;RAMOS AEREO,1582559;1582573;1582615;1582685;1583826;1583945;1600094;1616019;1616040;1620086;1620240;1620429;1620548,1,1097
AVD30048,LDS 30048/LRA JEAN,LDS,10385943,SETD ALVORADA,10401310,46,13.2,3304557,17.187,11766.153,10550.803,40,7550.0,523,3,42,809.31,38,11,27,10917672;10917756;10917777;40724559;7596586,13,5,0,13,5,5,AVD0001;AVD30081;AVD33351;ITP0002;ITP0003,0,0,-43.403501,-23.006215,-43.36692,-22.990606,6838,526,15004,ALVORADA,13,5,8,14,5,False,AVD0001;AVD30081;AVD33351;ITP0002;ITP0003,10385943;10385988,SETD ALVORADA;SETD ITAPEBA,15004;15060;15066,ALVORADA;ITAPEBA AEREO URBANO;ITAPEBA SUBTERRANEO,10917672;10917756;10917777;11214035;29431194;40724559;469175417;50618160;531665914;58348485;60000226;7596586;984292170,1,1097
RFR004,LSA CANARIO,LSA,18520767,SETD ROCHA FREIRE,18915425,67,25.0,3303500,66.938,44791.757,13127.355,195,29727.5,9139,8,64,1369.311,175,42,133,,16,2,3,13,0,5,CRM0006;CRM0009;RFR002;RFR005;RFR007,0,0,-43.471655,-22.706201,-43.39177,-22.641231,118911,9147,15693,ROCHA FREIRE AEREO AT/MT,13,0,13,13,4,False,CRM0006;CRM0009;RFR005;RFR007,18520767;280389625,SETD CARMARI;SETD ROCHA FREIRE,15691;15693,CARMARI;ROCHA FREIRE AEREO AT/MT,132092601;137691507;137798847;143595831;20678636;20678650;20684180;20703514;20703528;273682400;420880735;622192013;941154693,1,1097
REC0015,LDA RAMIDAN,LDA,132097219,SETD RECREIO,132023773,46,13.2,3304557,12.698,30862.0,25558.424,113,17880.0,8590,3,133,926.63,69,11,58,330904309,13,1,0,13,1,4,ITP33396;REC00002;REC0001;REC7,0,0,-43.479527,-23.030711,-43.46633,-23.010787,111709,8593,14999,RECREIO,13,1,12,13,4,False,ITP33396;REC00002;REC0001;REC7,10385988;132097219,SETD ITAPEBA;SETD RECREIO,14999;15066,ITAPEBA AEREO URBANO;RECREIO,11063654;11063955;11063997;11064004;11064697;11152725;131993322;330904309;574279799;574279819;608949853;769961522;8124632,1,1097
CSO00015,LDA FURMAN,LDA,18520821,SETD COMENDADOR SOARES,18915240,46,13.2,3303500,22.826,29718.943,11584.65,101,9007.5,8343,3,46,294.46,62,14,48,758002757;764413706;993627338,13,3,0,13,3,4,CSO001;CSO005;CSO006;CSO012,0,5,-43.519511,-22.769988,-43.481778,-22.755204,108498,8346,15048,COMENDADOR SOARES,13,3,10,13,4,False,CSO001;CSO005;CSO006;CSO012,18520821,SETD COMENDADOR SOARES,15048,COMENDADOR SOARES,101226795;20672014;20672049;20672091;20721546;20721623;20721665;20726285;758002747;758002757;764413706;764413724;993627338,1,1097
CMS009,LDA IMBO,LDA,18520839,SETD COSMOS,18915265,46,13.2,3304557,17.242,31919.088,15643.002,114,12570.0,7722,5,119,882.31,45,11,34,688972373;963088439,14,2,1,13,2,5,CMS003;CMS004;CMS005;CMS008;CMS015,0,0,-43.62905,-22.905533,-43.598893,-22.881458,100451,7727,16897,COSMOS,13,2,11,13,4,False,CMS003;CMS004;CMS008;CMS015,18520839,SETD COSMOS,16897;16900,COSMOS;PACIENCIA,20672448;20672518;20672525;20672546;20672602;20672630;20717647;20746763;20814540;20814603;20814834;688972373;963088439,1,1097
ABR012,LDA XAVANTES,LDA,18520731,SETD AREIA BRANCA,18915185,46,13.2,3300456,11.693,21324.447,4714.544,64,6240.0,5395,1,32,356.97,33,14,19,107148347,13,1,0,13,1,4,ABR00019;ABR001;ABR005;ABR016,0,0,-43.41655,-22.748876,-43.397428,-22.715265,70148,5396,15054,AREIA BRANCA AEREO,13,1,12,13,4,False,ABR00019;ABR001;ABR005;ABR016,18520731,SETD AREIA BRANCA,15054,AREIA BRANCA AEREO,107148347;107569200;107880111;133479057;20702905;20766232;20820882;20820952;20821008;20821099;20821106;20821113;20821120,1,1097
LPD29027,LDA GURUPI,LDA,10386033,SETD LEOPOLDO,10401385,46,13.2,3304557,6.694,17071.689,15153.132,68,8677.5,3679,3,74,590.973,64,20,44,653636993;688895070,17,4,4,13,2,7,LPD24070;LPD29168;LPD29304;LPD29480;LPD33246;LPD33251;LPD33255,0,6,-43.267297,-22.931593,-43.253452,-22.919424,47866,3682,15030,LEOPOLDO AEREO,13,2,11,13,4,False,LPD29480;LPD33246;LPD33251;LPD33255,10386033,SETD LEOPOLDO,15030,LEOPOLDO AEREO,11074804;11074853;11074916;11074972;11074979;502672838;514438507;628688851;653636976;653636993;670851629;688895070;688895085,1,1097
BAR4998,LDS 4998/LDA LAGO,LDS,10385907,SETD BARRA,10401615,46,13.2,3304557,8.182,8705.558,8151.794,45,7262.5,1341,2,45,346.57,58,17,41,10917322;10917336;54984925,13,3,0,13,3,4,BAR30673;BAR33368;BAR3515;BAR4841,0,0,-43.327867,-23.012085,-43.308076,-22.998274,17459,1343,15013,BARRA AEREO,13,3,10,13,4,False,BAR30673;BAR33368;BAR3515;BAR4841,10385907,SETD BARRA,15013;15690,BARRA AEREO;BARRA SUBTERRANEO,10917322;10917336;11009328;11092747;11092803;11092866;11093209;39969093;40021649;50627290;51292102;522739696;54984925,1,1097
CEN001,LSA BARAO,LSA,18520353,SETD CENTENARIO,18915135,67,25.0,3306206,179.409,30312.202,53549.358,499,54635.0,20071,31,279,13313.803,309,50,259,1004920532,22,4,9,13,1,4,CEN003;CEN006;SCI002;SCI005,1,0,-43.820947,-22.400632,-43.634491,-22.065617,261326,20102,15074,CENTENARIO AEREO AT/MT,13,1,12,13,3,False,CEN003;SCI002;SCI005,18520299;18520353,SETD CENTENARIO;SETD SANTA CECILIA,15089;15090,CENTENARIO AEREO MT/MT;SANTA CECILIA AEREO MT/MT,1004920532;135175990;20673715;20674541;20674555;20674604;20674618;20714154;20714287;20758578;20776602;20817403;514210870,1,1097
TQR0007,LDA PARNAIBA,LDA,10385871,SETD TAQUARA,358368704,46,13.2,3304557,16.474,23886.0,16186.021,82,10405.0,6268,4,118,857.97,50,10,40,1007642983;625884927;752622332,13,3,0,13,3,3,TQR33830;TQR33859;TQR33862,0,0,-43.42375,-22.916083,-43.373009,-22.90452,81536,6272,15023,TAQUARA AEREO,13,3,10,13,3,False,TQR33830;TQR33859;TQR33862,10385871,SETD TAQUARA,15023,TAQUARA AEREO,1007642983;11026081;11026438;11026494;11038232;134733185;137253951;257936323;258481641;270431842;456619686;625884927;752622332,1,1097
MNB011,LDA GEVARGAS,LDA,18520902,SETD MENA BARRETO,18915320,46,13.2,3302858,5.162,18828.656,15895.914,51,8537.5,2650,17,24,183.43,42,13,29,,13,0,0,13,0,3,MNB006;MNB010;PVN9848,0,0,-43.423275,-22.812599,-43.413093,-22.797734,34671,2667,15057,MENA BARRETO AEREO,13,0,13,13,3,False,MNB006;MNB010;PVN9848,1303;18520902,SETD MENA BARRETO;SETD PAVUNA,14994;15057,MENA BARRETO AEREO;PAVUNA,20708666;20708687;20708694;20708701;20708771;20708778;20708785;20708792;20728091;20735329;20788092;305763796;918250450,1,1097
MTO00004,LSA CETEX,LSA,29148432,SETD MATO ALTO,113095915,67,25.0,3304557,88.079,65540.292,29623.457,296,41017.5,14130,15,321,4393.568,210,48,162,434909269;550394086;628976635;689938511;963054087,23,7,10,13,5,4,MTO00001;MTO00002;MTO0003;STS001,0,0,-43.616861,-23.072458,-43.5218,-22.941029,183885,14145,16898,MATO ALTO,13,5,8,13,2,False,MTO00002;MTO0003,29148432,SETD MATO ALTO,16898;16900,MATO ALTO;PACIENCIA,142453465;23262669;23740077;23741061;300159275;434909269;472636302;550394086;609603254;628976635;689938511;780920387;963054087,1,1097
BPN20131,LSA TIBOIM,LSA,1159,SETD BRAS DE PINA,1248219,67,25.0,3304557,19.906,7507.42,7332.215,0,0.0,0,2,0,0.0,34,6,28,,14,0,2,12,0,13,BPN00001;BPN20135;BPN325;CCD205;CCD224;CCD268;MRT273;MTC006;PER33741;PER70278;TER12912;TRG223;TRG275,0,0,-43.310731,-22.870617,-43.266832,-22.825019,24,2,15024,TRIAGEM AEREO,12,0,12,12,11,False,BPN00001;BPN20135;CCD205;CCD224;CCD268;MRT273;PER33741;PER70278;TER12912;TRG223;TRG275,1123;1159;1186;1204;1240;1312,SETD BRAS DE PINA;SETD CASCADURA;SETD MERITI;SETD PEDRO ERNESTO;SETD TERRA NOVA;SETD TRIAGEM,15017;15044;15061,BRAS DE PINA;PEDRO ERNESTO AEREO;TERRA NOVA AEREO,134738017;1588138;1598862;1605743;1605834;1605862;1611917;1615963;16416007;579264895;649124289;714706243,1,1097
PMG013,LDA VILAMIL,LDA,18520479,SETD PADRE MIGUEL,18915110,46,13.2,3304557,32.999,30891.443,23797.355,140,11100.0,2947,33,26,285.37,136,23,113,538132727;581935834,12,2,0,12,2,9,GDL29585;GDL29792;PMG00019;PMG001;PMG0012;PMG0015;PMG005;PMG006;VVQ9898,0,0,-43.426241,-22.890975,-43.38488,-22.852926,35760,2980,15019,PADRE MIGUEL,12,2,10,13,9,False,GDL29585;GDL29792;PMG00019;PMG001;PMG0012;PMG0015;PMG005;PMG006;VVQ9898,1177;1258;18520479,SETD GUADALUPE;SETD PADRE MIGUEL;SETD VILA VALQUEIRE,15019;15032;15036,GUADALUPE AEREO;PADRE MIGUEL;VILA VALQUEIRE,1584435;1584442;20659866;20660020;20660027;20767933;20768059;20818901;23217672;538132727;581935834;986952435,1,1097
PDG208,LSA MARECHAL,LSA,10385916,SETD PORTA DAGUA,10401275,67,25.0,3304557,16.106,0.0,0.0,0,0.0,0,0,0,0.0,22,9,13,653795960;696727360;699260807;971727982,12,4,0,12,4,9,CCD237;CCD255;PDG219;PDG280;PDG33651;PDG33662;TQR00001;TQR00007;TQR0006,0,0,-43.413946,-22.970867,-43.331371,-22.922102,0,0,,,12,4,8,13,9,False,CCD237;CCD255;PDG219;PDG280;PDG33651;PDG33662;TQR00001;TQR00007;TQR0006,10385871;10385916;1186,SETD CASCADURA;SETD PORTA DAGUA;SETD TAQUARA,15023;15034;16902,CASCADURA AEREO;PORTA DAGUA AEREO;TAQUARA AEREO,11062408;11075126;11091795;11100205;11103327;131940431;653795960;696727360;699260807;7331245;878294821;971727982,1,1097
CUR33326,LDA DAMASIO,LDA,10386042,SETD CURICICA,676429630,46,13.2,3304557,8.959,19841.92,9801.422,36,3990.0,1236,4,16,277.72,30,5,25,932205992,12,1,0,12,1,8,CUR33135;CUR33144;CUR33309;CUR33332;CUR33442;CUR33777;ITP33370;PDG219,0,0,-43.409306,-22.980381,-43.378476,-22.95675,14880,1240,16901,CURICICA AEREO,12,1,11,14,8,False,CUR33135;CUR33144;CUR33309;CUR33332;CUR33442;CUR33777;ITP33370;PDG219,10385916;10385988;10386042,SETD CURICICA;SETD ITAPEBA;SETD PORTA DAGUA,15066;16901;16902;16903,CURICICA AEREO;GARDENIA;ITAPEBA AEREO URBANO;PORTA DAGUA AEREO,11008649;11053956;11053963;11053977;11053984;11093349;11119191;11137750;134956182;521429217;684918765;932205992,1,1097
TQR33839,LDA IPADU,LDA,10385871,SETD TAQUARA,10401225,46,13.2,3304557,19.445,39052.0,29808.684,152,18622.5,8683,16,290,2207.18,82,17,65,269743163;628345391;716312276,14,3,2,12,3,8,CCD237;CUR33119;CUR33764;TQR00003;TQR33826;TQR33830;TQR33842;TQR60111,0,1,-43.406464,-22.937194,-43.372906,-22.911779,104388,8699,15023,TAQUARA AEREO,12,3,9,12,7,False,CCD237;CUR33119;CUR33764;TQR00003;TQR33826;TQR33842;TQR60111,10385871;10386042;1186,SETD CASCADURA;SETD CURICICA;SETD TAQUARA,15023;15034;16901,CASCADURA AEREO;CURICICA AEREO;TAQUARA AEREO,1008720778;11056434;11076099;11076106;11093755;11120185;11155259;135085096;135364191;269743163;628345391;716312276,1,1097
PVN9848,LDA ITATIBA,LDA,1303,SETD PAVUNA,1248394,46,13.2,3304557,11.483,24460.88,13334.248,74,8272.5,6602,5,55,863.883,31,5,26,757307125,13,1,1,12,1,7,MNB002;MNB010;MNB011;PVN0006;PVN29958;PVN70296;PVN9897,0,1,-43.413983,-22.820281,-43.38802,-22.807853,79284,6607,14994,PAVUNA,12,1,11,12,7,False,MNB002;MNB010;MNB011;PVN0006;PVN29958;PVN70296;PVN9897,1303;18520902,SETD MENA BARRETO;SETD PAVUNA,14994;15057,MENA BARRETO AEREO;PAVUNA,1553598;1624972;1625084;20675164;20705166;20708757;20708799;20780158;20781957;20788092;27820892;757307125,1,1097
PCI0006,LDA SANTA EUGENIA,LDA,450101398,SETD PACIENCIA,450101974,46,13.2,3304557,17.607,31022.769,10015.066,91,9517.5,6077,3,50,327.22,58,15,43,766771071;771915285;931407251,14,3,2,12,3,8,CMS004;ESP006;ESP014;ESP017;PCI0008;PCI0009;PCI0010;PCI3620,0,0,-43.654921,-22.935677,-43.625804,-22.904298,72960,6080,16900,PACIENCIA,12,3,9,13,7,False,CMS004;ESP014;ESP017;PCI0008;PCI0009;PCI0010;PCI3620,18519958;18520839;450101398,SETD COSMOS;SETD ESPERANCA;SETD PACIENCIA,16897;16899;16900,COSMOS;ESPERANCA AEREO AT/MT;PACIENCIA,140744468;20232590;20667618;20667625;20667653;20667737;20688884;20815828;468866174;766771071;771915285;931407251,1,1097
NIG008,LDA HAITI,LDA,18519976,SETD NOVA IGUACU,18915385,46,13.2,3303500,10.517,21400.777,11148.252,78,8820.0,5091,1,109,889.89,34,9,25,741483750,13,1,1,12,1,7,ABR008;ABR016;NIG003;NIG013;NIG016;NIG023;NIG028,0,1,-43.445664,-22.758868,-43.429267,-22.740658,61104,5092,15692,NOVA IGUACU,12,1,11,14,7,False,ABR008;ABR016;NIG003;NIG013;NIG016;NIG023;NIG028,18519976;18520731,SETD AREIA BRANCA;SETD NOVA IGUACU,15054;15692,AREIA BRANCA AEREO;NOVA IGUACU,20658886;20659026;20700007;20700070;20714420;20714427;20714441;20714518;464142772;52611368;741483741;741483750,1,1097
PER794,LDA FILOMENA,LDA,1240,SETD PEDRO ERNESTO,1248294,46,13.2,3304557,7.937,23972.176,11771.364,59,7770.0,4763,9,24,163.54,49,6,43,137940710,13,1,1,12,1,8,BPN00001;BPN33195;PER0002;PER33741;PER781;PER809;PER828;PER874,0,0,-43.28602,-22.848655,-43.261273,-22.839467,57264,4772,15061,PEDRO ERNESTO AEREO,12,1,11,12,7,False,BPN00001;BPN33195;PER0002;PER33741;PER781;PER809;PER828,1159;1240,SETD BRAS DE PINA;SETD PEDRO ERNESTO,15017;15061,BRAS DE PINA;PEDRO ERNESTO AEREO,137940710;1566639;1566730;1566786;1566793;1580935;1580956;1598862;1612281;1612456;1623663;714706243,1,1097
JAB009,LDA ROVAL,LDA,18520749,SETD JABOATAO,18915195,46,13.2,3304557,10.182,24267.504,17157.622,68,7487.5,4256,9,46,782.514,44,13,31,23304417;26163470;689865516;702945055;765070682,12,5,0,12,5,7,CAM009;CHR0003;CHR002;JAB00018;JAB007;JAB015;STS005,0,1,-43.560371,-22.905471,-43.523374,-22.88669,51180,4265,15029,JABOATAO AEREO,12,5,7,13,7,False,CAM009;CHR0003;CHR002;JAB00018;JAB007;JAB015;STS005,18520488;18520749;18520758;18521136,SETD CACHAMORRA;SETD CAMARA;SETD JABOATAO;SETD SANTISSIMO,14991;15011;15029;15042,CACHAMORRA;CAMARA;JABOATAO AEREO;SANTISSIMO AEREO,138734907;20738311;20738374;20787959;20816087;23304417;26163470;362877419;689865507;689865516;702945055;765070682,1,1097
FCN3728,LDA ESTRELA,LDA,10386105,SETD FREI CANECA,10401570,46,13.2,3304557,12.591,17009.315,4065.404,57,6525.0,3866,2,4,33.2,43,9,34,494252389;625120595,13,3,1,12,2,7,BPD24650;FCN33945;FCN604;FCN611;FCN830;FCN929;RCP9818,0,0,-43.21722,-22.938867,-43.19751,-22.910139,46416,3868,15049,FREI CANECA AEREO,12,2,10,12,7,False,BPD24650;FCN33945;FCN604;FCN611;FCN830;FCN929;RCP9818,10385961;10386006;10386105,SETD BAEPENDI;SETD FREI CANECA;SETD RIO COMPRIDO,15026;15049;15058,BAEPENDI AEREO;FREI CANECA AEREO;RIO COMPRIDO AEREO,11055209;11095428;11095554;11153068;11153663;11153831;25172318;30457935;494252389;494252404;625120585;625120595,1,1097
CAM001,LDA SULAME,LDA,18520488,SETD CAMARA,18915070,46,13.2,3304557,11.562,28694.702,11238.562,53,5782.5,3458,3,32,306.31,59,15,44,,12,0,0,12,0,7,AFR001;AFR002;AFR008;AFR014;AFR015;CAM002;CAM004,0,6,-43.487578,-22.888019,-43.442076,-22.863344,41532,3461,14991,CAMARA,12,0,12,12,7,False,AFR001;AFR002;AFR008;AFR014;AFR015;CAM002;CAM004,18520461;18520488,SETD ARI FRANCO;SETD CAMARA,14991;15010,ARI FRANCO;CAMARA,131379336;20717920;20805815;20805843;20805878;20805885;20805913;20805920;20805948;20805969;20806060;20806067,1,1097
VGE33444,LDA VIVAQUA,LDA,1267,SETD VIGARIO GERAL,1248334,46,13.2,3304557,5.793,12280.784,8851.296,44,4665.0,2810,5,8,62.8,56,11,45,959318325,12,1,0,12,1,7,AGR005;CLG0013;CLG0017;VGE00001;VGE3529;VGE3919;VGE3947,0,3,-43.333635,-22.825746,-43.321904,-22.812142,33780,2815,15062,VIGARIO GERAL AEREO,12,1,11,12,7,False,AGR005;CLG0013;CLG0017;VGE00001;VGE3529;VGE3919;VGE3947,1249;1267;1285,SETD AGUA GRANDE;SETD COLEGIO;SETD VIGARIO GERAL,15021;15045;15062,AGUA GRANDE AEREO;COLEGIO AEREO;VIGARIO GERAL AEREO,107865365;1587739;1590140;1590210;1590259;1590273;1590287;1600633;1619589;1619666;772436425;959318325,1,1097
AVD33340,LDA MAZZA,LDA,10385943,SETD ALVORADA,10401230,46,13.2,3304557,15.127,17206.367,14877.614,47,5927.5,459,9,32,500.84,57,9,48,136077766;542791660;654491481,12,3,0,12,3,7,AVD0001;AVD33312;AVD33320;AVD33360;AVD33625;BAR29680;BAR3515,0,0,-43.377542,-23.010188,-43.355193,-22.988846,5616,468,15004,ALVORADA,12,3,9,12,7,False,AVD0001;AVD33312;AVD33320;AVD33360;AVD33625;BAR29680;BAR3515,10385907;10385943,SETD ALVORADA;SETD BARRA,15004;15689;15690,ALVORADA;BARRA 2;BARRA SUBTERRANEO,11079564;11079571;11079683;11101948;11102046;136077766;136078788;29427437;478850812;542791660;654491481;654491552,1,1097
GDN0013,LDA BUENO,LDA,457474244,SETD GARDENIA,457474381,46,13.2,3304557,17.736,57733.799,27541.718,172,21437.5,15160,4,23,850.53,64,21,43,732990172,12,1,0,12,1,6,GDN0011;GDN0012;GDN0014;GDN0020;GDN0022;PDG33434,0,1,-43.380363,-22.97348,-43.343289,-22.957878,181968,15164,16903,GARDENIA,12,1,11,13,6,False,GDN0011;GDN0012;GDN0014;GDN0020;GDN0022;PDG33434,10385916;457474244,SETD GARDENIA;SETD PORTA DAGUA,16903,GARDENIA,10916398;11102872;131989615;133457666;212540174;459364213;512356353;550216075;582155141;654178131;732990172;803141226,1,1097
ABR00019,LDA HELIOPOLIS,LDA,18520731,SETD AREIA BRANCA,18915205,46,13.2,3300456,18.8,31491.227,8699.951,96,10785.0,7699,5,32,354.57,50,12,38,689942855,12,1,0,12,1,6,ABR001;ABR005;ABR012;ABR016;ABR017;NIG029,0,1,-43.43023,-22.74918,-43.39749,-22.705018,92448,7704,15054,AREIA BRANCA AEREO,12,1,11,12,6,False,ABR001;ABR005;ABR012;ABR016;ABR017;NIG029,18519976;18520731,SETD AREIA BRANCA;SETD NOVA IGUACU,15054;15692,AREIA BRANCA AEREO;NOVA IGUACU,107531080;107569200;107880111;111610156;133479057;20766232;20802063;20820931;20820952;20821078;20821148;689942855,1,1097
GNB29257,LDA NAUTICA,LDA,1150,SETD GUANABARA,1248129,46,13.2,3304557,26.065,28019.552,16391.721,101,11302.5,7413,7,58,431.12,63,16,47,694752105;707522460,14,3,2,12,2,6,GNB24905;GNB29176;GNB29224;GNB29340;GNB29528;GNB33417,0,0,-43.190903,-22.815087,-43.109834,-22.766075,89040,7420,15037,GUANABARA AEREO,12,2,10,12,6,False,GNB24905;GNB29176;GNB29224;GNB29340;GNB29528;GNB33417,1150,SETD GUANABARA,15037,GUANABARA AEREO,1567234;1603972;1603979;1604028;1604035;1604133;1629914;1629921;43973397;694752105;707522460;914574768,2,29
NIG005,LDA BARONI,LDA,18519976,SETD NOVA IGUACU,18915355,46,13.2,3303500,12.737,44685.865,40239.694,129,20167.5,7109,11,93,938.24,78,21,57,744845871;997363156,12,2,0,12,2,6,CSO003;CSO008;CSO009;CSO014;NIG006;NIG014,0,1,-43.465497,-22.765203,-43.441814,-22.756906,85440,7120,15692,NOVA IGUACU,12,2,10,13,6,False,CSO003;CSO008;CSO009;CSO014;NIG006;NIG014,18519976;18520821,SETD COMENDADOR SOARES;SETD NOVA IGUACU,15048;15692,COMENDADOR SOARES;NOVA IGUACU,20673995;20674142;20674149;20674212;20674219;20675003;20694386;20709219;23982048;744845871;744845942;997363156,1,1097
ROS016,LDA ORION,LDA,18519985,SETD ROSALI,18915360,46,13.2,3305109,9.744,19401.339,8993.482,67,7290.0,5204,9,43,503.64,50,10,40,621719771,14,3,2,12,1,8,GDL24901;MRT9954;ROS001;ROS003;ROS006;ROS012;ROS017;VGE00002,0,8,-43.370773,-22.812733,-43.355918,-22.791511,62556,5213,14996,ROSALI,12,1,11,12,6,False,GDL24901;MRT9954;ROS001;ROS003;ROS006;VGE00002,1258;1267;1312;18519985,SETD GUADALUPE;SETD MERITI;SETD ROSALI;SETD VIGARIO GERAL,14993;14996;15036,GUADALUPE AEREO;MERITI;ROSALI,109552861;120493963;128914484;1614122;1615550;20801958;23312283;25210684;25223422;25360772;32145081;621719771,1,1097
AFR001,LDA GUAIACA,LDA,18520461,SETD ARI FRANCO,18915105,46,13.2,3304557,8.96,27046.272,10855.674,72,8700.0,4958,3,53,604.69,25,5,20,646547639;990561468,12,2,0,12,2,6,AFR003;AFR005;AFR006;AFR008;AFR014;CAM001,0,0,-43.47264,-22.874672,-43.445999,-22.861712,59532,4961,15010,ARI FRANCO,12,2,10,12,6,False,AFR003;AFR005;AFR006;AFR008;AFR014;CAM001,18520461;18520488,SETD ARI FRANCO;SETD CAMARA,14991;15010,ARI FRANCO;CAMARA,20670747;20694897;20694911;20694918;20694939;20720902;20720916;20805843;20805920;294972064;646547639;990561468,1,1097
JAB00017,LDA SAMARIA,LDA,18520749,SETD JABOATAO,18915180,46,13.2,3304557,21.67,34933.246,28730.856,85,7755.0,4654,9,147,781.12,49,9,40,702266600;963079850,12,2,0,12,2,6,CMS008;CMS015;JAB00022;JAB012;JAB013;STS003,0,0,-43.625466,-22.901052,-43.558666,-22.857956,55956,4663,15029,JABOATAO AEREO,12,2,10,12,6,False,CMS008;CMS015;JAB00022;JAB012;JAB013;STS003,18520749;18520839;18521136,SETD COSMOS;SETD JABOATAO;SETD SANTISSIMO,15029;15042;16897,COSMOS;JABOATAO AEREO;SANTISSIMO AEREO,1012684155;20713727;20746791;20819867;20819965;20819979;22760656;401660776;480412737;55126676;702266600;963079850,1,1097
ROS002,LDA METEORO,LDA,18519985,SETD ROSALI,18915390,46,13.2,3305109,10.462,15024.924,10053.198,152,8617.5,4202,3,35,343.7,32,7,25,705216611,12,1,0,12,1,6,CRO014;ROS00019;ROS007;ROS008;SJO0013;VTL002,0,1,-43.370306,-22.791752,-43.357851,-22.765146,50460,4205,14996,ROSALI,12,1,11,12,6,False,CRO014;ROS00019;ROS007;ROS008;SJO0013;VTL002,18519985;18520794;18521055;310718139,SETD COELHO DA ROCHA;SETD ROSALI;SETD SAO JOAO;SETD VILAR DOS TELES,14996;15035;15072;15699,COELHO DA ROCHA;ROSALI;SAO JOAO;VILAR DOS TELES AEREO,20680351;20680358;20700819;20715155;20733894;20733908;20733915;20733978;20734020;404370475;705216602;705216611,1,1097
SJO0013,LDA DONACLARA,LDA,310718139,SETD SAO JOAO,310718374,46,13.2,3301702,9.262,29362.88,6629.861,65,7237.5,4090,3,21,304.79,27,11,16,765345572,14,1,2,12,1,8,ROS002;ROS007;SJO0003;SJO0004;SJO0005;SJO0010;SJO0012;SJO0014,0,0,-43.358943,-22.771388,-43.329588,-22.7614,49116,4093,15699,SAO JOAO,12,1,11,12,6,False,ROS002;ROS007;SJO0004;SJO0005;SJO0010;SJO0012,18519985;310718139,SETD ROSALI;SETD SAO JOAO,14996;15699,ROSALI;SAO JOAO,109398679;20677236;20677264;20680316;20733950;20733978;275520266;284662603;288329237;37388406;765345562;765345572,1,1097
BPN33195,LDA SANONI,LDA,1159,SETD BRAS DE PINA,1248209,46,13.2,3304557,6.974,25599.405,5845.089,60,7680.0,4069,2,21,168.67,38,12,26,137940710,12,1,0,12,1,6,BPN00001;BPN29431;BPN29676;PER0002;PER70278;PER794,0,0,-43.293001,-22.849178,-43.27879,-22.82593,48852,4071,15017,BRAS DE PINA,12,1,11,12,6,False,BPN00001;BPN29431;BPN29676;PER0002;PER70278;PER794,1159;1240,SETD BRAS DE PINA;SETD PEDRO ERNESTO,15017;15061,BRAS DE PINA;PEDRO ERNESTO AEREO,133135488;137940710;1580991;1581026;1581047;1581061;1581068;1581089;1581138;1581145;239094249;99986843,1,1097
CXS023,LDA ROSARIO,LDA,18520785,SETD CAXIAS,18915305,46,13.2,3301702,7.241,15522.985,5340.165,40,4657.5,3683,2,31,267.35,21,7,14,,12,0,0,12,0,6,CXS003;CXS015;CXS017;CXS024;SJO0006;SJO0008,0,0,-43.320576,-22.771343,-43.307472,-22.75677,44220,3685,15700,CAXIAS AEREO,12,0,12,12,6,False,CXS003;CXS015;CXS017;CXS024;SJO0006;SJO0008,18520785;310718139,SETD CAXIAS;SETD SAO JOAO,15699;15700,CAXIAS AEREO;SAO JOAO,20677215;20677306;20677313;20718907;20787833;20787847;20787854;20787868;20807600;282321945;285598256;285598343,1,1097
AGR008,LDA MELGACO,LDA,1285,SETD AGUA GRANDE,1248369,46,13.2,3304557,7.112,7651.2,3145.976,68,8407.5,3055,1,12,46.56,27,4,23,,12,0,0,12,0,6,AGR002;AGR011;BPN29858;BPN29920;MRT273;VGE3703,0,1,-43.313306,-22.828669,-43.294256,-22.810293,36672,3056,15045,AGUA GRANDE AEREO,12,0,12,13,6,False,AGR002;AGR011;BPN29858;BPN29920;MRT273;VGE3703,1159;1267;1285;1312,SETD AGUA GRANDE;SETD BRAS DE PINA;SETD MERITI;SETD VIGARIO GERAL,15017;15045;15062,AGUA GRANDE AEREO;BRAS DE PINA;VIGARIO GERAL AEREO,1601137;1601242;1601340;1601347;1601361;1613625;1614647;1614710;1627191;1627345;1627394;1627408,1,1097
ESP020,LSA BELIZARIO,LSA,18519958,SETD ESPERANCA,717020753,67,25.0,3304557,53.046,13872.499,27802.92,11,6692.5,55,12,4,7587.095,78,17,61,470206180;488657394,17,3,5,12,2,7,BRI00005;ESP006;ESP017;ESP018;SRD002;STS002;STS003,1,0,-43.740758,-22.912331,-43.624278,-22.758646,804,67,16899,ESPERANCA AEREO AT/MT,12,2,10,13,6,False,BRI00005;ESP006;ESP017;ESP018;STS002;STS003,18519958;18521136;18521208,SETD BRISAMAR;SETD ESPERANCA;SETD SANTISSIMO,15006;15042;15070;16899;16900,BRISA MAR;ESPERANCA AEREO AT/MT;ESPERANCA AEREO MT/MT;PACIENCIA;SANTISSIMO AEREO,159925777;161725091;20707105;22803447;22803722;22804039;22981601;25464541;394197789;470206180;488657394;780627732,1,1097
NIG026,LSA NOVANIL,LSA,18519976,SETD NOVA IGUACU,18915395,67,25.0,3303500,40.237,8967.986,8710.685,0,0.0,0,3,0,0.0,40,9,31,464602373,14,1,2,12,1,8,CRO004;MNB012;MRT2135;MRT2929;NIG0004;NIG025;NIG027;NIG029,0,0,-43.445576,-22.810157,-43.326493,-22.697497,36,3,14993,MERITI,12,1,11,12,6,False,CRO004;MNB012;MRT2135;MRT2929;NIG027;NIG029,1312;18519976;18520902;18521055,SETD COELHO DA ROCHA;SETD MENA BARRETO;SETD MERITI;SETD NOVA IGUACU,14993;15035;15057;15692,COELHO DA ROCHA;MENA BARRETO AEREO;MERITI;NOVA IGUACU,20679952;20717157;20717248;20745118;20814155;24050790;29226970;38508611;440482830;464602373;687362181;877242818,1,1097
MNB005,LDA UNIAO,LDA,18520902,SETD MENA BARRETO,18915260,46,13.2,3302858,9.67,34829.003,6492.538,67,8062.5,7953,4,20,225.85,40,16,24,,13,0,1,12,0,6,MNB001;MNB006;MNB009;MNB014;MNB016;MNB018,0,0,-43.442087,-22.810968,-43.422093,-22.797607,95484,7957,15057,MENA BARRETO AEREO,12,0,12,12,5,False,MNB001;MNB006;MNB009;MNB014;MNB018,18520902,SETD MENA BARRETO,15057,MENA BARRETO AEREO,142213068;20727265;20728091;20815212;20815219;20815240;20815303;20815317;20815338;20815352;20815359;20815373,1,1097
CAM004,LDA MARMI,LDA,18520488,SETD CAMARA,18915100,46,13.2,3304557,14.936,40539.0,4320.14,91,10867.5,6779,1,7,32.59,53,15,38,463086607,13,1,1,12,1,6,CAM001;CAM002;CAM008;CAM015;CAM020;STS006,0,0,-43.509354,-22.888542,-43.482619,-22.865275,81360,6780,14991,CAMARA,12,1,11,12,5,False,CAM001;CAM002;CAM015;CAM020;STS006,18520488;18521136,SETD CAMARA;SETD SANTISSIMO,14991;15042,CAMARA;SANTISSIMO AEREO,20730758;20730814;20730828;20730835;20730856;20730863;20745020;20802707;20804310;20805969;295388617;463086607,1,1097
REC6,LDA ELIMATO,LDA,132097219,SETD RECREIO,132098328,46,13.2,3304557,23.404,29141.0,24884.634,137,16470.0,6583,13,345,4588.47,94,17,77,29463588;713422434;960061157;961568349,16,4,4,12,4,7,ITP000;ITP0004;ITP33370;REC00008;REC0001;REC37997;REC9,0,0,-43.470554,-23.01313,-43.443153,-22.976072,79152,6596,14999,RECREIO,12,4,8,12,5,False,ITP000;ITP0004;ITP33370;REC00008;REC9,10385988;132097219,SETD ITAPEBA;SETD RECREIO,14999;15060;15066,ITAPEBA AEREO URBANO;ITAPEBA SUBTERRANEO;RECREIO,103987890;11024786;11025080;141595120;155202367;29463588;295254908;713422434;713422443;739877769;960061157;961568349,1,1097
CXS018,LDA MONTELO,LDA,18520785,SETD CAXIAS,18915325,46,13.2,3301702,14.633,22144.142,15451.281,141,12510.0,6461,7,108,811.73,45,13,32,967541332;971165453,12,2,0,12,2,5,CXS0025;CXS006;CXS007;CXS011;CXS012,0,0,-43.311088,-22.773486,-43.283377,-22.75665,77616,6468,15700,CAXIAS AEREO,12,2,10,12,5,False,CXS0025;CXS006;CXS007;CXS011;CXS012,18520785,SETD CAXIAS,15700,CAXIAS AEREO,106817674;111687135;133500479;145566631;20685720;20692636;20728966;20736834;30444735;489772782;967541332;971165453,1,1097
PVN9857,LDA CASTRO,LDA,1303,SETD PAVUNA,1248379,46,13.2,3304557,9.272,22044.624,9130.369,70,7395.0,5779,5,55,474.07,53,12,41,,12,0,0,12,0,5,PVN0001;PVN0002;PVN3632;PVN70277;PVN9897,0,1,-43.414356,-22.830297,-43.388006,-22.816168,69408,5784,14994,PAVUNA,12,0,12,12,5,False,PVN0001;PVN0002;PVN3632;PVN70277;PVN9897,1303,SETD PAVUNA,14994,PAVUNA,102553735;102566573;1624811;1624818;1624846;1624860;1624916;1625035;1625119;1626197;17897475;59832665,1,1097
VRD002,LDA LARANJAL/LDA SIDEROPOLIS,LDA,18520470,SETD VOLTA REDONDA,18915400,46,13.2,3306305,41.093,25121.486,23150.561,163,14007.5,5669,10,225,1699.58,121,22,99,494179422,20,1,8,12,1,11,VRD0022;VRD007;VRD010;VRD012;VRD015;VRD016;VRD017;VRD018;VRD019;VRD020;VRD021,0,0,-44.101279,-22.586933,-44.04864,-22.513233,68148,5679,15084,VOLTA REDONDA AEREO AT/MT,12,1,11,12,5,False,VRD0022;VRD007;VRD010;VRD012;VRD018,18520470,SETD VOLTA REDONDA,14995;15084,RETIRO;VOLTA REDONDA AEREO AT/MT,20689605;20689647;20724535;20757724;20757759;20803729;230982883;37538234;488068923;494179422;680856938;728924114,1,1097
RTO013,LDA CAFEZAL,LDA,18520875,SETD RETIRO,18915285,46,13.2,3306305,15.618,14331.879,11440.282,55,4852.5,5632,3,55,487.27,42,10,32,625038995;658296237,13,2,1,12,2,6,FTL012;RTO00014;RTO006;RTO008;RTO010;RTO011,0,1,-44.157766,-22.505949,-44.12049,-22.489632,67620,5635,14995,RETIRO,12,2,10,12,5,False,FTL012;RTO00014;RTO006;RTO010;RTO011,18520875;18521064,SETD FONTINELE;SETD RETIRO,14995;15007,FONTINELE;RETIRO,158985367;158985399;20680169;20701652;20719558;20719572;20719656;20719663;20802119;264858350;625038995;658296237,1,1097
NIG013,LDA AGUIA,LDA,18519976,SETD NOVA IGUACU,18915380,46,13.2,3303500,10.68,25232.36,13935.78,75,8482.5,4883,3,92,852.69,30,9,21,755469277,12,1,0,12,1,5,ABR016;NIG008;NIG012;NIG023;NIG028,0,1,-43.445783,-22.758874,-43.434051,-22.73171,58632,4886,15692,NOVA IGUACU,12,1,11,13,5,False,ABR016;NIG008;NIG012;NIG023;NIG028,18519976;18520731,SETD AREIA BRANCA;SETD NOVA IGUACU,15054;15692,AREIA BRANCA AEREO;NOVA IGUACU,20658886;20659026;20686791;20686910;20699993;20700014;20700028;20700070;20807264;52611368;755469277;755469286,1,1097
MNB019,LDA BEIJAFLOR,LDA,18520902,SETD MENA BARRETO,18915315,46,13.2,3302858,5.487,24152.62,8488.682,36,5000.0,3430,3,37,383.148,28,6,22,759557179,12,1,0,12,1,5,MNB006;MNB007;MNB010;MNB021;PVN0006,0,0,-43.425081,-22.81832,-43.415258,-22.797861,41196,3433,15057,MENA BARRETO AEREO,12,1,11,12,5,False,MNB006;MNB007;MNB010;MNB021;PVN0006,1303;18520902,SETD MENA BARRETO;SETD PAVUNA,15057,MENA BARRETO AEREO,20675206;20675213;20675227;20675283;20675311;20675325;20675339;20728091;20735343;20735413;20735448;759557179,1,1097
CSO011,LDA PAPOULA,LDA,18520821,SETD COMENDADOR SOARES,54431863,46,13.2,3303500,27.004,31165.024,13250.792,93,9345.0,9018,3,109,521.02,37,10,27,865584629;976734778,12,2,0,12,2,4,CSO001;CSO002;CSO013;NIG030,0,1,-43.508274,-22.756187,-43.481686,-22.7422,108252,9021,15048,COMENDADOR SOARES,12,2,10,12,4,False,CSO001;CSO002;CSO013;NIG030,18519976;18520821,SETD COMENDADOR SOARES;SETD NOVA IGUACU,15048;15692,COMENDADOR SOARES;NOVA IGUACU,134088905;20678524;20726236;20726264;20757829;20757850;20757864;20757913;28379258;28379495;865584629;976734778,1,1097
CRM0011,LDA CABUL,LDA,280389625,SETD CARMARI,280389924,46,13.2,3303500,20.388,29728.222,14770.296,97,10537.5,7778,2,100,676.45,48,9,39,779807665,12,1,0,12,1,4,CRM0004;CRM0005;NIG012;NIG028,0,1,-43.46405,-22.739964,-43.444102,-22.714015,93360,7780,15691,CARMARI,12,1,11,12,4,False,CRM0004;CRM0005;NIG012;NIG028,18519976;280389625,SETD CARMARI;SETD NOVA IGUACU,15691;15692,CARMARI;NOVA IGUACU,20673064;20673092;20682584;20682759;20737380;20737401;23067666;24055232;269345463;457895156;495871298;779807665,1,1097
CMS015,LDA PACI,LDA,18520839,SETD COSMOS,18915255,46,13.2,3304557,19.531,35736.587,9765.048,122,11557.5,7636,8,31,442.5,54,14,40,688972373;743415984,12,2,0,12,2,4,CMS008;CMS009;CMS012;JAB00017,0,0,-43.643931,-22.903771,-43.612329,-22.87004,91728,7644,16897,COSMOS,12,2,10,12,4,False,CMS008;CMS009;CMS012;JAB00017,18520749;18520839,SETD COSMOS;SETD JABOATAO,15029;16897,COSMOS;JABOATAO AEREO,20690109;20746637;20746735;20746763;20746791;23458483;465083168;528531328;56728211;688972373;743415984;758165817,1,1097
MNB004,LDA GOCEPE,LDA,18520902,SETD MENA BARRETO,18915260,46,13.2,3302858,10.129,27411.699,13731.381,73,8340.0,5969,4,65,408.2,43,15,28,764813040,12,1,0,12,1,4,MNB003;MNB012;MNB016;NIG010,0,0,-43.426448,-22.797953,-43.418919,-22.771502,71676,5973,15057,MENA BARRETO AEREO,12,1,11,12,4,False,MNB003;MNB012;MNB016;NIG010,18519976;18520902,SETD MENA BARRETO;SETD NOVA IGUACU,15057;15692,MENA BARRETO AEREO;NOVA IGUACU,20679889;20709464;20709506;20709520;20709576;20709604;20709667;20709681;20709688;583348504;764813028;764813040,1,1097
STC00004,LDA SANCARLO,LDA,34192093,SETD SANTA CLARA,470944477,46,13.2,3304144,13.758,22131.352,8948.93,70,7050.0,5536,2,46,422.01,31,13,18,973522891;974574940,12,2,0,12,2,4,RFR006;STC00002;STC00006;STC00007,0,0,-43.569831,-22.72328,-43.541001,-22.697283,66456,5538,15052,SANTA CLARA AEREO,12,2,10,13,4,False,RFR006;STC00002;STC00006;STC00007,18520767;34192093,SETD ROCHA FREIRE;SETD SANTA CLARA,15052;15693,ROCHA FREIRE AEREO AT/MT;SANTA CLARA AEREO,139684636;20667814;20704816;20704830;20720419;20729932;20780018;20780053;223339559;39449676;973522891;974574940,1,1097
MTC001,LDA GUAPORE,LDA,1276,SETD MATURACA,1248374,46,13.2,3304557,8.228,28299.456,17301.117,76,8632.5,5363,11,29,494.21,43,11,32,990939343,16,2,4,12,1,7,AGR002;MTC006;MTC007;MTC008;MTC012;MTC34958;PER70278,0,0,-43.302277,-22.844089,-43.283962,-22.834482,64488,5374,15031,MATURACA AEREO,12,1,11,12,4,False,AGR002;MTC008;MTC012;PER70278,1240;1276;1285,SETD AGUA GRANDE;SETD MATURACA;SETD PEDRO ERNESTO,15017;15031;15045,AGUA GRANDE AEREO;BRAS DE PINA;MATURACA AEREO,1583301;1611077;1611119;1611154;1611168;1611385;1611707;1611721;16416007;61352702;865322593;990939343,1,1097
CLG0014,LDA FERNIZ,LDA,1249,SETD COLEGIO,1248304,46,13.2,3304557,9.798,21588.944,8318.601,74,7897.5,4995,1,32,200.55,36,9,27,745021934,12,1,0,12,1,4,CLG0001;CLG0007;CLG0008;CLG0016,0,0,-43.336116,-22.863175,-43.318757,-22.844495,59952,4996,15021,COLEGIO AEREO,12,1,11,12,4,False,CLG0001;CLG0007;CLG0008;CLG0016,1249,SETD COLEGIO,15021,COLEGIO AEREO,139628357;1602341;1602411;1602418;1613842;1613940;1613947;1613996;1630768;1630796;1630894;745021934,1,1097
PVN0002,LDA ALCOBACA,LDA,1303,SETD PAVUNA,1248379,46,13.2,3304557,9.031,22470.096,9691.264,61,6840.0,4915,3,48,348.44,28,11,17,1007273715;276692615,12,2,0,12,2,4,PVN0006;PVN3632;PVN9857;PVN9874,0,0,-43.420078,-22.831848,-43.388012,-22.816165,59016,4918,14994,PAVUNA,12,2,10,12,4,False,PVN0006;PVN3632;PVN9857;PVN9874,1303,SETD PAVUNA,14994;15057,MENA BARRETO AEREO;PAVUNA,1007273715;1615088;1624846;1624860;1626134;1626162;1626197;17897475;261015118;261410169;276692605;276692615,1,1097
BMT29737,LDA AVEMAR,LDA,1195,SETD BOCA DO MATO,1248174,46,13.2,3304557,5.274,22732.238,19008.122,72,10717.5,4401,2,63,465.42,43,12,31,800303369;986997659,13,3,1,12,2,4,BMT0001;BMT29822;BMT29953;CBI33798,0,0,-43.290413,-22.911099,-43.284537,-22.89902,52836,4403,15055,BOCA DO MATO AEREO,12,2,10,12,4,False,BMT0001;BMT29822;BMT29953;CBI33798,1141;1195,SETD BOCA DO MATO;SETD CACHAMBI,14998;15027;15055,BOCA DO MATO AEREO;CACHAMBI AEREO;PIEDADE,1607241;1607381;1616670;1616677;1616698;1616705;1616796;1616824;1616831;575702025;800303369;986997659,1,1097
CXS024,LDA BILAC,LDA,18520785,SETD CAXIAS,18915325,46,13.2,3301702,7.511,13430.658,5152.319,48,5752.5,4371,3,27,337.88,23,9,14,758938854,15,1,3,12,1,9,CXS015;CXS023;SJO0003;SJO0004;SJO0005;SJO0006;SJO0007;SJO0008;SJO0011,0,0,-43.329786,-22.771305,-43.308273,-22.761201,52488,4374,15699,SAO JOAO,12,1,11,12,4,False,CXS015;CXS023;SJO0004;SJO0008,18520785;310718139,SETD CAXIAS;SETD SAO JOAO,15699;15700,CAXIAS AEREO;SAO JOAO,20677159;20677194;20677215;20677292;20677306;20677313;20687113;20787868;269040600;58982893;758938854;758938865,1,1097
ESP001,LDA RAVASCO,LDA,18519958,SETD ESPERANCA,18915335,46,13.2,3304557,13.362,28570.54,6489.219,60,7417.5,4171,5,53,2525.99,30,12,18,754095179;991630627;995709991,12,3,0,12,3,4,ESP008;ESP012;ESP015;PCI0004,0,0,-43.69936,-22.950408,-43.678839,-22.912783,50112,4176,16899,ESPERANCA AEREO AT/MT,12,3,9,12,4,False,ESP008;ESP012;ESP015;PCI0004,18519958;450101398,SETD ESPERANCA;SETD PACIENCIA,16899;16900,ESPERANCA AEREO AT/MT;PACIENCIA,20704165;20704228;20732004;20777232;20777316;20777330;20777351;27494647;754095179;92785268;991630627;995709991,1,1097
LPD33255,LDA MARTINELLI,LDA,10386033,SETD LEOPOLDO,10401385,46,13.2,3304557,7.284,17203.589,13891.742,64,8465.0,4120,3,68,518.75,52,14,38,653636993;688895070,12,2,0,12,2,4,LPD29027;LPD29304;LPD29480;LPD33251,0,0,-43.269556,-22.931723,-43.253451,-22.916967,49476,4123,15030,LEOPOLDO AEREO,12,2,10,12,4,False,LPD29027;LPD29304;LPD29480;LPD33251,10386033,SETD LEOPOLDO,15030,LEOPOLDO AEREO,11039240;11074916;11074972;11074979;514438507;628688851;628706038;653636976;653636993;688895070;688895085;971994168,1,1097
PER654,LDA TUPI,LDA,1240,SETD PEDRO ERNESTO,1248294,46,13.2,3304557,5.954,16239.058,9437.087,46,5752.5,3219,2,18,217.54,34,12,22,750994915;965952535,12,2,0,12,2,4,PER29500;PER33741;PER667;PER852,0,0,-43.282577,-22.852832,-43.260747,-22.846784,38652,3221,15061,PEDRO ERNESTO AEREO,12,2,10,12,4,False,PER29500;PER33741;PER667;PER852,1240,SETD PEDRO ERNESTO,15015;15061,PEDRO ERNESTO AEREO;RAMOS AEREO,136133238;1586885;1586899;1586934;1586962;1587032;1630523;1630600;551216517;750994915;802535804;965952535,1,1097
WLS00015,LDA ALMIDARE,LDA,18519994,SETD WASHINGTON LUIS,254600861,46,13.2,3301702,6.995,27715.786,15256.296,55,7432.5,3018,8,27,341.83,28,8,20,752635240,12,1,0,12,1,4,CXS0025;WLS00014;WLS001;WLS004,0,1,-43.309973,-22.793146,-43.301688,-22.772762,36312,3026,15073,WASHINGTON LUIS AEREO,12,1,11,12,4,False,CXS0025;WLS00014;WLS001;WLS004,18519994;18520785,SETD CAXIAS;SETD WASHINGTON LUIS,15073;15700,CAXIAS AEREO;WASHINGTON LUIS AEREO,114620059;115238259;141405747;141491612;20692314;20692328;20744446;20744460;32194107;465757499;752635240;755228738,1,1097
CAM012,LDA ABAETE,LDA,18520488,SETD CAMARA,18915510,46,13.2,3304557,6.996,18897.0,12358.523,43,6795.0,2322,9,36,464.38,44,18,26,934211239,12,1,0,12,1,4,AFR014;CAM005;CAM006;CAM011,0,1,-43.483213,-22.888506,-43.46077,-22.87549,27972,2331,14991,CAMARA,12,1,11,12,4,False,AFR014;CAM005;CAM006;CAM011,18520461;18520488,SETD ARI FRANCO;SETD CAMARA,14991;15010,ARI FRANCO;CAMARA,20231057;20231106;20231113;20231120;20231127;20231225;20231239;20231246;20231260;20231267;20231288;934211239,1,1097
BAR30673,LDS 30673/LDA ORMOND,LDS,10385907,SETD BARRA,10401615,46,13.2,3304557,6.162,3000.511,2908.346,15,1875.0,462,1,19,134.65,24,7,17,10917448;10917833;48191660,12,3,0,12,3,4,BAR2477;BAR33368;BAR4472;BAR4998,0,0,-43.327548,-23.011883,-43.305747,-22.998328,5556,463,15013,BARRA AEREO,12,3,9,12,4,False,BAR2477;BAR33368;BAR4472;BAR4998,10385907,SETD BARRA,15013,BARRA AEREO,10917448;10917833;11092803;11119506;40385571;425810232;43996475;448306791;45675839;48191660;51292102;61146800,1,1097
VRD004,LDA TRESPOCOS,LDA,18520470,SETD VOLTA REDONDA,18915400,46,13.2,3306305,32.965,21429.209,19734.863,118,11570.0,8923,8,197,1444.67,74,16,58,461223510,12,1,0,12,1,3,VRD003;VRD011;VRD021,0,1,-44.089237,-22.52299,-44.024958,-22.483724,107172,8931,15084,VOLTA REDONDA AEREO AT/MT,12,1,11,12,3,False,VRD003;VRD011;VRD021,18520470,SETD VOLTA REDONDA,15084;15086,VOLTA REDONDA AEREO AT/MT;VOLTA REDONDA AEREO MT/MT,20658760;20658830;20680967;20681184;20718466;294375235;34884477;461223510;725681723;754412955;774058058;796872016,1,1097
MTC009,LDA TIRICA,LDA,1276,SETD MATURACA,1248359,46,13.2,3304557,6.8,18161.722,11253.367,62,6737.5,4760,2,39,211.2,33,13,20,761266155,14,2,2,12,1,5,CLG0016;MTC003;MTC008;MTC013;MTC34958,0,0,-43.321142,-22.85842,-43.30199,-22.840936,57144,4762,15031,MATURACA AEREO,12,1,11,12,3,False,CLG0016;MTC003;MTC013,1249;1276,SETD COLEGIO;SETD MATURACA,15021;15031,COLEGIO AEREO;MATURACA AEREO,1584813;1585492;1585506;1585520;1585576;1585590;1585597;1593773;1593836;1604756;1630866;761266155,1,1097
MNB010,LDA MIRANDELA,LDA,18520902,SETD MENA BARRETO,18915320,46,13.2,3302858,5.78,23246.988,15810.743,57,7912.5,4315,6,35,310.66,30,12,18,759557179,13,1,1,12,1,4,MNB006;MNB011;MNB019;PVN9848,0,0,-43.424097,-22.814876,-43.41335,-22.797726,51852,4321,15057,MENA BARRETO AEREO,12,1,11,12,3,False,MNB011;MNB019;PVN9848,1303;18520902,SETD MENA BARRETO;SETD PAVUNA,14994;15057,MENA BARRETO AEREO;PAVUNA,20708694;20708701;20708771;20708778;20708785;20708792;20708799;20735329;20735343;20735413;20735448;759557179,1,1097
PER667,LDA DELFIM,LDA,1240,SETD PEDRO ERNESTO,1248279,46,13.2,3304557,6.664,22414.464,6867.587,56,6810.0,4277,3,12,140.1,34,7,27,750994915,12,1,0,12,1,3,PER33741;PER654;PER711,0,0,-43.285281,-22.85453,-43.261044,-22.846786,51360,4280,15061,PEDRO ERNESTO AEREO,12,1,11,12,3,False,PER33741;PER654;PER711,1240,SETD PEDRO ERNESTO,15061,PEDRO ERNESTO AEREO,135175278;1586885;1586899;1586934;1586962;1587032;1621654;1628052;1628115;1628122;551216517;750994915,1,1097
AFR003,LDA GERICINO/ENGENHO,LDA,18520461,SETD ARI FRANCO,18915105,46,13.2,3304557,35.727,54079.168,29869.316,181,19170.0,8230,35,49,823.41,108,20,88,37328503;502900519,12,3,1,11,2,10,AFR001;AFR002;AFR005;AFR007;AFR009;AFR012;AFR014;AFR015;STS005;STS006,0,0,-43.518401,-22.86445,-43.470401,-22.833031,90915,8265,15010,ARI FRANCO,11,2,9,12,9,False,AFR001;AFR005;AFR007;AFR009;AFR012;AFR014;AFR015;STS005;STS006,18520461;18521136,SETD ARI FRANCO;SETD SANTISSIMO,15010;15042,ARI FRANCO;SANTISSIMO AEREO,20670747;20670754;20717913;20774516;20789058;20802364;20802462;37328503;424496323;502900519;915562557,1,1097
AFR005,LDA DRICA,LDA,18520461,SETD ARI FRANCO,18915085,46,13.2,3304557,16.858,45446.72,11494.717,115,13612.5,7815,6,38,395.8,52,9,43,20651810,11,1,0,11,1,8,AFR001;AFR003;AFR006;AFR014;AFR015;CAM002;PMG00019;PMG002,0,0,-43.472714,-22.874699,-43.424278,-22.857182,86031,7821,15010,ARI FRANCO,11,1,10,11,8,False,AFR001;AFR003;AFR006;AFR014;AFR015;CAM002;PMG00019;PMG002,18520461;18520479;18520488,SETD ARI FRANCO;SETD CAMARA;SETD PADRE MIGUEL,14991;15010;15019,ARI FRANCO;CAMARA;PADRE MIGUEL,20651810;20694883;20694911;20695555;20717941;20774516;20778408;20805990;20806025;294972064;295199711,1,1097
REC00008,LDA TEOTONIO,LDA,132097219,SETD RECREIO,132098319,46,13.2,3304557,15.561,27467.257,23637.943,90,16505.0,5527,8,96,737.8,71,13,58,587844307;960061157;960241500,11,3,0,11,3,8,ITP000;ITP33396;REC00002;REC00004;REC0001;REC0013;REC6;REC9,0,0,-43.49362,-23.034207,-43.456226,-23.005844,60885,5535,14999,RECREIO,11,3,8,11,8,False,ITP000;ITP33396;REC00002;REC00004;REC0001;REC0013;REC6;REC9,10385988;132097219,SETD ITAPEBA;SETD RECREIO,14999;15060;15066,ITAPEBA AEREO URBANO;ITAPEBA SUBTERRANEO;RECREIO,11007312;11025080;11025192;132763040;161583329;264378302;587844307;736623517;960061157;960241500;986602346,1,1097
TQR60096,LDA APIACAS,LDA,10385871,SETD TAQUARA,358368704,46,13.2,3304557,8.466,21720.0,12469.261,68,8540.0,3701,7,25,473.67,35,10,25,,13,0,2,11,0,9,CCD213;TQR00001;TQR00004;TQR00007;TQR0009;TQR33830;TQR33835;TQR60088;TQR60111,0,0,-43.374812,-22.922991,-43.356141,-22.911968,40788,3708,15023,TAQUARA AEREO,11,0,11,12,8,False,CCD213;TQR00001;TQR00004;TQR00007;TQR0009;TQR33835;TQR60088;TQR60111,10385871;1186,SETD CASCADURA;SETD TAQUARA,15023,TAQUARA AEREO,11007788;11007802;11007865;11007921;11052766;11052843;11100037;132015319;134110575;359429286;461755505,1,1097
PDG219,LSA TIROL,LSA,10385916,SETD PORTA DAGUA,10401275,67,25.0,3304557,14.219,25044.795,22096.236,0,0.0,0,3,0,0.0,25,6,19,381526195,11,1,0,11,1,8,CUR33144;CUR33311;CUR33326;CUR33332;PDG208;PDG280;PDG29748;PDG33010,0,0,-43.390591,-22.960097,-43.331475,-22.937758,33,3,16902,PORTA DAGUA AEREO,11,1,10,11,8,False,CUR33144;CUR33311;CUR33326;CUR33332;PDG208;PDG280;PDG29748;PDG33010,10385916;10386042,SETD CURICICA;SETD PORTA DAGUA,16901;16902;16903,CURICICA AEREO;GARDENIA;PORTA DAGUA AEREO,11036258;11036335;11053956;11093349;11103299;11103306;11103327;11155497;17094607;381526195;512214153,1,1097
TQR00005,LDA NOVELISTA,LDA,10385871,SETD TAQUARA,10401220,46,13.2,3304557,16.036,34579.0,25459.335,132,17192.5,8449,5,107,1227.4,68,17,51,494484218;990947932,11,2,0,11,2,7,CUR33777;PDG33010;PDG33662;PDG33670;TQR00004;TQR00007;TQR0006,0,0,-43.377593,-22.942416,-43.353467,-22.911868,92994,8454,15023,TAQUARA AEREO,11,2,9,11,7,False,CUR33777;PDG33010;PDG33662;PDG33670;TQR00004;TQR00007;TQR0006,10385871;10385916;10386042,SETD CURICICA;SETD PORTA DAGUA;SETD TAQUARA,15023;16901;16902,CURICICA AEREO;PORTA DAGUA AEREO;TAQUARA AEREO,11025465;11053039;11053172;11134579;139731070;345233380;454051889;460931185;494484218;647311978;990947932,1,1097
RFR002,LSA SABIA,LSA,18520767,SETD ROCHA FREIRE,18915425,67,25.0,3303500,31.293,35132.728,14404.352,122,26010.0,7113,8,50,572.97,151,35,116,705796306,18,2,7,11,1,12,CRM0012;CSO007;QMD006;RFR001;RFR003;RFR004;RFR005;RFR006;RFR007;STC00002;STC00005;STC00010,0,0,-43.534035,-22.724353,-43.466961,-22.691556,78331,7121,15693,ROCHA FREIRE AEREO AT/MT,11,1,10,13,7,False,CRM0012;CSO007;RFR005;RFR006;STC00002;STC00005;STC00010,18520767;18520821;280389625;34192093,SETD CARMARI;SETD COMENDADOR SOARES;SETD ROCHA FREIRE;SETD SANTA CLARA,15048;15052;15691;15693,CARMARI;COMENDADOR SOARES;ROCHA FREIRE AEREO AT/MT;SANTA CLARA AEREO,20678342;20685832;20685902;20736218;20739830;20739858;20767660;208074393;20817690;705796294;705796306,1,1097
CCD815,LDA BENICIO,LDA,1186,SETD CASCADURA,1248259,46,13.2,3304557,11.007,38812.421,16701.09,89,9630.0,6056,9,30,300.77,58,13,45,1000141341;26271015;514266727,11,3,0,11,3,7,CCD213;CCD224;CCD34454;CCD3787;CCD826;VVQ9884;VVQ9951,0,0,-43.349083,-22.906333,-43.331909,-22.880231,66715,6065,15034,CASCADURA AEREO,11,3,8,11,7,False,CCD213;CCD224;CCD34454;CCD3787;CCD826;VVQ9884;VVQ9951,1177;1186,SETD CASCADURA;SETD VILA VALQUEIRE,15032;15034,CASCADURA AEREO;VILA VALQUEIRE,1000141341;1598372;1598435;1618056;1618840;1618868;1618875;1629949;26271015;336211624;514266727,1,1097
SJO0011,LDA CURUCA,LDA,310718139,SETD SAO JOAO,310718324,46,13.2,3301702,11.513,24001.064,7139.138,64,7207.5,5518,8,20,311.26,35,7,28,160419608;30900294;765388418,12,3,1,11,3,8,CXS024;MRT2929;SJO0006;SJO0008;SRP002;SRP004;SRP007;SRP010,0,0,-43.329781,-22.764844,-43.310021,-22.733654,60786,5526,15699,SAO JOAO,11,3,8,12,7,False,MRT2929;SJO0006;SJO0008;SRP002;SRP004;SRP007;SRP010,1312;18520803;310718139,SETD MERITI;SETD SAO JOAO;SETD SARAPUI,14993;15000;15699,MERITI;SAO JOAO;SARAPUI,160419608;20713944;20714000;20729204;20729218;20730996;22505668;285692722;30900294;765388418;765388427,1,1097
TRV607,LDA NITEROI,LDA,10385898,SETD TROVAO,10401250,46,13.2,3304557,9.194,26335.441,16500.582,77,8645.0,4327,17,20,674.0,66,14,52,861741465;924876161,11,2,0,11,2,7,CMT29141;TRG2H035;TRG678;TRG848;TRG966;TRV626;TRV843,0,0,-43.245502,-22.908962,-43.227575,-22.889002,47784,4344,15020,TROVAO AEREO,11,2,9,13,7,False,CMT29141;TRG2H035;TRG678;TRG848;TRG966;TRV626;TRV843,10385898;10386051;1204,SETD CAMPO MARTE;SETD TRIAGEM;SETD TROVAO,15020;15024;15047,CAMPO MARTE AEREO;TRIAGEM AEREO;TROVAO AEREO,11056021;11118554;11118624;1586479;1611266;1611301;1627499;499392201;660301278;861741465;924876161,1,1097
CBI24854,LDA MENDEVAZ,LDA,1141,SETD CACHAMBI,1248124,46,13.2,3304557,5.81,24695.312,22333.522,65,8867.5,3867,12,31,410.4,44,13,31,967592860;973707555,14,2,3,11,2,10,CBI00003;CBI24801;CBI24833;CBI24896;CBI24970;CBI33550;CBI33803;CBI33806;CBI33810;CBI34677,0,0,-43.2882,-22.889521,-43.27407,-22.882992,42669,3879,15027,CACHAMBI AEREO,11,2,9,12,7,False,CBI24801;CBI24896;CBI33550;CBI33803;CBI33806;CBI33810;CBI34677,1141,SETD CACHAMBI,15027,CACHAMBI AEREO,1589230;1601620;1601683;1601690;1601697;1601711;1612183;478016669;643108157;967592860;973707555,1,1097
RFR005,LSA PINTASSILGO,LSA,18520767,SETD ROCHA FREIRE,18915430,67,25.0,3303500,60.422,-38006.18,4977.409,98,10207.5,2113,10,15,1994.06,105,15,90,23909071;780984212,14,3,3,11,2,8,CRM0010;CRM0012;NIG025;RFR002;RFR003;RFR004;RFR007;STC00006,0,0,-43.518452,-22.728298,-43.442861,-22.634398,23353,2123,15693,ROCHA FREIRE AEREO AT/MT,11,2,9,11,7,False,CRM0010;CRM0012;NIG025;RFR002;RFR004;RFR007;STC00006,18519976;18520767;280389625;34192093,SETD CARMARI;SETD NOVA IGUACU;SETD ROCHA FREIRE;SETD SANTA CLARA,15052;15691;15692;15693,CARMARI;NOVA IGUACU;ROCHA FREIRE AEREO AT/MT;SANTA CLARA AEREO,143595831;20679343;20684180;20695191;20767660;23909071;253230093;420880735;483422847;60064739;780984212,1,1097
DMC772,LDA DONABEL,LDA,1168,SETD DEMOCRATICOS,1248149,46,13.2,3304557,8.451,20686.596,11619.5,79,10860.0,1996,12,11,394.4,51,11,40,,11,0,0,11,0,7,DMC3326;DMC631;DMC739;DMC925;RAM33284;TRG275;TRV845,0,2,-43.258518,-22.875706,-43.238769,-22.867677,22088,2008,15056,DEMOCRATICOS AEREO,11,0,11,12,7,False,DMC3326;DMC631;DMC739;DMC925;RAM33284;TRG275;TRV845,10385898;1132;1168;1204,SETD DEMOCRATICOS;SETD RAMOS;SETD TRIAGEM;SETD TROVAO,15015;15020;15056,DEMOCRATICOS AEREO;RAMOS AEREO;TROVAO AEREO,1598127;1611574;1621430;1623936;1623999;1624055;1628885;1629039;34408300;460458743;630127400,1,1097
ESP016,LSA RAPI,LSA,18519958,SETD ESPERANCA,18915345,67,25.0,3304557,59.511,54621.929,20676.102,173,30297.5,10529,8,175,1236.46,150,41,109,702833405;990977986,23,6,12,11,2,9,ESP003;ESP008;ESP011;ESP017;MTO00001;MTO00002;MTO0003;PCI0015;STS005,0,0,-43.706432,-23.005896,-43.612791,-22.911824,115907,10537,16899,ESPERANCA AEREO AT/MT,11,2,9,12,6,False,ESP008;ESP011;ESP017;MTO00002;MTO0003;PCI0015,18519958;29148432;450101398,SETD ESPERANCA;SETD MATO ALTO;SETD PACIENCIA,16898;16899;16900,ESPERANCA AEREO AT/MT;MATO ALTO;PACIENCIA,20704228;22415299;22415797;23407567;23651342;28344822;545320841;553307729;675726427;702833405;990977986,1,1097
RTO006,LDA SAVIOGAMA,LDA,18520875,SETD RETIRO,18915280,46,13.2,3306305,15.876,24387.135,20858.376,88,9277.5,8087,8,120,1115.52,54,10,44,685210846;793217826,11,2,0,11,2,6,RTO002;RTO003;RTO007;RTO008;RTO013;VRD015,0,0,-44.121148,-22.500796,-44.094279,-22.484908,89045,8095,14995,RETIRO,11,2,9,11,6,False,RTO002;RTO003;RTO007;RTO008;RTO013;VRD015,18520470;18520875,SETD RETIRO;SETD VOLTA REDONDA,14995;15086,RETIRO;VOLTA REDONDA AEREO MT/MT,1003353306;20661973;20662043;20662092;20695009;20802119;501517732;530669874;685210835;685210846;793217826,1,1097
ABR002,LDA AMARUI,LDA,18520731,SETD AREIA BRANCA,18915185,46,13.2,3300456,30.238,34796.516,13167.514,128,12217.5,7865,10,33,346.06,73,16,57,558967157,11,1,0,11,1,6,ABR00020;ABR00021;ABR007;ABR013;ABR015;VTL004,0,1,-43.397605,-22.75112,-43.357858,-22.684171,86625,7875,15054,AREIA BRANCA AEREO,11,1,10,11,6,False,ABR00020;ABR00021;ABR007;ABR013;ABR015;VTL004,18520731;18520794,SETD AREIA BRANCA;SETD VILAR DOS TELES,15054;15072,AREIA BRANCA AEREO;VILAR DOS TELES AEREO,20661651;20661686;20661721;20661728;20661875;20676704;29311306;558967157;571145007;571145036;710609789,1,1097
PCI0004,LDA APORUNA,LDA,450101398,SETD PACIENCIA,716630134,46,13.2,3304557,21.646,39192.08,12118.884,104,12510.0,6559,2,64,930.89,49,14,35,539614204;991630627,15,3,4,11,2,6,ESP001;ESP004;ESP008;ESP017;PCI0005;PCI0014,0,0,-43.696189,-22.959139,-43.636389,-22.935358,72171,6561,16900,PACIENCIA,11,2,9,11,6,False,ESP001;ESP004;ESP008;ESP017;PCI0005;PCI0014,18519958;450101398,SETD ESPERANCA;SETD PACIENCIA,16899;16900,ESPERANCA AEREO AT/MT;PACIENCIA,20704466;22931452;25227469;25227481;27494647;31574401;425226328;505090383;539614204;552517865;991630627,1,1097
ROS018,LDA LUA,LDA,18519985,SETD ROSALI,18915390,46,13.2,3305109,9.534,20164.085,7249.56,74,7905.0,5577,6,17,108.13,39,10,29,537497157,11,1,0,11,1,6,PVN9833;ROS003;ROS009;ROS010;ROS013;ROS015,0,1,-43.387916,-22.811012,-43.370038,-22.791516,61413,5583,14996,ROSALI,11,1,10,11,6,False,PVN9833;ROS003;ROS009;ROS010;ROS013;ROS015,1303;18519985,SETD PAVUNA;SETD ROSALI,14994;14996,PAVUNA;ROSALI,133393256;135394595;20731108;20768150;20768234;20768325;20807754;26670113;474207972;537497157;56702693,1,1097
PMG001,LDA ALCANTA,LDA,18520479,SETD PADRE MIGUEL,18915110,46,13.2,3304557,8.388,19951.662,10852.864,53,6345.0,5093,3,75,675.73,30,12,18,580415748;757843836;996508658,11,3,0,11,3,6,PMG00019;PMG0016;PMG005;PMG008;PMG011;PMG013,0,0,-43.42724,-22.891006,-43.408178,-22.870546,56056,5096,15019,PADRE MIGUEL,11,3,8,12,6,False,PMG00019;PMG0016;PMG005;PMG008;PMG011;PMG013,18520479,SETD PADRE MIGUEL,15019,PADRE MIGUEL,20659628;20659726;20659740;20659782;20659803;20767919;20767933;20767961;580415748;757843836;996508658,1,1097
ABR010,LDA AUREA,LDA,18520731,SETD AREIA BRANCA,18915210,46,13.2,3300456,12.251,19565.727,6754.378,68,6982.5,4925,2,22,115.46,35,10,25,741312070,11,1,0,11,1,6,ABR00021;ABR003;ABR007;ABR015;CRO0013;CRO0031,0,0,-43.399228,-22.762833,-43.379606,-22.744108,54197,4927,15054,AREIA BRANCA AEREO,11,1,10,11,6,False,ABR00021;ABR003;ABR007;ABR015;CRO0013;CRO0031,18520731;18521055,SETD AREIA BRANCA;SETD COELHO DA ROCHA,15035;15054,AREIA BRANCA AEREO;COELHO DA ROCHA,20670831;20670887;20670894;20720636;20720671;20720699;20747666;392750806;684463666;741312060;741312070,1,1097
MTC013,LDA TEJUPA,LDA,1276,SETD MATURACA,1248364,46,13.2,3304557,8.667,16906.097,11252.943,69,8532.5,4698,6,28,341.36,42,8,34,761266155,11,1,0,11,1,6,CCD268;CCD34456;MTC002;MTC007;MTC009;MTC010,0,0,-43.323529,-22.859616,-43.301951,-22.841502,51744,4704,15031,MATURACA AEREO,11,1,10,13,6,False,CCD268;CCD34456;MTC002;MTC007;MTC009;MTC010,1186;1276,SETD CASCADURA;SETD MATURACA,15031;15034,CASCADURA AEREO;MATURACA AEREO,1584708;1584757;1584813;1585219;1585492;1585506;1585576;1585590;1591883;461721011;761266155,1,1097
CRO0016,LDA ONIX,LDA,18521055,SETD COELHO DA ROCHA,18915455,46,13.2,3305109,8.72,20104.992,10827.12,62,7707.5,4144,5,83,800.0,35,7,28,,12,1,1,11,0,7,CRO002;CRO0035;CRO007;CRO009;CRO011;CRO015;ROS007,0,0,-43.390517,-22.780923,-43.363098,-22.770205,45639,4149,14996,ROSALI,11,0,11,11,6,False,CRO002;CRO0035;CRO009;CRO011;CRO015;ROS007,18519985;18521055,SETD COELHO DA ROCHA;SETD ROSALI,14996;15035,COELHO DA ROCHA;ROSALI,20660279;20728728;20728735;20814337;20815569;359596906;360378272;391497355;395842589;395842628;401948638,1,1097
REC00003,LDA GRABOIS,LDA,132097219,SETD RECREIO,132098319,46,13.2,3304557,12.985,20187.951,19056.25,59,10707.5,3371,4,208,1940.877,53,7,46,773224939,11,1,0,11,1,6,ITP000;REC00001;REC00004;REC0001;REC0013;REC99999,0,1,-43.488998,-23.020051,-43.463199,-23.009698,37125,3375,14999,RECREIO,11,1,10,11,6,False,ITP000;REC00001;REC00004;REC0001;REC0013;REC99999,10385988;132097219,SETD ITAPEBA;SETD RECREIO,14999;15060,ITAPEBA SUBTERRANEO;RECREIO,10915621;11025038;149186459;161145575;264378320;264378618;277105877;31878829;370280469;773224939;773224948,1,1097
AVD30081,LDS 30081/LRA INTERLAGOS/LRA RIOMAR,LDS,10385943,SETD ALVORADA,10401230,46,13.2,3304557,24.12,27145.585,26108.304,86,11015.0,2744,7,385,3819.38,81,15,66,10917728;10917756;10917777;10917791,12,5,1,11,4,7,AVD0001;AVD30007;AVD30048;AVD30282;AVD33351;ITP0002;ITP0003,0,0,-43.43032,-23.006559,-43.373591,-22.99433,30261,2751,15004,ALVORADA,11,4,7,12,6,False,AVD0001;AVD30048;AVD30282;AVD33351;ITP0002;ITP0003,10385943;10385988,SETD ALVORADA;SETD ITAPEBA,15004;15060;15066,ALVORADA;ITAPEBA AEREO URBANO;ITAPEBA SUBTERRANEO,10917728;10917756;10917777;10917791;11214854;11215085;481168504;50618160;51773227;542942428;60000226,1,1097
CRO004,LDA BENJAMIN,LDA,18521055,SETD COELHO DA ROCHA,18915460,46,13.2,3305109,6.323,18760.774,13939.977,42,4805.0,2038,16,16,134.9,39,10,29,1001889022;997676559,11,2,0,11,2,6,CRO001;CRO0031;CRO006;CRO007;CRO008;NIG026,0,1,-43.401593,-22.777948,-43.387743,-22.765836,22594,2054,15035,COELHO DA ROCHA,11,2,9,11,6,False,CRO001;CRO0031;CRO006;CRO007;CRO008;NIG026,18519976;18521055,SETD COELHO DA ROCHA;SETD NOVA IGUACU,14993;15035;15054,AREIA BRANCA AEREO;COELHO DA ROCHA;MERITI,1001889022;20676354;20711165;20711235;20718655;20817844;362070180;393064192;468767425;687362181;997676559,1,1097
VGE3890,LDA LAPAZ,LDA,1267,SETD VIGARIO GERAL,1248329,46,13.2,3304557,8.606,32795.072,18688.434,38,4462.5,1944,4,8,48.0,36,8,28,932699801;937221376;987169132,11,3,0,11,3,6,GDL00002;MRT29650;MRT9954;VGE3237;VGE35061;VGE3947,0,1,-43.352517,-22.824987,-43.321839,-22.809069,21428,1948,15062,VIGARIO GERAL AEREO,11,3,8,11,6,False,GDL00002;MRT29650;MRT9954;VGE3237;VGE35061;VGE3947,1258;1267;1312,SETD GUADALUPE;SETD MERITI;SETD VIGARIO GERAL,14993;15036;15062,GUADALUPE AEREO;MERITI;VIGARIO GERAL AEREO,10365158;153046778;157122350;1595005;1595103;1610090;1629529;932699791;932699801;937221376;987169132,1,1097
SRD002,LSA RADIO,LSA,18521154,SETD SEROPEDICA,18915505,67,25.0,3305554,98.635,25498.603,39697.254,259,34625.0,14002,49,139,16250.64,251,62,189,1006337621;702674534;750694325,17,4,6,11,3,6,BRI00005;BRI001;ESP018;ESP020;SRD0005;SRD003,1,0,-43.735732,-22.798865,-43.669513,-22.701399,154561,14051,15043,SEROPEDICA AEREO,11,3,8,11,5,False,BRI00005;BRI001;ESP018;SRD0005;SRD003,18519958;18521154;18521208,SETD BRISAMAR;SETD ESPERANCA;SETD SEROPEDICA,15006;15043;15070,BRISA MAR;ESPERANCA AEREO MT/MT;SEROPEDICA AEREO,1006337621;1011477560;20729022;20818341;28671093;592580594;702674534;750694325;755198819;915570991;977979996,1,1097
JAB004,LDA RIDOA,LDA,18520749,SETD JABOATAO,18915195,46,13.2,3304557,17.988,41305.984,28359.528,133,15195.0,9137,4,284,1775.46,62,12,50,692497749;998990573,11,2,0,11,2,5,JAB00020;JAB007;JAB012;JAB013;STS001,0,0,-43.598976,-22.897704,-43.559613,-22.875877,100551,9141,15029,JABOATAO AEREO,11,2,9,11,5,False,JAB00020;JAB007;JAB012;JAB013;STS001,18520749;18521136,SETD JABOATAO;SETD SANTISSIMO,15029;15042,JABOATAO AEREO;SANTISSIMO AEREO,20687995;20713664;20781019;20781124;20781201;20781208;20781229;20814743;502432385;692497749;998990573,1,1097
TRS006,LDA SALDANHA,LDA,18520326,SETD TRES RIOS,18915125,46,13.2,3306008,23.069,21796.486,19196.585,112,10290.0,8596,7,89,803.46,47,9,38,747688542,12,1,1,11,1,6,TRS002;TRS007;TRS008;TRS010;TRS011;TRS013,0,1,-43.234134,-22.125518,-43.188221,-22.089319,94633,8603,15087,TRES RIOS AEREO AT/MT,11,1,10,11,5,False,TRS002;TRS007;TRS008;TRS010;TRS011,18520326,SETD TRES RIOS,15087;15088,TRES RIOS AEREO AT/MT;TRES RIOS AEREO MT/MT,1010889241;116444852;159642351;20727503;20789597;20789625;20804079;324574915;538510682;659202016;747688542,1,1097
NIG010,LDA DYRCE,LDA,18519976,SETD NOVA IGUACU,18915385,46,13.2,3303500,14.198,33386.496,15114.803,103,11540.0,6902,11,90,701.11,62,16,46,632351759;966184454,12,2,1,11,2,6,ABR003;ABR014;MNB004;NIG002;NIG003;NIG011,0,2,-43.445845,-22.7727,-43.414079,-22.758284,76043,6913,15692,NOVA IGUACU,11,2,9,11,5,False,ABR003;ABR014;MNB004;NIG002;NIG011,18519976;18520731;18520902,SETD AREIA BRANCA;SETD MENA BARRETO;SETD NOVA IGUACU,15054;15057;15692,AREIA BRANCA AEREO;MENA BARRETO AEREO;NOVA IGUACU,20698775;20698873;20698936;20706706;20709436;20709520;20709604;519423732;632351728;632351759;966184454,1,1097
GDL29721,LDA MELITA,LDA,1258,SETD GUADALUPE,1248344,46,13.2,3304557,7.69,30180.535,17165.07,69,8265.0,5957,5,25,226.38,36,8,28,750921924;778472221;969207387,14,5,3,11,3,7,GDL00001;GDL24956;GDL29585;GDL29746;GDL29750;TUR006;TUR012,0,2,-43.378279,-22.859234,-43.368821,-22.835891,65582,5962,15036,GUADALUPE AEREO,11,3,8,11,5,False,GDL29585;GDL29746;GDL29750;TUR006;TUR012,1258;1294,SETD GUADALUPE;SETD TURIACU,15002;15036,GUADALUPE AEREO;TURIACU,1581915;1581950;1581985;1582013;1584337;1588705;1588775;1601459;750921924;778472221;969207387,1,1097
CBI33795,LDA TOLEDO,LDA,1141,SETD CACHAMBI,1248119,46,13.2,3304557,9.979,25386.416,17870.826,81,10402.5,5873,8,43,428.53,57,19,38,745249531;798844921;798868717;960709564,11,4,0,11,4,5,ALC651;BMT29845;CBI24876;CBI24955;TRG636,0,0,-43.27439,-22.906155,-43.24907,-22.889345,64691,5881,15027,CACHAMBI AEREO,11,4,7,11,5,False,ALC651;BMT29845;CBI24876;CBI24955;TRG636,10385889;1141;1195;1204,SETD ALDEIA CAMPISTA;SETD BOCA DO MATO;SETD CACHAMBI;SETD TRIAGEM,15024;15027;15033;15055,ALDEIA CAMPISTA;BOCA DO MATO AEREO;CACHAMBI AEREO;TRIAGEM AEREO,1585884;1585982;1586094;1589594;1589734;1594627;745249531;798844921;798868717;960709546;960709564,1,1097
CUR33133,LDA ICARO,LDA,10386042,SETD CURICICA,676429630,46,13.2,3304557,11.085,26699.815,15939.275,72,9735.0,5040,13,49,446.25,60,15,45,1008321434;497747686;502436646,11,3,0,11,3,5,CUR33119;CUR33135;CUR33764;CUR33800;TQR33826,0,1,-43.39734,-22.960986,-43.375476,-22.930993,55583,5053,16901,CURICICA AEREO,11,3,8,13,5,False,CUR33119;CUR33135;CUR33764;CUR33800;TQR33826,10385871;10386042,SETD CURICICA;SETD TAQUARA,15023;16901,CURICICA AEREO;TAQUARA AEREO,1008321434;11075084;11075091;11075280;11077002;11077009;11077100;11077177;11095645;497747686;502436646,1,1097
PVN70296,LDA FRANKLIN,LDA,1303,SETD PAVUNA,1248394,46,13.2,3304557,9.569,22673.688,8613.078,53,5872.5,4931,2,31,162.44,34,12,22,,12,0,1,11,0,6,MNB013;PVN0004;PVN0006;PVN29958;PVN9848;ROS015,0,0,-43.406781,-22.818188,-43.387413,-22.802034,54263,4933,14994,PAVUNA,11,0,11,11,5,False,MNB013;PVN0004;PVN29958;PVN9848;ROS015,1303;18519985;18520902,SETD MENA BARRETO;SETD PAVUNA;SETD ROSALI,14994;14996;15057,MENA BARRETO AEREO;PAVUNA;ROSALI,1623180;20698551;20698558;20705208;20705215;223236557;27820892;28881479;334485768;376004558;445004594,1,1097
TQR60088,LDA COVANCA,LDA,10385871,SETD TAQUARA,10401220,46,13.2,3304557,9.776,18666.611,6971.306,57,6860.0,4097,4,21,235.35,37,12,25,477506123,13,1,2,11,1,6,TQR00002;TQR0009;TQR33835;TQR33859;TQR60096;TQR60103,0,0,-43.374262,-22.919508,-43.336799,-22.910768,45111,4101,15023,TAQUARA AEREO,11,1,10,12,5,False,TQR00002;TQR0009;TQR33835;TQR33859;TQR60096,10385871,SETD TAQUARA,15023,TAQUARA AEREO,11039723;11052759;11052766;11052843;11052857;11052892;118759270;134110575;270363159;477506104;477506123,1,1097
ALC9925,LDA CABOFRIO,LDA,10385889,SETD ALDEIA CAMPISTA,10401450,46,13.2,3304557,4.246,19289.312,17785.501,63,8960.0,4036,6,30,247.66,36,7,29,1009901594;746851189;974020904;977361689,11,4,0,11,4,5,ALC740;ALC9946;RCP9882;URG29706;URG29983,0,0,-43.241116,-22.93097,-43.233487,-22.917202,44462,4042,15033,ALDEIA CAMPISTA,11,4,7,11,5,False,ALC740;ALC9946;RCP9882;URG29706;URG29983,10385889;10385979;10386006,SETD ALDEIA CAMPISTA;SETD RIO COMPRIDO;SETD URUGUAI,15025;15033;15058,ALDEIA CAMPISTA;RIO COMPRIDO AEREO;URUGUAI AEREO,1009901594;11006808;11006815;11035887;23313112;253542050;494303815;529355823;746851189;974020904;977361689,1,1097
BMT0001,LDA DEPAIVA,LDA,1195,SETD BOCA DO MATO,1248179,46,13.2,3304557,6.521,23570.883,19280.308,56,6180.0,3237,12,39,336.13,78,17,61,1005568994;986997659,12,3,1,11,2,9,BMT29601;BMT29737;BMT29840;BMT29845;BMT29953;BMT29985;CBI33798;PDD29513;PDD3984,0,6,-43.299461,-22.911054,-43.285241,-22.894286,35739,3249,14998,PIEDADE,11,2,9,11,5,False,BMT29601;BMT29737;CBI33798;PDD29513;PDD3984,1141;1195;1231,SETD BOCA DO MATO;SETD CACHAMBI;SETD PIEDADE,14998;15027;15055,BOCA DO MATO AEREO;CACHAMBI AEREO;PIEDADE,1005568994;15179291;1607129;1607241;1607381;1613324;1616677;1616796;575702025;654263917;986997659,1,1097
ALC868,LDA CANABARRO,LDA,10385889,SETD ALDEIA CAMPISTA,10401450,46,13.2,3304557,3.494,13938.648,12710.059,35,4807.5,2265,3,22,102.84,30,11,19,531464734;671585961;941753132,11,3,0,11,3,5,ALC33118;ALC683;ALC718;RCP33211;RCP9821,0,0,-43.238403,-22.921108,-43.226205,-22.912891,24948,2268,15033,ALDEIA CAMPISTA,11,3,8,12,5,False,ALC33118;ALC683;ALC718;RCP33211;RCP9821,10385889;10386006,SETD ALDEIA CAMPISTA;SETD RIO COMPRIDO,15033;15058,ALDEIA CAMPISTA;RIO COMPRIDO AEREO,1007303714;11036636;11036657;11036664;11121256;11121263;11121319;531464734;671585951;671585961;941753132,1,1097
TER870,LDA CANASTRO,LDA,1123,SETD TERRA NOVA,1248314,46,13.2,3304557,5.738,15391.072,3322.922,54,6307.5,1290,10,11,228.04,44,9,35,878788633,11,1,0,11,1,5,CBI33803;PDD9873;TER895;TER913;TER928,0,0,-43.285804,-22.882056,-43.273807,-22.867632,14300,1300,15044,TERRA NOVA AEREO,11,1,10,11,5,False,CBI33803;PDD9873;TER895;TER913;TER928,1123;1141;1231,SETD CACHAMBI;SETD PIEDADE;SETD TERRA NOVA,14998;15027;15044,CACHAMBI AEREO;PIEDADE;TERRA NOVA AEREO,141221111;1596916;1600514;1600577;1600598;1622935;1622998;1623096;1623124;347144186;878788633,1,1097
JAB00020,LDA TINGUI,LDA,18520749,SETD JABOATAO,18915195,46,13.2,3304557,25.04,39564.655,28234.966,174,19065.0,11020,6,420,2748.21,89,19,70,,11,0,0,11,0,4,JAB004;JAB007;JAB008;STS004,0,1,-43.568307,-22.897117,-43.543634,-22.866862,121286,11026,15029,JABOATAO AEREO,11,0,11,11,4,False,JAB004;JAB007;JAB008;STS004,18520749;18521136,SETD JABOATAO;SETD SANTISSIMO,15029;15042,JABOATAO AEREO;SANTISSIMO AEREO,20722666;20733292;20767401;20781047;20781117;20781124;20781145;20781201;22363271;460673218;789421898,1,1097
ABR009,LDA ORMINDA,LDA,18520731,SETD AREIA BRANCA,18915210,46,13.2,3300456,12.725,26794.482,13540.035,80,10342.5,7296,1,114,1212.6,38,15,23,761042905,12,2,1,11,1,5,ABR001;ABR004;ABR008;ABR014;NIG016,0,1,-43.42853,-22.761839,-43.397468,-22.748614,80267,7297,15054,AREIA BRANCA AEREO,11,1,10,11,4,False,ABR004;ABR008;ABR014;NIG016,18519976;18520731,SETD AREIA BRANCA;SETD NOVA IGUACU,15054;15692,AREIA BRANCA AEREO;NOVA IGUACU,20745895;20745909;20745916;20780627;20802896;20802910;20803043;20819657;20819706;761042895;761042905,1,1097
REC9,LDA BANDUARTE,LDA,132097219,SETD RECREIO,132098319,46,13.2,3304557,19.524,23847.0,17500.801,91,11050.0,6503,8,213,1557.576,73,15,58,713422434;921591233;961568349,11,3,0,11,3,4,REC00005;REC00008;REC37476;REC6,0,0,-43.480233,-23.013129,-43.447096,-22.978139,71621,6511,14999,RECREIO,11,3,8,11,4,False,REC00005;REC00008;REC37476;REC6,132097219,SETD RECREIO,14999;15690,BARRA SUBTERRANEO;RECREIO,11024786;11055762;141595120;264378562;295254908;713422434;713422443;736623517;739877769;921591233;961568349,1,1097
GNB29340,LDA ABITIRUM,LDA,1150,SETD GUANABARA,1248134,46,13.2,3304557,24.334,23834.256,15618.812,76,8557.5,5755,9,69,445.37,60,14,46,707522460,13,2,2,11,1,4,GNB24905;GNB29176;GNB29257;GNB29528,0,1,-43.190696,-22.798757,-43.103258,-22.749731,63404,5764,15037,GUANABARA AEREO,11,1,10,11,4,False,GNB24905;GNB29176;GNB29257;GNB29528,1150,SETD GUANABARA,15037,GUANABARA AEREO,1591141;1608543;1608592;1608641;1608655;1629613;1629676;1629921;469982679;469999856;707522460,2,29
LPD29145,LDA ISAQUITA,LDA,10386033,SETD LEOPOLDO,10401470,46,13.2,3304557,6.389,23017.938,20799.221,73,9530.0,5238,4,39,293.2,53,15,38,985284125;986087144,11,2,0,11,2,4,LPD29159;LPD29168;LPD29480;LPD33251,0,0,-43.259162,-22.931637,-43.249351,-22.917561,57662,5242,15030,LEOPOLDO AEREO,11,2,9,11,4,False,LPD29159;LPD29168;LPD29480;LPD33251,10386033,SETD LEOPOLDO,15030,LEOPOLDO AEREO,1006290632;11007991;11008082;11039149;11039247;11076393;11076407;11094028;532657939;985284125;986087144,1,1097
SRP011,LDA COLUMBIA,LDA,18520803,SETD SARAPUI,18915270,46,13.2,3301702,13.475,27512.576,6391.258,72,7687.5,4838,4,17,130.8,31,9,22,160436836;583202623,11,2,0,11,2,4,SRP001;SRP008;SRP014;VTL010,0,0,-43.360221,-22.718237,-43.323585,-22.703814,53262,4842,15000,SARAPUI,11,2,9,11,4,False,SRP001;SRP008;SRP014;VTL010,18520794;18520803,SETD SARAPUI;SETD VILAR DOS TELES,15000;15072,SARAPUI;VILAR DOS TELES AEREO,160436836;20691236;20691299;20691327;20696066;20696157;20696185;462485288;475814120;583202623;621917212,1,1097
CCD757,LDA CAVALCANTE,LDA,1186,SETD CASCADURA,1248269,46,13.2,3304557,6.942,19935.633,13411.628,65,7785.0,4540,7,43,528.083,37,10,27,687422243,11,1,0,11,1,4,CCD641;CCD652;CCD70145;PDD29513,0,0,-43.332304,-22.889015,-43.314068,-22.877383,50017,4547,15034,CASCADURA AEREO,11,1,10,11,4,False,CCD641;CCD652;CCD70145;PDD29513,1186;1231,SETD CASCADURA;SETD PIEDADE,14998;15034,CASCADURA AEREO;PIEDADE,1249389;1583084;1613156;1613170;1613219;1625336;1625371;1625399;1625413;1625497;687422243,1,1097
STC00010,LDA CARAVANA,LDA,34192093,SETD SANTA CLARA,34192098,46,13.2,3304144,13.741,21216.616,6807.933,59,6277.5,4419,1,19,152.45,39,11,28,1001936281;967597151,11,2,0,11,2,4,RFR002;STC00002;STC00005;STC00008,0,0,-43.552302,-22.731245,-43.524771,-22.712347,48620,4420,15052,SANTA CLARA AEREO,11,2,9,11,4,False,RFR002;STC00002;STC00005;STC00008,18520767;34192093,SETD ROCHA FREIRE;SETD SANTA CLARA,15052;15693,ROCHA FREIRE AEREO AT/MT;SANTA CLARA AEREO,1001936281;20667849;20685832;20817739;20817781;220939424;29831366;29907831;31913502;40926162;967597151,1,1097
TRV705,LDA JANUARIO,LDA,10385898,SETD TROVAO,10401235,46,13.2,3304557,8.649,26193.87,17312.052,79,10507.5,4273,20,44,500.7,68,15,53,508740290;746907047,13,3,2,11,2,6,CMT29137;TRV626;TRV779;TRV843;TRV875;TRV907,0,0,-43.233043,-22.905281,-43.224344,-22.889365,47223,4293,15020,TROVAO AEREO,11,2,9,11,4,False,CMT29137;TRV779;TRV875;TRV907,10385898;10386051,SETD CAMPO MARTE;SETD TROVAO,15020;15047,CAMPO MARTE AEREO;TROVAO AEREO,11077240;11077345;11091823;11091949;11092166;11092292;375883938;445481035;508740290;508740300;746907047,1,1097
PER70299,LDA ARAGUARI,LDA,1240,SETD PEDRO ERNESTO,1248279,46,13.2,3304557,7.261,18629.863,9720.425,56,7140.0,4131,4,24,309.44,37,11,26,,13,1,2,11,0,6,PER29452;PER29478;PER763;PER852;PER874;RAM33290,0,0,-43.261524,-22.85518,-43.246767,-22.845698,45485,4135,15061,PEDRO ERNESTO AEREO,11,0,11,11,4,False,PER29452;PER29478;PER852;PER874,1240,SETD PEDRO ERNESTO,15015;15061,PEDRO ERNESTO AEREO;RAMOS AEREO,1582559;1582615;1583945;1584078;1594900;1608522;1616019;1616040;1620240;1620429;1630607,1,1097
BMT29822,LDA VILETA,LDA,1195,SETD BOCA DO MATO,1248169,46,13.2,3304557,4.468,17941.853,14980.043,65,7837.5,3572,7,51,353.21,32,9,23,798817177,11,1,0,11,1,4,BMT29737;BMT29840;BMT33497;CBI33791,0,0,-43.288036,-22.911005,-43.277443,-22.902665,39369,3579,15055,BOCA DO MATO AEREO,11,1,10,11,4,False,BMT29737;BMT29840;BMT33497;CBI33791,1141;1195,SETD BOCA DO MATO;SETD CACHAMBI,15027;15055,BOCA DO MATO AEREO;CACHAMBI AEREO,1585674;1589440;1589454;1589503;1589510;1589524;1596398;1616698;470364841;754228258;798817177,1,1097
ESP010,LDA MATADOURO,LDA,18519958,SETD ESPERANCA,18915330,46,13.2,3304557,9.638,24384.871,11260.74,69,8640.0,3402,6,42,509.93,44,14,30,928422970,11,1,0,11,1,4,ESP003;ESP005;ESP007;ESP015,0,0,-43.699657,-22.921851,-43.67892,-22.912681,37488,3408,16899,ESPERANCA AEREO AT/MT,11,1,10,12,4,False,ESP003;ESP005;ESP007;ESP015,18519958,SETD ESPERANCA,16899,ESPERANCA AEREO AT/MT,145124367;20714784;20714861;20714875;20714903;20731955;20732060;20732074;20732088;20732095;928422970,1,1097
VVQ9951,LDA MARAN,LDA,1177,SETD VILA VALQUEIRE,1248289,46,13.2,3304557,6.541,16707.427,11209.162,53,6180.0,3392,7,35,319.26,32,9,23,1000141341;971010872;971362985,11,3,0,11,3,4,CCD815;VVQ9884;VVQ9903;VVQ9922,0,0,-43.371051,-22.90283,-43.347856,-22.88632,37389,3399,15032,VILA VALQUEIRE,11,3,8,11,4,False,CCD815;VVQ9884;VVQ9903;VVQ9922,1177;1186,SETD CASCADURA;SETD VILA VALQUEIRE,15032;15034,CASCADURA AEREO;VILA VALQUEIRE,1000141341;1587333;1587480;1588033;1588103;1598946;1598967;1598974;336211624;971010872;971362985,1,1097
BFG29289,LDA PASC/CARL,LDA,10385934,SETD BOTAFOGO,10401290,46,13.2,3304557,5.887,16783.511,15597.394,36,4080.0,1654,6,17,137.34,38,14,24,1008553316;1008579080;938045831,11,3,0,11,3,4,BFG24599;BFG29165;BFG29902;BFG33234,0,0,-43.184048,-22.958175,-43.167844,-22.950034,18260,1660,15067,BOTAFOGO AEREO URBANO,11,3,8,12,4,False,BFG24599;BFG29165;BFG29902;BFG33234,10385934,SETD BOTAFOGO,15064;15067,BOTAFOGO AEREO URBANO;BOTAFOGO SUBTERRANEO,1008553316;1008579080;1013495739;11233931;11306806;11307632;11307646;11308220;456117275;646229842;938045831,5,5
PMG011,LDA MALE,LDA,18520479,SETD PADRE MIGUEL,18915115,46,13.2,3304557,13.201,32861.405,19405.848,98,10807.5,8739,8,113,1018.724,57,11,46,580415748;719360944;780456030,12,3,1,11,3,4,PMG001;PMG006;PMG008;PMG014,0,1,-43.426018,-22.890939,-43.403458,-22.87156,96217,8747,15019,PADRE MIGUEL,11,3,8,11,3,False,PMG001;PMG008;PMG014,18520479,SETD PADRE MIGUEL,15019,PADRE MIGUEL,20705404;20705418;20705446;20705502;20728259;20728280;20728329;20767898;580415748;719360944;780456030,1,1097
CRO00010,LDA DIAMANTE,LDA,18521055,SETD COELHO DA ROCHA,18915455,46,13.2,3305109,11.787,26969.301,7542.28,62,6742.5,6402,2,54,392.91,48,4,44,825989601,11,1,0,11,1,3,CRO003;CRO012;ROS004,0,1,-43.402848,-22.80296,-43.385082,-22.772746,70444,6404,15035,COELHO DA ROCHA,11,1,10,11,3,False,CRO003;CRO012;ROS004,18519985;18521055,SETD COELHO DA ROCHA;SETD ROSALI,14996;15035,COELHO DA ROCHA;ROSALI,123285064;20712978;20713013;20713076;20713083;20777484;20777568;20777596;687675608;825989601;96700923,1,1097
AFR011,LDA BEIRUTE,LDA,18520461,SETD ARI FRANCO,18915080,46,13.2,3304557,11.365,29983.615,16031.499,96,11007.5,5956,5,108,830.71,42,13,29,701631084;706152671;960155636,11,3,0,11,3,3,AFR004;AFR009;CAM002,0,0,-43.474581,-22.864394,-43.457413,-22.841362,65571,5961,15010,ARI FRANCO,11,3,8,11,3,False,AFR004;AFR009;CAM002,18520461;18520488,SETD ARI FRANCO;SETD CAMARA,14991;15010,ARI FRANCO;CAMARA,103017355;20675367;20687680;20687827;20687848;20687918;20687932;20706377;701631084;706152671;960155636,1,1097
ABR018,LDA SALAZAR,LDA,18520731,SETD AREIA BRANCA,18915210,46,13.2,3300456,9.764,24440.166,7854.987,61,6735.0,5522,5,28,483.75,34,9,25,111309209;516692841,11,2,0,11,2,3,ABR003;ABR014;CRO006,0,0,-43.41224,-22.763311,-43.39723,-22.748602,60797,5527,15054,AREIA BRANCA AEREO,11,2,9,11,3,False,ABR003;ABR014;CRO006,18520731;18521055,SETD AREIA BRANCA;SETD COELHO DA ROCHA,15054,AREIA BRANCA AEREO,111309209;20747603;20775181;20789310;20789317;20789394;20789436;20789471;20802847;516692820;516692841,1,1097
VVQ9912,LDA JAMBEIRO,LDA,1177,SETD VILA VALQUEIRE,1248229,46,13.2,3304557,9.116,21901.697,13983.49,76,8062.5,4794,5,46,484.66,41,16,25,702043298,11,1,0,11,1,3,VVQ9898;VVQ9922;VVQ9939,0,0,-43.372638,-22.887941,-43.363812,-22.86066,52789,4799,15032,VILA VALQUEIRE,11,1,10,11,3,False,VVQ9898;VVQ9922;VVQ9939,1177,SETD VILA VALQUEIRE,15032,VILA VALQUEIRE,1592002;1592079;1592093;1592170;1592184;1592240;1592254;1593122;330994411;702043298;702043307,1,1097
STC00007,LDA LAZARETO,LDA,34192093,SETD SANTA CLARA,470944477,46,13.2,3304144,9.469,20168.415,12519.298,61,6997.5,4481,8,80,603.9,32,8,24,690432359;973522891;974574940,11,3,0,11,3,3,RFR006;STC00003;STC00004,0,0,-43.571655,-22.723944,-43.552166,-22.700749,49379,4489,15052,SANTA CLARA AEREO,11,3,8,11,3,False,RFR006;STC00003;STC00004,18520767;34192093,SETD ROCHA FREIRE;SETD SANTA CLARA,15052;15693,ROCHA FREIRE AEREO AT/MT;SANTA CLARA AEREO,20667814;20720419;20729932;20735581;20735693;20780053;215601756;29737651;690432359;973522891;974574940,1,1097
CAM005,LDA COBE,LDA,18520488,SETD CAMARA,18915070,46,13.2,3304557,8.713,17813.0,10321.699,41,5625.0,1993,10,20,514.47,28,3,25,25723438;934211239,11,2,0,11,2,3,CAM012;CAM013;CAM015,0,0,-43.484579,-22.888033,-43.462383,-22.875612,22033,2003,14991,CAMARA,11,2,9,11,3,False,CAM012;CAM013;CAM015,18520488,SETD CAMARA,14991,CAMARA,20231239;20231260;20231267;20231288;20673323;20673337;20673344;20673407;20690830;25723438;934211239,1,1097
BAR99999,LDA NOBRE,LDA,10385907,SETD BARRA,10401285,46,13.2,3304557,12.787,17429.825,16001.688,79,9635.0,1533,23,71,845.3,78,19,59,934533400,11,1,0,11,1,3,BAR29691;BAR33398;SCO0001,0,0,-43.32787,-23.012333,-43.290548,-22.995211,17116,1556,15013,BARRA AEREO,11,1,10,11,3,False,BAR29691;BAR33398;SCO0001,10385907;10386060,SETD BARRA;SETD SAO CONRADO,15013;15053,BARRA AEREO;SAO CONRADO AEREO,11063353;11063444;437700333;459737159;633442312;669129738;770064557;796287987;934533400;994713735;995272047,1,1097
CUR33338,LDA ITAUNA,LDA,10386042,SETD CURICICA,10401620,46,13.2,3304557,12.33,23483.079,13041.854,78,9757.5,6173,5,60,385.25,33,13,20,755971644;756036062,11,2,0,11,2,2,CUR33332;CUR33800,0,0,-43.396972,-22.960069,-43.363529,-22.949391,67958,6178,16901,CURICICA AEREO,11,2,9,11,2,False,CUR33332;CUR33800,10386042,SETD CURICICA,16901,CURICICA AEREO,102197251;102261788;110433108;11053739;11053949;11092341;11092355;11092362;113219899;755971644;756036062,1,1097
TRS004,LDA SPINO,LDA,18520326,SETD TRES RIOS,18915125,46,13.2,3306008,37.977,13152.205,11044.93,124,7575.0,5893,4,70,880.58,59,15,44,1005543161;801127346,12,2,1,11,2,3,TRS003;TRS013;TRS014,0,0,-43.308323,-22.183675,-43.222765,-22.124314,64867,5897,15087,TRES RIOS AEREO AT/MT,11,2,9,11,2,False,TRS003;TRS014,18520326,SETD TRES RIOS,15087,TRES RIOS AEREO AT/MT,1005543161;149439826;179493549;20718193;20805059;20805108;20805115;20805185;32278254;487785733;801127346,1,1097
MRT273,LSA CORDOVIL/LDS273 1E2,LSA,1312,SETD MERITI,497378338,67,25.0,3305109,13.091,0.0,0.0,0,0.0,0,0,0,0.0,28,1,27,,12,0,2,10,0,11,AGR004;AGR008;AGR011;BPN20131;BPN29590;BPN29881;BPN307;BPN314;CCD205;MRT2135;VGE3758,0,0,-43.331219,-22.82758,-43.275328,-22.7974,0,0,,,10,0,10,10,10,False,AGR004;AGR008;AGR011;BPN20131;BPN29590;BPN29881;BPN307;BPN314;CCD205;VGE3758,1159;1186;1267;1285,SETD AGUA GRANDE;SETD BRAS DE PINA;SETD CASCADURA;SETD VIGARIO GERAL,15017;15024;15045;15062,AGUA GRANDE AEREO;BRAS DE PINA;TRIAGEM AEREO;VIGARIO GERAL AEREO,134256395;134738017;1589426;1601340;1613639;1625672;1629305;1632546;670834453;721791344,1,1097
VVQ9922,LDA CAMELIA,LDA,1177,SETD VILA VALQUEIRE,1248289,46,13.2,3304557,7.795,24390.255,19851.907,58,6442.5,2837,9,58,533.59,35,9,26,771936753,10,1,0,10,1,8,PMG003;VVQ33140;VVQ33460;VVQ9892;VVQ9898;VVQ9912;VVQ9951;VVQ9968,0,0,-43.389136,-22.887923,-43.36458,-22.875728,28460,2846,15032,VILA VALQUEIRE,10,1,9,10,8,False,PMG003;VVQ33140;VVQ33460;VVQ9892;VVQ9898;VVQ9912;VVQ9951;VVQ9968,1177;18520479,SETD PADRE MIGUEL;SETD VILA VALQUEIRE,15019;15032,PADRE MIGUEL;VILA VALQUEIRE,117531105;117586913;1582132;1582272;1593122;1598946;1622074;1622193;20781761;771936753,1,1097
VTL002,LDA CAIAPO,LDA,18520794,SETD VILAR DOS TELES,18915235,46,13.2,3300456,13.173,18553.458,1559.564,43,4567.5,2220,0,4,33.82,22,2,20,,10,0,0,10,0,8,CRO005;ROS002;SJO0010;SJO0012;VTL001;VTL006;VTL009;VTL3781,0,0,-43.371209,-22.766385,-43.330884,-22.735679,22200,2220,15072,VILAR DOS TELES AEREO,10,0,10,10,8,False,CRO005;ROS002;SJO0010;SJO0012;VTL001;VTL006;VTL009;VTL3781,18519985;18520794;18521055;310718139,SETD COELHO DA ROCHA;SETD ROSALI;SETD SAO JOAO;SETD VILAR DOS TELES,14996;15035;15072;15699,COELHO DA ROCHA;ROSALI;SAO JOAO;VILAR DOS TELES AEREO,123383833;20680344;20680351;20680358;20682339;20726033;20747022;20816689;329500203;492895482,1,1097
TQR00001,LDA MAPENDI,LDA,10385871,SETD TAQUARA,10401225,46,13.2,3304557,10.786,30677.015,23323.726,86,13757.5,8727,11,52,837.79,66,17,49,539047357;696727360,12,2,2,10,2,7,CUR33311;CUR33332;PDG208;TQR00003;TQR33826;TQR60096;TQR60111,0,1,-43.381702,-22.94519,-43.366599,-22.911702,87380,8738,15023,TAQUARA AEREO,10,2,8,11,7,False,CUR33311;CUR33332;PDG208;TQR00003;TQR33826;TQR60096;TQR60111,10385871;10385916;10386042,SETD CURICICA;SETD PORTA DAGUA;SETD TAQUARA,15023;16901,CURICICA AEREO;TAQUARA AEREO,11007865;11036244;11074405;11155259;127446108;131940431;136055736;138121218;539047357;696727360,1,1097
CBI24876,LDA BALCRISTO,LDA,1141,SETD CACHAMBI,1248124,46,13.2,3304557,4.369,13524.96,7421.192,45,5280.0,2988,1,37,314.921,26,10,16,745249531;799800562,10,2,0,10,2,7,CBI24955;CBI24963;CBI24970;CBI33795;TRG282;TRG783;TRG959,0,0,-43.274194,-22.899187,-43.262944,-22.889335,29890,2989,15027,CACHAMBI AEREO,10,2,8,13,7,False,CBI24955;CBI24963;CBI24970;CBI33795;TRG282;TRG783;TRG959,1141;1204,SETD CACHAMBI;SETD TRIAGEM,15024;15027,CACHAMBI AEREO;TRIAGEM AEREO,1595516;1617440;1617503;1617538;1617559;745249531;799800562;801200485;807224835;807224913,1,1097
TQR00004,LDA LIVRETO,LDA,10385871,SETD TAQUARA,10401220,46,13.2,3304557,6.963,10439.0,8889.196,49,5465.7,2488,5,59,508.46,36,9,27,703009466,12,1,2,10,1,8,PDG33678;TQR00002;TQR00005;TQR0006;TQR0009;TQR33835;TQR33862;TQR60096,0,0,-43.374115,-22.928129,-43.36024,-22.911751,24930,2493,15023,TAQUARA AEREO,10,1,9,10,7,False,PDG33678;TQR00002;TQR00005;TQR0006;TQR0009;TQR33835;TQR60096,10385871;10385916,SETD PORTA DAGUA;SETD TAQUARA,15023;16902,PORTA DAGUA AEREO;TAQUARA AEREO,11025465;11025500;11052815;11052885;11155133;132015319;255514506;454051889;498189914;703009466,1,1097
CHR020,LDA ABDIEL,LDA,18520758,SETD CACHAMORRA,18915200,46,13.2,3304557,27.342,36403.517,14596.859,129,14047.5,7858,4,121,958.51,69,9,60,741629698,10,1,0,10,1,6,CHR0001;CHR0006;CHR004;CHR014;CHR06;STS001,0,1,-43.589707,-22.959978,-43.553915,-22.922049,78620,7862,15011,CACHAMORRA,10,1,9,10,6,False,CHR0001;CHR0006;CHR004;CHR014;CHR06;STS001,18520758;18521136,SETD CACHAMORRA;SETD SANTISSIMO,15011;15042,CACHAMORRA;SANTISSIMO AEREO,20683347;20683431;20683459;23008307;26623186;518170006;741629698;778335932;811592631;811592965,1,1097
GDL29792,LDA SALEMA,LDA,1258,SETD GUADALUPE,1248344,46,13.2,3304557,12.031,30240.912,4593.08,80,8460.0,4566,3,8,215.81,41,7,34,108960253;538132727,10,2,0,10,2,6,GDL0007;GDL29585;GDL29594;GDL29969;PMG013;PVN0001,0,0,-43.390518,-22.855227,-43.370622,-22.829166,45690,4569,15036,GUADALUPE AEREO,10,2,8,10,6,False,GDL0007;GDL29585;GDL29594;GDL29969;PMG013;PVN0001,1258;1303;18520479,SETD GUADALUPE;SETD PADRE MIGUEL;SETD PAVUNA,14994;15019;15036,GUADALUPE AEREO;PADRE MIGUEL;PAVUNA,108960253;1580305;1580347;1584435;1584477;1603531;1604154;1604350;1619855;538132727,1,1097
ABR007,LDA JAMBUY,LDA,18520731,SETD AREIA BRANCA,18915210,46,13.2,3300456,16.957,17407.242,3032.614,80,7822.5,3984,1,9,80.2,48,12,36,,12,1,2,10,0,8,ABR002;ABR003;ABR006;ABR010;ABR011;ABR015;CRO0013;VTL3781,0,1,-43.399153,-22.756647,-43.362296,-22.738075,39850,3985,15054,AREIA BRANCA AEREO,10,0,10,10,6,False,ABR002;ABR003;ABR010;ABR015;CRO0013;VTL3781,18520731;18520794;18521055,SETD AREIA BRANCA;SETD COELHO DA ROCHA;SETD VILAR DOS TELES,15054;15072,AREIA BRANCA AEREO;VILAR DOS TELES AEREO,111291997;20661875;20670887;20720671;20746987;20746994;20747673;20761049;20761105;392750806,1,1097
NIG003,LDA TARQUINO,LDA,18519976,SETD NOVA IGUACU,18915355,46,13.2,3303500,7.971,16984.348,11489.242,49,5775.0,3828,7,55,561.07,27,5,22,702777580,14,1,4,10,1,8,NIG006;NIG008;NIG009;NIG010;NIG012;NIG016;NIG017;NIG023,0,0,-43.447998,-22.75911,-43.440419,-22.736264,38350,3835,15692,NOVA IGUACU,10,1,9,10,6,False,NIG008;NIG009;NIG012;NIG016;NIG017;NIG023,18519976,SETD NOVA IGUACU,15692,NOVA IGUACU,20682675;20725102;20807264;20807285;20807292;20807320;20807327;464142772;697122427;702777580,1,1097
SCI001,LSA PARAIBA,LSA,18520299,SETD SANTA CECILIA,18915090,67,25.0,3300308,145.539,32692.841,37632.43,208,14200.0,3481,14,57,5911.039,178,21,157,482702344;696091817,19,6,9,10,2,6,SCI004;SCI006;VIG001;VRD015;VRD019;VRD021,0,0,-44.034716,-22.595253,-43.836344,-22.39764,34950,3495,15090,SANTA CECILIA AEREO MT/MT,10,2,8,10,6,False,SCI004;SCI006;VIG001;VRD015;VRD019;VRD021,18520299;18520371;18520470,SETD SANTA CECILIA;SETD VIGARIO;SETD VOLTA REDONDA,15003;15082;15086;15090,SANTA CECILIA AEREO AT/MT;SANTA CECILIA AEREO MT/MT;VIGARIO;VOLTA REDONDA AEREO MT/MT,134432275;158057994;20677516;20698243;20698299;20842119;20842140;482702344;482702354;696091817,1,1097
PER70278,LDA FIRMINO,LDA,1240,SETD PEDRO ERNESTO,1248274,46,13.2,3304557,8.847,24579.766,10450.687,58,6052.5,3230,8,11,112.7,47,9,38,761279032,10,1,0,10,1,6,AGR002;BPN20131;BPN33195;MTC001;PER0002;PER781,0,0,-43.298008,-22.847033,-43.261447,-22.83095,32380,3238,15017,BRAS DE PINA,10,1,9,11,6,False,AGR002;BPN20131;BPN33195;MTC001;PER0002;PER781,1159;1240;1276;1285,SETD AGUA GRANDE;SETD BRAS DE PINA;SETD MATURACA;SETD PEDRO ERNESTO,15017;15024;15031;15045;15061,AGUA GRANDE AEREO;BRAS DE PINA;MATURACA AEREO;PEDRO ERNESTO AEREO;TRIAGEM AEREO,1611357;1611385;1611413;1623761;16416007;239094249;239094262;61352702;761279032;865322593,1,1097
PMG009,LDA DOVALE,LDA,18520479,SETD PADRE MIGUEL,18915115,46,13.2,3304557,5.704,21594.537,14777.284,48,6232.5,3196,6,37,231.55,20,5,15,772542216,10,1,0,10,1,6,CAM019;PMG0016;PMG0017;PMG004;PMG005;PMG007,0,0,-43.431962,-22.890868,-43.425583,-22.874986,32020,3202,15019,PADRE MIGUEL,10,1,9,10,6,False,CAM019;PMG0016;PMG0017;PMG004;PMG005;PMG007,18520479;18520488,SETD CAMARA;SETD PADRE MIGUEL,14991;15019,CAMARA;PADRE MIGUEL,20659698;20698495;20717976;20718039;20725445;20729876;20816458;54791501;675060043;772542216,1,1097
CXS009,LDA ASCOLI,LDA,18520785,SETD CAXIAS,18915310,46,13.2,3301702,5.928,15668.66,11252.979,45,6887.5,2819,16,23,201.42,36,4,32,941450993,10,1,0,10,1,6,CXS015;CXS016;CXS021;WLS00011;WLS00012;WLS004,0,0,-43.319448,-22.79179,-43.30959,-22.77038,28350,2835,15700,CAXIAS AEREO,10,1,9,10,6,False,CXS015;CXS016;CXS021;WLS00011;WLS00012;WLS004,18519994;18520785,SETD CAXIAS;SETD WASHINGTON LUIS,15073;15700,CAXIAS AEREO;WASHINGTON LUIS AEREO,111304811;112657409;1566555;20724647;20744761;20744803;20760741;20760748;20806123;941450993,1,1097
ALC718,LDA CAMPISTA,LDA,10385889,SETD ALDEIA CAMPISTA,10401465,46,13.2,3304557,3.798,12290.563,11080.313,43,5070.0,2328,6,31,226.46,29,9,20,531464734,10,1,0,10,1,6,ALC33118;ALC683;ALC740;ALC868;RCP33216;RCP9821,0,0,-43.238596,-22.919875,-43.226479,-22.912506,23340,2334,15033,ALDEIA CAMPISTA,10,1,9,10,6,False,ALC33118;ALC683;ALC740;ALC868;RCP33216;RCP9821,10385889;10386006,SETD ALDEIA CAMPISTA;SETD RIO COMPRIDO,15033;15058,ALDEIA CAMPISTA;RIO COMPRIDO AEREO,1007303714;11036489;11036510;11036657;11121256;11136210;11154538;489812358;531464734;97946163,1,1097
ROS017,LDA SOLAR,LDA,18519985,SETD ROSALI,18915360,46,13.2,3305109,6.093,19590.777,13473.536,36,3982.5,2063,13,24,520.21,30,4,26,746400367,11,2,1,10,1,7,MRT3710;MRT9928;ROS001;ROS005;ROS007;ROS011;ROS016,0,2,-43.370304,-22.798652,-43.35104,-22.789378,20760,2076,14996,ROSALI,10,1,9,10,6,False,MRT3710;MRT9928;ROS001;ROS005;ROS007;ROS011,1312;18519985,SETD MERITI;SETD ROSALI,14993;14996,MERITI;ROSALI,1623558;1623586;20670250;20700882;20768759;20804674;20804688;746400357;746400367;780520381,1,1097
CAM019,LDA REALENGO,LDA,18520488,SETD CAMARA,18915070,46,13.2,3304557,10.162,10823.0,5195.214,36,4482.5,1935,1,18,350.79,31,10,21,502720142;647518087,10,2,0,10,2,6,CAM007;CAM014;PMG0017;PMG002;PMG004;PMG009,0,0,-43.483248,-22.888512,-43.431516,-22.87548,19360,1936,14991,CAMARA,10,2,8,10,6,False,CAM007;CAM014;PMG0017;PMG002;PMG004;PMG009,18520479;18520488,SETD CAMARA;SETD PADRE MIGUEL,14991;15019,CAMARA;PADRE MIGUEL,20669088;20680582;20698502;20777778;466976858;502720142;503132294;54791501;647518078;647518087,1,1097
ROS001,LDA PLUTAO,LDA,18519985,SETD ROSALI,18915390,46,13.2,3305109,6.161,18708.431,13736.244,34,3300.0,1908,18,14,391.7,46,7,39,955170331,10,1,0,10,1,6,MRT3710;MRT9979;ROS00022;ROS016;ROS017;VGE00002,0,3,-43.37067,-22.802293,-43.350616,-22.791582,19260,1926,14996,ROSALI,10,1,9,10,6,False,MRT3710;MRT9979;ROS00022;ROS016;ROS017;VGE00002,1267;1312;18519985,SETD MERITI;SETD ROSALI;SETD VIGARIO GERAL,14993;14996,MERITI;ROSALI,109552861;128914484;163734767;20768759;20768829;20801839;23312283;25210684;955170331;955170340,1,1097
STS002,LSA LUSO,LSA,18521136,SETD SANTISSIMO,18915490,67,25.0,3304557,22.988,29267.947,27832.723,0,0.0,0,4,0,0.0,32,10,22,470206180,15,2,5,10,1,8,CMS008;ESP018;ESP020;JAB012;STS001;STS004;STS005;STS006,0,0,-43.649751,-22.87977,-43.548558,-22.794314,40,4,15042,SANTISSIMO AEREO,10,1,9,10,6,False,CMS008;ESP018;ESP020;JAB012;STS001;STS004,18519958;18520749;18520839;18521136,SETD COSMOS;SETD ESPERANCA;SETD JABOATAO;SETD SANTISSIMO,15029;15042;15070;16897;16899,COSMOS;ESPERANCA AEREO AT/MT;ESPERANCA AEREO MT/MT;JABOATAO AEREO;SANTISSIMO AEREO,159925777;20672735;20688114;20716485;20716555;20716639;20727160;22803722;470206180;865412838,1,1097
PDG0006,LDA QUITITE,LDA,10385916,SETD PORTA DAGUA,622295882,46,13.2,3304557,16.152,35214.335,15633.744,169,22082.5,16555,1,111,826.31,97,17,80,1004924862;461957252,12,4,2,10,2,7,BRR38521;PDG00002;PDG29023;PDG29724;PDG29753;PDG33304;PDG33647,0,0,-43.34529,-22.974547,-43.328339,-22.938001,165560,16556,16902,PORTA DAGUA AEREO,10,2,8,10,5,False,BRR38521;PDG00002;PDG29023;PDG29753;PDG33647,10385916;345834478,SETD BARRA 2;SETD PORTA DAGUA,16902,PORTA DAGUA AEREO,1004924862;11023484;11077429;11077506;11077541;11136091;11154258;133372037;327765361;461957252,1,1097
BAR000,LDA RESERVA,LDA,10385907,SETD BARRA,10401615,46,13.2,3304557,6.484,16072.145,5259.156,114,14332.5,9324,1,1,44.2,28,13,15,462279321,10,1,0,10,1,5,BAR29386;BAR3176;BRR38521;PDG29023;PDG33647,0,0,-43.340772,-22.998654,-43.320813,-22.974926,93250,9325,15013,BARRA AEREO,10,1,9,10,5,False,BAR29386;BAR3176;BRR38521;PDG29023;PDG33647,10385907;10385916;345834478,SETD BARRA;SETD BARRA 2;SETD PORTA DAGUA,15013;16902,BARRA AEREO;PORTA DAGUA AEREO,11061701;11077765;11079851;462279303;462279321;470326292;472524809;481928510;481941398;730529706,1,1097
REC00001,LDA GADOBAN,LDA,132097219,SETD RECREIO,132098328,46,13.2,3304557,37.484,34452.97,27519.483,203,20225.0,9166,13,295,2760.684,114,19,95,530764260;773224939;962384224,11,3,1,10,3,5,ITP000;REC00003;REC0001;REC0012;REC0013,0,0,-43.520018,-23.021232,-43.466018,-22.957188,91790,9179,14999,RECREIO,10,3,7,11,5,False,ITP000;REC00003;REC0001;REC0012;REC0013,10385988;132097219,SETD ITAPEBA;SETD RECREIO,14999;15060,ITAPEBA SUBTERRANEO;RECREIO,11134768;155202639;264377896;530764260;530764269;57947555;7399333;773224939;773224948;962384224,1,1097
CAM009,LDA CRULIN,LDA,18520488,SETD CAMARA,18915100,46,13.2,3304557,19.322,37498.0,12652.57,131,14842.5,8010,4,63,505.59,67,18,49,689865516;702279479,10,2,0,10,2,5,CAM010;CAM015;CAM017;JAB009;STS005,0,1,-43.523703,-22.892634,-43.482876,-22.876352,80140,8014,14991,CAMARA,10,2,8,11,5,False,CAM010;CAM015;CAM017;JAB009;STS005,18520488;18520749;18521136,SETD CAMARA;SETD JABOATAO;SETD SANTISSIMO,14991;15029;15042,CAMARA;JABOATAO AEREO;SANTISSIMO AEREO,138078009;20690039;20694526;20694547;20694596;20694617;20694631;689865507;689865516;702279479,1,1097
MNB009,LDA MAGNOCAR,LDA,18520902,SETD MENA BARRETO,18915320,46,13.2,3302858,7.83,25988.214,10268.268,69,8812.5,6327,2,38,216.49,36,6,30,919654663,10,1,0,10,1,5,MNB001;MNB005;MNB006;MNB007;MNB020,0,0,-43.438231,-22.81735,-43.422019,-22.797725,63290,6329,15057,MENA BARRETO AEREO,10,1,9,10,5,False,MNB001;MNB005;MNB006;MNB007;MNB020,18520902,SETD MENA BARRETO,15057,MENA BARRETO AEREO,20687393;20727993;20728091;20790521;20815240;20815303;20815338;20815359;919654663;919654673,1,1097
ROS014,LDA FOBOS,LDA,18519985,SETD ROSALI,18915390,46,13.2,3305109,9.452,27287.841,6678.938,61,6720.0,5960,2,28,281.72,29,8,21,505532705;986808500;989509453,10,3,0,10,3,5,CRO008;CRO012;ROS00020;ROS004;ROS010,0,2,-43.395059,-22.801924,-43.36911,-22.789914,59620,5962,14996,ROSALI,10,3,7,10,5,False,CRO008;CRO012;ROS00020;ROS004;ROS010,18519985;18521055,SETD COELHO DA ROCHA;SETD ROSALI,14996;15035,COELHO DA ROCHA;ROSALI,139739701;140804595;163644606;20705264;20705292;505532705;505532714;79608170;986808500;989509453,1,1097
TUR012,LDA CAROLIM,LDA,1294,SETD TURIACU,1248384,46,13.2,3304557,10.569,22896.195,18838.45,84,8265.0,5645,4,64,463.94,42,12,30,1002159556;969207387;984137656,10,3,0,10,3,5,GDL29721;TUR001;TUR003;TUR004;VVQ9898,0,1,-43.37476,-22.866457,-43.351892,-22.853413,56490,5649,15002,TURIACU,10,3,7,10,5,False,GDL29721;TUR001;TUR003;TUR004;VVQ9898,1177;1258;1294,SETD GUADALUPE;SETD TURIACU;SETD VILA VALQUEIRE,15002;15032;15036,GUADALUPE AEREO;TURIACU;VILA VALQUEIRE,1002159556;1588705;1592366;1602586;1602663;1624321;1624335;969207387;984137656;984137665,1,1097
CSO007,LDA BROMELIA,LDA,18520821,SETD COMENDADOR SOARES,54431863,46,13.2,3303500,20.407,24461.632,7861.713,86,8715.0,5531,4,46,382.38,48,14,34,985979753,10,1,0,10,1,5,CSO00017;CSO002;CSO004;CSO013;RFR002,0,1,-43.51553,-22.756167,-43.479319,-22.715612,55350,5535,15048,COMENDADOR SOARES,10,1,9,10,5,False,CSO00017;CSO002;CSO004;CSO013;RFR002,18520767;18520821,SETD COMENDADOR SOARES;SETD ROCHA FREIRE,15048;15693,COMENDADOR SOARES;ROCHA FREIRE AEREO AT/MT,20678342;20678370;20678503;20678538;20678545;20678552;20678559;20678566;20757836;985979753,1,1097
GDL29750,LDA SARMENTO,LDA,1258,SETD GUADALUPE,1248439,46,13.2,3304557,9.532,22908.576,9458.838,75,8812.5,5261,1,37,240.84,33,12,21,750921924,10,1,0,10,1,5,GDL0007;GDL29585;GDL29721;GDL29746;GDL29969,0,0,-43.383036,-22.850096,-43.370619,-22.83567,52620,5262,15036,GUADALUPE AEREO,10,1,9,10,5,False,GDL0007;GDL29585;GDL29721;GDL29746;GDL29969,1258,SETD GUADALUPE,15036,GUADALUPE AEREO,141027934;1581915;1581922;1581950;1581964;1581985;1582013;1582020;1582041;750921924,1,1097
CRO011,LDA TOPAZIO,LDA,18521055,SETD COELHO DA ROCHA,18915455,46,13.2,3305109,7.062,12930.704,6314.891,46,4575.0,4294,1,56,372.74,32,14,18,,11,1,1,10,0,6,CRO0016;CRO002;CRO0035;CRO007;CRO009;CRO015,0,0,-43.390654,-22.783669,-43.373969,-22.771398,42950,4295,14996,ROSALI,10,0,10,10,5,False,CRO0016;CRO002;CRO0035;CRO009;CRO015,18521055,SETD COELHO DA ROCHA,14996;15035,COELHO DA ROCHA;ROSALI,20808699;20813042;20813056;20813070;20813084;20813112;20813133;346380469;395842628;398157604,1,1097
TRG636,LDA LINOMA,LDA,1204,SETD TRIAGEM,1248244,46,13.2,3304557,8.251,25329.411,14785.651,92,10132.5,4259,13,30,641.603,84,13,71,798774358;798844921,11,2,1,10,2,6,CBI24955;CBI33795;TRG1429;TRG729;TRG783;TRG904,0,10,-43.265985,-22.902637,-43.250127,-22.890631,42720,4272,15024,TRIAGEM AEREO,10,2,8,10,5,False,CBI24955;CBI33795;TRG729;TRG783;TRG904,1141;1204,SETD CACHAMBI;SETD TRIAGEM,15024;15027,CACHAMBI AEREO;TRIAGEM AEREO,1585884;1589594;1589734;1595698;1600829;1607878;1608032;37645791;798774358;798844921,1,1097
NIG016,LDA LIBANO,LDA,18519976,SETD NOVA IGUACU,18915380,46,13.2,3303500,11.978,34505.376,30894.548,126,9432.5,4212,14,129,1036.61,42,11,31,1008999908;761042905,10,2,0,10,2,5,ABR008;ABR009;NIG003;NIG008;NIG011,0,0,-43.445782,-22.760043,-43.424851,-22.750101,42260,4226,15692,NOVA IGUACU,10,2,8,10,5,False,ABR008;ABR009;NIG003;NIG008;NIG011,18519976;18520731,SETD AREIA BRANCA;SETD NOVA IGUACU,15054;15692,AREIA BRANCA AEREO;NOVA IGUACU,1008999908;20714441;20714469;20714518;20725095;20725102;20725179;393145776;761042895;761042905,1,1097
PER29478,LDA LANDIN,LDA,1240,SETD PEDRO ERNESTO,1248294,46,13.2,3304557,6.713,20017.259,13126.054,50,7027.5,4206,10,29,253.66,42,12,30,,13,1,3,10,0,8,PER0001;PER29500;PER70299;PER763;RAM33315;RAM33341;RAM33372;RAM33377,0,0,-43.261546,-22.862124,-43.251945,-22.846553,42160,4216,15015,RAMOS AEREO,10,0,10,10,5,False,PER0001;PER29500;PER70299;RAM33372;RAM33377,1132;1240,SETD PEDRO ERNESTO;SETD RAMOS,15015;15061,PEDRO ERNESTO AEREO;RAMOS AEREO,1584078;1590322;1594249;1594830;1594900;1613282;1620800;1632245;278655472;584525207,1,1097
REC7,LDA MALBATA,LDA,132097219,SETD RECREIO,132098319,46,13.2,3304557,10.13,21416.524,18652.35,101,14882.5,3988,3,136,919.73,49,13,36,330904309;960009659;960597918,10,3,0,10,3,5,ITP33382;REC00002;REC0012;REC0015;REC37476,0,0,-43.472652,-23.023426,-43.460538,-23.010744,39910,3991,14999,RECREIO,10,3,7,11,5,False,ITP33382;REC00002;REC0012;REC0015;REC37476,10385988;132097219,SETD ITAPEBA;SETD RECREIO,14999;15066;15690,BARRA SUBTERRANEO;ITAPEBA AEREO URBANO;RECREIO,11063997;11064004;264377913;264378562;264378574;330904309;332841168;54697373;960009659;960597918,1,1097
MRT29629,LDA GAMA,LDA,1312,SETD MERITI,1248414,46,13.2,3305109,8.69,20904.822,5197.946,55,5825.0,3640,4,16,129.07,27,11,16,764538195,10,1,0,10,1,5,MRT0002;MRT29825;MRT9954;SJO0005;SJO0007,0,0,-43.338004,-22.797962,-43.326934,-22.777808,36440,3644,14993,MERITI,10,1,9,10,5,False,MRT0002;MRT29825;MRT9954;SJO0005;SJO0007,1312;310718139,SETD MERITI;SETD SAO JOAO,14993;15699,MERITI;SAO JOAO,111266154;113000974;1604469;1604490;20705089;20705103;20759383;20759404;764538182;764538195,1,1097
BPN00001,LDA CAMOES,LDA,1159,SETD BRAS DE PINA,1248209,46,13.2,3304557,7.682,22928.608,11828.711,54,6495.0,3527,3,7,41.2,31,8,23,,10,0,0,10,0,5,BPN20131;BPN29431;BPN33195;PER33741;PER794,0,0,-43.293765,-22.851901,-43.27879,-22.825927,35300,3530,15017,BRAS DE PINA,10,0,10,11,5,False,BPN20131;BPN29431;BPN33195;PER33741;PER794,1159;1240,SETD BRAS DE PINA;SETD PEDRO ERNESTO,15017;15024;15061,BRAS DE PINA;PEDRO ERNESTO AEREO;TRIAGEM AEREO,133084054;1580935;1580956;1580991;1581026;1581061;1581068;1581096;1598862;99986843,1,1097
GDL0007,LDA MEIRELES,LDA,1258,SETD GUADALUPE,1248319,46,13.2,3304557,7.552,15768.704,5426.779,42,4245.0,3493,3,17,125.06,28,7,21,108960253;562033146,10,2,0,10,2,5,GDL29585;GDL29750;GDL29792;GDL29969;PVN3632,0,0,-43.398299,-22.843138,-43.370603,-22.833798,34960,3496,15036,GUADALUPE AEREO,10,2,8,10,5,False,GDL29585;GDL29750;GDL29792;GDL29969;PVN3632,1258;1303,SETD GUADALUPE;SETD PAVUNA,14994;15036,GUADALUPE AEREO;PAVUNA,108960253;1580305;1580347;1582027;1582041;1582048;533297639;540490137;562033146;562033155,1,1097
CAM003,LDA DAFEIRA,LDA,18520488,SETD CAMARA,18915070,46,13.2,3304557,11.403,24345.161,12325.985,62,5617.5,3031,4,164,1265.11,37,5,32,,10,0,0,10,0,5,CAM007;CAM008;CAM011;CAM014;PMG002,0,0,-43.483331,-22.888511,-43.451801,-22.880176,30350,3035,14991,CAMARA,10,0,10,10,5,False,CAM007;CAM008;CAM011;CAM014;PMG002,18520479;18520488,SETD CAMARA;SETD PADRE MIGUEL,14991,CAMARA,20669088;20805465;20805479;20805500;20805514;20813266;20813273;20813287;460922269;978473804,1,1097
GDL29969,LDA NAZARE,LDA,1258,SETD GUADALUPE,1248439,46,13.2,3304557,9.268,13131.689,6446.067,48,5485.0,2925,1,24,183.55,37,14,23,1002451546;463262544;562033146,10,3,0,10,3,5,GDL0003;GDL0007;GDL29750;GDL29792;PVN0005,0,0,-43.398664,-22.854695,-43.370575,-22.834829,29260,2926,15036,GUADALUPE AEREO,10,3,7,10,5,False,GDL0003;GDL0007;GDL29750;GDL29792;PVN0005,1258;1303,SETD GUADALUPE;SETD PAVUNA,14994;15036,GUADALUPE AEREO;PAVUNA,1002451546;1582020;1582048;1604154;1604350;463262544;539974818;540490137;562033146;562033155,1,1097
CXS022,LDA MANICORE,LDA,18520785,SETD CAXIAS,18915305,46,13.2,3301702,15.603,25002.629,7064.913,94,11182.5,2539,9,36,885.09,47,11,36,,10,0,0,10,0,5,CXS0025;CXS004;CXS006;CXS012;CXS014,0,0,-43.311209,-22.772102,-43.269347,-22.74986,25480,2548,15700,CAXIAS AEREO,10,0,10,10,5,False,CXS0025;CXS004;CXS006;CXS012;CXS014,18520785,SETD CAXIAS,15700,CAXIAS AEREO,20727629;20727664;20728819;20728924;20729015;22927034;23326548;24099382;26382503;366961195,1,1097
PER763,LDA AZEVEDO,LDA,1240,SETD PEDRO ERNESTO,1248274,46,13.2,3304557,6.221,12586.788,6528.696,32,2700.0,891,9,26,350.56,41,8,33,,13,0,3,10,0,10,BPN29872;BPN29915;PER0002;PER29478;PER616;PER70299;PER809;PER833;PER852;PER874,0,3,-43.271662,-22.847094,-43.253086,-22.830896,9000,900,15061,PEDRO ERNESTO AEREO,10,0,10,10,5,False,BPN29872;BPN29915;PER616;PER809;PER874,1159;1240,SETD BRAS DE PINA;SETD PEDRO ERNESTO,15015;15017;15061,BRAS DE PINA;PEDRO ERNESTO AEREO;RAMOS AEREO,1617244;1617265;1617293;1617328;1617335;1617363;1617370;1617377;1619715;1620296,1,1097
SRD004,LSA SHALON,LSA,18521154,SETD SEROPEDICA,18915500,67,25.0,3305554,111.877,30097.519,16504.904,309,30410.0,9960,12,53,756.861,186,35,151,628560015;936147879;936796275,17,5,7,10,3,5,CEN005;QMD004;QMD008;SRD0005;SRD001,0,0,-43.7202,-22.70591,-43.57435,-22.542665,99720,9972,15043,SEROPEDICA AEREO,10,3,7,10,4,False,CEN005;QMD004;SRD0005;SRD001,18520353;18520893;18521154,SETD CENTENARIO;SETD QUEIMADOS;SETD SEROPEDICA,15043;15089;15698,CENTENARIO AEREO MT/MT;QUEIMADOS AEREO;SEROPEDICA AEREO,159496360;20721154;20818257;276110177;42875764;514957951;628560015;870166236;936147879;936796275,1,1097
JAB00022,LDA ARACAJU,LDA,18520749,SETD JABOATAO,18915180,46,13.2,3304557,18.718,32181.344,17330.611,125,13327.5,8390,2,200,1524.12,47,9,38,702266600;756310885,10,2,0,10,2,4,JAB00016;JAB00017;JAB002;JAB013,0,2,-43.588252,-22.901042,-43.558664,-22.875901,83920,8392,15029,JABOATAO AEREO,10,2,8,10,4,False,JAB00016;JAB00017;JAB002;JAB013,18520749,SETD JABOATAO,15029,JABOATAO AEREO,20659264;20708890;20713622;20713706;20713727;401660776;55126676;56982503;702266600;756310885,1,1097
CAM017,LDA IRAPURU,LDA,18520488,SETD CAMARA,18915510,46,13.2,3304557,16.648,28471.0,15986.583,122,12735.0,7642,3,208,1186.25,49,6,43,504682415;720043704,10,2,0,10,2,4,CAM009;JAB00021;STS003;STS004,0,0,-43.540243,-22.889876,-43.482879,-22.873911,76450,7645,14991,CAMARA,10,2,8,10,4,False,CAM009;JAB00021;STS003;STS004,18520488;18520749;18521136,SETD CAMARA;SETD JABOATAO;SETD SANTISSIMO,14991;15029;15042,CAMARA;JABOATAO AEREO;SANTISSIMO AEREO,138078009;20694596;20719040;20733523;20767464;20802742;20802798;450693963;504682415;720043704,1,1097
CXS011,LDA CASSIPORE,LDA,18520785,SETD CAXIAS,18915310,46,13.2,3301702,9.21,20157.382,9308.889,70,7237.5,5371,1,61,421.77,28,8,20,756109079;777085268;865159477;971165453,10,4,0,10,4,4,CXS006;CXS007;CXS008;CXS018,0,0,-43.311108,-22.773187,-43.291573,-22.762247,53720,5372,15700,CAXIAS AEREO,10,4,6,10,4,False,CXS006;CXS007;CXS008;CXS018,18520785,SETD CAXIAS,15700,CAXIAS AEREO,145566631;20736834;287324441;466097201;471923637;489772782;756109079;777085268;865159477;971165453,1,1097
CCD652,LDA SILVALE,LDA,1186,SETD CASCADURA,1248269,46,13.2,3304557,9.525,25630.855,8291.808,86,9375.0,5326,4,19,235.56,33,8,25,973776211,10,1,0,10,1,4,CCD34456;CCD3713;CCD70145;CCD757,0,0,-43.333414,-22.880984,-43.312526,-22.866515,53300,5330,15034,CASCADURA AEREO,10,1,9,10,4,False,CCD34456;CCD3713;CCD70145;CCD757,1186,SETD CASCADURA,15034,CASCADURA AEREO,1582972;1582979;1582993;1583077;1583511;1583588;1625336;1625399;553213210;973776211,1,1097
TUR011,LDA TURQUESA,LDA,1294,SETD TURIACU,1248384,46,13.2,3304557,8.072,29693.664,12332.749,93,11497.5,5220,5,30,310.28,39,9,30,483314225;998385127,10,2,0,10,2,4,CLG0006;CLG0009;TUR002;TUR005,0,2,-43.355212,-22.856188,-43.346301,-22.835597,52250,5225,15002,TURIACU,10,2,8,10,4,False,CLG0006;CLG0009;TUR002;TUR005,1249;1294,SETD COLEGIO;SETD TURIACU,15002;15021,COLEGIO AEREO;TURIACU,1587186;1587207;1587235;1587263;1587305;1588999;1589027;483314225;771636122;998385127,1,1097
ESP005,LDA DOMPEDRO,LDA,18519958,SETD ESPERANCA,18915340,46,13.2,3304557,14.779,26348.485,13336.81,78,7897.5,4936,6,81,674.267,38,12,26,458809998,10,1,0,10,1,4,ESP003;ESP009;ESP010;ZIN004,0,0,-43.696453,-22.915635,-43.676289,-22.897986,49420,4942,16899,ESPERANCA AEREO AT/MT,10,1,9,10,4,False,ESP003;ESP009;ESP010;ZIN004,18519958;18520911,SETD ESPERANCA;SETD ZONA INDUSTRIAL,15696;16899,ESPERANCA AEREO AT/MT;ZONA INDUSTRIAL,145124367;20670565;20697886;20714861;20714868;20714882;20714987;20721336;20779605;458809998,1,1097
ABR013,LDA BERTIOGA,LDA,18520731,SETD AREIA BRANCA,18915185,46,13.2,3300456,11.629,22231.642,4561.524,65,6645.0,4918,0,25,189.43,33,10,23,558967157,10,1,0,10,1,4,ABR00020;ABR00021;ABR002;ABR011,0,1,-43.400189,-22.748871,-43.387983,-22.725403,49180,4918,15054,AREIA BRANCA AEREO,10,1,9,10,4,False,ABR00020;ABR00021;ABR002;ABR011,18520731,SETD AREIA BRANCA,15054,AREIA BRANCA AEREO,132891154;134586939;20661728;20671524;20676578;20676676;20676704;20676746;20676816;558967157,1,1097
CMS007,LDA GIBA,LDA,18520839,SETD COSMOS,18915250,46,13.2,3304557,12.337,28958.37,6960.329,68,9390.0,4898,1,49,312.6,34,13,21,764521006;986443505;988272761,10,3,0,10,3,4,CMS003;CMS011;CMS014;JAB013,0,0,-43.615325,-22.909543,-43.594227,-22.894275,48990,4899,16897,COSMOS,10,3,7,10,4,False,CMS003;CMS011;CMS014;JAB013,18520749;18520839,SETD COSMOS;SETD JABOATAO,15029;16897,COSMOS;JABOATAO AEREO,20231505;20231533;20231610;20708995;20709002;461119934;753803113;764521006;986443505;988272761,1,1097
RTO010,LDA ITAJAI,LDA,18520875,SETD RETIRO,18915290,46,13.2,3306305,12.749,10877.573,8835.077,48,4155.0,4659,1,43,301.09,33,13,20,653863263;658296237,10,2,0,10,2,4,FTL013;RTO00014;RTO013;RTO014,0,1,-44.149787,-22.520069,-44.120789,-22.493375,46600,4660,14995,RETIRO,10,2,8,10,4,False,FTL013;RTO00014;RTO013;RTO014,18520875;18521064,SETD FONTINELE;SETD RETIRO,14995;15007,FONTINELE;RETIRO,20719558;20719572;20719621;20719628;20719649;20719656;20719663;653863263;653863272;658296237,1,1097
GNB33417,LDA ZURIQUE,LDA,1150,SETD GUANABARA,1248129,46,13.2,3304557,7.276,19481.621,9746.236,55,6052.5,4585,7,28,241.11,34,6,28,993859269,10,1,0,10,1,4,GNB29224;GNB29257;GNB33413;GVD3629,0,0,-43.192159,-22.814821,-43.182039,-22.797202,45920,4592,15037,GUANABARA AEREO,10,1,9,10,4,False,GNB29224;GNB29257;GNB33413;GVD3629,1150;1213,SETD GOVERNADOR;SETD GUANABARA,15037,GUANABARA AEREO,1567255;1567276;1591246;1602880;1602887;1602901;1603979;461772489;469944103;993859269,2,29
CAM015,LDA CIDRI,LDA,18520488,SETD CAMARA,18915510,46,13.2,3304557,9.408,29633.0,8423.212,72,8250.0,3835,6,29,205.19,30,5,25,,10,0,0,10,0,4,CAM004;CAM005;CAM009;CAM020,0,1,-43.501271,-22.889792,-43.48288,-22.87687,38410,3841,14991,CAMARA,10,0,10,10,4,False,CAM004;CAM005;CAM009;CAM020,18520488,SETD CAMARA,14991,CAMARA,20690039;20690053;20690830;20694526;20694547;20694631;20730758;20730835;20730856;20730863,1,1097
CMS014,LDA ACAUA,LDA,18520839,SETD COSMOS,18915255,46,13.2,3304557,10.36,33014.72,5594.415,61,7350.0,3599,3,36,253.49,29,12,17,685610099;764521006;986443505,10,3,0,10,3,4,CMS007;CMS011;JAB00016;JAB00023,0,0,-43.615358,-22.911201,-43.592081,-22.896122,36020,3602,16897,COSMOS,10,3,7,10,4,False,CMS007;CMS011;JAB00016;JAB00023,18520749;18520839,SETD COSMOS;SETD JABOATAO,15029;16897,COSMOS;JABOATAO AEREO,20231498;20231505;20231512;20231533;20231610;20659208;685610099;753803113;764521006;986443505,1,1097
AFR007,LDA AUGUREDO,LDA,18520461,SETD ARI FRANCO,18915085,46,13.2,3304557,10.667,37172.768,7138.48,74,8115.0,3372,6,12,86.55,38,11,27,547463642,10,1,0,10,1,4,AFR003;AFR008;AFR010;STS005,0,0,-43.49421,-22.864793,-43.472107,-22.85552,33780,3378,15010,ARI FRANCO,10,1,9,10,4,False,AFR003;AFR008;AFR010;STS005,18520461;18521136,SETD ARI FRANCO;SETD SANTISSIMO,15010;15042,ARI FRANCO;SANTISSIMO AEREO,20670754;20670761;20775811;20806851;20815065;20815086;20815121;470313264;547463642;915562557,1,1097
ITP0002,LDS 37938,LDS,10385988,SETD ITAPEBA,22328959,46,13.2,3304557,16.022,21864.81,19945.914,42,8832.5,3097,1,64,927.17,33,8,25,10917658;10917784;10917791;10917805,10,4,0,10,4,4,AVD30048;AVD30081;AVD30282;ITP0003,0,0,-43.435657,-23.006458,-43.377858,-22.998197,30980,3098,15060,ITAPEBA SUBTERRANEO,10,4,6,10,4,False,AVD30048;AVD30081;AVD30282;ITP0003,10385943;10385988,SETD ALVORADA;SETD ITAPEBA,15004;15066,ALVORADA;ITAPEBA AEREO URBANO,10917658;10917784;10917791;10917805;11215085;38560969;469175417;47672150;50755378;51773227,1,1097
NIG017,LDA SESC,LDA,18519976,SETD NOVA IGUACU,18915380,46,13.2,3303500,7.736,16350.834,10984.057,42,4862.5,2591,11,33,530.77,31,7,24,,10,0,0,10,0,4,CSO002;NIG003;NIG009;NIG012,0,1,-43.456666,-22.758918,-43.444504,-22.742524,26020,2602,15692,NOVA IGUACU,10,0,10,10,4,False,CSO002;NIG003;NIG009;NIG012,18519976;18520821,SETD COMENDADOR SOARES;SETD NOVA IGUACU,15048;15692,COMENDADOR SOARES;NOVA IGUACU,20737338;20803498;20803505;20803540;20803547;20807320;20807327;308374572;310799748;310800003,1,1097
CRO0031,LDA IRIDIUM,LDA,18521055,SETD COELHO DA ROCHA,18915460,46,13.2,3305109,7.829,27138.164,9424.237,45,6405.0,2285,12,11,291.335,37,8,29,1007690246;561968663;741312070,10,3,0,10,3,4,ABR003;ABR010;CRO004;CRO006,0,0,-43.403364,-22.77834,-43.387411,-22.75903,22970,2297,15035,COELHO DA ROCHA,10,3,7,10,4,False,ABR003;ABR010;CRO004;CRO006,18520731;18521055,SETD AREIA BRANCA;SETD COELHO DA ROCHA,15035;15054,AREIA BRANCA AEREO;COELHO DA ROCHA,1007690246;20670803;20693686;20693721;20747617;362070180;405662785;561968663;741312060;741312070,1,1097
AVD0001,LDS 30026/LRA MARINA,LDS,10385943,SETD ALVORADA,10401315,46,13.2,3304557,19.589,23897.24,22053.357,63,13617.5,1814,2,176,2073.97,47,12,35,10917672;40724559;542791660;7596586,10,4,0,10,4,4,AVD30048;AVD30081;AVD33340;ITP0003,0,0,-43.390212,-23.005636,-43.365958,-22.994322,18160,1816,15004,ALVORADA,10,4,6,11,4,False,AVD30048;AVD30081;AVD33340;ITP0003,10385943;10385988,SETD ALVORADA;SETD ITAPEBA,15004;15066,ALVORADA;ITAPEBA AEREO URBANO,10917672;11214035;29431194;40724559;478850812;481168504;531665914;542791660;58348485;7596586,1,1097
JDB625,LDA MARQUETE,LDA,10385880,SETD JARDIM BOTANICO,10401245,46,13.2,3304557,13.827,10969.409,9970.72,49,6450.0,1799,9,18,217.79,53,8,45,454811914;466122599,10,2,0,10,2,4,JDB29436;JDB807;JDB814;SCO33654,0,0,-43.24776,-22.987379,-43.217474,-22.96335,18080,1808,15071,JARDIM BOTANICO AEREO,10,2,8,10,4,False,JDB29436;JDB807;JDB814;SCO33654,10385880;10386060,SETD JARDIM BOTANICO;SETD SAO CONRADO,15053;15071,JARDIM BOTANICO AEREO;SAO CONRADO AEREO,11100268;11100303;11100415;11135153;11240392;11240413;452265566;454811914;466122599;467191572,1,1097
JDB814,LDA PRADO,LDA,10385880,SETD JARDIM BOTANICO,10401215,46,13.2,3304557,6.982,12067.91,10619.004,25,3742.5,1035,3,35,369.26,32,14,18,454811914,10,1,0,10,1,4,JDB29436;JDB3716;JDB625;JDB807,0,0,-43.247064,-22.984984,-43.217334,-22.963266,10380,1038,15071,JARDIM BOTANICO AEREO,10,1,9,10,4,False,JDB29436;JDB3716;JDB625;JDB807,10385880,SETD JARDIM BOTANICO,15071,JARDIM BOTANICO AEREO,11008439;11135153;11135181;11206584;11240392;11240413;11240427;25927415;454811914;467191572,1,1097
PMG008,LDA PIRAQUARA,LDA,18520479,SETD PADRE MIGUEL,18915115,46,13.2,3304557,8.907,28235.664,17594.041,83,8910.0,7275,4,101,615.34,32,9,23,719360944;780456030,11,3,1,10,2,3,PMG001;PMG006;PMG011,0,0,-43.426082,-22.890891,-43.409581,-22.87629,72790,7279,15019,PADRE MIGUEL,10,2,8,10,3,False,PMG001;PMG006;PMG011,18520479,SETD PADRE MIGUEL,15019,PADRE MIGUEL,20659803;20728259;20728280;20728329;20767898;20767919;20767961;20768059;719360944;780456030,1,1097
PDD9861,LDA GLERMINA,LDA,1231,SETD PIEDADE,1248189,46,13.2,3304557,9.668,27797.036,15581.371,80,9837.5,6228,6,53,426.06,48,10,38,745090656,10,1,0,10,1,3,CCD34456;PDD9870;PDD9896,0,0,-43.306324,-22.89205,-43.296372,-22.869497,62340,6234,14998,PIEDADE,10,1,9,10,3,False,CCD34456;PDD9870;PDD9896,1186;1231,SETD CASCADURA;SETD PIEDADE,14998;15034,CASCADURA AEREO;PIEDADE,1593227;1593234;1593269;1593353;1593395;1610566;1610601;1610685;1621115;745090656,1,1097
SRP008,LDA TIPOERA,LDA,18520803,SETD SARAPUI,18915270,46,13.2,3301702,11.364,27151.488,6639.911,69,7582.5,5787,2,15,176.05,31,7,24,160436836;645242290,10,2,0,10,2,3,SRP00012;SRP001;SRP011,0,1,-43.342349,-22.718239,-43.323531,-22.698948,57890,5789,15000,SARAPUI,10,2,8,10,3,False,SRP00012;SRP001;SRP011,18520803,SETD SARAPUI,15000,SARAPUI,160436836;20671202;20691236;20691299;20691327;20808055;221128132;39810114;645242290;645242299,1,1097
WLS006,LDA CORMELO,LDA,18519994,SETD WASHINGTON LUIS,18915370,46,13.2,3301702,7.346,15969.805,10062.031,80,9650.0,4901,1,30,213.16,38,13,25,989595302,11,1,1,10,1,4,CXS008;WLS00013;WLS001;WLS002,0,3,-43.306812,-22.793271,-43.28961,-22.785231,49020,4902,15073,WASHINGTON LUIS AEREO,10,1,9,10,3,False,CXS008;WLS00013;WLS002,18519994;18520785,SETD CAXIAS;SETD WASHINGTON LUIS,15073;15700,CAXIAS AEREO;WASHINGTON LUIS AEREO,1009420702;107199812;107435903;109926496;20679742;20693469;20697739;25394051;719056128;989595302,1,1097
STC00003,LDA ZELINA,LDA,34192093,SETD SANTA CLARA,376712660,46,13.2,3304144,10.788,19510.188,14384.818,78,10787.5,4598,10,77,732.04,40,7,33,690432359,10,1,0,10,1,3,STC00007;STC00011;STC00013,0,0,-43.567312,-22.72395,-43.55207,-22.706972,46080,4608,15052,SANTA CLARA AEREO,10,1,9,10,3,False,STC00007;STC00011;STC00013,34192093,SETD SANTA CLARA,15052,SANTA CLARA AEREO,104593359;178323974;20735581;20735616;20735693;20735721;29737651;30131196;690432359;97886191,1,1097
WLS00013,LDA DIONISIO,LDA,18519994,SETD WASHINGTON LUIS,254600861,46,13.2,3301702,6.938,23916.72,7472.654,61,7625.0,3984,0,45,392.82,21,11,10,952971790,10,1,0,10,1,3,CXS004;WLS00014;WLS006,0,0,-43.306819,-22.793151,-43.293272,-22.783632,39840,3984,15073,WASHINGTON LUIS AEREO,10,1,9,10,3,False,CXS004;WLS00014;WLS006,18519994;18520785,SETD CAXIAS;SETD WASHINGTON LUIS,15073;15700,CAXIAS AEREO;WASHINGTON LUIS AEREO,107199812;109926496;20679742;20693469;20693581;20693588;20697732;20697739;952971790;952971799,1,1097
CRO001,LDA VICENTINA,LDA,18521055,SETD COELHO DA ROCHA,18915460,46,13.2,3305109,7.889,35852.251,31839.066,26,3535.0,2854,28,9,406.3,56,11,45,1001889022;1007475524;997676559,11,4,1,10,3,3,CRO002;CRO004;CRO007,0,0,-43.405366,-22.778676,-43.387569,-22.769707,28820,2882,15035,COELHO DA ROCHA,10,3,7,10,3,False,CRO002;CRO004;CRO007,18521055,SETD COELHO DA ROCHA,14996;15035,COELHO DA ROCHA;ROSALI,1001889022;1007475524;20711151;20711165;20808720;20817823;20817844;393064192;468767425;997676559,1,1097
JAB007,LDA GOIANA,LDA,18520749,SETD JABOATAO,18915190,46,13.2,3304557,3.842,14155.11,10286.422,36,4315.0,1330,6,18,404.37,24,7,17,971873988,9,1,0,9,1,8,JAB00020;JAB00023;JAB003;JAB004;JAB009;JAB013;JAB014;JAB015,0,0,-43.564373,-22.903502,-43.551414,-22.891488,12024,1336,15029,JABOATAO AEREO,9,1,8,10,8,False,JAB00020;JAB00023;JAB003;JAB004;JAB009;JAB013;JAB014;JAB015,18520749,SETD JABOATAO,15029,JABOATAO AEREO,138734907;20659439;20709765;20733257;20733292;20781019;40432713;486059348;971873988,1,1097
ITP33172,LDA POSSOLO,LDA,10385988,SETD ITAPEBA,10401335,46,13.2,3304557,17.768,33854.414,29105.038,129,20627.5,6951,5,273,2769.89,73,16,57,283365421,9,1,0,9,1,7,ITP000;ITP00005;ITP0004;ITP0100;ITP33143;ITP33370;ITP38330,0,1,-43.457238,-23.011855,-43.427661,-22.997619,62604,6956,15066,ITAPEBA AEREO URBANO,9,1,8,12,7,False,ITP000;ITP00005;ITP0004;ITP0100;ITP33143;ITP33370;ITP38330,10385988,SETD ITAPEBA,15060;15066,ITAPEBA AEREO URBANO;ITAPEBA SUBTERRANEO,11008754;11008894;122984587;283365421;306462800;456765966;642725946;773267888;926984524,1,1097
CRO007,LDA GRANRIO,LDA,18521055,SETD COELHO DA ROCHA,18915465,46,13.2,3305109,14.255,22020.718,15220.011,73,8347.5,5206,13,44,491.02,90,19,71,1007475524;631703293,12,5,3,9,2,11,CRO001;CRO0016;CRO002;CRO003;CRO0035;CRO004;CRO008;CRO011;MNB012;MNB013;PVN0004,0,7,-43.415529,-22.784953,-43.387737,-22.772807,46971,5219,15035,COELHO DA ROCHA,9,2,7,9,7,False,CRO001;CRO003;CRO004;CRO008;MNB012;MNB013;PVN0004,1303;18520902;18521055,SETD COELHO DA ROCHA;SETD MENA BARRETO;SETD PAVUNA,14994;15035;15057,COELHO DA ROCHA;MENA BARRETO AEREO;PAVUNA,1007475524;1016364592;20679952;20680022;20711151;20711235;20718669;631703293;919757723,1,1097
DMC925,LDA MANGUINHOS,LDA,1168,SETD DEMOCRATICOS,1248154,46,13.2,3304557,6.631,28016.094,8800.071,63,6405.0,2191,9,12,92.84,45,8,37,,9,0,0,9,0,7,DMC3149;DMC3326;DMC772;TRG275;TRG742;TRG872;TRG959,0,0,-43.257907,-22.882799,-43.246993,-22.869137,19800,2200,15056,DEMOCRATICOS AEREO,9,0,9,10,7,False,DMC3149;DMC3326;DMC772;TRG275;TRG742;TRG872;TRG959,1168;1204,SETD DEMOCRATICOS;SETD TRIAGEM,15024;15056,DEMOCRATICOS AEREO;TRIAGEM AEREO,1598127;1598183;1598197;1602229;1608928;1616901;1620947;1628885;1629039,1,1097
CUR33309,LDA SALVADOR,LDA,10386042,SETD CURICICA,676429630,46,13.2,3304557,14.206,51460.857,43255.505,99,14922.5,7556,14,30,479.61,67,10,57,624227446,9,1,0,9,1,6,CUR00001;CUR00002;CUR33135;CUR33326;GDN0009;GDN0014,0,0,-43.400193,-22.979363,-43.385038,-22.958202,68130,7570,16901,CURICICA AEREO,9,1,8,9,6,False,CUR00001;CUR00002;CUR33135;CUR33326;GDN0009;GDN0014,10386042;457474244,SETD CURICICA;SETD GARDENIA,16901;16903,CURICICA AEREO;GARDENIA,11137750;138713962;16596525;16597146;464160233;563441547;564072832;624227446;96161197,1,1097
PMG004,LDA LIMITES,LDA,18520479,SETD PADRE MIGUEL,18915130,46,13.2,3304557,10.04,30733.834,10742.317,66,8356.4,6758,1,56,452.93,33,10,23,502720142,9,1,0,9,1,6,CAM018;CAM019;PMG0018;PMG007;PMG009;PMG010,0,0,-43.450744,-22.893016,-43.425492,-22.878997,60831,6759,15019,PADRE MIGUEL,9,1,8,9,6,False,CAM018;CAM019;PMG0018;PMG007;PMG009;PMG010,18520479;18520488,SETD CAMARA;SETD PADRE MIGUEL,14991;15019,CAMARA;PADRE MIGUEL,20671804;20680582;20680785;20680799;20725445;20725508;20816332;20816465;502720142,1,1097
PDG33670,LDA CRAME,LDA,10385916,SETD PORTA DAGUA,10401270,46,13.2,3304557,14.914,28420.963,13528.815,129,12507.5,6111,11,134,856.89,50,7,43,470068546;770240635,11,4,2,9,2,8,CUR33311;GDN0012;PDG222;PDG29004;PDG29724;PDG33499;PDG33678;TQR00005,0,1,-43.362664,-22.952885,-43.331633,-22.934235,55098,6122,16902,PORTA DAGUA AEREO,9,2,7,10,6,False,CUR33311;GDN0012;PDG222;PDG33499;PDG33678;TQR00005,10385871;10385916;10386042;457474244,SETD CURICICA;SETD GARDENIA;SETD PORTA DAGUA;SETD TAQUARA,15023;16901;16902;16903,CURICICA AEREO;GARDENIA;PORTA DAGUA AEREO;TAQUARA AEREO,11009454;11036342;11053039;11117560;132333233;136644277;470068546;489881287;770240635,1,1097
PVN3632,LDA CLARA,LDA,1303,SETD PAVUNA,1248399,46,13.2,3304557,14.593,35875.456,5479.91,114,11790.0,5442,3,7,47.94,48,12,36,276692615,9,1,0,9,1,6,GDL0007;PVN0001;PVN0002;PVN70277;PVN9857;PVN9897,0,0,-43.398495,-22.835294,-43.386469,-22.813737,49005,5445,14994,PAVUNA,9,1,8,9,6,False,GDL0007;PVN0001;PVN0002;PVN70277;PVN9857;PVN9897,1258;1303,SETD GUADALUPE;SETD PAVUNA,14994;15036,GUADALUPE AEREO;PAVUNA,116264416;1603559;1624811;1625035;1626162;276692605;276692615;337955008;533297639,1,1097
CBI33806,LDA HONORIO,LDA,1141,SETD CACHAMBI,1248124,46,13.2,3304557,7.795,28788.051,21639.362,58,7532.5,5041,6,19,324.07,49,11,38,798881895;973707555,9,2,0,9,2,6,CBI24801;CBI24840;CBI24854;CBI33803;PDD29513;PDD3356,0,0,-43.292424,-22.893633,-43.274184,-22.88197,45423,5047,15027,CACHAMBI AEREO,9,2,7,10,6,False,CBI24801;CBI24840;CBI24854;CBI33803;PDD29513;PDD3356,1141;1231,SETD CACHAMBI;SETD PIEDADE,14998;15027,CACHAMBI AEREO;PIEDADE,1553990;1589230;1612148;1612183;1623019;1625840;345752887;798881895;973707555,1,1097
PER0001,LDA ROMARIZ,LDA,1240,SETD PEDRO ERNESTO,1248294,46,13.2,3304557,7.39,22645.19,12788.639,77,8220.0,5039,8,31,240.9,41,6,35,,9,0,0,9,0,6,DMC3326;PER29478;PER29500;PER711;TER12912;TER29152,0,0,-43.271262,-22.860085,-43.258066,-22.846749,45423,5047,15061,PEDRO ERNESTO AEREO,9,0,9,9,6,False,DMC3326;PER29478;PER29500;PER711;TER12912;TER29152,1123;1168;1240,SETD DEMOCRATICOS;SETD PEDRO ERNESTO;SETD TERRA NOVA,15015;15044;15056;15061,DEMOCRATICOS AEREO;PEDRO ERNESTO AEREO;RAMOS AEREO;TERRA NOVA AEREO,1594249;1594830;1594886;1609075;1615942;1628038;278616382;278655472;455979872,1,1097
CXS013,LDA FLORES,LDA,18520785,SETD CAXIAS,18915325,46,13.2,3301702,7.657,30513.0,9086.542,57,6825.0,4610,2,58,413.18,29,8,21,,9,0,0,9,0,6,CXS005;CXS020;CXS021;MRT0002;MRT29607;SJO0007,0,0,-43.325503,-22.791133,-43.310657,-22.770438,41508,4612,15700,CAXIAS AEREO,9,0,9,9,6,False,CXS005;CXS020;CXS021;MRT0002;MRT29607;SJO0007,1312;18520785;310718139,SETD CAXIAS;SETD MERITI;SETD SAO JOAO,14993;15699;15700,CAXIAS AEREO;MERITI;SAO JOAO,1566611;1632777;20659523;20704991;20705005;20705019;20705117;20759523;264282838,1,1097
TRS010,LSA TRIANOVA,LSA,18520326,SETD TRES RIOS,18915140,67,25.0,3306008,44.339,69522.254,69633.693,101,13592.5,4149,15,65,2981.389,105,19,86,466925267;655865618,10,3,1,9,2,6,TRS001;TRS002;TRS006;TRS007;TRS009;TRS011,1,0,-43.234066,-22.124608,-43.164923,-22.066997,37476,4164,15088,TRES RIOS AEREO MT/MT,9,2,7,9,6,False,TRS001;TRS002;TRS006;TRS007;TRS009;TRS011,18520326,SETD TRES RIOS,15087;15088,TRES RIOS AEREO AT/MT;TRES RIOS AEREO MT/MT,185024182;20813840;20813847;313620894;324574915;33845342;466925267;57187510;655865618,1,1097
TQR00002,LDA CAFUNDA,LDA,10385871,SETD TAQUARA,358368704,46,13.2,3304557,8.218,15692.0,12068.575,56,6980.7,3437,13,55,429.19,44,10,34,653795960;703009466,9,2,0,9,2,6,CCD237;TQR00004;TQR00007;TQR0006;TQR0009;TQR60088,0,0,-43.374829,-22.931711,-43.364162,-22.911936,31050,3450,15023,TAQUARA AEREO,9,2,7,9,6,False,CCD237;TQR00004;TQR00007;TQR0006;TQR0009;TQR60088,10385871;1186,SETD CASCADURA;SETD TAQUARA,15023;15034,CASCADURA AEREO;TAQUARA AEREO,159118523;163854849;258786514;270363159;457023343;460269752;498189914;653795960;703009466,1,1097
PMG005,LDA AZEREDO,LDA,18520479,SETD PADRE MIGUEL,18915130,46,13.2,3304557,6.645,21383.872,14981.844,36,3892.5,2609,7,33,260.54,25,5,20,772542216;996508658,9,2,0,9,2,6,PMG00019;PMG001;PMG0016;PMG009;PMG010;PMG013,0,0,-43.430821,-22.890928,-43.412823,-22.869831,23544,2616,15019,PADRE MIGUEL,9,2,7,9,6,False,PMG00019;PMG001;PMG0016;PMG009;PMG010;PMG013,18520479,SETD PADRE MIGUEL,15019,PADRE MIGUEL,20659726;20659733;20660020;20660027;288887600;675059816;675060043;772542216;996508658,1,1097
JAB00005,LDA MANAI,LDA,18520749,SETD JABOATAO,18915190,46,13.2,3304557,6.35,13085.136,7630.293,36,4912.5,1991,5,25,361.59,30,11,19,25177309;687173115;933665958;960494886,9,4,0,9,4,6,CHR0007;CHR0014;CHR012;JAB00016;JAB006;STS004,0,0,-43.572173,-22.909941,-43.558282,-22.896629,17964,1996,15029,JABOATAO AEREO,9,4,5,10,6,False,CHR0007;CHR0014;CHR012;JAB00016;JAB006;STS004,18520749;18520758;18521136,SETD CACHAMORRA;SETD JABOATAO;SETD SANTISSIMO,15011;15029;15042,CACHAMORRA;JABOATAO AEREO;SANTISSIMO AEREO,134286318;20669571;20723338;20723394;25177309;335344240;687173115;933665958;960494886,1,1097
VRD019,LSA ANGRA,LSA,18520470,SETD VOLTA REDONDA,18915415,67,25.0,3306305,110.569,24611.285,24055.475,292,25052.5,9714,17,196,2324.63,192,35,157,702094844;865301195,10,2,1,9,2,6,RTO003;SCI001;VRD002;VRD011;VRD015;VRD020,0,1,-44.092727,-22.513502,-43.96549,-22.405436,87579,9731,15086,VOLTA REDONDA AEREO MT/MT,9,2,7,9,5,False,RTO003;SCI001;VRD011;VRD015;VRD020,18520299;18520470;18520875,SETD RETIRO;SETD SANTA CECILIA;SETD VOLTA REDONDA,14995;15084;15086;15090,RETIRO;SANTA CECILIA AEREO MT/MT;VOLTA REDONDA AEREO AT/MT;VOLTA REDONDA AEREO MT/MT,20667317;20680932;20681079;20698243;29376329;702094835;702094844;865301185;865301195,1,1097
ABR00020,LDA ESTUDANTE,LDA,18520731,SETD AREIA BRANCA,18915205,46,13.2,3300456,21.373,32274.48,5513.894,106,12165.0,7954,3,31,310.0,46,12,34,506975587,9,1,0,9,1,5,ABR001;ABR002;ABR011;ABR013;ABR017,0,1,-43.40557,-22.748801,-43.386989,-22.699095,71613,7957,15054,AREIA BRANCA AEREO,9,1,8,9,5,False,ABR001;ABR002;ABR011;ABR013;ABR017,18520731,SETD AREIA BRANCA,15054,AREIA BRANCA AEREO,112649041;132891154;132998614;20661721;20671258;20671265;20676676;20676746;506975587,1,1097
CHR013,LDA PABELI,LDA,18520758,SETD CACHAMORRA,18915200,46,13.2,3304557,17.091,30448.099,18631.081,120,13237.5,7188,5,220,1488.42,46,10,36,525589979;533950519;740972740,10,4,1,9,3,5,CHR0006;CHR012;CHR018;CHR024;STS001,0,0,-43.586015,-22.928147,-43.556551,-22.907683,64737,7193,15011,CACHAMORRA,9,3,6,9,5,False,CHR0006;CHR012;CHR018;CHR024;STS001,18520758;18521136,SETD CACHAMORRA;SETD SANTISSIMO,15011;15042,CACHAMORRA;SANTISSIMO AEREO,20669557;20746357;20746441;20769144;20769270;525589979;533950509;533950519;740972740,1,1097
CLG0009,LDA VERBAR,LDA,1249,SETD COLEGIO,1248349,46,13.2,3304557,9.968,27884.899,13025.467,86,9232.5,6630,2,85,708.16,36,15,21,992030044;998385127,9,2,0,9,2,5,CLG0006;CLG0008;CLG0015;TUR002;TUR011,0,0,-43.35153,-22.853733,-43.335782,-22.841288,59688,6632,15021,COLEGIO AEREO,9,2,7,9,5,False,CLG0006;CLG0008;CLG0015;TUR002;TUR011,1249;1294,SETD COLEGIO;SETD TURIACU,15002;15021,COLEGIO AEREO;TURIACU,1588992;1588999;1589048;1589097;1589146;1589167;1605953;992030044;998385127,1,1097
PMG0016,LDA MARCIANO,LDA,18520479,SETD PADRE MIGUEL,18915130,46,13.2,3304557,6.766,23433.262,9458.829,68,7620.0,5956,1,35,326.97,26,11,15,757843836,9,1,0,9,1,5,PMG00019;PMG001;PMG0017;PMG005;PMG009,0,0,-43.429885,-22.890952,-43.422119,-22.878206,53613,5957,15019,PADRE MIGUEL,9,1,8,9,5,False,PMG00019;PMG001;PMG0017;PMG005;PMG009,18520479,SETD PADRE MIGUEL,15019,PADRE MIGUEL,20659628;20659698;20659733;20659740;20659782;20660118;20729834;20729876;757843836,1,1097
CRM0010,LDA PEQUIM,LDA,280389625,SETD CARMARI,280389914,46,13.2,3303500,21.961,1559.652,17408.148,74,6787.5,5668,12,38,804.497,64,18,46,927443958,10,1,1,9,1,5,CRM0006;CRM0007;CRM0012;RFR005;STC00002,0,0,-43.510155,-22.715152,-43.459423,-22.668353,51120,5680,15691,CARMARI,9,1,8,11,5,False,CRM0006;CRM0007;CRM0012;RFR005;STC00002,18520767;280389625;34192093,SETD CARMARI;SETD ROCHA FREIRE;SETD SANTA CLARA,15052;15691;15693,CARMARI;ROCHA FREIRE AEREO AT/MT;SANTA CLARA AEREO,165229405;20723079;20723100;20723107;20808244;253230093;253230415;290334534;927443958,1,1097
VVQ9892,LDA TULIPA,LDA,1177,SETD VILA VALQUEIRE,1248284,46,13.2,3304557,8.528,22687.742,17158.498,89,11290.0,5572,3,88,611.15,39,12,27,7686287;775341992,9,2,0,9,2,5,CCD724;CCD910;VVQ33140;VVQ9922;VVQ9939,0,0,-43.371016,-22.888026,-43.357767,-22.870201,50175,5575,15032,VILA VALQUEIRE,9,2,7,9,5,False,CCD724;CCD910;VVQ33140;VVQ9922;VVQ9939,1177;1186,SETD CASCADURA;SETD VILA VALQUEIRE,15032;15034,CASCADURA AEREO;VILA VALQUEIRE,106701654;117591230;1622088;1622123;1622130;1622186;1622193;7686287;775341992,1,1097
ABR017,LDA PIAM,LDA,18520731,SETD AREIA BRANCA,18915210,46,13.2,3300456,13.189,25068.581,7999.47,68,6592.5,5389,5,41,332.44,33,6,27,,9,0,0,9,0,5,ABR00019;ABR00020;ABR001;ABR005;NIG029,0,1,-43.426367,-22.748639,-43.397454,-22.715176,48546,5394,15054,AREIA BRANCA AEREO,9,0,9,10,5,False,ABR00019;ABR00020;ABR001;ABR005;NIG029,18519976;18520731,SETD AREIA BRANCA;SETD NOVA IGUACU,15054;15692,AREIA BRANCA AEREO;NOVA IGUACU,1022530322;112649041;20702793;20766183;20766211;20766358;20806949;20807040;20821078,1,1097
AGR004,LDA VILAR,LDA,1285,SETD AGUA GRANDE,1248354,46,13.2,3304557,8.328,19071.291,15396.708,79,9195.0,5355,8,40,534.05,41,10,31,108938823,9,1,0,9,1,5,AGR009;AGR011;MRT273;VGE3154;VGE3703,0,0,-43.313433,-22.828672,-43.300584,-22.81666,48267,5363,15045,AGUA GRANDE AEREO,9,1,8,10,5,False,AGR009;AGR011;MRT273;VGE3154;VGE3703,1267;1285;1312,SETD AGUA GRANDE;SETD MERITI;SETD VIGARIO GERAL,15045;15062,AGUA GRANDE AEREO;VIGARIO GERAL AEREO,108938823;137172013;1589426;1605057;1605176;1613639;1613688;1613695;1613730,1,1097
ABR015,LDA PENABOTO,LDA,18520731,SETD AREIA BRANCA,18915205,46,13.2,3300456,15.755,34677.233,5513.627,90,9090.0,5290,5,22,188.6,55,14,41,690187599;735978821,9,2,0,9,2,5,ABR00021;ABR002;ABR007;ABR010;VTL014,0,1,-43.397477,-22.749318,-43.37235,-22.727199,47655,5295,15054,AREIA BRANCA AEREO,9,2,7,9,5,False,ABR00021;ABR002;ABR007;ABR010;VTL014,18520731;18520794,SETD AREIA BRANCA;SETD VILAR DOS TELES,15054;15072,AREIA BRANCA AEREO;VILAR DOS TELES AEREO,111291997;20661686;20720636;20725935;20761105;29311306;690187599;695134317;735978821,1,1097
VRD007,LDA MORADA/PARQUESUL,LDA,18520470,SETD VOLTA REDONDA,18915405,46,13.2,3306305,23.781,23227.484,21356.167,77,6292.5,5247,9,77,830.09,50,9,41,,10,0,1,9,0,6,RTO00014;VRD001;VRD002;VRD010;VRD012;VRD017,0,1,-44.122268,-22.554744,-44.079461,-22.513219,47304,5256,14995,RETIRO,9,0,9,9,5,False,RTO00014;VRD002;VRD010;VRD012;VRD017,18520470;18520875,SETD RETIRO;SETD VOLTA REDONDA,14995;15084;15086,RETIRO;VOLTA REDONDA AEREO AT/MT;VOLTA REDONDA AEREO MT/MT,1010446941;20710206;20737793;20803729;20803925;230982883;277886251;518904283;542916412,1,1097
PCI0010,LDA PITOMBEIRA,LDA,450101398,SETD PACIENCIA,450102116,46,13.2,3304557,9.429,22596.176,12123.379,66,7672.5,5103,4,46,454.05,34,7,27,757878187,9,1,0,9,1,5,CMS001;CMS004;PCI0006;PCI0013;PCI3620,0,0,-43.63718,-22.93546,-43.61577,-22.912442,45963,5107,16900,PACIENCIA,9,1,8,9,5,False,CMS001;CMS004;PCI0006;PCI0013;PCI3620,18520839;450101398,SETD COSMOS;SETD PACIENCIA,16897;16900,COSMOS;PACIENCIA,20667618;20667625;20713846;20713888;20717633;20717703;20717745;468866174;757878187,1,1097
CCD3713,LDA TACAMIA,LDA,1186,SETD CASCADURA,1248264,46,13.2,3304557,9.849,13612.753,9421.11,85,11600.0,4921,12,14,106.74,46,11,35,692600816;973535757;973776211,9,3,0,9,3,5,CCD205;CCD3348;CCD652;CLG0001;TUR008,0,0,-43.336989,-22.88101,-43.318447,-22.865033,44397,4933,15034,CASCADURA AEREO,9,3,6,10,5,False,CCD205;CCD3348;CCD652;CLG0001;TUR008,1186;1249;1294,SETD CASCADURA;SETD COLEGIO;SETD TURIACU,15002;15021;15034,CASCADURA AEREO;COLEGIO AEREO;TURIACU,1583511;1583588;1606660;1606674;1606723;1606786;692600816;973535757;973776211,1,1097
CLG0006,LDA PAROBI,LDA,1249,SETD COLEGIO,1248304,46,13.2,3304557,8.017,20894.691,9745.044,74,9147.5,4731,4,23,228.16,32,10,22,,9,0,0,9,0,5,CCD292;CLG0003;CLG0009;GDL00002;TUR011,0,0,-43.352347,-22.845576,-43.335783,-22.831815,42615,4735,15021,COLEGIO AEREO,9,0,9,11,5,False,CCD292;CLG0003;CLG0009;GDL00002;TUR011,1186;1249;1258;1294,SETD CASCADURA;SETD COLEGIO;SETD GUADALUPE;SETD TURIACU,15002;15021;15036,COLEGIO AEREO;GUADALUPE AEREO;TURIACU,1587221;1587235;1589027;1589048;1605953;1605967;1605995;1606114;96705309,1,1097
MRT29825,LDA NICE,LDA,1312,SETD MERITI,1248419,46,13.2,3305109,12.615,28342.98,5758.956,82,7770.0,4701,5,21,163.23,34,11,23,767050196,10,1,1,9,1,6,MRT2929;MRT29629;MRT33313;MRT9928;ROS005;ROS011,0,1,-43.356565,-22.797975,-43.330528,-22.779837,42354,4706,14993,MERITI,9,1,8,10,5,False,MRT2929;MRT29629;MRT9928;ROS005;ROS011,1312;18519985,SETD MERITI;SETD ROSALI,14993;14996,MERITI;ROSALI,113000974;1604392;1604476;1604483;1604490;20691754;20705103;767050196;767050205,1,1097
PMG003,LDA RINEGRO,LDA,18520479,SETD PADRE MIGUEL,18915130,46,13.2,3304557,15.957,23748.987,19738.816,77,9130.0,4402,9,131,816.62,52,14,38,492268540,10,1,1,9,1,5,PMG006;PMG014;TQR33830;VVQ9922;VVQ9968,0,0,-43.42618,-22.894854,-43.38379,-22.884536,39699,4411,15019,PADRE MIGUEL,9,1,8,9,5,False,PMG006;PMG014;TQR33830;VVQ9922;VVQ9968,10385871;1177;18520479,SETD PADRE MIGUEL;SETD TAQUARA;SETD VILA VALQUEIRE,15019;15023;15032,PADRE MIGUEL;TAQUARA AEREO;VILA VALQUEIRE,11038316;11038330;1597336;1597343;20705425;20781761;454056509;492268540;642227889,1,1097
AGR002,LDA ANTENOR,LDA,1285,SETD AGUA GRANDE,1248354,46,13.2,3304557,6.911,26465.111,13683.664,53,6302.5,4320,9,24,477.51,45,9,36,761279032,10,1,1,9,1,5,AGR001;AGR006;AGR008;MTC001;PER70278,0,1,-43.313537,-22.834884,-43.290943,-22.823484,38961,4329,15045,AGUA GRANDE AEREO,9,1,8,9,5,False,AGR001;AGR006;AGR008;MTC001;PER70278,1240;1276;1285,SETD AGUA GRANDE;SETD MATURACA;SETD PEDRO ERNESTO,15017;15031;15045,AGUA GRANDE AEREO;BRAS DE PINA;MATURACA AEREO,15033302;1611357;1611413;1611721;1611763;1614570;1614647;1614710;761279032,1,1097
TUR001,LDA CANANEIA,LDA,1294,SETD TURIACU,8394770,46,13.2,3304557,7.46,16588.883,10428.116,68,7950.0,4238,2,71,463.39,38,10,28,707470912,9,1,0,9,1,5,CCD241;TUR007;TUR008;TUR010;TUR012,0,0,-43.355489,-22.869343,-43.342863,-22.855761,38160,4240,15002,TURIACU,9,1,8,9,5,False,CCD241;TUR007;TUR008;TUR010;TUR012,1186;1294,SETD CASCADURA;SETD TURIACU,15002;15034,CASCADURA AEREO;TURIACU,1581733;1581740;1581747;1622788;1622802;1622900;1624335;704963225;707470912,1,1097
LPD29304,LDA ROSEIRAS,LDA,10386033,SETD LEOPOLDO,10401385,46,13.2,3304557,5.995,15555.858,7325.555,55,5730.0,4131,1,26,224.69,39,9,30,,11,1,2,9,0,6,LPD29027;LPD29159;LPD29211;LPD29480;LPD33246;LPD33255,0,0,-43.267263,-22.93161,-43.25425,-22.924737,37188,4132,15030,LEOPOLDO AEREO,9,0,9,9,5,False,LPD29159;LPD29211;LPD29480;LPD33246;LPD33255,10386033,SETD LEOPOLDO,15030,LEOPOLDO AEREO,11093839;11103523;11137211;11137225;11137337;11137386;628688851;628706038;971994168,1,1097
SJO0010,LDA GERANIOS,LDA,310718139,SETD SAO JOAO,310718324,46,13.2,3301702,10.106,26497.697,4132.301,66,6247.5,3980,0,14,159.68,27,8,19,,9,0,0,9,0,5,ROS007;ROS011;SJO0012;SJO0013;VTL002,0,3,-43.361638,-22.769866,-43.329426,-22.762738,35820,3980,15699,SAO JOAO,9,0,9,9,5,False,ROS007;ROS011;SJO0012;SJO0013;VTL002,18519985;18520794;310718139,SETD ROSALI;SETD SAO JOAO;SETD VILAR DOS TELES,14996;15072;15699,ROSALI;SAO JOAO;VILAR DOS TELES AEREO,20680309;20680344;20682353;20682381;20682416;20733950;275520266;284662603;288329237,1,1097
BAR4841,LDS 4841/LDA PARANA/LDA BISPO,LDS,10385907,SETD BARRA,10401285,46,13.2,3304557,14.596,30049.28,28632.128,115,17145.0,3493,8,145,1301.654,107,24,83,10917322;10917336,9,2,0,9,2,5,BAR33368;BAR33398;BAR3462;BAR4472;BAR4998,0,0,-43.327869,-23.013634,-43.312731,-22.998344,31509,3501,15013,BARRA AEREO,9,2,7,10,5,False,BAR33368;BAR33398;BAR3462;BAR4472;BAR4998,10385907,SETD BARRA,15013;15690,BARRA AEREO;BARRA SUBTERRANEO,10917322;10917336;11026032;11092866;11093209;11120563;26253813;39969093;40021649,1,1097
CAM020,LDA NOVAGUI,LDA,18520488,SETD CAMARA,18915070,46,13.2,3304557,11.282,33360.0,2197.061,64,7897.5,2823,0,9,108.85,33,6,27,463086607,9,1,0,9,1,5,AFR010;CAM002;CAM004;CAM013;CAM015,1,0,-43.503107,-22.887927,-43.482781,-22.867596,25407,2823,14991,CAMARA,9,1,8,9,5,False,AFR010;CAM002;CAM004;CAM013;CAM015,18520461;18520488,SETD ARI FRANCO;SETD CAMARA,14991;15010,ARI FRANCO;CAMARA,20673421;20673442;20690053;20730814;20730828;20745020;463086607;530210360;530240410,1,1097
TUR008,LDA BORBOREMA,LDA,1294,SETD TURIACU,1248389,46,13.2,3304557,6.501,17228.861,4102.464,48,5565.0,2473,3,8,79.87,43,11,32,692600816;707470912,9,2,0,9,2,5,CCD3348;CCD3713;CLG0015;TUR001;TUR009,0,0,-43.352053,-22.867056,-43.334806,-22.855239,22284,2476,15002,TURIACU,9,2,7,9,5,False,CCD3348;CCD3713;CLG0015;TUR001;TUR009,1186;1249;1294,SETD CASCADURA;SETD COLEGIO;SETD TURIACU,15002;15034,CASCADURA AEREO;TURIACU,1606674;1606828;1619414;1619428;1622788;1626610;1626645;692600816;707470912,1,1097
BAR4472,LDS 4472/LDA ALBA,LDS,10385907,SETD BARRA,10401285,46,13.2,3304557,8.956,22590.542,21254.1,65,10757.5,2155,6,60,544.13,61,11,50,10917833;32673308,9,2,0,9,2,5,BAR2477;BAR29680;BAR30673;BAR33398;BAR4841,0,0,-43.327541,-23.013756,-43.296697,-22.998365,19449,2161,15013,BARRA AEREO,9,2,7,9,5,False,BAR2477;BAR29680;BAR30673;BAR33398;BAR4841,10385907,SETD BARRA,15013;15689,BARRA 2;BARRA AEREO,10917833;11026032;11065159;11119506;11119625;32673308;40385571;425810232;534358502,1,1097
SCI005,LSA CANTEIRO,LSA,18520299,SETD SANTA CECILIA,18915120,67,25.0,3300308,218.786,3601.362,6311.567,387,19635.0,2146,10,53,3304.646,223,24,199,,14,2,5,9,0,6,CEN001;CEN003;SCI002;SCI003;SCI006;SCI007,0,2,-43.850086,-22.483552,-43.687917,-22.252838,19404,2156,15090,SANTA CECILIA AEREO MT/MT,9,0,9,9,5,False,CEN001;CEN003;SCI002;SCI006;SCI007,18520299;18520353,SETD CENTENARIO;SETD SANTA CECILIA,15074;15089;15090,CENTENARIO AEREO AT/MT;CENTENARIO AEREO MT/MT;SANTA CECILIA AEREO MT/MT,20661308;20684544;20724430;20817403;20842287;20842301;230609827;472769486;514210870,1,1097
JAB003,LDA PAULAFON,LDA,18520749,SETD JABOATAO,18915190,46,13.2,3304557,15.157,26220.576,21612.619,45,3855.0,1580,22,44,421.81,57,10,47,685223719;773521249,10,3,1,9,2,5,JAB007;JAB012;STS001;STS003;STS004,0,1,-43.578046,-22.897704,-43.551731,-22.858261,14418,1602,15029,JABOATAO AEREO,9,2,7,9,5,False,JAB007;JAB012;STS001;STS003;STS004,18520749;18521136,SETD JABOATAO;SETD SANTISSIMO,15029;15042,JABOATAO AEREO;SANTISSIMO AEREO,20662358;20687995;20722715;20733257;20759537;20781040;20781068;685223719;773521249,1,1097
BRI003,LSA SALINA,LSA,18521208,SETD BRISAMAR,18915495,67,25.0,3302007,77.058,4422.689,2240.887,151,11627.5,1209,2,26,401.54,114,15,99,,12,1,3,9,0,5,BRI00005;BRI001;BRI002;ITG0007;ITG0008,0,0,-43.919418,-22.917095,-43.802615,-22.822816,10899,1211,15006,BRISA MAR,9,0,9,9,5,False,BRI00005;BRI001;BRI002;ITG0007;ITG0008,18521208;310129856,SETD BRISAMAR;SETD ITAGUAI,15006;15694,BRISA MAR;ITAGUAI,128656948;135611175;20782412;20789814;20789842;20791011;22322738;344670826;776003438,1,1097
FTL002,LDA CORINGA,LDA,18521064,SETD FONTINELE,18915475,46,13.2,3300407,37.63,25287.857,21686.534,128,9270.0,10686,8,153,1319.57,85,14,71,697933960,9,1,0,9,1,4,FTL008;FTL009;FTL012;SDD001,0,2,-44.236651,-22.5494,-44.159543,-22.478243,96246,10694,15007,FONTINELE,9,1,8,9,4,False,FTL008;FTL009;FTL012;SDD001,18520398;18521064,SETD FONTINELE;SETD SAUDADE,15001;15007,FONTINELE;SAUDADE,20689808;20689857;20715337;20715421;20715477;20745783;360369674;697933960;803819709,1,1097
FTL012,LDA HORTALICA,LDA,18521064,SETD FONTINELE,18915470,46,13.2,3300407,48.87,23080.688,19015.889,204,10700.0,8594,4,98,864.69,85,12,73,625038995,9,1,0,9,1,4,FTL001;FTL002;FTL008;RTO013,0,0,-44.190653,-22.549442,-44.148722,-22.456439,77382,8598,15007,FONTINELE,9,1,8,9,4,False,FTL001;FTL002;FTL008;RTO013,18520875;18521064,SETD FONTINELE;SETD RETIRO,14995;15007,FONTINELE;RETIRO,20689829;20689871;20715337;20715365;20715421;20715477;264858350;31204519;625038995,1,1097
CSO006,LDA AZALEIA,LDA,18520821,SETD COMENDADOR SOARES,18915240,46,13.2,3303500,17.019,25948.309,14527.823,111,13410.0,7575,5,67,363.25,56,18,38,916618775,9,1,0,9,1,4,CSO00015;CSO003;CSO005;CSO012,0,1,-43.527345,-22.776732,-43.47978,-22.755937,68220,7580,15048,COMENDADOR SOARES,9,1,8,9,4,False,CSO00015;CSO003;CSO005;CSO012,18520821,SETD COMENDADOR SOARES,15048,COMENDADOR SOARES,134316386;138108149;20671958;20672014;20672049;20672091;20672098;25472581;916618775,1,1097
CCD70145,LDA SIMOES,LDA,1186,SETD CASCADURA,1248259,46,13.2,3304557,11.363,35173.41,15685.881,94,10957.5,7090,5,30,245.24,47,9,38,707573967,9,1,0,9,1,4,CCD34456;CCD652;CCD757;PDD29513,0,0,-43.333085,-22.881047,-43.302646,-22.869184,63855,7095,15034,CASCADURA AEREO,9,1,8,9,4,False,CCD34456;CCD652;CCD757;PDD29513,1186;1231,SETD CASCADURA;SETD PIEDADE,14998;15034,CASCADURA AEREO;PIEDADE,1582972;1582993;1583084;1603720;1603734;1628367;292172468;706079609;707573967,1,1097
VRD006,LDA AGOSTINHO,LDA,18520470,SETD VOLTA REDONDA,18915400,46,13.2,3306305,15.019,18744.43,16869.257,81,7732.5,6123,7,94,951.89,51,7,44,793239283,9,1,0,9,1,4,RTO007;RTO009;VRD001;VRD011,0,1,-44.089307,-22.514032,-44.067481,-22.486817,55170,6130,15084,VOLTA REDONDA AEREO AT/MT,9,1,8,9,4,False,RTO007;RTO009;VRD001;VRD011,18520470;18520875,SETD RETIRO;SETD VOLTA REDONDA,14995;15084,RETIRO;VOLTA REDONDA AEREO AT/MT,20232982;20232996;20233045;20233150;20760433;645624481;654787877;654787887;793239283,1,1097
VVQ9939,LDA JOLIVA,LDA,1177,SETD VILA VALQUEIRE,1248284,46,13.2,3304557,9.463,22600.899,14321.121,84,9277.5,5989,3,78,908.7,35,7,28,775341992,9,1,0,9,1,4,CCD910;VVQ9892;VVQ9898;VVQ9912,0,0,-43.371015,-22.887994,-43.357752,-22.864213,53928,5992,15032,VILA VALQUEIRE,9,1,8,9,4,False,CCD910;VVQ9892;VVQ9898;VVQ9912,1177;1186,SETD CASCADURA;SETD VILA VALQUEIRE,15032;15034,CASCADURA AEREO;VILA VALQUEIRE,1592002;1592093;1592170;1593073;1593108;1622130;1622186;330994411;775341992,1,1097
CXS006,LDA CABANA,LDA,18520785,SETD CAXIAS,18915310,46,13.2,3301702,10.87,25904.411,14360.032,73,8220.0,5837,10,79,938.61,48,12,36,777085268;989659716;996500057,9,3,0,9,3,4,CXS0025;CXS011;CXS018;CXS022,0,0,-43.311106,-22.77171,-43.287352,-22.753192,52623,5847,15700,CAXIAS AEREO,9,3,6,9,4,False,CXS0025;CXS011;CXS018;CXS022,18520785,SETD CAXIAS,15700,CAXIAS AEREO,111687135;20719026;20729015;23326548;287324441;777085268;804811704;989659716;996500057,1,1097
TER822,LDA AVEOCA,LDA,1123,SETD TERRA NOVA,1248309,46,13.2,3304557,8.984,23543.488,7623.644,84,10080.0,5621,7,16,201.83,39,5,34,919955211,9,1,0,9,1,4,DMC3326;TER12912;TER29134;TER29152,0,0,-43.2761,-22.869853,-43.258555,-22.857913,50652,5628,15044,TERRA NOVA AEREO,9,1,8,9,4,False,DMC3326;TER12912;TER29134;TER29152,1123;1168,SETD DEMOCRATICOS;SETD TERRA NOVA,15044;15056,DEMOCRATICOS AEREO;TERRA NOVA AEREO,1609040;1609068;1615963;1617230;1627632;432023649;47231693;697358498;919955211,1,1097
CXS021,LDA NINA,LDA,18520785,SETD CAXIAS,18915305,46,13.2,3301702,8.012,11490.592,10388.078,69,8700.0,5590,4,51,393.64,25,6,19,,9,0,0,9,0,4,CXS009;CXS013;CXS015;WLS00011,0,0,-43.323232,-22.791538,-43.310903,-22.770441,50346,5594,15700,CAXIAS AEREO,9,0,9,9,4,False,CXS009;CXS013;CXS015;WLS00011,18519994;18520785,SETD CAXIAS;SETD WASHINGTON LUIS,15073;15700,CAXIAS AEREO;WASHINGTON LUIS AEREO,1566555;20704991;20705005;20705019;20744761;20744803;20760762;264282838;26501067,1,1097
MNB018,LDA NEVES,LDA,18520902,SETD MENA BARRETO,18915315,46,13.2,3302858,11.289,25567.154,5707.693,69,8092.5,5468,0,14,157.22,36,9,27,788374165,9,1,0,9,1,4,MNB00008;MNB001;MNB005;MNB006,0,1,-43.445109,-22.807929,-43.422069,-22.79405,49212,5468,15057,MENA BARRETO AEREO,9,1,8,9,4,False,MNB00008;MNB001;MNB005;MNB006,18520902,SETD MENA BARRETO,15057,MENA BARRETO AEREO,142213068;20728091;20744572;20744607;20815212;20815219;20815317;45155758;788374165,1,1097
JAB00023,LDA INHOAIBA,LDA,18520749,SETD JABOATAO,18915180,46,13.2,3304557,15.337,25584.704,10982.204,110,13707.5,5322,6,16,161.35,55,11,44,678018340;685610099;925563166,9,3,0,9,3,4,CMS011;CMS014;JAB00016;JAB007,0,0,-43.594319,-22.908382,-43.558666,-22.895695,47952,5328,15029,JABOATAO AEREO,9,3,6,9,4,False,CMS011;CMS014;JAB00016;JAB007,18520749;18520839,SETD COSMOS;SETD JABOATAO,15029;16897,COSMOS;JABOATAO AEREO,134918192;20709765;20713286;516641293;550615373;678018340;678018413;685610099;925563166,1,1097
CRO012,LDA RAVEL,LDA,18521055,SETD COELHO DA ROCHA,18915455,46,13.2,3305109,9.529,20210.606,6728.34,62,6180.0,5159,2,24,318.89,31,12,19,,9,0,0,9,0,4,CRO00010;CRO008;ROS004;ROS014,0,0,-43.397036,-22.802792,-43.38482,-22.773062,46449,5161,15035,COELHO DA ROCHA,9,0,9,9,4,False,CRO00010;CRO008;ROS004;ROS014,18519985;18521055,SETD COELHO DA ROCHA;SETD ROSALI,14996;15035,COELHO DA ROCHA;ROSALI,103313671;123285064;20705285;20777477;20777484;20777561;20777596;79608170;96700923,1,1097
GNB29528,LDA PORTEIRA,LDA,1150,SETD GUANABARA,1248144,46,13.2,3304557,7.793,25917.072,12956.284,64,7785.0,4927,2,69,535.74,28,4,24,,9,0,0,9,0,4,GNB29224;GNB29257;GNB29340;GNB29373,0,0,-43.191002,-22.798952,-43.167787,-22.786331,44361,4929,15037,GUANABARA AEREO,9,0,9,9,4,False,GNB29224;GNB29257;GNB29340;GNB29373,1150,SETD GUANABARA,15037,GUANABARA AEREO,1580256;1604035;1608543;1608592;1608641;1608648;1608655;1608718;469982679,2,29
IMT004,LDA ANGICO,LDA,18520929,SETD INMETRO,18915450,46,13.2,3301702,19.821,18150.588,10751.989,142,12157.5,4271,5,100,801.43,49,17,32,623536132;960924322;961658541,9,3,0,9,3,4,IMT005;IMT009;IMT011;IMT012,0,0,-43.334586,-22.597878,-43.28348,-22.570014,38484,4276,14997,INMETRO,9,3,6,9,4,False,IMT005;IMT009;IMT011;IMT012,18520929,SETD INMETRO,14997;15005,ELDORADO;INMETRO,20662659;20662680;20662708;20667058;20722211;340290913;623536132;960924322;961658541,1,1097
TRS002,LDA PASSATEMPO,LDA,18520326,SETD TRES RIOS,18915150,46,13.2,3306008,28.998,10542.962,12211.341,115,8302.5,4242,9,52,4105.02,72,15,57,747688542;983648110,12,2,3,9,2,6,TRS005;TRS006;TRS007;TRS010;TRS011;TRS013,1,0,-43.269065,-22.13337,-43.187554,-22.087112,38259,4251,15087,TRES RIOS AEREO AT/MT,9,2,7,9,4,False,TRS006;TRS007;TRS010;TRS011,18520326,SETD TRES RIOS,15087;15088,TRES RIOS AEREO AT/MT;TRES RIOS AEREO MT/MT,1010889241;159642351;185024182;20687449;30467243;538510682;659202016;747688542;983648110,1,1097
CHR002,LDA MORICA,LDA,18520758,SETD CACHAMORRA,18915220,46,13.2,3304557,11.751,22892.831,9985.746,63,6997.5,4003,6,70,414.27,28,6,22,23304417;24004189;26163470;702945055,9,4,0,9,4,4,CHR017;JAB00018;JAB009;STS004,0,1,-43.568115,-22.924583,-43.529077,-22.89242,36081,4009,15011,CACHAMORRA,9,4,5,10,4,False,CHR017;JAB00018;JAB009;STS004,18520749;18520758;18521136,SETD CACHAMORRA;SETD JABOATAO;SETD SANTISSIMO,15011;15029;15042,CACHAMORRA;JABOATAO AEREO;SANTISSIMO AEREO,153630866;20738234;20738255;20738374;23304417;24004189;26163470;362877419;702945055,1,1097
GNB33413,LDA MITA,LDA,1150,SETD GUANABARA,1248134,46,13.2,3304557,7.404,23621.604,12125.912,54,6815.0,3613,6,48,330.76,31,13,18,933451256,9,1,0,9,1,4,GNB33417;GVD3629;GVD9871;GVD9875,0,0,-43.197323,-22.812108,-43.188838,-22.797055,32571,3619,15037,GUANABARA AEREO,9,1,8,9,4,False,GNB33417;GVD3629;GVD9871;GVD9875,1150;1213,SETD GOVERNADOR;SETD GUANABARA,15037;15040,GOVERNADOR AEREO;GUANABARA AEREO,1602824;1602838;1602880;1602887;1602894;1602901;1602915;1602978;933451256,2,29
MNB002,LDA RIOBRAN,LDA,18520902,SETD MENA BARRETO,18915260,46,13.2,3302858,5.132,14842.428,8596.028,42,5895.0,3141,5,34,267.04,29,7,22,20650088,9,1,0,9,1,4,MNB006;MNB013;MNB015;PVN9848,0,1,-43.422421,-22.811061,-43.406111,-22.79722,28314,3146,14994,PAVUNA,9,1,8,9,4,False,MNB006;MNB013;MNB015;PVN9848,1303;18520902,SETD MENA BARRETO;SETD PAVUNA,14994;15057,MENA BARRETO AEREO;PAVUNA,20650088;20705796;20711655;20711690;20711718;20711746;20781950;20781957;20788078,1,1097
AGR011,LDA AGUIAR,LDA,1285,SETD AGUA GRANDE,17378073,46,13.2,3304557,3.172,21766.752,4580.339,27,3075.0,2337,1,29,202.87,17,7,10,,9,0,0,9,0,4,AGR004;AGR008;MRT273;VGE3703,0,1,-43.313369,-22.828681,-43.298256,-22.821416,21042,2338,15045,AGUA GRANDE AEREO,9,0,9,10,4,False,AGR004;AGR008;MRT273;VGE3703,1267;1285;1312,SETD AGUA GRANDE;SETD MERITI;SETD VIGARIO GERAL,15045;15062,AGUA GRANDE AEREO;VIGARIO GERAL AEREO,137172013;159805584;1601137;1601347;1601361;1613625;1613639;1613688;1613695,1,1097
RTO014,LDA ITAIPAVA,LDA,18520875,SETD RETIRO,18915285,46,13.2,3306305,6.818,21799.456,22277.515,25,3150.0,2007,2,25,316.61,14,4,10,490745678,10,2,1,9,1,4,FTL013;RTO00014;RTO010;RTO011,0,1,-44.137007,-22.524558,-44.120855,-22.496951,18081,2009,14995,RETIRO,9,1,8,9,4,False,FTL013;RTO00014;RTO010;RTO011,18520875;18521064,SETD FONTINELE;SETD RETIRO,14995;15007,FONTINELE;RETIRO,20680169;20701484;20701498;20719488;20719509;20719537;20719621;20719649;490745678,1,1097
VGE3919,LDA GAROPA,LDA,1267,SETD VIGARIO GERAL,1248334,46,13.2,3304557,8.835,36577.025,17638.163,62,7755.0,1765,14,8,193.17,56,11,45,926473489,9,1,0,9,1,4,VGE00001;VGE3154;VGE3237;VGE33444,0,0,-43.348295,-22.832455,-43.321121,-22.812146,16011,1779,15062,VIGARIO GERAL AEREO,9,1,8,10,4,False,VGE00001;VGE3154;VGE3237;VGE33444,1267,SETD VIGARIO GERAL,15062,VIGARIO GERAL AEREO,107865365;1590140;1590203;1590259;1590273;1609929;1609950;685966537;926473489,1,1097
VRD014,LDA PONTEALTA,LDA,18520470,SETD VOLTA REDONDA,18915410,46,13.2,3306305,8.366,17773.053,16119.705,43,5497.5,1524,15,21,379.592,41,7,34,655470684;774568960,9,2,0,9,2,4,RTO001;VRD001;VRD008;VRD012,0,1,-44.122024,-22.524863,-44.088662,-22.512782,13851,1539,15084,VOLTA REDONDA AEREO AT/MT,9,2,7,9,4,False,RTO001;VRD001;VRD008;VRD012,18520470;18520875,SETD RETIRO;SETD VOLTA REDONDA,14995;15084,RETIRO;VOLTA REDONDA AEREO AT/MT,20769501;20769578;20803869;300043352;488240697;655470684;774568951;774568960;801531029,1,1097
VGE35061,LDA ACARI,LDA,1267,SETD VIGARIO GERAL,1248329,46,13.2,3304557,9.862,20902.816,11524.433,32,4232.5,1512,13,17,243.52,41,6,35,990183590,9,1,0,9,1,4,MRT9954;VGE00002;VGE3890;VGE3947,0,0,-43.355455,-22.818837,-43.321562,-22.804286,13725,1525,15062,VIGARIO GERAL AEREO,9,1,8,9,4,False,MRT9954;VGE00002;VGE3890;VGE3947,1267;1312,SETD MERITI;SETD VIGARIO GERAL,14993;14996;15062,MERITI;ROSALI;VIGARIO GERAL AEREO,10365158;1610279;1610307;1629417;1629529;267547345;49196484;777574886;990183590,1,1097
BPN29869,LDA PAVILHAO,LDA,1159,SETD BRAS DE PINA,1248204,46,13.2,3304557,7.462,17965.774,7249.934,47,7702.5,1251,11,6,134.8,31,4,27,,9,0,0,9,0,4,BPN29881;BPN29904;BPN29915;BPN29920,0,0,-43.282932,-22.82917,-43.26919,-22.815054,11358,1262,15017,BRAS DE PINA,9,0,9,9,4,False,BPN29881;BPN29904;BPN29915;BPN29920,1159,SETD BRAS DE PINA,15017;15045,AGUA GRANDE AEREO;BRAS DE PINA,138047989;141556134;1605316;1625539;1625623;1625672;1628444;1628591;1628717,1,1097
BPN29904,LDA DOALHO,LDA,1159,SETD BRAS DE PINA,1248214,46,13.2,3304557,5.913,10962.642,9981.053,30,3397.5,265,23,9,651.654,44,5,39,,9,0,0,9,0,4,BPN29869;BPN29872;BPN29881;BPN29920,0,0,-43.283269,-22.827368,-43.272928,-22.812485,2592,288,15017,BRAS DE PINA,9,0,9,9,4,False,BPN29869;BPN29872;BPN29881;BPN29920,1159,SETD BRAS DE PINA,15017;15045,AGUA GRANDE AEREO;BRAS DE PINA,138047989;1605344;1606499;1619820;1628444;1628458;1628591;1628717;35670395,1,1097
SRD001,LSA INVERNADA,LSA,18521154,SETD SEROPEDICA,18915500,67,25.0,3305554,206.35,58565.366,52108.007,642,63637.5,21210,27,360,5443.823,349,70,279,685034703;936147879,16,5,7,9,2,3,SRD0005;SRD003;SRD004,0,0,-43.8195,-22.704577,-43.662288,-22.569611,191133,21237,15043,SEROPEDICA AEREO,9,2,7,9,3,False,SRD0005;SRD003;SRD004,18521154,SETD SEROPEDICA,15043,SEROPEDICA AEREO,159496360;20718592;276110177;40526886;42875764;632750963;685034703;790495562;936147879,1,1097
CEN004,LSA CARVALHEIRA,LSA,18520353,SETD CENTENARIO,18915145,67,25.0,3306206,209.726,29483.78,43610.194,503,49190.0,15715,32,257,5756.929,368,65,303,491538937,14,2,5,9,1,3,CEN002;CEN005;CEN006,0,0,-43.734483,-22.463118,-43.476937,-22.356549,141723,15747,15074,CENTENARIO AEREO AT/MT,9,1,8,9,3,False,CEN002;CEN005;CEN006,18520353,SETD CENTENARIO,15074;15089,CENTENARIO AEREO AT/MT;CENTENARIO AEREO MT/MT,138237450;20696311;20737135;20801160;20815030;29772281;362198962;491538927;491538937,1,1097
FTL006,LDA BARBARA,LDA,18521064,SETD FONTINELE,18915480,46,13.2,3300407,29.228,25210.141,20556.626,117,9292.5,9636,10,135,853.73,74,12,62,1003065529;474839307;680732185;711077813,12,5,3,9,4,6,FTL001;FTL003;FTL007;FTL014;RTO00014;VRD017,0,1,-44.163984,-22.557544,-44.120505,-22.529943,86814,9646,15007,FONTINELE,9,4,5,9,3,False,FTL003;RTO00014;VRD017,18520470;18520875;18521064,SETD FONTINELE;SETD RETIRO;SETD VOLTA REDONDA,14995;15007;15086,FONTINELE;RETIRO;VOLTA REDONDA AEREO MT/MT,1003065529;20686595;20686637;20701407;20737744;32321114;474839307;680732185;711077813,1,1097
CUR33800,LDA GUERE,LDA,10386042,SETD CURICICA,676429630,46,13.2,3304557,14.888,21118.208,16702.981,76,9240.0,8576,2,159,987.97,47,9,38,502436646;755971644,9,2,0,9,2,3,CUR33133;CUR33338;TQR33826,0,0,-43.396967,-22.958509,-43.375569,-22.930763,77202,8578,16901,CURICICA AEREO,9,2,7,9,3,False,CUR33133;CUR33338;TQR33826,10385871;10386042,SETD CURICICA;SETD TAQUARA,15023;16901,CURICICA AEREO;TAQUARA AEREO,110433108;11065600;11077002;11077009;11077177;11092341;11092355;502436646;755971644,1,1097
CSO012,LDA JASMIN,LDA,18520821,SETD COMENDADOR SOARES,54431863,46,13.2,3303500,24.504,23781.536,12267.927,83,8647.5,6950,1,75,548.79,36,12,24,758002757;993627338,9,2,0,9,2,3,CSO00015;CSO006;CSO014,0,0,-43.50595,-22.766969,-43.481669,-22.756168,62559,6951,15048,COMENDADOR SOARES,9,2,7,9,3,False,CSO00015;CSO006;CSO014,18520821,SETD COMENDADOR SOARES,15048,COMENDADOR SOARES,101226795;138108149;20672098;20709233;20721623;20721665;758002747;758002757;993627338,1,1097
ABR004,LDA VITALINA,LDA,18520731,SETD AREIA BRANCA,18915185,46,13.2,3300456,10.93,27096.066,9081.425,74,8070.0,6029,3,53,376.95,41,10,31,753116156,9,1,0,9,1,3,ABR008;ABR009;ABR016,0,1,-43.42515,-22.752907,-43.397573,-22.742568,54288,6032,15054,AREIA BRANCA AEREO,9,1,8,9,3,False,ABR008;ABR009;ABR016,18520731,SETD AREIA BRANCA,15054,AREIA BRANCA AEREO,20686945;20780473;20780508;20780732;20819657;20819685;20819706;20819734;753116156,1,1097
AFR012,LDA PORTONAL,LDA,18520461,SETD ARI FRANCO,18915080,46,13.2,3304557,7.471,25726.368,5605.245,66,6712.5,5118,1,16,112.02,31,11,20,716810380;782517161,9,2,0,9,2,3,AFR003;AFR006;AFR015,0,0,-43.472793,-22.869619,-43.453773,-22.861612,46071,5119,15010,ARI FRANCO,9,2,7,9,3,False,AFR003;AFR006;AFR015,18520461,SETD ARI FRANCO,15010,ARI FRANCO,20717794;20774495;20774509;20774516;20774544;20774600;308343011;716810380;782517161,1,1097
AFR004,LDA FORTUNATO,LDA,18520461,SETD ARI FRANCO,18915085,46,13.2,3304557,10.967,27728.544,15640.888,95,10087.5,5063,4,169,1975.02,41,13,28,706152671,11,2,2,9,1,4,AFR002;AFR009;AFR011;AFR013,0,0,-43.4727,-22.862531,-43.451241,-22.849403,45603,5067,15010,ARI FRANCO,9,1,8,9,3,False,AFR009;AFR011;AFR013,18520461,SETD ARI FRANCO,15010,ARI FRANCO,20687680;20687848;20687932;20687946;20706300;20706377;20706440;26193450;706152671,1,1097
SCI008,LSA CARTONAGEM,LSA,18520299,SETD SANTA CECILIA,18915090,67,25.0,3300308,149.195,11190.173,10407.746,272,16937.5,4841,12,35,4737.95,237,36,201,999385622,14,5,5,9,1,3,CEN005;SCI006;SCI007,0,0,-43.890755,-22.592731,-43.605898,-22.479755,43677,4853,15090,SANTA CECILIA AEREO MT/MT,9,1,8,9,3,False,CEN005;SCI006;SCI007,18520299;18520353,SETD CENTENARIO;SETD SANTA CECILIA,15089;15090,CENTENARIO AEREO MT/MT;SANTA CECILIA AEREO MT/MT,133131322;20681583;20699454;20805584;20842077;20842126;360985726;93021097;999385622,1,1097
BMT29845,LDA VALDETARO,LDA,1195,SETD BOCA DO MATO,1248174,46,13.2,3304557,7.018,15432.738,11304.279,59,7577.5,4113,5,40,514.64,50,12,38,798868717;986434914,10,3,1,9,2,4,BMT0001;BMT29840;BMT29868;CBI33795,0,2,-43.28534,-22.911091,-43.2555,-22.903351,37062,4118,15055,BOCA DO MATO AEREO,9,2,7,9,3,False,BMT29840;BMT29868;CBI33795,1141;1195,SETD BOCA DO MATO;SETD CACHAMBI,15027;15055,BOCA DO MATO AEREO;CACHAMBI AEREO,1585982;1586094;1588229;1588271;1618406;1618462;537394130;798868717;986434914,1,1097
BAR2477,LDS 24779/LDA GUEDES/LRA GIGOIA,LDS,10385907,SETD BARRA,10401285,46,13.2,3304557,9.663,21005.591,19872.294,64,9757.5,3275,15,46,366.57,105,19,86,10917448;48191660,10,3,1,9,2,4,BAR30651;BAR30673;BAR33368;BAR4472,0,9,-43.327549,-23.013431,-43.302004,-22.998266,29610,3290,15013,BARRA AEREO,9,2,7,9,3,False,BAR30673;BAR33368;BAR4472,10385907,SETD BARRA,15013,BARRA AEREO,10917448;11065159;11104048;43996475;448306791;45675839;48191660;532305372;534358502,1,1097
MTC005,LDA MARELI,LDA,1276,SETD MATURACA,1248359,46,13.2,3304557,7.062,16984.238,13292.972,51,5332.5,3276,7,54,382.1,31,6,25,679250745,9,1,0,9,1,3,MTC002;MTC004;MTC010,0,1,-43.309435,-22.858593,-43.30109,-22.84139,29547,3283,15031,MATURACA AEREO,9,1,8,9,3,False,MTC002;MTC004;MTC010,1276,SETD MATURACA,15031,MATURACA AEREO,1599723;1599765;1599793;1599821;1604595;1604735;367871351;44121460;679250745,1,1097
VRD0022,LDA PANDIA,LDA,18520470,SETD VOLTA REDONDA,18915410,46,13.2,3306305,7.804,16506.984,15261.001,73,8985.0,3029,9,56,519.93,44,14,30,,9,0,0,9,0,3,VRD002;VRD008;VRD012,0,1,-44.104985,-22.524227,-44.088664,-22.513225,27342,3038,15084,VOLTA REDONDA AEREO AT/MT,9,0,9,9,3,False,VRD002;VRD008;VRD012,18520470,SETD VOLTA REDONDA,15084,VOLTA REDONDA AEREO AT/MT,20688604;20757591;20757661;20757724;20757738;20757759;486823890;680856938;710966219,1,1097
GDL24813,LDA GONCALVES,LDA,1258,SETD GUADALUPE,1248439,46,13.2,3304557,7.816,33701.907,3668.499,76,8737.5,2362,4,2,102.0,40,10,30,,9,0,0,9,0,3,GDL00002;GDL0005;GDL24956,0,0,-43.370903,-22.835965,-43.34058,-22.821599,21294,2366,15036,GUADALUPE AEREO,9,0,9,9,3,False,GDL00002;GDL0005;GDL24956,1258,SETD GUADALUPE,15036,GUADALUPE AEREO,110669349;1610783;1618175;1619890;1621885;1622039;1626974;461652269;807943075,1,1097
TRS013,LSA DONCARLOS,LSA,18520326,SETD TRES RIOS,18915140,67,25.0,3306008,424.177,3859.806,22736.26,934,43925.0,6027,51,196,9032.199,443,61,382,1004834657,20,4,11,9,1,9,CEN002;TRS001;TRS002;TRS003;TRS004;TRS005;TRS006;TRS007;TRS014,3,4,-43.518036,-22.4214,-43.23381,-22.123986,54702,6078,15088,TRES RIOS AEREO MT/MT,9,1,8,9,2,False,CEN002;TRS014,18520326;18520353,SETD CENTENARIO;SETD TRES RIOS,15074;15087,CENTENARIO AEREO AT/MT;TRES RIOS AEREO AT/MT,1004834657;142328274;20668591;20675507;20677684;20821197;277023217;510591353;520287440,1,1097
MTC004,LDA NUPEBA,LDA,1276,SETD MATURACA,1248374,46,13.2,3304557,5.303,15802.239,6511.643,56,6307.5,4220,1,10,119.65,31,11,20,679250745,10,1,1,9,1,2,MTC005;MTC008,0,1,-43.307076,-22.853304,-43.298432,-22.84131,37989,4221,15031,MATURACA AEREO,9,1,8,9,2,False,MTC005;MTC008,1276,SETD MATURACA,15031,MATURACA AEREO,132789081;15591516;1604595;1604644;1604665;1604679;1604735;367871351;679250745,1,1097
VVQ9903,LDA TURVANIA,LDA,1177,SETD VILA VALQUEIRE,1248229,46,13.2,3304557,5.517,13650.263,7971.986,45,5737.5,3490,1,55,425.43,24,11,13,971010872;971208400;971362985,9,3,0,9,3,2,VVQ9951;VVQ9973,0,0,-43.371013,-22.896583,-43.352353,-22.887098,31419,3491,15032,VILA VALQUEIRE,9,3,6,9,2,False,VVQ9951;VVQ9973,1177,SETD VILA VALQUEIRE,15032,VILA VALQUEIRE,1587333;1587375;1587480;1598967;1598974;1621836;971010872;971208400;971362985,1,1097
VRD015,LSA JAPUIRA,LSA,18520470,SETD VOLTA REDONDA,18915415,67,25.0,3306305,359.032,7829.624,17662.38,739,34567.5,9907,10,89,4696.298,366,51,315,499117598;793217826,12,3,4,8,2,9,RTO003;RTO006;RTO007;SCI001;SCI006;SDD002;VRD002;VRD019;VRD021,1,0,-44.261642,-22.51353,-43.953517,-22.320477,79336,9917,15086,VOLTA REDONDA AEREO MT/MT,8,2,6,8,7,False,RTO003;RTO006;RTO007;SCI001;SCI006;SDD002;VRD019,18520299;18520398;18520470;18520875,SETD RETIRO;SETD SANTA CECILIA;SETD SAUDADE;SETD VOLTA REDONDA,14995;15001;15086;15090,RETIRO;SANTA CECILIA AEREO MT/MT;SAUDADE;VOLTA REDONDA AEREO MT/MT,20695086;20698299;20738955;29376329;298280749;474203762;499117598;793217826,1,1097
ZIN004,LDA SANCRUZ,LDA,18520911,SETD ZONA INDUSTRIAL,18915440,46,13.2,3304557,22.325,30981.621,8461.578,91,8895.0,6133,4,23,383.72,50,10,40,,10,0,2,8,0,9,ESP005;ESP019;ITG0003;ITG0005;ZIN001;ZIN002;ZIN003;ZIN006;ZIN007,0,0,-43.765548,-22.914651,-43.694474,-22.878875,49096,6137,15696,ZONA INDUSTRIAL,8,0,8,9,7,False,ESP005;ESP019;ITG0003;ITG0005;ZIN002;ZIN003;ZIN006,18519958;18520911;310129856,SETD ESPERANCA;SETD ITAGUAI;SETD ZONA INDUSTRIAL,15694;15696;16899,ESPERANCA AEREO AT/MT;ITAGUAI;ZONA INDUSTRIAL,143462907;20713195;20721273;20721336;20791151;26598133;26600334;32896650,1,1097
PMG00019,LDA PIRATRIZ,LDA,18520479,SETD PADRE MIGUEL,18915110,46,13.2,3304557,12.463,25747.36,9564.237,85,9892.5,5971,12,20,223.363,51,13,38,581935834;757843836;757861011,8,3,0,8,3,7,AFR005;PMG001;PMG0016;PMG0017;PMG002;PMG005;PMG013,0,1,-43.429128,-22.891031,-43.415795,-22.859677,47864,5983,15019,PADRE MIGUEL,8,3,5,8,7,False,AFR005;PMG001;PMG0016;PMG0017;PMG002;PMG005;PMG013,18520461;18520479,SETD ARI FRANCO;SETD PADRE MIGUEL,14991;15010;15019,ARI FRANCO;CAMARA;PADRE MIGUEL,20660118;20777771;20777862;20778408;581935834;675059816;757843836;757861011,1,1097
CHR024,LDA ELLIS,LDA,18520758,SETD CACHAMORRA,18915220,46,13.2,3304557,15.508,28667.523,11730.382,77,8842.5,5320,5,163,1256.04,35,6,29,611006143,8,1,0,8,1,7,CHR0003;CHR0006;CHR008;CHR009;CHR010;CHR013;CHR021,0,0,-43.568078,-22.927485,-43.519542,-22.90904,42600,5325,15011,CACHAMORRA,8,1,7,8,7,False,CHR0003;CHR0006;CHR008;CHR009;CHR010;CHR013;CHR021,18520758,SETD CACHAMORRA,15011,CACHAMORRA,20669564;20699188;20699202;20739669;20739732;20746357;275938238;611006143,1,1097
CAM002,LDA RECIFE,LDA,18520488,SETD CAMARA,18915100,46,13.2,3304557,10.317,15685.0,2892.716,52,5542.5,2163,3,4,37.0,26,8,18,,8,0,0,8,0,7,AFR002;AFR005;AFR010;AFR011;CAM001;CAM004;CAM020,0,0,-43.488539,-22.888021,-43.468874,-22.864344,17328,2166,14991,CAMARA,8,0,8,8,7,False,AFR002;AFR005;AFR010;AFR011;CAM001;CAM004;CAM020,18520461;18520488,SETD ARI FRANCO;SETD CAMARA,14991;15010,ARI FRANCO;CAMARA,20675360;20675367;20675388;20744985;20805878;295199711;295388617;530210360,1,1097
CHR0007,LDA BAICURU,LDA,18520758,SETD CACHAMORRA,18915220,46,13.2,3304557,15.524,31358.411,14814.653,94,10155.0,6303,4,73,634.55,44,11,33,756096174;960494886,8,2,0,8,2,6,CHR012;CHR018;CMS005;CMS011;JAB00005;STS001,0,0,-43.608824,-22.924537,-43.560997,-22.905607,50456,6307,15029,JABOATAO AEREO,8,2,6,9,6,False,CHR012;CHR018;CMS005;CMS011;JAB00005;STS001,18520749;18520758;18520839;18521136,SETD CACHAMORRA;SETD COSMOS;SETD JABOATAO;SETD SANTISSIMO,15011;15029;15042;16897,CACHAMORRA;COSMOS;JABOATAO AEREO;SANTISSIMO AEREO,20670082;20723338;20723443;20769319;335344240;472752309;756096174;960494886,1,1097
CHR008,LDA LOBO,LDA,18520758,SETD CACHAMORRA,18915215,46,13.2,3304557,14.598,26115.492,13228.974,93,11362.5,5933,3,134,1033.9,39,9,30,25189932;997252056,8,2,0,8,2,6,CHR0003;CHR0006;CHR004;CHR009;CHR021;CHR024,0,0,-43.568191,-22.928871,-43.527207,-22.91438,47488,5936,15011,CACHAMORRA,8,2,6,8,6,False,CHR0003;CHR0006;CHR004;CHR009;CHR021;CHR024,18520758,SETD CACHAMORRA,15011,CACHAMORRA,20739599;20739634;20739690;25189932;275938238;450818541;544569443;997252056,1,1097
LPD29159,LDA LEMAX,LDA,10386033,SETD LEOPOLDO,10401470,46,13.2,3304557,6.526,17139.402,14987.597,80,9335.0,5279,5,50,378.72,44,13,31,998505392,8,1,0,8,1,6,ALC0001;ALC9993;LPD29145;LPD29232;LPD29304;URG29718,0,0,-43.255173,-22.931644,-43.244544,-22.920093,42272,5284,15030,LEOPOLDO AEREO,8,1,7,8,6,False,ALC0001;ALC9993;LPD29145;LPD29232;LPD29304;URG29718,10385889;10385979;10386033,SETD ALDEIA CAMPISTA;SETD LEOPOLDO;SETD URUGUAI,15025;15030;15033,ALDEIA CAMPISTA;LEOPOLDO AEREO;URUGUAI AEREO,1006045574;11093839;11093916;11094028;11094042;615454727;656879033;998505392,1,1097
PER0002,LDA ELEOTERIO,LDA,1240,SETD PEDRO ERNESTO,1248274,46,13.2,3304557,5.817,13286.136,10290.988,35,5400.0,3363,4,29,386.11,35,7,28,,9,0,1,8,0,7,BPN29522;BPN29872;BPN33195;PER70278;PER763;PER794;PER828,0,0,-43.282869,-22.847118,-43.261449,-22.833178,26936,3367,15061,PEDRO ERNESTO AEREO,8,0,8,8,6,False,BPN29522;BPN29872;BPN33195;PER70278;PER794;PER828,1159;1240,SETD BRAS DE PINA;SETD PEDRO ERNESTO,15017;15061,BRAS DE PINA;PEDRO ERNESTO AEREO,139293152;1566765;1566786;1581138;1612267;1612351;1626484;239094262,1,1097
GDL29585,LDA TAPAJOS,LDA,1258,SETD GUADALUPE,1248439,46,13.2,3304557,9.934,25511.744,5760.181,69,7400.0,2924,3,22,121.46,33,7,26,538132727,8,1,0,8,1,6,GDL0007;GDL29721;GDL29750;GDL29792;PMG013;VVQ9898,0,1,-43.385684,-22.856489,-43.370624,-22.835734,23416,2927,15036,GUADALUPE AEREO,8,1,7,8,6,False,GDL0007;GDL29721;GDL29750;GDL29792;PMG013;VVQ9898,1177;1258;18520479,SETD GUADALUPE;SETD PADRE MIGUEL;SETD VILA VALQUEIRE,15019;15032;15036,GUADALUPE AEREO;PADRE MIGUEL;VILA VALQUEIRE,1581922;1581964;1582027;1584337;1584442;1584477;1592296;538132727,1,1097
CXS015,LDA PENA,LDA,18520785,SETD CAXIAS,18915325,46,13.2,3301702,4.95,15833.476,8480.412,26,5775.0,2410,3,8,253.8,23,8,15,,9,0,1,8,0,7,CXS005;CXS009;CXS016;CXS017;CXS021;CXS023;CXS024,0,0,-43.313084,-22.787127,-43.307797,-22.770443,19304,2413,15700,CAXIAS AEREO,8,0,8,8,6,False,CXS009;CXS016;CXS017;CXS021;CXS023;CXS024,18520785,SETD CAXIAS,15699;15700,CAXIAS AEREO;SAO JOAO,20724668;20724689;20760748;20760762;20787854;58982893;97392247;97392298,1,1097
VRD001,LDA PEIXOTO,LDA,18520470,SETD VOLTA REDONDA,18915400,46,13.2,3306305,6.224,10454.934,9556.46,36,5092.5,1647,5,9,157.5,41,5,36,,10,0,2,8,0,8,RTO002;RTO007;VRD003;VRD005;VRD006;VRD007;VRD010;VRD014,0,4,-44.09543,-22.516074,-44.087247,-22.500075,13216,1652,15084,VOLTA REDONDA AEREO AT/MT,8,0,8,8,6,False,RTO002;RTO007;VRD005;VRD006;VRD010;VRD014,18520470;18520875,SETD RETIRO;SETD VOLTA REDONDA,14995;15084,RETIRO;VOLTA REDONDA AEREO AT/MT,120201959;148619692;20661406;20700231;20739095;20739109;20760433;300043352,1,1097
CCD292,LSA CASCAPOL,LSA,1186,SETD CASCADURA,1248234,67,25.0,3304557,23.985,0.0,0.0,0,0.0,0,0,0,0.0,47,5,42,1006565195;964084648,9,2,1,8,2,7,CCD205;CCD277;CCD70128;CLG0003;CLG0006;PVN9815;PVN9891,0,0,-43.38109,-22.881238,-43.332348,-22.812237,0,0,,,8,2,6,8,6,False,CCD205;CCD277;CLG0003;CLG0006;PVN9815;PVN9891,1186;1249;1303,SETD CASCADURA;SETD COLEGIO;SETD PAVUNA,14994;15021;15034,CASCADURA AEREO;COLEGIO AEREO;PAVUNA,1006565195;1605953;1605995;1614304;22935464;489610507;776612870;964084648,1,1097
NIG028,LSA CABRALIA,LSA,18519976,SETD NOVA IGUACU,18915395,67,25.0,3303500,10.389,0.0,0.0,0,0.0,0,0,0,0.0,7,1,6,,12,0,4,8,0,8,CRM0008;CRM0011;NIG0004;NIG008;NIG013;NIG025;NIG027;NIG029,0,0,-43.469997,-22.759288,-43.431596,-22.72171,0,0,,,8,0,8,8,6,False,CRM0008;CRM0011;NIG008;NIG013;NIG025;NIG029,18519976;280389625,SETD CARMARI;SETD NOVA IGUACU,15691;15692,CARMARI;NOVA IGUACU,152750498;20658886;20679252;20679266;20714420;20714427;20714518;457895156,1,1097
TRG275,LSA BRUXELAS,LSA,1204,SETD TRIAGEM,1248254,67,25.0,3304557,19.002,0.0,0.0,0,0.0,0,0,0,0.0,32,6,26,,8,0,0,8,0,6,BPN20131;BPN20135;DMC3326;DMC772;DMC925;TRG316,0,0,-43.282696,-22.891825,-43.247758,-22.83291,0,0,,,8,0,8,9,6,False,BPN20131;BPN20135;DMC3326;DMC772;DMC925;TRG316,1159;1168;1204,SETD BRAS DE PINA;SETD DEMOCRATICOS;SETD TRIAGEM,15024;15056,DEMOCRATICOS AEREO;TRIAGEM AEREO,1598197;1605743;1605862;1617958;1618567;1620947;1627667;1628885,1,1097
RCP9818,LDA AURELIANO,LDA,10386006,SETD RIO COMPRIDO,10401355,46,13.2,3304557,12.461,29592.555,19780.036,102,12220.0,7760,10,29,378.8,76,18,58,625120595;625146381,8,2,0,8,2,5,FCN3728;FCN611;RCP1737;RCP9893;RCP9958,0,0,-43.222834,-22.934458,-43.209782,-22.921281,62160,7770,15058,RIO COMPRIDO AEREO,8,2,6,8,5,False,FCN3728;FCN611;RCP1737;RCP9893;RCP9958,10386006;10386105,SETD FREI CANECA;SETD RIO COMPRIDO,15049;15058,FREI CANECA AEREO;RIO COMPRIDO AEREO,11022826;11022966;11023078;11076841;11076876;625120585;625120595;625146381,1,1097
VRD010,LDA CICUTA,LDA,18520470,SETD VOLTA REDONDA,18915405,46,13.2,3306305,27.945,23760.045,23208.55,143,15270.0,6656,6,499,3090.7,75,14,61,494179422,8,1,0,8,1,5,VRD001;VRD002;VRD003;VRD007;VRD009,0,1,-44.089708,-22.543941,-44.033892,-22.513156,53296,6662,15084,VOLTA REDONDA AEREO AT/MT,8,1,7,8,5,False,VRD001;VRD002;VRD003;VRD007;VRD009,18520470,SETD VOLTA REDONDA,14995;15084,RETIRO;VOLTA REDONDA AEREO AT/MT,120201959;20689528;20689605;20689647;463275385;494179422;512987404;518904283,1,1097
PDG29776,LDA CARIBU,LDA,10385916,SETD PORTA DAGUA,10401210,46,13.2,3304557,8.711,41892.725,38801.432,91,10840.0,5593,7,111,1186.56,49,9,40,707818751,11,4,3,8,1,6,PDG29023;PDG29724;PDG29748;PDG29857;PDG33434;PDG33499,0,0,-43.349697,-22.956882,-43.331549,-22.93801,44800,5600,16902,PORTA DAGUA AEREO,8,1,7,8,5,False,PDG29023;PDG29748;PDG29857;PDG33434;PDG33499,10385916,SETD PORTA DAGUA,16902;16903,GARDENIA;PORTA DAGUA AEREO,11037231;11037294;11037511;11102956;137451227;500805320;628289570;707818751,1,1097
STC00011,LDA RAPOSO,LDA,34192093,SETD SANTA CLARA,34192098,46,13.2,3304144,10.54,19956.331,9226.836,60,6765.0,5483,2,54,489.48,43,13,30,1002528819,8,1,0,8,1,5,STC00003;STC00009;STC00012;STC00013;STC0014,0,0,-43.576964,-22.724411,-43.55215,-22.713535,43880,5485,15052,SANTA CLARA AEREO,8,1,7,8,5,False,STC00003;STC00009;STC00012;STC00013;STC0014,34192093,SETD SANTA CLARA,15052,SANTA CLARA AEREO,1002528819;105061337;132101008;145072908;20695688;20717423;30131196;686919867,1,1097
CRO006,LDA COSTALIMA,LDA,18521055,SETD COELHO DA ROCHA,18915465,46,13.2,3305109,9.23,22206.368,8907.313,55,5617.5,4681,5,44,383.37,30,7,23,111309209,8,1,0,8,1,5,ABR003;ABR014;ABR018;CRO0031;CRO004,0,0,-43.415193,-22.777853,-43.387738,-22.758211,37488,4686,15054,AREIA BRANCA AEREO,8,1,7,8,5,False,ABR003;ABR014;ABR018;CRO0031;CRO004,18520731;18521055,SETD AREIA BRANCA;SETD COELHO DA ROCHA,15035;15054,AREIA BRANCA AEREO;COELHO DA ROCHA,111309209;20676354;20693721;20747750;20747757;20789394;20802931;405662785,1,1097
AFR015,LDA IMENAGUA,LDA,18520461,SETD ARI FRANCO,18915105,46,13.2,3304557,9.482,30666.752,16647.297,70,8235.0,4590,5,94,666.42,33,5,28,20651810;782517161,8,2,0,8,2,5,AFR003;AFR005;AFR012;AFR013;CAM001,0,0,-43.472715,-22.868416,-43.440348,-22.860541,36760,4595,15010,ARI FRANCO,8,2,6,8,5,False,AFR003;AFR005;AFR012;AFR013;CAM001,18520461;18520488,SETD ARI FRANCO;SETD CAMARA,14991;15010,ARI FRANCO;CAMARA,131379336;20651810;20717794;20717913;20717920;20717941;39376039;782517161,1,1097
CRO0013,LDA ANTIMONIO,LDA,18521055,SETD COELHO DA ROCHA,18915465,46,13.2,3305109,12.652,25182.625,11167.911,64,6870.0,4405,3,14,124.96,35,7,28,693545543,8,1,0,8,1,5,ABR007;ABR010;CRO005;CRO014;VTL001,0,0,-43.390481,-22.772968,-43.368982,-22.748837,35264,4408,15054,AREIA BRANCA AEREO,8,1,7,8,5,False,ABR007;ABR010;CRO005;CRO014;VTL001,18520731;18520794;18521055,SETD AREIA BRANCA;SETD COELHO DA ROCHA;SETD VILAR DOS TELES,15035;15054;15072,AREIA BRANCA AEREO;COELHO DA ROCHA;VILAR DOS TELES AEREO,20670831;20670894;20720699;20761049;370546450;370546484;693545531;693545543,1,1097
QMD001,LSA QUIROA,LSA,18520893,SETD QUEIMADOS,18915295,67,25.0,3304144,100.638,22914.569,6222.915,350,16100.0,4235,6,15,247.73,129,19,110,,13,1,5,8,0,6,QMD002;QMD005;QMD008;QMD009;QMD010;STC0014,0,0,-43.631941,-22.791318,-43.557534,-22.70987,33928,4241,15698,QUEIMADOS AEREO,8,0,8,8,5,False,QMD002;QMD005;QMD009;QMD010;STC0014,18520893;34192093,SETD QUEIMADOS;SETD SANTA CLARA,15043;15052;15692;15698,NOVA IGUACU;QUEIMADOS AEREO;SANTA CLARA AEREO;SEROPEDICA AEREO,20760510;20760517;25671250;25671598;25938552;261214038;30307596;463756329,1,1097
ROS010,LDA TERRA,LDA,18519985,SETD ROSALI,18915360,46,13.2,3305109,6.483,23593.981,6962.028,45,5107.5,3891,2,26,192.8,25,10,15,,8,0,0,8,0,5,ROS006;ROS013;ROS014;ROS015;ROS018,0,1,-43.382979,-22.805945,-43.368973,-22.791503,31144,3893,14996,ROSALI,8,0,8,8,5,False,ROS006;ROS013;ROS014;ROS015;ROS018,18519985,SETD ROSALI,14996,ROSALI,133393256;20705264;20731115;20768150;20768325;20801993;20807796;26670113,1,1097
ALC734,LDA BOULEVARD,LDA,10385889,SETD ALDEIA CAMPISTA,10401450,46,13.2,3304557,4.344,15964.848,14387.315,62,7860.0,3862,2,40,311.95,42,15,27,1008046620,8,1,0,8,1,5,ALC3166;ALC3403;ALC3601;ALC9801;LPD29232,0,0,-43.24821,-22.91728,-43.237964,-22.910602,30912,3864,15033,ALDEIA CAMPISTA,8,1,7,8,5,False,ALC3166;ALC3403;ALC3601;ALC9801;LPD29232,10385889;10386033,SETD ALDEIA CAMPISTA;SETD LEOPOLDO,15030;15033,ALDEIA CAMPISTA;LEOPOLDO AEREO,1008046620;1022156737;11026872;11026914;11057015;11136322;11136420;11153355,1,1097
PER29500,LDA SETEMAR,LDA,1240,SETD PEDRO ERNESTO,1248279,46,13.2,3304557,7.816,17778.547,12420.879,55,7372.5,3575,10,39,387.88,35,6,29,,9,1,1,8,0,6,DMC3326;PER0001;PER29478;PER654;PER711;RAM33366,0,0,-43.266223,-22.868018,-43.253155,-22.846598,28680,3585,15015,RAMOS AEREO,8,0,8,8,5,False,DMC3326;PER0001;PER29478;PER654;PER711,1168;1240,SETD DEMOCRATICOS;SETD PEDRO ERNESTO,15015;15056;15061,DEMOCRATICOS AEREO;PEDRO ERNESTO AEREO;RAMOS AEREO,136133238;1590322;1594886;1608977;1613282;225173121;278616382;584525207,1,1097
VGE00001,LDA FONSECA,LDA,1267,SETD VIGARIO GERAL,1248329,46,13.2,3304557,8.762,26026.93,6021.35,81,9300.0,3559,2,21,168.06,30,4,26,926473489;989359138,8,2,0,8,2,5,VGE3237;VGE33444;VGE3758;VGE3919;VGE3947,0,1,-43.339376,-22.825936,-43.321882,-22.808145,28488,3561,15062,VIGARIO GERAL AEREO,8,2,6,8,5,False,VGE3237;VGE33444;VGE3758;VGE3919;VGE3947,1267,SETD VIGARIO GERAL,15062,VIGARIO GERAL AEREO,1590203;1590210;1632497;685966537;926473489;989359138;99371875;99371901,1,1097
URG29983,LDA AMALIA,LDA,10385979,SETD URUGUAI,10401400,46,13.2,3304557,6.058,16712.205,13063.331,54,7620.0,3395,1,54,472.64,34,9,25,977361689;977477633,9,2,1,8,2,6,ALC9925;RCP9882;URG29706;URG29970;URG29995;URG30000,0,0,-43.244592,-22.936924,-43.230552,-22.928716,27168,3396,15025,URUGUAI AEREO,8,2,6,8,5,False,ALC9925;RCP9882;URG29706;URG29970;URG30000,10385889;10385979;10386006,SETD ALDEIA CAMPISTA;SETD RIO COMPRIDO;SETD URUGUAI,15025;15033;15058,ALDEIA CAMPISTA;RIO COMPRIDO AEREO;URUGUAI AEREO,11006682;11006717;11006808;11006815;690505338;977361689;977464757;977477633,1,1097
ROS006,LDA SATURNO,LDA,18519985,SETD ROSALI,18915375,46,13.2,3305109,4.393,23713.449,8559.346,39,4612.5,3291,5,12,267.569,22,11,11,,9,0,1,8,0,6,ROS00021;ROS003;ROS009;ROS010;ROS013;ROS016,0,0,-43.370749,-22.803556,-43.361549,-22.79158,26368,3296,14996,ROSALI,8,0,8,8,5,False,ROS00021;ROS003;ROS009;ROS010;ROS016,18519985,SETD ROSALI,14996,ROSALI,120493963;20707567;20707588;20801958;20801972;20801993;32145081;32145132,1,1097
WLS00011,LDA SALGAMA,LDA,18519994,SETD WASHINGTON LUIS,254600861,46,13.2,3301702,6.49,18182.903,12265.492,42,4792.5,3258,7,50,442.89,45,12,33,941450993;941455300,8,2,0,8,2,5,CXS009;CXS021;MRT29607;MRT3930;WLS00012,0,1,-43.326922,-22.795669,-43.30651,-22.788855,26120,3265,15073,WASHINGTON LUIS AEREO,8,2,6,8,5,False,CXS009;CXS021;MRT29607;MRT3930;WLS00012,1312;18519994;18520785,SETD CAXIAS;SETD MERITI;SETD WASHINGTON LUIS,14993;15073;15700,CAXIAS AEREO;MERITI;WASHINGTON LUIS AEREO,111304811;1566604;1607591;20806144;20806186;26501067;941450993;941455300,1,1097
PER852,LDA FELISBELO,LDA,1240,SETD PEDRO ERNESTO,1248294,46,13.2,3304557,4.419,15933.655,5911.583,49,5265.0,2803,1,12,101.91,37,11,26,965952535,10,1,2,8,1,6,PER33741;PER654;PER70299;PER711;PER763;PER833,0,0,-43.276306,-22.851815,-43.261033,-22.845159,22432,2804,15061,PEDRO ERNESTO AEREO,8,1,7,8,5,False,PER33741;PER654;PER70299;PER711;PER833,1240,SETD PEDRO ERNESTO,15061,PEDRO ERNESTO AEREO,1630523;1630530;1630586;1630600;1630607;1630691;1630705;965952535,1,1097
ESP011,LDA MASSAPE,LDA,18519958,SETD ESPERANCA,18915335,46,13.2,3304557,10.086,29025.896,12676.619,52,5877.5,2557,7,1,7.7,26,7,19,691961014,8,1,0,8,1,5,ESP004;ESP013;ESP016;PCI0003;PCI0007,0,0,-43.680594,-22.935753,-43.661672,-22.912759,20512,2564,16899,ESPERANCA AEREO AT/MT,8,1,7,9,5,False,ESP004;ESP013;ESP016;PCI0003;PCI0007,18519958;450101398,SETD ESPERANCA;SETD PACIENCIA,16899;16900,ESPERANCA AEREO AT/MT;PACIENCIA,22415797;25346258;25346286;25940219;456508063;463425999;605342372;691961014,1,1097
NIG023,LDA ESPLANADA,LDA,18519976,SETD NOVA IGUACU,18915355,46,13.2,3303500,5.13,22733.92,20708.754,43,5212.5,2356,6,48,639.36,25,9,16,,8,0,0,8,0,5,NIG003;NIG008;NIG011;NIG012;NIG013,0,1,-43.447549,-22.758694,-43.440276,-22.743461,18896,2362,15692,NOVA IGUACU,8,0,8,10,5,False,NIG003;NIG008;NIG011;NIG012;NIG013,18519976,SETD NOVA IGUACU,15692,NOVA IGUACU,20682675;20699993;20700007;20700014;20700028;20807264;20807292;489499086,1,1097
RTO011,LDA EUROPA,LDA,18520875,SETD RETIRO,18915290,46,13.2,3306305,7.525,7486.753,6668.691,40,4740.0,2231,8,43,733.019,35,8,27,490745678,8,1,0,8,1,5,RTO00014;RTO001;RTO007;RTO013;RTO014,0,1,-44.133534,-22.516973,-44.119059,-22.49694,17912,2239,14995,RETIRO,8,1,7,8,5,False,RTO00014;RTO001;RTO007;RTO013;RTO014,18520875,SETD RETIRO,14995,RETIRO,20701491;20701505;20701645;20701652;20701659;226023310;247059649;490745678,1,1097
CMS001,LDA GUATUBA,LDA,18520839,SETD COSMOS,18915255,46,13.2,3304557,6.116,13861.577,4585.549,41,4772.5,1904,3,15,245.33,24,7,17,,8,0,0,8,0,5,CHR018;CMS004;CMS005;PCI0010;PCI3354,0,0,-43.617305,-22.921682,-43.603605,-22.903144,15256,1907,16897,COSMOS,8,0,8,8,5,False,CHR018;CMS004;CMS005;PCI0010;PCI3354,18520758;18520839;450101398,SETD CACHAMORRA;SETD COSMOS;SETD PACIENCIA,15011;16897;16900,CACHAMORRA;COSMOS;PACIENCIA,20713811;20713832;20713888;20713895;20737898;20737975;20769179;540369985,1,1097
DMC631,LDA CAETES,LDA,1168,SETD DEMOCRATICOS,1248139,46,13.2,3304557,6.374,14338.059,5092.776,41,5235.0,1606,8,10,147.5,47,12,35,630191815,8,1,0,8,1,5,DMC3326;DMC3523;DMC655;DMC772;RAM0001,0,1,-43.258462,-22.876016,-43.240076,-22.863267,12912,1614,15056,DEMOCRATICOS AEREO,8,1,7,8,5,False,DMC3326;DMC3523;DMC655;DMC772;RAM0001,1132;1168,SETD DEMOCRATICOS;SETD RAMOS,15015;15056,DEMOCRATICOS AEREO;RAMOS AEREO,1621430;1621542;1621584;1621598;288917659;47231684;630191806;630191815,1,1097
SCI002,LSA INDUSTRIAL,LSA,18520299,SETD SANTA CECILIA,18915090,67,25.0,3300308,41.115,5055.937,14147.188,0,0.0,0,6,3,3168.23,46,13,33,,16,3,8,8,0,7,CEN001;CEN003;SCI003;SCI004;SCI005;SCI006;SCI007,0,0,-43.841944,-22.483729,-43.708409,-22.252715,48,6,15090,SANTA CECILIA AEREO MT/MT,8,0,8,8,5,False,CEN001;SCI004;SCI005;SCI006;SCI007,18520299;18520353,SETD CENTENARIO;SETD SANTA CECILIA,15074;15082;15090,CENTENARIO AEREO AT/MT;SANTA CECILIA AEREO AT/MT;SANTA CECILIA AEREO MT/MT,135175990;20701337;20842126;20842252;31960490;377893861;472769486;778553901,1,1097
PDG33647,LDA JAPAGUA,LDA,10385916,SETD PORTA DAGUA,10401270,46,13.2,3304557,9.749,30951.716,6884.039,153,17287.5,13232,3,28,191.08,43,15,28,628864975,10,3,2,8,1,6,BAR000;BRR38521;PDG0006;PDG29004;PDG29023;PDG29724,0,0,-43.341583,-22.980081,-43.331551,-22.93808,105880,13235,16902,PORTA DAGUA AEREO,8,1,7,8,4,False,BAR000;BRR38521;PDG0006;PDG29023,10385907;10385916;345834478,SETD BARRA;SETD BARRA 2;SETD PORTA DAGUA,15013;16902,BARRA AEREO;PORTA DAGUA AEREO,11077429;11077541;11077702;11077765;481675211;512716501;628864966;628864975,1,1097
SDD001,LSA MARTINE,LSA,18520398,SETD SAUDADE,18915075,67,25.0,3300407,81.978,47580.743,43820.334,273,26100.0,11350,22,170,1552.39,191,32,159,697933960;748933787,13,3,5,8,2,5,FTL002;FTL007;SDD002;VRD016;VRD017,0,1,-44.289514,-22.599547,-44.17905,-22.50906,90976,11372,15001,SAUDADE,8,2,6,8,4,False,FTL002;FTL007;VRD016;VRD017,18520470;18521064,SETD FONTINELE;SETD VOLTA REDONDA,15007;15086,FONTINELE;VOLTA REDONDA AEREO MT/MT,20694008;20730226;20731248;20731262;20820084;697933960;748933787;803819709,1,1097
CUR33777,LDA CIDE,LDA,10386042,SETD CURICICA,676429630,46,13.2,3304557,15.022,26228.376,4639.002,125,12382.5,9311,4,3,138.0,45,13,32,494484218;501461982;717265467,8,3,0,8,3,4,CUR33311;CUR33326;CUR33332;TQR00005,0,1,-43.397232,-22.96194,-43.358607,-22.941976,74520,9315,16901,CURICICA AEREO,8,3,5,8,4,False,CUR33311;CUR33326;CUR33332;TQR00005,10385871;10386042,SETD CURICICA;SETD TAQUARA,15023;16901,CURICICA AEREO;TAQUARA AEREO,103730242;11036076;11053172;11053956;139731070;494484218;501461982;717265467,1,1097
CMS003,LDA TUTOIA,LDA,18520839,SETD COSMOS,18915255,46,13.2,3304557,16.129,26107.456,13549.409,98,10427.5,8097,2,195,4040.84,34,9,25,753798904;988272761,8,2,0,8,2,4,CMS007;CMS008;CMS009;JAB013,0,0,-43.615406,-22.903769,-43.593588,-22.883962,64792,8099,16897,COSMOS,8,2,6,8,4,False,CMS007;CMS008;CMS009;JAB013,18520749;18520839,SETD COSMOS;SETD JABOATAO,15029;16897,COSMOS;JABOATAO AEREO,20672462;20672518;20709002;20814603;20814652;20814834;753798904;988272761,1,1097
MNB003,LDA EMIL,LDA,18520902,SETD MENA BARRETO,18915260,46,13.2,3302858,13.296,29885.609,20255.597,97,10612.5,7059,6,235,1340.87,40,8,32,791770779,8,1,0,8,1,4,MNB004;MNB012;MNB015;MNB016,0,0,-43.428032,-22.797935,-43.411502,-22.782872,56520,7065,15057,MENA BARRETO AEREO,8,1,7,8,4,False,MNB004;MNB012;MNB015;MNB016,18520902,SETD MENA BARRETO,15057,MENA BARRETO AEREO,20679875;20679882;20699601;20709667;20709681;20709688;20726943;791770779,1,1097
PCI3354,LDA FRESON,LDA,450101398,SETD PACIENCIA,450102116,46,13.2,3304557,14.427,32266.848,11009.913,89,11092.5,7017,1,18,165.08,50,11,39,358261418,8,1,0,8,1,4,CHR018;CMS001;PCI0013;PCI3620,0,0,-43.637139,-22.935456,-43.600774,-22.916081,56144,7018,16897,COSMOS,8,1,7,8,4,False,CHR018;CMS001;PCI0013;PCI3620,18520758;18520839;450101398,SETD CACHAMORRA;SETD COSMOS;SETD PACIENCIA,15011;16897;16900,CACHAMORRA;COSMOS;PACIENCIA,20713832;20713867;20737870;20737898;20769186;358261418;540369985;679311768,1,1097
REC00004,LDA GUIOMAR,LDA,132097219,SETD RECREIO,132023773,46,13.2,3304557,11.175,32962.0,26085.29,87,13750.0,6778,13,27,458.02,64,16,48,618490692,9,1,1,8,1,5,ITP000;REC00002;REC00003;REC00008;REC3909,0,1,-43.489893,-23.02737,-43.467483,-23.011062,54328,6791,14999,RECREIO,8,1,7,8,4,False,ITP000;REC00002;REC00003;REC00008,10385988;132097219,SETD ITAPEBA;SETD RECREIO,14999;15060,ITAPEBA SUBTERRANEO;RECREIO,10915621;11024513;11025094;11025192;161145575;332841101;618490661;618490692,1,1097
ABR00021,LDA ABATINGA,LDA,18520731,SETD AREIA BRANCA,18915185,46,13.2,3300456,18.496,31089.167,10642.338,115,10252.5,6636,6,46,319.21,54,17,37,735978821,8,1,0,8,1,4,ABR002;ABR010;ABR013;ABR015,0,0,-43.397668,-22.748653,-43.375501,-22.719997,53136,6642,15054,AREIA BRANCA AEREO,8,1,7,8,4,False,ABR002;ABR010;ABR013;ABR015,18520731,SETD AREIA BRANCA,15054,AREIA BRANCA AEREO,134586939;20661651;20676816;20725935;684463666;695134317;710609789;735978821,1,1097
CCD826,LDA VITORINO,LDA,1186,SETD CASCADURA,1248259,46,13.2,3304557,9.822,35920.165,9198.008,85,9622.5,5675,3,27,180.31,41,11,30,740856782,8,1,0,8,1,4,CCD70128;CCD803;CCD815;PDD9873,0,0,-43.332427,-22.898245,-43.312727,-22.880587,45424,5678,15034,CASCADURA AEREO,8,1,7,8,4,False,CCD70128;CCD803;CCD815;PDD9873,1186;1231,SETD CASCADURA;SETD PIEDADE,14998;15034,CASCADURA AEREO;PIEDADE,140783367;1589944;1589951;1589958;1589979;1590014;1618868;740856782,1,1097
PMG010,LDA ALMEIDA,LDA,18520479,SETD PADRE MIGUEL,18915115,46,13.2,3304557,6.247,20850.834,9516.882,54,6517.5,5146,0,56,416.68,21,9,12,716496929;757873893,9,2,1,8,2,5,CAM018;PMG0018;PMG004;PMG005;PMG006,0,1,-43.445173,-22.898696,-43.425782,-22.887276,41168,5146,15019,PADRE MIGUEL,8,2,6,8,4,False,CAM018;PMG0018;PMG004;PMG005,18520479;18520488,SETD CAMARA;SETD PADRE MIGUEL,14991;15019,CAMARA;PADRE MIGUEL,20661371;20671734;20671762;20725508;288887600;485320783;716496929;757873893,1,1097
PVN70277,LDA ENGENOVO,LDA,1303,SETD PAVUNA,1248394,46,13.2,3304557,10.784,17879.96,9745.461,65,6645.0,5059,0,80,404.04,35,10,25,355779382,8,1,0,8,1,4,PVN0005;PVN3632;PVN9857;PVN9874,0,1,-43.411359,-22.838019,-43.387988,-22.816162,40472,5059,14994,PAVUNA,8,1,7,8,4,False,PVN0005;PVN3632;PVN9857;PVN9874,1303,SETD PAVUNA,14994,PAVUNA,1615102;1615172;1624916;1625063;337955008;338002280;355779382;531983765,1,1097
DMC3149,LDA DARMATOS/POLACE,LDA,1168,SETD DEMOCRATICOS,1248149,46,13.2,3304557,10.834,23102.492,13548.209,88,9747.5,4958,8,51,461.58,67,13,54,770274984,8,1,0,8,1,4,DMC660;DMC871;DMC925;TRG742,0,3,-43.272423,-22.882785,-43.250202,-22.872654,39728,4966,15056,DEMOCRATICOS AEREO,8,1,7,8,4,False,DMC660;DMC871;DMC925;TRG742,1168;1204,SETD DEMOCRATICOS;SETD TRIAGEM,15024;15056,DEMOCRATICOS AEREO;TRIAGEM AEREO,1598197;1600948;1601025;1601060;1601130;1604553;1621304;770274984,1,1097
BMT29840,LDA LINS,LDA,1195,SETD BOCA DO MATO,1248174,46,13.2,3304557,6.914,17109.177,12174.298,75,8520.0,4832,3,45,291.25,27,4,23,,9,1,1,8,0,5,BMT0001;BMT29822;BMT29845;BMT33497;CBI24955,0,1,-43.285295,-22.911091,-43.267679,-22.902675,38680,4835,15055,BOCA DO MATO AEREO,8,0,8,8,4,False,BMT29822;BMT29845;BMT33497;CBI24955,1141;1195,SETD BOCA DO MATO;SETD CACHAMBI,15027;15055,BOCA DO MATO AEREO;CACHAMBI AEREO,1588229;1588271;1589454;1589524;1594592;1595866;1595929;537394130,1,1097
VTL005,LDA CALUNDU,LDA,18520794,SETD VILAR DOS TELES,18915230,46,13.2,3300456,10.13,31605.078,3180.784,66,7350.0,4635,1,9,45.85,49,12,37,761957529,8,1,0,8,1,4,SJO0006;SRP005;SRP014;VTL010,0,3,-43.349441,-22.742922,-43.335614,-22.725123,37088,4636,15072,VILAR DOS TELES AEREO,8,1,7,8,4,False,SJO0006;SRP005;SRP014;VTL010,18520794;18520803;310718139,SETD SAO JOAO;SETD SARAPUI;SETD VILAR DOS TELES,15000;15072;15699,SAO JOAO;SARAPUI;VILAR DOS TELES AEREO,132294063;20681317;20716912;20789961;20789975;20790094;761957519;761957529,1,1097
ROS005,LDA ASTEROIDE,LDA,18519985,SETD ROSALI,18915375,46,13.2,3305109,9.203,24564.944,9378.447,59,6352.5,4610,3,24,148.62,29,8,21,767050196,8,1,0,8,1,4,MRT29825;ROS00022;ROS011;ROS017,0,1,-43.370304,-22.7947,-43.347689,-22.785475,36904,4613,14996,ROSALI,8,1,7,8,4,False,MRT29825;ROS00022;ROS011;ROS017,1312;18519985,SETD MERITI;SETD ROSALI,14993;14996,MERITI;ROSALI,1004735960;20670250;20700868;20768843;20804674;767050196;767050205;780520381,1,1097
FCN604,LDA SERTORIO,LDA,10386105,SETD FREI CANECA,10401390,46,13.2,3304557,6.034,24372.49,10741.859,62,9202.5,4559,6,28,380.22,85,20,65,29164383,15,8,7,8,1,14,FCN0001;FCN1013;FCN1153;FCN1169;FCN1438;FCN1536;FCN1991;FCN29118;FCN37007;FCN3728;FCN4889;FCN611;FCN744;FCN929,0,17,-43.209659,-22.930918,-43.1982,-22.913002,36520,4565,15049,FREI CANECA AEREO,8,1,7,8,4,False,FCN3728;FCN611;FCN744;FCN929,10386105,SETD FREI CANECA,15049,FREI CANECA AEREO,11095316;11095526;11095554;11153068;29164383;341572787;549284267;766530926,1,1097
PCI0013,LDA PIRAPETINGA,LDA,450101398,SETD PACIENCIA,450102116,46,13.2,3304557,9.93,25535.152,6397.834,63,6645.0,4497,3,24,221.23,22,6,16,,8,0,0,8,0,4,PCI0010;PCI0011;PCI3354;PCI3620,0,0,-43.636885,-22.935469,-43.623148,-22.916369,36000,4500,16900,PACIENCIA,8,0,8,8,4,False,PCI0010;PCI0011;PCI3354;PCI3620,450101398,SETD PACIENCIA,16897;16900,COSMOS;PACIENCIA,20717703;20717731;20717745;20737863;20737961;22961172;470141490;679311768,1,1097
VTL010,LDA IGARAPE,LDA,18520794,SETD VILAR DOS TELES,18915225,46,13.2,3300456,12.612,27521.188,2712.71,70,7140.0,4484,0,5,63.75,34,12,22,762558671,9,1,1,8,1,5,SRP011;SRP014;VTL004;VTL005;VTL006,0,0,-43.367196,-22.736013,-43.344951,-22.713518,35872,4484,15072,VILAR DOS TELES AEREO,8,1,7,8,4,False,SRP011;SRP014;VTL004;VTL005,18520794;18520803,SETD SARAPUI;SETD VILAR DOS TELES,15000;15072,SARAPUI;VILAR DOS TELES AEREO,132294063;138631831;20716814;20716828;20716877;20716912;621917212;762558671,1,1097
PDD33543,LDA VARELA,LDA,1231,SETD PIEDADE,1248194,46,13.2,3304557,6.558,26558.256,17090.413,51,5932.5,4167,3,43,304.07,48,8,40,730229122;988345752,9,3,1,8,2,5,PDD3800;PDD3984;PDD9870;PDD9873;PDD9899,0,6,-43.3104,-22.904255,-43.300921,-22.891433,33360,4170,14998,PIEDADE,8,2,6,8,4,False,PDD3800;PDD3984;PDD9873;PDD9899,1231,SETD PIEDADE,14998,PIEDADE,1588425;1588467;1588558;1600206;1600283;161965403;730229122;988345752,1,1097
FTL007,LDA MARIANO,LDA,18521064,SETD FONTINELE,18915480,46,13.2,3300407,18.347,25015.798,22231.057,70,7095.0,4092,17,102,928.53,64,11,53,1003602355;748933787,11,3,3,8,2,6,FTL001;FTL003;FTL004;FTL006;FTL014;SDD001,0,0,-44.195056,-22.551762,-44.158993,-22.530332,32872,4109,15007,FONTINELE,8,2,6,8,4,False,FTL001;FTL003;FTL004;SDD001,18520398;18521064,SETD FONTINELE;SETD SAUDADE,15001;15007,FONTINELE;SAUDADE,1003602355;1004362317;20686623;20694008;20697144;20730226;687636885;748933787,1,1097
TRG729,LDA POLONIA,LDA,1204,SETD TRIAGEM,1248299,46,13.2,3304557,7.259,22829.323,20107.009,65,9297.5,3809,11,34,530.42,45,8,37,,8,0,0,8,0,4,TRG282;TRG636;TRG678;TRG783,0,0,-43.259384,-22.90119,-43.245506,-22.89071,30560,3820,15024,TRIAGEM AEREO,8,0,8,8,4,False,TRG282;TRG636;TRG678;TRG783,1204,SETD TRIAGEM,15024,TRIAGEM AEREO,1586493;1600885;1607878;1607927;1608032;1623278;37645791;536410817,1,1097
NIG006,LDA CLEDON,LDA,18519976,SETD NOVA IGUACU,18915385,46,13.2,3303500,9.774,18572.018,12714.315,66,8077.5,3791,5,53,440.55,27,7,20,960082684,10,1,2,8,1,5,MNB014;NIG002;NIG003;NIG005;NIG014,0,0,-43.448346,-22.773898,-43.433965,-22.758282,30368,3796,15692,NOVA IGUACU,8,1,7,8,4,False,MNB014;NIG002;NIG005;NIG014,18519976;18520902,SETD MENA BARRETO;SETD NOVA IGUACU,15057;15692,MENA BARRETO AEREO;NOVA IGUACU,20673995;20674212;20674219;20690557;20690571;20706846;20727349;960082684,1,1097
AGR001,LDA SULTANA,LDA,1285,SETD AGUA GRANDE,1248354,46,13.2,3304557,5.474,17588.663,3996.764,46,5602.5,3659,0,3,25.0,43,10,33,996839279;999617537,10,4,2,8,2,5,AGR002;AGR010;AGR013;CCD205;MTC012,0,3,-43.313526,-22.837558,-43.294722,-22.827346,29272,3659,15045,AGUA GRANDE AEREO,8,2,6,9,4,False,AGR002;AGR010;CCD205;MTC012,1186;1276;1285,SETD AGUA GRANDE;SETD CASCADURA;SETD MATURACA,15031;15045,AGUA GRANDE AEREO;MATURACA AEREO,1583322;1583350;1614570;1631699;1631839;1631853;996839279;999617537,1,1097
AGR005,LDA ANIBAL,LDA,1285,SETD AGUA GRANDE,1248369,46,13.2,3304557,6.368,17339.952,12526.834,69,6765.0,3488,11,56,393.85,34,10,24,750973458,8,1,0,8,1,4,AGR009;AGR010;AGR012;VGE33444,0,1,-43.325892,-22.828856,-43.313381,-22.821685,27992,3499,15045,AGUA GRANDE AEREO,8,1,7,8,4,False,AGR009;AGR010;AGR012;VGE33444,1267;1285,SETD AGUA GRANDE;SETD VIGARIO GERAL,15045;15062,AGUA GRANDE AEREO;VIGARIO GERAL AEREO,1587739;1587746;1587781;1602733;1602747;1614542;1631636;750973458,1,1097
PVN0006,LDA PECANHA,LDA,1303,SETD PAVUNA,1248379,46,13.2,3304557,6.869,6838.766,5849.78,34,3862.5,3087,1,24,321.25,72,7,65,1007273715,11,1,3,8,1,8,MNB007;MNB019;PVN0002;PVN0005;PVN70296;PVN9815;PVN9848;PVN9935,0,7,-43.41749,-22.820817,-43.387618,-22.808738,24704,3088,15057,MENA BARRETO AEREO,8,1,7,8,4,False,MNB007;MNB019;PVN0002;PVN9848,1303;18520902,SETD MENA BARRETO;SETD PAVUNA,14994;15057,MENA BARRETO AEREO;PAVUNA,1007273715;1553598;20675164;20675206;20675213;20708757;20820602;261015118,1,1097
GDL24956,LDA COSTA,LDA,1258,SETD GUADALUPE,1248319,46,13.2,3304557,7.815,21519.168,6579.968,52,5905.0,2861,13,4,303.34,45,8,37,,10,1,2,8,0,6,GDL00001;GDL00002;GDL0005;GDL24813;GDL29721;GDL29735,0,1,-43.371031,-22.836886,-43.352863,-22.826735,22992,2874,15036,GUADALUPE AEREO,8,0,8,8,4,False,GDL00002;GDL0005;GDL24813;GDL29735,1258,SETD GUADALUPE,15036,GUADALUPE AEREO,1610783;1618175;1618217;1618336;1626974;1627023;1631916;1632077,1,1097
AFR008,LDA TAMARINDO/JANAR,LDA,18520461,SETD ARI FRANCO,18915085,46,13.2,3304557,7.798,25878.019,5531.769,50,6275.0,2469,3,21,164.88,30,8,22,,9,1,1,8,0,5,AFR001;AFR002;AFR007;AFR014;CAM001,0,0,-43.472883,-22.875662,-43.463639,-22.861744,19776,2472,15010,ARI FRANCO,8,0,8,8,4,False,AFR001;AFR007;AFR014;CAM001,18520461;18520488,SETD ARI FRANCO;SETD CAMARA,14991;15010,ARI FRANCO;CAMARA,152376920;20670761;20720902;20720916;20789030;20789037;20789044;20805885,1,1097
BAR33368,LDS 33368/LDA NAMBETIBA/MOTA,LDS,10385907,SETD BARRA,10401615,46,13.2,3304557,13.787,23078.391,21684.453,85,12367.5,2391,8,82,719.36,81,21,60,54984925,8,1,0,8,1,4,BAR2477;BAR30673;BAR4841;BAR4998,0,0,-43.33076,-23.015017,-43.297438,-22.998258,19192,2399,15013,BARRA AEREO,8,1,7,8,4,False,BAR2477;BAR30673;BAR4841;BAR4998,10385907,SETD BARRA,15013,BARRA AEREO,11092747;11104048;26253813;50627290;522739696;532305372;54984925;61146800,1,1097
VRD005,LDA ESTADIO,LDA,18520470,SETD VOLTA REDONDA,18915400,46,13.2,3306305,3.825,10010.534,9159.797,35,5350.0,2287,4,8,98.68,29,8,21,,8,0,0,8,0,4,RTO002;RTO007;VRD001;VRD009,0,1,-44.095401,-22.51403,-44.088677,-22.502427,18328,2291,15084,VOLTA REDONDA AEREO AT/MT,8,0,8,8,4,False,RTO002;RTO007;VRD001;VRD009,18520470;18520875,SETD RETIRO;SETD VOLTA REDONDA,14995;15084,RETIRO;VOLTA REDONDA AEREO AT/MT,148619692;20700189;20700252;20700287;20739095;30281698;33468008;33468111,1,1097
CMT29131,LDA ALENCAR,LDA,10386051,SETD CAMPO MARTE,10401380,46,13.2,3304557,7.72,15476.01,9713.192,53,7102.5,2229,12,10,498.26,58,16,42,482035939,8,1,0,8,1,4,CMT29124;CMT29126;TRV0002;TRV964,0,0,-43.223735,-22.898861,-43.211132,-22.873389,17928,2241,15047,CAMPO MARTE AEREO,8,1,7,8,4,False,CMT29124;CMT29126;TRV0002;TRV964,10385898;10386051,SETD CAMPO MARTE;SETD TROVAO,15020;15047,CAMPO MARTE AEREO;TROVAO AEREO,11005912;11006059;11024345;11024380;11074622;11074713;482035939;482035948,1,1097
NIG011,LDA PLINIO,LDA,18519976,SETD NOVA IGUACU,18915385,46,13.2,3303500,5.499,18665.488,16188.161,42,4942.5,2203,7,58,677.72,23,4,19,1008999908,8,1,0,8,1,4,ABR014;NIG010;NIG016;NIG023,0,0,-43.445703,-22.761557,-43.4238,-22.755902,17680,2210,15692,NOVA IGUACU,8,1,7,8,4,False,ABR014;NIG010;NIG016;NIG023,18519976;18520731,SETD AREIA BRANCA;SETD NOVA IGUACU,15054;15692,AREIA BRANCA AEREO;NOVA IGUACU,1008999908;20698775;20698936;20725095;20725179;20745846;20807264;393145776,1,1097
FCN611,LDA MAIACERDA,LDA,10386105,SETD FREI CANECA,10401545,46,13.2,3304557,5.841,24024.147,12391.195,34,5090.0,2000,12,6,56.53,35,5,30,31350633,9,2,1,8,1,4,FCN3728;FCN604;FCN744;RCP9818,0,0,-43.212835,-22.936503,-43.198287,-22.912999,16096,2012,15049,FREI CANECA AEREO,8,1,7,9,4,False,FCN3728;FCN604;FCN744;RCP9818,10386006;10386105,SETD FREI CANECA;SETD RIO COMPRIDO,15049;15058,FREI CANECA AEREO;RIO COMPRIDO AEREO,11022966;11095316;11095428;11095526;11095554;11151619;31350633;549284267,1,1097
FTL001,LDA DIVINO V,LDA,18521064,SETD FONTINELE,18915475,46,13.2,3300407,3.549,11453.302,10408.204,36,5527.5,1568,9,9,193.203,47,9,38,,10,0,2,8,0,6,FTL006;FTL007;FTL008;FTL010;FTL011;FTL012,0,1,-44.178065,-22.549392,-44.16383,-22.541082,12616,1577,15007,FONTINELE,8,0,8,8,4,False,FTL007;FTL008;FTL011;FTL012,18521064,SETD FONTINELE,15007,FONTINELE,1004362317;20689885;20689892;20697081;20697144;20715365;31204519;37565169,1,1097
RAM33297,LDA TEIXEIRA,LDA,1132,SETD RAMOS,1248104,46,13.2,3304557,4.601,15481.128,9602.542,50,6952.5,1342,10,14,500.2,38,7,31,,9,1,1,8,0,5,DMC3523;DMC753;RAM33341;RAM33372;RAM33732,0,0,-43.254064,-22.863973,-43.24808,-22.85504,10816,1352,15015,RAMOS AEREO,8,0,8,8,4,False,DMC3523;DMC753;RAM33372;RAM33732,1132;1168,SETD DEMOCRATICOS;SETD RAMOS,15015;15056,DEMOCRATICOS AEREO;RAMOS AEREO,1584582;1584666;1587963;1588005;1592982;1622277;1622284;1632336,1,1097
CMT29141,LDA FRANCIGENIO,LDA,10386051,SETD CAMPO MARTE,10401480,46,13.2,3304557,3.799,22743.712,20005.51,35,4985.0,1198,9,14,90.59,41,11,30,,8,0,0,8,0,4,CMT29092;CMT29117;CMT29137;TRV607,0,0,-43.227606,-22.909575,-43.215972,-22.898795,9656,1207,15047,CAMPO MARTE AEREO,8,0,8,8,4,False,CMT29092;CMT29117;CMT29137;TRV607,10385898;10386051,SETD CAMPO MARTE;SETD TROVAO,15020;15047,CAMPO MARTE AEREO;TROVAO AEREO,11061442;11061498;11061540;11061568;11102340;134234787;660301278;746447582,1,1097
VGE3154,LDA OTRANTO,LDA,1267,SETD VIGARIO GERAL,1248324,46,13.2,3304557,4.975,8468.774,7179.27,39,4495.0,1135,14,17,532.19,39,6,33,,8,0,0,8,0,4,AGR004;VGE3703;VGE3919;VGE3947,0,1,-43.322965,-22.821108,-43.306971,-22.81215,9192,1149,15062,VIGARIO GERAL AEREO,8,0,8,9,4,False,AGR004;VGE3703;VGE3919;VGE3947,1267;1285,SETD AGUA GRANDE;SETD VIGARIO GERAL,15045;15062,AGUA GRANDE AEREO;VIGARIO GERAL AEREO,1594501;1594522;1605022;1605057;1605106;1605176;1609929;1609950,1,1097
PDG280,LSA METROPOL,LSA,10385916,SETD PORTA DAGUA,10401275,67,25.0,3304557,10.971,14017.529,28600.815,0,0.0,0,2,1,16560.0,19,3,16,696727360,8,1,0,8,1,4,CUR33332;PDG208;PDG219;PDG222,0,0,-43.377633,-22.955354,-43.331365,-22.930356,16,2,16902,PORTA DAGUA AEREO,8,1,7,8,4,False,CUR33332;PDG208;PDG219;PDG222,10385916;10386042,SETD CURICICA;SETD PORTA DAGUA,16901;16902,CURICICA AEREO;PORTA DAGUA AEREO,11074405;11103299;11103306;11121333;11155497;696727360;878294821;979654686,1,1097
VTL004,LDA RONCALI,LDA,18520794,SETD VILAR DOS TELES,18915230,46,13.2,3300456,16.421,37080.004,6320.232,90,10432.5,7513,2,27,260.4,25,6,19,690123205,8,1,0,8,1,3,ABR002;VTL010;VTL014,0,1,-43.380144,-22.736009,-43.348086,-22.712268,60120,7515,15072,VILAR DOS TELES AEREO,8,1,7,8,3,False,ABR002;VTL010;VTL014,18520731;18520794,SETD AREIA BRANCA;SETD VILAR DOS TELES,15054;15072,AREIA BRANCA AEREO;VILAR DOS TELES AEREO,138631831;20716828;20716877;20732711;20732725;571145007;571145036;690123205,1,1097
ABR011,LDA AXELIA,LDA,18520731,SETD AREIA BRANCA,18915185,46,13.2,3300456,15.129,31266.902,5724.125,84,9877.5,7472,0,27,242.82,40,16,24,506975587,10,1,2,8,1,5,ABR00020;ABR001;ABR007;ABR008;ABR013,0,0,-43.409116,-22.749011,-43.395965,-22.722531,59776,7472,15054,AREIA BRANCA AEREO,8,1,7,9,3,False,ABR00020;ABR001;ABR013,18520731,SETD AREIA BRANCA,15054,AREIA BRANCA AEREO,132998614;20671314;20671342;20671461;20671524;20676578;20702828;506975587,1,1097
CMS012,LDA FURADO,LDA,18520839,SETD COSMOS,18915265,46,13.2,3304557,20.479,31839.788,8783.092,108,11505.0,7096,3,49,433.25,66,15,51,743415984;771670512,9,3,1,8,2,4,CMS008;CMS013;CMS015;ESP006,0,0,-43.654664,-22.903773,-43.61362,-22.869936,56792,7099,16897,COSMOS,8,2,6,8,3,False,CMS008;CMS015;ESP006,18519958;18520839,SETD COSMOS;SETD ESPERANCA,16897;16899,COSMOS;ESPERANCA AEREO AT/MT,1004967878;20690095;20690109;20746637;528531328;743415984;758165817;771670512,1,1097
TER29079,LDA RAINHA,LDA,1123,SETD TERRA NOVA,1248094,46,13.2,3304557,9.078,27025.485,15672.97,84,10380.0,6077,7,30,392.68,36,8,28,740496075;782444144,8,2,0,8,2,3,TER846;TER936;TER950,0,0,-43.303237,-22.873456,-43.274221,-22.862369,48672,6084,15044,TERRA NOVA AEREO,8,2,6,8,3,False,TER846;TER936;TER950,1123,SETD TERRA NOVA,15044,TERRA NOVA AEREO,107917241;1553458;1553465;1606233;1606261;727566782;740496075;782444144,1,1097
MRT9928,LDA ITABORA,LDA,1312,SETD MERITI,1248419,46,13.2,3305109,12.119,32859.196,12373.319,89,9427.5,6047,3,38,451.1,35,5,30,745047761;746400367,8,2,0,8,2,3,MRT29825;MRT9979;ROS017,0,0,-43.351029,-22.798813,-43.330205,-22.783065,48400,6050,14993,MERITI,8,2,6,8,3,False,MRT29825;MRT9979;ROS017,1312;18519985,SETD MERITI;SETD ROSALI,14993;14996,MERITI;ROSALI,1596118;1596195;1604392;1604476;1604483;745047761;746400357;746400367,1,1097
CSO001,LDA LIRIO,LDA,18520821,SETD COMENDADOR SOARES,18915350,46,13.2,3303500,22.044,22488.896,8787.126,56,5632.5,6006,4,43,281.24,34,10,24,976734778,8,1,0,8,1,3,CSO00015;CSO011;CSO013,0,0,-43.50939,-22.756244,-43.481692,-22.7464,48080,6010,15048,COMENDADOR SOARES,8,1,7,8,3,False,CSO00015;CSO011;CSO013,18520821,SETD COMENDADOR SOARES,15048,COMENDADOR SOARES,20726264;20726285;20726313;20757850;20757864;28379258;28379495;976734778,1,1097
FTL014,LDA ESTAMPARIA,LDA,18521064,SETD FONTINELE,18915470,46,13.2,3300407,32.584,10787.352,12101.39,91,6082.5,5977,3,76,2597.2,75,15,60,732784043;860616440,10,4,2,8,2,6,FTL003;FTL004;FTL005;FTL006;FTL007;FTL010,0,6,-44.206678,-22.625159,-44.16199,-22.549397,47840,5980,15007,FONTINELE,8,2,6,8,3,False,FTL003;FTL004;FTL010,18521064,SETD FONTINELE,15007,FONTINELE,20700497;20726418;20726439;455030895;686103928;732784043;860616431;860616440,1,1097
CRO003,LDA GUARANA,LDA,18521055,SETD COELHO DA ROCHA,18915460,46,13.2,3305109,12.13,25532.939,10639.132,73,8280.0,5835,5,78,596.63,33,8,25,,8,0,0,8,0,3,CRO00010;CRO007;CRO008,0,1,-43.401977,-22.791974,-43.387464,-22.772808,46720,5840,15035,COELHO DA ROCHA,8,0,8,8,3,False,CRO00010;CRO007;CRO008,18521055,SETD COELHO DA ROCHA,15035,COELHO DA ROCHA,1016364592;20712978;20713013;20713076;20713083;20718711;20777568;919757723,1,1097
MNB020,LDA CASTELAR,LDA,18520902,SETD MENA BARRETO,18915315,46,13.2,3302858,6.287,22016.071,10777.676,60,6757.5,5693,2,39,208.9,29,12,17,919654663;994013861,8,2,0,8,2,3,MNB006;MNB007;MNB009,0,0,-43.432817,-22.817652,-43.422073,-22.797866,45560,5695,15057,MENA BARRETO AEREO,8,2,6,8,3,False,MNB006;MNB007;MNB009,18520902,SETD MENA BARRETO,15057,MENA BARRETO AEREO,20687225;20687337;20687344;20687393;20728091;919654663;919654673;994013861,1,1097
PVN29958,LDA LEOPOLDINA,LDA,1303,SETD PAVUNA,1248394,46,13.2,3304557,9.116,22678.744,6189.2,57,5970.0,5441,5,25,125.81,27,8,19,757307125,8,1,0,8,1,3,PVN0004;PVN70296;PVN9848,0,0,-43.407894,-22.818365,-43.387856,-22.80811,43568,5446,14994,PAVUNA,8,1,7,8,3,False,PVN0004;PVN70296;PVN9848,1303,SETD PAVUNA,14994,PAVUNA,138503123;20705166;20705208;20705215;20780158;376004558;445004594;757307125,1,1097
CLG0001,LDA ANAJAS,LDA,1249,SETD COLEGIO,1248304,46,13.2,3304557,8.786,27010.816,8237.638,89,10137.5,4854,4,26,164.0,74,10,64,,9,1,1,8,0,4,CCD3713;CLG0008;CLG0010;CLG0014,0,6,-43.336119,-22.868371,-43.325278,-22.844483,38864,4858,15021,COLEGIO AEREO,8,0,8,8,3,False,CCD3713;CLG0008;CLG0014,1186;1249,SETD CASCADURA;SETD COLEGIO,15021;15034,CASCADURA AEREO;COLEGIO AEREO,139628357;1602376;1606786;1613856;1613947;1613996;1630796;584391992,1,1097
CCD724,LDA RIBEIRO,LDA,1186,SETD CASCADURA,1248269,46,13.2,3304557,7.219,17585.188,11695.749,62,6660.0,4739,4,46,358.83,67,9,58,679461188,8,1,0,8,1,3,CCD34455;CCD910;VVQ9892,0,13,-43.358427,-22.881724,-43.331984,-22.871854,37944,4743,15034,CASCADURA AEREO,8,1,7,8,3,False,CCD34455;CCD910;VVQ9892,1177;1186,SETD CASCADURA;SETD VILA VALQUEIRE,15032;15034,CASCADURA AEREO;VILA VALQUEIRE,1554221;1554242;1582818;1582874;1586787;1622123;1622480;679461188,1,1097
CXS012,LDA CONDEUBA,LDA,18520785,SETD CAXIAS,18915310,46,13.2,3301702,19.755,29554.826,11873.388,106,13230.0,4713,14,46,1113.988,50,10,40,967541332,8,1,0,8,1,3,CXS001;CXS018;CXS022,0,0,-43.311137,-22.77178,-43.271046,-22.75507,37816,4727,15700,CAXIAS AEREO,8,1,7,8,3,False,CXS001;CXS018;CXS022,18520785,SETD CAXIAS,15700,CAXIAS AEREO,20692636;20728819;20728924;20728966;24099382;30444735;58286759;967541332,1,1097
CXS007,LDA CAROL,LDA,18520785,SETD CAXIAS,18915310,46,13.2,3301702,7.205,20871.398,11192.059,57,6750.0,4588,3,68,7782.02,20,7,13,865159477,8,1,0,8,1,3,CXS008;CXS011;CXS018,0,0,-43.311105,-22.779841,-43.286863,-22.770371,36728,4591,15700,CAXIAS AEREO,8,1,7,8,3,False,CXS008;CXS011;CXS018,18520785,SETD CAXIAS,15700,CAXIAS AEREO,133500479;20685692;20685713;20685720;20685790;20775636;471923637;865159477,1,1097
STC00006,LDA LOUREBEL,LDA,34192093,SETD SANTA CLARA,470944477,46,13.2,3304144,32.999,26447.21,4722.503,151,9087.5,4381,2,13,126.63,58,6,52,690161850,8,1,0,8,1,3,RFR005;STC00002;STC00004,0,0,-43.555146,-22.723308,-43.495638,-22.669624,35064,4383,15052,SANTA CLARA AEREO,8,1,7,8,3,False,RFR005;STC00002;STC00004,18520767;34192093,SETD ROCHA FREIRE;SETD SANTA CLARA,15052;15693,ROCHA FREIRE AEREO AT/MT;SANTA CLARA AEREO,139684636;20679343;20685839;20704809;20704816;20780018;690161841;690161850,1,1097
CBI24898,LDA LUCILAGO,LDA,1141,SETD CACHAMBI,1248119,46,13.2,3304557,4.543,16940.604,13234.458,57,7540.0,4015,6,49,296.82,31,9,22,966789875,8,1,0,8,1,3,CBI24833;CBI24955;CBI33791,0,0,-43.279838,-22.903288,-43.272804,-22.889344,32168,4021,15027,CACHAMBI AEREO,8,1,7,8,3,False,CBI24833;CBI24955;CBI33791,1141,SETD CACHAMBI,15027,CACHAMBI AEREO,1594557;1594648;1596321;1596349;1596363;1596482;1609656;966789875,1,1097
VGE3740,LDA KELER,LDA,1267,SETD VIGARIO GERAL,1248324,46,13.2,3304557,7.337,21976.0,7528.889,62,7777.5,3998,7,30,241.322,42,9,33,918735717,8,1,0,8,1,3,VGE3665;VGE3703;VGE3825,0,2,-43.322181,-22.815458,-43.300967,-22.8036,32040,4005,15062,VIGARIO GERAL AEREO,8,1,7,8,3,False,VGE3665;VGE3703;VGE3825,1267,SETD VIGARIO GERAL,15062,VIGARIO GERAL AEREO,1593969;1594074;1594102;1594403;1594459;1599387;331054544;918735717,1,1097
CRM0003,LDA ATENAS,LDA,280389625,SETD CARMARI,280389951,46,13.2,3303500,8.313,24065.267,5839.2,69,7402.5,3988,1,38,200.0,24,5,19,764821655,8,1,0,8,1,3,CRM0007;CRM0008;CSO013,0,0,-43.47955,-22.72892,-43.463436,-22.714016,31912,3989,15691,CARMARI,8,1,7,8,3,False,CRM0007;CRM0008;CSO013,18520821;280389625,SETD CARMARI;SETD COMENDADOR SOARES,15048;15691,CARMARI;COMENDADOR SOARES,165229412;20715785;20775055;20775062;20776210;246634501;764821646;764821655,1,1097
PER809,LDA RODRIMAR,LDA,1240,SETD PEDRO ERNESTO,1248294,46,13.2,3304557,5.941,16431.452,12054.245,61,6892.5,3617,2,40,334.88,23,7,16,,9,0,1,8,0,4,PER616;PER763;PER794;PER874,0,0,-43.274607,-22.847096,-43.261203,-22.835896,28952,3619,15061,PEDRO ERNESTO AEREO,8,0,8,8,3,False,PER616;PER763;PER794,1240,SETD PEDRO ERNESTO,15061,PEDRO ERNESTO AEREO,1566639;1566730;1566793;1607801;1617244;1617265;1617328;1617363,1,1097
VVQ33460,LDA SAVAGET,LDA,1177,SETD VILA VALQUEIRE,1248289,46,13.2,3304557,9.032,21896.293,19442.723,64,6785.0,3573,11,37,389.304,33,5,28,978967653,9,2,1,8,1,4,VVQ0001;VVQ9898;VVQ9922;VVQ9968,0,0,-43.394096,-22.887922,-43.370088,-22.862705,28672,3584,15032,VILA VALQUEIRE,8,1,7,8,3,False,VVQ9898;VVQ9922;VVQ9968,1177,SETD VILA VALQUEIRE,15032,VILA VALQUEIRE,117531105;117586913;1582125;1592275;1597441;463245414;7300874;978967653,1,1097
TUR007,LDA SAPE,LDA,1294,SETD TURIACU,1248389,46,13.2,3304557,5.536,15562.636,8605.352,42,5265.0,3578,2,26,143.26,19,8,11,980285905;999518762,8,2,0,8,2,3,TUR001;TUR004;TUR010,0,0,-43.353759,-22.872013,-43.3411,-22.855843,28640,3580,15002,TURIACU,8,2,6,8,3,False,TUR001;TUR004;TUR010,1294,SETD TURIACU,15002,TURIACU,1581607;1581670;1581733;1581740;1581747;980285905;980286002;999518762,1,1097
CLG0008,LDA MINIFELIX,LDA,1249,SETD COLEGIO,1248349,46,13.2,3304557,5.385,15541.384,6862.698,56,7040.0,3560,0,15,270.15,24,8,16,,8,0,0,8,0,3,CLG0001;CLG0009;CLG0014,0,0,-43.336635,-22.860287,-43.328374,-22.84458,28480,3560,15021,COLEGIO AEREO,8,0,8,8,3,False,CLG0001;CLG0009;CLG0014,1249,SETD COLEGIO,15021,COLEGIO AEREO,1589146;1602341;1602376;1602411;1602418;1613842;1613856;584391992,1,1097
PMG014,LDA FONTENELE,LDA,18520479,SETD PADRE MIGUEL,18915110,46,13.2,3304557,5.718,13451.598,9684.134,41,4590.0,3553,3,36,303.5,33,13,20,,8,0,0,8,0,3,PMG003;PMG006;PMG011,0,1,-43.42607,-22.891492,-43.398951,-22.883833,28448,3556,15019,PADRE MIGUEL,8,0,8,8,3,False,PMG003;PMG006;PMG011,18520479,SETD PADRE MIGUEL,15019,PADRE MIGUEL,20705404;20705418;20705425;20705446;20705481;20705502;20705523;20705544,1,1097
PDG00002,LDA URUCANGA,LDA,10385916,SETD PORTA DAGUA,10401260,46,13.2,3304557,11.532,16417.989,15920.035,100,10505.0,3537,0,396,2620.03,38,11,27,977074027;977091219,11,5,3,8,2,4,PDG0006;PDG29023;PDG29724;PDG29753,0,0,-43.338488,-22.950744,-43.323332,-22.938005,28296,3537,16902,PORTA DAGUA AEREO,8,2,6,8,3,False,PDG0006;PDG29023;PDG29753,10385916,SETD PORTA DAGUA,16902,PORTA DAGUA AEREO,11023449;11023463;11023498;11154174;112232325;133372037;977074027;977091219,1,1097
BPN29676,LDA GUATEMALA,LDA,1159,SETD BRAS DE PINA,1248204,46,13.2,3304557,5.794,12148.042,9757.691,55,5347.5,3480,2,30,224.92,28,6,22,936650222,8,1,0,8,1,3,BPN29858;BPN33195;VGE3703,0,0,-43.292116,-22.837723,-43.278483,-22.825668,27856,3482,15017,BRAS DE PINA,8,1,7,8,3,False,BPN29858;BPN33195;VGE3703,1159;1267,SETD BRAS DE PINA;SETD VIGARIO GERAL,15017;15062,BRAS DE PINA;VIGARIO GERAL AEREO,133135488;1581047;1581089;1627296;1627443;1627450;936650222;936650306,1,1097
TQR33842,LDA FOME,LDA,10385871,SETD TAQUARA,10401220,46,13.2,3304557,9.723,18505.0,8913.168,54,6562.5,3089,1,122,852.19,36,11,25,627838701;998685703,10,2,2,8,2,4,TQR33826;TQR33839;TQR33859;TQR60111,0,0,-43.412961,-22.920704,-43.373005,-22.911701,24720,3090,15023,TAQUARA AEREO,8,2,6,8,3,False,TQR33839;TQR33859;TQR60111,10385871,SETD TAQUARA,15023,TAQUARA AEREO,11053410;11056406;11056434;11056721;134213391;475384504;627838701;998685703,1,1097
TRV907,LDA JUNIOR,LDA,10385898,SETD TROVAO,10401240,46,13.2,3304557,4.521,25267.969,8402.612,49,7327.5,2903,10,19,340.38,37,10,27,508740290,9,1,1,8,1,4,CMT29129;TRV705;TRV845;TRV964,0,0,-43.232783,-22.900256,-43.222851,-22.888373,23304,2913,15020,TROVAO AEREO,8,1,7,8,3,False,CMT29129;TRV705;TRV964,10385898;10386051,SETD CAMPO MARTE;SETD TROVAO,15020;15047,CAMPO MARTE AEREO;TROVAO AEREO,11053193;11077345;11091823;11091921;11091949;11092026;508740290;508740300,1,1097
DMC9989,LDA MALOCA,LDA,1168,SETD DEMOCRATICOS,1248139,46,13.2,3304557,3.657,12764.689,7683.592,34,4692.5,2054,4,20,252.9,21,7,14,,8,0,0,8,0,3,DMC3326;DMC3523;DMC739,0,1,-43.266013,-22.875934,-43.257742,-22.866146,16464,2058,15056,DEMOCRATICOS AEREO,8,0,8,8,3,False,DMC3326;DMC3523;DMC739,1168,SETD DEMOCRATICOS,15056,DEMOCRATICOS AEREO,1597931;1597938;1597966;1598050;1598064;1624069;1624146;1627674,1,1097
CAM016,LDA AGLAIA,LDA,18520488,SETD CAMARA,18915510,46,13.2,3304557,15.39,28482.0,11627.737,111,13312.5,8695,3,95,719.24,55,18,37,,8,0,0,8,0,2,CAM008;CAM010,0,1,-43.490482,-22.89868,-43.463361,-22.887803,69584,8698,14991,CAMARA,8,0,8,8,2,False,CAM008;CAM010,18520488,SETD CAMARA,14991,CAMARA,20232765;20232828;20232877;20232905;20232919;20739956;20739991;20739998,1,1097
BMT29877,LDA FERRAZ,LDA,1195,SETD BOCA DO MATO,1248179,46,13.2,3304557,13.742,25886.543,11187.144,98,10207.5,6077,2,22,128.13,61,16,45,984589317,8,1,0,8,1,2,BMT29868;BMT29884,0,0,-43.315186,-22.925805,-43.264311,-22.909935,48632,6079,15055,BOCA DO MATO AEREO,8,1,7,8,2,False,BMT29868;BMT29884,1195,SETD BOCA DO MATO,15055,BOCA DO MATO AEREO,163008957;1630964;1631076;1631118;1631146;1631209;1631216;984589317,1,1097
TUR003,LDA MIRINDA,LDA,1294,SETD TURIACU,8394770,46,13.2,3304557,8.594,20809.64,12098.502,71,7672.5,6036,1,102,856.92,35,10,25,1002159556,8,1,0,8,1,2,TUR006;TUR012,0,1,-43.369056,-22.863405,-43.351742,-22.853293,48296,6037,15002,TURIACU,8,1,7,8,2,False,TUR006;TUR012,1294,SETD TURIACU,15002,TURIACU,1002159556;1588663;1588810;1588817;1602586;1602663;1624321;485827466,1,1097
FTL010,LDA LITOGRAFICA,LDA,18521064,SETD FONTINELE,18915480,46,13.2,3300407,21.681,10737.707,9316.789,80,6017.5,3969,0,60,661.26,50,11,39,1004139087;732784043,10,3,2,8,2,3,FTL001;FTL004;FTL014,0,1,-44.186893,-22.603847,-44.155654,-22.547103,31752,3969,15007,FONTINELE,8,2,6,8,2,False,FTL004;FTL014,18521064,SETD FONTINELE,15007,FONTINELE,1004139087;20693931;20693966;20700497;20726418;20726439;455030895;732784043,1,1097
BPD9837,LDS 9837 / LRA MURATORI / LRA SANTAMAR,LDS,10385961,SETD BAEPENDI,10401435,46,13.2,3304557,6.976,21486.482,8802.307,37,4237.5,3958,0,16,88.27,25,10,15,550770253;972895966;997569259,8,3,0,8,3,2,BPD4431;SAT24350,0,0,-43.184716,-22.933255,-43.176381,-22.915826,31664,3958,15026,BAEPENDI AEREO,8,3,5,8,2,False,BPD4431;SAT24350,10385961;10385970,SETD BAEPENDI;SETD SANTO ANTONIO,15026;15085,BAEPENDI AEREO;SANTO ANTONIO AEREO URBANO,11306666;11307443;11307499;11307975;550770253;550770262;972895966;997569259,1,1097
JAB008,LDA MENDAPO,LDA,18520749,SETD JABOATAO,18915180,46,13.2,3304557,7.773,24379.872,17192.475,63,6850.0,3253,13,62,639.69,44,7,37,705895033,8,1,0,8,1,2,JAB00020;JAB00021,0,0,-43.562947,-22.896845,-43.54812,-22.87828,26128,3266,15029,JABOATAO AEREO,8,1,7,8,2,False,JAB00020;JAB00021,18520749,SETD JABOATAO,15029,JABOATAO AEREO,132328408;138601864;20733201;20781145;22363271;451308005;460673218;705895033,1,1097
CCD3044,LDA ANTONIETA,LDA,1186,SETD CASCADURA,1248264,46,13.2,3304557,9.131,27026.739,20875.17,93,10335.0,6124,9,51,663.233,48,10,38,1007947851;997595022,8,2,0,8,2,1,CCD910,0,0,-43.351168,-22.881015,-43.331791,-22.869119,49064,6133,15034,CASCADURA AEREO,8,2,6,8,1,False,CCD910,1186,SETD CASCADURA,15034,CASCADURA AEREO,1007947851;1582839;1614836;1614857;1614899;1614962;653748764;997595022,1,1097
CHR0006,LDA MILATO,LDA,18520758,SETD CACHAMORRA,18915220,46,13.2,3304557,14.777,28647.945,13659.814,92,10665.0,6538,2,210,1652.908,40,8,32,525589979;741629698,7,2,0,7,2,7,CHR004;CHR008;CHR009;CHR013;CHR020;CHR021;CHR024,0,0,-43.568098,-22.941616,-43.547364,-22.923357,45780,6540,15011,CACHAMORRA,7,2,5,7,7,False,CHR004;CHR008;CHR009;CHR013;CHR020;CHR021;CHR024,18520758,SETD CACHAMORRA,15011,CACHAMORRA,105430658;20669564;20735931;26626289;450818541;525589979;741629698,1,1097
PVN9815,LDA ANDORRA,LDA,1303,SETD PAVUNA,1248394,46,13.2,3304557,10.682,27377.056,5644.533,81,8055.0,2640,2,1,30.0,33,11,22,458363736,8,1,1,7,1,8,CCD292;GDL0006;GDL24901;GDL29594;PVN0006;PVN70308;PVN9828;PVN9891,0,0,-43.388332,-22.824145,-43.358954,-22.812624,18494,2642,14994,PAVUNA,7,1,6,8,7,False,CCD292;GDL0006;GDL24901;GDL29594;PVN70308;PVN9828;PVN9891,1186;1258;1303,SETD CASCADURA;SETD GUADALUPE;SETD PAVUNA,14994;15036,GUADALUPE AEREO;PAVUNA,1614220;1614304;1615424;161548976;1616495;45490810;458363736,1,1097
ESP019,LSA DAMADEIRA,LSA,18519958,SETD ESPERANCA,717020753,67,25.0,3304557,18.657,5693.447,4451.604,0,0.0,0,2,0,0.0,23,7,16,,7,0,0,7,0,7,BRI00005;BRI001;ESP003;ESP018;ITG0006;ZIN004;ZIN010,0,0,-43.774406,-22.931394,-43.679081,-22.873337,14,2,16899,ESPERANCA AEREO AT/MT,7,0,7,7,7,False,BRI00005;BRI001;ESP003;ESP018;ITG0006;ZIN004;ZIN010,18519958;18520911;18521208;310129856,SETD BRISAMAR;SETD ESPERANCA;SETD ITAGUAI;SETD ZONA INDUSTRIAL,15006;15070;15694;15696;16899,BRISA MAR;ESPERANCA AEREO AT/MT;ESPERANCA AEREO MT/MT;ITAGUAI;ZONA INDUSTRIAL,20707042;20714868;20721336;20789758;285071195;359387604;736287887,1,1097
MRT2929,LSA SERRA,LSA,1312,SETD MERITI,497378338,67,25.0,3305109,32.764,1330.267,810.937,0,0.0,0,1,0,0.0,46,6,40,,13,2,6,7,0,10,CXS005;ELD001;MRT2135;MRT2492;MRT2651;MRT2903;MRT29825;NIG026;SJO0011;SRP002,1,0,-43.331767,-22.797654,-43.269553,-22.654058,7,1,14993,MERITI,7,0,7,7,7,False,CXS005;MRT2135;MRT2903;MRT29825;NIG026;SJO0011;SRP002,1312;18519976;18520785;18520803;310718139,SETD CAXIAS;SETD MERITI;SETD NOVA IGUACU;SETD SAO JOAO;SETD SARAPUI,14993;15000;15699;15700,CAXIAS AEREO;MERITI;SAO JOAO;SARAPUI,1604490;20729204;20729218;294452480;38508611;522481113;764465132,1,1097
SJO0006,LDA VENANCIO,LDA,310718139,SETD SAO JOAO,310718374,46,13.2,3301702,13.025,31283.552,4596.748,108,11040.0,7656,0,5,66.9,41,9,32,761957529,8,1,1,7,1,7,CXS023;CXS024;SJO0011;SRP007;SRP009;VTL005;VTL013,0,0,-43.337526,-22.764948,-43.320219,-22.734248,53592,7656,15699,SAO JOAO,7,1,6,7,6,False,CXS023;SJO0011;SRP007;SRP009;VTL005;VTL013,18520785;18520794;18520803;310718139,SETD CAXIAS;SETD SAO JOAO;SETD SARAPUI;SETD VILAR DOS TELES,15000;15072;15699;15700,CAXIAS AEREO;SAO JOAO;SARAPUI;VILAR DOS TELES AEREO,20702730;20730996;20787847;20801510;282364888;761957519;761957529,1,1097
PDG29731,LDA DANTAS,LDA,10385916,SETD PORTA DAGUA,10401260,46,13.2,3304557,8.746,30497.29,27380.576,111,15092.5,6256,11,113,1117.948,47,7,40,30946879,10,4,3,7,1,7,PDG222;PDG29015;PDG29724;PDG29820;PDG33010;PDG33499;PDG33678,0,0,-43.353757,-22.938854,-43.331659,-22.929404,43869,6267,16902,PORTA DAGUA AEREO,7,1,6,7,6,False,PDG222;PDG29015;PDG29820;PDG33010;PDG33499;PDG33678,10385916,SETD PORTA DAGUA,16902,PORTA DAGUA AEREO,11009440;11009517;11054026;11054103;11064781;11121333;30946879,1,1097
RCP9882,LDA BOMPASTOR,LDA,10386006,SETD RIO COMPRIDO,10401355,46,13.2,3304557,6.809,22529.49,16552.021,76,9300.0,5824,2,47,267.82,43,10,33,746851189,7,1,0,7,1,6,ALC9925;RCP0001;RCP33216;RCP33308;RCP9821;URG29983,0,0,-43.23537,-22.931636,-43.221573,-22.922016,40782,5826,15058,RIO COMPRIDO AEREO,7,1,6,7,6,False,ALC9925;RCP0001;RCP33216;RCP33308;RCP9821;URG29983,10385889;10385979;10386006,SETD ALDEIA CAMPISTA;SETD RIO COMPRIDO;SETD URUGUAI,15025;15033;15058,ALDEIA CAMPISTA;RIO COMPRIDO AEREO;URUGUAI AEREO,11006416;11006682;11100541;23313112;611083437;746851189;757513244,1,1097
PVN9828,LDA APOLO,LDA,1303,SETD PAVUNA,1248379,46,13.2,3304557,9.998,25622.056,9300.987,73,8227.5,5054,5,17,106.37,42,8,34,,7,0,0,7,0,6,PVN0004;PVN9815;PVN9833;PVN9891;PVN9935;ROS00021,0,0,-43.3884,-22.822357,-43.370783,-22.806841,35413,5059,14994,PAVUNA,7,0,7,7,6,False,PVN0004;PVN9815;PVN9833;PVN9891;PVN9935;ROS00021,1303;18519985,SETD PAVUNA;SETD ROSALI,14994;14996,PAVUNA;ROSALI,136652280;1603566;1615249;1615424;1615452;1615459;47105528,1,1097
TRG959,LDA MARIGRACA,LDA,1204,SETD TRIAGEM,1248299,46,13.2,3304557,4.768,38930.784,1802.5,75,10200.0,4054,2,1,2.2,25,5,20,1007329492;799800562,7,2,0,7,2,6,CBI24876;CBI24982;DMC925;TRG282;TRG742;TRG915,0,0,-43.264053,-22.891389,-43.248918,-22.882218,28392,4056,15024,TRIAGEM AEREO,7,2,5,8,6,False,CBI24876;CBI24982;DMC925;TRG282;TRG742;TRG915,1141;1168;1204,SETD CACHAMBI;SETD DEMOCRATICOS;SETD TRIAGEM,15024;15027;15056,CACHAMBI AEREO;DEMOCRATICOS AEREO;TRIAGEM AEREO,1007329492;1595537;1598183;1599989;31840286;799800562;801200485,1,1097
PCI0003,LDA COLONOS,LDA,450101398,SETD PACIENCIA,450101974,46,13.2,3304557,14.405,32845.664,6036.613,92,10305.0,3986,4,26,550.13,45,13,32,,7,0,0,7,0,6,ESP011;PCI0005;PCI0007;PCI0008;PCI0009;PCI0014,0,0,-43.663019,-22.94639,-43.636419,-22.925295,27930,3990,16900,PACIENCIA,7,0,7,7,6,False,ESP011;PCI0005;PCI0007;PCI0008;PCI0009;PCI0014,18519958;450101398,SETD ESPERANCA;SETD PACIENCIA,16899;16900,ESPERANCA AEREO AT/MT;PACIENCIA,20688982;20731409;343966594;344082531;37443700;453751319;605342372,1,1097
PDG33499,LDA XINGU,LDA,10385916,SETD PORTA DAGUA,10401210,46,13.2,3304557,8.243,20868.024,15142.684,60,7217.5,3632,8,39,1027.58,33,7,26,707818751,10,4,3,7,1,7,PDG222;PDG29724;PDG29731;PDG29748;PDG29776;PDG33010;PDG33670,0,0,-43.353373,-22.950344,-43.331559,-22.936411,25480,3640,16902,PORTA DAGUA AEREO,7,1,6,8,6,False,PDG222;PDG29731;PDG29748;PDG29776;PDG33010;PDG33670,10385916,SETD PORTA DAGUA,16902,PORTA DAGUA AEREO,11054103;11080166;137451227;17227621;17236597;489881287;707818751,1,1097
TQR0006,LDA POTIGUAR,LDA,10385871,SETD TAQUARA,358368704,46,13.2,3304557,7.605,17440.0,13659.891,51,6812.5,3487,10,46,551.67,34,9,25,971727982,7,1,0,7,1,6,PDG208;PDG33678;TQR00002;TQR00004;TQR00005;TQR0009,0,0,-43.37399,-22.932277,-43.356219,-22.911914,24479,3497,15023,TAQUARA AEREO,7,1,6,8,6,False,PDG208;PDG33678;TQR00002;TQR00004;TQR00005;TQR0009,10385871;10385916,SETD PORTA DAGUA;SETD TAQUARA,15023;16902,PORTA DAGUA AEREO;TAQUARA AEREO,11025549;11134439;11134579;11155133;163854849;172704909;971727982,1,1097
TER913,LDA MATIAS,LDA,1123,SETD TERRA NOVA,1248094,46,13.2,3304557,8.818,28603.248,7664.503,83,8490.0,3394,7,4,69.0,35,9,26,869822754,7,1,0,7,1,6,PDD9873;TER12912;TER29134;TER850;TER870;TER928,0,0,-43.283202,-22.873632,-43.271699,-22.861899,23807,3401,15044,TERRA NOVA AEREO,7,1,6,7,6,False,PDD9873;TER12912;TER29134;TER850;TER870;TER928,1123;1231,SETD PIEDADE;SETD TERRA NOVA,14998;15044,PIEDADE;TERRA NOVA AEREO,1588880;1600486;1600500;1616362;1623124;697358498;869822754,1,1097
PDG33010,LDA PIZA,LDA,10385916,SETD PORTA DAGUA,10401260,46,13.2,3304557,8.65,19431.479,13637.573,54,8692.5,2990,3,92,945.374,43,11,32,381526195;764718551;990947932,8,4,1,7,3,7,PDG219;PDG29015;PDG29724;PDG29731;PDG33499;PDG33662;TQR00005,0,0,-43.361505,-22.941992,-43.331657,-22.933994,20951,2993,16902,PORTA DAGUA AEREO,7,3,4,7,6,False,PDG219;PDG29015;PDG29731;PDG33499;PDG33662;TQR00005,10385871;10385916,SETD PORTA DAGUA;SETD TAQUARA,15023;16902,PORTA DAGUA AEREO;TAQUARA AEREO,11009440;11009531;11080166;138928290;381526195;764718551;990947932,1,1097
ZIN005,LDA AGUANIL,LDA,18520911,SETD ZONA INDUSTRIAL,18915440,46,13.2,3304557,48.254,20667.038,12152.358,124,7540.0,2825,13,20,772.682,79,14,65,755993113;998320757,7,2,0,7,2,6,ESP006;ESP009;ESP018;ZIN002;ZIN006;ZIN009,0,0,-43.742869,-22.895076,-43.640078,-22.850176,19866,2838,15696,ZONA INDUSTRIAL,7,2,5,8,6,False,ESP006;ESP009;ESP018;ZIN002;ZIN006;ZIN009,18519958;18520911,SETD ESPERANCA;SETD ZONA INDUSTRIAL,15070;15696;16899,ESPERANCA AEREO AT/MT;ESPERANCA AEREO MT/MT;ZONA INDUSTRIAL,148293648;164499243;20713153;22512398;26601219;755993113;998320757,1,1097
CUR33135,LDA OASIS,LDA,10386042,SETD CURICICA,10401620,46,13.2,3304557,2.845,26303.553,23773.948,14,1995.0,417,4,4,80.25,15,2,13,732921709,7,1,0,7,1,6,CUR33133;CUR33144;CUR33309;CUR33311;CUR33326;CUR33334,0,0,-43.397543,-22.961988,-43.38503,-22.958254,2947,421,16901,CURICICA AEREO,7,1,6,9,6,False,CUR33133;CUR33144;CUR33309;CUR33311;CUR33326;CUR33334,10386042,SETD CURICICA,16901;16903,CURICICA AEREO;GARDENIA,11075091;11093356;11119121;11119191;16596525;16597146;732921709,1,1097
CCD237,LSA MAGALHAES,LSA,1186,SETD CASCADURA,1248234,67,25.0,3304557,15.45,1131.446,866.3,0,0.0,0,1,0,0.0,16,4,12,653795960,7,1,0,7,1,6,CCD213;CCD3787;PDG208;TQR00002;TQR00003;TQR33839,0,0,-43.406336,-22.930043,-43.332346,-22.880996,7,1,15034,CASCADURA AEREO,7,1,6,8,6,False,CCD213;CCD3787;PDG208;TQR00002;TQR00003;TQR33839,10385871;10385916;1186,SETD CASCADURA;SETD PORTA DAGUA;SETD TAQUARA,15023;15034,CASCADURA AEREO;TAQUARA AEREO,11076099;11100037;11100100;11100205;1630075;461360608;653795960,1,1097
SRP014,LDA DAMASCO,LDA,18520803,SETD SARAPUI,18915245,46,13.2,3301702,19.948,49197.568,11064.721,120,12742.5,8620,10,37,250.54,51,7,44,762558671,7,1,0,7,1,5,SRP001;SRP005;SRP011;VTL005;VTL010,0,0,-43.351796,-22.727471,-43.32358,-22.714682,60410,8630,15000,SARAPUI,7,1,6,7,5,False,SRP001;SRP005;SRP011;VTL005;VTL010,18520794;18520803,SETD SARAPUI;SETD VILAR DOS TELES,15000;15072,SARAPUI;VILAR DOS TELES AEREO,134376527;20696066;20716814;20789961;20790017;20790094;762558671,1,1097
FTL013,LDA BELMONTE,LDA,18521064,SETD FONTINELE,18915470,46,13.2,3300407,16.875,17696.259,15008.586,78,6837.5,7017,8,52,666.56,47,7,40,653863263,7,1,0,7,1,5,FTL005;FTL009;RTO001;RTO010;RTO014,0,0,-44.164493,-22.549436,-44.13494,-22.518519,49175,7025,15007,FONTINELE,7,1,6,7,5,False,FTL005;FTL009;RTO001;RTO010;RTO014,18520875;18521064,SETD FONTINELE;SETD RETIRO,14995;15007,FONTINELE;RETIRO,20676158;20676165;20710164;20719488;20719537;653863263;653863272,1,1097
ALC3403,LDA ABREU,LDA,10385889,SETD ALDEIA CAMPISTA,341720876,46,13.2,3304557,7.802,12353.952,9624.23,89,10130.0,5963,4,27,275.03,62,10,52,,7,0,0,7,0,5,ALC3601;ALC734;LPD29168;LPD29232;LPD33251,0,0,-43.262988,-22.918023,-43.237857,-22.911914,41769,5967,15030,LEOPOLDO AEREO,7,0,7,7,5,False,ALC3601;ALC734;LPD29168;LPD29232;LPD33251,10385889;10386033,SETD ALDEIA CAMPISTA;SETD LEOPOLDO,15030;15033,ALDEIA CAMPISTA;LEOPOLDO AEREO,1008248410;11008208;11026872;11057015;11136399;145862944;579093224,1,1097
CRO008,LDA IPAMERI,LDA,18521055,SETD COELHO DA ROCHA,18915465,46,13.2,3305109,10.026,24153.656,7452.606,57,5970.0,5955,3,18,100.3,33,9,24,,8,1,1,7,0,5,CRO003;CRO004;CRO007;CRO012;ROS014,0,0,-43.393625,-22.796908,-43.382304,-22.772809,41706,5958,15035,COELHO DA ROCHA,7,0,7,7,5,False,CRO003;CRO004;CRO007;CRO012;ROS014,18519985;18521055,SETD COELHO DA ROCHA;SETD ROSALI,14996;15035,COELHO DA ROCHA;ROSALI,103313671;20705285;20705292;20718655;20718669;20718711;20777561,1,1097
ELD001,LSA CAPIVARI I,LSA,18521352,SETD ELDORADO,666609179,67,25.0,3301702,101.77,68619.642,41733.344,352,42947.5,5670,49,81,5333.551,264,39,225,,11,2,4,7,0,7,ELD002;IMT011;IMT012;MRT2903;MRT2929;RFR007;SRP001,0,0,-43.374815,-22.686812,-43.287819,-22.60181,40033,5719,15005,ELDORADO,7,0,7,7,5,False,ELD002;IMT011;IMT012;RFR007;SRP001,18520767;18520803;18520929;18521352,SETD ELDORADO;SETD INMETRO;SETD ROCHA FREIRE;SETD SARAPUI,14997;15000;15005;15693,ELDORADO;INMETRO;ROCHA FREIRE AEREO AT/MT;SARAPUI,147288743;20694232;20723681;20723842;20723954;428208807;496576073,1,1097
PDG33662,LDA GEMI,LDA,10385916,SETD PORTA DAGUA,10401210,46,13.2,3304557,9.948,28255.164,25019.666,79,11130.0,5366,10,121,755.96,53,12,41,764718551,8,2,1,7,1,6,PDG208;PDG33010;PDG33304;PDG33678;TQR00005;TQR0009,0,0,-43.361706,-22.938259,-43.331645,-22.923828,37632,5376,16902,PORTA DAGUA AEREO,7,1,6,7,5,False,PDG208;PDG33010;PDG33678;TQR00005;TQR0009,10385871;10385916,SETD PORTA DAGUA;SETD TAQUARA,15023;16902,PORTA DAGUA AEREO;TAQUARA AEREO,11052808;11062408;138928290;30646293;345233380;460931185;764718551,1,1097
CHR018,LDA POERABA,LDA,18520758,SETD CACHAMORRA,18915200,46,13.2,3304557,14.642,27484.22,12066.061,89,9312.5,5138,11,60,468.91,65,15,50,756096174,7,1,0,7,1,5,CHR0007;CHR010;CHR013;CMS001;PCI3354,0,0,-43.603981,-22.924482,-43.560998,-22.906756,36043,5149,15011,CACHAMORRA,7,1,6,7,5,False,CHR0007;CHR010;CHR013;CMS001;PCI3354,18520758;18520839;450101398,SETD CACHAMORRA;SETD COSMOS;SETD PACIENCIA,15011;15029;16897,CACHAMORRA;COSMOS;JABOATAO AEREO,20769088;20769144;20769179;20769186;20769270;20769319;756096174,1,1097
FND3747,LDA CANARIAS,LDA,1222,SETD FUNDAO,1248184,46,13.2,3304557,18.082,16903.464,12761.867,81,9945.0,4715,14,15,153.11,75,12,63,,8,1,1,7,0,6,FND3262;FND3424;FND3726;FND4304;GVD9862;GVD9937,0,0,-43.242308,-22.838962,-43.202326,-22.803348,33103,4729,15040,GOVERNADOR AEREO,7,0,7,7,5,False,FND3262;FND3424;FND3726;FND4304;GVD9937,1213;1222,SETD FUNDAO;SETD GOVERNADOR,15040,GOVERNADOR AEREO,1024518848;1024519465;1596965;1597077;1598687;1606905;940497662,2,29
RCP9821,LDA ALZIBRAM,LDA,10386006,SETD RIO COMPRIDO,10401360,46,13.2,3304557,6.373,23775.812,20786.115,79,11587.5,4441,5,49,428.63,44,3,41,671585961,7,1,0,7,1,5,ALC33118;ALC718;ALC868;RCP29399;RCP9882,0,0,-43.22973,-22.926203,-43.221723,-22.910173,31122,4446,15058,RIO COMPRIDO AEREO,7,1,6,7,5,False,ALC33118;ALC718;ALC868;RCP29399;RCP9882,10385889;10386006,SETD ALDEIA CAMPISTA;SETD RIO COMPRIDO,15033;15058,ALDEIA CAMPISTA;RIO COMPRIDO AEREO,11006416;11006451;11036664;11136189;671585951;671585961;97946163,1,1097
GDL29746,LDA ZEBRUM,LDA,1258,SETD GUADALUPE,1248319,46,13.2,3304557,8.833,25245.733,13725.496,75,8520.0,4438,6,24,265.95,62,11,51,761257563;991128258,7,2,0,7,2,5,CCD241;CCD277;GDL29721;GDL29735;GDL29750,0,0,-43.37524,-22.84866,-43.360712,-22.835853,31108,4444,15036,GUADALUPE AEREO,7,2,5,8,5,False,CCD241;CCD277;GDL29721;GDL29735;GDL29750,1186;1258,SETD CASCADURA;SETD GUADALUPE,15034;15036,CASCADURA AEREO;GUADALUPE AEREO,141027934;1590511;1601459;352842375;456967613;761257563;991128258,1,1097
CHR004,LDA NEGRAS,LDA,18520758,SETD CACHAMORRA,18915220,46,13.2,3304557,10.285,23841.315,16602.539,87,7910.0,4185,9,171,1401.36,47,13,34,702816227;997252056,8,2,1,7,2,6,CHR0003;CHR0006;CHR005;CHR008;CHR016;CHR020,0,1,-43.56825,-22.92904,-43.549096,-22.915435,29358,4194,15011,CACHAMORRA,7,2,5,7,5,False,CHR0003;CHR0006;CHR008;CHR016;CHR020,18520758,SETD CACHAMORRA,15011,CACHAMORRA,105430658;20739599;20739634;20739760;26623186;702816227;997252056,1,1097
CMS011,LDA GUARU,LDA,18520839,SETD COSMOS,18915265,46,13.2,3304557,9.586,25449.232,5835.428,64,7537.5,4007,1,36,323.3,28,10,18,678018340,8,1,1,7,1,5,CHR0007;CMS005;CMS007;CMS014;JAB00023,0,0,-43.615339,-22.913038,-43.5929,-22.900592,28056,4008,16897,COSMOS,7,1,6,7,5,False,CHR0007;CMS005;CMS007;CMS014;JAB00023,18520749;18520758;18520839,SETD CACHAMORRA;SETD COSMOS;SETD JABOATAO,15029;16897,COSMOS;JABOATAO AEREO,20231498;20231512;20713517;461119934;472752309;678018340;678018413,1,1097
CCD3348,LDA PEDRAS,LDA,1186,SETD CASCADURA,1248259,46,13.2,3304557,6.559,19130.764,16680.148,66,9610.0,3910,8,22,1429.05,36,5,31,973535757,7,1,0,7,1,5,CCD277;CCD3713;TUR004;TUR008;TUR010,0,0,-43.341614,-22.881033,-43.331011,-22.867067,27426,3918,15034,CASCADURA AEREO,7,1,6,7,5,False,CCD277;CCD3713;TUR004;TUR008;TUR010,1186;1294,SETD CASCADURA;SETD TURIACU,15002;15034,CASCADURA AEREO;TURIACU,1606660;1606723;1606828;1607409;1607563;1623320;973535757,1,1097
TQR33835,LDA ATININGA,LDA,10385871,SETD TAQUARA,10401225,46,13.2,3304557,7.015,34738.0,17784.119,57,7242.5,3853,5,14,78.0,38,10,28,,11,0,4,7,0,7,TQR00004;TQR00008;TQR33830;TQR33859;TQR33862;TQR60088;TQR60096,0,1,-43.374342,-22.914758,-43.351987,-22.903539,27006,3858,15023,TAQUARA AEREO,7,0,7,8,5,False,TQR00004;TQR00008;TQR33862;TQR60088;TQR60096,10385871,SETD TAQUARA,15023,TAQUARA AEREO,11007788;11009741;11022798;11052759;11052815;118759270;996277218,1,1097
PDG33678,LDA BEVI,LDA,10385916,SETD PORTA DAGUA,10401270,46,13.2,3304557,6.996,12135.381,10344.51,55,7232.5,3842,1,23,204.16,37,12,25,971727982,9,3,2,7,1,6,PDG29724;PDG29731;PDG33662;PDG33670;TQR00004;TQR0006,0,0,-43.36023,-22.938459,-43.331636,-22.924172,26901,3843,16902,PORTA DAGUA AEREO,7,1,6,7,5,False,PDG29731;PDG33662;PDG33670;TQR00004;TQR0006,10385871;10385916,SETD PORTA DAGUA;SETD TAQUARA,15023;16902,PORTA DAGUA AEREO;TAQUARA AEREO,11009454;11025500;11025549;11054026;11134439;30646293;971727982,1,1097
CLG0013,LDA MAXBAR,LDA,1249,SETD COLEGIO,1248349,46,13.2,3304557,5.726,21727.741,14477.364,46,5527.5,3613,7,25,249.77,28,8,20,959318325,7,1,0,7,1,5,CLG0002;CLG0012;CLG0016;CLG0017;VGE33444,0,0,-43.336022,-22.844611,-43.326516,-22.82509,25340,3620,15021,COLEGIO AEREO,7,1,6,8,5,False,CLG0002;CLG0012;CLG0016;CLG0017;VGE33444,1249;1267,SETD COLEGIO;SETD VIGARIO GERAL,15021;15062,COLEGIO AEREO;VIGARIO GERAL AEREO,1584148;1600633;1600647;1600773;1600787;89499982;959318325,1,1097
ROS003,LDA QUAZAR,LDA,18519985,SETD ROSALI,18915390,46,13.2,3305109,7.267,17479.188,11757.166,63,8040.0,3434,7,18,295.5,30,3,27,537497157,7,1,0,7,1,5,ROS00021;ROS006;ROS009;ROS016;ROS018,0,1,-43.376075,-22.808388,-43.364227,-22.791512,24087,3441,14996,ROSALI,7,1,6,8,5,False,ROS00021;ROS006;ROS009;ROS016;ROS018,18519985,SETD ROSALI,14996,ROSALI,128820311;1615550;20801692;28069936;32145132;474207972;537497157,1,1097
BPN29872,LDA BRAGA,LDA,1159,SETD BRAS DE PINA,1248214,46,13.2,3304557,6.492,18223.423,14518.192,66,8160.0,3341,10,41,606.45,39,9,30,,7,0,0,7,0,5,BPN29522;BPN29904;BPN29915;PER0002;PER763,0,0,-43.280069,-22.839681,-43.270474,-22.825664,23457,3351,15017,BRAS DE PINA,7,0,7,7,5,False,BPN29522;BPN29904;BPN29915;PER0002;PER763,1159;1240,SETD BRAS DE PINA;SETD PEDRO ERNESTO,15017;15061,BRAS DE PINA;PEDRO ERNESTO AEREO,1566709;1566765;1581362;1581495;1617293;1619715;1619820,1,1097
ITP0100,LDA AMERICAS,LDA,10385988,SETD ITAPEBA,10401330,46,13.2,3304557,13.568,24687.596,22538.81,66,11310.0,3194,5,96,1127.85,50,9,41,25317914;587591034,7,2,0,7,2,5,ITP0006;ITP24007;ITP33147;ITP33172;ITP33370,0,0,-43.452221,-23.014995,-43.42886,-22.998179,22393,3199,15066,ITAPEBA AEREO URBANO,7,2,5,8,5,False,ITP0006;ITP24007;ITP33147;ITP33172;ITP33370,10385988,SETD ITAPEBA,15060;15066,ITAPEBA AEREO URBANO;ITAPEBA SUBTERRANEO,114001509;122984587;135433284;236337906;25317914;306462800;587591034,1,1097
STC00009,LDA VEREMAR,LDA,34192093,SETD SANTA CLARA,34192098,46,13.2,3304144,12.574,12766.59,7108.969,54,7132.5,2714,7,18,213.66,31,7,24,668107889;999377030,8,2,1,7,2,6,QMD005;STC00002;STC00011;STC00012;STC00013;STC0014,0,0,-43.563215,-22.758002,-43.547562,-22.722874,19047,2721,15052,SANTA CLARA AEREO,7,2,5,7,5,False,QMD005;STC00011;STC00012;STC00013;STC0014,18520893;34192093,SETD QUEIMADOS;SETD SANTA CLARA,15052;15692,NOVA IGUACU;SANTA CLARA AEREO,132101008;20682157;219715408;357630106;357630477;668107889;999377030,1,1097
CMS005,LDA ASSUM,LDA,18520839,SETD COSMOS,18915250,46,13.2,3304557,6.936,14354.384,4194.806,37,4320.0,2412,3,20,251.21,45,6,39,,11,2,4,7,0,8,CHR0007;CMS001;CMS004;CMS009;CMS010;CMS011;CMS013;PCI3620,0,6,-43.616561,-22.916106,-43.605435,-22.903071,16905,2415,16897,COSMOS,7,0,7,7,5,False,CHR0007;CMS001;CMS010;CMS011;PCI3620,18520758;18520839;450101398,SETD CACHAMORRA;SETD COSMOS;SETD PACIENCIA,15029;16897,COSMOS;JABOATAO AEREO,144802288;20670082;20713517;20713895;20737975;20815772;727167461,1,1097
CRO002,LDA CIPRIANO,LDA,18521055,SETD COELHO DA ROCHA,18915460,46,13.2,3305109,4.37,9395.438,6798.727,29,3037.5,2366,5,36,657.45,21,7,14,,8,1,1,7,0,6,CRO001;CRO0016;CRO0035;CRO007;CRO009;CRO011,0,0,-43.390675,-22.784063,-43.380992,-22.772817,16597,2371,14996,ROSALI,7,0,7,7,5,False,CRO001;CRO0016;CRO0035;CRO009;CRO011,18521055,SETD COELHO DA ROCHA,14996;15035,COELHO DA ROCHA;ROSALI,20690438;20808720;20813042;20813063;20817823;393583762;401948638,1,1097
PER874,LDA ENGEDRA,LDA,1240,SETD PEDRO ERNESTO,1248279,46,13.2,3304557,6.798,18937.484,3465.355,59,7597.5,2339,9,2,50.4,36,7,29,,9,0,2,7,0,7,PER29452;PER616;PER70299;PER763;PER794;PER809;RAM33315,0,0,-43.261576,-22.847336,-43.245652,-22.839712,16436,2348,15015,RAMOS AEREO,7,0,7,7,5,False,PER29452;PER616;PER70299;PER763;RAM33315,1132;1240,SETD PEDRO ERNESTO;SETD RAMOS,15015;15061,PEDRO ERNESTO AEREO;RAMOS AEREO,1582573;1583826;1607801;1608515;1608522;1620247;1620296,1,1097
TRV964,LDA RICAPRADO,LDA,10385898,SETD TROVAO,10401235,46,13.2,3304557,4.351,17440.6,14044.946,47,6457.5,2134,19,9,223.09,39,6,33,,9,2,2,7,0,6,CMT29129;CMT29131;TRV626;TRV845;TRV875;TRV907,0,0,-43.2329,-22.897671,-43.220983,-22.888285,15071,2153,15020,TROVAO AEREO,7,0,7,7,5,False,CMT29129;CMT29131;TRV845;TRV875;TRV907,10385898;10386051,SETD CAMPO MARTE;SETD TROVAO,15020;15047,CAMPO MARTE AEREO;TROVAO AEREO,11005912;11025255;11053214;11092026;11136721;762734796;998312160,1,1097
REC0012,LDA GROTAFUNDA,LDA,132097219,SETD RECREIO,132098319,46,13.2,3304557,11.121,9552.505,8350.705,28,3102.5,2101,2,39,357.88,29,6,23,688834950,7,1,0,7,1,5,REC00001;REC0001;REC0013;REC0014;REC7,0,0,-43.521599,-23.022777,-43.467468,-23.010685,14721,2103,14999,RECREIO,7,1,6,7,5,False,REC00001;REC0001;REC0013;REC0014;REC7,132097219,SETD RECREIO,14999,RECREIO,264377913;264377922;264378574;486205966;57947555;688834950;862007790,1,1097
VGE3237,LDA DUTRA,LDA,1267,SETD VIGARIO GERAL,1248324,46,13.2,3304557,7.14,15181.336,10111.646,37,4305.0,1947,7,22,287.811,31,6,25,937221376,7,1,0,7,1,5,VGE00001;VGE00002;VGE3890;VGE3919;VGE3947,0,0,-43.344602,-22.816909,-43.321801,-22.809026,13678,1954,15062,VIGARIO GERAL AEREO,7,1,6,7,5,False,VGE00001;VGE00002;VGE3890;VGE3919;VGE3947,1267,SETD VIGARIO GERAL,14996;15062,ROSALI;VIGARIO GERAL AEREO,153046778;1590140;1595075;1595103;1629480;937221376;99371901,1,1097
CMS004,LDA ANTENCIA,LDA,18520839,SETD COSMOS,18915250,46,13.2,3304557,5.015,10820.579,2314.446,12,1252.5,1353,1,18,120.4,11,4,7,757878187;766771071,8,3,1,7,2,6,CMS001;CMS005;CMS009;PCI0006;PCI0010;PCI3620,0,0,-43.630825,-22.915521,-43.614715,-22.903083,9478,1354,16900,PACIENCIA,7,2,5,7,5,False,CMS001;CMS009;PCI0006;PCI0010;PCI3620,18520839;450101398,SETD COSMOS;SETD PACIENCIA,16897;16900,COSMOS;PACIENCIA,20667653;20713811;20717633;20717647;699441508;757878187;766771071,1,1097
IMT011,LDA CEDRO,LDA,18520929,SETD INMETRO,18915450,46,13.2,3301702,19.732,18308.835,11645.598,53,4185.0,689,25,10,744.1,56,7,49,,7,0,0,7,0,5,ELD001;IMT004;IMT005;IMT007;IMT010,0,0,-43.3143,-22.642562,-43.283616,-22.589899,4998,714,15005,ELDORADO,7,0,7,7,5,False,ELD001;IMT004;IMT005;IMT007;IMT010,18520929;18521352,SETD ELDORADO;SETD INMETRO,14997;15005,ELDORADO;INMETRO,20667058;20688282;20723681;20761350;277821921;496576073;520720558,1,1097
CCD277,LSA CARINADO,LSA,1186,SETD CASCADURA,1248239,67,25.0,3304557,13.592,2004.142,1428.256,0,0.0,0,1,0,0.0,30,5,25,1006565195,7,1,0,7,1,5,CCD241;CCD292;CCD3348;GDL29746;TUR004,0,0,-43.373767,-22.881151,-43.332366,-22.839201,7,1,15034,CASCADURA AEREO,7,1,6,8,5,False,CCD241;CCD292;CCD3348;GDL29746;TUR004,1186;1258;1294,SETD CASCADURA;SETD GUADALUPE;SETD TURIACU,15002;15034;15036,CASCADURA AEREO;GUADALUPE AEREO;TURIACU,1006565195;1583672;1607563;1623320;352842375;489610507;625957853,1,1097
ESP006,LDA CILON,LDA,18519958,SETD ESPERANCA,18915340,46,13.2,3304557,27.589,38923.909,9295.773,117,11460.0,7857,11,16,447.28,74,10,64,488657394,9,1,2,7,1,5,CMS012;ESP009;ESP020;PCI0006;ZIN005,0,0,-43.680092,-22.913536,-43.645231,-22.874354,55076,7868,16899,ESPERANCA AEREO AT/MT,7,1,6,8,4,False,CMS012;ESP009;ESP020;ZIN005,18519958;18520839;18520911,SETD COSMOS;SETD ESPERANCA;SETD ZONA INDUSTRIAL,15696;16897;16899,COSMOS;ESPERANCA AEREO AT/MT;ZONA INDUSTRIAL,1004967878;20670537;22512398;22981601;394197789;488657394;587854005,1,1097
PDG29753,LDA BANANAL,LDA,10385916,SETD PORTA DAGUA,10401260,46,13.2,3304557,12.776,25341.889,14428.104,97,12000.0,6895,0,243,1758.1,43,12,31,461957252,7,1,0,7,1,4,PDG00002;PDG0005;PDG0006;PDG29023,0,0,-43.336931,-22.967954,-43.31176,-22.937998,48265,6895,16902,PORTA DAGUA AEREO,7,1,6,7,4,False,PDG00002;PDG0005;PDG0006;PDG29023,10385916,SETD PORTA DAGUA,16902,PORTA DAGUA AEREO,11023449;11023484;11023498;132603620;327765361;461957252;987466141,1,1097
CCD803,LDA PADRETEL,LDA,1186,SETD CASCADURA,1248269,46,13.2,3304557,11.322,23788.256,15420.011,88,9735.0,6549,7,44,445.35,44,3,41,740856782,7,1,0,7,1,4,CCD3787;CCD826;PDD3800;PDD9873,0,0,-43.332428,-22.910636,-43.309072,-22.880892,45892,6556,15034,CASCADURA AEREO,7,1,6,7,4,False,CCD3787;CCD826;PDD3800;PDD9873,1186;1231,SETD CASCADURA;SETD PIEDADE,14998;15034,CASCADURA AEREO;PIEDADE,136880196;1582363;1582405;1589944;1605652;486377153;740856782,1,1097
MNB00008,LDA GRIZELTA,LDA,18520902,SETD MENA BARRETO,18915320,46,13.2,3302858,15.276,31247.206,11221.714,80,8210.0,6262,8,31,242.54,86,17,69,788374165;960207148,7,2,0,7,2,4,MNB001;MNB014;MNB016;MNB018,0,7,-43.448064,-22.798245,-43.422232,-22.78028,43890,6270,15057,MENA BARRETO AEREO,7,2,5,7,4,False,MNB001;MNB014;MNB016;MNB018,18520902,SETD MENA BARRETO,15057,MENA BARRETO AEREO,20727216;20744572;20744607;20744621;788374165;960207148;97048833,1,1097
BMT29601,LDA ADOLFO,LDA,1195,SETD BOCA DO MATO,1248179,46,13.2,3304557,11.279,29920.156,16506.597,103,12587.5,5908,3,57,423.55,59,10,49,1005684936;705929382;969434972,8,4,1,7,3,4,BMT0001;BMT29811;BMT29833;PDD3984,0,1,-43.302434,-22.919264,-43.285197,-22.900539,41377,5911,15055,BOCA DO MATO AEREO,7,3,4,7,4,False,BMT0001;BMT29811;BMT29833;PDD3984,1195;1231,SETD BOCA DO MATO;SETD PIEDADE,14998;15055,BOCA DO MATO AEREO;PIEDADE,1005684936;15179291;1618959;1618994;1619078;705929382;969434972,1,1097
CHR017,LDA MORA,LDA,18520758,SETD CACHAMORRA,18915200,46,13.2,3304557,11.99,17929.414,11765.438,80,8512.5,5608,3,118,722.6,32,6,26,23952824;24004189,7,2,0,7,2,4,CHR0003;CHR002;CHR010;CHR016,0,1,-43.568191,-22.924483,-43.536618,-22.897179,39277,5611,15011,CACHAMORRA,7,2,5,7,4,False,CHR0003;CHR002;CHR010;CHR016,18520758,SETD CACHAMORRA,15011,CACHAMORRA,20687505;20691509;20691530;20738234;20738255;23952824;24004189,1,1097
PDG33434,LDA MENTA,LDA,10385916,SETD PORTA DAGUA,10401270,46,13.2,3304557,10.532,37498.993,15024.113,91,12037.5,5498,11,60,858.47,44,11,33,10917392,9,3,2,7,1,5,GDN0012;GDN0013;PDG29023;PDG29724;PDG29776,0,0,-43.348216,-22.963637,-43.331454,-22.938092,38563,5509,16903,GARDENIA,7,1,6,7,4,False,GDN0012;GDN0013;PDG29023;PDG29776,10385916;457474244,SETD GARDENIA;SETD PORTA DAGUA,16902;16903,GARDENIA;PORTA DAGUA AEREO,10917392;11102956;11102984;11154279;131989615;212540174;654178131,1,1097
PDD3984,LDA ONDINA/MASSON,LDA,1231,SETD PIEDADE,1248194,46,13.2,3304557,10.651,30160.396,21346.882,63,8972.5,5441,8,43,512.384,41,9,32,1005684936;988345752,7,2,0,7,2,4,BMT0001;BMT29601;PDD33543;PDD9873,0,0,-43.315539,-22.907595,-43.29264,-22.891432,38143,5449,14998,PIEDADE,7,2,5,7,4,False,BMT0001;BMT29601;PDD33543;PDD9873,1195;1231,SETD BOCA DO MATO;SETD PIEDADE,14998;15055,BOCA DO MATO AEREO;PIEDADE,1005684936;1588425;1600171;1600220;1600339;1613324;988345752,1,1097
TRS009,LSA SALVATERRA,LSA,18520326,SETD TRES RIOS,18915165,67,25.0,3306008,108.488,44087.365,56398.062,183,18162.5,5204,18,73,1535.597,153,22,131,466925267,8,2,1,7,1,4,SPC002;TRS001;TRS008;TRS010,0,0,-43.233998,-22.177349,-42.995256,-22.027345,36554,5222,15088,TRES RIOS AEREO MT/MT,7,1,6,7,4,False,SPC002;TRS001;TRS008;TRS010,18520326;18520614,SETD SAPUCAIA;SETD TRES RIOS,15087;15088;15091,SAPUCAIA;TRES RIOS AEREO AT/MT;TRES RIOS AEREO MT/MT,20769900;20770012;20801398;20804100;20813847;33845342;466925267,1,1097
MNB012,LDA CAETANO,LDA,18520902,SETD MENA BARRETO,18915320,46,13.2,3302858,8.822,24954.537,8963.176,60,6450.0,5141,1,52,461.25,37,11,26,764813040;791770779,7,2,0,7,2,4,CRO007;MNB003;MNB004;NIG026,0,2,-43.42497,-22.797832,-43.411608,-22.772924,35994,5142,15057,MENA BARRETO AEREO,7,2,5,8,4,False,CRO007;MNB003;MNB004;NIG026,18519976;18520902;18521055,SETD COELHO DA ROCHA;SETD MENA BARRETO;SETD NOVA IGUACU,14993;15035;15057,COELHO DA ROCHA;MENA BARRETO AEREO;MERITI,20679875;20679882;20679889;20679952;764813028;764813040;791770779,1,1097
CSO003,LDA DALIA,LDA,18520821,SETD COMENDADOR SOARES,18915350,46,13.2,3303500,12.113,39066.75,31918.671,84,9570.0,4988,12,111,784.63,47,15,32,744845871;975893167,7,2,0,7,2,4,CSO006;CSO008;CSO014;NIG005,0,1,-43.484872,-22.769355,-43.463929,-22.755952,35000,5000,15048,COMENDADOR SOARES,7,2,5,7,4,False,CSO006;CSO008;CSO014;NIG005,18519976;18520821,SETD COMENDADOR SOARES;SETD NOVA IGUACU,15048;15692,COMENDADOR SOARES;NOVA IGUACU,134316386;20672175;20675094;20675101;744845871;744845942;975893167,1,1097
FTL003,LDA CASCATINHA,LDA,18521064,SETD FONTINELE,18915475,46,13.2,3300407,23.909,15178.228,13054.01,102,6885.0,4672,13,50,1748.349,65,13,52,1003065529;860616440,7,2,0,7,2,4,FTL006;FTL007;FTL014;VRD017,0,1,-44.167317,-22.580674,-44.13787,-22.549396,32795,4685,15007,FONTINELE,7,2,5,8,4,False,FTL006;FTL007;FTL014;VRD017,18520470;18521064,SETD FONTINELE;SETD VOLTA REDONDA,15007;15086,FONTINELE;VOLTA REDONDA AEREO MT/MT,1003065529;20686595;20686623;20686637;20733775;860616431;860616440,1,1097
STC00005,LDA GEORGIA,LDA,34192093,SETD SANTA CLARA,470944477,46,13.2,3304144,13.909,21413.563,5648.67,69,6712.5,4407,1,25,186.11,26,5,21,967597151,7,1,0,7,1,4,CSO002;NIG030;RFR002;STC00010,0,0,-43.552878,-22.733023,-43.515085,-22.715118,30856,4408,15052,SANTA CLARA AEREO,7,1,6,7,4,False,CSO002;NIG030;RFR002;STC00010,18519976;18520767;18520821;34192093,SETD COMENDADOR SOARES;SETD NOVA IGUACU;SETD ROCHA FREIRE;SETD SANTA CLARA,15048;15052;15692;15693,COMENDADOR SOARES;NOVA IGUACU;ROCHA FREIRE AEREO AT/MT;SANTA CLARA AEREO,20817123;20817144;20817690;20817739;31913502;40926162;967597151,1,1097
CBI33798,LDA RABELO,LDA,1141,SETD CACHAMBI,1248119,46,13.2,3304557,5.752,25252.776,21547.355,83,11692.5,4402,4,48,502.59,58,15,43,1005568994;799100745;800303369,8,4,1,7,3,5,BMT0001;BMT29737;BMT29953;CBI24826;CBI24833,0,9,-43.289033,-22.901746,-43.274254,-22.888256,30842,4406,15027,CACHAMBI AEREO,7,3,4,7,4,False,BMT0001;BMT29737;BMT29953;CBI24833,1141;1195,SETD BOCA DO MATO;SETD CACHAMBI,14998;15027;15055,BOCA DO MATO AEREO;CACHAMBI AEREO;PIEDADE,1005568994;1553178;1609523;1616705;1616824;799100745;800303369,1,1097
VGE3758,LDA GABEIRA,LDA,1267,SETD VIGARIO GERAL,1248334,46,13.2,3304557,6.857,16691.248,9808.127,70,6615.0,4273,2,70,584.28,32,10,22,989359138;992708470,8,2,1,7,2,5,MRT273;MRT9913;VGE00001;VGE3665;VGE3834,0,1,-43.330658,-22.812638,-43.318625,-22.805105,29925,4275,15062,VIGARIO GERAL AEREO,7,2,5,8,4,False,MRT273;MRT9913;VGE00001;VGE3665,1267;1312,SETD MERITI;SETD VIGARIO GERAL,14993;15062,MERITI;VIGARIO GERAL AEREO,1599289;1632497;1632546;1632553;1632567;989359138;992708470,1,1097
SJO0005,LDA JAMARI,LDA,310718139,SETD SAO JOAO,310718324,46,13.2,3301702,14.126,26079.6,4358.016,72,7597.5,4164,1,16,88.19,29,5,24,,10,0,3,7,0,7,CXS024;MRT29629;SJO0003;SJO0004;SJO0007;SJO0013;SJO0014,0,0,-43.339687,-22.77938,-43.323994,-22.762803,29155,4165,15699,SAO JOAO,7,0,7,7,4,False,MRT29629;SJO0004;SJO0007;SJO0013,1312;310718139,SETD MERITI;SETD SAO JOAO,14993;15699,MERITI;SAO JOAO,109398679;20677131;20677138;20759383;270019637;278315645;45117302,1,1097
PDD3800,LDA PACONE/ RESERVA2,LDA,1231,SETD PIEDADE,1248189,46,13.2,3304557,9.374,24101.632,10940.116,65,7440.0,4158,2,31,222.26,53,10,43,848490193,9,1,2,7,1,5,BMT29811;CCD803;PDD29513;PDD33543;PDD9873,0,0,-43.314187,-22.909499,-43.302486,-22.891431,29120,4160,14998,PIEDADE,7,1,6,7,4,False,BMT29811;CCD803;PDD33543;PDD9873,1186;1195;1231,SETD BOCA DO MATO;SETD CASCADURA;SETD PIEDADE,14998;15034;15055,BOCA DO MATO AEREO;CASCADURA AEREO;PIEDADE,1582405;1588558;1600192;1619050;161965403;486377153;848490193,1,1097
TUR002,LDA SANTEL,LDA,1294,SETD TURIACU,8394770,46,13.2,3304557,4.668,14178.924,9522.848,45,5497.5,3629,3,28,238.08,31,7,24,992030044,8,1,1,7,1,4,CLG0009;CLG0015;TUR009;TUR011,0,3,-43.35239,-22.856157,-43.344942,-22.845776,25424,3632,15002,TURIACU,7,1,6,7,4,False,CLG0009;CLG0015;TUR009;TUR011,1249;1294,SETD COLEGIO;SETD TURIACU,15002;15021,COLEGIO AEREO;TURIACU,1587207;1587305;1589006;1626638;1626680;771636122;992030044,1,1097
GDL29735,LDA FRANTELA,LDA,1258,SETD GUADALUPE,1248344,46,13.2,3304557,7.3,20267.776,5248.181,57,6502.5,3567,1,6,185.25,37,8,29,761257563;991128258,7,2,0,7,2,4,GDL00002;GDL24956;GDL29746;TUR005,0,0,-43.372903,-22.846954,-43.358838,-22.835827,24976,3568,15036,GUADALUPE AEREO,7,2,5,7,4,False,GDL00002;GDL24956;GDL29746;TUR005,1258;1294,SETD GUADALUPE;SETD TURIACU,15002;15036,GUADALUPE AEREO;TURIACU,1590511;1631972;1632077;456967613;761257563;761330548;991128258,1,1097
REC0013,LDA MARAMAR,LDA,132097219,SETD RECREIO,132098328,46,13.2,3304557,20.394,20474.85,15424.643,90,8865.0,3518,3,299,2711.61,70,10,60,688834950;960241500,9,2,2,7,2,5,REC00001;REC00002;REC00003;REC00008;REC0012,0,0,-43.523811,-23.032994,-43.467596,-23.010761,24647,3521,14999,RECREIO,7,2,5,7,4,False,REC00001;REC00003;REC00008;REC0012,132097219,SETD RECREIO,14999,RECREIO,11007312;264377896;277105877;57947555;688834950;960241500;986602346,1,1097
PER828,LDA IBIAPINA,LDA,1240,SETD PEDRO ERNESTO,1248274,46,13.2,3304557,4.661,16248.818,10952.998,44,5767.5,3221,4,22,282.58,20,7,13,,9,0,2,7,0,5,PER0002;PER781;PER794;PER833;PER917,0,0,-43.276681,-22.849564,-43.261445,-22.838688,22575,3225,15061,PEDRO ERNESTO AEREO,7,0,7,7,4,False,PER0002;PER781;PER794;PER833,1240,SETD PEDRO ERNESTO,15061,PEDRO ERNESTO AEREO,1612267;1612281;1612351;1612386;1612456;1623705;1623873,1,1097
TRV626,LDA FAUSTO,LDA,10385898,SETD TROVAO,10401235,46,13.2,3304557,5.001,25272.309,13154.074,44,5047.5,2928,13,16,546.872,50,11,39,861741465,11,5,4,7,1,10,CMT234;TRV607;TRV634;TRV669;TRV705;TRV779;TRV843;TRV856;TRV875;TRV964,0,3,-43.240993,-22.908011,-43.232535,-22.88926,20587,2941,15020,TROVAO AEREO,7,1,6,8,4,False,CMT234;TRV607;TRV843;TRV856,10385898;10386051,SETD CAMPO MARTE;SETD TROVAO,15020,TROVAO AEREO,11056007;11056021;11056084;11056112;11094938;499392201;861741465,1,1097
FTL004,LDA COTIARA,LDA,18521064,SETD FONTINELE,18915475,46,13.2,3300407,25.128,1292.862,7091.94,86,3705.0,2742,5,38,2130.9,53,11,42,1003602355;1004139087,8,2,1,7,2,4,FTL007;FTL010;FTL011;FTL014,0,1,-44.231838,-22.591256,-44.16324,-22.546859,19229,2747,15007,FONTINELE,7,2,5,7,4,False,FTL007;FTL010;FTL011;FTL014,18521064,SETD FONTINELE,15007,FONTINELE,1003602355;1004139087;20693931;20693966;20704718;686103928;687636885,1,1097
ROS00022,LDA NETUNO,LDA,18519985,SETD ROSALI,18915360,46,13.2,3305109,6.117,13469.523,5229.531,41,4275.0,2637,3,21,186.775,24,10,14,1008961225,7,1,0,7,1,4,ROS001;ROS005;ROS008;ROS011,0,0,-43.370186,-22.793215,-43.357724,-22.777416,18480,2640,14996,ROSALI,7,1,6,7,4,False,ROS001;ROS005;ROS008;ROS011,18519985,SETD ROSALI,14996,ROSALI,1004735960;1008961225;120532663;20700945;20768829;20768843;398410464,1,1097
ROS00021,LDA CENTAURI,LDA,18519985,SETD ROSALI,18915390,46,13.2,3305109,6.162,12176.605,7690.307,52,6140.0,2151,9,28,612.28,44,8,36,,7,0,0,7,0,4,PVN9828;ROS003;ROS006;ROS015,0,1,-43.370991,-22.811912,-43.362527,-22.791554,15120,2160,14996,ROSALI,7,0,7,7,4,False,PVN9828;ROS003;ROS006;ROS015,1303;18519985,SETD PAVUNA;SETD ROSALI,14994;14996,PAVUNA;ROSALI,128820311;136652280;1615550;20707567;20707588;20801979;22927098,1,1097
TUR004,LDA PICUI,LDA,1294,SETD TURIACU,8394770,46,13.2,3304557,4.243,12754.723,5534.496,26,2917.5,1913,4,14,107.44,18,6,12,980285905;984137656;999518762,7,3,0,7,3,4,CCD277;CCD3348;TUR007;TUR012,0,0,-43.354936,-22.873947,-43.341622,-22.855848,13419,1917,15002,TURIACU,7,3,4,8,4,False,CCD277;CCD3348;TUR007;TUR012,1186;1294,SETD CASCADURA;SETD TURIACU,15002;15034,CASCADURA AEREO;TURIACU,1581607;1607563;980285905;980286002;984137656;984137665;999518762,1,1097
ALC0001,LDA WELLPONT,LDA,10385889,SETD ALDEIA CAMPISTA,341720876,46,13.2,3304557,2.42,6713.237,5900.498,23,3555.0,1674,0,12,56.58,14,3,11,,7,0,0,7,0,4,ALC9993;LPD29159;URG29662;URG29706,0,0,-43.246865,-22.925305,-43.238093,-22.916954,11718,1674,15033,ALDEIA CAMPISTA,7,0,7,7,4,False,ALC9993;LPD29159;URG29662;URG29706,10385889;10385979;10386033,SETD ALDEIA CAMPISTA;SETD LEOPOLDO;SETD URUGUAI,15025;15030;15033,ALDEIA CAMPISTA;LEOPOLDO AEREO;URUGUAI AEREO,1006045574;11006829;11093895;11155658;11155721;11155728;656879033,1,1097
CHR012,LDA AROAQUI,LDA,18520758,SETD CACHAMORRA,18915215,46,13.2,3304557,5.106,11501.551,6861.579,32,4012.5,1451,5,40,493.95,45,11,34,533950519,8,2,1,7,1,4,CHR0007;CHR0014;CHR013;JAB00005,0,3,-43.56829,-22.924627,-43.561514,-22.907201,10192,1456,15011,CACHAMORRA,7,1,6,7,4,False,CHR0007;CHR0014;CHR013;JAB00005,18520749;18520758,SETD CACHAMORRA;SETD JABOATAO,15011;15029,CACHAMORRA;JABOATAO AEREO,20669473;20669557;20669571;20723443;20746441;533950509;533950519,1,1097
JDB807,LDS 807/ESTR/CAIOMAR,LDS,10385880,SETD JARDIM BOTANICO,10401255,46,13.2,3304557,8.794,18464.377,16841.709,38,5137.5,1239,5,43,636.251,40,7,33,,8,0,1,7,0,5,JDB29041;JDB29436;JDB3716;JDB625;JDB814,0,0,-43.241496,-22.985301,-43.217586,-22.963262,8708,1244,15071,JARDIM BOTANICO AEREO,7,0,7,8,4,False,JDB29436;JDB3716;JDB625;JDB814,10385880,SETD JARDIM BOTANICO,15071,JARDIM BOTANICO AEREO,11008439;11100268;11100303;11135181;11206584;25927415;452265566,1,1097
CCD241,LSA TACARATU,LSA,1186,SETD CASCADURA,1248234,67,25.0,3304557,13.698,8480.325,7937.408,0,0.0,0,2,0,0.0,21,4,17,,7,0,0,7,0,4,CCD277;GDL29746;TUR001;TUR006,0,0,-43.37872,-22.881245,-43.332342,-22.83481,14,2,15034,CASCADURA AEREO,7,0,7,7,4,False,CCD277;GDL29746;TUR001;TUR006,1186;1258;1294,SETD CASCADURA;SETD GUADALUPE;SETD TURIACU,15002;15034;15036,CASCADURA AEREO;GUADALUPE AEREO;TURIACU,141027934;1583672;1588803;1622900;1623320;625957853;704963225,1,1097
TUR006,LDA VARGAS,LDA,1294,SETD TURIACU,1248389,46,13.2,3304557,10.513,26841.888,13039.667,90,10020.0,6872,1,65,576.38,40,12,28,778472221,7,1,0,7,1,3,CCD241;GDL29721;TUR003,0,1,-43.370439,-22.858095,-43.352059,-22.847618,48111,6873,15002,TURIACU,7,1,6,7,3,False,CCD241;GDL29721;TUR003,1186;1258;1294,SETD CASCADURA;SETD GUADALUPE;SETD TURIACU,15002;15034;15036,CASCADURA AEREO;GUADALUPE AEREO;TURIACU,1588663;1588775;1588803;1588810;1588817;485827466;778472221,1,1097
VIG001,LSA PADILHA,LSA,18520371,SETD VIGARIO,18915160,67,25.0,3304003,239.191,16680.57,19853.241,480,26602.5,6553,26,120,10139.4,354,46,308,624892940;696091817,18,6,11,7,2,4,SCI001;SCI007;VIG002;VRD017,0,0,-44.137776,-22.734232,-43.896709,-22.555272,46053,6579,15003,VIGARIO,7,2,5,7,3,False,SCI001;SCI007;VIG002,18520299;18520371,SETD SANTA CECILIA;SETD VIGARIO,15003;15090,SANTA CECILIA AEREO MT/MT;VIGARIO,158057994;20677516;20723541;20745615;490753018;624892940;696091817,1,1097
CRO005,LDA HORIZONTE,LDA,18521055,SETD COELHO DA ROCHA,18915465,46,13.2,3305109,12.47,25184.576,8117.48,83,8055.0,5867,4,26,153.32,37,9,28,,7,0,0,7,0,3,CRO0013;CRO014;VTL002,0,1,-43.391123,-22.773206,-43.362763,-22.76406,41097,5871,15035,COELHO DA ROCHA,7,0,7,7,3,False,CRO0013;CRO014;VTL002,18520794;18521055,SETD COELHO DA ROCHA;SETD VILAR DOS TELES,15035;15054;15072,AREIA BRANCA AEREO;COELHO DA ROCHA;VILAR DOS TELES AEREO,123383833;20715092;20715106;20715176;20715288;31046887;370546450,1,1097
DMC871,LDA MEDEIROS,LDA,1168,SETD DEMOCRATICOS,1248139,46,13.2,3304557,6.659,22572.96,14853.061,53,6837.5,5499,10,23,305.49,41,6,35,,7,0,0,7,0,3,DMC3149;DMC660;TRG223,0,0,-43.272885,-22.8792,-43.257681,-22.871398,38563,5509,15056,DEMOCRATICOS AEREO,7,0,7,7,3,False,DMC3149;DMC660;TRG223,1168;1204,SETD DEMOCRATICOS;SETD TRIAGEM,15056,DEMOCRATICOS AEREO,1600948;1601011;1601025;1601060;1601130;1621311;1621339,1,1097
TRV856,LDA LOPES,LDA,10385898,SETD TROVAO,10401240,46,13.2,3304557,4.783,23255.44,5727.107,56,6480.0,4776,8,5,113.6,42,9,33,841344963,8,2,1,7,1,3,TRV626;TRV779;TRV843,0,0,-43.238523,-22.903798,-43.232534,-22.889169,33488,4784,15020,TROVAO AEREO,7,1,6,7,3,False,TRV626;TRV779;TRV843,10385898,SETD TROVAO,15020,TROVAO AEREO,11056084;11092131;11094938;11152116;248480941;31312079;841344963,1,1097
AFR009,LDA CATIRI,LDA,18520461,SETD ARI FRANCO,18915080,46,13.2,3304557,6.858,29434.848,8990.781,56,6217.5,4766,3,62,381.32,27,9,18,701631084;960155636,8,2,1,7,2,4,AFR003;AFR004;AFR011;AFR013,0,0,-43.472873,-22.861913,-43.464776,-22.844261,33383,4769,15010,ARI FRANCO,7,2,5,7,3,False,AFR003;AFR004;AFR011,18520461,SETD ARI FRANCO,15010,ARI FRANCO,103017355;20687827;20687918;20687946;424496323;701631084;960155636,1,1097
PDD9896,LDA JOMINGUES,LDA,1231,SETD PIEDADE,1248194,46,13.2,3304557,6.752,23120.965,16194.356,76,8820.0,4661,7,47,505.71,36,13,23,,7,0,0,7,0,3,PDD9861;PDD9873;TER29223,0,0,-43.306395,-22.892053,-43.29329,-22.872809,32676,4668,14998,PIEDADE,7,0,7,7,3,False,PDD9861;PDD9873;TER29223,1123;1231,SETD PIEDADE;SETD TERRA NOVA,14998;15044,PIEDADE;TERRA NOVA AEREO,1590833;1593227;1593234;1593269;1593318;1593353;1593395,1,1097
VVQ9973,LDA CALDAS,LDA,1177,SETD VILA VALQUEIRE,1248289,46,13.2,3304557,6.929,18319.115,11247.732,65,7662.5,4507,2,91,768.361,33,11,22,745133578;971208400,7,2,0,7,2,3,CCD00001;VVQ33140;VVQ9903,0,0,-43.371063,-22.891328,-43.353997,-22.881355,31563,4509,15032,VILA VALQUEIRE,7,2,5,7,3,False,CCD00001;VVQ33140;VVQ9903,1177;1186,SETD CASCADURA;SETD VILA VALQUEIRE,15032;15034,CASCADURA AEREO;VILA VALQUEIRE,1014843970;1584869;1584981;1587375;1621836;745133578;971208400,1,1097
CLG0003,LDA ITAIM,LDA,1249,SETD COLEGIO,1248339,46,13.2,3304557,8.603,23115.79,10707.172,69,7222.5,4499,6,44,443.55,37,6,31,933034683;964084648,7,2,0,7,2,3,CCD292;CLG0006;GDL00002,0,0,-43.351542,-22.84474,-43.335781,-22.826379,31535,4505,15021,COLEGIO AEREO,7,2,5,8,3,False,CCD292;CLG0006;GDL00002,1186;1249;1258,SETD CASCADURA;SETD COLEGIO;SETD GUADALUPE,15021;15036,COLEGIO AEREO;GUADALUPE AEREO,107693537;1605967;1605995;1606114;933034683;964084648;96705309,1,1097
ZIN006,LDA JOAVIN,LDA,18520911,SETD ZONA INDUSTRIAL,18915440,46,13.2,3304557,16.602,17190.695,4378.906,74,6907.5,4089,2,14,154.29,36,9,27,755993113;998320757,7,2,0,7,2,3,ZIN001;ZIN004;ZIN005,0,0,-43.743807,-22.904702,-43.69527,-22.888684,28637,4091,15696,ZONA INDUSTRIAL,7,2,5,7,3,False,ZIN001;ZIN004;ZIN005,18520911,SETD ZONA INDUSTRIAL,15694;15696,ITAGUAI;ZONA INDUSTRIAL,164499243;20721273;26597122;26598133;26600334;755993113;998320757,1,1097
IMT012,LDA JEQUITIBA,LDA,18520929,SETD INMETRO,18915450,46,13.2,3301702,65.059,23459.872,11807.603,232,11970.0,3599,9,73,775.25,70,12,58,495643745;960924322;961658541,7,3,0,7,3,3,ELD001;IMT004;IMT010,0,0,-43.370113,-22.643182,-43.283762,-22.570422,25256,3608,14997,INMETRO,7,3,4,7,3,False,ELD001;IMT004;IMT010,18520929;18521352,SETD ELDORADO;SETD INMETRO,14997;15005,ELDORADO;INMETRO,20662680;20722211;20723842;495643735;495643745;960924322;961658541,1,1097
ROS012,LDA JUPITER,LDA,18519985,SETD ROSALI,18915360,46,13.2,3305109,6.821,20662.668,6533.923,33,4132.5,3400,5,49,318.56,28,10,18,766801137;782220810,8,3,1,7,2,4,CRO0035;ROS008;ROS013;ROS016,0,1,-43.380102,-22.792051,-43.370084,-22.781491,23835,3405,14996,ROSALI,7,2,5,7,3,False,CRO0035;ROS008;ROS013,18519985;18521055,SETD COELHO DA ROCHA;SETD ROSALI,14996;15035,COELHO DA ROCHA;ROSALI,109037783;20660216;20722820;20722862;20722883;766801137;782220810,1,1097
PVN9897,LDA RAMIZ,LDA,1303,SETD PAVUNA,1248399,46,13.2,3304557,6.69,17187.928,8221.821,45,5835.0,3360,2,23,173.01,25,6,19,,7,0,0,7,0,3,PVN3632;PVN9848;PVN9857,0,0,-43.407444,-22.82454,-43.387907,-22.816155,23534,3362,14994,PAVUNA,7,0,7,7,3,False,PVN3632;PVN9848;PVN9857,1303,SETD PAVUNA,14994,PAVUNA,102553735;102566573;116264416;1624818;1624972;1625084;59832665,1,1097
GVD3629,LDA MARCHE/GALETA,LDA,1213,SETD GOVERNADOR,1248404,46,13.2,3304557,6.664,22418.986,9072.41,36,4792.5,2845,4,13,100.45,22,4,18,933451256;993859269,7,2,0,7,2,3,GNB33413;GNB33417;GVD9875,0,0,-43.218121,-22.816935,-43.182366,-22.804016,19943,2849,15037,GUANABARA AEREO,7,2,5,7,3,False,GNB33413;GNB33417;GVD9875,1150;1213,SETD GOVERNADOR;SETD GUANABARA,15037;15040,GOVERNADOR AEREO;GUANABARA AEREO,1591246;1602894;1602908;1602915;461772489;933451256;993859269,2,29
GNB34726,LDA ALTEIA,LDA,1150,SETD GUANABARA,1248134,46,13.2,3304557,6.771,15566.626,10268.651,43,4785.0,2823,1,76,465.29,28,10,18,941137501,7,1,0,7,1,3,FND3262;GNB33401;GNB33406,0,0,-43.212204,-22.805036,-43.188847,-22.792264,19768,2824,15037,GUANABARA AEREO,7,1,6,7,3,False,FND3262;GNB33401;GNB33406,1150;1222,SETD FUNDAO;SETD GUANABARA,15037;15040,GOVERNADOR AEREO;GUANABARA AEREO,1603832;1606989;1613751;1613786;1613793;1617902;941137501,2,29
CRO015,LDA MANGABEIRA,LDA,18521055,SETD COELHO DA ROCHA,18915455,46,13.2,3305109,4.372,8221.376,3339.403,21,2475.0,2421,0,33,226.53,15,5,10,,7,0,0,7,0,3,CRO0016;CRO009;CRO011,0,0,-43.390665,-22.777053,-43.371867,-22.771146,16947,2421,15035,COELHO DA ROCHA,7,0,7,7,3,False,CRO0016;CRO009;CRO011,18521055,SETD COELHO DA ROCHA,14996;15035,COELHO DA ROCHA;ROSALI,20728728;20728756;20808699;20813084;359596906;360378272;395842589,1,1097
BAR29680,LDA LITORANEA,LDA,10385907,SETD BARRA,10401615,46,13.2,3304557,11.985,18769.296,17566.6,68,6180.0,2296,14,99,1006.32,68,10,58,136077766;32673308;654491481,7,3,0,7,3,3,AVD33340;BAR3121;BAR4472,0,0,-43.360165,-23.007826,-43.319494,-22.998367,16170,2310,15689,BARRA 2,7,3,4,7,3,False,AVD33340;BAR3121;BAR4472,10385907;10385943,SETD ALVORADA;SETD BARRA,15004;15013;15690,ALVORADA;BARRA AEREO;BARRA SUBTERRANEO,136077766;136078788;32673308;37950517;40617132;654491481;654491552,1,1097
URG29968,LDA CAREFIN,LDA,10385979,SETD URUGUAI,10401375,46,13.2,3304557,19.173,10661.503,6415.228,75,5782.5,1729,11,39,387.78,72,12,60,803639391;987461151,7,2,0,7,2,3,BAR29691;SCO29909;URG29975,0,0,-43.299126,-22.976244,-43.244345,-22.936179,12180,1740,15025,URUGUAI AEREO,7,2,5,7,3,False,BAR29691;SCO29909;URG29975,10385907;10385979;10386060,SETD BARRA;SETD SAO CONRADO;SETD URUGUAI,15013;15025;15053,BARRA AEREO;SAO CONRADO AEREO;URUGUAI AEREO,11037217;11076554;11117252;347244790;803639391;814992614;987461151,1,1097
PER670,LDA MARQUES,LDA,1240,SETD PEDRO ERNESTO,1248274,46,13.2,3304557,3.928,7367.18,5647.169,36,4537.5,1631,7,38,524.66,22,5,17,,7,0,0,7,0,3,PER29452;PER29506;PER616,0,0,-43.263222,-22.848058,-43.257026,-22.837247,11466,1638,15061,PEDRO ERNESTO AEREO,7,0,7,7,3,False,PER29452;PER29506;PER616,1240,SETD PEDRO ERNESTO,15061,PEDRO ERNESTO AEREO,1600017;1600087;1600094;1600115;1620093;1620100;1620149,1,1097
CMT29092,LDA CEARA,LDA,10386051,SETD CAMPO MARTE,10401380,46,13.2,3304557,3.788,32239.855,27767.092,30,3347.5,952,11,8,201.0,29,4,25,,7,0,0,7,0,3,CMT0002;CMT29117;CMT29141,0,0,-43.221098,-22.909876,-43.214823,-22.898828,6741,963,15047,CAMPO MARTE AEREO,7,0,7,7,3,False,CMT0002;CMT29117;CMT29141,10386051,SETD CAMPO MARTE,15047,CAMPO MARTE AEREO,11038638;11038680;11061442;11061498;11061540;11081300;11102417,1,1097
ITG0004,LDA NACOES,LDA,310129856,SETD ITAGUAI,310131071,46,13.2,3302007,4.862,5332.35,4600.708,15,1235.0,689,10,9,909.59,18,5,13,,7,0,0,7,0,3,BRI00005;ITG0003;ITG0005,0,0,-43.761574,-22.882525,-43.746383,-22.864141,4893,699,15694,ITAGUAI,7,0,7,7,3,False,BRI00005;ITG0003;ITG0005,18521208;310129856,SETD BRISAMAR;SETD ITAGUAI,15006;15694,BRISA MAR;ITAGUAI,136115624;137425263;213652280;266898244;281261315;337453063;760493296,1,1097
JAB00021,LDA PALMACIA,LDA,18520749,SETD JABOATAO,18915195,46,13.2,3304557,18.821,29947.535,24115.364,135,13380.0,8669,8,403,2095.25,57,12,45,705895033;720043704,7,2,0,7,2,2,CAM017;JAB008,0,1,-43.560375,-22.89712,-43.537636,-22.873713,60739,8677,15029,JABOATAO AEREO,7,2,5,7,2,False,CAM017;JAB008,18520488;18520749,SETD CAMARA;SETD JABOATAO,14991;15029,CAMARA;JABOATAO AEREO,132328408;138601864;20733201;450693963;451308005;705895033;720043704,1,1097
BAR3176,LDA VIROLA,LDA,10385907,SETD BARRA,10401615,46,13.2,3304557,14.478,12022.494,10857.768,86,9482.5,6123,0,52,497.68,45,10,35,675828447,7,1,0,7,1,2,BAR000;BRR38521,0,1,-43.331396,-22.998569,-43.317081,-22.970128,42861,6123,15013,BARRA AEREO,7,1,6,7,2,False,BAR000;BRR38521,10385907;345834478,SETD BARRA;SETD BARRA 2,15013;16902,BARRA AEREO;PORTA DAGUA AEREO,11077415;11077618;11079851;266958016;672351626;675828447;730529706,1,1097
PDD29568,LDA MUCURY,LDA,1231,SETD PIEDADE,1248189,46,13.2,3304557,7.055,29542.115,18530.79,72,9085.0,6057,5,54,443.89,41,11,30,974209945,7,1,0,7,1,2,PDD29513;PDD9870,0,0,-43.311159,-22.892507,-43.303699,-22.878057,42434,6062,14998,PIEDADE,7,1,6,7,2,False,PDD29513;PDD9870,1231,SETD PIEDADE,14998,PIEDADE,1603594;1603643;1603678;1603699;1609145;1628353;974209945,1,1097
CXS010,LDA MACOSTA,LDA,18520785,SETD CAXIAS,18915310,46,13.2,3301702,17.027,20218.766,12293.07,140,10500.0,6008,3,93,750.12,37,9,28,703554819;996186619,7,2,0,7,2,2,CXS0025;WLS00014,0,0,-43.311201,-22.77222,-43.292985,-22.731703,42077,6011,15700,CAXIAS AEREO,7,2,5,7,2,False,CXS0025;WLS00014,18519994;18520785,SETD CAXIAS;SETD WASHINGTON LUIS,15073;15700,CAXIAS AEREO;WASHINGTON LUIS AEREO,20718921;20727762;20727769;20744432;703554819;703554828;996186619,1,1097
BMT29868,LDA BASTOS,LDA,1195,SETD BOCA DO MATO,1248169,46,13.2,3304557,6.133,20899.46,12894.175,63,7845.0,4665,5,47,346.22,40,9,31,984589317;986434914,7,2,0,7,2,2,BMT29845;BMT29877,0,1,-43.285549,-22.912533,-43.265562,-22.906536,32690,4670,15055,BOCA DO MATO AEREO,7,2,5,7,2,False,BMT29845;BMT29877,1195,SETD BOCA DO MATO,15055,BOCA DO MATO AEREO,1618406;1618462;163008957;1631118;1631209;984589317;986434914,1,1097
MTC008,LDA BENAR,LDA,1276,SETD MATURACA,1248359,46,13.2,3304557,7.492,28122.818,7510.533,80,8265.0,4617,3,9,45.55,34,4,30,,10,0,3,7,0,3,MTC001;MTC004;MTC009,0,1,-43.302501,-22.854742,-43.295706,-22.839669,32340,4620,15031,MATURACA AEREO,7,0,7,7,2,False,MTC001;MTC004,1276,SETD MATURACA,15031,MATURACA AEREO,132789081;15591516;1604644;1604665;1604679;1611119;1611154,1,1097
PDD9870,LDA QUINTAO,LDA,1231,SETD PIEDADE,1248199,46,13.2,3304557,8.85,24148.874,5406.718,70,7837.5,4522,0,14,86.13,33,9,24,745090656,10,2,3,7,1,5,CCD224;PDD29568;PDD33543;PDD9861;PDD9873,0,0,-43.309403,-22.892074,-43.297649,-22.871069,31654,4522,14998,PIEDADE,7,1,6,7,2,False,PDD29568;PDD9861,1231,SETD PIEDADE,14998,PIEDADE,1603643;1603699;1609145;1610566;1610601;1610685;745090656,1,1097
BPN29575,LDA ABAIRA,LDA,1159,SETD BRAS DE PINA,1248204,46,13.2,3304557,5.968,18277.169,3072.803,52,5865.0,3463,0,14,93.21,25,4,21,,8,1,1,7,0,3,BPN29431;BPN29590;BPN29858,0,0,-43.297256,-22.827858,-43.27855,-22.817975,24241,3463,15017,BRAS DE PINA,7,0,7,7,2,False,BPN29590;BPN29858,1159,SETD BRAS DE PINA,15017,BRAS DE PINA,1612918;1612939;1612974;1627198;1627205;1627338;1629158,1,1097
CAM013,LDA BALSA,LDA,18520488,SETD CAMARA,18915510,46,13.2,3304557,6.91,14578.0,7066.623,40,4451.5,3100,3,36,200.78,29,10,19,25723438,7,1,0,7,1,2,CAM005;CAM020,0,1,-43.485183,-22.887798,-43.470276,-22.875944,21721,3103,14991,CAMARA,7,1,6,7,2,False,CAM005;CAM020,18520488,SETD CAMARA,14991,CAMARA,20673323;20673337;20673344;20673407;20673421;20673442;25723438,1,1097
TRV669,LDA MACHADO,LDA,10385898,SETD TROVAO,10401235,46,13.2,3304557,5.021,12895.935,6210.25,46,6382.5,1998,7,3,97.0,40,7,33,669838302,8,2,1,7,1,3,TRV626;TRV634;TRV988,0,0,-43.232901,-22.88951,-43.224613,-22.876481,14035,2005,15020,TROVAO AEREO,7,1,6,7,2,False,TRV634;TRV988,10385898,SETD TROVAO,15020,TROVAO AEREO,11095239;11151864;11151913;11151920;522206340;669838293;669838302,1,1097
REC00005,LDA RECORD,LDA,132097219,SETD RECREIO,132023773,46,13.2,3304557,11.564,14340.473,10125.921,20,2257.5,835,2,35,176.33,25,6,19,921591233,9,1,2,7,1,3,REC0001;REC3710;REC9,0,0,-43.494978,-23.020318,-43.467523,-22.982908,5859,837,14999,RECREIO,7,1,6,7,2,False,REC0001;REC9,132097219,SETD RECREIO,14999,RECREIO,1015686134;11055713;11055762;11055797;11092656;428060274;921591233,1,1097
TQR60111,LDA TINDIBA,LDA,10385871,SETD TAQUARA,10401225,46,13.2,3304557,7.358,19765.27,16586.595,63,10815.0,4869,3,40,323.01,43,9,34,998685703,6,1,0,6,1,7,TQR00001;TQR00003;TQR00007;TQR33826;TQR33839;TQR33842;TQR60096,0,0,-43.395477,-22.923842,-43.371913,-22.911895,29232,4872,15023,TAQUARA AEREO,6,1,5,8,7,False,TQR00001;TQR00003;TQR00007;TQR33826;TQR33839;TQR33842;TQR60096,10385871,SETD TAQUARA,15023,TAQUARA AEREO,11007802;11056406;11093762;11155259;647311978;998685703,1,1097
TER12912,LDA AQUIRI,LDA,1123,SETD TERRA NOVA,1248094,46,13.2,3304557,5.661,24197.648,3214.636,84,7957.5,4304,4,1,21.8,51,9,42,,6,0,0,6,0,7,BPN20131;PER0001;TER29152;TER822;TER850;TER913;TER928,0,6,-43.275505,-22.870892,-43.267354,-22.858383,25848,4308,15044,TERRA NOVA AEREO,6,0,6,8,7,False,BPN20131;PER0001;TER29152;TER822;TER850;TER913;TER928,1123;1159;1240,SETD BRAS DE PINA;SETD PEDRO ERNESTO;SETD TERRA NOVA,15024;15044;15061,PEDRO ERNESTO AEREO;TERRA NOVA AEREO;TRIAGEM AEREO,1609054;1615921;1615942;1615963;1615998;697358498,1,1097
PER33741,LDA CALADO,LDA,1240,SETD PEDRO ERNESTO,1248274,46,13.2,3304557,5.775,16788.354,751.669,42,5430.0,3547,0,1,3.0,20,5,15,,6,0,0,6,0,6,BPN00001;BPN20131;PER654;PER667;PER794;PER852,0,0,-43.289112,-22.852311,-43.261041,-22.845884,21282,3547,15061,PEDRO ERNESTO AEREO,6,0,6,7,6,False,BPN00001;BPN20131;PER654;PER667;PER794;PER852,1159;1240,SETD BRAS DE PINA;SETD PEDRO ERNESTO,15017;15024;15061,BRAS DE PINA;PEDRO ERNESTO AEREO;TRIAGEM AEREO,133084054;135175278;1621654;1630530;714706243;802535804,1,1097
GDN0019,LDS 61299,LDS,457474244,SETD GARDENIA,457474600,46,13.2,3304557,11.759,5408.179,2837.057,7,1950.0,700,0,1,8.0,14,4,10,,6,0,0,6,0,6,CUR24794;CUR33442;ITP0004;ITP0007;ITP33143;ITP33370,0,0,-43.430852,-22.985315,-43.379656,-22.969555,4200,700,15066,ITAPEBA AEREO URBANO,6,0,6,7,6,False,CUR24794;CUR33442;ITP0004;ITP0007;ITP33143;ITP33370,10385988;10386042,SETD CURICICA;SETD ITAPEBA,15066;16901,CURICICA AEREO;ITAPEBA AEREO URBANO,11008782;425420976;521429217;543423140;571396596;805086923,1,1097
NIG025,LSA AMBACU,LSA,18519976,SETD NOVA IGUACU,18915395,67,25.0,3303500,15.864,8697.948,8389.792,0,0.0,0,2,0,0.0,24,4,20,23909071,8,1,2,6,1,8,CSO00017;NIG0004;NIG015;NIG018;NIG026;NIG028;NIG030;RFR005,0,0,-43.50562,-22.75953,-43.445193,-22.72831,12,2,15692,NOVA IGUACU,6,1,5,6,6,False,CSO00017;NIG015;NIG018;NIG028;NIG030;RFR005,18519976;18520767;18520821,SETD COMENDADOR SOARES;SETD NOVA IGUACU;SETD ROCHA FREIRE,15048;15692;15693,COMENDADOR SOARES;NOVA IGUACU;ROCHA FREIRE AEREO AT/MT,20673008;20674961;20679266;20692272;20712082;23909071,1,1097
TER928,LDA RELICARIO,LDA,1123,SETD TERRA NOVA,1248314,46,13.2,3304557,7.568,32327.537,15787.643,70,8070.0,5490,2,1,3.0,22,4,18,937229962,6,1,0,6,1,5,TER12912;TER846;TER870;TER913;TER950,0,0,-43.286764,-22.873454,-43.272009,-22.857117,32952,5492,15044,TERRA NOVA AEREO,6,1,5,6,5,False,TER12912;TER846;TER870;TER913;TER950,1123,SETD TERRA NOVA,15044,TERRA NOVA AEREO,1600486;1615998;1621101;1622935;469789390;937229962,1,1097
CHR009,LDA BELAVI,LDA,18520758,SETD CACHAMORRA,18915215,46,13.2,3304557,51.081,23448.733,11440.149,214,16652.5,5304,3,172,1688.5,95,12,83,611006143;709330228,6,2,0,6,2,5,CHR0006;CHR008;CHR021;CHR024;MTO0003,0,1,-43.569337,-22.974673,-43.491686,-22.900324,31842,5307,15011,CACHAMORRA,6,2,4,6,5,False,CHR0006;CHR008;CHR021;CHR024;MTO0003,18520758;29148432,SETD CACHAMORRA;SETD MATO ALTO,15011;16898,CACHAMORRA;MATO ALTO,20735868;23740335;26626289;544569443;611006143;709330228,1,1097
AGR013,LDA PONTAPORA,LDA,1285,SETD AGUA GRANDE,17378073,46,13.2,3304557,6.699,19516.304,16064.399,68,7297.5,4540,4,53,378.49,35,8,27,,7,1,1,6,0,6,AGR001;AGR003;CCD205;CLG0004;CLG0012;MTC007,0,1,-43.326631,-22.838945,-43.313491,-22.828479,27264,4544,15045,AGUA GRANDE AEREO,6,0,6,7,5,False,AGR003;CCD205;CLG0004;CLG0012;MTC007,1186;1249;1276;1285,SETD AGUA GRANDE;SETD CASCADURA;SETD COLEGIO;SETD MATURACA,15021;15031;15045,AGUA GRANDE AEREO;COLEGIO AEREO;MATURACA AEREO,1608158;1608193;1608200;1608228;1608249;1608284,1,1097
PDG29748,LDA WERNECK,LDA,10385916,SETD PORTA DAGUA,10401270,46,13.2,3304557,7.303,37547.767,15446.374,67,10062.5,4296,6,31,389.54,36,10,26,,8,2,2,6,0,6,PDG0005;PDG219;PDG29015;PDG29724;PDG29776;PDG33499,0,0,-43.355506,-22.94893,-43.331547,-22.938077,25812,4302,16902,PORTA DAGUA AEREO,6,0,6,6,5,False,PDG0005;PDG219;PDG29015;PDG29776;PDG33499,10385916,SETD PORTA DAGUA,16902,PORTA DAGUA AEREO,11009433;11080047;17094607;17227621;17236597;628289570,1,1097
ESP008,LDA ESPECIALISTA,LDA,18519958,SETD ESPERANCA,18915340,46,13.2,3304557,9.072,9590.106,6339.898,52,6450.0,4151,1,49,465.002,27,8,19,,6,0,0,6,0,5,ESP001;ESP007;ESP012;ESP016;PCI0004,0,0,-43.693433,-22.940519,-43.678836,-22.912728,24912,4152,16899,ESPERANCA AEREO AT/MT,6,0,6,7,5,False,ESP001;ESP007;ESP012;ESP016;PCI0004,18519958;450101398,SETD ESPERANCA;SETD PACIENCIA,16899;16900,ESPERANCA AEREO AT/MT;PACIENCIA,20704165;20704228;20704333;20704445;20704466;92785268,1,1097
CBI33803,LDA ITAMARACA,LDA,1141,SETD CACHAMBI,1248119,46,13.2,3304557,8.469,20731.488,8647.706,67,7575.0,3716,6,19,282.8,37,6,31,,6,0,0,6,0,5,CBI24854;CBI24896;CBI33806;CBI34677;TER870,0,0,-43.288936,-22.889404,-43.270301,-22.874504,22332,3722,15027,CACHAMBI AEREO,6,0,6,6,5,False,CBI24854;CBI24896;CBI33806;CBI34677;TER870,1123;1141,SETD CACHAMBI;SETD TERRA NOVA,15027;15044,CACHAMBI AEREO;TERRA NOVA AEREO,1596587;1596916;1601711;1622998;1623019;359897363,1,1097
SRP002,LDA MARAMBA,LDA,18520803,SETD SARAPUI,18915245,46,13.2,3301702,12.483,29898.832,4936.156,69,7290.0,3709,1,30,311.84,26,10,16,,6,0,0,6,0,5,MRT2929;SJO0011;SRP00016;SRP006;SRP010,0,0,-43.324062,-22.735701,-43.301693,-22.717203,22260,3710,15000,SARAPUI,6,0,6,7,5,False,MRT2929;SJO0011;SRP00016;SRP006;SRP010,1312;18520803;310718139,SETD MERITI;SETD SAO JOAO;SETD SARAPUI,14993;15000;15699,MERITI;SAO JOAO;SARAPUI,20729218;20729246;20729379;20729386;20729414;31144505,1,1097
BPN29431,LDA MARAGO,LDA,1159,SETD BRAS DE PINA,1248214,46,13.2,3304557,5.145,16822.469,6883.78,39,4650.0,3035,6,22,292.9,49,10,39,,8,1,2,6,0,6,BPN00001;BPN29522;BPN29575;BPN29858;BPN29920;BPN33195,0,5,-43.287251,-22.83326,-43.278464,-22.820366,18246,3041,15017,BRAS DE PINA,6,0,6,6,5,False,BPN00001;BPN29522;BPN29858;BPN29920;BPN33195,1159,SETD BRAS DE PINA,15017;15045,AGUA GRANDE AEREO;BRAS DE PINA,1581096;1581145;1626428;1626470;1627219;1629221,1,1097
PCI0008,LDA CONTORNO,LDA,450101398,SETD PACIENCIA,450101974,46,13.2,3304557,9.808,22099.473,4271.411,56,5205.0,2327,6,2,56.0,29,4,25,756074698,6,1,0,6,1,5,ESP017;PCI0003;PCI0006;PCI0009;PCI0012,0,0,-43.66117,-22.935677,-43.633937,-22.917039,13998,2333,16900,PACIENCIA,6,1,5,7,5,False,ESP017;PCI0003;PCI0006;PCI0009;PCI0012,18519958;450101398,SETD ESPERANCA;SETD PACIENCIA,16900,PACIENCIA,20667737;20688940;20689003;20689038;20731409;756074698,1,1097
CLG0012,LDA TANABI,LDA,1249,SETD COLEGIO,1248304,46,13.2,3304557,4.076,9288.79,5344.884,37,3570.0,2290,1,24,171.3,20,6,14,,6,0,0,6,0,5,AGR013;CCD205;CLG0011;CLG0013;CLG0016,0,0,-43.336094,-22.844579,-43.321664,-22.836572,13746,2291,15021,COLEGIO AEREO,6,0,6,8,5,False,AGR013;CCD205;CLG0011;CLG0013;CLG0016,1186;1249;1285,SETD AGUA GRANDE;SETD CASCADURA;SETD COLEGIO,15021;15031;15045,AGUA GRANDE AEREO;COLEGIO AEREO;MATURACA AEREO,138949629;1584085;1584099;1584148;1600773;1608200,1,1097
PVN9891,LDA AUTOMOVEL,LDA,1303,SETD PAVUNA,1248379,46,13.2,3304557,7.073,23471.776,2771.694,52,5917.5,2243,2,1,7.5,29,9,20,,6,0,0,6,0,5,CCD292;GDL29594;PVN9815;PVN9828;PVN9935,0,0,-43.388446,-22.830334,-43.373964,-22.815019,13470,2245,14994,PAVUNA,6,0,6,6,5,False,CCD292;GDL29594;PVN9815;PVN9828;PVN9935,1186;1258;1303,SETD CASCADURA;SETD GUADALUPE;SETD PAVUNA,14994;15036,GUADALUPE AEREO;PAVUNA,1614304;1615249;1616474;22935464;47105528;550572416,1,1097
URG29706,LDA BAURU,LDA,10385979,SETD URUGUAI,10401375,46,13.2,3304557,3.543,11760.647,8901.444,35,5057.5,1907,0,12,72.0,22,8,14,1009901594,7,2,1,6,1,6,ALC0001;ALC740;ALC9925;URG1346;URG29970;URG29983,0,0,-43.245919,-22.93647,-43.236965,-22.925316,11442,1907,15025,URUGUAI AEREO,6,1,5,6,5,False,ALC0001;ALC740;ALC9925;URG29970;URG29983,10385889;10385979,SETD ALDEIA CAMPISTA;SETD URUGUAI,15025;15033,ALDEIA CAMPISTA;URUGUAI AEREO,1009901594;11024107;11024191;11035887;11093895;690505338,1,1097
CHR0014,LDA IBITUBA,LDA,18520758,SETD CACHAMORRA,18915215,46,13.2,3304557,4.274,14086.507,10402.261,33,5292.5,1448,9,25,135.79,26,7,19,933665958,6,1,0,6,1,5,CHR005;CHR012;JAB00005;JAB006;JAB010,0,1,-43.568171,-22.924543,-43.560995,-22.906809,8742,1457,15011,CACHAMORRA,6,1,5,6,5,False,CHR005;CHR012;JAB00005;JAB006;JAB010,18520749;18520758,SETD CACHAMORRA;SETD JABOATAO,15011;15029,CACHAMORRA;JABOATAO AEREO,20669473;20723457;20723464;20737611;20737618;933665958,1,1097
VGE00002,LDA MENDONCA,LDA,1267,SETD VIGARIO GERAL,1248324,46,13.2,3304557,7.962,20366.311,16467.39,22,2040.0,1118,5,10,59.5,26,7,19,955170331,6,1,0,6,1,5,MRT9954;ROS001;ROS016;VGE3237;VGE35061,0,0,-43.359118,-22.813077,-43.321597,-22.801171,6738,1123,14996,ROSALI,6,1,5,6,5,False,MRT9954;ROS001;ROS016;VGE3237;VGE35061,1267;1312;18519985,SETD MERITI;SETD ROSALI;SETD VIGARIO GERAL,14993;14996;15062,MERITI;ROSALI;VIGARIO GERAL AEREO,114967587;1595075;25360772;267547345;955170331;955170340,1,1097
GDN0011,LDA CYRELA,LDA,457474244,SETD GARDENIA,457474381,46,13.2,3304557,6.094,16098.188,13017.75,26,2127.5,1007,9,3,93.1,38,6,32,,7,1,1,6,0,6,AVD33625;CUR00002;GDN0001;GDN0004;GDN0012;GDN0013,0,0,-43.381898,-22.983694,-43.363953,-22.971971,6096,1016,16903,GARDENIA,6,0,6,6,5,False,AVD33625;CUR00002;GDN0004;GDN0012;GDN0013,10385943;10386042;457474244,SETD ALVORADA;SETD CURICICA;SETD GARDENIA,15004;16901;16903,ALVORADA;CURICICA AEREO;GARDENIA,11137897;11138583;465327992;473203165;582155141;999218425,1,1097
BPN29920,LDA OURIQUE,LDA,1159,SETD BRAS DE PINA,1248204,46,13.2,3304557,9.316,19620.322,14280.814,52,4552.5,950,17,8,343.41,49,7,42,,6,0,0,6,0,5,AGR008;BPN29431;BPN29858;BPN29869;BPN29904,0,0,-43.300149,-22.826448,-43.273561,-22.805427,5802,967,15045,AGUA GRANDE AEREO,6,0,6,6,5,False,AGR008;BPN29431;BPN29858;BPN29869;BPN29904,1159;1285,SETD AGUA GRANDE;SETD BRAS DE PINA,15017;15045,AGUA GRANDE AEREO;BRAS DE PINA,1605316;1605344;1627191;1627394;1629221;35670395,1,1097
DMC739,LDA CARMORAIS,LDA,1168,SETD DEMOCRATICOS,1248149,46,13.2,3304557,2.408,12596.504,4031.306,18,2887.5,951,5,8,183.24,22,7,15,,6,0,0,6,0,5,DMC3326;DMC3523;DMC753;DMC772;DMC9989,0,0,-43.262205,-22.875683,-43.256019,-22.866402,5736,956,15056,DEMOCRATICOS AEREO,6,0,6,7,5,False,DMC3326;DMC3523;DMC753;DMC772;DMC9989,1168,SETD DEMOCRATICOS,15056,DEMOCRATICOS AEREO,1597966;1623999;1624069;1624076;1624146;1624181,1,1097
VTL006,LDA VALENTINA,LDA,18520794,SETD VILAR DOS TELES,18915230,46,13.2,3300456,3.747,190.682,47.318,2,150.0,11,1,0,0.0,9,6,3,,7,0,1,6,0,6,VTL001;VTL002;VTL009;VTL010;VTL013;VTL3781,0,0,-43.36223,-22.76018,-43.348332,-22.73562,72,12,15072,VILAR DOS TELES AEREO,6,0,6,6,5,False,VTL001;VTL002;VTL009;VTL013;VTL3781,18520794,SETD VILAR DOS TELES,15072,VILAR DOS TELES AEREO,20816598;20816759;20816773;20816815;329500203;492895482,1,1097
CCD213,LSA BARONESA,LSA,1186,SETD CASCADURA,1248234,67,25.0,3304557,6.538,0.0,0.0,0,0.0,0,0,0,0.0,14,5,9,,6,0,0,6,0,5,CCD237;CCD255;CCD815;TQR60096;VVQ9884,0,0,-43.365412,-22.91837,-43.332344,-22.880999,0,0,,,6,0,6,8,5,False,CCD237;CCD255;CCD815;TQR60096;VVQ9884,10385871;1177;1186,SETD CASCADURA;SETD TAQUARA;SETD VILA VALQUEIRE,15023;15032;15034,CASCADURA AEREO;TAQUARA AEREO;VILA VALQUEIRE,11007788;11100037;11100100;1553626;1618056;29328908,1,1097
BAR29407,LDA QUILAGOA,LDA,10385907,SETD BARRA,10401285,46,13.2,3304557,7.461,22646.604,9710.492,73,9667.5,9134,0,20,209.32,35,9,26,510934555;993124980,6,2,0,6,2,4,BAR29386;BAR29691;BAR33398;BRR38521,0,0,-43.325835,-22.998502,-43.301747,-22.985534,54804,9134,15013,BARRA AEREO,6,2,4,6,4,False,BAR29386;BAR29691;BAR33398;BRR38521,10385907;345834478,SETD BARRA;SETD BARRA 2,15013;16902,BARRA AEREO;PORTA DAGUA AEREO,11061596;11135762;510934545;510934555;674643246;993124980,1,1097
CXS003,LDA TERESOPOLIS,LDA,18520785,SETD CAXIAS,18915305,46,13.2,3301702,10.861,28596.912,9706.954,70,7627.5,7207,1,46,341.253,32,9,23,,6,0,0,6,0,4,CXS017;CXS019;CXS023;SJO0008,0,0,-43.31653,-22.771344,-43.304851,-22.751394,43248,7208,15700,CAXIAS AEREO,6,0,6,6,4,False,CXS017;CXS019;CXS023;SJO0008,18520785;310718139,SETD CAXIAS;SETD SAO JOAO,15699;15700,CAXIAS AEREO;SAO JOAO,20718858;20787833;20807600;285598343;536496677;758513784,1,1097
STC00012,LDA VIRGILIO,LDA,34192093,SETD SANTA CLARA,34192098,46,13.2,3304144,21.169,27801.096,9594.485,98,9142.5,6896,4,34,358.96,39,8,31,999377030,6,1,0,6,1,4,STC00009;STC00011;STC00013;STC0014,0,0,-43.583935,-22.734412,-43.55096,-22.711538,41400,6900,15052,SANTA CLARA AEREO,6,1,5,6,4,False,STC00009;STC00011;STC00013;STC0014,34192093,SETD SANTA CLARA,15052,SANTA CLARA AEREO,145072908;20735553;357630106;357630477;533164684;999377030,1,1097
CAM018,LDA AXIXA,LDA,18520488,SETD CAMARA,18915070,46,13.2,3304557,14.073,28768.023,9342.501,90,10575.0,6367,0,61,461.04,40,11,29,716496929,6,1,0,6,1,4,CAM008;PMG0018;PMG004;PMG010,0,0,-43.483249,-22.895375,-43.441888,-22.884984,38202,6367,14991,CAMARA,6,1,5,6,4,False,CAM008;PMG0018;PMG004;PMG010,18520479;18520488,SETD CAMARA;SETD PADRE MIGUEL,14991;15019,CAMARA;PADRE MIGUEL,20671762;20671804;20680785;20680813;20813336;716496929,1,1097
PMG006,LDA PIRITU,LDA,18520479,SETD PADRE MIGUEL,18915130,46,13.2,3304557,10.022,27275.35,7799.66,71,7680.0,6273,2,32,240.84,64,12,52,,11,1,5,6,0,11,PMG0012;PMG0015;PMG0018;PMG003;PMG007;PMG008;PMG010;PMG011;PMG013;PMG014;PMG020,0,6,-43.429114,-22.901574,-43.404254,-22.884546,37650,6275,15019,PADRE MIGUEL,6,0,6,7,4,False,PMG003;PMG008;PMG013;PMG014,18520479,SETD PADRE MIGUEL,15019,PADRE MIGUEL,20705481;20705523;20705544;20768059;454056509;642227889,1,1097
ITP0004,LDA NAPOLIS,LDA,10385988,SETD ITAPEBA,22328959,46,13.2,3304557,16.64,28757.005,16912.842,79,9495.0,5914,13,41,387.34,88,12,76,29463588,6,1,0,6,1,4,GDN0019;ITP33172;ITP33370;REC6,0,1,-43.446284,-22.999422,-43.410093,-22.977309,35562,5927,15066,ITAPEBA AEREO URBANO,6,1,5,6,4,False,GDN0019;ITP33172;ITP33370;REC6,10385988;132097219;457474244,SETD GARDENIA;SETD ITAPEBA;SETD RECREIO,14999;15066,ITAPEBA AEREO URBANO;RECREIO,11008635;11008754;289374652;29463588;425420976;6983180,1,1097
CHR010,LDA COMARI,LDA,18520758,SETD CACHAMORRA,18915215,46,13.2,3304557,10.819,20041.125,9585.897,64,7305.0,5320,2,70,602.86,31,9,22,,6,0,0,6,0,4,CHR0003;CHR017;CHR018;CHR024,0,1,-43.56827,-22.924622,-43.5323,-22.903541,31932,5322,15011,CACHAMORRA,6,0,6,6,4,False,CHR0003;CHR017;CHR018;CHR024,18520758,SETD CACHAMORRA,15011,CACHAMORRA,20691509;20691530;20699188;20739725;20769088;430490677,1,1097
PER711,LDA DIOMEDES,LDA,1240,SETD PEDRO ERNESTO,1248279,46,13.2,3304557,7.569,23138.04,9134.944,69,7792.5,5090,3,27,261.64,33,10,23,,6,0,0,6,0,4,PER0001;PER29500;PER667;PER852,0,0,-43.27813,-22.857699,-43.261044,-22.846686,30558,5093,15061,PEDRO ERNESTO AEREO,6,0,6,6,4,False,PER0001;PER29500;PER667;PER852,1240,SETD PEDRO ERNESTO,15015;15061,PEDRO ERNESTO AEREO;RAMOS AEREO,1628038;1628052;1628115;1628122;1630705;225173121,1,1097
TRG783,LDA MAYRINK,LDA,1204,SETD TRIAGEM,1248244,46,13.2,3304557,9.175,25991.479,12850.508,110,10822.5,4940,9,15,317.63,45,10,35,,7,0,1,6,0,5,CBI24876;TRG636;TRG678;TRG729;TRG904,0,0,-43.266021,-22.899212,-43.246924,-22.890532,29694,4949,15024,TRIAGEM AEREO,6,0,6,6,4,False,CBI24876;TRG636;TRG729;TRG904,1141;1204,SETD CACHAMBI;SETD TRIAGEM,15024;15027,CACHAMBI AEREO;TRIAGEM AEREO,1600829;1600836;1600885;1607927;1617503;654319726,1,1097
CLG0015,LDA GUIRAREIA,LDA,1249,SETD COLEGIO,1248349,46,13.2,3304557,7.622,24087.128,7993.64,64,7042.5,4917,1,33,313.48,29,6,23,,6,0,0,6,0,4,CLG0009;TUR002;TUR008;TUR009,0,0,-43.346577,-22.859575,-43.335594,-22.844523,29508,4918,15002,TURIACU,6,0,6,6,4,False,CLG0009;TUR002;TUR008;TUR009,1249;1294,SETD COLEGIO;SETD TURIACU,15002;15021,COLEGIO AEREO;TURIACU,1588992;1589006;1589097;1589167;1626645;1626666,1,1097
URG29718,LDA ALVIM,LDA,10385979,SETD URUGUAI,10401400,46,13.2,3304557,6.01,26034.024,23468.461,65,9732.5,4634,5,39,264.73,45,7,38,824211896;998505392,6,2,0,6,2,4,ALC740;LPD29159;URG29931;URG29952,0,0,-43.249797,-22.936624,-43.239721,-22.926025,27834,4639,15025,URUGUAI AEREO,6,2,4,6,4,False,ALC740;LPD29159;URG29931;URG29952,10385889;10385979;10386033,SETD ALDEIA CAMPISTA;SETD LEOPOLDO;SETD URUGUAI,15025;15030;15033,ALDEIA CAMPISTA;LEOPOLDO AEREO;URUGUAI AEREO,11006353;11093916;459037252;823645024;824211896;998505392,1,1097
GNB33406,LDA BARDANA,LDA,1150,SETD GUANABARA,1248134,46,13.2,3304557,6.316,13791.269,12314.673,58,6397.5,4433,0,93,736.32,31,7,24,,6,0,0,6,0,4,FND3262;GNB29069;GNB34726;GVD9871,0,0,-43.210343,-22.801694,-43.188846,-22.796436,26598,4433,15037,GUANABARA AEREO,6,0,6,6,4,False,FND3262;GNB29069;GNB34726;GVD9871,1150;1213;1222,SETD FUNDAO;SETD GOVERNADOR;SETD GUANABARA,15037;15040,GOVERNADOR AEREO;GUANABARA AEREO,1613786;1613793;1617860;1617867;1617888;1617902,2,29
CCD34456,LDA REGO,LDA,1186,SETD CASCADURA,1248259,46,13.2,3304557,12.258,9606.083,8341.833,78,8370.0,4355,14,17,191.39,60,8,52,,6,0,0,6,0,4,CCD652;CCD70145;MTC013;PDD9861,0,0,-43.332303,-22.881038,-43.297713,-22.85878,26214,4369,15034,CASCADURA AEREO,6,0,6,6,4,False,CCD652;CCD70145;MTC013;PDD9861,1186;1231;1276,SETD CASCADURA;SETD MATURACA;SETD PIEDADE,14998;15031;15034,CASCADURA AEREO;MATURACA AEREO;PIEDADE,1582979;1583077;1584708;1621115;292172468;553213210,1,1097
VTL3781,LDA LIRA,LDA,18520794,SETD VILAR DOS TELES,18915230,46,13.2,3300456,16.078,27823.517,1621.579,71,7260.0,4210,1,3,15.7,48,9,39,,7,0,1,6,0,4,ABR007;VTL002;VTL006;VTL014,0,0,-43.376693,-22.744323,-43.348778,-22.727245,25266,4211,15072,VILAR DOS TELES AEREO,6,0,6,6,4,False,ABR007;VTL002;VTL006;VTL014,18520731;18520794,SETD AREIA BRANCA;SETD VILAR DOS TELES,15054;15072,AREIA BRANCA AEREO;VILAR DOS TELES AEREO,20726033;20732746;20732809;20746987;20746994;20816759,1,1097
CCD3787,LDA ESPIRITO,LDA,1186,SETD CASCADURA,1248264,46,13.2,3304557,6.974,17301.118,8200.759,67,8167.5,3902,6,24,186.32,37,7,30,26271015,6,1,0,6,1,4,CCD237;CCD34455;CCD803;CCD815,0,0,-43.346879,-22.896675,-43.331821,-22.880817,23448,3908,15034,CASCADURA AEREO,6,1,5,6,4,False,CCD237;CCD34455;CCD803;CCD815,1186,SETD CASCADURA,15034,CASCADURA AEREO,1605652;1618875;1622438;1629949;1630075;26271015,1,1097
VVQ33140,LDA TELES,LDA,1177,SETD VILA VALQUEIRE,1248229,46,13.2,3304557,6.299,21138.338,17838.709,74,8812.5,3820,5,52,415.65,26,4,22,,6,0,0,6,0,4,CCD34455;VVQ9892;VVQ9922;VVQ9973,0,0,-43.371045,-22.887928,-43.35578,-22.878098,22950,3825,15032,VILA VALQUEIRE,6,0,6,6,4,False,CCD34455;VVQ9892;VVQ9922;VVQ9973,1177;1186,SETD CASCADURA;SETD VILA VALQUEIRE,15032;15034,CASCADURA AEREO;VILA VALQUEIRE,1014843970;117591230;1584869;1586780;1622074;1622088,1,1097
CLG0011,LDA ARAUJO,LDA,1249,SETD COLEGIO,1248304,46,13.2,3304557,5.882,17529.704,11562.306,63,7297.5,3813,1,63,495.08,20,3,17,,6,0,0,6,0,4,CLG0004;CLG0012;CLG0016;MTC007,0,1,-43.336086,-22.845558,-43.31848,-22.838017,22884,3814,15031,MATURACA AEREO,6,0,6,6,4,False,CLG0004;CLG0012;CLG0016;MTC007,1249;1276,SETD COLEGIO;SETD MATURACA,15021;15031,COLEGIO AEREO;MATURACA AEREO,138949629;1567017;1567073;1584099;1590903;455095420,1,1097
CSO008,LDA BEGONIA,LDA,18520821,SETD COMENDADOR SOARES,54431863,46,13.2,3303500,8.827,15102.688,10374.692,55,6710.0,3732,6,106,807.09,23,3,20,761188874,6,1,0,6,1,4,CSO003;CSO005;CSO010;NIG005,0,0,-43.482076,-22.760829,-43.463332,-22.751081,22428,3738,15048,COMENDADOR SOARES,6,1,5,6,4,False,CSO003;CSO005;CSO010;NIG005,18519976;18520821,SETD COMENDADOR SOARES;SETD NOVA IGUACU,15048;15692,COMENDADOR SOARES;NOVA IGUACU,20661056;20675003;20675094;20675101;20819524;761188874,1,1097
FCN929,LDA SILVESTRE,LDA,10386105,SETD FREI CANECA,10401545,46,13.2,3304557,6.204,22927.803,6521.755,59,7125.0,3674,5,10,160.75,39,9,30,29164383;996474291,6,2,0,6,2,4,FCN33945;FCN3728;FCN604;FCN646,0,0,-43.208276,-22.925446,-43.193044,-22.91452,22074,3679,15049,FREI CANECA AEREO,6,2,4,6,4,False,FCN33945;FCN3728;FCN604;FCN646,10386105,SETD FREI CANECA,15049,FREI CANECA AEREO,11153642;11153789;25172318;29164383;341572787;996474291,1,1097
BPN29590,LDA DUARTE,LDA,1159,SETD BRAS DE PINA,1248209,46,13.2,3304557,6.426,19691.461,7317.256,49,5647.5,3565,4,3,24.8,33,11,22,,6,0,0,6,0,4,BPN29575;BPN29858;BPN314;MRT273,0,0,-43.292057,-22.826528,-43.278722,-22.81573,21414,3569,15017,BRAS DE PINA,6,0,6,6,4,False,BPN29575;BPN29858;BPN314;MRT273,1159;1312,SETD BRAS DE PINA;SETD MERITI,15017,BRAS DE PINA,1612918;1624489;1629144;1629158;1629186;1629305,1,1097
RCP29399,LDA MORSILVA,LDA,10386006,SETD RIO COMPRIDO,10401350,46,13.2,3304557,7.384,24118.356,22149.656,71,10440.0,3533,10,42,452.94,49,8,41,,6,0,0,6,0,4,RCP30123;RCP3677;RCP9821;RCP9958,0,0,-43.223997,-22.925476,-43.215036,-22.910006,21258,3543,15058,RIO COMPRIDO AEREO,6,0,6,6,4,False,RCP30123;RCP3677;RCP9821;RCP9958,10386006,SETD RIO COMPRIDO,15058,RIO COMPRIDO AEREO,11006451;11056329;11103614;11103740;11103747;564527964,1,1097
ROS013,LDA MARTE,LDA,18519985,SETD ROSALI,18915390,46,13.2,3305109,4.436,12411.208,5569.733,37,4387.5,3533,1,37,323.69,15,5,10,782220810,7,1,1,6,1,5,ROS00020;ROS006;ROS010;ROS012;ROS018,0,1,-43.383972,-22.795334,-43.370024,-22.783942,21204,3534,14996,ROSALI,6,1,5,6,4,False,ROS00020;ROS010;ROS012;ROS018,18519985,SETD ROSALI,14996,ROSALI,20722820;20731108;20731115;20731164;20731185;782220810,1,1097
AGR003,LDA ANEBI,LDA,1285,SETD AGUA GRANDE,1248354,46,13.2,3304557,6.5,15378.04,10257.86,63,5670.0,3514,2,67,487.81,27,6,21,,6,0,0,6,0,4,AGR010;AGR013;MTC007;MTC012,0,1,-43.318426,-22.838722,-43.309542,-22.828478,21096,3516,15045,AGUA GRANDE AEREO,6,0,6,6,4,False,AGR010;AGR013;MTC007;MTC012,1276;1285,SETD AGUA GRANDE;SETD MATURACA,15031;15045,AGUA GRANDE AEREO;MATURACA AEREO,1608228;1608249;1608284;1631622;1631629;430473531,1,1097
SRP007,LDA GUERREIRO,LDA,18520803,SETD SARAPUI,18915275,46,13.2,3301702,9.306,24906.528,3613.777,61,6517.5,3483,0,15,138.02,27,8,19,160419608,7,1,1,6,1,5,SJO0006;SJO0011;SRP00012;SRP005;SRP010,0,2,-43.328431,-22.74639,-43.320769,-22.71725,20898,3483,15000,SARAPUI,6,1,5,6,4,False,SJO0006;SJO0011;SRP005;SRP010,18520803;310718139,SETD SAO JOAO;SETD SARAPUI,15000;15699,SAO JOAO;SARAPUI,139477775;160419608;20702730;20713944;20713972;20714000,1,1097
SJO0012,LDA TUCAO,LDA,310718139,SETD SAO JOAO,310718324,46,13.2,3301702,9.629,27067.424,4475.949,59,5490.0,3378,2,9,113.44,24,4,20,,6,0,0,6,0,4,SJO0004;SJO0010;SJO0013;VTL002,0,0,-43.361988,-22.766424,-43.329431,-22.759446,20280,3380,15699,SAO JOAO,6,0,6,6,4,False,SJO0004;SJO0010;SJO0013;VTL002,18520794;310718139,SETD SAO JOAO;SETD VILAR DOS TELES,15072;15699,SAO JOAO;VILAR DOS TELES AEREO,20677236;20682339;20682353;20682416;270019681;37388406,1,1097
ROS00019,LDA MERCURIO,LDA,18519985,SETD ROSALI,18915375,46,13.2,3305109,7.252,18308.471,6742.799,93,5542.5,2806,3,37,287.83,31,8,23,26362870,6,1,0,6,1,4,ROS002;ROS007;ROS008;ROS011,0,0,-43.370556,-22.791817,-43.355146,-22.769082,16854,2809,14996,ROSALI,6,1,5,6,4,False,ROS002;ROS007;ROS008;ROS011,18519985,SETD ROSALI,14996,ROSALI,124865437;20733929;20734020;26362870;401884065;636718686,1,1097
AFR010,LDA TAMBORIL,LDA,18520461,SETD ARI FRANCO,18915080,46,13.2,3304557,6.584,22997.648,2291.655,49,4905.0,2786,2,4,18.96,24,7,17,,6,0,0,6,0,4,AFR002;AFR007;CAM002;CAM020,0,0,-43.488308,-22.871993,-43.472424,-22.861738,16728,2788,15010,ARI FRANCO,6,0,6,6,4,False,AFR002;AFR007;CAM002;CAM020,18520461;18520488,SETD ARI FRANCO;SETD CAMARA,14991;15010,ARI FRANCO;CAMARA,20670775;20675402;20744985;20806851;470313264;530240410,1,1097
CSO009,LDA CRAVO,LDA,18520821,SETD COMENDADOR SOARES,54431863,46,13.2,3303500,5.899,20026.505,15954.203,48,8525.0,2688,3,29,347.45,27,7,20,,6,0,0,6,0,4,CSO014;NIG005;NIG014;NIG015,0,0,-43.481957,-22.760808,-43.452866,-22.756002,16146,2691,15048,COMENDADOR SOARES,6,0,6,6,4,False,CSO014;NIG005;NIG014;NIG015,18519976;18520821,SETD COMENDADOR SOARES;SETD NOVA IGUACU,15048;15692,COMENDADOR SOARES;NOVA IGUACU,20674996;20694386;20694421;20819412;23982048;577972401,1,1097
VTL009,LDA CAMILA,LDA,18520794,SETD VILAR DOS TELES,18915225,46,13.2,3300456,10.092,24156.811,1314.933,48,5445.0,2554,0,3,9.9,20,3,17,,6,0,0,6,0,4,VTL001;VTL002;VTL006;VTL013,0,0,-43.359001,-22.760543,-43.348053,-22.735826,15324,2554,15072,VILAR DOS TELES AEREO,6,0,6,6,4,False,VTL001;VTL002;VTL006;VTL013,18520794,SETD VILAR DOS TELES,15072,VILAR DOS TELES AEREO,20816626;20816689;20816717;20816731;20816745;20816815,1,1097
TRG742,LDA NOVAMERICA,LDA,1204,SETD TRIAGEM,1248244,46,13.2,3304557,5.816,18054.233,13902.963,36,4977.5,2384,5,20,357.02,29,7,22,1007329492;770274984,6,2,0,6,2,4,DMC3149;DMC925;TRG665;TRG959,0,0,-43.268295,-22.891261,-43.248907,-22.878587,14334,2389,15024,TRIAGEM AEREO,6,2,4,6,4,False,DMC3149;DMC925;TRG665;TRG959,1168;1204,SETD DEMOCRATICOS;SETD TRIAGEM,15024;15056,DEMOCRATICOS AEREO;TRIAGEM AEREO,1007329492;1599989;1604553;1616887;1616901;770274984,1,1097
GDL0005,LDA BARROS,LDA,1258,SETD GUADALUPE,1248319,46,13.2,3304557,6.24,18643.553,12282.843,46,5097.5,2063,13,1,24.0,39,7,32,,6,0,0,6,0,4,GDL0006;GDL24813;GDL24956;GDL29594,0,0,-43.370984,-22.836031,-43.354246,-22.824431,12456,2076,15036,GUADALUPE AEREO,6,0,6,6,4,False,GDL0006;GDL24813;GDL24956;GDL29594,1258,SETD GUADALUPE,15036,GUADALUPE AEREO,1618217;1618336;1619890;1627023;362324401;681269169,1,1097
CLG0017,LDA CARAPEBA,LDA,1249,SETD COLEGIO,1248349,46,13.2,3304557,6.018,17651.747,6626.156,39,4237.5,2016,2,29,209.65,33,7,26,,6,0,0,6,0,4,CLG0002;CLG0005;CLG0013;VGE33444,0,0,-43.336103,-22.844598,-43.327824,-22.825515,12108,2018,15021,COLEGIO AEREO,6,0,6,6,4,False,CLG0002;CLG0005;CLG0013;VGE33444,1249;1267,SETD COLEGIO;SETD VIGARIO GERAL,15021;15062,COLEGIO AEREO;VIGARIO GERAL AEREO,1600647;1619589;1619666;454958107;455443478;89499982,1,1097
PER616,LDA PIZARRO,LDA,1240,SETD PEDRO ERNESTO,1248274,46,13.2,3304557,3.715,22925.65,18108.74,35,3592.5,1623,6,15,179.91,19,3,16,,6,0,0,6,0,4,PER670;PER763;PER809;PER874,0,0,-43.26448,-22.848055,-43.259275,-22.835878,9774,1629,15061,PEDRO ERNESTO AEREO,6,0,6,7,4,False,PER670;PER763;PER809;PER874,1240,SETD PEDRO ERNESTO,15015;15061,PEDRO ERNESTO AEREO;RAMOS AEREO,1600017;1600087;1600115;1607801;1617335;1617377,1,1097
TRG904,LDA SARANDI,LDA,1204,SETD TRIAGEM,1248299,46,13.2,3304557,4.031,24332.571,16798.976,43,5505.0,1200,4,8,492.22,21,3,18,,6,0,0,6,0,4,TRG636;TRG783;TRG813;TRG915,0,0,-43.259985,-22.894578,-43.250266,-22.887172,7224,1204,15024,TRIAGEM AEREO,6,0,6,6,4,False,TRG636;TRG783;TRG813;TRG915,1204,SETD TRIAGEM,15024,TRIAGEM AEREO,1581775;1587571;1587578;1595698;1600836;654319726,1,1097
ALC683,LDA PERENUNES,LDA,10385889,SETD ALDEIA CAMPISTA,10401450,46,13.2,3304557,2.321,5164.63,4321.059,14,1950.0,1002,0,15,65.69,14,6,8,,6,0,0,6,0,4,ALC718;ALC740;ALC868;ALC9946,0,0,-43.238289,-22.921827,-43.232847,-22.917197,6012,1002,15033,ALDEIA CAMPISTA,6,0,6,7,4,False,ALC718;ALC740;ALC868;ALC9946,10385889,SETD ALDEIA CAMPISTA,15033,ALDEIA CAMPISTA,11121256;11121270;11121319;11136868;11154566;489812358,1,1097
WLS00012,LDA RODOCENTER,LDA,18519994,SETD WASHINGTON LUIS,254600861,46,13.2,3301702,2.494,16523.736,12800.484,31,5900.0,763,10,6,186.8,22,1,21,,6,0,0,6,0,4,CXS009;WLS00011;WLS004;WLS010,0,1,-43.31325,-22.793598,-43.306686,-22.786902,4638,773,15073,WASHINGTON LUIS AEREO,6,0,6,6,4,False,CXS009;WLS00011;WLS004;WLS010,18519994;18520785,SETD CAXIAS;SETD WASHINGTON LUIS,15073;15700,CAXIAS AEREO;WASHINGTON LUIS AEREO,112657409;20760713;20806123;20806144;20806186;20806298,1,1097
CMT29117,LDA MELSOUZA/LDS 29117/LDS1845,LDA,10386051,SETD CAMPO MARTE,10401480,46,13.2,3304557,7.586,19359.298,15705.888,35,4522.5,691,16,4,121.0,44,8,36,,6,0,0,6,0,4,CMT0002;CMT29092;CMT29141;CMT3164,0,0,-43.218562,-22.908555,-43.203231,-22.895493,4242,707,15047,CAMPO MARTE AEREO,6,0,6,6,4,False,CMT0002;CMT29092;CMT29141;CMT3164,10386051,SETD CAMPO MARTE,15047,CAMPO MARTE AEREO,11038638;11038680;11102193;11102207;11102340;11102417,1,1097
RAM33732,LDA CAMPEOES,LDA,1132,SETD RAMOS,1248104,46,13.2,3304557,2.407,9319.19,3377.629,15,1762.5,217,7,3,37.25,25,8,17,,6,0,0,6,0,4,DMC3523;RAM33297;RAM33354;RAM33389,0,0,-43.253114,-22.861065,-43.245396,-22.854355,1344,224,15015,RAMOS AEREO,6,0,6,6,4,False,DMC3523;RAM33297;RAM33354;RAM33389,1132;1168,SETD DEMOCRATICOS;SETD RAMOS,15015;15056,DEMOCRATICOS AEREO;RAMOS AEREO,1592905;1622221;1622270;1622277;1622284;1622361,1,1097
AFR013,LDA BASILIO,LDA,18520461,SETD ARI FRANCO,18915080,46,13.2,3304557,15.981,39161.107,21142.276,119,14347.5,9411,7,97,847.14,62,16,46,960554979,8,1,2,6,1,4,AFR004;AFR006;AFR009;AFR015,0,0,-43.472782,-22.864959,-43.437653,-22.855305,56508,9418,15010,ARI FRANCO,6,1,5,6,3,False,AFR004;AFR006;AFR015,18520461,SETD ARI FRANCO,15010,ARI FRANCO,20706300;20706440;20717801;26193450;39376039;960554979,1,1097
CUR33764,LDA MAPUA,LDA,10386042,SETD CURICICA,10401625,46,13.2,3304557,20.757,30451.602,18544.628,110,14047.5,8168,5,66,509.64,64,13,51,269743163;716312276,6,2,0,6,2,3,CUR33119;CUR33133;TQR33839,0,1,-43.406844,-22.958337,-43.381762,-22.925048,49038,8173,16901,CURICICA AEREO,6,2,4,6,3,False,CUR33119;CUR33133;TQR33839,10385871;10386042,SETD CURICICA;SETD TAQUARA,15023;16901,CURICICA AEREO;TAQUARA AEREO,11075084;11075280;11095645;11120143;269743163;716312276,1,1097
MNB021,LDA ALVARENGA,LDA,18520902,SETD MENA BARRETO,18915315,46,13.2,3302858,8.944,26535.497,11133.502,66,7987.5,6716,3,45,289.79,22,6,16,759406895,6,1,0,6,1,3,MNB006;MNB007;MNB019,0,0,-43.427091,-22.827001,-43.41617,-22.797852,40314,6719,15057,MENA BARRETO AEREO,6,1,5,6,3,False,MNB006;MNB007;MNB019,18520902,SETD MENA BARRETO,15057,MENA BARRETO AEREO,20675227;20728091;20820581;583335625;759406895;87202741,1,1097
PMG0018,LDA CAJAIBA,LDA,18520479,SETD PADRE MIGUEL,18915110,46,13.2,3304557,10.205,26825.104,8490.427,62,6952.5,6269,0,51,339.01,29,7,22,757873893,7,1,1,6,1,4,CAM018;PMG004;PMG006;PMG010,0,1,-43.444353,-22.900747,-43.425675,-22.886705,37614,6269,15019,PADRE MIGUEL,6,1,5,6,3,False,CAM018;PMG004;PMG010,18520479;18520488,SETD CAMARA;SETD PADRE MIGUEL,14991;15019,CAMARA;PADRE MIGUEL,20661371;20671734;20680799;20680813;485320783;757873893,1,1097
VTL014,LDA MAUA,LDA,18520794,SETD VILAR DOS TELES,18915235,46,13.2,3300456,17.379,30847.875,5571.415,88,9090.0,6016,1,31,461.7,38,12,26,690123205;690187599,7,2,1,6,2,3,ABR015;VTL004;VTL3781,0,0,-43.379469,-22.736005,-43.349054,-22.718218,36102,6017,15072,VILAR DOS TELES AEREO,6,2,4,6,3,False,ABR015;VTL004;VTL3781,18520731;18520794,SETD AREIA BRANCA;SETD VILAR DOS TELES,15054;15072,AREIA BRANCA AEREO;VILAR DOS TELES AEREO,20732711;20732725;20732746;20732809;690123205;690187599,1,1097
VVQ9968,LDA MAFRA,LDA,1177,SETD VILA VALQUEIRE,1248229,46,13.2,3304557,14.878,19730.815,16391.005,112,10680.0,5132,1,209,1283.79,35,13,22,492268540;771936753,8,3,2,6,2,5,PMG003;VVQ0001;VVQ33460;VVQ9884;VVQ9922,0,0,-43.389168,-22.891103,-43.370745,-22.876866,30798,5133,15032,VILA VALQUEIRE,6,2,4,6,3,False,PMG003;VVQ33460;VVQ9922,1177;18520479,SETD PADRE MIGUEL;SETD VILA VALQUEIRE,15019;15032,PADRE MIGUEL;VILA VALQUEIRE,1582272;1597336;1597343;1597441;492268540;771936753,1,1097
PDG29724,LDA MENEZES,LDA,10385916,SETD PORTA DAGUA,10401210,46,13.2,3304557,12.855,34043.761,31132.188,102,12495.0,4795,6,141,1488.65,75,16,59,688882188,13,8,7,6,1,15,PDG00002;PDG0005;PDG0006;PDG29015;PDG29731;PDG29748;PDG29776;PDG29820;PDG33010;PDG33434;PDG33499;PDG33647;PDG33651;PDG33670;PDG33678,0,8,-43.336689,-22.938265,-43.316398,-22.922106,28806,4801,16902,PORTA DAGUA AEREO,6,1,5,6,3,False,PDG0005;PDG29015;PDG33651,10385916,SETD PORTA DAGUA,16902,PORTA DAGUA AEREO,1007209254;11009398;11102452;688882188;8635474;958798752,1,1097
ITP0006,LDA MARTINS,LDA,10385988,SETD ITAPEBA,10401330,46,13.2,3304557,17.29,26798.36,20124.129,115,17322.5,4158,2,81,886.81,75,16,59,25317914,6,1,0,6,1,3,ITP000;ITP0100;ITP33147,0,0,-43.45748,-23.024164,-43.42886,-22.99818,24960,4160,15066,ITAPEBA AEREO URBANO,6,1,5,6,3,False,ITP000;ITP0100;ITP33147,10385988,SETD ITAPEBA,15060;15066,ITAPEBA AEREO URBANO;ITAPEBA SUBTERRANEO,11100912;11100919;11100940;114001509;25317914;426325680,1,1097
TUR009,LDA CONSELHEIRO,LDA,1294,SETD TURIACU,1248384,46,13.2,3304557,6.558,20727.975,10685.874,53,5985.0,3789,4,16,173.26,42,8,34,,7,0,1,6,0,3,CLG0015;TUR002;TUR008,0,2,-43.351968,-22.86431,-43.338256,-22.852144,22758,3793,15002,TURIACU,6,0,6,6,3,False,CLG0015;TUR002;TUR008,1249;1294,SETD COLEGIO;SETD TURIACU,15002,TURIACU,1619414;1619428;1626610;1626638;1626666;1626680,1,1097
TQR33830,LDA CATONHO,LDA,10385871,SETD TAQUARA,10401225,46,13.2,3304557,13.419,20852.0,9676.505,78,7555.0,3553,9,129,6434.521,66,15,51,,13,0,7,6,0,8,PMG003;TQR0007;TQR33835;TQR33839;TQR33859;TQR33862;TQR60096;TQR60103,0,7,-43.398464,-22.912498,-43.369053,-22.890916,21372,3562,15023,TAQUARA AEREO,6,0,6,7,3,False,PMG003;TQR0007;TQR33862,10385871;18520479,SETD PADRE MIGUEL;SETD TAQUARA,15019;15023,PADRE MIGUEL;TAQUARA AEREO,11038316;11038330;137253951;23084918;257936323;270431842,1,1097
MTC003,LDA OLIBELO,LDA,1276,SETD MATURACA,1248374,46,13.2,3304557,4.392,12462.299,9163.214,38,5090.0,2769,0,32,229.09,21,6,15,534380347,6,1,0,6,1,3,MTC006;MTC007;MTC009,0,0,-43.315632,-22.849299,-43.301851,-22.840897,16614,2769,15031,MATURACA AEREO,6,1,5,6,3,False,MTC006;MTC007;MTC009,1276,SETD MATURACA,15031,MATURACA AEREO,1580480;1585520;1585597;1604756;1604875;534380347,1,1097
SRP010,LDA MARQUESA,LDA,18520803,SETD SARAPUI,18915275,46,13.2,3301702,7.018,22113.952,3146.921,40,4732.5,2764,0,20,190.38,10,3,7,765388418,6,1,0,6,1,3,SJO0011;SRP002;SRP007,0,0,-43.324061,-22.73741,-43.315526,-22.717249,16584,2764,15000,SARAPUI,6,1,5,6,3,False,SJO0011;SRP002;SRP007,18520803;310718139,SETD SAO JOAO;SETD SARAPUI,15000;15699,SAO JOAO;SARAPUI,20713972;20729204;20729246;20729379;765388418;765388427,1,1097
RCP9958,LDA PENAFON,LDA,10386006,SETD RIO COMPRIDO,10401360,46,13.2,3304557,6.004,21331.936,18079.958,35,6475.0,2653,4,31,243.71,32,6,26,,6,0,0,6,0,3,RCP29399;RCP29472;RCP9818,0,0,-43.222151,-22.92555,-43.216687,-22.912522,15942,2657,15058,RIO COMPRIDO AEREO,6,0,6,6,3,False,RCP29399;RCP29472;RCP9818,10386006,SETD RIO COMPRIDO,15058,RIO COMPRIDO AEREO,11022826;11037077;11103740;11103747;564527964;769648081,1,1097
TRV843,LDA SENADOR,LDA,10385898,SETD TROVAO,10401240,46,13.2,3304557,5.627,21065.073,6865.717,57,6480.0,2587,10,13,222.26,30,3,27,,8,0,2,6,0,5,TRV0002;TRV607;TRV626;TRV705;TRV856,0,0,-43.240087,-22.898659,-43.232528,-22.887184,15582,2597,15020,TROVAO AEREO,6,0,6,6,3,False,TRV607;TRV626;TRV856,10385898,SETD TROVAO,15020,TROVAO AEREO,11056007;11056112;11118554;11118624;11152116;248480941,1,1097
CMR33090,LDA SILVINO,LDA,10386015,SETD CAMERINO,10401445,46,13.2,3304557,5.518,6955.255,5922.626,41,5075.0,2298,4,4,159.2,31,7,24,519063016;762893607,6,2,0,6,2,3,CMR1569;CMR33066;CMT29137,0,0,-43.201088,-22.901543,-43.183944,-22.89501,13812,2302,15068,CAMERINO AEREO URBANO,6,2,4,6,3,False,CMR1569;CMR33066;CMT29137,10386015;10386051,SETD CAMERINO;SETD CAMPO MARTE,15047;15065;15068,CAMERINO AEREO URBANO;CAMERINO SUBTERRANEO;CAMPO MARTE AEREO,11153943;11233896;471846445;519063016;762893607;762893617,1,1097
TRS003,LDA GUARACIABA,LDA,18520326,SETD TRES RIOS,18915150,46,13.2,3306008,26.86,18921.459,16964.142,96,8047.5,2245,35,55,2043.7,73,6,67,561273192,8,1,2,6,1,4,TRS004;TRS005;TRS008;TRS013,0,0,-43.241824,-22.145559,-43.186978,-22.117487,13680,2280,15087,TRES RIOS AEREO AT/MT,6,1,5,6,3,False,TRS004;TRS005;TRS008,18520326,SETD TRES RIOS,15087,TRES RIOS AEREO AT/MT,20712649;20804093;20804100;20804156;487785733;561273192,1,1097
LPD33246,LDA MORIZE,LDA,10386033,SETD LEOPOLDO,10401470,46,13.2,3304557,3.151,7532.391,6459.654,26,4677.5,1824,1,40,350.85,27,8,19,,6,0,0,6,0,3,LPD29027;LPD29304;LPD29480,0,0,-43.26058,-22.931745,-43.25464,-22.924133,10950,1825,15030,LEOPOLDO AEREO,6,0,6,6,3,False,LPD29027;LPD29304;LPD29480,10386033,SETD LEOPOLDO,15030,LEOPOLDO AEREO,11103523;11137211;11137337;471859199;646465995;670851629,1,1097
NIG002,LDA FORUM,LDA,18519976,SETD NOVA IGUACU,18915385,46,13.2,3303500,6.39,16973.413,15728.794,47,6355.0,1770,8,23,475.582,33,8,25,,7,0,1,6,0,3,NIG006;NIG010;NIG014,0,0,-43.447429,-22.770106,-43.431933,-22.758283,10668,1778,15692,NOVA IGUACU,6,0,6,6,3,False,NIG006;NIG010;NIG014,18519976,SETD NOVA IGUACU,15692,NOVA IGUACU,20706622;20706706;20706797;20706846;20708477;698788418,1,1097
WLS001,LDA CONDELE,LDA,18519994,SETD WASHINGTON LUIS,254600861,46,13.2,3301702,3.302,19081.238,11882.554,39,8250.0,1696,9,6,114.6,38,9,29,,8,0,2,6,0,5,WLS00014;WLS00015;WLS003;WLS006;WLS008,0,4,-43.309388,-22.79316,-43.305009,-22.784042,10230,1705,15073,WASHINGTON LUIS AEREO,6,0,6,6,3,False,WLS00014;WLS00015;WLS008,18519994,SETD WASHINGTON LUIS,15073,WASHINGTON LUIS AEREO,115238259;141405747;20692328;20728182;20744467;32194107,1,1097
SCO29909,LDA CANOA,LDA,10386060,SETD SAO CONRADO,140568422,46,13.2,3304557,13.101,5463.196,4253.216,40,3030.0,1333,2,20,150.62,41,7,34,496429537;987461151,6,2,0,6,2,3,SCO0001;SCO24005;URG29968,0,0,-43.281869,-22.998608,-43.251814,-22.966888,8010,1335,15053,SAO CONRADO AEREO,6,2,4,6,3,False,SCO0001;SCO24005;URG29968,10385979;10386060,SETD SAO CONRADO;SETD URUGUAI,15025;15053,SAO CONRADO AEREO;URUGUAI AEREO,11036762;11036769;11076554;347244790;496429537;987461151,1,1097
FTL008,LDA CIDADE,LDA,18521064,SETD FONTINELE,18915480,46,13.2,3300407,3.222,9893.967,8420.364,33,4282.5,1221,9,5,76.0,23,5,18,,6,0,0,6,0,3,FTL001;FTL002;FTL012,0,1,-44.175289,-22.549515,-44.163671,-22.539425,7380,1230,15007,FONTINELE,6,0,6,6,3,False,FTL001;FTL002;FTL012,18521064,SETD FONTINELE,15007,FONTINELE,20689808;20689829;20689857;20689871;20689885;20689892,1,1097
CMT29124,LDA GURJAO,LDA,10386051,SETD CAMPO MARTE,10401480,46,13.2,3304557,7.627,13698.699,7355.05,35,4290.0,1063,13,6,99.58,47,8,39,482035939;482126207,7,3,1,6,2,4,CMT0002;CMT29126;CMT29131;TRV634,0,0,-43.223824,-22.898773,-43.210184,-22.874604,6456,1076,15047,CAMPO MARTE AEREO,6,2,4,6,3,False,CMT29126;CMT29131;TRV634,10385898;10386051,SETD CAMPO MARTE;SETD TROVAO,15020;15047,CAMPO MARTE AEREO;TROVAO AEREO,11074622;11074657;11074713;482035939;482035948;482126207,1,1097
TER895,LDA MACEDO,LDA,1123,SETD TERRA NOVA,1248314,46,13.2,3304557,3.832,3586.445,1212.241,14,1147.5,603,1,11,77.0,21,6,15,878788633,6,1,0,6,1,3,PDD9873;TER29134;TER870,0,0,-43.283476,-22.879499,-43.270315,-22.86777,3624,604,15044,TERRA NOVA AEREO,6,1,5,6,3,False,PDD9873;TER29134;TER870,1123;1231,SETD PIEDADE;SETD TERRA NOVA,14998;15044,PIEDADE;TERRA NOVA AEREO,141221111;1600493;1616376;1623096;347144186;878788633,1,1097
VRD016,LSA FORNASA,LSA,18520470,SETD VOLTA REDONDA,18915415,67,25.0,3306305,19.229,0.0,0.0,0,0.0,0,0,0,0.0,22,5,17,1004516954;654036439,7,2,1,6,2,4,SDD001;VRD002;VRD017;VRD018,0,0,-44.179041,-22.551491,-44.088255,-22.513301,0,0,,,6,2,4,6,3,False,SDD001;VRD017;VRD018,18520398;18520470,SETD SAUDADE;SETD VOLTA REDONDA,15001;15084;15086,SAUDADE;VOLTA REDONDA AEREO AT/MT;VOLTA REDONDA AEREO MT/MT,1004516954;20733656;20820084;20820119;20820140;654036439,1,1097
CUR33334,LDA DOURADA,LDA,10386042,SETD CURICICA,10401625,46,13.2,3304557,12.126,38817.447,32026.593,100,15507.5,8552,14,28,566.72,78,13,65,510539628;732921709,7,2,1,6,2,2,CUR33135;CUR33347,0,0,-43.413978,-22.97335,-43.39562,-22.956646,51396,8566,16901,CURICICA AEREO,6,2,4,6,2,False,CUR33135;CUR33347,10386042,SETD CURICICA,16901,CURICICA AEREO,11054775;11119121;16597146;510539618;510539628;732921709,1,1097
SRP0003,LDA QUINTELA,LDA,18520803,SETD SARAPUI,18915275,46,13.2,3301702,37.8,27122.496,11375.213,228,14432.5,6967,2,103,1018.31,40,8,32,738808528;781405038,7,2,1,6,2,3,SRP00012;SRP001;SRP013,0,0,-43.332617,-22.71773,-43.295104,-22.661481,41814,6969,15000,SARAPUI,6,2,4,6,2,False,SRP001;SRP013,18520803,SETD SARAPUI,15000,SARAPUI,132281227;20807488;505287902;738808528;781405038;781405047,1,1097
BMT29811,LDA BERGAMINI,LDA,1195,SETD BOCA DO MATO,1248179,46,13.2,3304557,6.389,23081.442,16440.004,68,9000.0,5606,7,41,231.44,45,15,30,848490193;969434972,6,2,0,6,2,2,BMT29601;PDD3800,0,1,-43.302475,-22.911803,-43.285231,-22.902403,33678,5613,15055,BOCA DO MATO AEREO,6,2,4,6,2,False,BMT29601;PDD3800,1195;1231,SETD BOCA DO MATO;SETD PIEDADE,14998;15055,BOCA DO MATO AEREO;PIEDADE,1618959;1618994;1619050;1619078;848490193;969434972,1,1097
AGR006,LDA HENRIQUE,LDA,1285,SETD AGUA GRANDE,1248369,46,13.2,3304557,7.597,18783.207,7260.316,62,6930.0,4864,2,29,186.29,31,7,24,996783459,8,1,2,6,1,2,AGR002;AGR010,0,1,-43.314115,-22.832629,-43.293753,-22.826109,29196,4866,15045,AGUA GRANDE AEREO,6,1,5,6,2,False,AGR002;AGR010,1285,SETD AGUA GRANDE,15045,AGUA GRANDE AEREO,15033302;1611763;1611805;1631643;1631650;996783459,1,1097
CBI24963,LDA LEUGIM,LDA,1141,SETD CACHAMBI,1248114,46,13.2,3304557,4.116,19129.292,14018.796,52,5682.5,4339,3,21,177.83,31,10,21,,6,0,0,6,0,2,CBI24876;CBI24982,0,0,-43.274139,-22.895827,-43.264101,-22.889229,26052,4342,15027,CACHAMBI AEREO,6,0,6,6,2,False,CBI24876;CBI24982,1141,SETD CACHAMBI,15027,CACHAMBI AEREO,1595495;1595516;1617440;1620618;807224835;807224913,1,1097
CLG0007,LDA JUQUERI,LDA,1249,SETD COLEGIO,1248349,46,13.2,3304557,7.146,17275.25,11205.302,60,6360.0,4010,7,47,728.42,31,8,23,972200306;973162212,6,2,0,6,2,2,CLG0014;CLG0016,0,1,-43.336008,-22.856436,-43.321055,-22.843039,24102,4017,15021,COLEGIO AEREO,6,2,4,6,2,False,CLG0014;CLG0016,1249,SETD COLEGIO,15021,COLEGIO AEREO,1593766;1630768;1630901;972200306;973162196;973162212,1,1097
MTC010,LDA TESSALIA,LDA,1276,SETD MATURACA,1248364,46,13.2,3304557,5.208,17408.56,11702.292,54,6517.5,3262,4,25,219.33,30,9,21,,6,0,0,6,0,2,MTC005;MTC013,0,0,-43.31272,-22.852294,-43.301953,-22.841537,19596,3266,15031,MATURACA AEREO,6,0,6,6,2,False,MTC005;MTC013,1276,SETD MATURACA,15031,MATURACA AEREO,1584757;1585219;1599765;1599793;1599821;44121460,1,1097
ESP014,LDA AGAI,LDA,18519958,SETD ESPERANCA,18915340,46,13.2,3304557,9.539,21121.606,4428.753,55,6675.0,3169,1,8,109.05,21,6,15,931407251;995714192,6,2,0,6,2,2,ESP009;PCI0006,0,0,-43.679135,-22.91818,-43.653444,-22.909605,19020,3170,16899,ESPERANCA AEREO AT/MT,6,2,4,6,2,False,ESP009;PCI0006,18519958;450101398,SETD ESPERANCA;SETD PACIENCIA,16899;16900,ESPERANCA AEREO AT/MT;PACIENCIA,140744468;20232590;20670446;20670558;931407251;995714192,1,1097
TRV779,LDA JUPARA,LDA,10385898,SETD TROVAO,10401250,46,13.2,3304557,4.248,23185.353,9405.664,41,5837.5,3158,7,1,50.0,24,5,19,841344963,7,2,1,6,1,3,TRV626;TRV705;TRV856,0,0,-43.235959,-22.901903,-43.229988,-22.889415,18990,3165,15020,TROVAO AEREO,6,1,5,6,2,False,TRV705;TRV856,10385898,SETD TROVAO,15020,TROVAO AEREO,11092131;11092166;11092292;31312079;375883938;841344963,1,1097
CBI24970,LDA VINQUATRO,LDA,1141,SETD CACHAMBI,1248114,46,13.2,3304557,2.967,9840.884,8309.267,37,4767.5,2471,4,48,296.6,17,5,12,,8,0,2,6,0,4,CBI24854;CBI24876;CBI24955;CBI24982,0,0,-43.274145,-22.898616,-43.269202,-22.889078,14850,2475,15027,CACHAMBI AEREO,6,0,6,6,2,False,CBI24876;CBI24955,1141,SETD CACHAMBI,15027,CACHAMBI AEREO,1589699;1594550;1594599;1594641;1594753;1617559,1,1097
CBI33791,LDA ARCAIRE,LDA,1141,SETD CACHAMBI,1248119,46,13.2,3304557,5.807,17321.961,14425.344,44,7465.0,2183,6,14,221.79,34,8,26,798817177,6,1,0,6,1,2,BMT29822;CBI24898,0,0,-43.280591,-22.90423,-43.273772,-22.889296,13134,2189,15027,CACHAMBI AEREO,6,1,5,6,2,False,BMT29822;CBI24898,1141;1195,SETD BOCA DO MATO;SETD CACHAMBI,15027;15055,BOCA DO MATO AEREO;CACHAMBI AEREO,1589503;1589510;1596321;1596363;1596398;798817177,1,1097
TRV988,LDA PREFEITO,LDA,10385898,SETD TROVAO,10401250,46,13.2,3304557,8.344,23400.56,8129.004,42,4860.0,1952,19,1,9.0,60,6,54,669838302,6,1,0,6,1,2,TRV669;TRV845,0,0,-43.24056,-22.889546,-43.228388,-22.871427,11826,1971,15020,TROVAO AEREO,6,1,5,6,2,False,TRV669;TRV845,10385898,SETD TROVAO,15020,TROVAO AEREO,11025234;11095239;11135433;669838293;669838302;736472904,1,1097
CMT29359,LDA PEDROAL,LDA,10386051,SETD CAMPO MARTE,10401380,46,13.2,3304557,7.842,22127.353,19511.269,42,6525.0,1786,11,4,32.4,38,4,34,770343605,6,1,0,6,1,2,CMT29137;CMT29278,0,0,-43.218433,-22.907855,-43.202608,-22.897572,10782,1797,15047,CAMPO MARTE AEREO,6,1,5,6,2,False,CMT29137;CMT29278,10386051,SETD CAMPO MARTE,15047,CAMPO MARTE AEREO,11094630;11120969;455078519;636594103;770343605;770343666,1,1097
VRD008,LDA CENTRAL,LDA,18520470,SETD VOLTA REDONDA,18915405,46,13.2,3306305,3.445,13729.706,12401.945,28,5790.0,1384,11,7,139.0,32,4,28,,6,0,0,6,0,2,VRD0022;VRD014,0,1,-44.106925,-22.518159,-44.089138,-22.513252,8370,1395,15084,VOLTA REDONDA AEREO AT/MT,6,0,6,6,2,False,VRD0022;VRD014,18520470,SETD VOLTA REDONDA,15084,VOLTA REDONDA AEREO AT/MT,20688604;20757591;20757661;20757738;20769578;801531029,1,1097
BFG29165,LDA PACUCARSEVERIANOPOLIXENAPEI,LDA,10385934,SETD BOTAFOGO,10401300,46,13.2,3304557,8.472,9596.841,7463.493,29,2880.0,866,7,8,67.66,37,8,29,1008553316,6,1,0,6,1,2,BFG29289;BFG29902,0,0,-43.181632,-22.962824,-43.162198,-22.945846,5238,873,15067,BOTAFOGO AEREO URBANO,6,1,5,6,2,False,BFG29289;BFG29902,10385934,SETD BOTAFOGO,15067,BOTAFOGO AEREO URBANO,1008553316;1013495739;11306806;11307646;11308269;646229842,5,5
PER29506,LDA BRASCURI,LDA,1240,SETD PEDRO ERNESTO,1248274,46,13.2,3304557,4.513,6877.072,6056.968,36,4920.0,863,10,19,344.28,23,5,18,,6,0,0,6,0,2,PER29452;PER670,0,0,-43.261551,-22.84875,-43.253769,-22.837341,5238,873,15061,PEDRO ERNESTO AEREO,6,0,6,6,2,False,PER29452;PER670,1240,SETD PEDRO ERNESTO,15061,PEDRO ERNESTO AEREO,1582573;1582685;1620086;1620093;1620100;1620149,1,1097
CCD641,LDA ABOLICAO,LDA,1186,SETD CASCADURA,1248264,46,13.2,3304557,6.738,24504.126,21657.356,76,8902.5,5039,10,41,843.49,36,6,30,687422243,6,1,0,6,1,1,CCD757,0,0,-43.334407,-22.888294,-43.31943,-22.878261,30294,5049,15034,CASCADURA AEREO,6,1,5,6,1,False,CCD757,1186,SETD CASCADURA,15034,CASCADURA AEREO,1249389;1613170;1613219;1625413;1625497;687422243,1,1097
WLS007,LDA VOLUNTARIA,LDA,18519994,SETD WASHINGTON LUIS,18915370,46,13.2,3301702,9.647,43344.244,41098.049,54,6720.0,841,10,7,816.315,34,8,26,685361118,6,1,0,6,1,1,WLS003,0,0,-43.306813,-22.800689,-43.278245,-22.791478,5106,851,15073,WASHINGTON LUIS AEREO,6,1,5,6,1,False,WLS003,18519994,SETD WASHINGTON LUIS,15073,WASHINGTON LUIS AEREO,116350279;20707777;20707791;20820406;562721114;685361118,1,1097
NIG015,LDA GUADALAJARA,LDA,18519976,SETD NOVA IGUACU,18915380,46,13.2,3303500,8.702,27221.027,23059.136,76,11025.0,3740,16,37,312.01,41,4,37,,5,0,0,5,0,6,CSO009;CSO010;CSO014;NIG009;NIG018;NIG025,0,0,-43.466547,-22.761261,-43.445639,-22.749279,18780,3756,15692,NOVA IGUACU,5,0,5,6,6,False,CSO009;CSO010;CSO014;NIG009;NIG018;NIG025,18519976;18520821,SETD COMENDADOR SOARES;SETD NOVA IGUACU,15048;15692,COMENDADOR SOARES;NOVA IGUACU,20232408;20675059;20675080;20694421;20712082,1,1097
STC0014,LDA SOMBREIRA,LDA,34192093,SETD SANTA CLARA,376712660,46,13.2,3304144,20.515,19223.399,6960.162,84,5432.5,2617,8,37,569.96,40,8,32,668107889,5,1,0,5,1,6,QMD001;QMD002;QMD005;STC00009;STC00011;STC00012,0,0,-43.596659,-22.744183,-43.552097,-22.723012,13125,2625,15052,SANTA CLARA AEREO,5,1,4,6,6,False,QMD001;QMD002;QMD005;STC00009;STC00011;STC00012,18520893;34192093,SETD QUEIMADOS;SETD SANTA CLARA,15043;15052;15692;15698,NOVA IGUACU;QUEIMADOS AEREO;SANTA CLARA AEREO;SEROPEDICA AEREO,105061337;20682101;20735553;30307596;668107889,1,1097
LPD29480,LDA CARUBE,LDA,10386033,SETD LEOPOLDO,10401385,46,13.2,3304557,2.778,8236.566,6887.959,22,3792.5,1838,1,31,208.7,22,4,18,,5,0,0,5,0,6,LPD29027;LPD29145;LPD29304;LPD33246;LPD33251;LPD33255,0,0,-43.259232,-22.931707,-43.253239,-22.921146,9195,1839,15030,LEOPOLDO AEREO,5,0,5,8,6,False,LPD29027;LPD29145;LPD29304;LPD33246;LPD33251;LPD33255,10386033,SETD LEOPOLDO,15030,LEOPOLDO AEREO,11037882;11076407;471859199;628688851;646465995,1,1097
TQR00007,LDA GENIPABU,LDA,10385871,SETD TAQUARA,358368704,46,13.2,3304557,5.875,12821.0,10550.927,34,4707.5,1723,3,6,46.56,34,9,25,,5,0,0,5,0,6,PDG208;TQR00002;TQR00003;TQR00005;TQR60096;TQR60111,0,0,-43.375678,-22.93358,-43.369563,-22.911986,8630,1726,15023,TAQUARA AEREO,5,0,5,7,6,False,PDG208;TQR00002;TQR00003;TQR00005;TQR60096;TQR60111,10385871;10385916,SETD PORTA DAGUA;SETD TAQUARA,15023,TAQUARA AEREO,11075126;159118523;359429286;460269752;647311978,1,1097
GDL29594,LDA BRANDAO,LDA,1258,SETD GUADALUPE,1248319,46,13.2,3304557,8.504,23101.968,2761.479,61,7777.5,3302,3,1,4.6,31,7,24,,5,0,0,5,0,5,GDL0005;GDL0006;GDL29792;PVN9815;PVN9891,0,0,-43.378177,-22.836829,-43.363102,-22.823049,16525,3305,15036,GUADALUPE AEREO,5,0,5,5,5,False,GDL0005;GDL0006;GDL29792;PVN9815;PVN9891,1258;1303,SETD GUADALUPE;SETD PAVUNA,14994;15036,GUADALUPE AEREO;PAVUNA,1616474;1616495;1619855;1621850;362324401,1,1097
CXS017,LDA IPOLIS,LDA,18520785,SETD CAXIAS,18915325,46,13.2,3301702,9.365,23396.607,6160.148,54,6720.0,3225,6,23,163.68,26,5,21,,5,0,0,5,0,5,CXS0025;CXS003;CXS015;CXS023;SRP004,0,0,-43.31709,-22.772541,-43.302243,-22.743759,16155,3231,15700,CAXIAS AEREO,5,0,5,5,5,False,CXS0025;CXS003;CXS015;CXS023;SRP004,18520785;18520803,SETD CAXIAS;SETD SARAPUI,15000;15700,CAXIAS AEREO;SARAPUI,20718907;20718949;20729281;758513784;97392298,1,1097
PCI0009,LDA ICONHA,LDA,450101398,SETD PACIENCIA,450102116,46,13.2,3304557,6.841,24453.952,4613.21,46,5317.5,2430,1,19,198.32,23,8,15,,5,0,0,5,0,5,PCI0003;PCI0006;PCI0007;PCI0008;PCI0011,0,0,-43.651405,-22.935457,-43.63302,-22.922273,12155,2431,16900,PACIENCIA,5,0,5,6,5,False,PCI0003;PCI0006;PCI0007;PCI0008;PCI0011,450101398,SETD PACIENCIA,16900,PACIENCIA,20688884;20688940;37443700;425182188;425767378,1,1097
ESP013,LDA ANTARES,LDA,18519958,SETD ESPERANCA,18915335,46,13.2,3304557,4.538,6280.835,1584.421,24,2227.5,1178,0,5,24.5,9,3,6,,5,0,0,5,0,5,ESP002;ESP004;ESP007;ESP011;ESP017,0,0,-43.679272,-22.921373,-43.669992,-22.912723,5890,1178,16899,ESPERANCA AEREO AT/MT,5,0,5,7,5,False,ESP002;ESP004;ESP007;ESP011;ESP017,18519958,SETD ESPERANCA,16899;16900,ESPERANCA AEREO AT/MT;PACIENCIA,20667422;20667443;20703871;453567712;463425999,1,1097
CUR33144,LDA LANDA,LDA,10386042,SETD CURICICA,10401625,46,13.2,3304557,6.36,17372.955,11817.395,32,6037.5,1087,7,15,616.78,33,9,24,,5,0,0,5,0,5,CUR33135;CUR33311;CUR33326;CUR33801;PDG219,0,0,-43.397237,-22.972703,-43.385871,-22.95815,5470,1094,16903,GARDENIA,5,0,5,7,5,False,CUR33135;CUR33311;CUR33326;CUR33801;PDG219,10385916;10386042,SETD CURICICA;SETD PORTA DAGUA,16901;16902,CURICICA AEREO;PORTA DAGUA AEREO,11093349;11093356;134956182;501084056;712610899,1,1097
CCD224,LSA CLARIMELO,LSA,1186,SETD CASCADURA,1248239,67,25.0,3304557,12.954,0.0,0.0,0,0.0,0,0,0,0.0,25,1,24,,6,0,1,5,0,6,BPN20131;CCD256;CCD815;PDD29513;PDD9870;TRG347,0,0,-43.33353,-22.895885,-43.27364,-22.869408,0,0,,,5,0,5,5,5,False,BPN20131;CCD256;CCD815;PDD29513;TRG347,1159;1186;1204;1231,SETD BRAS DE PINA;SETD CASCADURA;SETD PIEDADE;SETD TRIAGEM,14998;15024;15034,CASCADURA AEREO;PIEDADE;TRIAGEM AEREO,1612050;1618840;1625966;579264895;833860450,1,1097
CHR021,LDA MOINHO,LDA,18520758,SETD CACHAMORRA,18915220,46,13.2,3304557,18.784,25308.025,14477.276,92,13337.5,6098,4,139,828.41,52,9,43,25189932;709330228,5,2,0,5,2,4,CHR0006;CHR008;CHR009;CHR024,0,0,-43.568108,-22.9374,-43.535231,-22.918967,30510,6102,15011,CACHAMORRA,5,2,3,5,4,False,CHR0006;CHR008;CHR009;CHR024,18520758,SETD CACHAMORRA,15011,CACHAMORRA,20699202;20735868;20735931;25189932;709330228,1,1097
TRS011,LSA BASTILHA,LSA,18520326,SETD TRES RIOS,18915165,67,25.0,3306008,198.708,13810.65,33841.196,392,32167.5,5858,25,115,9375.478,208,27,181,983648110,5,1,0,5,1,4,CEN003;TRS002;TRS006;TRS010,1,0,-43.411629,-22.124529,-43.141609,-21.998034,29415,5883,15088,TRES RIOS AEREO MT/MT,5,1,4,5,4,False,CEN003;TRS002;TRS006;TRS010,18520326;18520353,SETD CENTENARIO;SETD TRES RIOS,15087;15088;15089,CENTENARIO AEREO MT/MT;TRES RIOS AEREO AT/MT;TRES RIOS AEREO MT/MT,116444852;20687449;20813840;31359946;983648110,1,1097
VTL001,LDA PADUA,LDA,18520794,SETD VILAR DOS TELES,18915235,46,13.2,3300456,12.301,29233.456,5957.234,70,8947.5,5201,6,9,122.56,30,3,27,693545543,5,1,0,5,1,4,CRO0013;VTL002;VTL006;VTL009,0,1,-43.371799,-22.762225,-43.347585,-22.735843,26035,5207,15072,VILAR DOS TELES AEREO,5,1,4,5,4,False,CRO0013;VTL002;VTL006;VTL009,18520794;18521055,SETD COELHO DA ROCHA;SETD VILAR DOS TELES,15054;15072,AREIA BRANCA AEREO;VILAR DOS TELES AEREO,20747022;20816626;20816773;693545531;693545543,1,1097
PER781,LDA CARLINA,LDA,1240,SETD PEDRO ERNESTO,1248294,46,13.2,3304557,8.507,24298.367,14114.989,67,10410.0,5038,6,33,261.69,47,13,34,,5,0,0,5,0,4,PER70278;PER794;PER828;PER917,0,0,-43.282712,-22.847429,-43.261384,-22.839602,25220,5044,15061,PEDRO ERNESTO AEREO,5,0,5,5,4,False,PER70278;PER794;PER828;PER917,1240,SETD PEDRO ERNESTO,15017;15061,BRAS DE PINA;PEDRO ERNESTO AEREO,1554102;1623663;1623705;1623761;1623873,1,1097
CCD00001,LDA IBERIA,LDA,1186,SETD CASCADURA,1248269,46,13.2,3304557,8.94,18565.594,11268.502,66,7895.0,4888,2,48,339.89,35,9,26,745133578,5,1,0,5,1,4,CCD34454;CCD34455;CCD910;VVQ9973,0,0,-43.355898,-22.892035,-43.331741,-22.879197,24450,4890,15034,CASCADURA AEREO,5,1,4,5,4,False,CCD34454;CCD34455;CCD910;VVQ9973,1177;1186,SETD CASCADURA;SETD VILA VALQUEIRE,15032;15034,CASCADURA AEREO;VILA VALQUEIRE,1554221;1584981;1621815;1622487;745133578,1,1097
PCI0011,LDA DUARTINA,LDA,450101398,SETD PACIENCIA,450102116,46,13.2,3304557,9.504,27134.048,6424.764,77,8542.5,4783,0,43,318.26,28,5,23,,5,0,0,5,0,4,PCI0005;PCI0009;PCI0013;PCI3620,0,0,-43.637842,-22.937206,-43.62326,-22.924418,23915,4783,16900,PACIENCIA,5,0,5,5,4,False,PCI0005;PCI0009;PCI0013;PCI3620,450101398,SETD PACIENCIA,16897;16900,COSMOS;PACIENCIA,20688884;20717731;20737947;22961172;488901975,1,1097
MNB015,LDA FONTINHA,LDA,18520902,SETD MENA BARRETO,18915315,46,13.2,3302858,6.129,16840.369,9398.305,51,5857.5,4484,4,53,268.69,26,7,19,1001992081;762769060,5,2,0,5,2,4,MNB002;MNB003;MNB013;MNB017,0,1,-43.422386,-22.801786,-43.409054,-22.793047,22440,4488,15057,MENA BARRETO AEREO,5,2,3,5,4,False,MNB002;MNB003;MNB013;MNB017,18520902,SETD MENA BARRETO,14994;15057,MENA BARRETO AEREO;PAVUNA,1001992081;20699601;20705691;20705796;762769060,1,1097
FCN33945,LDA ELIZEU,LDA,10386105,SETD FREI CANECA,10401390,46,13.2,3304557,9.653,17359.483,8636.8,63,6577.5,4386,6,9,67.32,35,6,29,,5,0,0,5,0,4,FCN3728;FCN646;FCN929;SAT24350,0,0,-43.199376,-22.93225,-43.189249,-22.914343,21960,4392,15049,FREI CANECA AEREO,5,0,5,5,4,False,FCN3728;FCN646;FCN929;SAT24350,10385970;10386105,SETD FREI CANECA;SETD SANTO ANTONIO,15049;15085,FREI CANECA AEREO;SANTO ANTONIO AEREO URBANO,11055209;11120374;11153642;11153789;472142477,1,1097
SRP005,LDA SALITRE,LDA,18520803,SETD SARAPUI,18915275,46,13.2,3301702,11.393,28928.832,3439.84,73,7500.0,3804,0,9,201.15,30,8,22,,5,0,0,5,0,4,SRP007;SRP009;SRP014;VTL005,0,1,-43.343493,-22.736991,-43.321919,-22.71725,19020,3804,15000,SARAPUI,5,0,5,5,4,False,SRP007;SRP009;SRP014;VTL005,18520794;18520803,SETD SARAPUI;SETD VILAR DOS TELES,15000;15072,SARAPUI;VILAR DOS TELES AEREO,139477775;20681317;20713930;20789975;20790017,1,1097
PCI0007,LDA MANGUEIRA,LDA,450101398,SETD PACIENCIA,716630134,46,13.2,3304557,12.7,27200.56,4888.89,88,9810.0,3460,2,15,72.22,33,9,24,691961014,5,1,0,5,1,4,ESP011;ESP017;PCI0003;PCI0009,0,1,-43.667967,-22.941589,-43.636068,-22.9261,17310,3462,16900,PACIENCIA,5,1,4,6,4,False,ESP011;ESP017;PCI0003;PCI0009,18519958;450101398,SETD ESPERANCA;SETD PACIENCIA,16899;16900,ESPERANCA AEREO AT/MT;PACIENCIA,425182188;425767378;453751319;456508063;691961014,1,1097
CCD34455,LDA CAMPINHO,LDA,1186,SETD CASCADURA,1248259,46,13.2,3304557,7.047,35526.145,25547.515,63,6900.0,3449,11,35,325.82,46,8,38,,5,0,0,5,0,4,CCD00001;CCD3787;CCD724;VVQ33140,0,0,-43.355781,-22.883137,-43.33199,-22.876718,17300,3460,15034,CASCADURA AEREO,5,0,5,5,4,False,CCD00001;CCD3787;CCD724;VVQ33140,1177;1186,SETD CASCADURA;SETD VILA VALQUEIRE,15032;15034,CASCADURA AEREO;VILA VALQUEIRE,1586780;1586787;1622438;1622480;1622487,1,1097
RAM33354,LDA FARNESE,LDA,1132,SETD RAMOS,1248104,46,13.2,3304557,3.676,28083.104,1129.126,42,6600.0,2352,0,1,6.6,17,3,14,,6,1,1,5,0,5,RAM33310;RAM33341;RAM33377;RAM33389;RAM33732,0,0,-43.253119,-22.858716,-43.242532,-22.853922,11760,2352,15015,RAMOS AEREO,5,0,5,5,4,False,RAM33310;RAM33377;RAM33389;RAM33732,1132,SETD RAMOS,15015,RAMOS AEREO,1599450;1599457;1599576;1620835;1622361,1,1097
JAB00018,LDA CAROBA,LDA,18520749,SETD JABOATAO,18915195,46,13.2,3304557,7.639,13091.194,8995.21,59,7215.0,2061,8,33,381.55,28,5,23,,5,0,0,5,0,4,CHR0003;CHR002;JAB009;STS004,0,1,-43.560362,-22.90614,-43.547007,-22.896574,10345,2069,15029,JABOATAO AEREO,5,0,5,5,4,False,CHR0003;CHR002;JAB009;STS004,18520749;18520758;18521136,SETD CACHAMORRA;SETD JABOATAO;SETD SANTISSIMO,15011;15029;15042,CACHAMORRA;JABOATAO AEREO;SANTISSIMO AEREO,153630866;20788022;20816087;20816108;871102514,1,1097
RAM33389,LDA MARCO,LDA,1132,SETD RAMOS,1248099,46,13.2,3304557,4.849,23007.703,3111.721,46,5850.0,2016,6,2,49.0,34,9,25,,5,0,0,5,0,4,RAM33310;RAM33354;RAM33377;RAM33732,0,0,-43.253097,-22.858839,-43.240378,-22.850997,10110,2022,15015,RAMOS AEREO,5,0,5,5,4,False,RAM33310;RAM33354;RAM33377;RAM33732,1132,SETD RAMOS,15015,RAMOS AEREO,1599457;1599576;1620779;1620842;1622270,1,1097
ROS009,LDA SATELITE,LDA,18519985,SETD ROSALI,18915360,46,13.2,3305109,4.224,15766.436,13362.402,50,7875.0,1978,13,12,287.82,28,5,23,,5,0,0,5,0,4,ROS003;ROS006;ROS015;ROS018,0,1,-43.375045,-22.804817,-43.367996,-22.791505,9955,1991,14996,ROSALI,5,0,5,5,4,False,ROS003;ROS006;ROS015;ROS018,18519985,SETD ROSALI,14996,ROSALI,20801692;20801741;20801972;28069936;56702693,1,1097
PVN0001,LDA HIMALAIA,LDA,1303,SETD PAVUNA,1248399,46,13.2,3304557,6.446,8319.202,1014.841,46,5130.0,1651,0,2,11.0,24,3,21,,5,0,0,5,0,4,GDL29792;PVN3632;PVN9857;PVN9935,0,0,-43.389801,-22.829648,-43.381376,-22.81616,8255,1651,14994,PAVUNA,5,0,5,5,4,False,GDL29792;PVN3632;PVN9857;PVN9935,1258;1303,SETD GUADALUPE;SETD PAVUNA,14994;15036,GUADALUPE AEREO;PAVUNA,1603531;1603559;1625119;456654044;96319266,1,1097
SMT33668,LDS 33668/OLINDA,LDS,10385997,SETD SAMARITANO,10401340,46,13.2,3304557,4.697,14097.341,11893.541,35,5477.5,1545,8,24,167.83,27,8,19,732393294;972865917,5,2,0,5,2,4,BPD24650;SMT0001;SMT24276;SMT30371,0,0,-43.189036,-22.94802,-43.184132,-22.940556,7765,1553,15078,SAMARITANO AEREO URBANO,5,2,3,6,4,False,BPD24650;SMT0001;SMT24276;SMT30371,10385961;10385997,SETD BAEPENDI;SETD SAMARITANO,15026;15076,BAEPENDI AEREO;SAMARITANO SUBTERRANEO,11180322;11308416;732393294;732393397;972865917,1,1097
SJO0008,LDA POMPILIO,LDA,310718139,SETD SAO JOAO,310718374,46,13.2,3301702,2.758,3627.92,829.753,13,1275.0,702,0,3,15.0,14,3,11,,6,0,1,5,0,4,CXS003;CXS023;CXS024;SJO0011,0,0,-43.329774,-22.764937,-43.316538,-22.756604,3510,702,15699,SAO JOAO,5,0,5,5,4,False,CXS003;CXS023;CXS024;SJO0011,18520785;310718139,SETD CAXIAS;SETD SAO JOAO,15699;15700,CAXIAS AEREO;SAO JOAO,269040600;282321945;285598256;285692722;536496677,1,1097
JDB29041,LDS 29041/HORTO/JOQUEI/CONDE/PACHELEAO/MITRE,LDS,10385880,SETD JARDIM BOTANICO,10401255,46,13.2,3304557,5.33,9412.371,6641.781,21,2805.0,490,8,5,23.85,44,8,36,,7,0,2,5,0,6,JDB29436;JDB29503;JDB29572;JDB29935;JDB807;JDB939,0,0,-43.227711,-22.978322,-43.217474,-22.963204,2490,498,15071,JARDIM BOTANICO AEREO,5,0,5,5,4,False,JDB29436;JDB29503;JDB29935;JDB939,10385880,SETD JARDIM BOTANICO,15071,JARDIM BOTANICO AEREO,11008551;11094994;11103082;11138317;11138345,1,1097
TRG848,LDA GUARAPAVA,LDA,1204,SETD TRIAGEM,1248244,46,13.2,3304557,2.791,17615.886,6657.615,12,1410.0,440,8,3,77.5,19,3,16,924876161,5,1,0,5,1,4,TRG398;TRG708;TRG966;TRV607,0,0,-43.250703,-22.896126,-43.239919,-22.888938,2240,448,15024,TRIAGEM AEREO,5,1,4,6,4,False,TRG398;TRG708;TRG966;TRV607,10385898;1204,SETD TRIAGEM;SETD TROVAO,15020;15024;15047,CAMPO MARTE AEREO;TRIAGEM AEREO;TROVAO AEREO,1611266;1611273;1611301;1627597;924876161,1,1097
CCD268,LSA V CARVALHO,LSA,1186,SETD CASCADURA,1248239,67,25.0,3304557,8.98,0.0,0.0,0,0.0,0,0,0,0.0,18,5,13,,5,0,0,5,0,4,BPN20131;CCD205;CCD250;MTC013,0,0,-43.335332,-22.881237,-43.305518,-22.85097,0,0,,,5,0,5,5,4,False,BPN20131;CCD205;CCD250;MTC013,1159;1186;1276,SETD BRAS DE PINA;SETD CASCADURA;SETD MATURACA,15024;15031;15034,CASCADURA AEREO;MATURACA AEREO;TRIAGEM AEREO,1580606;1584813;1585219;1588138;1588208,1,1097
IMT005,LDA PEROBA,LDA,18520929,SETD INMETRO,18915450,46,13.2,3301702,27.353,24281.282,12805.291,140,13330.0,7373,2,97,794.81,54,12,42,623536132,5,1,0,5,1,3,IMT004;IMT009;IMT011,0,0,-43.31785,-22.590919,-43.26509,-22.522455,36875,7375,14997,INMETRO,5,1,4,5,3,False,IMT004;IMT009;IMT011,18520929,SETD INMETRO,14997;15005,ELDORADO;INMETRO,20662708;20761350;27971170;340290913;623536132,1,1097
CUR33119,LDA OUTEIRO,LDA,10386042,SETD CURICICA,10401620,46,13.2,3304557,8.866,28202.733,10227.751,64,8107.5,5741,4,59,501.49,38,8,30,628345391,5,1,0,5,1,3,CUR33133;CUR33764;TQR33839,0,0,-43.396898,-22.958722,-43.38258,-22.928945,28725,5745,16901,CURICICA AEREO,5,1,4,5,3,False,CUR33133;CUR33764;TQR33839,10385871;10386042,SETD CURICICA;SETD TAQUARA,15023;16901,CURICICA AEREO;TAQUARA AEREO,11075084;11075280;11120143;11120185;628345391,1,1097
URG29944,LDA SAMIGUE,LDA,10385979,SETD URUGUAI,10401375,46,13.2,3304557,5.198,19429.077,6251.629,56,6877.5,5389,1,14,158.26,33,6,27,626065285,5,1,0,5,1,3,URG29952;URG29975;URG29990,0,0,-43.256583,-22.942145,-43.244522,-22.933011,26950,5390,15025,URUGUAI AEREO,5,1,4,5,3,False,URG29952;URG29975;URG29990,10385979,SETD URUGUAI,15025,URUGUAI AEREO,11137974;11137988;11137995;11138016;626065285,1,1097
TER29152,LDA QUEIROZ,LDA,1123,SETD TERRA NOVA,1248094,46,13.2,3304557,6.513,25500.907,5345.197,79,8280.0,5252,3,2,8.0,37,9,28,,6,0,1,5,0,4,PER0001;TER12912;TER822;TER850,0,0,-43.276547,-22.867898,-43.267362,-22.856192,26275,5255,15044,TERRA NOVA AEREO,5,0,5,5,3,False,PER0001;TER12912;TER822,1123;1240,SETD PEDRO ERNESTO;SETD TERRA NOVA,15044;15061,PEDRO ERNESTO AEREO;TERRA NOVA AEREO,1609040;1609054;1609068;1609075;432023649,1,1097
URG29975,LDA MUDA,LDA,10385979,SETD URUGUAI,10401375,46,13.2,3304557,7.456,24451.339,17224.868,82,9447.5,5140,5,18,194.67,48,8,40,1029641095,6,1,1,5,1,4,URG29944;URG29968;URG29990;URG29995,0,0,-43.257499,-22.947653,-43.240873,-22.936328,25725,5145,15025,URUGUAI AEREO,5,1,4,5,3,False,URG29944;URG29968;URG29990,10385979,SETD URUGUAI,15025,URUGUAI AEREO,1029641095;11037217;11117252;11117637;11137995,1,1097
CRM0007,LDA PARIS,LDA,280389625,SETD CARMARI,280389951,46,13.2,3303500,15.645,17925.054,5735.742,83,7162.5,5071,3,25,122.4,34,8,26,927443958,5,1,0,5,1,3,CRM0003;CRM0010;CSO013,0,0,-43.488713,-22.724102,-43.459645,-22.700252,25370,5074,15691,CARMARI,5,1,4,5,3,False,CRM0003;CRM0010;CSO013,18520821;280389625,SETD CARMARI;SETD COMENDADOR SOARES,15048;15691,CARMARI;COMENDADOR SOARES,165229405;20804800;246634501;253230093;927443958,1,1097
GNB29224,LDA RUFREI,LDA,1150,SETD GUANABARA,1248144,46,13.2,3304557,8.707,28864.64,5144.866,66,7522.5,5019,0,25,208.01,25,11,14,,5,0,0,5,0,3,GNB29257;GNB29528;GNB33417,0,0,-43.191235,-22.809777,-43.183183,-22.797099,25095,5019,15037,GUANABARA AEREO,5,0,5,5,3,False,GNB29257;GNB29528;GNB33417,1150,SETD GUANABARA,15037,GUANABARA AEREO,1567234;1567255;1567276;1580256;469944103,2,29
ITP33147,LDA CELESTINO,LDA,10385988,SETD ITAPEBA,10401330,46,13.2,3304557,15.282,28215.271,25470.547,126,18485.0,4907,12,141,1248.32,65,10,55,587591034,5,1,0,5,1,3,ITP0006;ITP0100;REC00002,0,0,-43.464734,-23.019734,-43.428852,-22.998173,24595,4919,15066,ITAPEBA AEREO URBANO,5,1,4,5,3,False,ITP0006;ITP0100;REC00002,10385988;132097219,SETD ITAPEBA;SETD RECREIO,14999;15066,ITAPEBA AEREO URBANO;RECREIO,11064025;11100912;135433284;426325680;587591034,1,1097
PDG33651,LDA JOPIN,LDA,10385916,SETD PORTA DAGUA,10401260,46,13.2,3304557,12.027,21696.461,18158.373,97,11392.5,4801,5,310,2016.1,51,10,41,688882188;765062074,5,2,0,5,2,3,PDG208;PDG29724;PDG29820,0,0,-43.357657,-22.938262,-43.331656,-22.920088,24030,4806,16902,PORTA DAGUA AEREO,5,2,3,5,3,False,PDG208;PDG29724;PDG29820,10385916,SETD PORTA DAGUA,16902,PORTA DAGUA AEREO,11091795;11102452;139366213;688882188;765062074,1,1097
VGE3665,LDA MARCIAL,LDA,1267,SETD VIGARIO GERAL,1248329,46,13.2,3304557,7.372,26672.458,12221.35,65,7425.0,4488,11,31,217.47,28,6,22,918735717,5,1,0,5,1,3,VGE3740;VGE3758;WLS010,0,0,-43.322209,-22.812737,-43.30546,-22.802298,22495,4499,15062,VIGARIO GERAL AEREO,5,1,4,5,3,False,VGE3740;VGE3758;WLS010,1267;18519994,SETD VIGARIO GERAL;SETD WASHINGTON LUIS,15062;15073,VIGARIO GERAL AEREO;WASHINGTON LUIS AEREO,1599289;1599324;1599387;1632553;918735717,1,1097
MNB017,LDA NATIVIDADE,LDA,18520902,SETD MENA BARRETO,18915315,46,13.2,3302858,6.391,16261.86,8940.913,47,5782.5,4479,3,30,281.95,34,7,27,1001992081;1002399969;584928807;762769060,7,4,2,5,4,4,MNB006;MNB013;MNB015;PVN0004,0,1,-43.422355,-22.805917,-43.406116,-22.79618,22410,4482,15057,MENA BARRETO AEREO,5,4,1,5,3,False,MNB013;MNB015;PVN0004,1303;18520902,SETD MENA BARRETO;SETD PAVUNA,14994;15057,MENA BARRETO AEREO;PAVUNA,1001992081;1002399969;30032501;584928807;762769060,1,1097
PDG0005,LDA ZOASTRO,LDA,10385916,SETD PORTA DAGUA,622295882,46,13.2,3304557,10.206,26935.125,19197.212,67,9720.0,4412,4,77,902.8,41,6,35,,8,3,3,5,0,4,PDG29004;PDG29724;PDG29748;PDG29753,0,0,-43.334672,-22.939802,-43.315059,-22.925325,22080,4416,16902,PORTA DAGUA AEREO,5,0,5,5,3,False,PDG29724;PDG29748;PDG29753,10385916,SETD PORTA DAGUA,16902,PORTA DAGUA AEREO,1007209254;11080047;132603620;8635474;958798752,1,1097
GNB29176,LDA ERICO,LDA,1150,SETD GUANABARA,1248144,46,13.2,3304557,6.753,18343.341,13157.113,56,6337.5,4319,3,42,329.3,22,9,13,,5,0,0,5,0,3,GNB24905;GNB29257;GNB29340,0,0,-43.189041,-22.799313,-43.16972,-22.792509,21610,4322,15037,GUANABARA AEREO,5,0,5,5,3,False,GNB24905;GNB29257;GNB29340,1150,SETD GUANABARA,15037,GUANABARA AEREO,1629613;1629676;1629683;1629914;469999856,2,29
VTL013,LDA SARAPUI,LDA,18520794,SETD VILAR DOS TELES,18915225,46,13.2,3300456,19.506,27862.131,5463.898,101,10965.0,4243,4,0,0.0,44,8,36,,5,0,0,5,0,3,SJO0006;VTL006;VTL009,0,1,-43.354017,-22.758716,-43.328983,-22.735902,21235,4247,15072,VILAR DOS TELES AEREO,5,0,5,5,3,False,SJO0006;VTL006;VTL009,18520794;310718139,SETD SAO JOAO;SETD VILAR DOS TELES,15072;15699,SAO JOAO;VILAR DOS TELES AEREO,20801510;20816598;20816717;20816731;20816745,1,1097
CBI24982,LDA BRITIGUEL,LDA,1141,SETD CACHAMBI,1248124,46,13.2,3304557,7.984,19107.768,11008.404,65,7575.0,4067,7,83,783.39,36,8,28,139718427,6,1,1,5,1,4,CBI24896;CBI24963;CBI24970;TRG959,0,0,-43.274292,-22.890223,-43.258547,-22.882025,20370,4074,15027,CACHAMBI AEREO,5,1,4,5,3,False,CBI24896;CBI24963;TRG959,1141;1204,SETD CACHAMBI;SETD TRIAGEM,15024;15027,CACHAMBI AEREO;TRIAGEM AEREO,139718427;1595495;1595537;1596545;1620618,1,1097
JAB002,LDA GUARUNA,LDA,18520749,SETD JABOATAO,18915190,46,13.2,3304557,10.472,16982.048,9720.693,63,6285.0,3875,4,109,672.22,28,9,19,,5,0,0,5,0,3,JAB00022;JAB012;STS004,0,0,-43.579447,-22.901062,-43.559613,-22.888931,19395,3879,15029,JABOATAO AEREO,5,0,5,6,3,False,JAB00022;JAB012;STS004,18520749;18521136,SETD JABOATAO;SETD SANTISSIMO,15029;15042,JABOATAO AEREO;SANTISSIMO AEREO,20659264;20713622;20713685;20713706;20713748,1,1097
ITP33382,LDA GENARO,LDA,10385988,SETD ITAPEBA,10401330,46,13.2,3304557,12.936,25303.092,22933.573,93,13410.0,3742,4,102,745.09,55,6,49,10917231;960597918,5,2,0,5,2,3,ITP000;ITP33396;REC7,0,0,-43.464259,-23.023531,-43.428854,-22.998175,18730,3746,15066,ITAPEBA AEREO URBANO,5,2,3,5,3,False,ITP000;ITP33396;REC7,10385988;132097219,SETD ITAPEBA;SETD RECREIO,14999;15060;15066,ITAPEBA AEREO URBANO;ITAPEBA SUBTERRANEO;RECREIO,10917231;38685092;450011245;804541018;960597918,1,1097
FTL009,LDA ORLANDELIA,LDA,18521064,SETD FONTINELE,18915480,46,13.2,3300407,6.856,16854.353,14689.202,50,5730.0,3210,11,35,305.3,36,6,30,,5,0,0,5,0,3,FTL002;FTL005;FTL013,0,0,-44.174136,-22.549475,-44.163467,-22.530635,16105,3221,15007,FONTINELE,5,0,5,5,3,False,FTL002;FTL005;FTL013,18521064,SETD FONTINELE,15007,FONTINELE,20676165;20745727;20745769;20745783;360369674,1,1097
ALC9946,LDA RIMARAES,LDA,10385889,SETD ALDEIA CAMPISTA,10401465,46,13.2,3304557,3.32,11949.62,11009.883,42,5685.0,2993,0,28,203.32,35,9,26,974020904,5,1,0,5,1,3,ALC683;ALC740;ALC9925,0,0,-43.241894,-22.924208,-43.236185,-22.916846,14965,2993,15033,ALDEIA CAMPISTA,5,1,4,5,3,False,ALC683;ALC740;ALC9925,10385889,SETD ALDEIA CAMPISTA,15033,ALDEIA CAMPISTA,11136868;284978082;529355823;903994351;974020904,1,1097
INF0005,LSA JACUBA,LSA,449886789,SETD INFLUENCIA,449887083,67,25.0,3301207,124.112,-3147.41,7875.173,281,15115.0,2897,8,136,6107.323,128,13,115,946324654,9,2,4,5,1,3,INF0003;INF0004;SPC001,0,0,-42.789164,-22.004733,-42.653879,-21.871986,14525,2905,15091,SAPUCAIA,5,1,4,5,3,False,INF0003;INF0004;SPC001,18520614;449886789,SETD INFLUENCIA;SETD SAPUCAIA,15091,SAPUCAIA,20736316;20769690;20774761;536179105;946324654,1,1097
ALC651,LDA XAVIER,LDA,10385889,SETD ALDEIA CAMPISTA,10401450,46,13.2,3304557,6.238,16229.209,14215.947,64,7227.5,2770,13,19,130.84,54,14,40,960709564,5,1,0,5,1,3,ALC740;ALC9801;CBI33795,0,0,-43.249205,-22.917546,-43.233956,-22.901222,13915,2783,15033,ALDEIA CAMPISTA,5,1,4,5,3,False,ALC740;ALC9801;CBI33795,10385889;1141,SETD ALDEIA CAMPISTA;SETD CACHAMBI,15027;15033,ALDEIA CAMPISTA;CACHAMBI AEREO,11080362;491328161;689036772;960709546;960709564,1,1097
DMC660,LDA BURNIER,LDA,1168,SETD DEMOCRATICOS,1248149,46,13.2,3304557,4.595,22130.745,12537.717,43,5002.5,2707,5,28,484.28,30,7,23,,5,0,0,5,0,3,DMC3149;DMC3326;DMC871,0,1,-43.27456,-22.875697,-43.257827,-22.867471,13560,2712,15056,DEMOCRATICOS AEREO,5,0,5,6,3,False,DMC3149;DMC3326;DMC871,1168,SETD DEMOCRATICOS,15056,DEMOCRATICOS AEREO,1621304;1621311;1621339;1627667;1627695,1,1097
HMT3022,LDS 24210 / LDS 1939 / MARQUES / MOURA,LDS,10386096,SETD HUMAITA,10401585,46,13.2,3304557,7.361,7661.68,6110.55,40,4730.0,2607,1,11,64.19,31,8,23,,6,0,1,5,0,3,HMT3144;HMT3386;HMT3816,0,0,-43.198739,-22.958821,-43.182083,-22.946079,13040,2608,15022,HUMAITA AEREO,5,0,5,5,3,False,HMT3144;HMT3386;HMT3816,10386096,SETD HUMAITA,15022;15059,HUMAITA AEREO;HUMAITA SUBTERRANEO,11180105;11180168;11180175;11306512;11307268,4,6
CBI24833,LDA GARCIDON,LDA,1141,SETD CACHAMBI,1248119,46,13.2,3304557,2.667,11380.279,9549.689,30,5167.5,2356,2,31,279.94,22,5,17,,6,0,1,5,0,4,CBI24826;CBI24854;CBI24898;CBI33798,0,0,-43.282361,-22.899932,-43.274294,-22.8893,11790,2358,15027,CACHAMBI AEREO,5,0,5,5,3,False,CBI24826;CBI24898;CBI33798,1141,SETD CACHAMBI,15027,CACHAMBI AEREO,1585044;1596482;1609523;1609593;1609656,1,1097
AFR002,LDA FARMA,LDA,18520461,SETD ARI FRANCO,18915105,46,13.2,3304557,5.642,28756.224,1376.839,56,6082.5,2355,0,1,2.0,38,7,31,,8,3,3,5,0,7,AFR003;AFR004;AFR008;AFR010;AFR014;CAM001;CAM002,0,6,-43.482413,-22.873581,-43.471999,-22.861609,11775,2355,15010,ARI FRANCO,5,0,5,5,3,False,AFR010;CAM001;CAM002,18520461;18520488,SETD ARI FRANCO;SETD CAMARA,14991;15010,ARI FRANCO;CAMARA,20670775;20675360;20675388;20675402;20805948,1,1097
CXS001,LDA PRUDENTE,LDA,18520785,SETD CAXIAS,18915305,46,13.2,3301702,11.323,32137.956,15640.542,51,6330.0,2242,25,45,566.26,79,11,68,,5,0,0,5,0,3,CXS008;CXS012;WLS002,0,9,-43.311132,-22.785459,-43.284799,-22.769415,11335,2267,15700,CAXIAS AEREO,5,0,5,5,3,False,CXS008;CXS012;WLS002,18519994;18520785,SETD CAXIAS;SETD WASHINGTON LUIS,15073;15700,CAXIAS AEREO;WASHINGTON LUIS AEREO,138434308;20717059;20775664;32828238;58286759,1,1097
PDG29857,LDA MUNIZ,LDA,10385916,SETD PORTA DAGUA,10401260,46,13.2,3304557,6.136,36357.824,27296.239,36,6445.0,2240,9,49,255.3,26,7,19,693631368,5,1,0,5,1,3,GDN0012;PDG29023;PDG29776,0,0,-43.345026,-22.955742,-43.331654,-22.93801,11245,2249,16902,PORTA DAGUA AEREO,5,1,4,5,3,False,GDN0012;PDG29023;PDG29776,10385916;457474244,SETD GARDENIA;SETD PORTA DAGUA,16902;16903,GARDENIA;PORTA DAGUA AEREO,11037231;500805320;693631368;7313364;760824351,1,1097
TRV845,LDA BENZIL,LDA,10385898,SETD TROVAO,10401250,46,13.2,3304557,5.667,24646.304,1411.9,51,6082.5,2126,1,1,7.5,31,7,24,,6,0,1,5,0,4,DMC772;TRV907;TRV964;TRV988,0,0,-43.242072,-22.889915,-43.231184,-22.872311,10635,2127,15020,TROVAO AEREO,5,0,5,5,3,False,DMC772;TRV964;TRV988,10385898;1168,SETD DEMOCRATICOS;SETD TROVAO,15020;15056,DEMOCRATICOS AEREO;TROVAO AEREO,11025234;11025255;11135433;1611574;736472904,1,1097
CUR00002,LDA ABELARDO,LDA,10386042,SETD CURICICA,10401620,46,13.2,3304557,5.281,16593.001,11424.955,29,4652.5,1862,4,14,272.96,21,3,18,624227446,5,1,0,5,1,3,CUR00001;CUR33309;GDN0011,0,0,-43.396964,-22.973429,-43.377132,-22.956823,9330,1866,16901,CURICICA AEREO,5,1,4,5,3,False,CUR00001;CUR33309;GDN0011,10386042;457474244,SETD CURICICA;SETD GARDENIA,16901;16903,CURICICA AEREO;GARDENIA,138713962;475702394;564072832;624227446;999218425,1,1097
FND4304,LDS 4304 / LRA GALEAO,LDS,1222,SETD FUNDAO,1248409,46,13.2,3304557,13.616,12790.906,11151.49,61,6060.0,1730,13,8,415.18,45,9,36,,5,0,0,5,0,3,FND3262;FND3747;FND4286,0,0,-43.242227,-22.83902,-43.217186,-22.811921,8715,1743,15040,GOVERNADOR AEREO,5,0,5,5,3,False,FND3262;FND3747;FND4286,1222,SETD FUNDAO,15040;15061,GOVERNADOR AEREO;PEDRO ERNESTO AEREO,1551918;1552023;1596965;1598687;480790604,2,29
TER950,LDA PATRONATO,LDA,1123,SETD TERRA NOVA,1248309,46,13.2,3304557,5.894,26353.792,7087.489,36,4050.0,1709,2,10,123.96,23,8,15,937229962,5,1,0,5,1,3,TER29079;TER928;TER936,0,1,-43.28978,-22.873453,-43.27416,-22.861639,8555,1711,15044,TERRA NOVA AEREO,5,1,4,6,3,False,TER29079;TER928;TER936,1123,SETD TERRA NOVA,15044,TERRA NOVA AEREO,1606233;1606261;469789390;727566782;937229962,1,1097
BPN29522,LDA COIMBRA,LDA,1159,SETD BRAS DE PINA,1248214,46,13.2,3304557,3.364,7548.584,5225.112,28,3060.0,1472,4,7,116.69,19,7,12,,6,0,1,5,0,3,BPN29431;BPN29872;PER0002,0,0,-43.280543,-22.838116,-43.275665,-22.82593,7380,1476,15017,BRAS DE PINA,5,0,5,5,3,False,BPN29431;BPN29872;PER0002,1159;1240,SETD BRAS DE PINA;SETD PEDRO ERNESTO,15017;15061,BRAS DE PINA;PEDRO ERNESTO AEREO,139293152;1566709;1626428;1626470;1626484,1,1097
BPN29881,LDA CENTROA,LDA,1159,SETD BRAS DE PINA,1248214,46,13.2,3304557,6.27,22134.577,13420.9,38,5392.5,1356,17,8,441.335,37,8,29,,5,0,0,5,0,3,BPN29869;BPN29904;MRT273,0,0,-43.282933,-22.826358,-43.270768,-22.814954,6865,1373,15017,BRAS DE PINA,5,0,5,6,3,False,BPN29869;BPN29904;MRT273,1159;1312,SETD BRAS DE PINA;SETD MERITI,15017,BRAS DE PINA,1606499;1625539;1625623;1625672;1628458,1,1097
FCN830,LDA CABOCLAS,LDA,10386105,SETD FREI CANECA,10401545,46,13.2,3304557,4.072,33336.126,19032.155,25,2955.0,1320,3,4,50.0,25,4,21,769588009,5,1,0,5,1,3,FCN3728;FCN646;FCN758,0,0,-43.206383,-22.928738,-43.194936,-22.914521,6615,1323,15049,FREI CANECA AEREO,5,1,4,5,3,False,FCN3728;FCN646;FCN758,10386105,SETD FREI CANECA,15049,FREI CANECA AEREO,1016458559;11035705;11153831;30457935;769588009,1,1097
CMT29129,LDA CRISTOVAO,LDA,10386051,SETD CAMPO MARTE,10401480,46,13.2,3304557,3.039,12326.255,9637.279,20,2505.0,709,13,7,273.97,25,5,20,,6,1,1,5,0,4,CMT0002;CMT29137;TRV907;TRV964,0,0,-43.225489,-22.900042,-43.218291,-22.894986,3610,722,15047,CAMPO MARTE AEREO,5,0,5,5,3,False,CMT29137;TRV907;TRV964,10385898;10386051,SETD CAMPO MARTE;SETD TROVAO,15020;15047,CAMPO MARTE AEREO;TROVAO AEREO,11053193;11053214;11061757;11091921;762734796,1,1097
JAB006,LDA CEMELO,LDA,18520749,SETD JABOATAO,18915195,46,13.2,3304557,3.627,9107.628,5637.746,21,2670.0,682,9,5,67.0,17,1,16,687173115,5,1,0,5,1,3,CHR0014;JAB00005;JAB010,0,0,-43.565942,-22.908551,-43.558284,-22.896475,3455,691,15011,CACHAMORRA,5,1,4,5,3,False,CHR0014;JAB00005;JAB010,18520749;18520758,SETD CACHAMORRA;SETD JABOATAO,15011;15029,CACHAMORRA;JABOATAO AEREO,134286318;20723394;20736554;20737618;687173115,1,1097
AVD33625,LDA VIPAR,LDA,10385943,SETD ALVORADA,10401315,46,13.2,3304557,5.635,14570.731,14279.875,7,420.0,59,7,5,70.8,26,2,24,,5,0,0,5,0,3,AVD33340;AVD33357;GDN0011,0,0,-43.379157,-22.999828,-43.362037,-22.983703,330,66,15004,ALVORADA,5,0,5,5,3,False,AVD33340;AVD33357;GDN0011,10385943;457474244,SETD ALVORADA;SETD GARDENIA,15004;16903,ALVORADA;GARDENIA,11079564;11138583;237643231;29427437;37992803,1,1097
CCD255,LSA RANGEL,LSA,1186,SETD CASCADURA,1248239,67,25.0,3304557,7.401,0.0,0.0,0,0.0,0,0,0,0.0,9,2,7,699260807;764658419,5,2,0,5,2,3,CCD213;PDG208;TQR0009,0,0,-43.361598,-22.925863,-43.332351,-22.880994,0,0,,,5,2,3,5,3,False,CCD213;PDG208;TQR0009,10385871;10385916;1186,SETD CASCADURA;SETD PORTA DAGUA;SETD TAQUARA,15023,TAQUARA AEREO,1553626;1618056;699260807;7331245;764658419,1,1097
VIG002,LSA GRAMA,LSA,18520371,SETD VIGARIO,18915155,67,25.0,3304003,264.824,35902.184,31759.39,625,39952.5,9024,24,160,2707.73,402,43,359,1003469163;624892940,11,3,6,5,2,2,SCI007;VIG001,0,0,-44.059183,-22.781776,-43.81043,-22.558082,45240,9048,15003,VIGARIO,5,2,3,5,2,False,SCI007;VIG001,18520299;18520371,SETD SANTA CECILIA;SETD VIGARIO,15003;15090,SANTA CECILIA AEREO MT/MT;VIGARIO,1003469163;20723541;20745615;494875078;624892940,1,1097
PVN9874,LDA ANTURIO,LDA,1303,SETD PAVUNA,1248399,46,13.2,3304557,14.602,20071.296,11553.585,79,7690.0,6516,2,92,481.91,35,6,29,,5,0,0,5,0,2,PVN0002;PVN70277,0,0,-43.418606,-22.839976,-43.387887,-22.816149,32590,6518,14994,PAVUNA,5,0,5,5,2,False,PVN0002;PVN70277,1303,SETD PAVUNA,14994,PAVUNA,1615088;1615102;1615172;1626134;261410169,1,1097
BMT29884,LDA ROMANA,LDA,1195,SETD BOCA DO MATO,1248179,46,13.2,3304557,4.729,27560.093,8622.792,47,7422.5,5235,0,13,91.22,34,5,29,,5,0,0,5,0,2,BMT29877;BMT29985,0,0,-43.285554,-22.915149,-43.270757,-22.910965,26175,5235,15055,BOCA DO MATO AEREO,5,0,5,5,2,False,BMT29877;BMT29985,1195,SETD BOCA DO MATO,15055,BOCA DO MATO AEREO,1586710;1630964;1631076;1631146;1631216,1,1097
CAM010,LDA NELFON,LDA,18520488,SETD CAMARA,18915100,46,13.2,3304557,10.941,36073.0,5079.207,65,8242.5,5019,2,17,179.3,43,12,31,702279479,5,1,0,5,1,2,CAM009;CAM016,0,2,-43.499026,-22.90379,-43.482877,-22.887451,25105,5021,14991,CAMARA,5,1,4,5,2,False,CAM009;CAM016,18520488,SETD CAMARA,14991,CAMARA,20694617;20739956;20739991;20739998;702279479,1,1097
PVN0005,LDA JAVATA,LDA,1303,SETD PAVUNA,1248399,46,13.2,3304557,12.103,21210.032,12746.712,80,7357.5,4546,9,51,329.89,38,6,32,355779382;463262544,6,2,1,5,2,3,GDL29969;PVN0006;PVN70277,0,1,-43.403055,-22.842248,-43.387951,-22.816157,22775,4555,14994,PAVUNA,5,2,3,5,2,False,GDL29969;PVN70277,1258;1303,SETD GUADALUPE;SETD PAVUNA,14994;15036,GUADALUPE AEREO;PAVUNA,1625063;338002280;355779382;463262544;531983765,1,1097
SRP00012,LDA IPORANGA,LDA,18520803,SETD SARAPUI,18915270,46,13.2,3301702,25.138,31036.032,5176.996,106,9900.0,4381,3,32,442.92,54,9,45,645242290,7,1,2,5,1,4,SRP0003;SRP001;SRP007;SRP008,0,3,-43.368726,-22.718236,-43.322726,-22.661697,21920,4384,15000,SARAPUI,5,1,4,5,2,False,SRP001;SRP008,18520803,SETD SARAPUI,15000,SARAPUI,20671202;20808055;221128132;645242290;645242299,1,1097
TER936,LDA TRADAVE,LDA,1123,SETD TERRA NOVA,1248314,46,13.2,3304557,10.269,29732.29,12251.426,56,6532.5,4188,15,6,73.08,47,5,42,740496075;782444144,5,2,0,5,2,2,TER29079;TER950,0,0,-43.300731,-22.87345,-43.274408,-22.859029,21015,4203,15044,TERRA NOVA AEREO,5,2,3,5,2,False,TER29079;TER950,1123,SETD TERRA NOVA,15044,TERRA NOVA AEREO,107917241;1553458;727566782;740496075;782444144,1,1097
STC00008,LDA INFANTE,LDA,34192093,SETD SANTA CLARA,376712660,46,13.2,3304144,14.253,18652.989,4715.507,64,5430.0,2988,6,16,134.25,30,7,23,1001936281;1007694522,5,2,0,5,2,2,NIG030;STC00010,0,0,-43.552303,-22.747127,-43.524865,-22.719736,14970,2994,15052,SANTA CLARA AEREO,5,2,3,5,2,False,NIG030;STC00010,18519976;34192093,SETD NOVA IGUACU;SETD SANTA CLARA,15052;15692,NOVA IGUACU;SANTA CLARA AEREO,1001936281;1007694522;20748142;20817781;29907831,1,1097
GNB29373,LDA SOLEDADE,LDA,1150,SETD GUANABARA,1248129,46,13.2,3304557,6.05,21873.776,7378.562,45,5752.5,2940,1,38,253.03,28,8,20,,5,0,0,5,0,2,GNB29069;GNB29528,0,0,-43.189357,-22.797889,-43.176837,-22.787558,14705,2941,15037,GUANABARA AEREO,5,0,5,5,2,False,GNB29069;GNB29528,1150,SETD GUANABARA,15037,GUANABARA AEREO,1583112;1608536;1608648;1608718;791714844,2,29
SAT24350,LDS 24350/LLDA LADEIRA,LDS,10385970,SETD SANTO ANTONIO,10401405,46,13.2,3304557,10.913,13450.131,11448.519,41,4445.0,2565,11,16,109.54,34,6,28,972895966;997569259,10,7,5,5,2,3,BPD9837;FCN33945;SAT9523,0,0,-43.189233,-22.928738,-43.176636,-22.907576,12880,2576,15085,SANTO ANTONIO AEREO URBANO,5,2,3,5,2,False,BPD9837;FCN33945,10385961;10386105,SETD BAEPENDI;SETD FREI CANECA,15026;15049,BAEPENDI AEREO;FREI CANECA AEREO,11307443;11307975;472142477;972895966;997569259,1,1097
BMT33497,LDA TOBIAS,LDA,1195,SETD BOCA DO MATO,1248174,46,13.2,3304557,3.17,12928.054,11143.492,28,7692.5,2568,1,14,73.49,20,3,17,,5,0,0,5,0,2,BMT29822;BMT29840,0,0,-43.286399,-22.911006,-43.280425,-22.902151,12845,2569,15055,BOCA DO MATO AEREO,5,0,5,5,2,False,BMT29822;BMT29840,1195,SETD BOCA DO MATO,15055,BOCA DO MATO AEREO,1585674;1589440;1595929;470364841;754228258,1,1097
JDB932,LDS 932/ANG/FARO/EUGENIA,LDS,10385880,SETD JARDIM BOTANICO,10401255,46,13.2,3304557,7.762,14412.885,12232.156,58,8227.5,2199,3,44,406.08,39,12,27,461471995;936615942,5,2,0,5,2,2,JDB1024;JDB771,0,0,-43.220371,-22.964203,-43.19957,-22.955701,11010,2202,15071,JARDIM BOTANICO AEREO,5,2,3,5,2,False,JDB1024;JDB771,10385880,SETD JARDIM BOTANICO,15071,JARDIM BOTANICO AEREO,11080803;11278500;11278633;461471995;936615942,1,1097
RCP9893,LDA ITAPE,LDA,10386006,SETD RIO COMPRIDO,10401350,46,13.2,3304557,2.964,11154.193,8065.232,32,3562.5,2086,2,20,147.35,23,4,19,625146381,6,1,1,5,1,3,RCP33207;RCP3677;RCP9818,0,0,-43.22195,-22.92561,-43.212976,-22.919142,10440,2088,15058,RIO COMPRIDO AEREO,5,1,4,5,2,False,RCP33207;RCP9818,10386006,SETD RIO COMPRIDO,15058,RIO COMPRIDO AEREO,11076841;11076862;11076876;611066261;625146381,1,1097
JDB1024,LDS 1024/ SALD/ JAR/ MIG/ABDE,LDS,10385880,SETD JARDIM BOTANICO,10401245,46,13.2,3304557,5.054,15277.352,13489.958,42,6467.5,2055,4,25,189.1,61,14,47,461471995;936615942,5,2,0,5,2,2,JDB643;JDB932,0,9,-43.218393,-22.964128,-43.19957,-22.956606,10295,2059,15071,JARDIM BOTANICO AEREO,5,2,3,5,2,False,JDB643;JDB932,10385880,SETD JARDIM BOTANICO,15071,JARDIM BOTANICO AEREO,11080803;11137421;11278500;461471995;936615942,1,1097
URG29662,LDA URUTELES,LDA,10385979,SETD URUGUAI,10401410,46,13.2,3304557,3.661,10413.25,8886.187,27,3360.0,2041,4,22,113.1,20,6,14,770592715,5,1,0,5,1,2,ALC0001;ALC740,0,0,-43.245642,-22.936391,-43.24099,-22.920937,10225,2045,15025,URUGUAI AEREO,5,1,4,5,2,False,ALC0001;ALC740,10385889,SETD ALDEIA CAMPISTA,15033,ALDEIA CAMPISTA,11155658;11155721;11155728;770592706;770592715,1,1097
VGE3825,LDA FURQUIN,LDA,1267,SETD VIGARIO GERAL,1248334,46,13.2,3304557,3.731,8403.488,4315.357,26,3180.0,1786,9,25,187.22,23,1,22,109316711,5,1,0,5,1,2,VGE3740;VGE3834,0,1,-43.322196,-22.814687,-43.303954,-22.808797,8975,1795,15062,VIGARIO GERAL AEREO,5,1,4,5,2,False,VGE3740;VGE3834,1267,SETD VIGARIO GERAL,15062,VIGARIO GERAL AEREO,109316711;1593969;1594074;1594102;331054544,1,1097
RCP33211,LDA BABILONIA,LDA,10386006,SETD RIO COMPRIDO,10401360,46,13.2,3304557,3.583,16651.419,14357.506,33,5915.0,1565,3,10,88.48,23,6,17,941753132,5,1,0,5,1,2,ALC868;RCP33216,0,0,-43.235621,-22.925546,-43.221746,-22.919683,7840,1568,15058,RIO COMPRIDO AEREO,5,1,4,5,2,False,ALC868;RCP33216,10385889;10386006,SETD ALDEIA CAMPISTA;SETD RIO COMPRIDO,15033;15058,ALDEIA CAMPISTA;RIO COMPRIDO AEREO,11023120;11036636;11100604;11121263;941753132,1,1097
RAM33372,LDA FROTA,LDA,1132,SETD RAMOS,1248099,46,13.2,3304557,2.74,15342.304,13607.292,28,3735.0,1151,8,10,154.91,21,7,14,,5,0,0,5,0,2,PER29478;RAM33297,0,0,-43.255566,-22.861459,-43.248838,-22.855041,5795,1159,15015,RAMOS AEREO,5,0,5,5,2,False,PER29478;RAM33297,1132;1240,SETD PEDRO ERNESTO;SETD RAMOS,15015,RAMOS AEREO,1584582;1584666;1588005;1632245;1632336,1,1097
TRV634,LDA SAUDOCAR,LDA,10385898,SETD TROVAO,10401240,46,13.2,3304557,4.696,13935.823,4217.856,29,3600.0,955,9,0,0.0,35,6,29,482126207,6,2,1,5,1,3,CMT29124;TRV626;TRV669,0,0,-43.232783,-22.88949,-43.221207,-22.874304,4820,964,15020,TROVAO AEREO,5,1,4,5,2,False,CMT29124;TRV669,10385898;10386051,SETD CAMPO MARTE;SETD TROVAO,15020;15047,CAMPO MARTE AEREO;TROVAO AEREO,11151864;11151913;11151920;482126207;522206340,1,1097
FCN1350,LDA HIPOLITO,LDA,10386105,SETD FREI CANECA,10401545,46,13.2,3304557,4.157,6396.159,4276.261,27,4207.5,568,9,3,16.6,25,6,19,674042155,5,1,0,5,1,2,FCN0001;FCN37177,0,0,-43.198583,-22.91463,-43.190988,-22.90744,2885,577,15049,FREI CANECA AEREO,5,1,4,5,2,False,FCN0001;FCN37177,10386105,SETD FREI CANECA,15049,FREI CANECA AEREO,11037567;11075035;38555909;478587920;674042155,7,5
SCO4200,LDS 4200/LDA CALIXTO,LDS,10386060,SETD SAO CONRADO,10401485,46,13.2,3304557,11.746,30230.996,7723.004,70,8235.0,6041,6,6,60.48,46,10,36,,5,0,0,5,0,1,SCO4534,0,0,-43.256581,-23.000674,-43.231503,-22.989374,30235,6047,15053,SAO CONRADO AEREO,5,0,5,5,1,False,SCO4534,10386060,SETD SAO CONRADO,15053,SAO CONRADO AEREO,11036041;11238572;11238586;11238593;38831865,26,2
MRP00004,LDA DAVINCI,LDA,224567922,SETD MARAPICU,224567984,46,13.2,3303500,32.156,29992.437,5740.421,110,8460.0,4666,3,37,387.62,54,10,44,543993984;971839614,5,2,0,5,2,1,ESP018,0,0,-43.646894,-22.823185,-43.590522,-22.793461,23345,4669,15697,MARAPICU,5,2,3,5,1,False,ESP018,18519958,SETD ESPERANCA,15070,ESPERANCA AEREO MT/MT,142728448;20716520;20716618;543993984;971839614,1,1097
BPD4813,LDS 4813/COSVELHO/PAINEIRAS,LDS,10385961,SETD BAEPENDI,10401435,46,13.2,3304557,23.217,19981.7,18182.555,37,3412.5,880,22,46,391.63,42,5,37,,6,1,1,5,0,2,BPD24650;BPD34707,0,0,-43.249353,-22.956676,-43.180809,-22.932686,4510,902,15026,BAEPENDI AEREO,5,0,5,5,1,False,BPD24650,10385961,SETD BAEPENDI,15026,BAEPENDI AEREO,11039639;11240896;11307562;11307604;29413994,1,1097
SCO4534,LDS 4534/LDA GRUTA,LDS,10386060,SETD SAO CONRADO,140568422,46,13.2,3304557,7.886,8981.034,7360.639,6,570.0,62,3,2,22.0,8,0,8,,5,0,0,5,0,1,SCO4200,0,0,-43.257238,-23.000651,-43.227513,-22.987234,325,65,15053,SAO CONRADO AEREO,5,0,5,5,1,False,SCO4200,10386060,SETD SAO CONRADO,15053,SAO CONRADO AEREO,11036041;11238572;11238586;11238593;38831865,26,2
JDB29436,LDA ARARIPE,LDA,10385880,SETD JARDIM BOTANICO,10401215,46,13.2,3304557,3.445,4339.644,3158.931,13,1717.5,459,1,4,57.64,16,7,9,,4,0,0,4,0,6,JDB29041;JDB29935;JDB3636;JDB625;JDB807;JDB814,0,0,-43.233261,-22.978043,-43.217336,-22.963364,1840,460,15071,JARDIM BOTANICO AEREO,4,0,4,6,6,False,JDB29041;JDB29935;JDB3636;JDB625;JDB807;JDB814,10385880,SETD JARDIM BOTANICO,15071,JARDIM BOTANICO AEREO,11008439;11008551;11100415;350674183,1,1097
RAM33377,LDA BRUNINI,LDA,1132,SETD RAMOS,1248109,46,13.2,3304557,3.65,30914.848,3319.084,49,6675.0,2929,3,7,254.906,41,12,29,,5,1,1,4,0,6,PER29478;RAM33290;RAM33310;RAM33315;RAM33354;RAM33389,0,3,-43.253238,-22.855329,-43.241578,-22.848677,11728,2932,15015,RAMOS AEREO,4,0,4,5,5,False,PER29478;RAM33310;RAM33315;RAM33354;RAM33389,1132;1240,SETD PEDRO ERNESTO;SETD RAMOS,15015,RAMOS AEREO,1620779;1620800;1620835;528737804,1,1097
SRD003,LSA PEDAGIO,LSA,18521154,SETD SEROPEDICA,18915505,67,25.0,3305554,25.805,40144.738,38826.939,0,0.0,0,3,0,0.0,30,9,21,,8,1,4,4,0,5,QMD002;QMD008;SRD0005;SRD001;SRD002,1,0,-43.76489,-22.785466,-43.687994,-22.685355,12,3,15043,SEROPEDICA AEREO,4,0,4,5,5,False,QMD002;QMD008;SRD0005;SRD001;SRD002,18520893;18521154,SETD QUEIMADOS;SETD SEROPEDICA,15043,SEROPEDICA AEREO,20729022;20782790;632750963;673670001,1,1097
PDG222,LSA PINTOR,LSA,10385916,SETD PORTA DAGUA,10401275,67,25.0,3304557,7.468,2198.796,2123.335,0,0.0,0,1,0,0.0,10,2,8,470068546,4,1,0,4,1,5,PDG280;PDG29023;PDG29731;PDG33499;PDG33670,0,0,-43.354976,-22.95819,-43.331367,-22.936593,4,1,16902,PORTA DAGUA AEREO,4,1,3,5,5,False,PDG280;PDG29023;PDG29731;PDG33499;PDG33670,10385916,SETD PORTA DAGUA,16902,PORTA DAGUA AEREO,11121333;11154279;470068546;489881287,1,1097
FCN646,LDA PARAISO,LDA,10386105,SETD FREI CANECA,10401390,46,13.2,3304557,9.967,26301.493,13297.189,97,10222.5,7338,3,23,206.62,50,12,38,769588009;996474291,4,2,0,4,2,4,FCN1169;FCN33945;FCN830;FCN929,0,0,-43.199779,-22.923551,-43.186803,-22.911931,29364,7341,15049,FREI CANECA AEREO,4,2,2,4,4,False,FCN1169;FCN33945;FCN830;FCN929,10386105,SETD FREI CANECA,15049,FREI CANECA AEREO,11120374;499452582;769588009;996474291,1,1097
VVQ9884,LDA URUCUIA,LDA,1177,SETD VILA VALQUEIRE,1248284,46,13.2,3304557,7.686,21112.895,11503.766,73,8600.0,5573,2,53,523.93,31,8,23,514266727,5,1,1,4,1,5,CCD213;CCD815;TQR00008;VVQ9951;VVQ9968,0,0,-43.370924,-22.90578,-43.348434,-22.887683,22300,5575,15032,VILA VALQUEIRE,4,1,3,5,4,False,CCD213;CCD815;TQR00008;VVQ9951,10385871;1177;1186,SETD CASCADURA;SETD TAQUARA;SETD VILA VALQUEIRE,15023;15032;15034,CASCADURA AEREO;TAQUARA AEREO;VILA VALQUEIRE,1588033;1588103;29328908;514266727,1,1097
CBI24801,LDA CIRBONI,LDA,1141,SETD CACHAMBI,1248124,46,13.2,3304557,3.189,13308.93,11907.452,45,7432.5,3738,1,34,261.92,28,8,20,,4,0,0,4,0,4,CBI00002;CBI24854;CBI33806;CBI33810,0,0,-43.286003,-22.892103,-43.27419,-22.888243,14956,3739,15027,CACHAMBI AEREO,4,0,4,5,4,False,CBI00002;CBI24854;CBI33806;CBI33810,1141,SETD CACHAMBI,15027,CACHAMBI AEREO,1601690;1625784;1625840;487884422,1,1097
MRT0002,LDA GALVAO,LDA,1312,SETD MERITI,1248414,46,13.2,3305109,5.985,14911.169,5663.098,44,4972.5,3294,0,74,606.13,18,5,13,759303880,4,1,0,4,1,4,CXS013;MRT29607;MRT29629;SJO0007,0,0,-43.3311,-22.797976,-43.323633,-22.782418,13176,3294,14993,MERITI,4,1,3,4,4,False,CXS013;MRT29607;MRT29629;SJO0007,1312;18520785;310718139,SETD CAXIAS;SETD MERITI;SETD SAO JOAO,14993;15699;15700,CAXIAS AEREO;MERITI;SAO JOAO,1566590;1604469;1632777;759303880,1,1097
NIG018,LDA AEROCLUBE,LDA,18519976,SETD NOVA IGUACU,18915380,46,13.2,3303500,6.782,15510.126,12287.0,56,8062.5,2926,9,24,268.19,43,9,34,,4,0,0,4,0,4,NIG0004;NIG009;NIG015;NIG025,0,1,-43.461436,-22.758917,-43.44564,-22.751458,11740,2935,15692,NOVA IGUACU,4,0,4,5,4,False,NIG0004;NIG009;NIG015;NIG025,18519976,SETD NOVA IGUACU,15692,NOVA IGUACU,20232408;20674961;310366167;330921495,1,1097
PDG29015,LDA ARTISTAS,LDA,10385916,SETD PORTA DAGUA,10401210,46,13.2,3304557,2.618,14824.31,13063.12,40,6650.0,2802,2,30,356.58,32,8,24,,7,3,3,4,0,5,PDG29724;PDG29731;PDG29748;PDG33010;PDG33304,0,0,-43.341889,-22.93968,-43.331642,-22.936484,11216,2804,16902,PORTA DAGUA AEREO,4,0,4,4,4,False,PDG29724;PDG29731;PDG29748;PDG33010,10385916,SETD PORTA DAGUA,16902,PORTA DAGUA AEREO,11009398;11009433;11009517;11009531,1,1097
CHR016,LDA CATANDU,LDA,18520758,SETD CACHAMORRA,18915200,46,13.2,3304557,6.365,12398.088,5230.371,28,2725.0,2121,1,69,353.06,15,4,11,,4,0,0,4,0,4,CHR0003;CHR004;CHR017;STS004,0,0,-43.568253,-22.927098,-43.552232,-22.914051,8488,2122,15011,CACHAMORRA,4,0,4,5,4,False,CHR0003;CHR004;CHR017;STS004,18520758;18521136,SETD CACHAMORRA;SETD SANTISSIMO,15011;15042,CACHAMORRA;SANTISSIMO AEREO,20687505;20687526;20739760;755769765,1,1097
RAM33310,LDA LACE,LDA,1132,SETD RAMOS,1248099,46,13.2,3304557,5.192,30940.3,2219.391,65,8790.0,1717,3,2,60.0,24,2,22,,4,0,0,4,0,4,DMC3523;RAM33354;RAM33377;RAM33389,0,0,-43.254448,-22.860907,-43.238376,-22.852439,6880,1720,15015,RAMOS AEREO,4,0,4,4,4,False,DMC3523;RAM33354;RAM33377;RAM33389,1132;1168,SETD DEMOCRATICOS;SETD RAMOS,15015;15056,DEMOCRATICOS AEREO;RAMOS AEREO,1599450;1620779;1620842;332102314,1,1097
TUR010,LDA TAUBATE,LDA,1294,SETD TURIACU,1248384,46,13.2,3304557,4.535,19786.01,17118.495,30,3647.5,1697,7,4,119.5,20,1,19,,4,0,0,4,0,4,CCD3348;CCD4079;TUR001;TUR007,0,0,-43.353757,-22.87425,-43.338029,-22.855846,6816,1704,15002,TURIACU,4,0,4,4,4,False,CCD3348;CCD4079;TUR001;TUR007,1186;1294,SETD CASCADURA;SETD TURIACU,15002;15034,CASCADURA AEREO;TURIACU,1581670;1607409;1607507;1622802,1,1097
BPN29915,LDA SANTIAGO,LDA,1159,SETD BRAS DE PINA,1248209,46,13.2,3304557,5.261,11514.052,9103.412,46,5152.5,1077,13,23,589.416,33,4,29,,4,0,0,4,0,4,BPN29869;BPN29872;BPN303;PER763,0,0,-43.279822,-22.832758,-43.268632,-22.825201,4360,1090,15017,BRAS DE PINA,4,0,4,5,4,False,BPN29869;BPN29872;BPN303;PER763,1159;1240,SETD BRAS DE PINA;SETD PEDRO ERNESTO,15017;15061,BRAS DE PINA;PEDRO ERNESTO AEREO,141556134;1581362;1581495;1617370,1,1097
WLS004,LDA BEMARAL,LDA,18519994,SETD WASHINGTON LUIS,18915365,46,13.2,3301702,2.232,8409.384,7504.065,35,7340.0,1082,4,3,175.0,24,6,18,,5,0,1,4,0,4,CXS009;WLS00012;WLS00015;WLS010,0,0,-43.311036,-22.793815,-43.306572,-22.787563,4344,1086,15073,WASHINGTON LUIS AEREO,4,0,4,4,4,False,CXS009;WLS00012;WLS00015;WLS010,18519994;18520785,SETD CAXIAS;SETD WASHINGTON LUIS,15073;15700,CAXIAS AEREO;WASHINGTON LUIS AEREO,114620059;20760713;20760741;279535152,1,1097
ALC9993,LDA AMARAL,LDA,10385889,SETD ALDEIA CAMPISTA,10401465,46,13.2,3304557,2.121,18381.171,17431.557,18,1965.0,696,3,14,67.71,15,6,9,,4,0,0,4,0,4,ALC0001;ALC740;LPD29159;LPD29232,0,0,-43.249808,-22.92318,-43.238074,-22.917075,2796,699,15033,ALDEIA CAMPISTA,4,0,4,4,4,False,ALC0001;ALC740;LPD29159;LPD29232,10385889;10386033,SETD ALDEIA CAMPISTA;SETD LEOPOLDO,15030;15033,ALDEIA CAMPISTA;LEOPOLDO AEREO,11006829;11006836;277194893;615454727,1,1097
CMT0002,LDS 1127/LDS 698/LRA OLIVARES/LRA ESCOBAR,LDS,10386051,SETD CAMPO MARTE,10401380,46,13.2,3304557,3.89,21150.047,18947.715,24,3367.5,507,9,10,232.8,56,8,48,,5,1,1,4,0,6,CMT29092;CMT29117;CMT29124;CMT29126;CMT29129;CMT3164,0,8,-43.219948,-22.90381,-43.212174,-22.897226,2064,516,15047,CAMPO MARTE AEREO,4,0,4,4,4,False,CMT29092;CMT29117;CMT29126;CMT3164,10386051,SETD CAMPO MARTE,15047,CAMPO MARTE AEREO,11024478;11081279;11081300;11102193,1,1097
REC37476,LDS 37476,LDS,132097219,SETD RECREIO,132098319,46,13.2,3304557,1.81,19658.33,17334.082,0,0.0,0,7,0,0.0,5,2,3,574279727,4,1,0,4,1,4,REC0001;REC0017;REC7;REC9,0,0,-43.468558,-23.013131,-43.459272,-23.009049,28,7,15690,BARRA SUBTERRANEO,4,1,3,5,4,False,REC0001;REC0017;REC7;REC9,132097219,SETD RECREIO,14999,RECREIO,264377913;264378562;574279727;574279819,1,1097
CHR06,LDA TAMI,LDA,18520758,SETD CACHAMORRA,18915215,46,13.2,3304557,3.081,0.0,0.0,0,0.0,0,0,0,0.0,11,2,9,,4,0,0,4,0,4,CHR0001;CHR014;CHR020;STS001,0,0,-43.577059,-22.947039,-43.568161,-22.924067,0,0,,,4,0,4,4,4,False,CHR0001;CHR014;CHR020;STS001,18520758;18521136,SETD CACHAMORRA;SETD SANTISSIMO,15011;15042,CACHAMORRA;SANTISSIMO AEREO,518170006;778335932;778336685;811592965,1,1097
TRG282,LSA CANINDE,LSA,1204,SETD TRIAGEM,1248254,67,25.0,3304557,4.293,0.0,0.0,0,0.0,0,0,0,0.0,13,2,11,799800562,4,1,0,4,1,4,CBI24876;TRG347;TRG729;TRG959,0,0,-43.266855,-22.899672,-43.248651,-22.886833,0,0,,,4,1,3,5,4,False,CBI24876;TRG347;TRG729;TRG959,1141;1204,SETD CACHAMBI;SETD TRIAGEM,15024;15027,CACHAMBI AEREO;TRIAGEM AEREO,1595537;1623278;799800562;801200485,1,1097
BAR29386,LDA FREIJO,LDA,10385907,SETD BARRA,10401285,46,13.2,3304557,6.29,25460.223,12725.133,92,12007.5,11285,0,25,199.8,34,11,23,,4,0,0,4,0,3,BAR000;BAR29407;BAR33398,0,0,-43.325833,-22.998485,-43.306576,-22.986691,45140,11285,15013,BARRA AEREO,4,0,4,4,3,False,BAR000;BAR29407;BAR33398,10385907,SETD BARRA,15013,BARRA AEREO,11061701;11135762;54541314;702897801,1,1097
BRI002,LSS 20208,LSS,18521208,SETD BRISAMAR,18915495,67,25.0,3302007,38.276,30844.884,16108.289,150,21995.0,8411,8,122,963.09,110,18,92,,6,1,2,4,0,4,BRI001;BRI003;ITG0008;ITG0011,0,0,-43.889011,-22.908031,-43.808233,-22.870732,33676,8419,15006,BRISA MAR,4,0,4,5,3,False,BRI003;ITG0008;ITG0011,18521208;310129856,SETD BRISAMAR;SETD ITAGUAI,15006;15694,BRISA MAR;ITAGUAI,20708064;20782230;344670826;821648732,1,1097
GDL24901,LDA SILTERRA,LDA,1258,SETD GUADALUPE,1248344,46,13.2,3304557,14.748,29342.656,11587.297,99,10732.5,6427,6,25,118.17,45,6,39,458363736,5,2,1,4,1,4,GDL00001;GDL00002;PVN9815;ROS016,0,0,-43.373734,-22.835944,-43.354329,-22.807261,25732,6433,15036,GUADALUPE AEREO,4,1,3,4,3,False,GDL00002;PVN9815;ROS016,1258;1303;18519985,SETD GUADALUPE;SETD PAVUNA;SETD ROSALI,14994;14996;15036,GUADALUPE AEREO;PAVUNA;ROSALI,107719320;1614122;45490810;458363736,1,1097
GDL0003,LDA VERMELHA,LDA,1258,SETD GUADALUPE,1248439,46,13.2,3304557,16.528,17769.606,9793.76,58,6345.0,5543,4,67,373.47,40,10,30,1002451546,4,1,0,4,1,3,GDL0004;GDL29969;PMG020,0,3,-43.411552,-22.86169,-43.370628,-22.83583,22188,5547,15036,GUADALUPE AEREO,4,1,3,4,3,False,GDL0004;GDL29969;PMG020,1258;18520479,SETD GUADALUPE;SETD PADRE MIGUEL,15019;15036,GUADALUPE AEREO;PADRE MIGUEL,1002451546;539974818;576078819;576671361,1,1097
CBI24896,LDA LUFERNAN,LDA,1141,SETD CACHAMBI,1248114,46,13.2,3304557,6.07,21582.448,9836.987,64,7822.5,4624,0,47,254.92,19,3,16,139718427,5,1,1,4,1,4,CBI00003;CBI24854;CBI24982;CBI33803,0,0,-43.276015,-22.889502,-43.266058,-22.880743,18496,4624,15027,CACHAMBI AEREO,4,1,3,4,3,False,CBI24854;CBI24982;CBI33803,1141,SETD CACHAMBI,15027,CACHAMBI AEREO,139718427;1596545;1596587;478016669,1,1097
ITP33396,LDA SERNAMBI,LDA,10385988,SETD ITAPEBA,10401335,46,13.2,3304557,14.662,23559.388,20439.351,97,14870.0,4328,3,66,449.98,58,8,50,587844307,4,1,0,4,1,3,ITP33382;REC00008;REC0015,0,0,-43.475513,-23.032223,-43.428854,-22.998174,17324,4331,15066,ITAPEBA AEREO URBANO,4,1,3,4,3,False,ITP33382;REC00008;REC0015,10385988;132097219,SETD ITAPEBA;SETD RECREIO,14999;15066,ITAPEBA AEREO URBANO;RECREIO,11152725;131993322;587844307;804541018,1,1097
MRT9979,LDA LOBATO,LDA,1312,SETD MERITI,1248419,46,13.2,3305109,9.814,18533.751,8733.716,75,8362.5,3962,7,19,278.122,32,7,25,745047761,4,1,0,4,1,3,MRT2135;MRT9928;ROS001,0,0,-43.350601,-22.803074,-43.330525,-22.795022,15876,3969,14993,MERITI,4,1,3,5,3,False,MRT2135;MRT9928;ROS001,1312;18519985,SETD MERITI;SETD ROSALI,14993;14996,MERITI;ROSALI,1596118;1596195;163734767;745047761,1,1097
URG29952,LDA ANDARAI,LDA,10385979,SETD URUGUAI,10401375,46,13.2,3304557,4.807,15206.486,9580.309,51,7167.5,3728,0,37,226.82,29,4,25,,4,0,0,4,0,3,URG29718;URG29931;URG29944,0,0,-43.25236,-22.937039,-43.244494,-22.930088,14912,3728,15025,URUGUAI AEREO,4,0,4,4,3,False,URG29718;URG29931;URG29944,10385979,SETD URUGUAI,15025,URUGUAI AEREO,11061918;11137974;11137988;459037252,1,1097
RCP33216,LDA MARQUEVAL,LDA,10386006,SETD RIO COMPRIDO,10401350,46,13.2,3304557,4.809,24864.239,22338.723,63,9025.0,3541,7,35,228.49,37,5,32,,4,0,0,4,0,3,ALC718;RCP33211;RCP9882,0,0,-43.232702,-22.925618,-43.221658,-22.918194,14192,3548,15058,RIO COMPRIDO AEREO,4,0,4,4,3,False,ALC718;RCP33211;RCP9882,10385889;10386006,SETD ALDEIA CAMPISTA;SETD RIO COMPRIDO,15033;15058,ALDEIA CAMPISTA;RIO COMPRIDO AEREO,11023120;11036510;11100541;11100604,1,1097
TER29223,LDA ZIEZE,LDA,1123,SETD TERRA NOVA,1248309,46,13.2,3304557,7.473,38240.603,26015.846,45,5480.0,3159,5,11,148.96,31,3,28,,4,0,0,4,0,3,PDD9873;PDD9896;TER846,0,0,-43.296251,-22.882261,-43.274152,-22.867644,12656,3164,15044,TERRA NOVA AEREO,4,0,4,4,3,False,PDD9873;PDD9896;TER846,1123;1231,SETD PIEDADE;SETD TERRA NOVA,14998;15044,PIEDADE;TERRA NOVA AEREO,14909013;1590833;1600584;1621213,1,1097
FCN0001,LDA CARMONETO,LDA,10386105,SETD FREI CANECA,10401545,46,13.2,3304557,5.205,12209.323,9911.422,62,7177.5,3135,5,13,219.58,31,6,25,,5,1,1,4,0,4,FCN1322;FCN1350;FCN1438;FCN604,0,0,-43.206517,-22.915771,-43.197161,-22.908487,12560,3140,15049,FREI CANECA AEREO,4,0,4,4,3,False,FCN1322;FCN1350;FCN1438,10386105,SETD FREI CANECA,15049,FREI CANECA AEREO,11037567;11037595;38555909;401232258,7,5
ALC3601,LDA RESERBAN,LDA,10385889,SETD ALDEIA CAMPISTA,10401450,46,13.2,3304557,3.686,9370.923,7483.051,32,5250.0,2736,2,20,123.66,38,12,26,494595875,4,1,0,4,1,3,ALC3403;ALC734;LPD29232,0,0,-43.249097,-22.919999,-43.237862,-22.915347,10952,2738,15033,ALDEIA CAMPISTA,4,1,3,4,3,False,ALC3403;ALC734;LPD29232,10385889;10386033,SETD ALDEIA CAMPISTA;SETD LEOPOLDO,15030;15033,ALDEIA CAMPISTA;LEOPOLDO AEREO,1022156737;11136399;494595875;494595884,1,1097
SRP004,LDA DRAGON,LDA,18520803,SETD SARAPUI,18915275,46,13.2,3301702,7.596,20215.296,2808.462,39,4837.5,2670,4,6,67.7,19,3,16,30900294,4,1,0,4,1,3,CXS017;CXS019;SJO0011,0,0,-43.32406,-22.745222,-43.305758,-22.717249,10696,2674,15000,SARAPUI,4,1,3,4,3,False,CXS017;CXS019;SJO0011,18520785;310718139,SETD CAXIAS;SETD SAO JOAO,15699;15700,CAXIAS AEREO;SAO JOAO,20698607;20729281;22505668;30900294,1,1097
RAM0001,LDA GENERACAO,LDA,1132,SETD RAMOS,1248099,46,13.2,3304557,6.098,36423.104,1500.326,61,8167.5,2402,2,1,2.6,29,3,26,630191815,4,1,0,4,1,3,DMC3523;DMC631;RAM33284,0,0,-43.253088,-22.868908,-43.233146,-22.855035,9616,2404,15056,DEMOCRATICOS AEREO,4,1,3,4,3,False,DMC3523;DMC631;RAM33284,1132;1168,SETD DEMOCRATICOS;SETD RAMOS,15015;15056,DEMOCRATICOS AEREO;RAMOS AEREO,1592912;1611595;630191806;630191815,1,1097
RAM33315,LDA PORENA,LDA,1132,SETD RAMOS,1248099,46,13.2,3304557,10.786,16906.881,2744.319,60,6562.5,2176,5,4,61.19,47,7,40,,5,0,1,4,0,4,PER29452;PER29478;PER874;RAM33377,0,0,-43.260548,-22.85647,-43.237889,-22.817781,8724,2181,15015,RAMOS AEREO,4,0,4,4,3,False,PER29452;PER874;RAM33377,1132;1240,SETD PEDRO ERNESTO;SETD RAMOS,15015;15061,PEDRO ERNESTO AEREO;RAMOS AEREO,1608515;1620247;1620548;528737804,1,1097
GVD9871,LDA TODILHAS,LDA,1213,SETD GOVERNADOR,1248404,46,13.2,3304557,4.597,16807.49,11998.072,32,3592.5,1758,4,70,506.28,19,3,16,,6,2,2,4,0,5,FND3262;GNB33406;GNB33413;GVD29899;GVD9878,0,0,-43.203619,-22.804437,-43.193294,-22.797806,7048,1762,15040,GOVERNADOR AEREO,4,0,4,4,3,False,FND3262;GNB33406;GNB33413,1150;1222,SETD FUNDAO;SETD GUANABARA,15037;15040,GOVERNADOR AEREO;GUANABARA AEREO,1585793;1602824;1602978;1617860,2,29
JDB29935,LDA SANTARI,LDA,10385880,SETD JARDIM BOTANICO,10401245,46,13.2,3304557,5.347,10907.318,9763.738,30,3530.0,1624,8,8,53.23,33,8,25,,4,0,0,4,0,3,JDB29041;JDB29436;LBN00004,0,0,-43.231026,-22.981355,-43.217475,-22.963295,6528,1632,15071,JARDIM BOTANICO AEREO,4,0,4,4,3,False,JDB29041;JDB29436;LBN00004,10385880;55813421,SETD JARDIM BOTANICO;SETD LEBLON,15071,JARDIM BOTANICO AEREO,11138317;11138345;11138380;350674183,1,1097
AVD30282,LDS 34560/30282/30589,LDS,10385943,SETD ALVORADA,10401315,46,13.2,3304557,18.391,26177.201,23773.745,56,11700.0,1500,2,77,1174.23,31,5,26,10917784;51249109,4,2,0,4,2,3,AVD30081;ITP0002;ITP0003,0,0,-43.402821,-23.005706,-43.356425,-22.98415,6008,1502,15004,ALVORADA,4,2,2,4,3,False,AVD30081;ITP0002;ITP0003,10385943;10385988,SETD ALVORADA;SETD ITAPEBA,15004;15060;15066,ALVORADA;ITAPEBA AEREO URBANO;ITAPEBA SUBTERRANEO,10917784;50755378;51249109;542942428,1,1097
URG29970,LDA CONDEFIM,LDA,10385979,SETD URUGUAI,10401410,46,13.2,3304557,4.167,8495.705,7396.009,27,4040.0,1434,3,21,114.07,22,6,16,977477633,4,1,0,4,1,3,ALC740;URG29706;URG29983,0,0,-43.24483,-22.937379,-43.236478,-22.929303,5748,1437,15025,URUGUAI AEREO,4,1,3,4,3,False,ALC740;URG29706;URG29983,10385889;10385979,SETD ALDEIA CAMPISTA;SETD URUGUAI,15025;15033,ALDEIA CAMPISTA;URUGUAI AEREO,11006283;11006717;11024191;977477633,1,1097
CHR005,LDA LAFAY,LDA,18520758,SETD CACHAMORRA,18915200,46,13.2,3304557,4.21,16640.435,10979.724,27,3787.5,1309,1,22,197.93,18,5,13,,5,0,1,4,0,4,CHR0003;CHR0014;CHR004;JAB010,0,0,-43.568262,-22.925028,-43.558257,-22.906927,5240,1310,15011,CACHAMORRA,4,0,4,4,3,False,CHR0003;CHR0014;JAB010,18520749;18520758,SETD CACHAMORRA;SETD JABOATAO,15011;15029,CACHAMORRA;JABOATAO AEREO,20723457;20723464;20736540;20736694,1,1097
TRG872,LDA MINERIOS,LDA,1204,SETD TRIAGEM,1248299,46,13.2,3304557,5.63,17808.131,3567.674,53,5842.5,1199,2,0,0.0,24,4,20,,4,0,0,4,0,3,DMC925;TRG665;TRG708,0,0,-43.25073,-22.891158,-43.242559,-22.878974,4804,1201,15024,TRIAGEM AEREO,4,0,4,4,3,False,DMC925;TRG665;TRG708,1168;1204,SETD DEMOCRATICOS;SETD TRIAGEM,15024;15056,DEMOCRATICOS AEREO;TRIAGEM AEREO,1602138;1602215;1602229;535865789,1,1097
PVN9935,LDA MOUREZAR,LDA,1303,SETD PAVUNA,1248399,46,13.2,3304557,3.754,9804.816,858.423,19,2287.5,1181,0,3,14.7,13,5,8,,5,0,1,4,0,4,PVN0001;PVN0006;PVN9828;PVN9891,0,0,-43.388028,-22.827665,-43.379167,-22.81604,4724,1181,14994,PAVUNA,4,0,4,4,3,False,PVN0001;PVN9828;PVN9891,1303,SETD PAVUNA,14994,PAVUNA,1603566;456654044;550572416;96319266,1,1097
CMT29126,LDA BENEDONI,LDA,10386051,SETD CAMPO MARTE,10401480,46,13.2,3304557,5.71,14442.357,8510.568,37,3390.0,821,7,4,181.0,35,3,32,,4,0,0,4,0,3,CMT0002;CMT29124;CMT29131,0,0,-43.22161,-22.898886,-43.213349,-22.88807,3312,828,15047,CAMPO MARTE AEREO,4,0,4,4,3,False,CMT0002;CMT29124;CMT29131,10386051,SETD CAMPO MARTE,15047,CAMPO MARTE AEREO,11024345;11024380;11024478;11074657,1,1097
MRT3710,LDA CARIOCA,LDA,1312,SETD MERITI,1248424,46,13.2,3305109,6.431,13316.812,7429.082,17,1800.0,705,14,2,329.8,35,4,31,,4,0,0,4,0,3,MRT3881;ROS001;ROS017,0,0,-43.355843,-22.802378,-43.330602,-22.793457,2876,719,14993,MERITI,4,0,4,4,3,False,MRT3881;ROS001;ROS017,1312;18519985,SETD MERITI;SETD ROSALI,14993;14996,MERITI;ROSALI,1623558;1623586;20801839;27469093,1,1097
ESP002,LDA CHAGAS,LDA,18519958,SETD ESPERANCA,18915330,46,13.2,3304557,5.608,6846.082,616.411,17,1515.0,688,0,2,23.37,39,6,33,,5,1,1,4,0,3,ESP004;ESP013;PCI0012,0,5,-43.6804,-22.926186,-43.661189,-22.912553,2752,688,16899,ESPERANCA AEREO AT/MT,4,0,4,4,3,False,ESP004;ESP013;PCI0012,18519958;450101398,SETD ESPERANCA;SETD PACIENCIA,16899;16900,ESPERANCA AEREO AT/MT;PACIENCIA,147988439;20667422;20703850;453567712,1,1097
SCO0001,LDA JOASEIRA,LDA,10386060,SETD SAO CONRADO,140568422,46,13.2,3304557,15.599,11349.203,8602.648,67,6877.5,665,9,72,1032.7,70,13,57,496429537,4,1,0,4,1,3,BAR99999;SCO24296;SCO29909,0,4,-43.296226,-23.016327,-43.251824,-22.990901,2696,674,15053,SAO CONRADO AEREO,4,1,3,4,3,False,BAR99999;SCO24296;SCO29909,10385907;10386060,SETD BARRA;SETD SAO CONRADO,15013;15053;15079,BARRA AEREO;SAO CONRADO AEREO;SAO CONRADO SUBTERRANEO,11036762;496429537;673488321;770064557,1,1097
GDN0020,LDS 61156,LDS,457474244,SETD GARDENIA,457474515,46,13.2,3304557,11.232,19874.217,18393.112,21,215.0,545,3,15,343.75,27,2,25,,5,1,1,4,0,4,GDN0012;GDN0013;GDN0021;GDN0022,0,0,-43.380414,-22.973182,-43.352928,-22.958551,2192,548,16903,GARDENIA,4,0,4,5,3,False,GDN0012;GDN0013;GDN0022,457474244,SETD GARDENIA,16903,GARDENIA,1011662694;459364213;512356353;783728005,1,1097
GDL0004,LDA AZUL,LDA,1258,SETD GUADALUPE,1248319,46,13.2,3304557,11.379,0.0,0.0,0,0.0,0,1,0,0.0,18,0,18,,5,1,1,4,0,4,GDL00001;GDL0003;PMG0012;PMG0015,0,0,-43.407486,-22.868926,-43.370756,-22.835823,4,1,15036,GUADALUPE AEREO,4,0,4,4,3,False,GDL0003;PMG0012;PMG0015,1258;18520479,SETD GUADALUPE;SETD PADRE MIGUEL,15019;15036,GUADALUPE AEREO;PADRE MIGUEL,565769564;565770665;576078819;577096446,1,1097
PMG0015,LDA AMARELA,LDA,18520479,SETD PADRE MIGUEL,18915110,46,13.2,3304557,8.138,218.423,209.021,0,0.0,0,1,0,0.0,18,2,16,,5,0,1,4,0,4,GDL0004;PMG0012;PMG006;PMG013,0,0,-43.426164,-22.890946,-43.402555,-22.859424,4,1,15019,PADRE MIGUEL,4,0,4,4,3,False,GDL0004;PMG0012;PMG013,1258;18520479,SETD GUADALUPE;SETD PADRE MIGUEL,15019;15036,GUADALUPE AEREO;PADRE MIGUEL,20659866;565769564;565770665;986952435,1,1097
VRD021,LSA VOTORANTIM,LSA,18520470,SETD VOLTA REDONDA,18915415,67,25.0,3306305,103.861,32824.32,35591.437,352,29525.0,12786,31,212,7558.68,241,38,203,461223510;482702344,8,3,4,4,2,4,SCI001;VRD002;VRD004;VRD015,0,0,-44.089259,-22.567188,-43.95608,-22.485407,51268,12817,15086,VOLTA REDONDA AEREO MT/MT,4,2,2,4,2,False,SCI001;VRD004,18520299;18520470,SETD SANTA CECILIA;SETD VOLTA REDONDA,15084;15090,SANTA CECILIA AEREO MT/MT;VOLTA REDONDA AEREO AT/MT,20718466;461223510;482702344;482702354,1,1097
INF0003,LSA CARMENSE I,LSA,449886789,SETD INFLUENCIA,449887035,67,25.0,3301207,285.053,-10797.335,23867.947,746,41210.0,9560,15,253,14839.853,288,51,237,946324654,7,2,3,4,1,2,INF0004;INF0005,0,2,-42.670753,-22.013952,-42.501273,-21.835516,38300,9575,15091,SAPUCAIA,4,1,3,4,2,False,INF0004;INF0005,449886789,SETD INFLUENCIA,15091,SAPUCAIA,257919342;25955413;536179105;946324654,1,1097
SPC001,LSA PORTONOVO,LSA,18520614,SETD SAPUCAIA,18915175,67,25.0,3305406,530.594,13859.625,17489.16,1300,51540.0,7721,12,174,7767.95,410,55,355,,10,2,6,4,0,2,INF0005;SPC002,0,1,-42.944111,-22.149528,-42.690318,-21.884667,30932,7733,15091,SAPUCAIA,4,0,4,4,2,False,INF0005;SPC002,18520614;449886789,SETD INFLUENCIA;SETD SAPUCAIA,15091,SAPUCAIA,20736316;20769690;20774670;20776273,1,1097
CUR33347,LDA DENGO,LDA,10386042,SETD CURICICA,676429630,46,13.2,3304557,16.248,30200.085,22955.644,115,14362.5,6233,13,77,1225.32,75,12,63,510539628,5,1,1,4,1,2,CUR33334;ITP33370,0,2,-43.43632,-22.974575,-43.396676,-22.956494,24984,6246,16901,CURICICA AEREO,4,1,3,4,2,False,CUR33334;ITP33370,10385988;10386042,SETD CURICICA;SETD ITAPEBA,15066;16901,CURICICA AEREO;ITAPEBA AEREO URBANO,11054775;510539618;510539628;539064592,1,1097
TUR005,LDA RUBI,LDA,1294,SETD TURIACU,1248389,46,13.2,3304557,10.66,27365.073,9985.97,95,10797.5,5957,2,50,487.66,31,7,24,483314225,4,1,0,4,1,2,GDL29735;TUR011,0,1,-43.360087,-22.856269,-43.350741,-22.835461,23836,5959,15002,TURIACU,4,1,3,4,2,False,GDL29735;TUR011,1258;1294,SETD GUADALUPE;SETD TURIACU,15002;15036,GUADALUPE AEREO;TURIACU,1587186;1587263;483314225;761330548,1,1097
AGR009,LDA MISAEL,LDA,1285,SETD AGUA GRANDE,1248369,46,13.2,3304557,6.922,18964.41,14601.964,72,8085.0,5459,3,62,706.49,37,8,29,,4,0,0,4,0,2,AGR004;AGR005,0,0,-43.319174,-22.828674,-43.310982,-22.820292,21848,5462,15045,AGUA GRANDE AEREO,4,0,4,4,2,False,AGR004;AGR005,1285,SETD AGUA GRANDE,15045,AGUA GRANDE AEREO,1589426;1602733;1602747;1614542,1,1097
ALC9801,LDA SILDORO,LDA,10385889,SETD ALDEIA CAMPISTA,10401465,46,13.2,3304557,7.196,22590.294,21004.543,69,10820.0,4818,12,46,558.4,62,12,50,,4,0,0,4,0,2,ALC651;ALC734,0,0,-43.246121,-22.917459,-43.236364,-22.903614,19320,4830,15033,ALDEIA CAMPISTA,4,0,4,4,2,False,ALC651;ALC734,10385889,SETD ALDEIA CAMPISTA,15033,ALDEIA CAMPISTA,11026914;11153355;491328161;689036772,1,1097
PDG29820,LDA GOIS,LDA,10385916,SETD PORTA DAGUA,10401210,46,13.2,3304557,11.1,24354.939,21660.502,98,12332.5,4804,7,361,2127.37,50,10,40,30946879;765062074,6,4,2,4,2,4,PDG29724;PDG29731;PDG33304;PDG33651,0,0,-43.352494,-22.938392,-43.331647,-22.92174,19244,4811,16902,PORTA DAGUA AEREO,4,2,2,4,2,False,PDG29731;PDG33651,10385916,SETD PORTA DAGUA,16902,PORTA DAGUA AEREO,11064781;139366213;30946879;765062074,1,1097
ROS00020,LDA SEDNA,LDA,18519985,SETD ROSALI,18915375,46,13.2,3305109,6.728,19095.783,6184.521,42,4612.5,4655,2,39,465.14,27,7,20,986808500,4,1,0,4,1,2,ROS013;ROS014,0,0,-43.388052,-22.794941,-43.370178,-22.787669,18628,4657,14996,ROSALI,4,1,3,4,2,False,ROS013;ROS014,18519985,SETD ROSALI,14996,ROSALI,139739701;20731164;20731185;986808500,1,1097
REC99999,LDA FERNANDES,LDA,132097219,SETD RECREIO,132098328,46,13.2,3304557,10.816,29467.391,24923.522,53,12227.5,4633,5,257,2654.67,61,9,52,,4,0,0,4,0,2,REC00003;REC3710,0,0,-43.486207,-23.017036,-43.467635,-23.001753,18552,4638,14999,RECREIO,4,0,4,4,2,False,REC00003;REC3710,132097219,SETD RECREIO,14999,RECREIO,1002206755;149186459;370280469;963788661,1,1097
AGR012,LDA UBIRA,LDA,1285,SETD AGUA GRANDE,17378073,46,13.2,3304557,6.148,17873.372,14258.769,74,9592.5,4437,4,56,403.67,33,5,28,750973458,4,1,0,4,1,2,AGR005;AGR010,0,1,-43.326965,-22.832029,-43.313473,-22.825209,17764,4441,15045,AGUA GRANDE AEREO,4,1,3,4,2,False,AGR005;AGR010,1285,SETD AGUA GRANDE,15045,AGUA GRANDE AEREO,1587746;1587781;1631657;750973458,1,1097
SRP006,LDA QUARENTENA,LDA,18520803,SETD SARAPUI,18915270,46,13.2,3301702,8.882,25397.024,5257.826,58,6127.5,3976,2,32,267.43,23,8,15,,5,0,1,4,0,3,SRP00016;SRP002;SRP013,0,0,-43.324095,-22.723845,-43.307628,-22.715313,15912,3978,15000,SARAPUI,4,0,4,4,2,False,SRP00016;SRP002,18520803,SETD SARAPUI,15000,SARAPUI,20729386;20729414;20776000;96186493,1,1097
CBI33810,LDA VIEIRA,LDA,1141,SETD CACHAMBI,1248119,46,13.2,3304557,3.416,15209.776,12561.81,43,4827.5,3842,2,38,393.3,17,3,14,,5,0,1,4,0,3,CBI00003;CBI24801;CBI24854,0,0,-43.285287,-22.891359,-43.274252,-22.886183,15376,3844,15027,CACHAMBI AEREO,4,0,4,4,2,False,CBI24801;CBI24854,1141,SETD CACHAMBI,15027,CACHAMBI AEREO,1601620;1601683;1625784;487884422,1,1097
TQR00008,LDA ENSEADA,LDA,10385871,SETD TAQUARA,358368704,46,13.2,3304557,7.245,27333.484,7635.151,53,6582.5,3821,2,9,88.96,19,5,14,,4,0,0,4,0,2,TQR33835;VVQ9884,0,0,-43.37399,-22.914448,-43.352267,-22.899888,15292,3823,15023,TAQUARA AEREO,4,0,4,4,2,False,TQR33835;VVQ9884,10385871;1177,SETD TAQUARA;SETD VILA VALQUEIRE,15023;15032,TAQUARA AEREO;VILA VALQUEIRE,11009741;11052815;29328908;996277218,1,1097
RCP29472,LDA CAPOTE,LDA,10386006,SETD RIO COMPRIDO,10401355,46,13.2,3304557,6.634,29792.342,27229.468,73,10165.0,3562,9,17,256.11,53,11,42,,4,0,0,4,0,2,RCP33207;RCP9958,0,0,-43.221763,-22.92545,-43.211314,-22.911179,14284,3571,15058,RIO COMPRIDO AEREO,4,0,4,4,2,False,RCP33207;RCP9958,10386006,SETD RIO COMPRIDO,15058,RIO COMPRIDO AEREO,11037077;11154125;611036203;769648081,1,1097
RCP33207,LDA SIQUEIRA,LDA,10386006,SETD RIO COMPRIDO,10401360,46,13.2,3304557,5.686,16280.153,14763.801,52,7297.5,3343,9,52,408.37,39,6,33,,4,0,0,4,0,2,RCP29472;RCP9893,0,0,-43.221834,-22.925608,-43.210221,-22.91256,13408,3352,15058,RIO COMPRIDO AEREO,4,0,4,4,2,False,RCP29472;RCP9893,10386006,SETD RIO COMPRIDO,15058,RIO COMPRIDO AEREO,11076862;11154125;611036203;611066261,1,1097
GNB29069,LDA EUTIQUIO,LDA,1150,SETD GUANABARA,1248129,46,13.2,3304557,5.481,16460.498,6357.315,39,4680.0,2481,6,24,123.96,19,2,17,,4,0,0,4,0,2,GNB29373;GNB33406,0,0,-43.190583,-22.79824,-43.182588,-22.784674,9948,2487,15037,GUANABARA AEREO,4,0,4,4,2,False,GNB29373;GNB33406,1150,SETD GUANABARA,15037,GUANABARA AEREO,1583112;1608536;1617888;791714844,2,29
URG29990,LDA MUSSU,LDA,10385979,SETD URUGUAI,10401410,46,13.2,3304557,7.04,10121.712,6284.15,45,3855.0,2247,4,33,197.77,28,8,20,1029641095;626065285,4,2,0,4,2,2,URG29944;URG29975,0,0,-43.26391,-22.948812,-43.244543,-22.936177,9004,2251,15025,URUGUAI AEREO,4,2,2,4,2,False,URG29944;URG29975,10385979,SETD URUGUAI,15025,URUGUAI AEREO,1029641095;11117637;11138016;626065285,1,1097
MRT9941,LDA CAMPOS,LDA,1312,SETD MERITI,1248424,46,13.2,3305109,5.105,13056.79,3822.493,55,5595.0,2222,2,31,258.1,16,7,9,941333378,4,1,0,4,1,2,MRT3930;MRT9954,0,0,-43.330776,-22.801276,-43.320388,-22.796313,8896,2224,14993,MERITI,4,1,3,4,2,False,MRT3930;MRT9954,1312,SETD MERITI,14993,MERITI,1622669;1622753;685465129;941333378,1,1097
HMT3144,LDS 1788/24152/ED/B,LDS,10386096,SETD HUMAITA,10401585,46,13.2,3304557,4.856,13719.295,13073.448,30,8435.0,2061,1,19,141.98,21,5,16,,5,0,1,4,0,4,BFG24452;BFG3463;HMT3022;HMT3401,0,0,-43.197389,-22.958617,-43.188928,-22.946652,8248,2062,15059,HUMAITA SUBTERRANEO,4,0,4,4,2,False,BFG24452;HMT3022,10385934;10386096,SETD BOTAFOGO;SETD HUMAITA,15022;15064,BOTAFOGO SUBTERRANEO;HUMAITA AEREO,11180119;11306512;11306925;845703375,4,6
BFG29902,LDS 29902/URCA,LDS,10385934,SETD BOTAFOGO,10401290,46,13.2,3304557,8.974,13834.786,12782.152,51,5840.0,1979,7,33,238.96,42,9,33,1008579080,4,1,0,4,1,2,BFG29165;BFG29289,0,0,-43.182313,-22.955135,-43.155336,-22.943413,7944,1986,15067,BOTAFOGO AEREO URBANO,4,1,3,4,2,False,BFG29165;BFG29289,10385934,SETD BOTAFOGO,15067,BOTAFOGO AEREO URBANO,1008579080;11307632;11308220;11308269,5,5
BMT29953,LDA GALDINO,LDA,1195,SETD BOCA DO MATO,1248169,46,13.2,3304557,3.607,12253.834,10309.655,25,6170.0,1957,2,19,120.37,17,1,16,799100745,5,2,1,4,1,3,BMT0001;BMT29737;CBI33798,0,0,-43.287519,-22.9111,-43.279402,-22.900099,7836,1959,15055,BOCA DO MATO AEREO,4,1,3,4,2,False,BMT29737;CBI33798,1141;1195,SETD BOCA DO MATO;SETD CACHAMBI,15027;15055,BOCA DO MATO AEREO;CACHAMBI AEREO,1553178;1616670;1616831;799100745,1,1097
MTC006,LDA SAMOA,LDA,1276,SETD MATURACA,1248359,46,13.2,3304557,2.968,9646.658,5765.109,30,3247.5,1542,1,24,196.4,17,4,13,,6,0,2,4,0,4,BPN20131;MTC001;MTC003;MTC007,0,0,-43.313781,-22.846092,-43.301821,-22.840335,6172,1543,15031,MATURACA AEREO,4,0,4,4,2,False,MTC003;MTC007,1276,SETD MATURACA,15031,MATURACA AEREO,1567010;1580480;1580550;1604875,1,1097
CXS016,LDA LEOME,LDA,18520785,SETD CAXIAS,18915325,46,13.2,3301702,4.279,15606.262,10802.781,31,5195.0,1472,8,7,156.6,26,4,22,,4,0,0,4,0,2,CXS009;CXS015,0,0,-43.311381,-22.787127,-43.307721,-22.770445,5920,1480,15700,CAXIAS AEREO,4,0,4,4,2,False,CXS009;CXS015,18520785,SETD CAXIAS,15700,CAXIAS AEREO,20724647;20724668;20724689;97392247,1,1097
FCN758,LDA ARISLOBO,LDA,10386105,SETD FREI CANECA,10401390,46,13.2,3304557,5.915,10254.914,1446.557,24,3022.5,1071,2,0,0.0,30,7,23,701128616,4,1,0,4,1,2,BPD24650;FCN830,0,0,-43.205429,-22.936448,-43.194948,-22.91452,4292,1073,15049,FREI CANECA AEREO,4,1,3,4,2,False,BPD24650;FCN830,10385961;10386105,SETD BAEPENDI;SETD FREI CANECA,15026;15049,BAEPENDI AEREO;FREI CANECA AEREO,1016458559;11035705;425702954;701128616,1,1097
PCI0012,LDA PEDRA AZUL,LDA,450101398,SETD PACIENCIA,450102116,46,13.2,3304557,11.079,15160.484,1215.386,43,5355.0,1013,5,1,4.0,25,7,18,756074698,4,1,0,4,1,2,ESP002;PCI0008,0,0,-43.668911,-22.935456,-43.635512,-22.918174,4072,1018,16900,PACIENCIA,4,1,3,4,2,False,ESP002;PCI0008,18519958;450101398,SETD ESPERANCA;SETD PACIENCIA,16899;16900,ESPERANCA AEREO AT/MT;PACIENCIA,147988439;20689003;20689038;756074698,1,1097
MRT29650,LDA JORNALISTA,LDA,1312,SETD MERITI,1248414,46,13.2,3305109,3.62,8691.027,3835.893,13,1245.0,104,7,0,0.0,23,3,20,,4,0,0,4,0,2,MRT9954;VGE3890,0,0,-43.340427,-22.810618,-43.32864,-22.797357,444,111,14993,MERITI,4,0,4,4,2,False,MRT9954;VGE3890,1267;1312,SETD MERITI;SETD VIGARIO GERAL,14993;15062,MERITI;VIGARIO GERAL AEREO,1595005;1609957;1610090;1610342,1,1097
QMD009,LSA PELICANO,LSA,18520893,SETD QUEIMADOS,18915300,67,25.0,3304144,28.058,35622.9,35795.527,24,14405.0,39,31,4,1685.0,112,18,94,,9,2,5,4,0,3,QMD001;QMD002;QMD005,0,0,-43.623346,-22.760739,-43.557066,-22.731204,280,70,15698,QUEIMADOS AEREO,4,0,4,4,2,False,QMD001;QMD002,18520893,SETD QUEIMADOS,15043;15698,QUEIMADOS AEREO;SEROPEDICA AEREO,20690907;20690914;20760517;463756329,1,1097
MRT2651,LSA MERICOL,LSA,1312,SETD MERITI,497378338,67,25.0,3305109,9.336,2434.242,2213.673,0,0.0,0,1,0,0.0,26,7,19,1020580858,7,1,3,4,1,4,MRT2135;MRT2492;MRT2929;VGE3947,0,0,-43.357473,-22.830974,-43.329325,-22.797173,4,1,14993,MERITI,4,1,3,4,2,False,MRT2492;VGE3947,1267;1312,SETD MERITI;SETD VIGARIO GERAL,15062,VIGARIO GERAL AEREO,1020580858;1602012;1629417;545093273,1,1097
MRT2492,LSA MONSENHOR,LSA,1312,SETD MERITI,497378338,67,25.0,3305109,3.451,0.0,0.0,0,0.0,0,0,0,0.0,12,1,11,1020580858,7,1,3,4,1,4,CCD205;MRT2135;MRT2651;MRT2929,0,0,-43.338807,-22.81855,-43.33072,-22.79746,0,0,,,4,1,3,4,2,False,CCD205;MRT2651,1186;1312,SETD CASCADURA;SETD MERITI,14993,MERITI,1020580858;1602012;490490857;545093273,1,1097
MRP00010,LDA TESLA,LDA,224567922,SETD MARAPICU,224567984,46,13.2,3303500,40.0,39856.849,9994.367,177,16147.5,8555,5,45,588.8,66,15,51,,4,0,0,4,0,1,QMD007,0,0,-43.59421,-22.8203,-43.541409,-22.783073,34240,8560,15697,MARAPICU,4,0,4,4,1,False,QMD007,18520893,SETD QUEIMADOS,15698,QUEIMADOS AEREO,135316979;139447982;20804877;92853507,1,1097
BPD4431,LDS 4431/LRA GLORIA/LRA PEMERICO,LDS,10385961,SETD BAEPENDI,10401440,46,13.2,3304557,7.789,10057.585,7538.56,34,4155.0,3612,3,13,66.37,24,6,18,550770253,8,1,4,4,1,2,BPD34707;BPD9837,0,0,-43.189568,-22.933255,-43.173511,-22.916633,14460,3615,15026,BAEPENDI AEREO,4,1,3,4,1,False,BPD9837,10385961,SETD BAEPENDI,15026,BAEPENDI AEREO,11306666;11307499;550770253;550770262,1,1097
NIG027,LSA IGUAPOLIS,LSA,18519976,SETD NOVA IGUACU,18915395,67,25.0,3303500,13.721,3399.468,3273.79,0,0.0,0,1,0,0.0,21,4,17,,7,0,3,4,0,3,NIG0004;NIG026;NIG028,0,0,-43.445594,-22.821932,-43.373976,-22.758875,4,1,15692,NOVA IGUACU,4,0,4,4,1,False,NIG026,18519976,SETD NOVA IGUACU,14993,MERITI,20717157;20717248;20745118;24050790,1,1097
CXS005,LDA ALBELO,LDA,18520785,SETD CAXIAS,18915310,46,13.2,3301702,5.997,9176.947,1228.363,42,4747.5,2063,0,1,14.4,26,7,19,,4,0,1,3,0,5,CXS013;CXS015;CXS020;MRT2929;SJO0007,0,0,-43.323961,-22.77739,-43.310774,-22.766603,6189,2063,15700,CAXIAS AEREO,3,0,3,4,4,False,CXS013;CXS020;MRT2929;SJO0007,1312;18520785;310718139,SETD CAXIAS;SETD MERITI;SETD SAO JOAO,14993;15699;15700,CAXIAS AEREO;MERITI;SAO JOAO,20659502;20659523;294452480,1,1097
TER846,LDA BUQUIRA,LDA,1123,SETD TERRA NOVA,1248314,46,13.2,3304557,7.066,19760.214,6869.895,45,5737.5,3646,6,4,105.96,35,8,27,,3,0,0,3,0,3,TER29079;TER29223;TER928,0,0,-43.30016,-22.873914,-43.274411,-22.867775,10956,3652,15044,TERRA NOVA AEREO,3,0,3,3,3,False,TER29079;TER29223;TER928,1123,SETD TERRA NOVA,15044,TERRA NOVA AEREO,1553465;1621101;1621213,1,1097
CXS019,LDA PALMIRA,LDA,18520785,SETD CAXIAS,18915325,46,13.2,3301702,8.02,11943.954,4473.479,36,3780.0,3000,3,20,152.86,29,4,25,,3,0,0,3,0,3,CXS003;SJO0007;SRP004,0,0,-43.31331,-22.77134,-43.300951,-22.742838,9009,3003,15700,CAXIAS AEREO,3,0,3,3,3,False,CXS003;SJO0007;SRP004,18520785;18520803;310718139,SETD CAXIAS;SETD SAO JOAO;SETD SARAPUI,15000;15699;15700,CAXIAS AEREO;SAO JOAO;SARAPUI,20698607;20718858;282399223,1,1097
WLS010,LDA TABELIAO,LDA,18519994,SETD WASHINGTON LUIS,18915365,46,13.2,3301702,8.356,16819.734,5835.239,104,10847.5,2684,5,1,75.0,41,9,32,,4,0,1,3,0,3,VGE3665;WLS00012;WLS004,0,0,-43.311546,-22.802349,-43.304916,-22.790103,8067,2689,15073,WASHINGTON LUIS AEREO,3,0,3,3,3,False,VGE3665;WLS00012;WLS004,1267;18519994,SETD VIGARIO GERAL;SETD WASHINGTON LUIS,15062;15073,VIGARIO GERAL AEREO;WASHINGTON LUIS AEREO,1599324;20806298;279535152,1,1097
CUR00001,LDA VILAPAN,LDA,10386042,SETD CURICICA,10401625,46,13.2,3304557,3.825,12377.885,10414.18,15,4182.5,2617,3,15,166.53,29,4,25,,3,0,0,3,0,3,CUR00002;CUR33309;CUR33801,0,0,-43.397242,-22.969831,-43.390197,-22.958028,7860,2620,16901,CURICICA AEREO,3,0,3,3,3,False,CUR00002;CUR33309;CUR33801,10386042,SETD CURICICA,16901,CURICICA AEREO,475702394;957325878;96161197,1,1097
CXS020,LDA PATURI,LDA,18520785,SETD CAXIAS,18915305,46,13.2,3301702,4.367,16514.455,3711.521,37,5175.0,2483,3,1,3.3,15,4,11,,3,0,0,3,0,3,CXS005;CXS013;SJO0007,0,0,-43.325892,-22.780596,-43.310885,-22.770442,7458,2486,15700,CAXIAS AEREO,3,0,3,3,3,False,CXS005;CXS013;SJO0007,18520785;310718139,SETD CAXIAS;SETD SAO JOAO,15699;15700,CAXIAS AEREO;SAO JOAO,20659502;20759425;20759523,1,1097
GDL0006,LDA CAMBOATA,LDA,1258,SETD GUADALUPE,1248344,46,13.2,3304557,8.488,29026.732,1101.473,71,8640.0,2212,0,1,10.0,29,5,24,,4,1,1,3,0,4,GDL00001;GDL0005;GDL29594;PVN9815,1,1,-43.373711,-22.835939,-43.356005,-22.819052,6636,2212,15036,GUADALUPE AEREO,3,0,3,3,3,False,GDL0005;GDL29594;PVN9815,1258;1303,SETD GUADALUPE;SETD PAVUNA,14994;15036,GUADALUPE AEREO;PAVUNA,1614220;1621850;681269169,1,1097
TRG915,LDA GRACINDO,LDA,1204,SETD TRIAGEM,1248299,46,13.2,3304557,3.876,16249.195,1110.78,39,5482.5,2088,3,2,40.0,31,7,24,,3,0,0,3,0,3,TRG665;TRG904;TRG959,0,0,-43.255563,-22.891509,-43.246816,-22.883859,6273,2091,15024,TRIAGEM AEREO,3,0,3,3,3,False,TRG665;TRG904;TRG959,1204,SETD TRIAGEM,15024,TRIAGEM AEREO,1581775;1611056;31840286,1,1097
TRG665,LDA AVENIDA,LDA,1204,SETD TRIAGEM,1248244,46,13.2,3304557,4.604,39453.251,3152.388,42,7222.5,2034,1,0,0.0,20,4,16,,3,0,0,3,0,3,TRG742;TRG872;TRG915,0,0,-43.254136,-22.891267,-43.243343,-22.882417,6105,2035,15024,TRIAGEM AEREO,3,0,3,3,3,False,TRG742;TRG872;TRG915,1204,SETD TRIAGEM,15024,TRIAGEM AEREO,1611056;1616887;535865789,1,1097
PVN9833,LDA MAREMI,LDA,1303,SETD PAVUNA,1248399,46,13.2,3304557,3.255,16451.472,4060.322,25,2587.5,1935,3,2,8.0,5,0,5,,3,0,0,3,0,3,PVN0004;PVN9828;ROS018,0,0,-43.388048,-22.816326,-43.38311,-22.808471,5814,1938,14994,PAVUNA,3,0,3,3,3,False,PVN0004;PVN9828;ROS018,1303;18519985,SETD PAVUNA;SETD ROSALI,14994;14996,PAVUNA;ROSALI,135394595;1615459;518049726,1,1097
MRT29607,LDA RISOL,LDA,1312,SETD MERITI,1248419,46,13.2,3305109,3.31,7138.214,2718.747,33,2715.0,1352,0,37,218.82,8,3,5,,3,0,0,3,0,3,CXS013;MRT0002;WLS00011,0,0,-43.331102,-22.797996,-43.323444,-22.790371,4056,1352,14993,MERITI,3,0,3,3,3,False,CXS013;MRT0002;WLS00011,1312;18519994;18520785,SETD CAXIAS;SETD MERITI;SETD WASHINGTON LUIS,14993;15073;15700,CAXIAS AEREO;MERITI;WASHINGTON LUIS AEREO,1566590;1566604;1566611,1,1097
JAB010,LDA MONTEIRO,LDA,18520749,SETD JABOATAO,18915190,46,13.2,3304557,3.287,10351.586,8383.15,26,3982.5,1019,5,17,213.81,22,5,17,,3,0,0,3,0,3,CHR0014;CHR005;JAB006,0,0,-43.563005,-22.909886,-43.558666,-22.896643,3072,1024,15029,JABOATAO AEREO,3,0,3,3,3,False,CHR0014;CHR005;JAB006,18520749;18520758,SETD CACHAMORRA;SETD JABOATAO,15011,CACHAMORRA,20736554;20736694;20737611,1,1097
JDB643,LDA EPITACIO,LDA,10385880,SETD JARDIM BOTANICO,10401215,46,13.2,3304557,4.052,9241.196,8652.747,40,5292.5,1004,1,17,109.33,32,4,28,,3,0,0,3,0,3,JDB1024;JDB3190;JDB820,0,0,-43.218391,-22.964979,-43.200661,-22.959342,3015,1005,15071,JARDIM BOTANICO AEREO,3,0,3,3,3,False,JDB1024;JDB3190;JDB820,10385880,SETD JARDIM BOTANICO,15071,JARDIM BOTANICO AEREO,11055279;11137407;11137421,1,1097
TER29134,LDA ATENEU,LDA,1123,SETD TERRA NOVA,1248094,46,13.2,3304557,2.971,12468.268,9688.833,17,2062.5,955,3,8,81.16,16,7,9,,3,0,0,3,0,3,TER822;TER895;TER913,0,0,-43.277263,-22.875576,-43.272892,-22.867774,2874,958,15044,TERRA NOVA AEREO,3,0,3,3,3,False,TER822;TER895;TER913,1123,SETD TERRA NOVA,15044,TERRA NOVA AEREO,1616362;1616376;1617230,1,1097
DMC753,LDA URANOS,LDA,1168,SETD DEMOCRATICOS,1248139,46,13.2,3304557,3.087,9587.901,3508.941,19,2652.5,772,5,6,85.8,16,2,14,,3,0,0,3,0,3,DMC3523;DMC739;RAM33297,0,0,-43.258664,-22.875942,-43.25196,-22.863685,2331,777,15056,DEMOCRATICOS AEREO,3,0,3,3,3,False,DMC3523;DMC739;RAM33297,1132;1168,SETD DEMOCRATICOS;SETD RAMOS,15015;15056,DEMOCRATICOS AEREO;RAMOS AEREO,1587963;1592856;1623999,1,1097
BAR3515,LDA ARQUIMIN,LDA,10385907,SETD BARRA,10401285,46,13.2,3304557,7.517,18358.322,16860.479,35,3180.0,630,9,89,1129.717,40,6,34,,3,0,0,3,0,3,AVD33340;BAR24135;BAR4998,0,0,-43.355174,-23.004903,-43.319074,-22.99713,1917,639,15690,BARRA SUBTERRANEO,3,0,3,3,3,False,AVD33340;BAR24135;BAR4998,10385907;10385943,SETD ALVORADA;SETD BARRA,15004;15013,ALVORADA;BARRA AEREO,11009244;11009328;11079683,1,1097
JDB29503,LDA MERIBE,LDA,10385880,SETD JARDIM BOTANICO,10401245,46,13.2,3304557,4.424,8795.768,7219.014,41,3565.0,496,4,2,7.65,32,6,26,,3,0,0,3,0,3,JDB29041;JDB820;JDB939,0,0,-43.223344,-22.980291,-43.215454,-22.963348,1500,500,15071,JARDIM BOTANICO AEREO,3,0,3,3,3,False,JDB29041;JDB820;JDB939,10385880,SETD JARDIM BOTANICO,15071,JARDIM BOTANICO AEREO,11103082;40247663;469948354,1,1097
ALC33118,LDA REBOUCAS,LDA,10385889,SETD ALDEIA CAMPISTA,10401465,46,13.2,3304557,2.974,1560.581,1336.609,5,950.0,377,0,3,14.26,9,1,8,671585961,3,1,0,3,1,3,ALC718;ALC868;RCP9821,0,0,-43.238594,-22.922206,-43.223258,-22.913268,1131,377,15033,ALDEIA CAMPISTA,3,1,2,3,3,False,ALC718;ALC868;RCP9821,10385889;10386006,SETD ALDEIA CAMPISTA;SETD RIO COMPRIDO,15033;15058,ALDEIA CAMPISTA;RIO COMPRIDO AEREO,11136189;11136210;671585961,1,1097
NIG0004,LDA ATHAIDE,LDA,18519976,SETD NOVA IGUACU,18915355,46,13.2,3303500,2.148,1290.68,1022.118,8,862.5,341,0,6,54.0,46,8,38,402128952,10,2,7,3,1,11,NIG001;NIG007;NIG009;NIG018;NIG025;NIG026;NIG027;NIG028;NIG029;NIG030;NIGTA23,0,0,-43.453959,-22.758914,-43.445569,-22.752303,1023,341,15692,NOVA IGUACU,3,1,2,3,3,False,NIG007;NIG009;NIG018,18519976,SETD NOVA IGUACU,15692,NOVA IGUACU,330921495;402128952;490271772,1,1097
VRD018,LSA VOLBASA,LSA,18520470,SETD VOLTA REDONDA,18915415,67,25.0,3306305,11.823,11957.84,12594.146,0,0.0,0,4,1,81.218,19,4,15,1004516954,4,1,1,3,1,3,VRD002;VRD016;VRD017,0,0,-44.089647,-22.592971,-44.068435,-22.5134,12,4,15084,VOLTA REDONDA AEREO AT/MT,3,1,2,3,3,False,VRD002;VRD016;VRD017,18520470,SETD VOLTA REDONDA,15084;15086,VOLTA REDONDA AEREO AT/MT;VOLTA REDONDA AEREO MT/MT,1004516954;37538234;539429552,1,1097
MRT2135,LSA MANTIQUIRA,LSA,1312,SETD MERITI,497378338,67,25.0,3305109,5.712,9763.463,9143.136,0,0.0,0,2,0,0.0,38,7,31,,8,0,5,3,0,7,MRT2492;MRT2651;MRT273;MRT2903;MRT2929;MRT9979;NIG026,0,0,-43.356905,-22.800342,-43.330786,-22.78812,6,2,14993,MERITI,3,0,3,3,3,False,MRT2929;MRT9979;NIG026,1312;18519976,SETD MERITI;SETD NOVA IGUACU,14993,MERITI,1596195;522481113;877242818,1,1097
QMD003,LSA AFRA,LSA,18520893,SETD QUEIMADOS,18915295,67,25.0,3304144,4.608,6032.132,5732.45,0,0.0,0,2,0,0.0,17,1,16,,5,0,2,3,0,4,QMD002;QMD004;QMD006;QMD008,0,2,-43.557852,-22.742662,-43.532644,-22.731917,6,2,15698,QUEIMADOS AEREO,3,0,3,3,3,False,QMD004;QMD006;QMD008,18520893,SETD QUEIMADOS,15043;15698,QUEIMADOS AEREO;SEROPEDICA AEREO,20232429;20683109;20714686,1,1097
JDB820,LDA DAGRACA,LDA,10385880,SETD JARDIM BOTANICO,10401255,46,13.2,3304557,0.515,26.118,21.54,1,75.0,1,0,0,0.0,4,1,3,,3,0,0,3,0,3,JDB29503;JDB643;JDB771,0,0,-43.218532,-22.96569,-43.216836,-22.963295,3,1,15071,JARDIM BOTANICO AEREO,3,0,3,3,3,False,JDB29503;JDB643;JDB771,10385880,SETD JARDIM BOTANICO,15071,JARDIM BOTANICO AEREO,11053704;11055279;40247663,1,1097
TRG398,LSS 398/330/LSA CADERJ,LSS,1204,SETD TRIAGEM,1248254,67,25.0,3304557,7.974,14005.007,13599.089,0,0.0,0,1,0,0.0,46,3,43,,3,0,0,3,0,3,CMT234;TRG2H035;TRG848,0,0,-43.251258,-22.917493,-43.234681,-22.887767,3,1,15047,CAMPO MARTE AEREO,3,0,3,3,3,False,CMT234;TRG2H035;TRG848,10386051;1204,SETD CAMPO MARTE;SETD TRIAGEM,15024,TRIAGEM AEREO,1611266;262788556;32210591,1,1097
CMT234,LSA PRAJU,LSA,10386051,SETD CAMPO MARTE,10401495,67,25.0,3304557,9.836,0.0,0.0,0,0.0,0,0,0,0.0,14,2,12,,5,0,2,3,0,4,CMT2518;CMT353;TRG398;TRV626,0,0,-43.241171,-22.913128,-43.210731,-22.875236,0,0,,,3,0,3,3,3,False,CMT2518;TRG398;TRV626,10385898;10386051;1204,SETD CAMPO MARTE;SETD TRIAGEM;SETD TROVAO,15020;15047,CAMPO MARTE AEREO;TROVAO AEREO,11056084;249223958;32210591,1,1097
TRG223,LSA HEREDIA,LSA,1204,SETD TRIAGEM,1248254,67,25.0,3304557,7.328,0.0,0.0,0,0.0,0,0,0,0.0,15,2,13,,3,0,0,3,0,3,BPN20131;DMC871;TRG347,0,0,-43.273638,-22.891822,-43.248967,-22.870632,0,0,,,3,0,3,3,3,False,BPN20131;DMC871;TRG347,1159;1168;1204,SETD BRAS DE PINA;SETD DEMOCRATICOS;SETD TRIAGEM,15024;15056,DEMOCRATICOS AEREO;TRIAGEM AEREO,1601011;1611917;1612064,1,1097
TRG347,LSS 347,LSS,1204,SETD TRIAGEM,1248254,67,25.0,3304557,12.358,0.0,0.0,0,0.0,0,0,0,0.0,13,1,12,,3,0,0,3,0,3,CCD224;TRG223;TRG282,0,0,-43.280127,-22.900069,-43.248568,-22.875362,0,0,,,3,0,3,3,3,False,CCD224;TRG223;TRG282,1186;1204,SETD CASCADURA;SETD TRIAGEM,,,1612050;1612064;1623278,1,1097
FTL005,LDA MIDIA,LDA,18521064,SETD FONTINELE,18915475,46,13.2,3300407,15.938,14827.99,12946.847,66,6675.0,5869,2,130,836.08,40,10,30,,4,1,1,3,0,3,FTL009;FTL013;FTL014,0,1,-44.172295,-22.549441,-44.157967,-22.523136,17613,5871,15007,FONTINELE,3,0,3,3,2,False,FTL009;FTL013,18521064,SETD FONTINELE,15007,FONTINELE,20676158;20745727;20745769,1,1097
FCN744,LDA SATAMINI,LDA,10386105,SETD FREI CANECA,10401545,46,13.2,3304557,5.797,24084.807,7249.922,62,6765.0,5646,5,7,31.97,39,9,30,31350633,3,1,0,3,1,2,FCN604;FCN611,0,0,-43.210077,-22.920734,-43.198206,-22.912997,16953,5651,15049,FREI CANECA AEREO,3,1,2,3,2,False,FCN604;FCN611,10386105,SETD FREI CANECA,15049,FREI CANECA AEREO,11151619;31350633;766530926,1,1097
CCD34454,LDA MANSO,LDA,1186,SETD CASCADURA,1248269,46,13.2,3304557,8.336,25381.134,19637.288,85,12455.0,5486,8,53,768.7,40,7,33,,3,0,0,3,0,2,CCD00001;CCD815,0,0,-43.352708,-22.900945,-43.331987,-22.879688,16482,5494,15034,CASCADURA AEREO,3,0,3,3,2,False,CCD00001;CCD815,1186,SETD CASCADURA,15034,CASCADURA AEREO,1598372;1598435;1621815,1,1097
JAB015,LDA VADAN,LDA,18520749,SETD JABOATAO,18915190,46,13.2,3304557,12.195,23579.712,11685.042,87,9930.0,5407,3,85,753.0,43,11,32,765070682;971873988,3,2,0,3,2,2,JAB007;JAB009,0,0,-43.560345,-22.900304,-43.532055,-22.887626,16230,5410,15029,JABOATAO AEREO,3,2,1,3,2,False,JAB007;JAB009,18520749,SETD JABOATAO,15029,JABOATAO AEREO,486059348;765070682;971873988,1,1097
IMT007,LDA EUCALIPTO,LDA,18520929,SETD INMETRO,18915450,46,13.2,3301702,42.933,21451.319,10681.761,154,8480.0,4782,11,80,727.387,78,14,64,,3,0,0,3,0,2,IMT006;IMT011,0,0,-43.296111,-22.626758,-43.246573,-22.576029,14379,4793,14997,INMETRO,3,0,3,3,2,False,IMT006;IMT011,18520929,SETD INMETRO,14997;15005,ELDORADO;INMETRO,20688282;20701071;277821921,1,1097
SCO29085,LDA GAVEMEYER,LDA,10386060,SETD SAO CONRADO,140568422,46,13.2,3304557,3.489,31841.373,3083.713,35,6862.5,4339,1,1,7.28,23,6,17,999080752,3,1,0,3,1,2,SCO24005;SCO24365,0,0,-43.255959,-22.993674,-43.248298,-22.989444,13020,4340,15053,SAO CONRADO AEREO,3,1,2,3,2,False,SCO24005;SCO24365,10386060,SETD SAO CONRADO,15053,SAO CONRADO AEREO,11062086;754236876;999080752,1,1097
CUR33801,LDA AUTODROMO,LDA,10386042,SETD CURICICA,10401620,46,13.2,3304557,7.342,28719.234,25230.123,27,7040.0,3876,6,21,769.82,30,3,27,,3,0,0,3,0,2,CUR00001;CUR33144,0,0,-43.39724,-22.968035,-43.383056,-22.958206,11646,3882,16901,CURICICA AEREO,3,0,3,3,2,False,CUR00001;CUR33144,10386042,SETD CURICICA,16901;16903,CURICICA AEREO;GARDENIA,501084056;712610899;957325878,1,1097
SCO33618,LDA ROCINHA,LDA,10386060,SETD SAO CONRADO,10401525,46,13.2,3304557,3.628,30899.124,1352.28,42,6675.0,3803,0,1,4.0,24,8,16,754494572,3,1,0,3,1,2,SCO24365;SCO33654,1,0,-43.25347,-22.992023,-43.244679,-22.986396,11409,3803,15053,SAO CONRADO AEREO,3,1,2,3,2,False,SCO24365;SCO33654,10386060,SETD SAO CONRADO,15053,SAO CONRADO AEREO,604548004;754494572;754494590,1,1097
VGE3834,LDA RIGA,LDA,1267,SETD VIGARIO GERAL,1248334,46,13.2,3304557,6.353,12368.192,8197.319,59,7087.5,3790,4,56,618.31,24,8,16,109316711,4,1,1,3,1,3,VGE3703;VGE3758;VGE3825,0,1,-43.322185,-22.818676,-43.307139,-22.811524,11382,3794,15062,VIGARIO GERAL AEREO,3,1,2,3,2,False,VGE3703;VGE3825,1267,SETD VIGARIO GERAL,15062,VIGARIO GERAL AEREO,109316711;1594354;1594494,1,1097
SRP00016,LDA VITERBO,LDA,18520803,SETD SARAPUI,18915245,46,13.2,3301702,9.518,28338.048,8185.312,59,6277.5,3696,6,20,177.3,26,3,23,,3,0,0,3,0,2,SRP002;SRP006,0,0,-43.323934,-22.730115,-43.298431,-22.716849,11106,3702,15000,SARAPUI,3,0,3,3,2,False,SRP002;SRP006,18520803,SETD SARAPUI,15000,SARAPUI,20776000;31144505;96186493,1,1097
MRT3930,LDA PIRATINI,LDA,1312,SETD MERITI,1248424,46,13.2,3305109,10.241,26171.036,11116.841,89,8970.0,3600,8,104,791.04,38,9,29,941333378;941455300,3,2,0,3,2,2,MRT9941;WLS00011,0,0,-43.331105,-22.79915,-43.311502,-22.79193,10824,3608,14993,MERITI,3,2,1,3,2,False,MRT9941;WLS00011,1312;18519994,SETD MERITI;SETD WASHINGTON LUIS,14993;15073,MERITI;WASHINGTON LUIS AEREO,1607591;941333378;941455300,1,1097
SCO33654,LDA ILIDIO,LDA,10386060,SETD SAO CONRADO,10401485,46,13.2,3304557,5.075,30985.951,1831.341,50,6900.0,3244,1,0,0.0,29,2,27,466122599;754494572,3,2,0,3,2,2,JDB625;SCO33618,0,0,-43.253834,-22.99206,-43.240879,-22.983791,9735,3245,15053,SAO CONRADO AEREO,3,2,1,3,2,False,JDB625;SCO33618,10385880;10386060,SETD JARDIM BOTANICO;SETD SAO CONRADO,15053;15071,JARDIM BOTANICO AEREO;SAO CONRADO AEREO,466122599;754494572;754494590,1,1097
FTL011,LDA FINANCA,LDA,18521064,SETD FONTINELE,18915470,46,13.2,3300407,3.32,10415.964,9264.461,38,5145.0,3026,4,13,263.761,14,2,12,,3,0,0,3,0,2,FTL001;FTL004,0,0,-44.175692,-22.549451,-44.163794,-22.545229,9090,3030,15007,FONTINELE,3,0,3,3,2,False,FTL001;FTL004,18521064,SETD FONTINELE,15007,FONTINELE,20697081;20704718;37565169,1,1097
CMT29278,LDA NABUCO,LDA,10386051,SETD CAMPO MARTE,10401480,46,13.2,3304557,7.738,7232.085,3599.327,41,4132.5,2844,2,11,63.52,29,6,23,1007248041;770343605,3,2,0,3,2,2,CMT29137;CMT29359,0,0,-43.218262,-22.90629,-43.196948,-22.898892,8538,2846,15047,CAMPO MARTE AEREO,3,2,1,3,2,False,CMT29137;CMT29359,10386051,SETD CAMPO MARTE,15047,CAMPO MARTE AEREO,1007248041;770343605;770343666,1,1097
URG29931,LDA GARIBALDI,LDA,10385979,SETD URUGUAI,10401400,46,13.2,3304557,3.413,13743.794,12226.412,48,7052.5,2789,3,16,78.99,33,9,24,824211896,3,1,0,3,1,2,URG29718;URG29952,0,0,-43.245774,-22.936618,-43.241769,-22.929643,8376,2792,15025,URUGUAI AEREO,3,1,2,3,2,False,URG29718;URG29952,10385979,SETD URUGUAI,15025,URUGUAI AEREO,11061918;823645024;824211896,1,1097
SPC002,LSA SAPUSUL,LSA,18520614,SETD SAPUCAIA,18915175,67,25.0,3305406,177.388,8497.375,10989.354,493,16817.5,2676,10,90,5938.27,179,30,149,,6,1,3,3,0,2,SPC001;TRS009,0,0,-43.032338,-22.111426,-42.902065,-21.987066,8058,2686,15091,SAPUCAIA,3,0,3,3,2,False,SPC001;TRS009,18520326;18520614,SETD SAPUCAIA;SETD TRES RIOS,15088;15091,SAPUCAIA;TRES RIOS AEREO MT/MT,20774670;20776273;20801398,1,1097
CMR1569,LDS 1569/LDA FARIA,LDS,10386015,SETD CAMERINO,10401560,46,13.2,3304557,5.127,7396.73,5528.567,46,5565.0,2638,7,7,96.08,46,10,36,762893607,3,1,0,3,1,2,CMR33090;CMR4922,0,0,-43.195702,-22.903357,-43.185775,-22.897764,7935,2645,15068,CAMERINO AEREO URBANO,3,1,2,3,2,False,CMR33090;CMR4922,10386015,SETD CAMERINO,15065;15068,CAMERINO AEREO URBANO;CAMERINO SUBTERRANEO,556128952;762893607;762893617,1,1097
IMT010,LDA MASSARANDUBA,LDA,18520929,SETD INMETRO,18915450,46,13.2,3301702,20.556,16446.516,6426.857,94,6487.5,2607,5,112,925.94,33,5,28,495643745,3,1,0,3,1,2,IMT011;IMT012,0,0,-43.330401,-22.61984,-43.283757,-22.589893,7836,2612,14997,INMETRO,3,1,2,3,2,False,IMT011;IMT012,18520929,SETD INMETRO,14997;15005,ELDORADO;INMETRO,495643735;495643745;520720558,1,1097
GVD9901,LDA MONJOL,LDA,1213,SETD GOVERNADOR,1248404,46,13.2,3304557,7.501,26100.311,17247.727,51,6522.5,2559,11,33,981.07,33,4,29,,3,0,0,3,0,2,FND3462;GNB24905,0,0,-43.202565,-22.82888,-43.168098,-22.804281,7710,2570,15040,GOVERNADOR AEREO,3,0,3,3,2,False,FND3462;GNB24905,1150;1222,SETD FUNDAO;SETD GUANABARA,15037;15040,GOVERNADOR AEREO;GUANABARA AEREO,1603006;1603160;469970069,2,29
WLS009,LDA LIMEIRA,LDA,18519994,SETD WASHINGTON LUIS,18915370,46,13.2,3301702,10.518,20481.549,12042.624,81,9380.0,2366,25,12,209.96,54,7,47,,3,0,0,3,0,2,WLS002;WLS003,0,1,-43.306815,-22.807216,-43.279041,-22.792013,7173,2391,15073,WASHINGTON LUIS AEREO,3,0,3,3,2,False,WLS002;WLS003,18519994,SETD WASHINGTON LUIS,15073,WASHINGTON LUIS AEREO,20725375;25809429;561865658,1,1097
RAM33284,LDA GUIMAX,LDA,1132,SETD RAMOS,1248109,46,13.2,3304557,7.481,44041.502,1995.609,71,9915.0,2112,2,1,60.0,25,8,17,,5,2,2,3,0,4,DMC772;RAM0001;RAM33290;RAM33366,0,0,-43.25325,-22.873154,-43.234304,-22.855043,6342,2114,15015,RAMOS AEREO,3,0,3,3,2,False,DMC772;RAM0001,1132;1168,SETD DEMOCRATICOS;SETD RAMOS,15056,DEMOCRATICOS AEREO,1611595;460458743;630127400,1,1097
WLS008,LDA MAJOFRA,LDA,18519994,SETD WASHINGTON LUIS,18915370,46,13.2,3301702,2.622,15752.352,12243.543,33,6375.0,1667,6,11,222.99,14,2,12,,3,0,0,3,0,2,WLS00014;WLS001,0,1,-43.308272,-22.793259,-43.304121,-22.785511,5019,1673,15073,WASHINGTON LUIS AEREO,3,0,3,3,2,False,WLS00014;WLS001,18519994,SETD WASHINGTON LUIS,15073,WASHINGTON LUIS AEREO,20728168;20728182;20728196,1,1097
TRV875,LDA CLEMENTE,LDA,10385898,SETD TROVAO,10401250,46,13.2,3304557,5.275,14434.501,12638.809,30,4950.0,1509,10,6,37.7,43,8,35,,4,1,1,3,0,3,TRV626;TRV705;TRV964,0,0,-43.2329,-22.892843,-43.222542,-22.885413,4557,1519,15020,TROVAO AEREO,3,0,3,3,2,False,TRV705;TRV964,10385898,SETD TROVAO,15020,TROVAO AEREO,11077240;11136721;998312160,1,1097
AVD33357,LDA RIQUE/LDA RIODESIGN,LDA,10385943,SETD ALVORADA,10401310,46,13.2,3304557,14.678,26817.25,25169.18,58,8430.0,1103,5,141,2268.689,39,7,32,,3,0,0,3,0,2,AVD33625;ITP0003,0,0,-43.392797,-23.000924,-43.366256,-22.981639,3324,1108,15004,ALVORADA,3,0,3,3,2,False,AVD33625;ITP0003,10385943;10385988,SETD ALVORADA;SETD ITAPEBA,15004;15066,ALVORADA;ITAPEBA AEREO URBANO,11137008;237643231;37992803,1,1097
TRG678,LDA TRIANA,LDA,1204,SETD TRIAGEM,1248244,46,13.2,3304557,3.583,19331.004,15856.032,33,3865.0,1040,11,10,326.922,23,3,20,,4,0,1,3,0,3,TRG729;TRG783;TRV607,0,0,-43.251316,-22.90154,-43.24417,-22.890555,3153,1051,15024,TRIAGEM AEREO,3,0,3,3,2,False,TRG729;TRV607,10385898;1204,SETD TRIAGEM;SETD TROVAO,15020;15024,TRIAGEM AEREO;TROVAO AEREO,1586479;1586493;536410817,1,1097
PER833,LDA ARPA,LDA,1240,SETD PEDRO ERNESTO,1248279,46,13.2,3304557,2.741,7676.928,3342.419,14,1650.0,1016,7,15,117.2,13,1,12,,6,0,3,3,0,4,PER763;PER828;PER852;PER917,0,0,-43.270145,-22.851432,-43.261448,-22.843179,3069,1023,15061,PEDRO ERNESTO AEREO,3,0,3,3,2,False,PER828;PER852,1240,SETD PEDRO ERNESTO,15061,PEDRO ERNESTO AEREO,1612386;1630586;1630691,1,1097
TRG708,LDA SURANA,LDA,1204,SETD TRIAGEM,1248244,46,13.2,3304557,2.562,20699.023,2183.386,19,2295.0,801,4,0,0.0,18,3,15,,3,0,0,3,0,2,TRG848;TRG872,0,0,-43.25067,-22.892099,-43.239246,-22.888671,2415,805,15024,TRIAGEM AEREO,3,0,3,3,2,False,TRG848;TRG872,1204,SETD TRIAGEM,15024,TRIAGEM AEREO,1602138;1602215;1611273,1,1097
CBI34677,LDA PEDRALTA,LDA,1141,SETD CACHAMBI,1248119,46,13.2,3304557,3.518,16358.416,14078.236,13,1155.0,636,5,6,23.98,13,3,10,967592860,3,1,0,3,1,2,CBI24854;CBI33803,0,0,-43.282787,-22.889458,-43.274263,-22.881288,1923,641,15027,CACHAMBI AEREO,3,1,2,3,2,False,CBI24854;CBI33803,1141,SETD CACHAMBI,15027,CACHAMBI AEREO,1601697;359897363;967592860,1,1097
SCO24005,LDS 24005/LRA CAPURI/LRA HERBERT,LDS,10386060,SETD SAO CONRADO,140568422,46,13.2,3304557,8.865,12369.135,9993.355,39,4875.0,624,5,24,348.57,35,6,29,999080752,3,1,0,3,1,2,SCO29085;SCO29909,0,0,-43.27009,-22.99916,-43.251823,-22.989994,1887,629,15053,SAO CONRADO AEREO,3,1,2,3,2,False,SCO29085;SCO29909,10386060,SETD SAO CONRADO,15053,SAO CONRADO AEREO,11036769;11062086;999080752,1,1097
INF0004,LSA ALBUQUERQUE,LSA,449886789,SETD INFLUENCIA,449887083,67,25.0,3301207,81.477,3916.545,19281.168,154,7747.5,335,7,28,824.97,90,13,77,,5,1,2,3,0,2,INF0003;INF0005,1,0,-42.655054,-21.92798,-42.535689,-21.831042,1026,342,15091,SAPUCAIA,3,0,3,3,2,False,INF0003;INF0005,449886789,SETD INFLUENCIA,15091,SAPUCAIA,20774761;257919342;25955413,1,1097
TRG2H035,LSA MERCADEGUE,LSA,1204,SETD TRIAGEM,1248254,67,25.0,3304557,7.623,5226.239,5106.388,0,0.0,0,3,0,0.0,24,3,21,924876161,3,1,0,3,1,2,TRG398;TRV607,0,0,-43.251475,-22.896735,-43.224492,-22.87436,9,3,15024,TRIAGEM AEREO,3,1,2,3,2,False,TRG398;TRV607,10385898;1204,SETD TRIAGEM;SETD TROVAO,15020;15047,CAMPO MARTE AEREO;TROVAO AEREO,1611301;262788556;924876161,1,1097
GVD29940,LDA MALDONADO,LDA,1213,SETD GOVERNADOR,1248404,46,13.2,3304557,7.948,302.251,184.8,2,300.0,1,0,0,0.0,10,5,5,,3,0,0,3,0,2,FND3462;GNB0001,0,0,-43.202489,-22.821481,-43.163366,-22.804323,3,1,15040,GOVERNADOR AEREO,3,0,3,3,2,False,FND3462;GNB0001,1150;1222,SETD FUNDAO;SETD GUANABARA,15040,GOVERNADOR AEREO,1592800;1597742;894126776,2,29
PDD3356,LDA CIRNE,LDA,1231,SETD PIEDADE,1248199,46,13.2,3304557,2.401,0.0,0.0,0,0.0,0,0,0,0.0,7,0,7,,4,0,1,3,0,3,CBI33806;PDD29513;PDD9873,0,0,-43.306279,-22.89284,-43.29244,-22.890222,0,0,,,3,0,3,3,2,False,CBI33806;PDD29513,1141;1231,SETD CACHAMBI;SETD PIEDADE,14998;15027,CACHAMBI AEREO;PIEDADE,1553962;1625966;345752887,1,1097
QMD006,LSA ELDORADO,LSA,18520893,SETD QUEIMADOS,18915300,67,25.0,3304144,15.435,0.0,0.0,0,0.0,0,0,0,0.0,26,8,18,,8,2,5,3,0,6,NIG030;QMD002;QMD003;QMD007;QMD008;RFR002,0,0,-43.557695,-22.749237,-43.50562,-22.717024,0,0,,,3,0,3,3,2,False,QMD003;QMD007,18520893,SETD QUEIMADOS,15698,QUEIMADOS AEREO,20232429;20699097;57214597,1,1097
SRP013,LDA TELAVIV,LDA,18520803,SETD SARAPUI,18915245,46,13.2,3301702,17.467,25029.6,9789.717,155,10627.5,6287,3,65,597.9,26,8,18,738808528,4,1,1,3,1,2,SRP0003;SRP006,0,0,-43.323918,-22.71757,-43.303106,-22.704409,18870,6290,15000,SARAPUI,3,1,2,3,1,False,SRP0003,18520803,SETD SARAPUI,15000,SARAPUI,132281227;20807488;738808528,1,1097
CCD70128,LDA GARCIA,LDA,1186,SETD CASCADURA,1248264,46,13.2,3304557,8.365,11578.961,6393.862,71,8100.0,4731,2,22,116.64,75,14,61,,5,0,2,3,0,3,CCD205;CCD292;CCD826,0,0,-43.336482,-22.895271,-43.322413,-22.880785,14199,4733,15034,CASCADURA AEREO,3,0,3,3,1,False,CCD826,1186,SETD CASCADURA,15034,CASCADURA AEREO,140783367;1589951;1590014,1,1097
MRT9913,LDA CRISTIANO,LDA,1312,SETD MERITI,1248424,46,13.2,3305109,9.022,28393.204,4034.442,73,7935.0,3949,0,25,186.37,23,5,18,992708470,3,1,0,3,1,1,VGE3758,0,0,-43.331229,-22.806307,-43.308815,-22.797352,11847,3949,14993,MERITI,3,1,2,3,1,False,VGE3758,1267,SETD VIGARIO GERAL,15062,VIGARIO GERAL AEREO,1632546;1632567;992708470,1,1097
ITP3164,LDS 34901,LDS,10385988,SETD ITAPEBA,10401335,46,13.2,3304557,14.127,21163.45,20252.192,32,8257.5,1748,7,55,708.48,29,2,27,10917707,3,1,0,3,1,1,ITP0003,0,0,-43.437639,-23.011075,-43.399848,-22.998179,5265,1755,15066,ITAPEBA AEREO URBANO,3,1,2,3,1,False,ITP0003,10385988,SETD ITAPEBA,15066,ITAPEBA AEREO URBANO,10916909;10917707;51632116,1,1097
BFG33234,LDS 33234/TEGUIMA,LDS,10385934,SETD BOTAFOGO,10401295,46,13.2,3304557,4.062,15064.422,13840.617,40,5025.0,1581,12,12,56.2,31,6,25,938045831,3,1,0,3,1,1,BFG29289,0,0,-43.188403,-22.958577,-43.180679,-22.952199,4779,1593,15067,BOTAFOGO AEREO URBANO,3,1,2,3,1,False,BFG29289,10385934,SETD BOTAFOGO,15067,BOTAFOGO AEREO URBANO,11233931;456117275;938045831,5,5
LBN00008,LDS 29574/LRA IGARAPAVA,LDS,55813421,SETD LEBLON,55816451,46,13.2,3304557,4.746,9455.748,9249.031,25,6005.0,1577,1,23,229.3,21,2,19,499692955,4,1,1,3,1,2,LBN00002;SCO4599,0,0,-43.235771,-22.991905,-43.21895,-22.982283,4734,1578,14992,LEBLON,3,1,2,3,1,False,SCO4599,10386060,SETD SAO CONRADO,15053,SAO CONRADO AEREO,11154741;499692955;499692973,20,2
SCO4599,LDA TIMORAPA,LDA,10386060,SETD SAO CONRADO,10401485,46,13.2,3304557,9.981,10373.381,9444.744,20,4895.0,1496,3,18,179.35,46,15,31,499692955,3,1,0,3,1,1,LBN00008,0,0,-43.258485,-23.000606,-43.227512,-22.98311,4497,1499,15053,SAO CONRADO AEREO,3,1,2,3,1,False,LBN00008,55813421,SETD LEBLON,14992,LEBLON,11154741;499692955;499692973,20,2
BFG24452,LDS 24452,LDS,10385934,SETD BOTAFOGO,10401300,46,13.2,3304557,5.646,12279.395,10999.939,15,4600.0,1382,3,27,280.94,18,1,17,,3,0,0,3,0,1,HMT3144,0,0,-43.193975,-22.955203,-43.180629,-22.948134,4155,1385,15064,BOTAFOGO SUBTERRANEO,3,0,3,3,1,False,HMT3144,10386096,SETD HUMAITA,15059,HUMAITA SUBTERRANEO,11180119;11306925;845703375,4,6
HMT3816,LDS 1910 / 24895/ ICATU / VIUVA / DAVI,LDS,10386096,SETD HUMAITA,10401540,46,13.2,3304557,5.568,9216.891,7947.533,24,3067.5,1091,4,18,153.69,19,5,14,,4,0,1,3,0,3,BFG24178;HMT3022;HMT3477,0,0,-43.201267,-22.958602,-43.195584,-22.950885,3285,1095,15022,HUMAITA AEREO,3,0,3,3,1,False,HMT3022,10386096,SETD HUMAITA,15022,HUMAITA AEREO,11180105;11180168;11180175,4,6
FCN37177,LDS 37177,LDS,10386105,SETD FREI CANECA,10401545,46,13.2,3304557,4.566,7574.88,7502.228,0,0.0,0,4,0,0.0,7,1,6,674042155,3,1,0,3,1,1,FCN1350,0,0,-43.200094,-22.914608,-43.190848,-22.904853,12,4,15049,FREI CANECA AEREO,3,1,2,3,1,False,FCN1350,10386105,SETD FREI CANECA,15049,FREI CANECA AEREO,11075035;478587920;674042155,7,5
FCN9490,LDS 9490,LDS,10386105,SETD FREI CANECA,10401600,46,13.2,3304557,4.114,3191.695,2749.026,11,4120.0,849,0,0,0.0,4,1,3,,2,0,0,2,0,5,CMR0003;CMR2405;FCN9100;FCN9320;FCN9460,0,0,-43.198255,-22.915243,-43.178144,-22.903759,1698,849,15049,FREI CANECA AEREO,2,0,2,5,5,False,CMR0003;CMR2405;FCN9100;FCN9320;FCN9460,10386015;10386105,SETD CAMERINO;SETD FREI CANECA,15049;15065,CAMERINO SUBTERRANEO;FREI CANECA AEREO,476415090;486317738,3,8
CLG0004,LDA ZILDA,LDA,1249,SETD COLEGIO,1248304,46,13.2,3304557,4.877,18507.884,13351.375,37,5247.5,3393,4,23,271.91,21,2,19,,2,0,0,2,0,3,AGR013;CLG0011;CLG0016,0,1,-43.33613,-22.845212,-43.324736,-22.831723,6794,3397,15021,COLEGIO AEREO,2,0,2,3,3,False,AGR013;CLG0011;CLG0016,1249;1285,SETD AGUA GRANDE;SETD COLEGIO,15021;15031;15045,AGUA GRANDE AEREO;COLEGIO AEREO;MATURACA AEREO,1608193;455095420,1,1097
JDB939,LDA LOQUINTAS,LDA,10385880,SETD JARDIM BOTANICO,10401245,46,13.2,3304557,5.241,13424.824,12443.558,52,7862.5,1793,5,64,852.974,52,15,37,,2,0,0,2,0,3,JDB29041;JDB29503;JDB4727,0,0,-43.229271,-22.965926,-43.217473,-22.959769,3596,1798,15071,JARDIM BOTANICO AEREO,2,0,2,3,3,False,JDB29041;JDB29503;JDB4727,10385880,SETD JARDIM BOTANICO,15071,JARDIM BOTANICO AEREO,11094994;469948354,1,1097
PMG0012,LDA VERDE,LDA,18520479,SETD PADRE MIGUEL,18915115,46,13.2,3304557,8.556,51.941,48.18,1,75.0,4,1,1,4.0,14,2,12,,3,0,1,2,0,4,GDL0004;PMG0015;PMG006;PMG013,0,0,-43.426033,-22.89103,-43.401534,-22.858397,10,5,15019,PADRE MIGUEL,2,0,2,3,3,False,GDL0004;PMG0015;PMG013,1258;18520479,SETD GUADALUPE;SETD PADRE MIGUEL,15019;15036,GUADALUPE AEREO;PADRE MIGUEL,577096446;986952435,1,1097
CHR014,LDA ALHAMBRA,LDA,18520758,SETD CACHAMORRA,18915215,46,13.2,3304557,2.259,0.0,0.0,0,0.0,0,0,0,0.0,6,2,4,,2,0,0,2,0,3,CHR020;CHR06;STS001,0,0,-43.575227,-22.936738,-43.567394,-22.924527,0,0,,,2,0,2,4,3,False,CHR020;CHR06;STS001,18520758;18521136,SETD CACHAMORRA;SETD SANTISSIMO,15011;15042,CACHAMORRA;SANTISSIMO AEREO,811592631;811592965,1,1097
CMT1,LSS 388,LSS,10386051,SETD CAMPO MARTE,144429247,67,25.0,3304557,7.775,0.0,0.0,0,0.0,0,0,0,0.0,12,3,9,,5,0,3,2,0,4,CMT210;CMT322;CMT327;CMT353,0,0,-43.218274,-22.911263,-43.173414,-22.895135,0,0,,,2,0,2,4,3,False,CMT322;CMT327;CMT353,10386051,SETD CAMPO MARTE,15047,CAMPO MARTE AEREO,11308549;11308682,8,4
CMT322,LSS 322,LSS,10386051,SETD CAMPO MARTE,144429247,67,25.0,3304557,11.802,0.0,0.0,0,0.0,0,0,0,0.0,7,2,5,,3,0,1,2,0,3,CMT1;CMT327;CMT353,0,0,-43.218106,-22.914972,-43.176656,-22.892903,0,0,,,2,0,2,4,3,False,CMT1;CMT327;CMT353,10386051,SETD CAMPO MARTE,15047,CAMPO MARTE AEREO,11308549;11308682,8,4
RTO008,LDA BRASILIA,LDA,18520875,SETD RETIRO,18915290,46,13.2,3306305,26.165,17096.277,13005.49,100,7157.5,8148,2,43,346.86,61,14,47,,3,0,1,2,0,3,RTO00014;RTO006;RTO013,0,2,-44.151969,-22.497512,-44.106679,-22.4691,16300,8150,14995,RETIRO,2,0,2,2,2,False,RTO00014;RTO006,18520875,SETD RETIRO,14995,RETIRO,20678251;530669874,1,1097
TER850,LDA VELUNA,LDA,1123,SETD TERRA NOVA,1248309,46,13.2,3304557,5.481,31807.584,2344.5,85,8887.5,7628,2,0,0.0,30,5,25,,3,0,1,2,0,3,TER12912;TER29152;TER913,0,0,-43.281312,-22.868489,-43.27384,-22.860472,15260,7630,15044,TERRA NOVA AEREO,2,0,2,2,2,False,TER12912;TER913,1123,SETD TERRA NOVA,15044,TERRA NOVA AEREO,1588880;1615921,1,1097
SCO24365,LDA DIONEIA,LDA,10386060,SETD SAO CONRADO,10401525,46,13.2,3304557,3.82,33974.623,5286.004,47,6840.0,5004,4,2,6.6,26,3,23,,2,0,0,2,0,2,SCO29085;SCO33618,0,0,-43.255037,-22.992718,-43.249384,-22.986627,10016,5008,15053,SAO CONRADO AEREO,2,0,2,2,2,False,SCO29085;SCO33618,10386060,SETD SAO CONRADO,15053,SAO CONRADO AEREO,604548004;754236876,1,1097
GDN0014,LDA RIO 2,LDA,457474244,SETD GARDENIA,457474515,46,13.2,3304557,5.572,24381.084,22883.466,31,10280.0,3695,5,23,255.2,28,4,24,,3,1,1,2,0,3,CUR33309;GDN0013;GDN0021,0,0,-43.38761,-22.973107,-43.379506,-22.968303,7400,3700,16903,GARDENIA,2,0,2,2,2,False,CUR33309;GDN0013,10386042;457474244,SETD CURICICA;SETD GARDENIA,16901;16903,CURICICA AEREO;GARDENIA,550216075;563441547,1,1097
JDB3636,LDS 4436/LDS 4595,LDS,10385880,SETD JARDIM BOTANICO,10401255,46,13.2,3304557,9.43,18683.63,17916.86,29,10800.0,3089,0,32,263.53,27,0,27,,2,0,0,2,0,2,JDB29436;JDB3190,0,0,-43.231986,-22.977996,-43.201917,-22.959987,6178,3089,15071,JARDIM BOTANICO AEREO,2,0,2,2,2,False,JDB29436;JDB3190,10385880,SETD JARDIM BOTANICO,15071,JARDIM BOTANICO AEREO,11008439;619989272,1,1097
MTC002,LDA ITAMBES,LDA,1276,SETD MATURACA,1248374,46,13.2,3304557,7.222,20708.826,11359.95,47,5445.0,2915,4,35,350.85,27,4,23,,2,0,0,2,0,2,MTC005;MTC013,0,0,-43.313751,-22.865325,-43.30107,-22.841279,5838,2919,15031,MATURACA AEREO,2,0,2,2,2,False,MTC005;MTC013,1276,SETD MATURACA,15031,MATURACA AEREO,1591883;1599723,1,1097
CLG0002,LDA BORGES,LDA,1249,SETD COLEGIO,1248304,46,13.2,3304557,3.154,8233.066,895.768,39,5587.5,2762,0,0,0.0,13,2,11,,2,0,0,2,0,2,CLG0013;CLG0017,0,0,-43.336899,-22.844591,-43.330231,-22.834224,5524,2762,15021,COLEGIO AEREO,2,0,2,2,2,False,CLG0013;CLG0017,1249,SETD COLEGIO,15021,COLEGIO AEREO,1600787;455443478,1,1097
BMT29833,LDA FABIO,LDA,1195,SETD BOCA DO MATO,1248169,46,13.2,3304557,3.152,9211.207,7167.027,30,4800.0,2658,0,24,134.85,28,7,21,142947283;705929382,2,2,0,2,2,2,BMT29601;BMT29804,0,1,-43.295679,-22.911009,-43.285343,-22.904471,5316,2658,15055,BOCA DO MATO AEREO,2,2,0,2,2,False,BMT29601;BMT29804,1195,SETD BOCA DO MATO,15055,BOCA DO MATO AEREO,142947283;705929382,1,1097
ALC3166,LDS 30194,LDS,10385889,SETD ALDEIA CAMPISTA,10401465,46,13.2,3304557,3.783,15822.364,15138.528,18,8450.0,2529,2,14,169.06,16,1,15,,2,0,0,2,0,2,ALC734;LPD29232,0,0,-43.251232,-22.918053,-43.23787,-22.914678,5062,2531,15033,ALDEIA CAMPISTA,2,0,2,2,2,False,ALC734;LPD29232,10385889;10386033,SETD ALDEIA CAMPISTA;SETD LEOPOLDO,15030;15033,ALDEIA CAMPISTA;LEOPOLDO AEREO,11056833;11136322,1,1097
JDB3190,LDS 4313/4073/REGIA/BOGARINA/LRA RESEDA/LRA SACOPA/LRA CONMASO/LRA BAROCOPO,LDS,10385880,SETD JARDIM BOTANICO,10401215,46,13.2,3304557,13.481,15036.444,13752.343,42,8540.0,2417,1,55,392.66,56,10,46,,3,0,1,2,0,3,JDB3636;JDB4244;JDB643,0,0,-43.218468,-22.969052,-43.197184,-22.959657,4836,2418,15071,JARDIM BOTANICO AEREO,2,0,2,2,2,False,JDB3636;JDB643,10385880,SETD JARDIM BOTANICO,15071,JARDIM BOTANICO AEREO,11137407;619989272,1,1097
AVD33351,LDS 33351,LDS,10385943,SETD ALVORADA,10401230,46,13.2,3304557,8.813,16258.26,14081.258,30,10880.0,2310,2,19,382.31,28,0,28,,3,1,1,2,0,3,AVD30007;AVD30048;AVD30081,0,0,-43.383979,-23.005384,-43.375136,-22.994323,4624,2312,15004,ALVORADA,2,0,2,2,2,False,AVD30048;AVD30081,10385943,SETD ALVORADA,15004,ALVORADA,469175417;481168504,1,1097
RCP0001,LDA CARMOURA,LDA,10386006,SETD RIO COMPRIDO,10401360,46,13.2,3304557,2.739,12297.001,11374.884,21,3702.5,2197,1,15,85.69,21,5,16,,2,0,0,2,0,2,RCP1260;RCP9882,0,0,-43.230957,-22.92718,-43.221737,-22.923639,4396,2198,15058,RIO COMPRIDO AEREO,2,0,2,2,2,False,RCP1260;RCP9882,10386006,SETD RIO COMPRIDO,15058,RIO COMPRIDO AEREO,11081629;611083437,1,1097
FCN1169,LDS 1169 / LDA OPERARIO,LDS,10386105,SETD FREI CANECA,10401545,46,13.2,3304557,1.734,822.532,302.96,17,1920.0,1929,0,0,0.0,4,0,4,,3,1,1,2,0,3,FCN1077;FCN604;FCN646,0,0,-43.201533,-22.920573,-43.197633,-22.914545,3858,1929,15049,FREI CANECA AEREO,2,0,2,2,2,False,FCN1077;FCN646,10386105,SETD FREI CANECA,15049,FREI CANECA AEREO,11081097;499452582,1,1097
BFG24750,LDS 24750,LDS,10385934,SETD BOTAFOGO,10401295,46,13.2,3304557,4.248,8725.518,7953.094,14,5350.0,1810,1,6,144.5,32,4,28,10918561;25180968,2,2,0,2,2,2,BFG24942;BFG3931,0,7,-43.181795,-22.956165,-43.166528,-22.951119,3622,1811,15064,BOTAFOGO SUBTERRANEO,2,2,0,2,2,False,BFG24942;BFG3931,10385934,SETD BOTAFOGO,15064,BOTAFOGO SUBTERRANEO,10918561;25180968,10,3
TRS005,LDA PALESTINA,LDA,18520326,SETD TRES RIOS,18915150,46,13.2,3306008,47.201,6238.829,5082.21,109,5285.0,1620,6,30,527.14,58,13,45,,6,0,4,2,0,4,TRS002;TRS003;TRS013;TRS014,0,0,-43.289407,-22.153927,-43.233825,-22.071591,3252,1626,15087,TRES RIOS AEREO AT/MT,2,0,2,2,2,False,TRS003;TRS014,18520326,SETD TRES RIOS,15087,TRES RIOS AEREO AT/MT,143174891;20712649,1,1097
HMT3386,LDS 4117/LDS1585/MAR,LDS,10386096,SETD HUMAITA,10401540,46,13.2,3304557,5.922,14137.057,12599.585,16,6037.5,1612,3,12,51.45,17,1,16,,2,0,0,2,0,2,BFG24849;HMT3022,0,0,-43.19621,-22.958621,-43.188255,-22.951079,3230,1615,15059,HUMAITA SUBTERRANEO,2,0,2,2,2,False,BFG24849;HMT3022,10385934;10386096,SETD BOTAFOGO;SETD HUMAITA,15022;15064,BOTAFOGO SUBTERRANEO;HUMAITA AEREO,11307268;503304038,4,6
CMS010,LDA URU,LDA,18520839,SETD COSMOS,18915265,46,13.2,3304557,3.855,6869.264,2613.711,24,2647.5,1491,0,32,216.44,14,6,8,,2,0,0,2,0,2,CMS005;PCI3620,0,0,-43.621727,-22.908185,-43.614706,-22.9023,2982,1491,16897,COSMOS,2,0,2,2,2,False,CMS005;PCI3620,18520839;450101398,SETD COSMOS;SETD PACIENCIA,16897,COSMOS,20815772;723916892,1,1097
JDB3716,LDS 4461/4576,LDS,10385880,SETD JARDIM BOTANICO,10401245,46,13.2,3304557,9.876,9842.969,9378.579,17,6710.0,1432,2,7,56.51,20,1,19,,2,0,0,2,0,2,JDB807;JDB814,0,0,-43.234664,-22.982999,-43.217334,-22.9633,2868,1434,15071,JARDIM BOTANICO AEREO,2,0,2,2,2,False,JDB807;JDB814,10385880,SETD JARDIM BOTANICO,15071,JARDIM BOTANICO AEREO,11100268;11240427,1,1097
GVD9875,LDA MUIATUCA,LDA,1213,SETD GOVERNADOR,1248164,46,13.2,3304557,2.445,12447.556,9767.516,21,2362.5,1219,5,20,126.35,16,1,15,,2,0,0,2,0,2,GNB33413;GVD3629,0,0,-43.202565,-22.808133,-43.19389,-22.803815,2448,1224,15040,GOVERNADOR AEREO,2,0,2,2,2,False,GNB33413;GVD3629,1150;1213,SETD GOVERNADOR;SETD GUANABARA,15037,GUANABARA AEREO,1602838;1602908,2,29
SRP009,LDA FARAO,LDA,18520803,SETD SARAPUI,18915270,46,13.2,3301702,8.122,9846.408,612.225,24,2295.0,928,1,1,14.0,9,2,7,,2,0,0,2,0,2,SJO0006;SRP005,0,0,-43.329962,-22.746315,-43.321255,-22.717251,1858,929,15000,SARAPUI,2,0,2,2,2,False,SJO0006;SRP005,18520803;310718139,SETD SAO JOAO;SETD SARAPUI,15000;15699,SAO JOAO;SARAPUI,20713930;282364888,1,1097
JDB771,LDS 771 / LDA PIONZE/LRA BOTANICO,LDS,10385880,SETD JARDIM BOTANICO,10401215,46,13.2,3304557,1.573,2664.204,2448.443,12,2507.5,605,0,10,82.86,6,1,5,,2,0,0,2,0,2,JDB820;JDB932,0,0,-43.218532,-22.966025,-43.215969,-22.961469,1210,605,15071,JARDIM BOTANICO AEREO,2,0,2,2,2,False,JDB820;JDB932,10385880,SETD JARDIM BOTANICO,15071,JARDIM BOTANICO AEREO,11053704;11278633,1,1097
DMC655,LDA LONDRES,LDA,1168,SETD DEMOCRATICOS,1248154,46,13.2,3304557,3.781,22812.874,12915.458,19,2947.5,568,5,13,355.84,21,4,17,,2,0,0,2,0,2,DMC3523;DMC631,0,0,-43.25846,-22.875798,-43.245383,-22.860614,1146,573,15015,RAMOS AEREO,2,0,2,2,2,False,DMC3523;DMC631,1168,SETD DEMOCRATICOS,15056,DEMOCRATICOS AEREO,1621584;47230162,1,1097
TRG966,LDA DALACHAN,LDA,1204,SETD TRIAGEM,1248299,46,13.2,3304557,2.629,5475.049,3886.118,21,2692.5,529,6,5,82.88,21,2,19,,2,0,0,2,0,2,TRG848;TRV607,0,0,-43.250705,-22.897018,-43.241844,-22.888899,1070,535,15024,TRIAGEM AEREO,2,0,2,2,2,False,TRG848;TRV607,10385898;1204,SETD TRIAGEM;SETD TROVAO,15020;15024,TRIAGEM AEREO;TROVAO AEREO,1627499;1627597,1,1097
CMT3164,LDS 1229/LDS24172/LRA ANTUNES/LRA HERFONTES,LDS,10386051,SETD CAMPO MARTE,10401480,46,13.2,3304557,7.135,8979.415,6920.002,5,630.0,488,3,0,0.0,45,3,42,,2,0,0,2,0,2,CMT0002;CMT29117,0,0,-43.218828,-22.907358,-43.19468,-22.892443,982,491,15047,CAMPO MARTE AEREO,2,0,2,2,2,False,CMT0002;CMT29117,10386051,SETD CAMPO MARTE,15047,CAMPO MARTE AEREO,11081279;11102207,1,1097
BPD1093,LDS 1093,LDS,10385961,SETD BAEPENDI,10401435,46,13.2,3304557,6.652,10855.395,9971.961,3,810.0,461,3,1,10.0,7,0,7,,3,0,1,2,0,3,BPD34707;SLZ4500;SLZ4680,0,0,-43.180933,-22.933257,-43.169111,-22.912373,928,464,15063,BAEPENDI SUBTERRANEO,2,0,2,2,2,False,SLZ4500;SLZ4680,10386069,SETD SANTA LUZIA,15016,SANTA LUZIA,531610178;534989703,6,5
IMT009,LDA JATOBA,LDA,18520929,SETD INMETRO,18915450,46,13.2,3301702,19.265,2388.038,497.078,95,1587.5,276,0,10,169.23,30,2,28,,2,0,0,2,0,2,IMT004;IMT005,0,0,-43.289313,-22.590925,-43.257533,-22.557131,552,276,14997,INMETRO,2,0,2,2,2,False,IMT004;IMT005,18520929,SETD INMETRO,14997,INMETRO,20662659;27971170,1,1097
FND33757,LDA LETRAS,LDA,1222,SETD FUNDAO,1248409,46,13.2,3304557,11.717,20550.401,19580.745,17,1327.5,72,10,1,187.266,29,4,25,,2,0,0,2,0,2,FND1239;FND33454,0,0,-43.241433,-22.863502,-43.210498,-22.838591,164,82,15061,PEDRO ERNESTO AEREO,2,0,2,2,2,False,FND1239;FND33454,1222,SETD FUNDAO,15061,PEDRO ERNESTO AEREO,114937703;1625245,13,3
GDN0022,LDA CASTOARES,LDA,457474244,SETD GARDENIA,457474515,46,13.2,3304557,6.566,9908.727,3213.953,1,30.0,77,0,2,29.58,12,1,11,,2,0,0,2,0,2,GDN0013;GDN0020,0,0,-43.380299,-22.973179,-43.337159,-22.954769,154,77,16903,GARDENIA,2,0,2,2,2,False,GDN0013;GDN0020,457474244,SETD GARDENIA,16903,GARDENIA,783728005;803141226,1,1097
ZIN003,LDA CRUZALIA,LDA,18520911,SETD ZONA INDUSTRIAL,18915435,46,13.2,3304557,5.703,27661.958,24143.003,8,367.5,27,11,0,0.0,17,1,16,,2,0,0,2,0,2,ZIN001;ZIN004,0,0,-43.742823,-22.894571,-43.727726,-22.880585,76,38,15696,ZONA INDUSTRIAL,2,0,2,2,2,False,ZIN001;ZIN004,18520911,SETD ZONA INDUSTRIAL,15694;15696,ITAGUAI;ZONA INDUSTRIAL,133814004;32896650,1,1097
ZIN001,LDA RESERVA-ZIN,LDA,18520911,SETD ZONA INDUSTRIAL,18915435,46,13.2,3304557,3.636,790.401,133.322,3,90.0,12,0,0,0.0,8,4,4,,5,0,3,2,0,5,ITG0003;ZIN003;ZIN004;ZIN006;ZIN007,0,0,-43.761275,-22.894525,-43.735167,-22.882103,24,12,15694,ITAGUAI,2,0,2,2,2,False,ZIN003;ZIN006,18520911,SETD ZONA INDUSTRIAL,15696,ZONA INDUSTRIAL,133814004;26597122,1,1097
ZIN002,LDA GUARANTA,LDA,18520911,SETD ZONA INDUSTRIAL,18915435,46,13.2,3304557,3.655,4305.671,1445.119,6,352.5,2,4,1,50.0,8,1,7,,2,0,0,2,0,2,ZIN004;ZIN005,0,0,-43.746632,-22.894538,-43.735155,-22.877308,12,6,15696,ZONA INDUSTRIAL,2,0,2,2,2,False,ZIN004;ZIN005,18520911,SETD ZONA INDUSTRIAL,15696,ZONA INDUSTRIAL,148293648;20713195,1,1097
SLZ4680,LDS 4680,LDS,10386069,SETD SANTA LUZIA,10401520,46,13.2,3304557,2.208,5742.107,5697.417,0,0.0,0,4,0,0.0,6,1,5,,2,0,0,2,0,2,BPD1093;SLZ4500,0,0,-43.174365,-22.913055,-43.169141,-22.908277,8,4,15016,SANTA LUZIA,2,0,2,2,2,False,BPD1093;SLZ4500,10385961;10386069,SETD BAEPENDI;SETD SANTA LUZIA,15016;15063,BAEPENDI SUBTERRANEO;SANTA LUZIA,531610178;534989703,6,5
CMT2518,LSS 391,LSS,10386051,SETD CAMPO MARTE,10401495,67,25.0,3304557,4.196,40951.587,37259.476,0,0.0,0,3,0,0.0,9,2,7,,4,0,2,2,0,2,CMT234;CMT288,0,0,-43.219151,-22.899197,-43.208737,-22.87641,6,3,15047,CAMPO MARTE AEREO,2,0,2,2,2,False,CMT234;CMT288,10386051,SETD CAMPO MARTE,15047,CAMPO MARTE AEREO,11138170;249223958,1,1097
GNB34723,LDA MARREIROS,LDA,1150,SETD GUANABARA,1248144,46,13.2,3304557,15.618,19180.508,17580.257,0,0.0,0,2,0,0.0,20,4,16,,2,0,0,2,0,2,FND3462;GNB24905,0,3,-43.189,-22.82113,-43.119166,-22.797085,4,2,15037,GUANABARA AEREO,2,0,2,2,2,False,FND3462;GNB24905,1150;1222,SETD FUNDAO;SETD GUANABARA,15037;15040,GOVERNADOR AEREO;GUANABARA AEREO,1592730;1592765,2,29
CMT327,LSS 327,LSS,10386051,SETD CAMPO MARTE,144429247,67,25.0,3304557,8.055,0.0,0.0,0,0.0,0,1,0,0.0,7,2,5,,2,0,0,2,0,2,CMT1;CMT322,0,0,-43.219148,-22.911261,-43.173434,-22.895128,2,1,15047,CAMPO MARTE AEREO,2,0,2,2,2,False,CMT1;CMT322,10386051,SETD CAMPO MARTE,,,11308549;11308682,8,4
CMT353,LSS 353,LSS,10386051,SETD CAMPO MARTE,10401495,67,25.0,3304557,1.362,829.124,621.27,0,0.0,0,1,0,0.0,5,1,4,,4,0,2,2,0,3,CMT1;CMT234;CMT322,0,0,-43.218274,-22.903581,-43.212541,-22.898674,2,1,15047,CAMPO MARTE AEREO,2,0,2,2,2,False,CMT1;CMT322,10386051,SETD CAMPO MARTE,,,11308549;11308682,8,4
CUR24794,LDS 24794,LDS,10386042,SETD CURICICA,10401620,46,13.2,3304557,4.62,9903.656,9624.922,0,0.0,0,1,0,0.0,1,0,1,,2,0,0,2,0,2,GDN0019;ITP33370,0,0,-43.416524,-22.978675,-43.396453,-22.958154,2,1,16901,CURICICA AEREO,2,0,2,2,2,False,GDN0019;ITP33370,10385988;457474244,SETD GARDENIA;SETD ITAPEBA,15066,ITAPEBA AEREO URBANO,543423140;674437197,1,1097
ITP33143,LDA SALVALENDE,LDA,10385988,SETD ITAPEBA,10401330,46,13.2,3304557,5.406,36.802,31.768,1,75.0,1,0,0,0.0,6,0,6,,2,0,0,2,0,2,GDN0019;ITP33172,0,0,-43.430994,-22.999241,-43.410593,-22.977611,2,1,15066,ITAPEBA AEREO URBANO,2,0,2,2,2,False,GDN0019;ITP33172,10385988;457474244,SETD GARDENIA;SETD ITAPEBA,15066,ITAPEBA AEREO URBANO,11008754;543423140,1,1097
BPN20135,LSA LISBOA,LSA,1159,SETD BRAS DE PINA,1248219,67,25.0,3304557,1.618,0.0,0.0,0,0.0,0,0,0,0.0,6,1,5,,2,0,0,2,0,2,BPN20131;TRG275,0,0,-43.283589,-22.833063,-43.279134,-22.826153,0,0,,,2,0,2,2,2,False,BPN20131;TRG275,1159;1204,SETD BRAS DE PINA;SETD TRIAGEM,15024,TRIAGEM AEREO,1605834;1617958,1,1097
BPN314,LSA CASCAIS,LSA,1159,SETD BRAS DE PINA,1248224,67,25.0,3304557,0.697,0.0,0.0,0,0.0,0,0,0,0.0,8,3,5,,2,0,0,2,0,2,BPN29590;MRT273,0,0,-43.282131,-22.82669,-43.279312,-22.824303,0,0,,,2,0,2,2,2,False,BPN29590;MRT273,1159;1312,SETD BRAS DE PINA;SETD MERITI,15017,BRAS DE PINA,134256395;1624489,1,1097
FND3424,LDA PORTUGUESA,LDA,1222,SETD FUNDAO,1248409,46,13.2,3304557,8.88,0.0,0.0,0,0.0,0,0,0,0.0,10,1,9,,2,0,0,2,0,2,FND3262;FND3747,0,0,-43.242,-22.838797,-43.210992,-22.794901,0,0,,,2,0,2,2,2,False,FND3262;FND3747,1222,SETD FUNDAO,15040,GOVERNADOR AEREO,1024518466;1024519465,2,29
FND3726,LDA CERROAZUL,LDA,1222,SETD FUNDAO,1248184,46,13.2,3304557,8.792,0.0,0.0,0,0.0,0,0,0,0.0,9,1,8,,2,0,0,2,0,2,FND3462;FND3747,0,0,-43.241996,-22.838849,-43.211194,-22.794922,0,0,,,2,0,2,2,2,False,FND3462;FND3747,1222,SETD FUNDAO,15040,GOVERNADOR AEREO,1024518818;1024518848,2,29
QMD010,LSA GAVIAO,LSA,18520893,SETD QUEIMADOS,18915300,67,25.0,3304144,18.598,0.0,0.0,0,0.0,0,0,0,0.0,16,0,16,,4,0,2,2,0,3,QMD001;QMD002;QMD005,0,0,-43.626028,-22.814168,-43.557066,-22.74115,0,0,,,2,0,2,2,2,False,QMD001;QMD005,18520893,SETD QUEIMADOS,15692;15698,NOVA IGUACU;QUEIMADOS AEREO,25721759;261214038,1,1097
SDD002,LSA SAPOTIS,LSA,18520398,SETD SAUDADE,18915170,67,25.0,3300407,454.51,29426.28,28068.003,870,38227.5,8656,22,156,2691.81,452,45,407,499117598,8,3,6,2,1,2,SDD001;VRD015,0,4,-44.336817,-22.585587,-44.131223,-22.236701,17356,8678,15001,SAUDADE,2,1,1,2,1,False,VRD015,18520470,SETD VOLTA REDONDA,15086,VOLTA REDONDA AEREO MT/MT,298280749;499117598,1,1097
CBI24826,LDA TENCOSTA,LDA,1141,SETD CACHAMBI,1248114,46,13.2,3304557,5.162,16534.502,14179.321,63,7665.0,4513,3,64,425.42,23,3,20,,3,1,1,2,0,2,CBI24833;CBI33798,0,0,-43.288986,-22.897679,-43.274232,-22.888259,9032,4516,15027,CACHAMBI AEREO,2,0,2,2,1,False,CBI24833,1141,SETD CACHAMBI,15027,CACHAMBI AEREO,1585044;1609593,1,1097
SAT9693,LDS 24090,LDS,10385970,SETD SANTO ANTONIO,10401405,46,13.2,3304557,2.637,14626.842,13355.179,19,7430.0,3515,0,10,317.1,16,2,14,732384743,7,5,5,2,1,2,SAT1038;SAT9523,0,0,-43.186949,-22.916131,-43.181775,-22.90823,7030,3515,15083,SANTO ANTONIO SUBTERRANEO,2,1,1,2,1,False,SAT1038,10385970,SETD SANTO ANTONIO,15083,SANTO ANTONIO SUBTERRANEO,11178824;732384743,25,2
GNB33401,LDA NADRUZ,LDA,1150,SETD GUANABARA,1248144,46,13.2,3304557,9.267,23774.624,6528.695,65,7312.5,3421,1,51,359.61,35,7,28,,2,0,0,2,0,1,GNB34726,0,0,-43.228539,-22.79747,-43.18884,-22.784118,6844,3422,15037,GUANABARA AEREO,2,0,2,2,1,False,GNB34726,1150,SETD GUANABARA,15037,GUANABARA AEREO,1603832;1613751,2,29
SAT1038,LDS 1038/LDA ANDRE,LDS,10385970,SETD SANTO ANTONIO,10401425,46,13.2,3304557,4.413,16693.007,15503.53,20,6100.0,3178,2,2,35.04,16,1,15,732384743,6,5,4,2,1,2,SAT9523;SAT9693,0,0,-43.188581,-22.918966,-43.179061,-22.908402,6360,3180,15083,SANTO ANTONIO SUBTERRANEO,2,1,1,2,1,False,SAT9693,10385970,SETD SANTO ANTONIO,15083,SANTO ANTONIO SUBTERRANEO,11178824;732384743,25,2
LPD29211,LDA ESTEVAO,LDA,10386033,SETD LEOPOLDO,10401385,46,13.2,3304557,4.901,12394.205,1693.557,51,4567.5,3061,0,2,16.8,23,7,16,,3,0,1,2,0,1,LPD29304,0,0,-43.262514,-22.936079,-43.254375,-22.929042,6122,3061,15030,LEOPOLDO AEREO,2,0,2,2,1,False,LPD29304,10386033,SETD LEOPOLDO,15030,LEOPOLDO AEREO,11137225;11137386,1,1097
REC0014,LDS 38052,LDS,132097219,SETD RECREIO,132098328,46,13.2,3304557,11.314,12471.058,11049.511,17,3845.0,2773,1,10,41.86,15,1,14,,2,0,0,2,0,1,REC0012,0,0,-43.514603,-23.024777,-43.467699,-23.010789,5548,2774,14999,RECREIO,2,0,2,2,1,False,REC0012,132097219,SETD RECREIO,14999,RECREIO,486205966;862007790,1,1097
SMT0001,LDS 34962,LDS,10385997,SETD SAMARITANO,10401340,46,13.2,3304557,2.55,10267.558,8654.258,10,4800.0,2772,1,6,32.1,40,6,34,732393294,5,1,3,2,1,6,SMT24276;SMT30468;SMT30735;SMT33668;SMT37336;SMT9344,0,6,-43.188352,-22.94949,-43.182082,-22.945551,5546,2773,15076,SAMARITANO SUBTERRANEO,2,1,1,2,1,False,SMT33668,10385997,SETD SAMARITANO,15078,SAMARITANO AEREO URBANO,732393294;732393397,1,1097
CMR33066,LDS 33066/CONCEICAO,LDS,10386015,SETD CAMERINO,10401365,46,13.2,3304557,3.777,6063.622,4973.025,23,2640.0,1497,1,10,65.62,13,2,11,,4,2,2,2,0,2,CMR33090;CMR9663,0,0,-43.194213,-22.901244,-43.183132,-22.893029,2996,1498,15065,CAMERINO SUBTERRANEO,2,0,2,2,1,False,CMR33090,10386015,SETD CAMERINO,15068,CAMERINO AEREO URBANO,11153943;11233896,1,1097
ITP00005,LDA CASUARINA,LDA,10385988,SETD ITAPEBA,10401335,46,13.2,3304557,2.981,11587.995,7063.491,13,2047.5,1333,1,52,402.94,20,3,17,,2,0,0,2,0,1,ITP33172,0,0,-43.438567,-23.006651,-43.430694,-22.998399,2668,1334,15066,ITAPEBA AEREO URBANO,2,0,2,2,1,False,ITP33172,10385988,SETD ITAPEBA,15066,ITAPEBA AEREO URBANO,456765966;642725946,1,1097
GDN0004,LDA AYRTON,LDA,457474244,SETD GARDENIA,457474600,46,13.2,3304557,4.664,11456.814,9540.953,24,4422.5,989,10,21,945.95,37,3,34,,2,0,0,2,0,1,GDN0011,0,0,-43.380219,-22.975984,-43.36694,-22.972072,1998,999,16903,GARDENIA,2,0,2,2,1,False,GDN0011,457474244,SETD GARDENIA,16903,GARDENIA,11137897;473203165,1,1097
TRG813,LDA UBAJARA,LDA,1204,SETD TRIAGEM,1248299,46,13.2,3304557,3.879,13168.518,2543.583,37,4350.0,953,4,7,55.18,26,5,21,,2,0,0,2,0,1,TRG904,0,0,-43.25823,-22.893825,-43.250257,-22.887849,1914,957,15024,TRIAGEM AEREO,2,0,2,2,1,False,TRG904,1204,SETD TRIAGEM,15024,TRIAGEM AEREO,1587571;1587578,1,1097
BAR3121,LDS 4868,LDS,10385907,SETD BARRA,10401280,46,13.2,3304557,11.138,10615.842,10255.966,33,9295.0,926,2,35,463.46,25,2,23,,2,0,0,2,0,1,BAR29680,0,0,-43.363204,-23.006241,-43.324797,-22.996727,1856,928,15690,BARRA SUBTERRANEO,2,0,2,2,1,False,BAR29680,10385907,SETD BARRA,15689,BARRA 2,37950517;40617132,1,1097
BPD4302,LDS 4302/INDIO/BIBIANO,LDS,10385961,SETD BAEPENDI,10401435,46,13.2,3304557,3.384,5213.63,4630.473,15,1785.0,833,6,7,118.72,31,4,27,,3,0,1,2,0,2,BPD34707;BPD4990,0,0,-43.182851,-22.941178,-43.177112,-22.932696,1678,839,15063,BAEPENDI SUBTERRANEO,2,0,2,2,1,False,BPD4990,10385961,SETD BAEPENDI,15063,BAEPENDI SUBTERRANEO,11255206;11255213,15,2
MRT33313,LDA GIL,LDA,1312,SETD MERITI,1248424,46,13.2,3305109,3.605,9706.954,8680.869,9,1020.0,227,9,1,50.0,45,2,43,,3,0,1,2,0,2,MRT29825;MRT9954,0,7,-43.341113,-22.810596,-43.330472,-22.797331,472,236,14993,MERITI,2,0,2,2,1,False,MRT9954,1312,SETD MERITI,14993,MERITI,115611752;517281009,1,1097
REC3710,LDA CRESPO,LDA,132097219,SETD RECREIO,132023773,46,13.2,3304557,1.578,9984.903,9504.826,5,1330.0,117,1,1,60.0,9,2,7,,4,0,2,2,0,2,REC00005;REC99999,0,0,-43.475331,-23.016024,-43.467547,-23.01081,236,118,14999,RECREIO,2,0,2,2,1,False,REC99999,132097219,SETD RECREIO,14999,RECREIO,1002206755;963788661,1,1097
FND4286,LDS 4286,LDS,1222,SETD FUNDAO,1248409,46,13.2,3304557,5.448,5035.118,3270.05,12,547.5,24,4,0,0.0,13,1,12,,2,0,0,2,0,1,FND4304,0,0,-43.242229,-22.839017,-43.229088,-22.8156,56,28,15061,PEDRO ERNESTO AEREO,2,0,2,2,1,False,FND4304,1222,SETD FUNDAO,15040,GOVERNADOR AEREO,1551918;1552023,2,29
CBI33550,LDA GABUR,LDA,1141,SETD CACHAMBI,1248124,46,13.2,3304557,1.849,22742.019,22259.854,0,0.0,0,5,0,0.0,5,0,5,,2,0,0,2,0,1,CBI24854,0,0,-43.28302,-22.88961,-43.274162,-22.884938,10,5,15027,CACHAMBI AEREO,2,0,2,2,1,False,CBI24854,1141,SETD CACHAMBI,15027,CACHAMBI AEREO,1601690;643108157,1,1097
JAB014,LDA NOBET,LDA,18520749,SETD JABOATAO,18915180,46,13.2,3304557,2.099,13106.974,12572.351,0,0.0,0,5,0,0.0,6,1,5,,2,0,0,2,0,1,JAB007,0,0,-43.562121,-22.897704,-43.557747,-22.88502,10,5,15029,JABOATAO AEREO,2,0,2,2,1,False,JAB007,18520749,SETD JABOATAO,15029,JABOATAO AEREO,20733257;40432713,1,1097
BPD4990,LDS 4990,LDS,10385961,SETD BAEPENDI,10401435,46,13.2,3304557,3.811,8064.368,7782.83,0,0.0,0,3,0,0.0,5,1,4,,3,1,1,2,0,2,BPD34707;BPD4302,0,0,-43.181076,-22.943267,-43.17479,-22.932641,6,3,15063,BAEPENDI SUBTERRANEO,2,0,2,2,1,False,BPD4302,10385961,SETD BAEPENDI,15063,BAEPENDI SUBTERRANEO,11255206;11255213,15,2
ITP0007,LDA OPTI,LDA,10385988,SETD ITAPEBA,22328959,46,13.2,3304557,7.093,0.0,0.0,0,0.0,0,1,0,0.0,7,0,7,,2,0,0,2,0,1,GDN0019,0,0,-43.431515,-22.999432,-43.411318,-22.977969,2,1,15066,ITAPEBA AEREO URBANO,2,0,2,2,1,False,GDN0019,457474244,SETD GARDENIA,15066,ITAPEBA AEREO URBANO,571396596;805086923,1,1097
TRG316,LSA BELTUR,LSA,1204,SETD TRIAGEM,1248254,67,25.0,3304557,4.438,0.0,0.0,0,0.0,0,0,0,0.0,8,1,7,,2,0,0,2,0,1,TRG275,0,0,-43.253887,-22.891822,-43.248967,-22.876216,0,0,,,2,0,2,2,1,False,TRG275,1204,SETD TRIAGEM,,,1618567;1620947,1,1097
SLZ4500,LDS 4500\LDS 24716,LDS,10386069,SETD SANTA LUZIA,10401520,46,13.2,3304557,4.74,3195.585,2587.618,4,450.0,5,4,0,0.0,18,1,17,,2,1,1,1,0,5,BPD1093;BPD4950;SLZ00001;SLZ2550;SLZ4680,0,0,-43.174364,-22.915376,-43.165005,-22.907469,9,9,15016,SANTA LUZIA,1,0,1,4,4,False,BPD1093;BPD4950;SLZ2550;SLZ4680,10385961;10386069,SETD BAEPENDI;SETD SANTA LUZIA,15016;15063,BAEPENDI SUBTERRANEO;SANTA LUZIA,534989703,6,5
LEM2340,LDS 2340,LDS,10385925,SETD LEME,10401265,46,13.2,3304557,2.126,20392.41,19881.964,10,4600.0,4057,0,3,21.6,5,1,4,,1,0,0,1,0,3,COP2290;COP2450;LEM2740,0,0,-43.180397,-22.96707,-43.174955,-22.960757,4057,4057,15041,LEME SUBTERRANEO,1,0,1,3,3,False,COP2290;COP2450;LEM2740,10385925;152677490,SETD COPACABANA;SETD LEME,15012;15041,COPACABANA;LEME SUBTERRANEO,493612524,9,4
FCN9320,LDS 9320,LDS,10386105,SETD FREI CANECA,10401600,46,13.2,3304557,5.186,3339.398,1965.101,13,5610.0,217,0,0,0.0,5,1,4,,1,0,0,1,0,3,CMR2770;FCN9490;FCN9550,0,0,-43.198264,-22.914651,-43.178135,-22.903753,217,217,15049,FREI CANECA AEREO,1,0,1,3,3,False,CMR2770;FCN9490;FCN9550,10386015;10386105,SETD CAMERINO;SETD FREI CANECA,15049;15065,CAMERINO SUBTERRANEO;FREI CANECA AEREO,486317738,3,8
CHR0001,LDA CANTAGALO,LDA,18520758,SETD CACHAMORRA,18915220,46,13.2,3304557,1.334,0.0,0.0,0,0.0,0,0,0,0.0,5,1,4,,1,0,0,1,0,3,CHR020;CHR06;STS004,0,0,-43.575137,-22.929112,-43.568102,-22.924031,0,0,,,1,0,1,3,3,False,CHR020;CHR06;STS004,18520758;18521136,SETD CACHAMORRA;SETD SANTISSIMO,15011;15042,CACHAMORRA;SANTISSIMO AEREO,518170006,1,1097
PTS9648,LDS 9648,LDS,10386087,SETD POSTO SEIS,10401515,46,13.2,3304557,5.729,11848.25,10744.511,13,6100.0,1181,0,7,59.94,8,1,7,,3,2,2,1,0,3,PTS0001;PTS9170;PTS9494,0,0,-43.220099,-22.987885,-43.19289,-22.980947,1181,1181,15075,POSTO SEIS SUBTERRANEO,1,0,1,2,2,False,PTS9170;PTS9494,10386087,SETD POSTO SEIS,15075,POSTO SEIS SUBTERRANEO,533521192,14,3
BPD9400,LDS 9400,LDS,10385961,SETD BAEPENDI,10401440,46,13.2,3304557,3.467,7032.652,4822.332,14,6110.0,552,0,1,15.0,4,1,3,,1,0,0,1,0,2,SMT9110;SMT9344,0,0,-43.181283,-22.934918,-43.173775,-22.927,552,552,15063,BAEPENDI SUBTERRANEO,1,0,1,2,2,False,SMT9110;SMT9344,10385997,SETD SAMARITANO,15076,SAMARITANO SUBTERRANEO,473585378,11,3
SAT2891,LDS 2891,LDS,10385970,SETD SANTO ANTONIO,10401415,46,13.2,3304557,2.458,1170.963,908.901,4,1020.0,39,0,0,0.0,4,1,3,,4,3,3,1,0,3,BPD9612;BPD9790;SAT9523,0,0,-43.183419,-22.915188,-43.176137,-22.908414,39,39,15083,SANTO ANTONIO SUBTERRANEO,1,0,1,2,2,False,BPD9612;BPD9790,10385961,SETD BAEPENDI,15063,BAEPENDI SUBTERRANEO,477621734,12,3
CCD250,LSA SANATORIO,LSA,1186,SETD CASCADURA,1248239,67,25.0,3304557,4.608,1105.891,1062.595,0,0.0,0,1,0,0.0,12,4,8,,1,0,0,1,0,2,CCD205;CCD268,0,0,-43.342475,-22.881151,-43.332367,-22.865111,1,1,15034,CASCADURA AEREO,1,0,1,2,2,False,CCD205;CCD268,1186,SETD CASCADURA,,,1580606,1,1097
CUR33442,LDA PROJAC/NOVAIBC,LDA,10386042,SETD CURICICA,10401625,46,13.2,3304557,4.2,0.0,0.0,0,0.0,0,0,0,0.0,8,1,7,,1,0,0,1,0,2,CUR33326;GDN0019,0,0,-43.405135,-22.973019,-43.391824,-22.956503,0,0,15066,ITAPEBA AEREO URBANO,1,0,1,2,2,False,CUR33326;GDN0019,10386042;457474244,SETD CURICICA;SETD GARDENIA,15066;16901,CURICICA AEREO;ITAPEBA AEREO URBANO,521429217,1,1097
GVD9937,LDA MAESTRO,LDA,1213,SETD GOVERNADOR,1248164,46,13.2,3304557,1.31,0.0,0.0,0,0.0,0,0,0,0.0,2,1,1,,5,4,4,1,0,6,FND3462;FND3747;GVD29899;GVD9862;GVD9883;GVD9999,0,0,-43.213697,-22.806001,-43.202244,-22.803929,0,0,,,1,0,1,2,2,False,FND3462;FND3747,1222,SETD FUNDAO,15040,GOVERNADOR AEREO,1597077,2,29
HMT3401,LDS 1762/LDS 1111/ROCHA/MONACO/SOROCABA,LDS,10386096,SETD HUMAITA,10401585,46,13.2,3304557,9.898,28800.854,24632.798,78,11317.5,7182,15,47,424.27,53,7,46,,2,0,1,1,0,2,COP3736;HMT3144,0,0,-43.197402,-22.966515,-43.182423,-22.952166,7197,7197,15022,HUMAITA AEREO,1,0,1,1,1,False,COP3736,152677490,SETD COPACABANA,15012,COPACABANA,779884967,17,2
ITP24007,LDS 24007/LRA FELICITA,LDS,10385988,SETD ITAPEBA,22328959,46,13.2,3304557,16.492,27396.498,24789.447,47,10865.0,5334,7,78,1274.3,53,13,40,,2,0,1,1,0,2,ITP0100;ITP38330,0,6,-43.443607,-23.012815,-43.422512,-22.998179,5341,5341,15060,ITAPEBA SUBTERRANEO,1,0,1,1,1,False,ITP0100,10385988,SETD ITAPEBA,15066,ITAPEBA AEREO URBANO,236337906,1,1097
PVN70308,LDA LIBERATO,LDA,1303,SETD PAVUNA,1248394,46,13.2,3304557,6.649,18410.28,5457.474,56,6435.0,4628,0,6,48.0,17,4,13,,1,0,0,1,0,1,PVN9815,0,0,-43.388344,-22.820375,-43.370986,-22.81331,4628,4628,14994,PAVUNA,1,0,1,1,1,False,PVN9815,1303,SETD PAVUNA,14994,PAVUNA,161548976,1,1097
COP2290,LDS 2290 COP3,LDS,152677490,SETD COPACABANA,152678112,46,13.2,3304557,3.835,15001.238,13673.672,13,5900.0,3558,0,5,27.92,2,0,2,,1,0,0,1,0,1,LEM2340,0,0,-43.188804,-22.970353,-43.179447,-22.962566,3558,3558,15012,COPACABANA,1,0,1,1,1,False,LEM2340,10385925,SETD LEME,15041,LEME SUBTERRANEO,493612524,9,4
URG30000,LDS 30000,LDS,10385979,SETD URUGUAI,10401400,46,13.2,3304557,4.998,17998.737,13277.387,23,9612.5,3096,0,26,176.78,15,0,15,,1,0,0,1,0,1,URG29983,0,0,-43.244784,-22.936611,-43.229594,-22.928114,3096,3096,15025,URUGUAI AEREO,1,0,1,1,1,False,URG29983,10385979,SETD URUGUAI,15025,URUGUAI AEREO,977464757,1,1097
SMT9110,LDS 9110,LDS,10385997,SETD SAMARITANO,10401345,46,13.2,3304557,6.025,19143.396,17621.763,17,7610.0,3066,0,8,41.49,7,0,7,,1,0,0,1,0,1,BPD9400,0,0,-43.187958,-22.945685,-43.171408,-22.932137,3066,3066,15076,SAMARITANO SUBTERRANEO,1,0,1,1,1,False,BPD9400,10385961,SETD BAEPENDI,15063,BAEPENDI SUBTERRANEO,473585378,11,3
RCP1260,LDS 1260,LDS,10386006,SETD RIO COMPRIDO,10401355,46,13.2,3304557,3.677,14138.96,13328.555,24,11000.0,3065,0,18,203.12,47,4,43,,1,0,0,1,0,1,RCP0001,0,9,-43.231535,-22.925564,-43.221622,-22.922076,3065,3065,15058,RIO COMPRIDO AEREO,1,0,1,1,1,False,RCP0001,10386006,SETD RIO COMPRIDO,15058,RIO COMPRIDO AEREO,11081629,1,1097
LEM9694,LDS 9694/LDA ARYBAR,LDS,10385925,SETD LEME,10401205,46,13.2,3304557,5.235,7887.493,6048.58,48,7275.0,3001,0,5,49.5,25,4,21,,1,0,0,1,0,1,LEM9591,0,0,-43.180483,-22.966274,-43.165433,-22.958977,3001,3001,15050,LEME AEREO URBANO,1,0,1,1,1,False,LEM9591,10385925,SETD LEME,15041,LEME SUBTERRANEO,11009573,21,2
MRP00008,LDA GALILEU,LDA,224567922,SETD MARAPICU,224568006,46,13.2,3303500,19.977,25517.141,3243.606,74,6367.5,2903,5,13,105.63,28,5,23,,1,0,0,1,0,1,MRP00011,0,0,-43.626482,-22.830986,-43.593746,-22.81279,2908,2908,15697,MARAPICU,1,0,1,1,1,False,MRP00011,224567922,SETD MARAPICU,15697,MARAPICU,23019777,22,2
CBI24840,LDA JOSEVIL,LDA,1141,SETD CACHAMBI,1248114,46,13.2,3304557,5.317,12167.784,8853.461,42,5877.5,2878,3,35,239.12,27,5,22,,1,0,0,1,0,1,CBI33806,0,0,-43.293992,-22.895904,-43.274222,-22.88764,2881,2881,15027,CACHAMBI AEREO,1,0,1,1,1,False,CBI33806,1141,SETD CACHAMBI,15027,CACHAMBI AEREO,345752887,1,1097
RCP33308,LDS 33308,LDS,10386006,SETD RIO COMPRIDO,10401355,46,13.2,3304557,5.959,16373.169,13269.719,23,9720.0,2807,2,3,16.9,19,0,19,,1,0,0,1,0,1,RCP9882,0,0,-43.236286,-22.928782,-43.221599,-22.921761,2809,2809,15058,RIO COMPRIDO AEREO,1,0,1,1,1,False,RCP9882,10386006,SETD RIO COMPRIDO,15058,RIO COMPRIDO AEREO,757513244,1,1097
MRP00011,LDA NEWTON,LDA,224567922,SETD MARAPICU,224567995,46,13.2,3303500,31.029,22864.893,3156.372,98,7192.5,2800,5,13,65.11,51,12,39,,1,0,0,1,0,1,MRP00008,0,0,-43.644694,-22.859232,-43.593706,-22.81565,2805,2805,15697,MARAPICU,1,0,1,1,1,False,MRP00008,224567922,SETD MARAPICU,15697,MARAPICU,23019777,22,2
BMT29804,LDA AQUIDABA,LDA,1195,SETD BOCA DO MATO,1248174,46,13.2,3304557,3.913,12158.194,7999.231,47,5422.5,2631,2,30,163.78,15,3,12,142947283,1,1,0,1,1,1,BMT29833,0,0,-43.294931,-22.913866,-43.285296,-22.905441,2633,2633,15055,BOCA DO MATO AEREO,1,1,0,1,1,False,BMT29833,1195,SETD BOCA DO MATO,15055,BOCA DO MATO AEREO,142947283,1,1097
RCP30123,LDS 30123/LRA MARROS,LDS,10386006,SETD RIO COMPRIDO,10401355,46,13.2,3304557,3.763,16869.0,11420.489,17,7430.0,2399,0,13,101.68,27,0,27,,1,0,0,1,0,1,RCP29399,0,0,-43.224111,-22.925391,-43.217603,-22.912214,2399,2399,15058,RIO COMPRIDO AEREO,1,0,1,1,1,False,RCP29399,10386006,SETD RIO COMPRIDO,15058,RIO COMPRIDO AEREO,11103614,1,1097
RCP3677,LDA FELIX,LDA,10386006,SETD RIO COMPRIDO,10401350,46,13.2,3304557,3.28,18461.667,15478.474,37,5267.5,2197,5,18,163.49,24,5,19,,2,0,1,1,0,2,RCP29399;RCP9893,0,0,-43.223794,-22.926676,-43.220326,-22.918201,2202,2202,15058,RIO COMPRIDO AEREO,1,0,1,1,1,False,RCP29399,10386006,SETD RIO COMPRIDO,15058,RIO COMPRIDO AEREO,11056329,1,1097
COP2450,LDS 2450,LDS,152677490,SETD COPACABANA,152678112,46,13.2,3304557,3.681,13151.579,12251.287,17,7700.0,2105,0,5,56.27,5,0,5,,1,0,0,1,0,1,LEM2340,0,0,-43.188872,-22.969989,-43.179428,-22.963529,2105,2105,15012,COPACABANA,1,0,1,1,1,False,LEM2340,10385925,SETD LEME,15041,LEME SUBTERRANEO,493612524,9,4
PTS9494,LDS 9494,LDS,10386087,SETD POSTO SEIS,10401515,46,13.2,3304557,5.742,13413.965,12462.387,14,7000.0,2000,0,16,126.85,5,0,5,,1,0,0,1,0,1,PTS9648,0,0,-43.219865,-22.987891,-43.192861,-22.981602,2000,2000,15075,POSTO SEIS SUBTERRANEO,1,0,1,1,1,False,PTS9648,10386087,SETD POSTO SEIS,15075,POSTO SEIS SUBTERRANEO,533521192,14,3
AVD33312,LDS 36817/36818,LDS,10385943,SETD ALVORADA,10401310,46,13.2,3304557,15.141,25644.241,24410.277,35,8442.5,1926,4,49,783.95,28,0,28,,1,0,0,1,0,1,AVD33340,0,0,-43.377849,-23.010588,-43.351286,-22.984098,1930,1930,15004,ALVORADA,1,0,1,1,1,False,AVD33340,10385943,SETD ALVORADA,15004,ALVORADA,11101948,1,1097
LEM9591,LDS 9591,LDS,10385925,SETD LEME,10401205,46,13.2,3304557,4.631,7565.592,7034.165,11,4430.0,1909,1,1,7.7,8,0,8,,1,0,0,1,0,1,LEM9694,0,0,-43.180481,-22.965171,-43.163596,-22.960809,1910,1910,15041,LEME SUBTERRANEO,1,0,1,1,1,False,LEM9694,10385925,SETD LEME,15050,LEME AEREO URBANO,11009573,21,2
LEM2740,LDS 2740,LDS,10385925,SETD LEME,10401265,46,13.2,3304557,2.021,9469.517,8967.314,8,4000.0,1866,0,0,0.0,6,0,6,,1,0,0,1,0,1,LEM2340,0,0,-43.180395,-22.967049,-43.17506,-22.961868,1866,1866,15041,LEME SUBTERRANEO,1,0,1,1,1,False,LEM2340,10385925,SETD LEME,15041,LEME SUBTERRANEO,493612524,9,4
BPD4609,LDS 4609,LDS,10385961,SETD BAEPENDI,10401435,46,13.2,3304557,3.573,11398.063,9889.508,14,4437.5,1830,2,12,44.69,12,0,12,,1,0,0,1,0,1,BPD4700,0,0,-43.185575,-22.939032,-43.180368,-22.93268,1832,1832,15063,BAEPENDI SUBTERRANEO,1,0,1,1,1,False,BPD4700,10385961,SETD BAEPENDI,15026,BAEPENDI AEREO,11240602,16,2
BPD24726,LDS 24726,LDS,10385961,SETD BAEPENDI,10401435,46,13.2,3304557,2.197,9104.287,8555.856,11,5500.0,1769,0,9,63.5,8,0,8,,2,1,1,1,0,2,BPD24650;BPD34707,0,0,-43.184496,-22.932957,-43.180859,-22.929704,1769,1769,15063,BAEPENDI SUBTERRANEO,1,0,1,1,1,False,BPD24650,10385961,SETD BAEPENDI,15026,BAEPENDI AEREO,1026098535,1,1097
BPD24186,LDS 24186,LDS,10385961,SETD BAEPENDI,10401435,46,13.2,3304557,2.489,7286.377,6451.189,7,2400.0,1584,1,4,32.75,7,0,7,,4,3,3,1,0,2,BPD24650;BPD34707,0,0,-43.184698,-22.933036,-43.177797,-22.929702,1585,1585,15063,BAEPENDI SUBTERRANEO,1,0,1,1,1,False,BPD24650,10385961,SETD BAEPENDI,15026,BAEPENDI AEREO,1026098535,1,1097
GDN0003,LDS 61016,LDS,457474244,SETD GARDENIA,457474600,46,13.2,3304557,4.364,9483.013,8165.765,14,1750.0,1577,2,0,0.0,14,0,14,,1,0,0,1,0,1,GDN0012,0,0,-43.380412,-22.97221,-43.365245,-22.967448,1579,1579,16903,GARDENIA,1,0,1,1,1,False,GDN0012,457474244,SETD GARDENIA,16903,GARDENIA,456334131,1,1097
PTS9170,LDS 9170,LDS,10386087,SETD POSTO SEIS,10401515,46,13.2,3304557,3.289,9128.133,7801.853,9,4300.0,1555,0,4,23.76,2,0,2,,1,0,0,1,0,1,PTS9648,0,0,-43.203261,-22.987824,-43.19178,-22.981442,1555,1555,15075,POSTO SEIS SUBTERRANEO,1,0,1,1,1,False,PTS9648,10386087,SETD POSTO SEIS,15075,POSTO SEIS SUBTERRANEO,533521192,14,3
BPD9790,LDS 9790,LDS,10385961,SETD BAEPENDI,10401430,46,13.2,3304557,6.829,12587.44,6427.559,16,7000.0,1545,0,2,13.0,7,0,7,,1,0,0,1,0,1,SAT2891,0,0,-43.180888,-22.933254,-43.172309,-22.914373,1545,1545,15063,BAEPENDI SUBTERRANEO,1,0,1,1,1,False,SAT2891,10385970,SETD SANTO ANTONIO,15083,SANTO ANTONIO SUBTERRANEO,477621734,12,3
RAM33535,LDA BONFOR,LDA,1132,SETD RAMOS,1248099,46,13.2,3304557,4.33,11492.756,9851.578,14,7000.0,1375,5,9,126.45,18,1,17,,1,0,0,1,0,1,DMC3326,0,0,-43.257247,-22.868206,-43.253157,-22.85449,1380,1380,15015,RAMOS AEREO,1,0,1,1,1,False,DMC3326,1168,SETD DEMOCRATICOS,15056,DEMOCRATICOS AEREO,1249270,1,1097
BMT29985,LDA TRINDADE,LDA,1195,SETD BOCA DO MATO,1248169,46,13.2,3304557,2.66,18559.758,15197.228,20,2467.5,1312,2,2,14.8,17,2,15,,2,1,1,1,0,2,BMT0001;BMT29884,0,0,-43.287574,-22.918269,-43.282477,-22.910901,1314,1314,15055,BOCA DO MATO AEREO,1,0,1,1,1,False,BMT29884,1195,SETD BOCA DO MATO,15055,BOCA DO MATO AEREO,1586710,1,1097
BFG24849,LDS 24849,LDS,10385934,SETD BOTAFOGO,10401290,46,13.2,3304557,3.291,7945.425,6390.686,13,6500.0,1232,0,11,86.82,12,0,12,,1,0,0,1,0,1,HMT3386,0,0,-43.192232,-22.955143,-43.180835,-22.951554,1232,1232,15064,BOTAFOGO SUBTERRANEO,1,0,1,1,1,False,HMT3386,10386096,SETD HUMAITA,15059,HUMAITA SUBTERRANEO,503304038,4,6
VGE3529,LDA DIQUE,LDA,1267,SETD VIGARIO GERAL,1248329,46,13.2,3304557,3.552,12331.28,9670.244,27,2850.0,1171,9,18,177.75,21,0,21,,1,0,0,1,0,1,VGE33444,0,0,-43.333972,-22.814889,-43.32182,-22.810274,1180,1180,15062,VIGARIO GERAL AEREO,1,0,1,1,1,False,VGE33444,1267,SETD VIGARIO GERAL,15062,VIGARIO GERAL AEREO,1590287,1,1097
COP3736,LDA BARROSO,LDA,152677490,SETD COPACABANA,156276007,46,13.2,3304557,4.549,8786.617,7797.463,6,780.0,1172,4,0,0.0,20,4,16,,2,0,1,1,0,2,HMT3401;HMT3477,0,0,-43.196319,-22.969272,-43.183215,-22.958046,1176,1176,15012,COPACABANA,1,0,1,1,1,False,HMT3401,10386096,SETD HUMAITA,15022,HUMAITA AEREO,779884967,17,2
SMT9344,LDS 9344,LDS,10385997,SETD SAMARITANO,10401345,46,13.2,3304557,5.68,5798.846,4989.167,17,7010.0,1147,1,3,15.5,11,0,11,,2,0,1,1,0,2,BPD9400;SMT0001,0,0,-43.187888,-22.945674,-43.171481,-22.934353,1148,1148,15076,SAMARITANO SUBTERRANEO,1,0,1,1,1,False,BPD9400,10385961,SETD BAEPENDI,15063,BAEPENDI SUBTERRANEO,473585378,11,3
SCO24296,LDS 24296,LDS,10386060,SETD SAO CONRADO,140568422,46,13.2,3304557,7.41,14998.467,12608.56,32,11970.0,1110,0,11,270.38,22,1,21,,1,0,0,1,0,1,SCO0001,0,0,-43.272425,-23.000549,-43.251813,-22.990892,1110,1110,15079,SAO CONRADO SUBTERRANEO,1,0,1,1,1,False,SCO0001,10386060,SETD SAO CONRADO,15053,SAO CONRADO AEREO,673488321,1,1097
PDD9899,LDA FRAGOSO,LDA,1231,SETD PIEDADE,1248199,46,13.2,3304557,2.661,3630.579,2284.543,18,2077.5,1031,1,2,23.0,9,1,8,,1,0,0,1,0,1,PDD33543,0,0,-43.308423,-22.896571,-43.298672,-22.891434,1032,1032,14998,PIEDADE,1,0,1,1,1,False,PDD33543,1231,SETD PIEDADE,14998,PIEDADE,1588467,1,1097
SMT24276,LDS 24276,LDS,10385997,SETD SAMARITANO,10401340,46,13.2,3304557,1.264,4511.708,3945.282,8,2910.0,949,0,3,36.4,9,0,9,,2,0,1,1,0,2,SMT0001;SMT33668,0,0,-43.187598,-22.945662,-43.18432,-22.942907,949,949,15076,SAMARITANO SUBTERRANEO,1,0,1,1,1,False,SMT33668,10385997,SETD SAMARITANO,15078,SAMARITANO AEREO URBANO,11180322,1,1097
BAR3462,LDS 34853/RIBAS/VIBARRA,LDS,10385907,SETD BARRA,10401280,46,13.2,3304557,10.785,8702.547,7924.126,18,1077.5,831,2,51,426.56,12,1,11,,1,0,0,1,0,1,BAR4841,0,0,-43.361196,-23.012725,-43.318458,-22.998264,833,833,15690,BARRA SUBTERRANEO,1,0,1,1,1,False,BAR4841,10385907,SETD BARRA,15013,BARRA AEREO,11120563,1,1097
GVD3849,LDS 30426 E 24789 SHOPPING,LDS,1213,SETD GOVERNADOR,1248159,46,13.2,3304557,3.574,9725.862,6654.898,10,4000.0,783,3,5,164.5,16,0,16,,3,2,2,1,0,2,FND3262;GVD29899,0,0,-43.212331,-22.805952,-43.201367,-22.80218,786,786,15040,GOVERNADOR AEREO,1,0,1,1,1,False,FND3262,1222,SETD FUNDAO,15040,GOVERNADOR AEREO,1613562,2,29
FND1320,LDS 1320 / LRA HORACIO,LDS,1222,SETD FUNDAO,1248409,46,13.2,3304557,10.325,15072.051,13504.798,14,2080.0,723,9,18,159.99,24,2,22,,1,0,0,1,0,1,FND1570,0,0,-43.241426,-22.870149,-43.214347,-22.838621,732,732,15061,PEDRO ERNESTO AEREO,1,0,1,1,1,False,FND1570,1222,SETD FUNDAO,15061,PEDRO ERNESTO AEREO,1625280,19,2
FCN9356,LDS 9356,LDS,10386105,SETD FREI CANECA,10401575,46,13.2,3304557,5.63,3480.389,3072.434,9,4300.0,639,0,0,0.0,4,1,3,,1,0,0,1,0,1,FCN9794,0,0,-43.200095,-22.915256,-43.181626,-22.901958,639,639,15049,FREI CANECA AEREO,1,0,1,1,1,False,FCN9794,10386105,SETD FREI CANECA,15049,FREI CANECA AEREO,499860434,18,2
LBN00004,LDS BERNADOTTE / CODAJAS,LDS,55813421,SETD LEBLON,55816451,46,13.2,3304557,5.946,15254.861,14629.275,49,7850.0,584,9,37,579.19,39,8,31,,1,0,0,1,0,1,JDB29935,0,0,-43.232846,-22.988265,-43.218994,-22.978895,593,593,15071,JARDIM BOTANICO AEREO,1,0,1,1,1,False,JDB29935,10385880,SETD JARDIM BOTANICO,15071,JARDIM BOTANICO AEREO,11138380,1,1097
TRV0002,LDA EBANO,LDA,10385898,SETD TROVAO,10401240,46,13.2,3304557,2.964,5004.877,1542.749,10,2262.5,526,4,3,22.13,30,4,26,,2,0,1,1,0,2,CMT29131;TRV843,0,0,-43.232778,-22.894095,-43.220537,-22.888135,530,530,15047,CAMPO MARTE AEREO,1,0,1,1,1,False,CMT29131,10386051,SETD CAMPO MARTE,15047,CAMPO MARTE AEREO,11006059,1,1097
BFG24942,LDS 24942,LDS,10385934,SETD BOTAFOGO,10401290,46,13.2,3304557,2.944,6311.559,5518.494,6,3000.0,500,1,2,7.0,5,0,5,25180968,1,1,0,1,1,1,BFG24750,0,0,-43.189659,-22.95518,-43.180679,-22.94599,501,501,15064,BOTAFOGO SUBTERRANEO,1,1,0,1,1,False,BFG24750,10385934,SETD BOTAFOGO,15064,BOTAFOGO SUBTERRANEO,25180968,10,3
SLZ2550,LDS 2550,LDS,10386069,SETD SANTA LUZIA,10401535,46,13.2,3304557,2.676,3663.678,961.285,11,4410.0,487,0,0,0.0,5,0,5,,1,0,0,1,0,1,SLZ4500,0,0,-43.17437,-22.912483,-43.168934,-22.908458,487,487,15016,SANTA LUZIA,1,0,1,1,1,False,SLZ4500,10386069,SETD SANTA LUZIA,15016,SANTA LUZIA,534989703,6,5
IMT006,LDA MOGNO,LDA,18520929,SETD INMETRO,18915450,46,13.2,3301702,19.659,4285.408,1956.103,96,2997.5,468,6,3,92.0,32,3,29,,1,0,0,1,0,1,IMT007,0,0,-43.296299,-22.601909,-43.261377,-22.577238,474,474,14997,INMETRO,1,0,1,1,1,False,IMT007,18520929,SETD INMETRO,14997,INMETRO,20701071,1,1097
AVD33360,LDS 36815/36816/LRA LYNETO,LDS,10385943,SETD ALVORADA,10401230,46,13.2,3304557,24.423,15014.655,11445.856,35,5102.5,428,4,5,28.0,23,1,22,,1,0,0,1,0,1,AVD33340,0,0,-43.413144,-23.016092,-43.318456,-22.994561,432,432,15004,ALVORADA,1,0,1,1,1,False,AVD33340,10385943,SETD ALVORADA,15004,ALVORADA,11102046,1,1097
CMR2405,LDS 2405,LDS,10386015,SETD CAMERINO,10401455,46,13.2,3304557,1.999,12140.945,11825.949,9,3030.0,410,0,0,0.0,6,0,6,,1,0,0,1,0,1,FCN9490,0,0,-43.186059,-22.904004,-43.178765,-22.901015,410,410,15065,CAMERINO SUBTERRANEO,1,0,1,1,1,False,FCN9490,10386105,SETD FREI CANECA,15049,FREI CANECA AEREO,476415090,3,8
CMR2770,LDS 2770,LDS,10386015,SETD CAMERINO,10401455,46,13.2,3304557,2.332,2595.724,2414.637,11,4320.0,391,0,1,59.52,7,0,7,,1,0,0,1,0,1,FCN9320,0,0,-43.186059,-22.904445,-43.17785,-22.901021,391,391,15065,CAMERINO SUBTERRANEO,1,0,1,1,1,False,FCN9320,10386105,SETD FREI CANECA,15049,FREI CANECA AEREO,486317738,3,8
SMT30371,LDS 30371,LDS,10385997,SETD SAMARITANO,10401340,46,13.2,3304557,1.411,11449.36,10552.967,3,1300.0,370,3,6,43.9,6,0,6,,1,0,0,1,0,1,SMT33668,0,0,-43.187622,-22.947327,-43.185272,-22.943471,373,373,15076,SAMARITANO SUBTERRANEO,1,0,1,1,1,False,SMT33668,10385997,SETD SAMARITANO,15078,SAMARITANO AEREO URBANO,11180322,1,1097
AVD33320,LDA SARTRE,LDA,10385943,SETD ALVORADA,10401230,46,13.2,3304557,6.879,15350.0,12121.642,30,4142.5,340,10,2,149.0,34,1,33,,2,0,1,1,0,2,AVD30006;AVD33340,0,0,-43.381087,-22.999836,-43.365482,-22.983577,350,350,15004,ALVORADA,1,0,1,1,1,False,AVD33340,10385943,SETD ALVORADA,15004,ALVORADA,11079571,1,1097
CMR0003,LDS 2525,LDS,10386015,SETD CAMERINO,10401455,46,13.2,3304557,2.352,1253.358,910.262,11,2850.0,330,0,0,0.0,8,0,8,,1,0,0,1,0,1,FCN9490,0,0,-43.186059,-22.904456,-43.17861,-22.901019,330,330,15065,CAMERINO SUBTERRANEO,1,0,1,1,1,False,FCN9490,10386105,SETD FREI CANECA,15049,FREI CANECA AEREO,476415090,3,8
FCN9100,LDS 9100,LDS,10386105,SETD FREI CANECA,10401600,46,13.2,3304557,4.399,2798.584,2338.015,14,6510.0,308,0,0,0.0,3,0,3,,1,0,0,1,0,1,FCN9490,0,0,-43.198247,-22.915243,-43.177564,-22.903184,308,308,15049,FREI CANECA AEREO,1,0,1,1,1,False,FCN9490,10386105,SETD FREI CANECA,15049,FREI CANECA AEREO,476415090,3,8
MTC34958,LDA GALVANI,LDA,1276,SETD MATURACA,1248359,46,13.2,3304557,2.432,20451.219,19504.307,3,30.0,290,4,0,0.0,25,2,23,,3,2,2,1,0,3,MTC001;MTC009;MTC011,0,3,-43.312677,-22.849757,-43.301996,-22.841538,294,294,15031,MATURACA AEREO,1,0,1,1,1,False,MTC011,1276,SETD MATURACA,,,1583196,23,2
BPD9612,LDS 9612,LDS,10385961,SETD BAEPENDI,10401430,46,13.2,3304557,4.988,5455.186,4630.965,15,6210.0,289,0,2,8.86,8,0,8,,1,0,0,1,0,1,SAT2891,0,0,-43.180892,-22.933257,-43.172931,-22.914373,289,289,15063,BAEPENDI SUBTERRANEO,1,0,1,1,1,False,SAT2891,10385970,SETD SANTO ANTONIO,15083,SANTO ANTONIO SUBTERRANEO,477621734,12,3
CMR4922,LDS 4922/LRA BENTOBEIRO,LDS,10386015,SETD CAMERINO,10401365,46,13.2,3304557,1.511,4400.304,4123.292,6,2225.0,276,1,0,0.0,7,0,7,,1,0,0,1,0,1,CMR1569,0,0,-43.191876,-22.904036,-43.185267,-22.901185,277,277,15065,CAMERINO SUBTERRANEO,1,0,1,1,1,False,CMR1569,10386015,SETD CAMERINO,15068,CAMERINO AEREO URBANO,556128952,1,1097
FCN1322,LDS 1322 / PINERI,LDS,10386105,SETD FREI CANECA,10401545,46,13.2,3304557,3.652,6238.157,5670.149,19,2377.5,263,5,2,20.5,14,2,12,,1,0,0,1,0,1,FCN0001,0,0,-43.211427,-22.914636,-43.198237,-22.909922,268,268,15049,FREI CANECA AEREO,1,0,1,1,1,False,FCN0001,10386105,SETD FREI CANECA,15049,FREI CANECA AEREO,11037595,7,5
FCN9550,LDS 9550,LDS,10386105,SETD FREI CANECA,10401600,46,13.2,3304557,4.359,3394.037,2040.857,12,5310.0,252,0,0,0.0,5,0,5,,1,0,0,1,0,1,FCN9320,0,0,-43.198844,-22.915164,-43.17756,-22.903567,252,252,15049,FREI CANECA AEREO,1,0,1,1,1,False,FCN9320,10386105,SETD FREI CANECA,15049,FREI CANECA AEREO,486317738,3,8
FCN9460,LDS 9460,LDS,10386105,SETD FREI CANECA,10401600,46,13.2,3304557,4.543,3928.405,3408.137,13,6010.0,251,0,0,0.0,6,0,6,,1,0,0,1,0,1,FCN9490,0,0,-43.198229,-22.915282,-43.177566,-22.903439,251,251,15049,FREI CANECA AEREO,1,0,1,1,1,False,FCN9490,10386105,SETD FREI CANECA,15049,FREI CANECA AEREO,476415090,3,8
RCP1737,LDS 1737,LDS,10386006,SETD RIO COMPRIDO,10401355,46,13.2,3304557,4.377,7499.829,3591.692,1,300.0,235,4,3,14.0,5,0,5,,1,0,0,1,0,1,RCP9818,0,0,-43.22169,-22.930054,-43.208899,-22.918903,239,239,15058,RIO COMPRIDO AEREO,1,0,1,1,1,False,RCP9818,10386006,SETD RIO COMPRIDO,15058,RIO COMPRIDO AEREO,11023078,1,1097
BPD4700,LDS 4700/ROZO,LDS,10385961,SETD BAEPENDI,10401435,46,13.2,3304557,2.518,1949.842,1581.328,3,615.0,231,2,3,10.5,7,1,6,,2,1,1,1,0,2,BPD34707;BPD4609,0,0,-43.186566,-22.938635,-43.180872,-22.930245,233,233,15026,BAEPENDI AEREO,1,0,1,1,1,False,BPD4609,10385961,SETD BAEPENDI,15063,BAEPENDI SUBTERRANEO,11240602,16,2
CCD4079,LDS 4079,LDS,1186,SETD CASCADURA,1248259,46,13.2,3304557,2.53,5084.847,3122.848,12,6000.0,225,1,1,8.0,8,0,8,,1,0,0,1,0,1,TUR010,0,0,-43.338629,-22.881023,-43.33178,-22.874218,226,226,15034,CASCADURA AEREO,1,0,1,1,1,False,TUR010,1294,SETD TURIACU,15002,TURIACU,1607507,1,1097
FCN9794,LDS 9794,LDS,10386105,SETD FREI CANECA,10401575,46,13.2,3304557,5.168,3130.391,1623.296,13,4340.0,226,0,1,12.6,4,0,4,,1,0,0,1,0,1,FCN9356,0,0,-43.200094,-22.915282,-43.182475,-22.902486,226,226,15049,FREI CANECA AEREO,1,0,1,1,1,False,FCN9356,10386105,SETD FREI CANECA,15049,FREI CANECA AEREO,499860434,18,2
JAB001,LDS 30287,LDS,18520749,SETD JABOATAO,18915190,46,13.2,3304557,4.372,9794.773,9173.63,3,1300.0,148,14,1,275.0,13,1,12,,1,0,0,1,0,1,CHR0003,0,0,-43.562159,-22.907406,-43.557556,-22.896659,162,162,15029,JABOATAO AEREO,1,0,1,1,1,False,CHR0003,18520758,SETD CACHAMORRA,15011,CACHAMORRA,20736603,1,1097
CLG0005,LDS 1311,LDS,1249,SETD COLEGIO,1248339,46,13.2,3304557,6.358,27645.006,22924.518,4,1025.0,128,26,0,0.0,13,0,13,,1,0,0,1,0,1,CLG0017,0,0,-43.339923,-22.844739,-43.332304,-22.826338,154,154,15021,COLEGIO AEREO,1,0,1,1,1,False,CLG0017,1249,SETD COLEGIO,15021,COLEGIO AEREO,454958107,1,1097
ITP0005,LDS 37894,LDS,10385988,SETD ITAPEBA,22328959,46,13.2,3304557,3.428,1898.029,961.288,3,320.0,70,0,0,0.0,4,0,4,,1,0,0,1,0,1,ITP33370,0,0,-43.435662,-23.006269,-43.421686,-22.998191,70,70,15066,ITAPEBA AEREO URBANO,1,0,1,1,1,False,ITP33370,10385988,SETD ITAPEBA,15066,ITAPEBA AEREO URBANO,773267888,1,1097
BPD4950,LDS 4950,LDS,10385961,SETD BAEPENDI,10401430,46,13.2,3304557,10.335,6290.759,3357.681,5,845.0,41,7,0,0.0,11,0,11,,1,0,0,1,0,1,SLZ4500,0,0,-43.18091,-22.933257,-43.169107,-22.912384,48,48,15063,BAEPENDI SUBTERRANEO,1,0,1,1,1,False,SLZ4500,10386069,SETD SANTA LUZIA,15016,SANTA LUZIA,534989703,6,5
FND33454,LDA CATEDRAL,LDA,1222,SETD FUNDAO,1248184,46,13.2,3304557,6.749,4328.358,3413.808,2,142.5,5,5,0,0.0,8,0,8,,1,0,0,1,0,1,FND33757,0,0,-43.241425,-22.865856,-43.218403,-22.838722,10,10,15061,PEDRO ERNESTO AEREO,1,0,1,1,1,False,FND33757,1222,SETD FUNDAO,15061,PEDRO ERNESTO AEREO,1625245,13,3
FCN1077,LDS 1077,LDS,10386105,SETD FREI CANECA,10401575,46,13.2,3304557,0.477,1422.355,1220.447,1,225.0,9,0,0,0.0,2,1,1,,1,0,0,1,0,1,FCN1169,0,0,-43.198925,-22.916466,-43.197623,-22.914602,9,9,15049,FREI CANECA AEREO,1,0,1,1,1,False,FCN1169,10386105,SETD FREI CANECA,15049,FREI CANECA AEREO,11081097,1,1097
BFG24599,LDS 24599,LDS,10385934,SETD BOTAFOGO,10401290,46,13.2,3304557,3.894,7970.652,7623.402,0,0.0,0,8,0,0.0,5,0,5,,1,0,0,1,0,1,BFG29289,0,0,-43.181871,-22.955763,-43.165152,-22.951355,8,8,15064,BOTAFOGO SUBTERRANEO,1,0,1,1,1,False,BFG29289,10385934,SETD BOTAFOGO,15067,BOTAFOGO AEREO URBANO,11307646,5,5
FND1570,LDS 1570 /LRA HELIO,LDS,1222,SETD FUNDAO,1248184,46,13.2,3304557,7.92,2928.238,2175.903,1,300.0,1,7,1,180.0,10,0,10,,1,0,0,1,0,1,FND1320,0,0,-43.241262,-22.867235,-43.215978,-22.838692,8,8,15061,PEDRO ERNESTO AEREO,1,0,1,1,1,False,FND1320,1222,SETD FUNDAO,15061,PEDRO ERNESTO AEREO,1625280,19,2
PMG020,LDA OURO,LDA,18520479,SETD PADRE MIGUEL,18915130,46,13.2,3304557,8.946,904.324,131.383,3,120.0,8,0,0,0.0,26,1,25,,2,1,1,1,0,2,GDL0003;PMG006,0,0,-43.426105,-22.89091,-43.394778,-22.849408,8,8,15019,PADRE MIGUEL,1,0,1,1,1,False,GDL0003,1258,SETD GUADALUPE,15036,GUADALUPE AEREO,576671361,1,1097
FCN1438,LDS 1438/LDA CAVALITO,LDS,10386105,SETD FREI CANECA,10401545,46,13.2,3304557,5.301,4834.91,4570.112,8,420.0,4,3,0,0.0,5,1,4,,2,1,1,1,0,2,FCN0001;FCN604,0,0,-43.212083,-22.914631,-43.197729,-22.903748,7,7,15049,FREI CANECA AEREO,1,0,1,1,1,False,FCN0001,10386105,SETD FREI CANECA,15049,FREI CANECA AEREO,401232258,7,5
MRT3881,LDA MATOSO,LDA,1312,SETD MERITI,1248414,46,13.2,3305109,3.953,19790.358,19355.851,0,0.0,0,7,0,0.0,8,0,8,,1,0,0,1,0,1,MRT3710,0,0,-43.351887,-22.801837,-43.330468,-22.795001,7,7,14993,MERITI,1,0,1,1,1,False,MRT3710,1312,SETD MERITI,14993,MERITI,27469093,1,1097
PTS4871,LDS 4871,LDS,10386087,SETD POSTO SEIS,10401590,46,13.2,3304557,5.086,22021.288,21621.425,0,0.0,0,7,0,0.0,11,3,8,,3,2,2,1,0,2,PTS0001;PTS4022,0,0,-43.200823,-22.987848,-43.189322,-22.976703,7,7,15075,POSTO SEIS SUBTERRANEO,1,0,1,1,1,False,PTS4022,10386087,SETD POSTO SEIS,15075,POSTO SEIS SUBTERRANEO,11241428,24,2
BAR24135,LDS 24135,LDS,10385907,SETD BARRA,10401280,46,13.2,3304557,2.613,18524.526,18019.08,0,0.0,0,6,0,0.0,3,0,3,,1,0,0,1,0,1,BAR3515,0,0,-43.337858,-23.00292,-43.323836,-22.99827,6,6,15013,BARRA AEREO,1,0,1,1,1,False,BAR3515,10385907,SETD BARRA,15690,BARRA SUBTERRANEO,11009244,1,1097
WLS00017,LDA CXSSHOPPING,LDA,18519994,SETD WASHINGTON LUIS,18915365,46,13.2,3301702,2.851,9779.198,9588.75,0,0.0,0,6,0,0.0,5,0,5,,1,0,0,1,0,1,WLS002,0,0,-43.306815,-22.79379,-43.287482,-22.7845,6,6,15073,WASHINGTON LUIS AEREO,1,0,1,1,1,False,WLS002,18519994,SETD WASHINGTON LUIS,15073,WASHINGTON LUIS AEREO,706655048,1,1097
CMT288,LSA SAMPAIO,LSA,10386051,SETD CAMPO MARTE,10401495,67,25.0,3304557,8.937,19168.464,16574.438,0,0.0,0,5,0,0.0,18,5,13,,3,0,2,1,0,2,CMT2518;CMT304,0,0,-43.227877,-22.899198,-43.210736,-22.874286,5,5,15047,CAMPO MARTE AEREO,1,0,1,1,1,False,CMT2518,10386051,SETD CAMPO MARTE,15047,CAMPO MARTE AEREO,11138170,1,1097
ITP38330,LDA ALLENDE,LDA,10385988,SETD ITAPEBA,22328959,46,13.2,3304557,3.589,906.593,288.867,5,1520.0,5,0,0,0.0,8,0,8,,2,0,1,1,0,2,ITP24007;ITP33172,0,0,-43.431281,-22.999412,-43.416421,-22.985567,5,5,15066,ITAPEBA AEREO URBANO,1,0,1,1,1,False,ITP33172,10385988,SETD ITAPEBA,15066,ITAPEBA AEREO URBANO,11008754,1,1097
PTS4022,LDS 4022 / LRA FARME,LDS,10386087,SETD POSTO SEIS,10401555,46,13.2,3304557,5.956,8284.786,8004.739,0,0.0,0,5,0,0.0,6,0,6,,5,4,4,1,0,2,PTS0001;PTS4871,0,0,-43.200827,-22.987919,-43.189331,-22.976799,5,5,15075,POSTO SEIS SUBTERRANEO,1,0,1,1,1,False,PTS4871,10386087,SETD POSTO SEIS,15075,POSTO SEIS SUBTERRANEO,11241428,24,2
JDB4727,LDS 4727,LDS,10385880,SETD JARDIM BOTANICO,10401215,46,13.2,3304557,6.411,12767.86,12411.592,0,0.0,0,4,1,597.642,14,1,13,,3,0,2,1,0,3,JDB29572;JDB4713;JDB939,0,0,-43.235979,-22.977381,-43.21747,-22.963141,4,4,15071,JARDIM BOTANICO AEREO,1,0,1,1,1,False,JDB939,10385880,SETD JARDIM BOTANICO,15071,JARDIM BOTANICO AEREO,11094994,1,1097
ELD002,LSA CAPIVARI II,LSA,18521352,SETD ELDORADO,666609179,67,25.0,3301702,6.392,21545.358,20589.886,0,0.0,0,3,0,0.0,15,2,13,,2,0,1,1,0,1,ELD001,0,0,-43.296842,-22.645247,-43.286128,-22.606035,3,3,15005,ELDORADO,1,0,1,1,1,False,ELD001,18521352,SETD ELDORADO,15005,ELDORADO,428208807,1,1097
FND1239,LDS 1239,LDS,1222,SETD FUNDAO,1248184,46,13.2,3304557,3.264,1464.344,1123.117,0,0.0,0,3,0,0.0,6,0,6,,1,0,0,1,0,1,FND33757,0,0,-43.24143,-22.845029,-43.227359,-22.838699,3,3,15061,PEDRO ERNESTO AEREO,1,0,1,1,1,False,FND33757,1222,SETD FUNDAO,15061,PEDRO ERNESTO AEREO,114937703,13,3
NIG007,LDA TOPSHOPPING,LDA,18519976,SETD NOVA IGUACU,18915385,46,13.2,3303500,1.755,11552.496,11354.222,0,0.0,0,3,0,0.0,6,1,5,402128952,1,1,0,1,1,1,NIG0004,0,0,-43.453991,-22.758911,-43.445239,-22.75279,3,3,15692,NOVA IGUACU,1,1,0,1,1,False,NIG0004,18519976,SETD NOVA IGUACU,15692,NOVA IGUACU,402128952,1,1097
BFG3931,LDS 24222/24380,LDS,10385934,SETD BOTAFOGO,10401290,46,13.2,3304557,1.851,2286.126,2113.338,0,0.0,0,2,0,0.0,1,0,1,10918561,1,1,0,1,1,1,BFG24750,0,0,-43.181918,-22.956793,-43.176074,-22.954834,2,2,15064,BOTAFOGO SUBTERRANEO,1,1,0,1,1,False,BFG24750,10385934,SETD BOTAFOGO,15064,BOTAFOGO SUBTERRANEO,10918561,10,3
BPN303,LSA QUITO,LSA,1159,SETD BRAS DE PINA,1248224,67,25.0,3304557,8.088,5087.483,4991.956,0,0.0,0,2,0,0.0,8,2,6,,1,0,0,1,0,1,BPN29915,0,0,-43.282653,-22.844666,-43.268153,-22.82593,2,2,15017,BRAS DE PINA,1,0,1,1,1,False,BPN29915,1159,SETD BRAS DE PINA,15017,BRAS DE PINA,1581362,1,1097
WLS005,LDA PATRIOTA,LDA,18519994,SETD WASHINGTON LUIS,18915365,46,13.2,3301702,4.416,12464.848,12028.455,0,0.0,0,2,0,0.0,10,1,9,,1,0,0,1,0,1,WLS003,0,0,-43.306811,-22.795962,-43.283121,-22.784416,2,2,15073,WASHINGTON LUIS AEREO,1,0,1,1,1,False,WLS003,18519994,SETD WASHINGTON LUIS,15073,WASHINGTON LUIS AEREO,426411396,1,1097
CBI00002,LDA HAVELANGE,LDA,1141,SETD CACHAMBI,1248114,46,13.2,3304557,3.577,4234.446,3997.761,0,0.0,0,1,0,0.0,12,0,12,,2,0,1,1,0,2,CBI00003;CBI24801,0,0,-43.292828,-22.892436,-43.273995,-22.887462,1,1,15027,CACHAMBI AEREO,1,0,1,1,1,False,CBI24801,1141,SETD CACHAMBI,15027,CACHAMBI AEREO,1625840,1,1097
CXS014,LDA GLOBO,LDA,18520785,SETD CAXIAS,18915325,46,13.2,3301702,4.36,7172.18,5564.716,0,0.0,0,1,0,0.0,9,1,8,,1,0,0,1,0,1,CXS022,0,0,-43.311087,-22.785009,-43.285241,-22.77044,1,1,15700,CAXIAS AEREO,1,0,1,1,1,False,CXS022,18520785,SETD CAXIAS,15700,CAXIAS AEREO,22927034,1,1097
GNB0001,LDA DIAS,LDA,1150,SETD GUANABARA,1248134,46,13.2,3304557,4.81,2209.037,2166.139,0,0.0,0,1,0,0.0,18,1,17,,1,0,0,1,0,1,GVD29940,0,0,-43.189046,-22.824534,-43.175492,-22.797062,1,1,15040,GOVERNADOR AEREO,1,0,1,1,1,False,GVD29940,1213,SETD GOVERNADOR,15040,GOVERNADOR AEREO,894126776,2,29
ZIN009,LDA PERE,LDA,18520911,SETD ZONA INDUSTRIAL,18915435,46,13.2,3304557,2.633,206.16,200.802,0,0.0,0,1,0,0.0,12,2,10,,1,0,0,1,0,1,ZIN005,0,2,-43.742488,-22.894311,-43.735093,-22.88091,1,1,15696,ZONA INDUSTRIAL,1,0,1,1,1,False,ZIN005,18520911,SETD ZONA INDUSTRIAL,15696,ZONA INDUSTRIAL,20713153,1,1097
BPN307,LSS 307,LSS,1159,SETD BRAS DE PINA,1248224,67,25.0,3304557,2.098,0.0,0.0,0,0.0,0,0,0,0.0,7,2,5,,1,0,0,1,0,1,MRT273,0,0,-43.289948,-22.826423,-43.279004,-22.817833,0,0,,,1,0,1,1,1,False,MRT273,1312,SETD MERITI,,,721791344,1,1097
CCD256,LSA DASILVA,LSA,1186,SETD CASCADURA,1248234,67,25.0,3304557,3.467,0.0,0.0,0,0.0,0,0,0,0.0,8,2,6,,1,0,0,1,0,1,CCD224,0,0,-43.333529,-22.891276,-43.310417,-22.88076,0,0,,,1,0,1,1,1,False,CCD224,1186,SETD CASCADURA,,,833860450,1,1097
GDN0009,LDS 61300,LDS,457474244,SETD GARDENIA,457474600,46,13.2,3304557,1.002,0.0,0.0,0,0.0,0,0,0,0.0,1,0,1,,2,1,1,1,0,2,CUR33309;GDN0001,0,0,-43.386922,-22.973397,-43.379653,-22.971975,0,0,,,1,0,1,1,1,False,CUR33309,10386042,SETD CURICICA,16901,CURICICA AEREO,464160233,1,1097
MRT2903,LSA FREI,LSA,1312,SETD MERITI,497378338,67,25.0,3305109,7.77,0.0,0.0,0,0.0,0,0,0,0.0,12,4,8,,4,0,3,1,0,3,ELD001;MRT2135;MRT2929,0,0,-43.330831,-22.797659,-43.305027,-22.752233,0,0,,,1,0,1,1,1,False,MRT2929,1312,SETD MERITI,14993,MERITI,764465132,1,1097
MTC011,LDA STOCKLER,LDA,1276,SETD MATURACA,1248364,46,13.2,3304557,1.777,0.0,0.0,0,0.0,0,0,0,0.0,4,1,3,,1,0,0,1,0,1,MTC34958,0,0,-43.312011,-22.848977,-43.301954,-22.841526,0,0,,,1,0,1,1,1,False,MTC34958,1276,SETD MATURACA,15031,MATURACA AEREO,1583196,23,2
PER917,LDA RESERVA 2(PER),LDA,1240,SETD PEDRO ERNESTO,1248279,46,13.2,3304557,0.308,0.0,0.0,0,0.0,0,0,0,0.0,5,3,2,,3,0,2,1,0,3,PER781;PER828;PER833,0,0,-43.262561,-22.847067,-43.261397,-22.846539,0,0,,,1,0,1,1,1,False,PER781,1240,SETD PEDRO ERNESTO,15061,PEDRO ERNESTO AEREO,1554102,1,1097
REC0017,LDS 38722,LDS,132097219,SETD RECREIO,132023773,46,13.2,3304557,0.0,0.0,0.0,0,0.0,0,0,0,0.0,1,1,0,574279727,1,1,0,1,1,1,REC37476,0,0,,,,,0,0,,,1,1,0,1,1,False,REC37476,132097219,SETD RECREIO,15690,BARRA SUBTERRANEO,574279727,1,1097
VRD020,LSA FORNASA(RECURSO),LSA,18520470,SETD VOLTA REDONDA,18915415,67,25.0,3306305,0.366,0.0,0.0,0,0.0,0,0,0,0.0,6,1,5,,3,0,2,1,0,2,VRD002;VRD019,0,0,-44.091721,-22.513535,-44.088873,-22.513299,0,0,,,1,0,1,1,1,False,VRD019,18520470,SETD VOLTA REDONDA,15086,VOLTA REDONDA AEREO MT/MT,20667317,1,1097
ZIN008,LDA MORUPI,LDA,18520911,SETD ZONA INDUSTRIAL,18915440,46,13.2,3304557,3.996,6.002,0.0,1,10.0,0,0,0,0.0,6,1,5,,1,0,0,1,0,1,ITG0006,0,0,-43.761615,-22.894232,-43.73516,-22.881764,0,0,15696,ZONA INDUSTRIAL,1,0,1,1,1,False,ITG0006,310129856,SETD ITAGUAI,15694,ITAGUAI,137841714,1,1097
ZIN010,LSA RIBEIRINHA,LSA,18520911,SETD ZONA INDUSTRIAL,18915435,46,13.2,3304557,1.71,0.0,0.0,0,0.0,0,0,0,0.0,5,1,4,,1,0,0,1,0,1,ESP019,0,0,-43.735603,-22.894551,-43.729153,-22.887638,0,0,,,1,0,1,1,1,False,ESP019,18519958,SETD ESPERANCA,16899,ESPERANCA AEREO AT/MT,736287887,1,1097
MRP00009,LDA ALBERT,LDA,224567922,SETD MARAPICU,224567995,46,13.2,3303500,14.213,30664.021,8921.899,81,8160.0,6130,3,26,682.17,38,9,29,,0,0,0,0,0,0,,0,0,-43.611625,-22.855144,-43.592439,-22.81566,0,6133,15697,MARAPICU,0,0,0,0,0,True,,,,,,,400,1
MRP00007,LDA PLATAO,LDA,224567922,SETD MARAPICU,224567995,46,13.2,3303500,26.499,25978.913,4847.644,111,11565.0,5166,2,2,39.0,51,11,40,,0,0,0,0,0,0,,0,0,-43.596477,-22.816085,-43.559973,-22.779312,0,5168,15697,MARAPICU,0,0,0,0,0,True,,,,,,,399,1
PTS9310,LDS 9310,LDS,10386087,SETD POSTO SEIS,10401590,46,13.2,3304557,8.022,22080.032,20257.935,21,9700.0,4874,0,14,108.94,9,0,9,,3,3,3,0,0,1,PTS0001,0,0,-43.20354,-22.987831,-43.188854,-22.972769,0,4874,15075,POSTO SEIS SUBTERRANEO,0,0,0,0,0,True,,,,,,,468,1
MRP00006,LDA DUMONT,LDA,224567922,SETD MARAPICU,224568006,46,13.2,3303500,15.002,20127.115,4587.961,68,6847.5,4461,2,13,76.74,27,11,16,,0,0,0,0,0,0,,0,0,-43.611677,-22.858309,-43.587149,-22.815794,0,4463,15697,MARAPICU,0,0,0,0,0,True,,,,,,,398,1
FCN1767,LDS 1767,LDS,10386105,SETD FREI CANECA,10401570,46,13.2,3304557,3.399,11964.84,10844.372,18,7220.0,4178,0,5,74.1,11,0,11,,0,0,0,0,0,0,,0,0,-43.198697,-22.917443,-43.188194,-22.911336,0,4178,15049,FREI CANECA AEREO,0,0,0,0,0,True,,,,,,,231,1
SMT9040,LDS 9040,LDS,10385997,SETD SAMARITANO,10401345,46,13.2,3304557,6.584,18803.215,17413.719,20,8510.0,4148,0,4,14.55,11,0,11,,0,0,0,0,0,0,,0,0,-43.187946,-22.945683,-43.171042,-22.93166,0,4148,15076,SAMARITANO SUBTERRANEO,0,0,0,0,0,True,,,,,,,605,1
BRR30516,LDS 30516,LDS,345834478,SETD BARRA 2,345834815,46,13.2,3304557,19.711,34996.01,31354.156,74,21637.5,3912,0,69,714.79,54,0,54,,0,0,0,0,0,0,,0,0,-43.35175,-23.010665,-43.324219,-22.99805,0,3912,15689,BARRA 2,0,0,0,0,0,True,,,,,,,111,1
BRR24577,LDS 24577,LDS,345834478,SETD BARRA 2,345834621,46,13.2,3304557,5.805,20517.475,16624.229,27,10750.0,3819,1,12,41.91,19,0,19,,0,0,0,0,0,0,,0,0,-43.330538,-23.007772,-43.319823,-22.998241,0,3820,15689,BARRA 2,0,0,0,0,0,True,,,,,,,107,1
SMT9200,LDS 9200,LDS,10385997,SETD SAMARITANO,10401345,46,13.2,3304557,5.186,18234.098,17713.726,17,7210.0,3675,0,13,102.45,4,0,4,,0,0,0,0,0,0,,0,0,-43.187933,-22.945681,-43.172884,-22.933071,0,3675,15076,SAMARITANO SUBTERRANEO,0,0,0,0,0,True,,,,,,,606,1
AVD33395,LDS 33395/LDS 37927,LDS,10385943,SETD ALVORADA,10401315,46,13.2,3304557,14.896,31340.632,29258.708,31,11230.0,3643,3,12,117.03,30,0,30,,1,1,1,0,0,1,AVD30007,0,0,-43.381096,-23.010961,-43.347485,-22.99432,0,3646,15004,ALVORADA,0,0,0,0,0,True,,,,,,,50,1
BPD9300,LDS 9300,LDS,10385961,SETD BAEPENDI,10401440,46,13.2,3304557,4.886,18848.144,16774.526,14,6020.0,3556,0,4,22.1,11,0,11,,0,0,0,0,0,0,,0,0,-43.181286,-22.933468,-43.173574,-22.926794,0,3556,15063,BAEPENDI SUBTERRANEO,0,0,0,0,0,True,,,,,,,92,1
COP9600,LDS 9600,LDS,152677490,SETD COPACABANA,152678080,46,13.2,3304557,4.011,13443.093,11328.812,15,6900.0,3450,0,11,148.49,13,0,13,,0,0,0,0,0,0,,0,0,-43.193875,-22.970309,-43.185264,-22.963578,0,3450,15012,COPACABANA,0,0,0,0,0,True,,,,,,,211,1
HMT3463A,LDS 24903/LDS 1872,LDS,10386096,SETD HUMAITA,10401580,46,13.2,3304557,4.967,19475.079,15154.594,20,7110.0,3332,0,36,503.53,18,0,18,,1,0,1,0,0,1,HMT0001,0,0,-43.199291,-22.958544,-43.192508,-22.952593,0,3332,15059,HUMAITA SUBTERRANEO,0,0,0,0,0,True,,,,,,,293,1
FCN1667,LDS 1667,LDS,10386105,SETD FREI CANECA,10401390,46,13.2,3304557,4.216,8982.12,8123.597,15,6610.0,3281,0,1,5.0,11,0,11,,0,0,0,0,0,0,,0,0,-43.19868,-22.91529,-43.184513,-22.911111,0,3281,15049,FREI CANECA AEREO,0,0,0,0,0,True,,,,,,,230,1
BFG1709,LDS 1709,LDS,10385934,SETD BOTAFOGO,10401295,46,13.2,3304557,3.729,16765.282,15085.911,21,8900.0,3181,0,12,75.94,17,0,17,,0,0,0,0,0,0,,0,0,-43.184507,-22.957994,-43.177866,-22.950944,0,3181,15064,BOTAFOGO SUBTERRANEO,0,0,0,0,0,True,,,,,,,62,1
BPD1394,LDS 1394,LDS,10385961,SETD BAEPENDI,10401430,46,13.2,3304557,3.316,12950.29,11896.398,20,7600.0,3161,0,10,191.15,13,0,13,,3,0,3,0,0,1,BPD34707,0,0,-43.19079,-22.938608,-43.18062,-22.931965,0,3161,15063,BAEPENDI SUBTERRANEO,0,0,0,0,0,True,,,,,,,80,1
COP2480,LDS 2480,LDS,152677490,SETD COPACABANA,152678112,46,13.2,3304557,4.01,14472.575,13601.725,13,5500.0,3050,0,11,76.95,9,0,9,,0,0,0,0,0,0,,0,0,-43.188874,-22.969607,-43.179476,-22.962929,0,3050,15012,COPACABANA,0,0,0,0,0,True,,,,,,,201,1
BRR34933,LDS 34933,LDS,345834478,SETD BARRA 2,345834815,46,13.2,3304557,4.327,20686.496,18112.762,25,9830.0,3030,1,7,84.0,19,0,19,,1,1,1,0,0,1,BRR0003,0,0,-43.327855,-23.005514,-43.321111,-22.99809,0,3031,15689,BARRA 2,0,0,0,0,0,True,,,,,,,118,1
MRP00005,LDA PITAGORAS,LDA,224567922,SETD MARAPICU,224568006,46,13.2,3303500,17.348,27818.893,3743.712,65,6255.0,3010,3,8,1070.3,49,11,38,,0,0,0,0,0,0,,0,0,-43.601402,-22.818531,-43.58214,-22.789084,0,3013,15697,MARAPICU,0,0,0,0,0,True,,,,,,,397,1
RCP1343,LDS 1343,LDS,10386006,SETD RIO COMPRIDO,10401350,46,13.2,3304557,8.479,16822.444,11151.931,17,6710.0,2977,1,6,140.36,14,0,14,,0,0,0,0,0,0,,0,0,-43.223674,-22.930088,-43.209119,-22.914759,0,2978,15058,RIO COMPRIDO AEREO,0,0,0,0,0,True,,,,,,,489,1
BPD9350,LDS 9350,LDS,10385961,SETD BAEPENDI,10401430,46,13.2,3304557,5.374,13517.364,12348.49,14,6600.0,2948,0,6,32.46,9,0,9,,0,0,0,0,0,0,,0,0,-43.180885,-22.933255,-43.172928,-22.914149,0,2948,15063,BAEPENDI SUBTERRANEO,0,0,0,0,0,True,,,,,,,93,1
PTS9470,LDS 9470,LDS,10386087,SETD POSTO SEIS,10401590,46,13.2,3304557,5.258,13532.421,12987.754,16,7110.0,2903,0,7,51.5,6,0,6,,3,3,3,0,0,1,PTS0001,0,0,-43.194758,-22.987836,-43.187567,-22.972766,0,2903,15075,POSTO SEIS SUBTERRANEO,0,0,0,0,0,True,,,,,,,471,1
PTS9240,LDS 9240,LDS,10386087,SETD POSTO SEIS,10401590,46,13.2,3304557,6.565,13631.719,13066.141,20,9400.0,2866,0,9,87.95,9,0,9,,3,3,3,0,0,1,PTS0001,0,0,-43.20284,-22.987844,-43.187576,-22.973885,0,2866,15075,POSTO SEIS SUBTERRANEO,0,0,0,0,0,True,,,,,,,466,1
PTS9090,LDS 9090,LDS,10386087,SETD POSTO SEIS,10401515,46,13.2,3304557,3.678,14240.337,13101.879,9,4300.0,2767,0,9,54.55,2,0,2,,0,0,0,0,0,0,,0,0,-43.202653,-22.987819,-43.191767,-22.981918,0,2767,15075,POSTO SEIS SUBTERRANEO,0,0,0,0,0,True,,,,,,,459,1
BRR24573,LDS 24573,LDS,345834478,SETD BARRA 2,345834621,46,13.2,3304557,6.663,18737.062,17056.236,18,7120.0,2759,0,5,25.22,17,0,17,,0,0,0,0,0,0,,0,0,-43.331968,-23.01095,-43.323881,-22.998184,0,2759,15689,BARRA 2,0,0,0,0,0,True,,,,,,,106,1
BPD9777,LDS 9777,LDS,10385961,SETD BAEPENDI,10401430,46,13.2,3304557,6.662,11969.612,10688.488,17,6410.0,2743,0,7,97.38,9,0,9,,0,0,0,0,0,0,,0,0,-43.180881,-22.933251,-43.172314,-22.914727,0,2743,15063,BAEPENDI SUBTERRANEO,0,0,0,0,0,True,,,,,,,99,1
BPD9422,LDS 9422,LDS,10385961,SETD BAEPENDI,10401440,46,13.2,3304557,3.517,10711.267,7601.234,17,7610.0,2737,0,5,22.42,9,0,9,,0,0,0,0,0,0,,0,0,-43.181284,-22.933131,-43.174255,-22.926823,0,2737,15063,BAEPENDI SUBTERRANEO,0,0,0,0,0,True,,,,,,,94,1
SMT9500,LDS 9500,LDS,10385997,SETD SAMARITANO,10401345,46,13.2,3304557,5.742,11611.775,11174.285,16,6710.0,2709,0,8,40.04,11,0,11,,0,0,0,0,0,0,,0,0,-43.187969,-22.945687,-43.171043,-22.934229,0,2709,15076,SAMARITANO SUBTERRANEO,0,0,0,0,0,True,,,,,,,608,1
PTS9020,LDS 9020,LDS,10386087,SETD POSTO SEIS,10401590,46,13.2,3304557,6.549,11975.848,11098.823,20,9110.0,2705,0,6,55.66,9,0,9,,3,3,3,0,0,1,PTS0001,0,0,-43.203497,-22.987831,-43.187682,-22.973803,0,2705,15075,POSTO SEIS SUBTERRANEO,0,0,0,0,0,True,,,,,,,454,1
BRR37085,LDS 37085,LDS,345834478,SETD BARRA 2,345834664,46,13.2,3304557,10.224,29493.165,26554.118,29,9235.0,2675,2,8,91.69,27,0,27,,0,0,0,0,0,0,,0,0,-43.360991,-23.001538,-43.324569,-22.984109,0,2677,15004,ALVORADA,0,0,0,0,0,True,,,,,,,119,1
BRR24300,LDS 24300,LDS,345834478,SETD BARRA 2,345834664,46,13.2,3304557,3.619,12963.184,11175.497,21,10100.0,2667,0,3,35.4,15,0,15,,0,0,0,0,0,0,,0,0,-43.32908,-23.004374,-43.323886,-22.998139,0,2667,15689,BARRA 2,0,0,0,0,0,True,,,,,,,104,1
BPD34707,LDS 34707,LDS,10385961,SETD BAEPENDI,10401435,46,13.2,3304557,4.711,13467.309,12365.102,15,5710.0,2642,2,13,130.41,60,19,41,,16,7,16,0,0,18,BPD09730;BPD1088;BPD1093;BPD1128;BPD1394;BPD1518;BPD1949;BPD24186;BPD24330;BPD24650;BPD24726;BPD4302;BPD4431;BPD4529;BPD4700;BPD4813;BPD4928;BPD4990,0,9,-43.195952,-22.943007,-43.180868,-22.932077,0,2644,15063,BAEPENDI SUBTERRANEO,0,0,0,0,0,True,,,,,,,86,1
COP2070,LDS 2070,LDS,152677490,SETD COPACABANA,156276007,46,13.2,3304557,3.503,10256.608,9375.759,13,6100.0,2539,0,3,15.3,3,0,3,,0,0,0,0,0,0,,0,0,-43.192829,-22.974392,-43.186064,-22.966451,0,2539,15012,COPACABANA,0,0,0,0,0,True,,,,,,,196,1
BPD9290,LDS 9290,LDS,10385961,SETD BAEPENDI,10401440,46,13.2,3304557,3.129,12101.486,10935.722,14,6200.0,2510,0,3,11.71,7,0,7,,0,0,0,0,0,0,,0,0,-43.18129,-22.93313,-43.174133,-22.926978,0,2510,15063,BAEPENDI SUBTERRANEO,0,0,0,0,0,True,,,,,,,91,1
ALC4886,LDS 4886,LDS,10385889,SETD ALDEIA CAMPISTA,341720876,46,13.2,3304557,3.748,15993.537,14743.659,23,10320.0,2491,1,10,48.06,20,0,20,,0,0,0,0,0,0,,0,0,-43.238372,-22.924705,-43.233384,-22.916931,0,2492,15033,ALDEIA CAMPISTA,0,0,0,0,0,True,,,,,,,37,1
COP0003,LDS 9117,LDS,152677490,SETD COPACABANA,152678080,46,13.2,3304557,3.525,11396.085,9772.325,15,6900.0,2481,0,12,118.78,10,0,10,,0,0,0,0,0,0,,0,0,-43.193876,-22.971512,-43.185009,-22.963702,0,2481,15012,COPACABANA,0,0,0,0,0,True,,,,,,,193,1
PTS9009,LDS 9009,LDS,10386087,SETD POSTO SEIS,10401555,46,13.2,3304557,2.991,17280.374,16783.469,12,4620.0,2472,0,2,8.0,2,0,2,,3,3,3,0,0,1,PTS0001,0,0,-43.193209,-22.987964,-43.189138,-22.980668,0,2472,15075,POSTO SEIS SUBTERRANEO,0,0,0,0,0,True,,,,,,,453,1
LEM3893,LDS 9575,LDS,10385925,SETD LEME,10401205,46,13.2,3304557,3.27,11429.536,11046.235,10,4600.0,2465,0,2,12.75,6,0,6,,0,0,0,0,0,0,,0,0,-43.180482,-22.965121,-43.165446,-22.961576,0,2465,15041,LEME SUBTERRANEO,0,0,0,0,0,True,,,,,,,355,1
AVD0002,LDS 30301,LDS,10385943,SETD ALVORADA,10401310,46,13.2,3304557,11.204,29992.997,27443.176,34,11305.0,2462,2,19,165.62,28,0,28,,1,1,1,0,0,1,AVD30007,0,0,-43.377616,-22.999839,-43.346604,-22.984144,0,2464,15004,ALVORADA,0,0,0,0,0,True,,,,,,,38,1
LBN00056,LDS 24481,LDS,55813421,SETD LEBLON,55816451,46,13.2,3304557,4.786,19419.934,18472.983,24,10710.0,2462,0,19,111.19,23,0,23,,0,0,0,0,0,0,,0,0,-43.225017,-22.987038,-43.219,-22.980848,0,2462,14992,LEBLON,0,0,0,0,0,True,,,,,,,334,1
BPD9603,LDS 9603,LDS,10385961,SETD BAEPENDI,10401430,46,13.2,3304557,6.383,11615.837,7111.912,16,5910.0,2445,0,6,85.0,9,0,9,,0,0,0,0,0,0,,0,0,-43.180889,-22.933252,-43.172315,-22.916164,0,2445,15063,BAEPENDI SUBTERRANEO,0,0,0,0,0,True,,,,,,,96,1
BPD4535,LDS 4535,LDS,10385961,SETD BAEPENDI,10401435,46,13.2,3304557,1.825,10212.632,9292.922,11,4900.0,2430,0,9,65.37,9,0,9,,0,0,0,0,0,0,,0,0,-43.181074,-22.935589,-43.178509,-22.932632,0,2430,15063,BAEPENDI SUBTERRANEO,0,0,0,0,0,True,,,,,,,89,1
COP9086,LDS 9086,LDS,152677490,SETD COPACABANA,152678080,46,13.2,3304557,2.71,13336.191,11689.235,13,5410.0,2417,0,8,88.8,7,0,7,,0,0,0,0,0,0,,0,0,-43.193932,-22.970844,-43.185862,-22.963695,0,2417,15012,COPACABANA,0,0,0,0,0,True,,,,,,,208,1
FCN1835,LDS 1835,LDS,10386105,SETD FREI CANECA,10401570,46,13.2,3304557,3.925,6277.974,5874.152,11,3460.0,2403,0,1,44.96,9,0,9,,0,0,0,0,0,0,,0,0,-43.198113,-22.915351,-43.184683,-22.910497,0,2403,15049,FREI CANECA AEREO,0,0,0,0,0,True,,,,,,,232,1
LBN00028,LDS 1776,LDS,55813421,SETD LEBLON,55816451,46,13.2,3304557,5.561,20585.174,19984.852,37,13300.0,2375,1,21,170.34,26,0,26,,0,0,0,0,0,0,,0,0,-43.230514,-22.988927,-43.21922,-22.981894,0,2376,14992,LEBLON,0,0,0,0,0,True,,,,,,,328,1
BRR24946,LDS 24946,LDS,345834478,SETD BARRA 2,345834664,46,13.2,3304557,6.584,12987.851,11657.397,19,7520.0,2364,0,12,145.8,19,0,19,,0,0,0,0,0,0,,0,0,-43.342086,-23.00597,-43.32457,-22.99831,0,2364,15689,BARRA 2,0,0,0,0,0,True,,,,,,,109,1
RCP3064,LDS 1698/LDS 4070,LDS,10386006,SETD RIO COMPRIDO,10401360,46,13.2,3304557,3.453,14502.658,11993.791,21,9437.5,2356,0,12,76.5,13,0,13,,0,0,0,0,0,0,,0,0,-43.233486,-22.925609,-43.221685,-22.923048,0,2356,15058,RIO COMPRIDO AEREO,0,0,0,0,0,True,,,,,,,493,1
BPD24420,LDS 24420,LDS,10385961,SETD BAEPENDI,10401435,46,13.2,3304557,3.232,9989.331,9004.78,17,6800.0,2328,1,17,170.74,12,0,12,,0,0,0,0,0,0,,0,0,-43.189299,-22.93608,-43.180861,-22.930358,0,2329,15063,BAEPENDI SUBTERRANEO,0,0,0,0,0,True,,,,,,,84,1
COP2830,LDS 2830,LDS,152677490,SETD COPACABANA,152678112,46,13.2,3304557,3.622,11884.482,11039.437,10,4600.0,2328,0,5,33.58,4,0,4,,0,0,0,0,0,0,,0,0,-43.188874,-22.969595,-43.180029,-22.962928,0,2328,15012,COPACABANA,0,0,0,0,0,True,,,,,,,206,1
LEM9680,LDS 9680,LDS,10385925,SETD LEME,10401205,46,13.2,3304557,2.943,10226.258,9560.484,8,3600.0,2322,0,2,20.0,2,0,2,,0,0,0,0,0,0,,0,0,-43.180479,-22.965283,-43.165446,-22.961578,0,2322,15041,LEME SUBTERRANEO,0,0,0,0,0,True,,,,,,,356,1
PTS9150,LDS 9150,LDS,10386087,SETD POSTO SEIS,10401590,46,13.2,3304557,4.258,13689.51,13162.049,15,6810.0,2310,0,1,2.2,5,0,5,,3,3,3,0,0,1,PTS0001,0,0,-43.193724,-22.98783,-43.187683,-22.973882,0,2310,15075,POSTO SEIS SUBTERRANEO,0,0,0,0,0,True,,,,,,,462,1
LBN4228,LDS 4228,LDS,55813421,SETD LEBLON,55816310,46,13.2,3304557,3.578,15131.721,14612.608,15,5900.0,2298,0,12,71.04,18,0,18,,0,0,0,0,0,0,,0,0,-43.229922,-22.984446,-43.218993,-22.980667,0,2298,14992,LEBLON,0,0,0,0,0,True,,,,,,,344,1
MRP00003,LDA FARADAY,LDA,224567922,SETD MARAPICU,224567984,46,13.2,3303500,12.279,17474.94,3590.459,67,6907.5,2294,4,13,139.3,39,10,29,,0,0,0,0,0,0,,0,0,-43.616861,-22.84595,-43.593741,-22.815831,0,2298,15697,MARAPICU,0,0,0,0,0,True,,,,,,,396,1
LEM3433,LDS 2420/LDS 2930,LDS,10385925,SETD LEME,10401265,46,13.2,3304557,5.9,11584.783,10994.06,9,4300.0,2258,5,3,18.6,5,0,5,,0,0,0,0,0,0,,0,0,-43.189455,-22.972712,-43.173161,-22.960749,0,2263,15041,LEME SUBTERRANEO,0,0,0,0,0,True,,,,,,,351,1
JDB29572,LDA CASTORINA,LDA,10385880,SETD JARDIM BOTANICO,10401215,46,13.2,3304557,7.66,17032.065,14879.758,57,6502.5,2255,6,58,432.24,39,8,31,,2,0,2,0,0,2,JDB29041;JDB4727,0,0,-43.239828,-22.969832,-43.217468,-22.963185,0,2261,15071,JARDIM BOTANICO AEREO,0,0,0,0,0,True,,,,,,,309,1
URG1346,LDS 1346,LDS,10385979,SETD URUGUAI,10401410,46,13.2,3304557,4.361,13122.0,11223.08,16,6850.0,2194,1,9,103.49,29,4,25,,1,1,1,0,0,1,URG29706,0,3,-43.244711,-22.937465,-43.236007,-22.927772,0,2195,15025,URUGUAI AEREO,0,0,0,0,0,True,,,,,,,621,1
RCP4038,LDS 4038,LDS,10386006,SETD RIO COMPRIDO,10401360,46,13.2,3304557,3.463,12966.986,11112.021,18,7500.0,2189,0,6,31.8,13,0,13,,0,0,0,0,0,0,,0,0,-43.221926,-22.925546,-43.211575,-22.917818,0,2189,15058,RIO COMPRIDO AEREO,0,0,0,0,0,True,,,,,,,495,1
LBN00009,LDS 1806,LDS,55813421,SETD LEBLON,55816392,46,13.2,3304557,4.61,18988.368,17762.735,28,10520.0,2169,0,10,93.3,23,0,23,,0,0,0,0,0,0,,0,0,-43.229541,-22.988646,-43.218951,-22.982245,0,2169,14992,LEBLON,0,0,0,0,0,True,,,,,,,319,1
PTS9180,LDS 9180,LDS,10386087,SETD POSTO SEIS,10401515,46,13.2,3304557,2.856,11306.203,10305.107,8,3800.0,2108,0,10,69.51,3,0,3,,0,0,0,0,0,0,,0,0,-43.198622,-22.987816,-43.191776,-22.981443,0,2108,15075,POSTO SEIS SUBTERRANEO,0,0,0,0,0,True,,,,,,,464,1
PTS9449,LDS 9449,LDS,10386087,SETD POSTO SEIS,10401590,46,13.2,3304557,7.305,10081.852,9290.609,23,10500.0,2108,0,6,71.05,5,0,5,,3,3,3,0,0,1,PTS0001,0,0,-43.203015,-22.987838,-43.18756,-22.973951,0,2108,15075,POSTO SEIS SUBTERRANEO,0,0,0,0,0,True,,,,,,,470,1
PTS33752,LDA ESCADINHA,LDA,10386087,SETD POSTO SEIS,10401515,46,13.2,3304557,4.155,3833.431,2410.792,32,4462.5,2055,0,2,22.29,19,4,15,,0,0,0,0,0,0,,0,0,-43.198398,-22.987813,-43.19079,-22.9797,0,2055,15077,POSTO SEIS AEREO URBANO,0,0,0,0,0,True,,,,,,,451,1
AVD33318,LDS 33318,LDS,10385943,SETD ALVORADA,10401310,46,13.2,3304557,10.842,13678.288,11732.0,30,8820.0,2029,0,21,194.75,19,0,19,,0,0,0,0,0,0,,0,0,-43.377624,-23.004504,-43.347515,-22.994573,0,2029,15004,ALVORADA,0,0,0,0,0,True,,,,,,,49,1
COP9520,LDS 9520,LDS,152677490,SETD COPACABANA,152678080,46,13.2,3304557,3.733,12183.662,8973.116,18,8510.0,2026,0,6,19.6,15,0,15,,0,0,0,0,0,0,,0,0,-43.192271,-22.972635,-43.184851,-22.964445,0,2026,15012,COPACABANA,0,0,0,0,0,True,,,,,,,210,1
HMT3966,LDS 1865/LDS 24800,LDS,10386096,SETD HUMAITA,10401580,46,13.2,3304557,6.597,12941.898,9460.156,12,4700.0,2015,0,6,35.5,17,0,17,,0,0,0,0,0,0,,0,0,-43.203068,-22.960121,-43.187176,-22.945444,0,2015,15059,HUMAITA SUBTERRANEO,0,0,0,0,0,True,,,,,,,296,1
COP2700,LDS 2700,LDS,152677490,SETD COPACABANA,156276007,46,13.2,3304557,2.955,8196.385,7392.568,8,3800.0,1983,0,1,5.28,3,0,3,,0,0,0,0,0,0,,0,0,-43.192266,-22.974795,-43.18608,-22.966366,0,1983,15012,COPACABANA,0,0,0,0,0,True,,,,,,,204,1
SMT4255,LDS 4255,LDS,10385997,SETD SAMARITANO,10401340,46,13.2,3304557,2.228,11716.109,10881.16,10,4400.0,1957,0,22,165.39,8,0,8,,0,0,0,0,0,0,,0,0,-43.189269,-22.952821,-43.187049,-22.945598,0,1957,15076,SAMARITANO SUBTERRANEO,0,0,0,0,0,True,,,,,,,604,1
SMT9715,LDS 9715,LDS,10385997,SETD SAMARITANO,10401345,46,13.2,3304557,9.851,11032.396,10535.647,19,7720.0,1949,1,3,35.0,10,0,10,,0,0,0,0,0,0,,0,0,-43.187906,-22.945678,-43.169718,-22.932564,0,1950,15076,SAMARITANO SUBTERRANEO,0,0,0,0,0,True,,,,,,,610,1
PTS9530,LDS 9530,LDS,10386087,SETD POSTO SEIS,10401590,46,13.2,3304557,5.302,9744.941,9202.009,15,6700.0,1942,0,4,24.0,8,0,8,,3,3,3,0,0,1,PTS0001,0,0,-43.194974,-22.987841,-43.187585,-22.97137,0,1942,15075,POSTO SEIS SUBTERRANEO,0,0,0,0,0,True,,,,,,,474,1
LBN00050,LDS 1400,LDS,55813421,SETD LEBLON,55816451,46,13.2,3304557,2.695,12414.993,11970.647,16,6010.0,1932,0,8,64.2,14,0,14,,0,0,0,0,0,0,,0,0,-43.223104,-22.98448,-43.218997,-22.980448,0,1932,14992,LEBLON,0,0,0,0,0,True,,,,,,,333,1
LBN00011,LDS 9010,LDS,55813421,SETD LEBLON,55816392,46,13.2,3304557,1.711,6601.072,6394.726,6,2800.0,1929,0,2,13.49,3,0,3,,0,0,0,0,0,0,,0,0,-43.220153,-22.985704,-43.215891,-22.981401,0,1929,14992,LEBLON,0,0,0,0,0,True,,,,,,,321,1
URG4164,LDS 4164,LDS,10385979,SETD URUGUAI,10401375,46,13.2,3304557,3.012,13546.121,12280.802,13,5450.0,1907,2,11,67.55,17,0,17,,0,0,0,0,0,0,,0,0,-43.245283,-22.936614,-43.233492,-22.924657,0,1909,15025,URUGUAI AEREO,0,0,0,0,0,True,,,,,,,623,1
SLZ9032,LDS 9032,LDS,10386069,SETD SANTA LUZIA,10401530,46,13.2,3304557,3.513,9678.965,8729.059,21,9120.0,1884,0,1,75.0,11,0,11,,0,0,0,0,0,0,,0,0,-43.178818,-22.914449,-43.173224,-22.908802,0,1884,15016,SANTA LUZIA,0,0,0,0,0,True,,,,,,,593,1
LBN00002,LDS 9623,LDS,55813421,SETD LEBLON,55816310,46,13.2,3304557,3.2,13988.609,13386.549,10,4400.0,1880,0,15,106.94,45,2,43,,1,0,1,0,0,2,LBN00008;LBN00012,0,6,-43.219398,-22.985731,-43.2078,-22.980223,0,1880,14992,LEBLON,0,0,0,0,0,True,,,,,,,315,1
COP0004,LDS 9005,LDS,152677490,SETD COPACABANA,152678080,46,13.2,3304557,3.106,22878.493,20725.43,12,5110.0,1868,0,4,116.6,8,0,8,,0,0,0,0,0,0,,0,0,-43.193877,-22.970456,-43.187582,-22.963906,0,1868,15012,COPACABANA,0,0,0,0,0,True,,,,,,,194,1
PTS9088,LDS 9088,LDS,10386087,SETD POSTO SEIS,10401555,46,13.2,3304557,3.299,12144.041,11771.33,13,5120.0,1816,0,4,32.5,6,0,6,,4,4,4,0,0,1,PTS0001,0,0,-43.19381,-22.987967,-43.189828,-22.980668,0,1816,15075,POSTO SEIS SUBTERRANEO,0,0,0,0,0,True,,,,,,,458,1
LBN00041,LDS 9114,LDS,55813421,SETD LEBLON,55816392,46,13.2,3304557,2.102,15023.208,14624.142,8,3510.0,1815,0,5,43.0,4,0,4,,0,0,0,0,0,0,,0,0,-43.220151,-22.986505,-43.216586,-22.981646,0,1815,14992,LEBLON,0,0,0,0,0,True,,,,,,,331,1
SMT9230,LDS 9230,LDS,10385997,SETD SAMARITANO,10401345,46,13.2,3304557,6.223,8123.149,7543.559,18,7800.0,1777,0,2,20.56,6,0,6,,0,0,0,0,0,0,,0,0,-43.187918,-22.945679,-43.169718,-22.931673,0,1777,15076,SAMARITANO SUBTERRANEO,0,0,0,0,0,True,,,,,,,607,1
AVD30537,LDS 30537,LDS,10385943,SETD ALVORADA,10401315,46,13.2,3304557,10.701,16394.0,13184.741,30,9170.0,1744,2,6,119.2,25,0,25,,1,1,1,0,0,1,AVD30007,0,0,-43.38109,-23.01091,-43.362779,-22.992522,0,1746,15004,ALVORADA,0,0,0,0,0,True,,,,,,,44,1
ALC00002,LDS 30100,LDS,10385889,SETD ALDEIA CAMPISTA,341720876,46,13.2,3304557,4.494,8654.743,7359.571,16,6900.0,1734,1,10,51.95,34,2,32,,1,1,1,0,0,1,ALC4242,0,8,-43.238481,-22.917319,-43.221312,-22.912212,0,1735,15033,ALDEIA CAMPISTA,0,0,0,0,0,True,,,,,,,29,1
PTS0001,LDS 9210,LDS,10386087,SETD POSTO SEIS,10401515,46,13.2,3304557,3.404,12235.714,11920.424,6,3000.0,1730,0,10,65.79,63,31,32,,31,31,31,0,0,27,PTS3709;PTS4022;PTS4871;PTS9009;PTS9020;PTS9043;PTS9088;PTS9127;PTS9150;PTS9156;PTS9240;PTS9297;PTS9310;PTS9322;PTS9449;PTS9470;PTS9480;PTS9505;PTS9530;PTS9578;PTS9605;PTS9630;PTS9648;PTS9669;PTS9706;PTS9750;PTS9924,0,9,-43.211246,-22.987973,-43.192622,-22.981429,0,1730,15075,POSTO SEIS SUBTERRANEO,0,0,0,0,0,True,,,,,,,448,1
LBN0019,LDS 9596,LDS,55813421,SETD LEBLON,55816310,46,13.2,3304557,4.137,11628.146,11284.954,11,5500.0,1708,0,6,69.88,6,0,6,,0,0,0,0,0,0,,0,0,-43.219369,-22.986261,-43.207112,-22.980632,0,1708,14992,LEBLON,0,0,0,0,0,True,,,,,,,340,1
FCN1536,LDS 1536,LDS,10386105,SETD FREI CANECA,10401545,46,13.2,3304557,3.829,6784.735,6093.999,11,4700.0,1693,1,2,20.0,9,0,9,,1,1,1,0,0,1,FCN604,0,0,-43.198586,-22.914629,-43.191931,-22.905348,0,1694,15049,FREI CANECA AEREO,0,0,0,0,0,True,,,,,,,227,1
COP003,LDS 2160,LDS,152677490,SETD COPACABANA,152678112,46,13.2,3304557,3.634,7743.886,6898.855,16,7800.0,1671,0,2,8.5,6,0,6,,0,0,0,0,0,0,,0,0,-43.188884,-22.969889,-43.180025,-22.962937,0,1671,15012,COPACABANA,0,0,0,0,0,True,,,,,,,195,1
LBN00006,LDS 24307,LDS,55813421,SETD LEBLON,55816451,46,13.2,3304557,8.376,10827.519,10160.866,25,8625.0,1660,0,4,106.7,26,0,26,,0,0,0,0,0,0,,0,0,-43.220295,-22.986517,-43.198354,-22.968984,0,1660,14992,LEBLON,0,0,0,0,0,True,,,,,,,317,1
SMT30468,LDS 30468/LRA ESTAIMBRA,LDS,10385997,SETD SAMARITANO,10401340,46,13.2,3304557,1.962,9074.106,8416.548,13,4942.5,1658,1,13,106.46,18,1,17,,1,0,1,0,0,1,SMT0001,0,0,-43.189048,-22.950255,-43.183681,-22.945622,0,1659,15076,SAMARITANO SUBTERRANEO,0,0,0,0,0,True,,,,,,,600,1
COP2960,LDS 2960,LDS,152677490,SETD COPACABANA,156276007,46,13.2,3304557,2.829,9272.504,8424.104,10,4800.0,1657,0,1,6.0,4,0,4,,0,0,0,0,0,0,,0,0,-43.190505,-22.973881,-43.185294,-22.966359,0,1657,15012,COPACABANA,0,0,0,0,0,True,,,,,,,207,1
JDB3210,LDS 30632/LDS 4398,LDS,10385880,SETD JARDIM BOTANICO,10401255,46,13.2,3304557,9.008,18550.31,16163.831,23,7240.0,1626,2,17,94.66,24,0,24,,0,0,0,0,0,0,,0,0,-43.228625,-22.984324,-43.202269,-22.959732,0,1628,15071,JARDIM BOTANICO AEREO,0,0,0,0,0,True,,,,,,,311,1
JDB4244,LDS 4244,LDS,10385880,SETD JARDIM BOTANICO,10401245,46,13.2,3304557,5.982,8866.924,8447.041,15,6750.0,1608,0,9,90.79,13,0,13,,1,0,1,0,0,1,JDB3190,0,0,-43.229205,-22.978621,-43.21704,-22.963262,0,1608,15071,JARDIM BOTANICO AEREO,0,0,0,0,0,True,,,,,,,313,1
FCN1013,LDS 1013,LDS,10386105,SETD FREI CANECA,10401570,46,13.2,3304557,3.131,7116.476,6358.554,12,5200.0,1580,2,1,18.0,11,0,11,,1,1,1,0,0,1,FCN604,0,0,-43.198579,-22.914705,-43.188585,-22.908892,0,1582,15049,FREI CANECA AEREO,0,0,0,0,0,True,,,,,,,222,1
COP9700,LDS 9700,LDS,152677490,SETD COPACABANA,152678080,46,13.2,3304557,2.654,11875.37,10558.309,14,6800.0,1541,0,2,9.5,9,0,9,,0,0,0,0,0,0,,0,0,-43.190642,-22.972266,-43.184853,-22.96509,0,1541,15012,COPACABANA,0,0,0,0,0,True,,,,,,,212,1
FCN1063,LDS 1063,LDS,10386105,SETD FREI CANECA,10401570,46,13.2,3304557,4.5,5226.443,4828.689,17,7300.0,1532,1,1,40.0,11,0,11,,0,0,0,0,0,0,,0,0,-43.21845,-22.916266,-43.198089,-22.910826,0,1533,15049,FREI CANECA AEREO,0,0,0,0,0,True,,,,,,,224,1
BPD9655,LDS 9655,LDS,10385961,SETD BAEPENDI,10401430,46,13.2,3304557,6.054,12421.723,6592.753,17,6520.0,1506,0,2,6.6,10,0,10,,0,0,0,0,0,0,,0,0,-43.180876,-22.933257,-43.172314,-22.914723,0,1506,15063,BAEPENDI SUBTERRANEO,0,0,0,0,0,True,,,,,,,97,1
BPD9726,LDS 9726,LDS,10385961,SETD BAEPENDI,10401440,46,13.2,3304557,2.526,11088.957,9498.898,11,4320.0,1487,0,8,32.41,9,0,9,,0,0,0,0,0,0,,0,0,-43.181287,-22.933133,-43.174254,-22.928471,0,1487,15063,BAEPENDI SUBTERRANEO,0,0,0,0,0,True,,,,,,,98,1
BPD24330,LDS 24330,LDS,10385961,SETD BAEPENDI,10401440,46,13.2,3304557,2.901,6763.856,6030.723,10,3800.0,1483,0,13,81.32,8,0,8,,4,0,4,0,0,1,BPD34707,0,0,-43.182993,-22.937354,-43.17982,-22.932719,0,1483,15063,BAEPENDI SUBTERRANEO,0,0,0,0,0,True,,,,,,,83,1
LEM3007,LDS 2370/LDS 4993,LDS,10385925,SETD LEME,10401265,46,13.2,3304557,4.047,17504.447,16818.746,10,9100.0,1482,0,0,0.0,17,1,16,,0,0,0,0,0,0,,0,4,-43.180484,-22.966796,-43.174447,-22.956147,0,1482,15041,LEME SUBTERRANEO,0,0,0,0,0,True,,,,,,,350,1
BRR30503,LDS 30503,LDS,345834478,SETD BARRA 2,345834815,46,13.2,3304557,8.588,21569.156,16830.427,22,8970.0,1468,3,16,388.25,22,0,22,,1,1,1,0,0,1,BRR0003,0,0,-43.327536,-23.013629,-43.305428,-22.998025,0,1471,15689,BARRA 2,0,0,0,0,0,True,,,,,,,110,1
BFG24972,LDS 24972,LDS,10385934,SETD BOTAFOGO,10401300,46,13.2,3304557,5.099,17787.706,15102.94,16,6100.0,1466,3,17,78.16,14,0,14,,2,0,2,0,0,2,HMT3330;HMT3477,0,0,-43.195802,-22.958622,-43.180855,-22.952161,0,1469,15064,BOTAFOGO SUBTERRANEO,0,0,0,0,0,True,,,,,,,71,1
LEM3457,LDS 2530/LDS 4998/LDS 1999,LDS,10385925,SETD LEME,10401265,46,13.2,3304557,7.586,7994.924,7406.392,16,5375.0,1452,0,4,26.5,27,2,25,,0,0,0,0,0,0,,0,0,-43.186364,-22.969272,-43.174443,-22.956147,0,1452,15041,LEME SUBTERRANEO,0,0,0,0,0,True,,,,,,,352,1
SMT9670,LDS 9670,LDS,10385997,SETD SAMARITANO,10401345,46,13.2,3304557,6.868,6165.485,5453.462,18,7310.0,1451,0,0,0.0,4,0,4,,0,0,0,0,0,0,,0,0,-43.187981,-22.949025,-43.171542,-22.932952,0,1451,15076,SAMARITANO SUBTERRANEO,0,0,0,0,0,True,,,,,,,609,1
COP9800,LDS 9800,LDS,152677490,SETD COPACABANA,152678080,46,13.2,3304557,2.766,9970.418,7084.965,13,5810.0,1434,0,2,33.0,11,0,11,,0,0,0,0,0,0,,0,0,-43.189975,-22.972615,-43.184733,-22.965278,0,1434,15012,COPACABANA,0,0,0,0,0,True,,,,,,,213,1
PTS9045,LDS 9045,LDS,10386087,SETD POSTO SEIS,10401515,46,13.2,3304557,2.954,6517.093,5440.304,8,4000.0,1417,0,4,42.99,4,0,4,,0,0,0,0,0,0,,0,0,-43.199671,-22.987818,-43.191767,-22.981335,0,1417,15075,POSTO SEIS SUBTERRANEO,0,0,0,0,0,True,,,,,,,457,1
PTS9039,LDS 9039,LDS,10386087,SETD POSTO SEIS,10401515,46,13.2,3304557,2.056,6781.913,5937.686,6,3000.0,1415,0,1,4.0,3,0,3,,0,0,0,0,0,0,,0,0,-43.198062,-22.987822,-43.191777,-22.981832,0,1415,15075,POSTO SEIS SUBTERRANEO,0,0,0,0,0,True,,,,,,,455,1
COP2200,LDS 2200,LDS,152677490,SETD COPACABANA,152678112,46,13.2,3304557,3.909,5524.184,4922.111,14,6600.0,1409,0,0,0.0,57,8,49,,0,0,0,0,0,0,,0,6,-43.188803,-22.969889,-43.178354,-22.963,0,1409,15012,COPACABANA,0,0,0,0,0,True,,,,,,,198,1
LBN00017,LDS 1786,LDS,55813421,SETD LEBLON,55816310,46,13.2,3304557,2.377,8359.253,8231.773,10,4050.0,1407,0,24,183.04,10,0,10,,0,0,0,0,0,0,,0,0,-43.223082,-22.98679,-43.218949,-22.982283,0,1407,14992,LEBLON,0,0,0,0,0,True,,,,,,,326,1
BPD4379,LDS 4379,LDS,10385961,SETD BAEPENDI,10401435,46,13.2,3304557,2.766,12501.95,11571.136,10,3550.0,1401,1,10,56.5,7,0,7,,0,0,0,0,0,0,,0,0,-43.190845,-22.940237,-43.180878,-22.931965,0,1402,15063,BAEPENDI SUBTERRANEO,0,0,0,0,0,True,,,,,,,87,1
AVD33291,LDS 33291,LDS,10385943,SETD ALVORADA,10401310,46,13.2,3304557,8.038,24578.874,23351.807,16,4520.0,1371,3,6,125.04,20,2,18,,1,1,1,0,0,1,AVD30007,0,0,-43.402821,-23.004588,-43.368657,-22.993034,0,1374,15004,ALVORADA,0,0,0,0,0,True,,,,,,,48,1
PTS9505,LDS 9105,LDS,10386087,SETD POSTO SEIS,10401555,46,13.2,3304557,3.188,9540.738,8613.09,13,4720.0,1370,0,4,139.0,7,0,7,,3,3,3,0,0,1,PTS0001,0,0,-43.194487,-22.98834,-43.189817,-22.979796,0,1370,15075,POSTO SEIS SUBTERRANEO,0,0,0,0,0,True,,,,,,,473,1
RCP33247,LDS 33247,LDS,10386006,SETD RIO COMPRIDO,10401350,46,13.2,3304557,2.346,8731.46,5125.15,10,3700.0,1356,0,14,101.98,8,0,8,,0,0,0,0,0,0,,0,0,-43.221651,-22.925466,-43.211573,-22.91782,0,1356,15058,RIO COMPRIDO AEREO,0,0,0,0,0,True,,,,,,,494,1
BFG24788,LDS 24788,LDS,10385934,SETD BOTAFOGO,10401295,46,13.2,3304557,2.371,17663.89,16731.388,8,3600.0,1345,0,10,54.54,7,0,7,,0,0,0,0,0,0,,0,0,-43.188303,-22.955139,-43.18085,-22.951082,0,1345,15064,BOTAFOGO SUBTERRANEO,0,0,0,0,0,True,,,,,,,69,1
PTS9043,LDS 9043,LDS,10386087,SETD POSTO SEIS,10401555,46,13.2,3304557,3.136,6165.993,5743.267,12,5110.0,1307,0,1,2.64,3,0,3,,3,3,3,0,0,1,PTS0001,0,0,-43.193822,-22.987963,-43.18984,-22.980636,0,1307,15075,POSTO SEIS SUBTERRANEO,0,0,0,0,0,True,,,,,,,456,1
FCN1424,LDS 1424,LDS,10386105,SETD FREI CANECA,10401390,46,13.2,3304557,3.234,9928.454,8647.558,11,4120.0,1289,0,2,55.0,8,0,8,,0,0,0,0,0,0,,0,0,-43.198845,-22.914695,-43.183215,-22.908202,0,1289,15049,FREI CANECA AEREO,0,0,0,0,0,True,,,,,,,226,1
GDN0024,LDS 61143,LDS,457474244,SETD GARDENIA,457474515,46,13.2,3304557,2.092,19820.864,8965.457,8,80.0,1281,1,0,0.0,6,0,6,,0,0,0,0,0,0,,0,0,-43.380284,-22.973034,-43.366075,-22.970599,0,1282,16903,GARDENIA,0,0,0,0,0,True,,,,,,,281,1
BFG4875,LDS 4875,LDS,10385934,SETD BOTAFOGO,10401290,46,13.2,3304557,4.909,13182.789,12193.163,17,7700.0,1279,1,6,22.7,11,0,11,,1,0,1,0,0,1,HMT3941,0,0,-43.196237,-22.958508,-43.180832,-22.94951,0,1280,15064,BOTAFOGO SUBTERRANEO,0,0,0,0,0,True,,,,,,,75,1
BFG1317,LDS 1317,LDS,10385934,SETD BOTAFOGO,10401295,46,13.2,3304557,3.906,9851.942,8589.476,15,5810.0,1259,1,7,34.42,12,0,12,,0,0,0,0,0,0,,0,0,-43.185388,-22.955213,-43.180675,-22.94231,0,1260,15064,BOTAFOGO SUBTERRANEO,0,0,0,0,0,True,,,,,,,60,1
COP00003,LDS 2030,LDS,152677490,SETD COPACABANA,156276007,46,13.2,3304557,2.551,7640.872,5789.517,10,5000.0,1243,0,4,35.19,9,0,9,,0,0,0,0,0,0,,0,0,-43.192044,-22.974712,-43.186229,-22.966452,0,1243,15012,COPACABANA,0,0,0,0,0,True,,,,,,,192,1
MKZ1983,LDS 1983,LDS,10386114,SETD MACKENZIE,10401595,46,13.2,3304557,3.087,5719.165,5184.267,16,6220.0,1241,0,1,2.0,11,0,11,,1,1,1,0,0,1,MKZ9280,0,0,-43.188043,-22.901886,-43.181724,-22.895577,0,1241,15008,MACKENZIE,0,0,0,0,0,True,,,,,,,368,1
PTS9136,LDS 9136,LDS,10386087,SETD POSTO SEIS,10401515,46,13.2,3304557,2.7,7840.373,6549.888,10,5000.0,1230,0,3,31.2,5,0,5,,0,0,0,0,0,0,,0,0,-43.200255,-22.987826,-43.191771,-22.983374,0,1230,15075,POSTO SEIS SUBTERRANEO,0,0,0,0,0,True,,,,,,,461,1
COP2790,LDS 2790,LDS,152677490,SETD COPACABANA,152678112,46,13.2,3304557,2.662,7370.118,6017.663,13,6300.0,1228,0,1,5.0,1,0,1,,0,0,0,0,0,0,,0,0,-43.188871,-22.970065,-43.179639,-22.965909,0,1228,15012,COPACABANA,0,0,0,0,0,True,,,,,,,205,1
BFG24777,LDS 24777,LDS,10385934,SETD BOTAFOGO,10401300,46,13.2,3304557,5.194,9880.704,9200.835,12,4130.0,1214,2,19,235.71,16,1,15,,0,0,0,0,0,0,,0,0,-43.18162,-22.955331,-43.16325,-22.948318,0,1216,15064,BOTAFOGO SUBTERRANEO,0,0,0,0,0,True,,,,,,,68,1
BRR0003,LDS 30289,LDS,345834478,SETD BARRA 2,345834815,46,13.2,3304557,2.933,19331.531,16623.02,12,120.0,1199,0,3,25.36,56,8,48,,5,5,5,0,0,7,BRR24810;BRR30503;BRR30560;BRR30624;BRR30655;BRR34933;BRR37123,0,9,-43.327542,-23.00485,-43.316391,-22.99785,0,1199,15689,BARRA 2,0,0,0,0,0,True,,,,,,,101,1
BFG1641,LDS 1641,LDS,10385934,SETD BOTAFOGO,10401290,46,13.2,3304557,2.791,8646.517,7510.764,11,5300.0,1176,1,13,194.9,10,0,10,,0,0,0,0,0,0,,0,0,-43.18527,-22.957908,-43.180352,-22.954111,0,1177,15064,BOTAFOGO SUBTERRANEO,0,0,0,0,0,True,,,,,,,61,1
PTS9924,LDS 9204/LRA FORTECOPA,LDS,10386087,SETD POSTO SEIS,10401555,46,13.2,3304557,2.818,9751.186,4757.961,14,5900.0,1174,0,0,0.0,20,0,20,,3,3,3,0,0,1,PTS0001,0,0,-43.194063,-22.987978,-43.187678,-22.980597,0,1174,15075,POSTO SEIS SUBTERRANEO,0,0,0,0,0,True,,,,,,,483,1
LEM3494,LDS 9713/LDS4971,LDS,10385925,SETD LEME,10401205,46,13.2,3304557,8.35,16179.962,15836.023,7,2900.0,1164,2,1,8.0,7,0,7,,0,0,0,0,0,0,,0,0,-43.189455,-22.972713,-43.16784,-22.954993,0,1166,15041,LEME SUBTERRANEO,0,0,0,0,0,True,,,,,,,353,1
COP2150,LDS 2150,LDS,152677490,SETD COPACABANA,156276007,46,13.2,3304557,2.236,7672.429,6954.52,9,4500.0,1150,0,0,0.0,6,0,6,,0,0,0,0,0,0,,0,0,-43.190701,-22.973881,-43.186468,-22.96645,0,1150,15012,COPACABANA,0,0,0,0,0,True,,,,,,,197,1
COP2540,LDS 2540,LDS,152677490,SETD COPACABANA,156276007,46,13.2,3304557,3.236,5908.224,5230.308,11,5300.0,1149,0,1,10.0,6,0,6,,0,0,0,0,0,0,,0,0,-43.192042,-22.974717,-43.186674,-22.966379,0,1149,15012,COPACABANA,0,0,0,0,0,True,,,,,,,203,1
BFG24385,LDS 24385,LDS,10385934,SETD BOTAFOGO,10401300,46,13.2,3304557,2.024,11392.423,9060.232,12,5020.0,1147,0,7,85.51,9,0,9,,0,0,0,0,0,0,,0,0,-43.184786,-22.955087,-43.180854,-22.949887,0,1147,15064,BOTAFOGO SUBTERRANEO,0,0,0,0,0,True,,,,,,,66,1
HMT3138,LDS 4689/LDS 24193,LDS,10386096,SETD HUMAITA,10401585,46,13.2,3304557,3.929,6263.348,5934.228,8,3200.0,1127,1,16,79.26,12,0,12,,0,0,0,0,0,0,,0,0,-43.202357,-22.959988,-43.190966,-22.955854,0,1128,15059,HUMAITA SUBTERRANEO,0,0,0,0,0,True,,,,,,,291,1
LEM9782,LDS 9782,LDS,10385925,SETD LEME,10401205,46,13.2,3304557,2.946,7340.414,6822.808,7,3100.0,1124,0,4,32.64,2,0,2,,0,0,0,0,0,0,,0,0,-43.180483,-22.965891,-43.1668,-22.962008,0,1124,15041,LEME SUBTERRANEO,0,0,0,0,0,True,,,,,,,357,1
PTS9127,LDS 9127,LDS,10386087,SETD POSTO SEIS,10401555,46,13.2,3304557,2.835,8396.647,7896.639,12,5400.0,1106,0,2,29.67,2,0,2,,3,3,3,0,0,1,PTS0001,0,0,-43.19449,-22.988336,-43.18938,-22.980745,0,1106,15075,POSTO SEIS SUBTERRANEO,0,0,0,0,0,True,,,,,,,460,1
BFG24178,LDS 24178,LDS,10385934,SETD BOTAFOGO,10401290,46,13.2,3304557,6.387,8659.575,7049.135,17,6510.0,1099,2,5,84.39,14,0,14,,2,0,2,0,0,2,HMT3477;HMT3816,0,0,-43.195838,-22.958623,-43.175151,-22.949068,0,1101,15064,BOTAFOGO SUBTERRANEO,0,0,0,0,0,True,,,,,,,65,1
BPD4529,LDS 4529,LDS,10385961,SETD BAEPENDI,10401435,46,13.2,3304557,4.535,13572.649,12523.755,11,4000.0,1098,3,12,77.65,16,0,16,,1,0,1,0,0,1,BPD34707,0,0,-43.198678,-22.940799,-43.18059,-22.932669,0,1101,15063,BAEPENDI SUBTERRANEO,0,0,0,0,0,True,,,,,,,88,1
NIG020,LDS 4240,LDS,18519976,SETD NOVA IGUACU,18915380,46,13.2,3303500,1.744,12170.633,8316.727,9,4500.0,1098,2,1,50.0,8,0,8,,0,0,0,0,0,0,,0,0,-43.451103,-22.759428,-43.445638,-22.757367,0,1100,15692,NOVA IGUACU,0,0,0,0,0,True,,,,,,,403,1
LBN0021,LDS 9627,LDS,55813421,SETD LEBLON,55816310,46,13.2,3304557,3.56,8874.847,8526.025,10,4600.0,1090,0,8,51.1,7,0,7,,0,0,0,0,0,0,,0,0,-43.219392,-22.986208,-43.207079,-22.981469,0,1090,14992,LEBLON,0,0,0,0,0,True,,,,,,,342,1
RCP1375,LDS 1375,LDS,10386006,SETD RIO COMPRIDO,10401355,46,13.2,3304557,1.558,7419.54,4850.589,10,4800.0,1077,0,3,19.8,9,0,9,,0,0,0,0,0,0,,0,0,-43.222548,-22.925459,-43.219907,-22.921403,0,1077,15058,RIO COMPRIDO AEREO,0,0,0,0,0,True,,,,,,,490,1
BPD9525,LDS 9525,LDS,10385961,SETD BAEPENDI,10401440,46,13.2,3304557,3.16,6285.269,5168.606,9,4010.0,1059,0,2,3.1,6,0,6,,0,0,0,0,0,0,,0,0,-43.181294,-22.935265,-43.173572,-22.926802,0,1059,15063,BAEPENDI SUBTERRANEO,0,0,0,0,0,True,,,,,,,95,1
AVD30085,LDS 37537/LDS 37662,LDS,10385943,SETD ALVORADA,10401315,46,13.2,3304557,6.16,10828.03,7934.334,20,3140.0,1051,0,0,0.0,15,0,15,,0,0,0,0,0,0,,0,0,-43.377852,-22.999842,-43.362719,-22.987986,0,1051,15004,ALVORADA,0,0,0,0,0,True,,,,,,,43,1
SCO24170,LDS 24170,LDS,10386060,SETD SAO CONRADO,10401525,46,13.2,3304557,6.928,12359.545,10110.345,18,3330.0,1034,1,5,28.5,14,0,14,,0,0,0,0,0,0,,0,0,-43.260561,-23.000615,-43.227425,-22.989368,0,1035,15079,SAO CONRADO SUBTERRANEO,0,0,0,0,0,True,,,,,,,566,1
ALC3056,LDS 30181,LDS,10385889,SETD ALDEIA CAMPISTA,10401450,46,13.2,3304557,1.614,5229.39,4323.152,9,3400.0,1032,0,5,42.4,7,0,7,,0,0,0,0,0,0,,0,0,-43.240762,-22.91729,-43.234908,-22.913272,0,1032,15033,ALDEIA CAMPISTA,0,0,0,0,0,True,,,,,,,31,1
BRR0004,LDS 38037,LDS,345834478,SETD BARRA 2,345834664,46,13.2,3304557,3.822,7713.899,6591.894,15,1420.0,1016,0,43,620.48,8,0,8,,0,0,0,0,0,0,,0,0,-43.337451,-23.001618,-43.324541,-22.997588,0,1016,15689,BARRA 2,0,0,0,0,0,True,,,,,,,102,1
PTS9322,LDS 9322,LDS,10386087,SETD POSTO SEIS,10401515,46,13.2,3304557,4.777,7988.437,7137.495,14,7000.0,1009,0,5,98.0,4,0,4,,1,1,1,0,0,1,PTS0001,0,0,-43.210655,-22.987893,-43.192849,-22.981587,0,1009,15075,POSTO SEIS SUBTERRANEO,0,0,0,0,0,True,,,,,,,469,1
LBN0020,LDS 9633,LDS,55813421,SETD LEBLON,55816310,46,13.2,3304557,4.048,9825.362,9437.597,13,5900.0,998,0,4,29.31,9,0,9,,0,0,0,0,0,0,,0,0,-43.219398,-22.9862,-43.208085,-22.9818,0,998,14992,LEBLON,0,0,0,0,0,True,,,,,,,341,1
BPD0001,LDS 9381,LDS,10385961,SETD BAEPENDI,10401440,46,13.2,3304557,3.48,5528.718,4161.383,12,5800.0,993,0,0,0.0,9,0,9,,0,0,0,0,0,0,,0,0,-43.181322,-22.93436,-43.174133,-22.927006,0,993,15063,BAEPENDI SUBTERRANEO,0,0,0,0,0,True,,,,,,,76,1
BRR24124,LDS 24124/LRA HERICIO,LDS,345834478,SETD BARRA 2,345834815,46,13.2,3304557,14.312,10794.113,9869.499,26,4532.5,990,3,33,516.71,12,1,11,,0,0,0,0,0,0,,0,0,-43.377519,-23.00584,-43.32438,-22.99438,0,993,15689,BARRA 2,0,0,0,0,0,True,,,,,,,103,1
SAT24174,LDS 24174,LDS,10385970,SETD SANTO ANTONIO,10401415,46,13.2,3304557,2.435,4131.75,3151.713,6,2600.0,990,0,1,75.0,4,0,4,,4,4,4,0,0,1,SAT9523,0,0,-43.190394,-22.910662,-43.182751,-22.906725,0,990,15083,SANTO ANTONIO SUBTERRANEO,0,0,0,0,0,True,,,,,,,522,1
PTS9669,LDS 9669,LDS,10386087,SETD POSTO SEIS,10401515,46,13.2,3304557,5.696,7990.543,6104.81,14,6600.0,980,0,2,15.67,11,0,11,,1,1,1,0,0,1,PTS0001,0,0,-43.219966,-22.987892,-43.192855,-22.981904,0,980,15075,POSTO SEIS SUBTERRANEO,0,0,0,0,0,True,,,,,,,478,1
COP9190,LDS 9190,LDS,152677490,SETD COPACABANA,152678080,46,13.2,3304557,2.418,7099.41,3603.996,12,5600.0,979,0,2,14.75,9,0,9,,0,0,0,0,0,0,,0,0,-43.192324,-22.972266,-43.184853,-22.964979,0,979,15012,COPACABANA,0,0,0,0,0,True,,,,,,,209,1
BPD1518,LDS 1518,LDS,10385961,SETD BAEPENDI,10401440,46,13.2,3304557,2.942,5747.263,5107.92,9,3400.0,966,0,1,20.4,8,0,8,,4,0,4,0,0,1,BPD34707,0,0,-43.192683,-22.938467,-43.180868,-22.931966,0,966,15063,BAEPENDI SUBTERRANEO,0,0,0,0,0,True,,,,,,,81,1
NIG001,LDS 4191,LDS,18519976,SETD NOVA IGUACU,18915355,46,13.2,3303500,2.217,7116.464,6088.521,10,4450.0,960,4,4,99.7,40,3,37,,1,1,1,0,0,1,NIG0004,0,8,-43.450179,-22.760432,-43.445502,-22.757944,0,964,15692,NOVA IGUACU,0,0,0,0,0,True,,,,,,,401,1
SAT30295,LDS 30295,LDS,10385970,SETD SANTO ANTONIO,10401405,46,13.2,3304557,2.129,6849.674,3988.998,11,3720.0,964,0,0,0.0,8,0,8,,5,5,5,0,0,1,SAT9523,0,0,-43.188958,-22.910399,-43.182695,-22.907691,0,964,15083,SANTO ANTONIO SUBTERRANEO,0,0,0,0,0,True,,,,,,,534,1
LBN00067,LDS 1079,LDS,55813421,SETD LEBLON,55816451,46,13.2,3304557,0.957,4625.298,4061.144,6,2600.0,963,0,1,37.0,9,0,9,,0,0,0,0,0,0,,0,0,-43.220067,-22.982437,-43.218527,-22.978973,0,963,14992,LEBLON,0,0,0,0,0,True,,,,,,,338,1
HMT0001,LDS 24030/LDS 1324,LDS,10386096,SETD HUMAITA,10401580,46,13.2,3304557,4.816,8326.453,7815.458,8,3250.0,961,1,7,25.5,25,3,22,,2,0,2,0,0,3,BFG1250;HMT3463A;HMT3941,0,3,-43.196246,-22.959164,-43.182309,-22.952164,0,962,15059,HUMAITA SUBTERRANEO,0,0,0,0,0,True,,,,,,,290,1
BFG3463,LDS 24932/LDS 24844/LRA R VISILVA,LDS,10385934,SETD BOTAFOGO,10401295,46,13.2,3304557,3.829,6656.52,6091.643,12,4825.0,955,1,9,185.0,28,0,28,,1,0,1,0,0,1,HMT3144,0,0,-43.195898,-22.958618,-43.180857,-22.952164,0,956,15064,BOTAFOGO SUBTERRANEO,0,0,0,0,0,True,,,,,,,73,1
BPD09730,LDS 9730,LDS,10385961,SETD BAEPENDI,10401430,46,13.2,3304557,6.475,4972.726,3833.627,15,6610.0,953,0,0,0.0,5,0,5,,3,0,3,0,0,1,BPD34707,0,0,-43.180896,-22.93326,-43.17231,-22.915019,0,953,15063,BAEPENDI SUBTERRANEO,0,0,0,0,0,True,,,,,,,77,1
AVD30028,LDS 36813/36814,LDS,10385943,SETD ALVORADA,10401310,46,13.2,3304557,11.708,11931.55,10199.273,16,1430.0,937,0,5,274.2,17,0,17,,0,0,0,0,0,0,,0,0,-43.377851,-22.99984,-43.351669,-22.981713,0,937,15004,ALVORADA,0,0,0,0,0,True,,,,,,,42,1
LEM3500,LDS 2660,LDS,10385925,SETD LEME,10401265,46,13.2,3304557,2.138,9784.079,9249.183,10,4800.0,935,0,0,0.0,6,0,6,,0,0,0,0,0,0,,0,0,-43.180401,-22.966722,-43.174955,-22.960752,0,935,15041,LEME SUBTERRANEO,0,0,0,0,0,True,,,,,,,354,1
CCD4857,LDS 4857,LDS,1186,SETD CASCADURA,1248264,46,13.2,3304557,2.631,24909.721,9538.863,11,5500.0,924,5,2,31.98,8,0,8,,0,0,0,0,0,0,,0,0,-43.33887,-22.881004,-43.331808,-22.872908,0,929,15034,CASCADURA AEREO,0,0,0,0,0,True,,,,,,,135,1
BFG24907,LDS 24907,LDS,10385934,SETD BOTAFOGO,10401300,46,13.2,3304557,2.297,9560.815,8359.232,8,1640.0,926,0,5,160.69,5,0,5,,0,0,0,0,0,0,,0,0,-43.184334,-22.955194,-43.180674,-22.943702,0,926,15064,BOTAFOGO SUBTERRANEO,0,0,0,0,0,True,,,,,,,70,1
CBI33327,LDA BARBOSA,LDA,1141,SETD CACHAMBI,1248114,46,13.2,3304557,3.891,6350.613,5138.596,15,6700.0,924,1,2,41.7,14,1,13,,0,0,0,0,0,0,,0,0,-43.282227,-22.902531,-43.273784,-22.889337,0,925,15027,CACHAMBI AEREO,0,0,0,0,0,True,,,,,,,129,1
BRR24460,LDS 24460,LDS,345834478,SETD BARRA 2,345834664,46,13.2,3304557,6.552,10952.512,8682.961,16,5410.0,922,0,3,32.0,16,0,16,,0,0,0,0,0,0,,0,0,-43.333722,-23.010952,-43.323886,-22.998192,0,922,15689,BARRA 2,0,0,0,0,0,True,,,,,,,105,1
LBN9621,LDS 9621,LDS,55813421,SETD LEBLON,55816310,46,13.2,3304557,4.258,9028.376,8693.438,12,5200.0,918,0,3,13.0,12,0,12,,0,0,0,0,0,0,,0,0,-43.219381,-22.98609,-43.207461,-22.980254,0,918,14992,LEBLON,0,0,0,0,0,True,,,,,,,348,1
PTS9480,LDS 9480,LDS,10386087,SETD POSTO SEIS,10401590,46,13.2,3304557,6.122,7007.774,6141.624,17,8100.0,916,0,4,34.76,11,0,11,,3,3,3,0,0,1,PTS0001,0,0,-43.202883,-22.987834,-43.188857,-22.973885,0,916,15075,POSTO SEIS SUBTERRANEO,0,0,0,0,0,True,,,,,,,472,1
RCP24246,LDS 24246,LDS,10386006,SETD RIO COMPRIDO,10401350,46,13.2,3304557,4.889,6630.369,5256.04,8,4000.0,903,0,1,5.0,9,0,9,,0,0,0,0,0,0,,0,0,-43.234468,-22.92561,-43.22158,-22.922577,0,903,15058,RIO COMPRIDO AEREO,0,0,0,0,0,True,,,,,,,492,1
SAT2219,LDS 2219,LDS,10385970,SETD SANTO ANTONIO,10401415,46,13.2,3304557,1.798,2986.277,2599.898,5,1520.0,896,0,0,0.0,4,0,4,,4,4,4,0,0,1,SAT9523,0,0,-43.183416,-22.912183,-43.176734,-22.908414,0,896,15083,SANTO ANTONIO SUBTERRANEO,0,0,0,0,0,True,,,,,,,517,1
HMT3941,LDS 1591/LDS1441,LDS,10386096,SETD HUMAITA,10401580,46,13.2,3304557,2.489,7643.52,5021.46,11,4900.0,890,0,5,33.0,8,1,7,,2,0,2,0,0,2,BFG4875;HMT0001,0,0,-43.196212,-22.958519,-43.192316,-22.953178,0,890,15059,HUMAITA SUBTERRANEO,0,0,0,0,0,True,,,,,,,295,1
BPD24814,LDS 24814,LDS,10385961,SETD BAEPENDI,10401435,46,13.2,3304557,5.569,9947.697,9313.098,2,20.0,883,3,4,14.04,5,0,5,,0,0,0,0,0,0,,0,0,-43.181294,-22.933256,-43.176502,-22.912947,0,886,15063,BAEPENDI SUBTERRANEO,0,0,0,0,0,True,,,,,,,85,1
SAT9307,LDS 9307,LDS,10385970,SETD SANTO ANTONIO,10401395,46,13.2,3304557,3.559,8625.277,8211.83,12,5310.0,885,0,0,0.0,5,0,5,,5,5,5,0,0,1,SAT9523,0,0,-43.183419,-22.912263,-43.17356,-22.907595,0,885,15083,SANTO ANTONIO SUBTERRANEO,0,0,0,0,0,True,,,,,,,550,1
LBN00040,LDS 1722,LDS,55813421,SETD LEBLON,55816451,46,13.2,3304557,1.014,3631.653,3418.802,5,2500.0,867,0,0,0.0,7,0,7,,0,0,0,0,0,0,,0,0,-43.221151,-22.982475,-43.218522,-22.979004,0,867,14992,LEBLON,0,0,0,0,0,True,,,,,,,330,1
SLZ9160,LDS 9160,LDS,10386069,SETD SANTA LUZIA,10401530,46,13.2,3304557,3.336,6259.184,5656.577,19,8900.0,866,0,0,0.0,8,0,8,,0,0,0,0,0,0,,0,0,-43.178077,-22.914403,-43.173276,-22.90762,0,866,15016,SANTA LUZIA,0,0,0,0,0,True,,,,,,,596,1
PTS9630,LDS 9630,LDS,10386087,SETD POSTO SEIS,10401515,46,13.2,3304557,5.966,17543.32,6320.805,12,6000.0,848,0,5,24.2,8,0,8,,1,1,1,0,0,1,PTS0001,0,0,-43.220034,-22.987887,-43.192878,-22.980302,0,848,15075,POSTO SEIS SUBTERRANEO,0,0,0,0,0,True,,,,,,,477,1
AVD30596,LDS 30596,LDS,10385943,SETD ALVORADA,10401315,46,13.2,3304557,7.6,10176.89,8418.429,21,4790.0,844,0,14,67.18,14,0,14,,0,0,0,0,0,0,,0,0,-43.381088,-22.999834,-43.345677,-22.994328,0,844,15004,ALVORADA,0,0,0,0,0,True,,,,,,,45,1
SLZ9056,LDS 9056,LDS,10386069,SETD SANTA LUZIA,10401530,46,13.2,3304557,3.398,2908.135,2395.896,14,5910.0,824,0,0,0.0,6,0,6,,0,0,0,0,0,0,,0,0,-43.179459,-22.914418,-43.173293,-22.908431,0,824,15016,SANTA LUZIA,0,0,0,0,0,True,,,,,,,594,1
JDB1390,LDS 1390,LDS,10385880,SETD JARDIM BOTANICO,10401215,46,13.2,3304557,3.405,9342.229,8287.146,15,6700.0,804,0,7,30.68,12,0,12,,0,0,0,0,0,0,,0,0,-43.218389,-22.964135,-43.201055,-22.95953,0,804,15071,JARDIM BOTANICO AEREO,0,0,0,0,0,True,,,,,,,308,1
BAR30485,LDS 30485,LDS,10385907,SETD BARRA,10401280,46,13.2,3304557,7.724,22707.994,20907.761,22,8820.0,784,3,8,59.06,22,0,22,,0,0,0,0,0,0,,0,0,-43.330759,-23.011786,-43.322076,-22.998277,0,787,15690,BARRA SUBTERRANEO,0,0,0,0,0,True,,,,,,,52,1
MKZ9733,LDS 9733,LDS,10386114,SETD MACKENZIE,10401510,46,13.2,3304557,1.947,3482.727,3155.641,12,5510.0,762,0,0,0.0,8,0,8,,0,0,0,0,0,0,,0,0,-43.186389,-22.90291,-43.178546,-22.899672,0,762,15008,MACKENZIE,0,0,0,0,0,True,,,,,,,390,1
MKZ9604,LDS 9604,LDS,10386114,SETD MACKENZIE,10401510,46,13.2,3304557,2.935,2508.203,2243.39,10,4310.0,749,0,0,0.0,4,0,4,,0,0,0,0,0,0,,0,0,-43.187088,-22.903647,-43.178791,-22.899674,0,749,15008,MACKENZIE,0,0,0,0,0,True,,,,,,,383,1
TQR60103,LDA JAURU,LDA,10385871,SETD TAQUARA,10401220,46,13.2,3304557,3.182,6316.69,5400.549,9,4300.0,741,4,3,73.6,11,1,10,,3,0,3,0,0,2,TQR33830;TQR60088,0,0,-43.374311,-22.923446,-43.368788,-22.911825,0,745,15023,TAQUARA AEREO,0,0,0,0,0,True,,,,,,,611,1
SAT9430,LDS 9430,LDS,10385970,SETD SANTO ANTONIO,10401370,46,13.2,3304557,2.998,4429.278,3953.264,11,5010.0,740,0,1,13.5,5,0,5,,4,4,4,0,0,1,SAT9523,0,0,-43.184128,-22.908694,-43.173083,-22.900405,0,740,15083,SANTO ANTONIO SUBTERRANEO,0,0,0,0,0,True,,,,,,,554,1
CMR2990,LDS 2990,LDS,10386015,SETD CAMERINO,10401365,46,13.2,3304557,3.205,7945.288,7523.085,13,4340.0,733,0,0,0.0,6,0,6,,0,0,0,0,0,0,,0,0,-43.186145,-22.902015,-43.177458,-22.896995,0,733,15065,CAMERINO SUBTERRANEO,0,0,0,0,0,True,,,,,,,167,1
LEM2620,LDS 2620,LDS,10385925,SETD LEME,10401265,46,13.2,3304557,1.848,2880.668,2391.949,6,3000.0,731,0,0,0.0,6,0,6,,0,0,0,0,0,0,,0,0,-43.18166,-22.966854,-43.175035,-22.961867,0,731,15041,LEME SUBTERRANEO,0,0,0,0,0,True,,,,,,,349,1
SLZ2100,LDS 2100,LDS,10386069,SETD SANTA LUZIA,10401535,46,13.2,3304557,4.601,11342.981,10245.829,17,6920.0,730,0,0,0.0,9,0,9,,0,0,0,0,0,0,,0,0,-43.17531,-22.913489,-43.168905,-22.904866,0,730,15016,SANTA LUZIA,0,0,0,0,0,True,,,,,,,577,1
JAB011,LDS 30331,LDS,18520749,SETD JABOATAO,18915180,46,13.2,3304557,2.272,7923.744,5642.986,8,2330.0,726,0,2,112.5,5,0,5,,0,0,0,0,0,0,,0,0,-43.560421,-22.903982,-43.556431,-22.896603,0,726,15029,JABOATAO AEREO,0,0,0,0,0,True,,,,,,,307,1
BRR30624,LDS 30624,LDS,345834478,SETD BARRA 2,345834621,46,13.2,3304557,8.017,7299.174,6374.533,15,5610.0,700,1,2,31.0,16,0,16,,1,1,1,0,0,1,BRR0003,0,0,-43.347948,-23.002583,-43.324637,-22.998112,0,701,15689,BARRA 2,0,0,0,0,0,True,,,,,,,113,1
MKZ9662,LDS 9662,LDS,10386114,SETD MACKENZIE,10401510,46,13.2,3304557,2.38,3571.292,3309.51,11,5500.0,700,0,0,0.0,4,0,4,,0,0,0,0,0,0,,0,0,-43.186782,-22.902757,-43.17864,-22.899798,0,700,15008,MACKENZIE,0,0,0,0,0,True,,,,,,,387,1
BAR3320,LDS 30490,LDS,10385907,SETD BARRA,10401280,46,13.2,3304557,9.928,9165.549,8395.819,23,6875.0,695,1,15,211.07,17,0,17,,0,0,0,0,0,0,,0,0,-43.330762,-23.015022,-43.297695,-22.998281,0,696,15690,BARRA SUBTERRANEO,0,0,0,0,0,True,,,,,,,56,1
MKZ9785,LDS 9785,LDS,10386114,SETD MACKENZIE,10401510,46,13.2,3304557,2.69,4330.61,3467.327,14,5620.0,687,0,2,2.53,8,0,8,,0,0,0,0,0,0,,0,0,-43.187089,-22.903648,-43.178392,-22.899861,0,687,15008,MACKENZIE,0,0,0,0,0,True,,,,,,,393,1
BRR37090,LDS 37090,LDS,345834478,SETD BARRA 2,345834815,46,13.2,3304557,8.435,15535.449,13905.685,11,110.0,659,1,0,0.0,11,0,11,,0,0,0,0,0,0,,0,0,-43.365558,-23.001538,-43.324573,-22.984106,0,660,15004,ALVORADA,0,0,0,0,0,True,,,,,,,120,1
BRR30655,LDS 30655,LDS,345834478,SETD BARRA 2,345834664,46,13.2,3304557,5.466,3617.964,3488.302,9,3030.0,641,0,2,150.0,10,0,10,,1,1,1,0,0,1,BRR0003,0,0,-43.347529,-23.00361,-43.317623,-22.998283,0,641,15689,BARRA 2,0,0,0,0,0,True,,,,,,,115,1
HMT3477,LDS 1881/LDS 24406,LDS,10386096,SETD HUMAITA,10401540,46,13.2,3304557,1.287,20286.679,15652.373,8,3600.0,636,3,1,7.5,9,1,8,,2,0,2,0,0,5,BFG24178;BFG24972;COP3736;HMT3330;HMT3816,0,0,-43.19777,-22.95861,-43.195805,-22.9557,0,639,15059,HUMAITA SUBTERRANEO,0,0,0,0,0,True,,,,,,,294,1
AVD30013,LDS 30013/LRA FANGIO,LDS,10385943,SETD ALVORADA,10401315,46,13.2,3304557,8.387,10001.873,9203.028,12,3155.0,635,0,1,5.0,13,0,13,,0,0,0,0,0,0,,0,0,-43.377594,-23.001295,-43.357763,-22.983949,0,635,15004,ALVORADA,0,0,0,0,0,True,,,,,,,41,1
FCN9510,LDS 9510,LDS,10386105,SETD FREI CANECA,10401600,46,13.2,3304557,4.467,3160.745,2729.337,12,5600.0,635,0,0,0.0,5,0,5,,0,0,0,0,0,0,,0,0,-43.198847,-22.915284,-43.177956,-22.903123,0,635,15049,FREI CANECA AEREO,0,0,0,0,0,True,,,,,,,253,1
FCN24882,LDS 24882,LDS,10386105,SETD FREI CANECA,10401390,46,13.2,3304557,3.904,16440.259,13922.278,8,3400.0,629,5,1,12.0,9,0,9,,0,0,0,0,0,0,,0,0,-43.215062,-22.914723,-43.198232,-22.910882,0,634,15049,FREI CANECA AEREO,0,0,0,0,0,True,,,,,,,239,1
LBN00005,LDS 34372,LDS,55813421,SETD LEBLON,55816451,46,13.2,3304557,2.635,4101.321,3979.419,7,3100.0,629,0,4,39.0,8,0,8,,0,0,0,0,0,0,,0,0,-43.227287,-22.987204,-43.218993,-22.981741,0,629,15071,JARDIM BOTANICO AEREO,0,0,0,0,0,True,,,,,,,316,1
PTS9775,LDS 9775,LDS,10386087,SETD POSTO SEIS,10401515,46,13.2,3304557,3.682,17162.567,6180.769,13,6100.0,627,0,4,38.9,7,0,7,,0,0,0,0,0,0,,0,0,-43.200362,-22.987815,-43.191782,-22.981342,0,627,15075,POSTO SEIS SUBTERRANEO,0,0,0,0,0,True,,,,,,,482,1
LBN0016,LDS 9598,LDS,55813421,SETD LEBLON,55816310,46,13.2,3304557,2.867,4914.051,4545.666,11,5300.0,625,0,2,16.0,9,0,9,,0,0,0,0,0,0,,0,0,-43.219375,-22.985398,-43.209225,-22.98143,0,625,14992,LEBLON,0,0,0,0,0,True,,,,,,,339,1
PTS9156,LDS 9156,LDS,10386087,SETD POSTO SEIS,10401555,46,13.2,3304557,1.961,3442.453,2911.385,10,4510.0,594,0,2,17.0,3,0,3,,2,2,2,0,0,1,PTS0001,0,0,-43.193255,-22.987981,-43.188992,-22.980717,0,594,15075,POSTO SEIS SUBTERRANEO,0,0,0,0,0,True,,,,,,,463,1
MKZ9629,LDS 9629,LDS,10386114,SETD MACKENZIE,10401510,46,13.2,3304557,2.813,6376.687,6029.261,16,7510.0,585,0,1,32.5,8,0,8,,0,0,0,0,0,0,,0,0,-43.187097,-22.904369,-43.178275,-22.899956,0,585,15008,MACKENZIE,0,0,0,0,0,True,,,,,,,386,1
FCN9120,LDS 9120,LDS,10386105,SETD FREI CANECA,10401600,46,13.2,3304557,4.359,3076.232,2648.12,12,5310.0,584,0,0,0.0,13,0,13,,0,0,0,0,0,0,,0,0,-43.198201,-22.915286,-43.177935,-22.903122,0,584,15049,FREI CANECA AEREO,0,0,0,0,0,True,,,,,,,250,1
GDN0017,LDS 61805,LDS,457474244,SETD GARDENIA,457474515,46,13.2,3304557,6.598,4220.428,3990.57,13,5605.0,574,0,0,0.0,11,0,11,,1,1,1,0,0,1,GDN0001,0,0,-43.417329,-22.985964,-43.379646,-22.969553,0,574,16903,GARDENIA,0,0,0,0,0,True,,,,,,,278,1
PTS9750,LDS 9750,LDS,10386087,SETD POSTO SEIS,10401515,46,13.2,3304557,4.129,5355.403,4693.379,13,6300.0,574,0,2,9.0,8,0,8,,2,2,2,0,0,1,PTS0001,0,0,-43.209389,-22.987886,-43.192884,-22.980916,0,574,15075,POSTO SEIS SUBTERRANEO,0,0,0,0,0,True,,,,,,,480,1
SLZ9330,LDS 9330,LDS,10386069,SETD SANTA LUZIA,10401530,46,13.2,3304557,3.537,5377.143,4757.677,19,7920.0,557,0,0,0.0,10,0,10,,0,0,0,0,0,0,,0,0,-43.178766,-22.914428,-43.173218,-22.908803,0,557,15016,SANTA LUZIA,0,0,0,0,0,True,,,,,,,599,1
PTS9761,LDS 9761,LDS,10386087,SETD POSTO SEIS,10401515,46,13.2,3304557,5.061,4895.425,4346.648,10,4600.0,552,0,1,12.0,3,0,3,,0,0,0,0,0,0,,0,0,-43.219719,-22.98789,-43.192866,-22.981905,0,552,15075,POSTO SEIS SUBTERRANEO,0,0,0,0,0,True,,,,,,,481,1
JAB00019,LDS 60077,LDS,18520749,SETD JABOATAO,18915195,46,13.2,3304557,1.78,12100.472,8029.556,5,1520.0,544,1,1,26.91,4,0,4,,0,0,0,0,0,0,,0,0,-43.560402,-22.905721,-43.558288,-22.896485,0,545,15029,JABOATAO AEREO,0,0,0,0,0,True,,,,,,,306,1
SMT30737,LDS 30737,LDS,10385997,SETD SAMARITANO,10401340,46,13.2,3304557,2.475,5077.064,3450.505,7,2700.0,538,0,6,33.5,6,0,6,,0,0,0,0,0,0,,0,0,-43.187728,-22.948095,-43.183619,-22.943471,0,538,15076,SAMARITANO SUBTERRANEO,0,0,0,0,0,True,,,,,,,602,1
LBN00007,LDS 36187,LDS,55813421,SETD LEBLON,55816451,46,13.2,3304557,0.807,3363.965,3257.326,5,2500.0,537,0,1,40.0,6,0,6,,0,0,0,0,0,0,,0,0,-43.21926,-22.982436,-43.217877,-22.978981,0,537,14992,LEBLON,0,0,0,0,0,True,,,,,,,318,1
SAT9050,LDS 9050/LDS 9620,LDS,10385970,SETD SANTO ANTONIO,10401370,46,13.2,3304557,3.298,3766.014,3231.535,14,6020.0,532,0,1,12.6,3,0,3,,4,4,4,0,0,1,SAT9523,0,0,-43.184131,-22.908719,-43.171945,-22.902555,0,532,15083,SANTO ANTONIO SUBTERRANEO,0,0,0,0,0,True,,,,,,,547,1
PTS9197,LDS 9197,LDS,10386087,SETD POSTO SEIS,10401515,46,13.2,3304557,2.428,3259.066,2306.172,7,3500.0,525,0,1,7.7,1,0,1,,0,0,0,0,0,0,,0,0,-43.201919,-22.987822,-43.191764,-22.983381,0,525,15075,POSTO SEIS SUBTERRANEO,0,0,0,0,0,True,,,,,,,465,1
SAT9506,LDS 9506,LDS,10385970,SETD SANTO ANTONIO,10401370,46,13.2,3304557,2.486,2633.039,2299.843,10,4510.0,523,0,0,0.0,7,0,7,,3,3,3,0,0,1,SAT9523,0,0,-43.182956,-22.908693,-43.173354,-22.901882,0,523,15083,SANTO ANTONIO SUBTERRANEO,0,0,0,0,0,True,,,,,,,555,1
LBN00015,LDS 9640,LDS,55813421,SETD LEBLON,55816392,46,13.2,3304557,2.109,3422.685,3222.573,8,3310.0,517,0,4,36.91,7,0,7,,0,0,0,0,0,0,,0,0,-43.22064,-22.986524,-43.216569,-22.982213,0,517,14992,LEBLON,0,0,0,0,0,True,,,,,,,325,1
SAT9295,LDS 9295,LDS,10385970,SETD SANTO ANTONIO,10401395,46,13.2,3304557,3.494,5447.562,1651.691,13,5810.0,516,0,0,0.0,7,0,7,,5,4,5,0,0,1,SAT9523,0,0,-43.183422,-22.912258,-43.173314,-22.906584,0,516,15083,SANTO ANTONIO SUBTERRANEO,0,0,0,0,0,True,,,,,,,549,1
NIG022,LDS 33456,LDS,18519976,SETD NOVA IGUACU,18915355,46,13.2,3303500,2.445,5291.457,4602.679,11,4120.0,500,1,0,0.0,9,0,9,,0,0,0,0,0,0,,0,0,-43.453747,-22.761121,-43.445031,-22.757949,0,501,15692,NOVA IGUACU,0,0,0,0,0,True,,,,,,,405,1
SAT2879,LDS 2879,LDS,10385970,SETD SANTO ANTONIO,10401425,46,13.2,3304557,2.685,2741.334,2230.113,13,5030.0,501,0,0,0.0,11,0,11,,5,5,5,0,0,1,SAT9523,0,0,-43.182952,-22.908611,-43.173605,-22.905078,0,501,15083,SANTO ANTONIO SUBTERRANEO,0,0,0,0,0,True,,,,,,,532,1
FCN9735,LDS 9735,LDS,10386105,SETD FREI CANECA,10401575,46,13.2,3304557,4.295,5842.469,5237.21,9,3610.0,500,0,2,28.0,5,0,5,,0,0,0,0,0,0,,0,0,-43.198701,-22.915161,-43.182756,-22.902187,0,500,15049,FREI CANECA AEREO,0,0,0,0,0,True,,,,,,,256,1
CMR0002,LDS 1702,LDS,10386015,SETD CAMERINO,10401560,46,13.2,3304557,5.707,2011.224,1796.914,10,2820.0,487,2,1,25.0,14,0,14,,0,0,0,0,0,0,,0,0,-43.196385,-22.901911,-43.185774,-22.892804,0,489,15053,SAO CONRADO AEREO,0,0,0,0,0,True,,,,,,,138,1
COP2410,LDS 2410,LDS,152677490,SETD COPACABANA,152678112,46,13.2,3304557,3.314,6859.352,6401.219,12,5600.0,486,0,1,4.0,5,0,5,,0,0,0,0,0,0,,0,0,-43.188873,-22.969448,-43.179639,-22.965591,0,486,15012,COPACABANA,0,0,0,0,0,True,,,,,,,200,1
SCO29001,LDS 24365,LDS,10386060,SETD SAO CONRADO,140568422,46,13.2,3304557,2.214,4924.409,4385.942,10,3200.0,486,0,3,50.4,6,0,6,,0,0,0,0,0,0,,0,0,-43.260025,-22.997412,-43.251882,-22.99181,0,486,15079,SAO CONRADO SUBTERRANEO,0,0,0,0,0,True,,,,,,,567,1
BRR37101,LDS 37101,LDS,345834478,SETD BARRA 2,345834621,46,13.2,3304557,7.093,7348.279,6416.361,4,180.0,483,2,0,0.0,6,0,6,,0,0,0,0,0,0,,0,0,-43.361547,-23.001537,-43.324727,-22.984107,0,485,15690,BARRA SUBTERRANEO,0,0,0,0,0,True,,,,,,,121,1
MKZ9111,LDS 9111,LDS,10386114,SETD MACKENZIE,10401510,46,13.2,3304557,2.882,1420.891,1063.898,13,6010.0,481,0,0,0.0,8,0,8,,0,0,0,0,0,0,,0,0,-43.187089,-22.903649,-43.178693,-22.899798,0,481,15008,MACKENZIE,0,0,0,0,0,True,,,,,,,377,1
COP2300,LDS 2300,LDS,152677490,SETD COPACABANA,156276007,46,13.2,3304557,2.558,5107.405,4526.343,12,5800.0,479,0,1,5.28,5,0,5,,0,0,0,0,0,0,,0,0,-43.192719,-22.974732,-43.186778,-22.9664,0,479,15012,COPACABANA,0,0,0,0,0,True,,,,,,,199,1
LBN9592,LDS 9592,LDS,55813421,SETD LEBLON,55816310,46,13.2,3304557,2.604,4622.349,4323.209,9,4300.0,464,0,3,15.0,7,0,7,,0,0,0,0,0,0,,0,0,-43.219357,-22.986003,-43.209816,-22.981187,0,464,14992,LEBLON,0,0,0,0,0,True,,,,,,,346,1
SCO4796,LDS 37590/LRA NIEMEYER,LDS,10386060,SETD SAO CONRADO,10401485,46,13.2,3304557,9.267,4931.152,4125.676,10,1162.5,451,5,1,9.0,12,1,11,,0,0,0,0,0,0,,0,0,-43.258484,-23.000613,-43.227504,-22.987231,0,456,15053,SAO CONRADO AEREO,0,0,0,0,0,True,,,,,,,568,1
CCD4094,LDS 4094,LDS,1186,SETD CASCADURA,1248269,46,13.2,3304557,2.877,4181.167,2905.134,14,6600.0,453,1,2,30.7,10,0,10,,0,0,0,0,0,0,,0,0,-43.340245,-22.880985,-43.331986,-22.871968,0,454,15034,CASCADURA AEREO,0,0,0,0,0,True,,,,,,,133,1
SAT2171,LDS 2171,LDS,10385970,SETD SANTO ANTONIO,10401415,46,13.2,3304557,2.414,2151.562,1805.278,5,1520.0,451,0,0,0.0,2,0,2,,5,5,5,0,0,1,SAT9523,0,0,-43.183541,-22.915421,-43.176732,-22.908414,0,451,15083,SANTO ANTONIO SUBTERRANEO,0,0,0,0,0,True,,,,,,,516,1
SAT9358,LDS 9358,LDS,10385970,SETD SANTO ANTONIO,10401395,46,13.2,3304557,3.231,4963.309,4496.634,16,7020.0,451,0,0,0.0,12,0,12,,5,5,5,0,0,1,SAT9523,0,0,-43.183424,-22.912254,-43.173455,-22.906699,0,451,15083,SANTO ANTONIO SUBTERRANEO,0,0,0,0,0,True,,,,,,,552,1
FCN9250,LDS 9250,LDS,10386105,SETD FREI CANECA,10401600,46,13.2,3304557,4.828,3603.86,1398.428,13,6300.0,447,0,0,0.0,4,0,4,,0,0,0,0,0,0,,0,0,-43.198209,-22.915284,-43.178299,-22.902654,0,447,15049,FREI CANECA AEREO,0,0,0,0,0,True,,,,,,,251,1
FCN1991,LDS 1991,LDS,10386105,SETD FREI CANECA,10401570,46,13.2,3304557,2.422,1926.57,1576.965,4,2000.0,440,0,0,0.0,5,0,5,,1,1,1,0,0,1,FCN604,0,0,-43.198578,-22.914673,-43.191612,-22.908159,0,440,15049,FREI CANECA AEREO,0,0,0,0,0,True,,,,,,,234,1
SAT2658,LDS 2658,LDS,10385970,SETD SANTO ANTONIO,10401425,46,13.2,3304557,3.068,6666.073,6104.074,14,5530.0,436,0,0,0.0,6,0,6,,5,5,5,0,0,1,SAT9523,0,0,-43.184126,-22.908606,-43.173363,-22.90505,0,436,15083,SANTO ANTONIO SUBTERRANEO,0,0,0,0,0,True,,,,,,,529,1
GDN0018,LDS 61906,LDS,457474244,SETD GARDENIA,457474600,46,13.2,3304557,5.867,3636.919,3162.906,5,1520.0,423,0,4,25.45,7,0,7,,1,1,1,0,0,1,GDN0001,0,0,-43.413674,-22.984631,-43.379645,-22.969554,0,423,16903,GARDENIA,0,0,0,0,0,True,,,,,,,279,1
AVD30006,LDS 30006,LDS,10385943,SETD ALVORADA,10401230,46,13.2,3304557,8.023,3485.872,3101.492,5,50.0,417,0,3,225.0,26,1,25,,1,0,1,0,0,1,AVD33320,0,0,-43.377597,-22.999831,-43.358526,-22.984146,0,417,15004,ALVORADA,0,0,0,0,0,True,,,,,,,39,1
CMR9568,LDS 9568,LDS,10386015,SETD CAMERINO,10401475,46,13.2,3304557,2.66,5790.972,5388.499,17,7810.0,404,0,0,0.0,12,0,12,,0,0,0,0,0,0,,0,0,-43.186218,-22.906357,-43.176067,-22.900829,0,404,15065,CAMERINO SUBTERRANEO,0,0,0,0,0,True,,,,,,,182,1
SAT9579,LDS 9579,LDS,10385970,SETD SANTO ANTONIO,10401395,46,13.2,3304557,3.16,2265.662,1936.435,9,4010.0,401,0,0,0.0,5,0,5,,4,3,4,0,0,1,SAT9523,0,0,-43.183536,-22.91256,-43.173218,-22.907588,0,401,15083,SANTO ANTONIO SUBTERRANEO,0,0,0,0,0,True,,,,,,,558,1
SAT2401,LDS 2401,LDS,10385970,SETD SANTO ANTONIO,10401425,46,13.2,3304557,2.885,3560.234,3106.203,14,6020.0,395,0,0,0.0,10,0,10,,5,5,5,0,0,1,SAT9523,0,0,-43.182897,-22.908598,-43.173362,-22.90522,0,395,15083,SANTO ANTONIO SUBTERRANEO,0,0,0,0,0,True,,,,,,,520,1
SAT2527,LDS 2527,LDS,10385970,SETD SANTO ANTONIO,10401415,46,13.2,3304557,2.594,2566.34,1123.349,4,1510.0,392,0,0,0.0,2,0,2,,5,5,5,0,0,1,SAT9523,0,0,-43.183642,-22.915136,-43.176131,-22.908403,0,392,15083,SANTO ANTONIO SUBTERRANEO,0,0,0,0,0,True,,,,,,,527,1
LBN00035,LDS 9370,LDS,55813421,SETD LEBLON,55816392,46,13.2,3304557,1.925,3485.201,3252.887,7,3500.0,386,0,3,21.0,6,0,6,,0,0,0,0,0,0,,0,0,-43.219856,-22.986361,-43.21616,-22.982286,0,386,14992,LEBLON,0,0,0,0,0,True,,,,,,,329,1
SLZ9231,LDS 9231,LDS,10386069,SETD SANTA LUZIA,10401530,46,13.2,3304557,2.924,3875.429,3368.672,17,7320.0,375,0,0,0.0,7,0,7,,0,0,0,0,0,0,,0,0,-43.179956,-22.915114,-43.173273,-22.908801,0,375,15016,SANTA LUZIA,0,0,0,0,0,True,,,,,,,598,1
LBN00061,LDS 9450,LDS,55813421,SETD LEBLON,55816392,46,13.2,3304557,1.941,3039.374,2794.19,7,3300.0,374,0,0,0.0,6,0,6,,0,0,0,0,0,0,,0,0,-43.220155,-22.985024,-43.215892,-22.981389,0,374,14992,LEBLON,0,0,0,0,0,True,,,,,,,336,1
BFG3607,LDS 24960/24906,LDS,10385934,SETD BOTAFOGO,10401290,46,13.2,3304557,2.199,7044.903,6351.272,7,1340.0,369,1,0,0.0,7,0,7,,0,0,0,0,0,0,,0,0,-43.181685,-22.958885,-43.176772,-22.954727,0,370,15064,BOTAFOGO SUBTERRANEO,0,0,0,0,0,True,,,,,,,74,1
CMR2986,LDS 2986,LDS,10386015,SETD CAMERINO,10401455,46,13.2,3304557,2.616,2074.9,1751.168,11,5010.0,370,0,0,0.0,6,0,6,,0,0,0,0,0,0,,0,0,-43.186059,-22.904349,-43.177852,-22.901018,0,370,15065,CAMERINO SUBTERRANEO,0,0,0,0,0,True,,,,,,,166,1
SAT2735,LDS 2735,LDS,10385970,SETD SANTO ANTONIO,10401425,46,13.2,3304557,2.973,2259.707,1881.731,14,5620.0,368,0,0,0.0,14,0,14,,5,5,5,0,0,1,SAT9523,0,0,-43.182952,-22.908608,-43.173049,-22.904991,0,368,15083,SANTO ANTONIO SUBTERRANEO,0,0,0,0,0,True,,,,,,,530,1
LBN9594,LDS 9594,LDS,55813421,SETD LEBLON,55816310,46,13.2,3304557,3.745,3379.921,2990.979,11,5300.0,366,0,4,36.0,8,0,8,,0,0,0,0,0,0,,0,0,-43.219363,-22.985951,-43.207805,-22.980601,0,366,14992,LEBLON,0,0,0,0,0,True,,,,,,,347,1
CMR9323,LDS 9323,LDS,10386015,SETD CAMERINO,10401475,46,13.2,3304557,2.523,4513.655,4162.952,14,6310.0,365,0,0,0.0,9,0,9,,0,0,0,0,0,0,,0,0,-43.186219,-22.906361,-43.176166,-22.900828,0,365,15065,CAMERINO SUBTERRANEO,0,0,0,0,0,True,,,,,,,179,1
MKZ9703,LDS 9703,LDS,10386114,SETD MACKENZIE,10401510,46,13.2,3304557,2.81,1787.49,1458.877,13,5810.0,365,0,1,2.93,8,0,8,,0,0,0,0,0,0,,0,0,-43.187148,-22.903647,-43.178443,-22.899696,0,365,15008,MACKENZIE,0,0,0,0,0,True,,,,,,,389,1
SLZ9001,LDS 9001,LDS,10386069,SETD SANTA LUZIA,10401530,46,13.2,3304557,3.007,5181.502,4677.88,15,5630.0,361,0,0,0.0,6,0,6,,0,0,0,0,0,0,,0,0,-43.179271,-22.915117,-43.173281,-22.909226,0,361,15016,SANTA LUZIA,0,0,0,0,0,True,,,,,,,592,1
SCO4906,LDS 4906,LDS,10386060,SETD SAO CONRADO,140568422,46,13.2,3304557,1.791,3779.319,3308.872,8,2600.0,356,0,1,6.0,5,0,5,,0,0,0,0,0,0,,0,0,-43.258485,-22.99706,-43.251891,-22.991821,0,356,15079,SAO CONRADO SUBTERRANEO,0,0,0,0,0,True,,,,,,,569,1
GDN0016,LDS 61704,LDS,457474244,SETD GARDENIA,457474381,46,13.2,3304557,7.766,2821.547,2304.512,12,3230.0,354,0,0,0.0,8,0,8,,0,0,0,0,0,0,,0,0,-43.420213,-22.988077,-43.379654,-22.969552,0,354,16903,GARDENIA,0,0,0,0,0,True,,,,,,,277,1
CMT837,LDS 837/ LDS 38408,LDS,10386051,SETD CAMPO MARTE,10401380,46,13.2,3304557,6.648,6966.197,5729.799,5,1320.0,346,7,0,0.0,9,0,9,,0,0,0,0,0,0,,0,0,-43.218557,-22.900392,-43.194052,-22.892448,0,353,15047,CAMPO MARTE AEREO,0,0,0,0,0,True,,,,,,,191,1
CMR9237,LDS 9237,LDS,10386015,SETD CAMERINO,10401475,46,13.2,3304557,2.758,4225.069,3876.743,15,7100.0,349,0,0,0.0,9,0,9,,0,0,0,0,0,0,,0,0,-43.186551,-22.905674,-43.175954,-22.901056,0,349,15065,CAMERINO SUBTERRANEO,0,0,0,0,0,True,,,,,,,178,1
CCD4548,LDS 4548,LDS,1186,SETD CASCADURA,1248269,46,13.2,3304557,1.35,2455.897,1101.362,4,2000.0,348,0,0,0.0,3,0,3,,0,0,0,0,0,0,,0,0,-43.337834,-22.880973,-43.331986,-22.875615,0,348,15034,CASCADURA AEREO,0,0,0,0,0,True,,,,,,,134,1
SAT9611,LDS 9611,LDS,10385970,SETD SANTO ANTONIO,10401395,46,13.2,3304557,3.706,3185.568,2479.704,18,7820.0,348,0,0,0.0,8,0,8,,5,4,5,0,0,1,SAT9523,0,0,-43.183534,-22.912264,-43.172929,-22.906731,0,348,15083,SANTO ANTONIO SUBTERRANEO,0,0,0,0,0,True,,,,,,,559,1
SAT2983,LDS 2983,LDS,10385970,SETD SANTO ANTONIO,10401425,46,13.2,3304557,2.968,8918.769,657.069,14,5620.0,341,0,0,0.0,8,0,8,,4,4,4,0,0,1,SAT9523,0,0,-43.182952,-22.908613,-43.173047,-22.90499,0,341,15083,SANTO ANTONIO SUBTERRANEO,0,0,0,0,0,True,,,,,,,533,1
CMR2320,LDS 2320,LDS,10386015,SETD CAMERINO,10401365,46,13.2,3304557,2.73,4960.135,4565.871,12,3550.0,332,0,0,0.0,7,0,7,,0,0,0,0,0,0,,0,0,-43.186146,-22.90202,-43.177206,-22.89703,0,332,15065,CAMERINO SUBTERRANEO,0,0,0,0,0,True,,,,,,,152,1
SAT9270,LDS 9270,LDS,10385970,SETD SANTO ANTONIO,10401370,46,13.2,3304557,3.004,4730.236,3777.413,17,7520.0,328,0,1,60.0,10,0,10,,5,5,5,0,0,1,SAT9523,0,0,-43.182964,-22.908685,-43.171974,-22.901535,0,328,15083,SANTO ANTONIO SUBTERRANEO,0,0,0,0,0,True,,,,,,,548,1
SLZ2610,LDS 2610,LDS,10386069,SETD SANTA LUZIA,10401535,46,13.2,3304557,2.786,3612.587,2939.256,15,5920.0,328,0,0,0.0,5,0,5,,0,0,0,0,0,0,,0,0,-43.174571,-22.912561,-43.169153,-22.90776,0,328,15016,SANTA LUZIA,0,0,0,0,0,True,,,,,,,585,1
CMR2760,LDS 2760,LDS,10386015,SETD CAMERINO,10401365,46,13.2,3304557,2.872,9100.245,8625.135,14,4350.0,326,0,1,60.0,6,0,6,,0,0,0,0,0,0,,0,0,-43.186143,-22.902018,-43.177109,-22.897014,0,326,15065,CAMERINO SUBTERRANEO,0,0,0,0,0,True,,,,,,,164,1
FCN24211,LDS 24211,LDS,10386105,SETD FREI CANECA,10401575,46,13.2,3304557,4.363,8100.404,6655.143,5,830.0,323,3,0,0.0,9,0,9,,0,0,0,0,0,0,,0,0,-43.204865,-22.914578,-43.187102,-22.903652,0,326,15049,FREI CANECA AEREO,0,0,0,0,0,True,,,,,,,238,1
CMR2110,LDS 2110,LDS,10386015,SETD CAMERINO,10401365,46,13.2,3304557,2.677,4713.512,4162.754,13,3850.0,325,0,0,0.0,6,0,6,,0,0,0,0,0,0,,0,0,-43.186178,-22.901836,-43.177183,-22.896963,0,325,15065,CAMERINO SUBTERRANEO,0,0,0,0,0,True,,,,,,,148,1
LBN00012,LDS 36282,LDS,55813421,SETD LEBLON,55816451,46,13.2,3304557,0.877,5627.44,5144.502,4,40.0,323,0,0,0.0,6,0,6,,1,0,1,0,0,1,LBN00002,0,0,-43.219298,-22.983754,-43.215586,-22.982187,0,323,14992,LEBLON,0,0,0,0,0,True,,,,,,,322,1
SLZ2380,LDS 2380,LDS,10386069,SETD SANTA LUZIA,10401535,46,13.2,3304557,3.424,4425.069,3904.469,14,6020.0,319,0,1,480.0,6,0,6,,0,0,0,0,0,0,,0,0,-43.174469,-22.91349,-43.168248,-22.905105,0,319,15016,SANTA LUZIA,0,0,0,0,0,True,,,,,,,581,1
FCN1880,LDS 1880/ LDA PALHARES,LDS,10386105,SETD FREI CANECA,10401575,46,13.2,3304557,4.808,2602.555,1626.288,18,1560.0,312,3,2,13.8,10,0,10,,0,0,0,0,0,0,,0,0,-43.215341,-22.914871,-43.198124,-22.909139,0,315,15049,FREI CANECA AEREO,0,0,0,0,0,True,,,,,,,233,1
SAT9793,LDS 9793,LDS,10385970,SETD SANTO ANTONIO,10401395,46,13.2,3304557,3.351,5294.018,4775.843,11,4520.0,314,0,1,40.0,9,0,9,,3,3,3,0,0,1,SAT9523,0,0,-43.183537,-22.912266,-43.172922,-22.907094,0,314,15083,SANTO ANTONIO SUBTERRANEO,0,0,0,0,0,True,,,,,,,564,1
CBI00001,LDA EXPANOR,LDA,1141,SETD CACHAMBI,1248114,46,13.2,3304557,1.595,15295.673,12613.386,2,20.0,290,8,0,0.0,6,0,6,,1,0,1,0,0,1,CBI00003,0,0,-43.282497,-22.889434,-43.274213,-22.885847,0,298,15027,CACHAMBI AEREO,0,0,0,0,0,True,,,,,,,127,1
SLZ9115,LDS 9115,LDS,10386069,SETD SANTA LUZIA,10401530,46,13.2,3304557,3.053,3406.523,3078.999,16,6530.0,295,0,0,0.0,7,0,7,,0,0,0,0,0,0,,0,0,-43.178765,-22.914447,-43.173263,-22.9088,0,295,15016,SANTA LUZIA,0,0,0,0,0,True,,,,,,,595,1
CMR9704,LDS 9704,LDS,10386015,SETD CAMERINO,10401475,46,13.2,3304557,3.333,4934.969,4581.698,15,7300.0,294,0,0,0.0,9,0,9,,0,0,0,0,0,0,,0,0,-43.186376,-22.90636,-43.176185,-22.901061,0,294,15065,CAMERINO SUBTERRANEO,0,0,0,0,0,True,,,,,,,184,1
SLZ2270,LDS 2270,LDS,10386069,SETD SANTA LUZIA,10401535,46,13.2,3304557,3.424,3629.491,2716.025,15,6700.0,289,0,2,26.0,6,0,6,,0,0,0,0,0,0,,0,0,-43.174574,-22.913488,-43.169162,-22.907976,0,289,15016,SANTA LUZIA,0,0,0,0,0,True,,,,,,,580,1
FCN9771,LDS 9771,LDS,10386105,SETD FREI CANECA,10401575,46,13.2,3304557,3.778,4114.154,2179.893,10,5000.0,284,0,0,0.0,8,0,8,,0,0,0,0,0,0,,0,0,-43.198581,-22.914634,-43.182366,-22.903398,0,284,15049,FREI CANECA AEREO,0,0,0,0,0,True,,,,,,,258,1
CMR2250,LDS 2250,LDS,10386015,SETD CAMERINO,10401365,46,13.2,3304557,2.438,2228.715,1756.743,10,3040.0,275,0,0,0.0,5,0,5,,0,0,0,0,0,0,,0,0,-43.186177,-22.901834,-43.177221,-22.89703,0,275,15065,CAMERINO SUBTERRANEO,0,0,0,0,0,True,,,,,,,151,1
HMT3330,LDS 1327/LDS 1379,LDS,10386096,SETD HUMAITA,10401540,46,13.2,3304557,3.424,12470.076,11591.205,3,1500.0,273,2,1,3.0,4,1,3,,2,0,2,0,0,2,BFG24972;HMT3477,0,0,-43.196212,-22.958598,-43.188746,-22.94973,0,275,15059,HUMAITA SUBTERRANEO,0,0,0,0,0,True,,,,,,,292,1
MKZ24567,LDS 24567,LDS,10386114,SETD MACKENZIE,10401595,46,13.2,3304557,3.331,4249.499,3916.087,13,4920.0,275,0,1,75.0,11,0,11,,0,0,0,0,0,0,,0,0,-43.188489,-22.901798,-43.181722,-22.893922,0,275,15008,MACKENZIE,0,0,0,0,0,True,,,,,,,370,1
LBN00018,LDS 9220,LDS,55813421,SETD LEBLON,55816392,46,13.2,3304557,1.865,3360.422,2799.86,8,3310.0,271,0,2,15.0,5,0,5,,0,0,0,0,0,0,,0,0,-43.220152,-22.985804,-43.216213,-22.981392,0,271,14992,LEBLON,0,0,0,0,0,True,,,,,,,327,1
GDN000,LDS 61297,LDS,457474244,SETD GARDENIA,457474381,46,13.2,3304557,3.395,2039.352,1694.622,4,40.0,270,0,0,0.0,4,0,4,,1,1,1,0,0,1,GDN0001,0,0,-43.380409,-22.972211,-43.366065,-22.968676,0,270,16903,GARDENIA,0,0,0,0,0,True,,,,,,,268,1
LBN00013,LDS 9739,LDS,55813421,SETD LEBLON,55816392,46,13.2,3304557,2.076,2865.51,2564.07,7,3300.0,268,0,1,10.0,3,0,3,,0,0,0,0,0,0,,0,0,-43.220641,-22.986571,-43.216751,-22.982286,0,268,14992,LEBLON,0,0,0,0,0,True,,,,,,,323,1
CMR2430,LDS 2430,LDS,10386015,SETD CAMERINO,10401365,46,13.2,3304557,2.481,4162.514,3790.713,12,4330.0,264,0,0,0.0,3,0,3,,0,0,0,0,0,0,,0,0,-43.186178,-22.901833,-43.177457,-22.896983,0,264,15065,CAMERINO SUBTERRANEO,0,0,0,0,0,True,,,,,,,155,1
MKZ9617,LDS 9617,LDS,10386114,SETD MACKENZIE,10401510,46,13.2,3304557,1.946,13095.122,12884.479,7,3300.0,259,1,0,0.0,3,0,3,,0,0,0,0,0,0,,0,0,-43.187091,-22.903656,-43.180448,-22.900318,0,260,15008,MACKENZIE,0,0,0,0,0,True,,,,,,,385,1
SLZ2940,LDS 2940,LDS,10386069,SETD SANTA LUZIA,10401535,46,13.2,3304557,2.335,7114.661,2144.269,14,5910.0,260,0,0,0.0,5,0,5,,0,0,0,0,0,0,,0,0,-43.174578,-22.912606,-43.169156,-22.907964,0,260,15016,SANTA LUZIA,0,0,0,0,0,True,,,,,,,586,1
MKZ9746,LDS 9746,LDS,10386114,SETD MACKENZIE,10401510,46,13.2,3304557,2.439,7438.642,7100.01,13,6300.0,255,0,0,0.0,6,0,6,,0,0,0,0,0,0,,0,0,-43.187087,-22.903648,-43.17879,-22.900052,0,255,15008,MACKENZIE,0,0,0,0,0,True,,,,,,,391,1
SLZ9192,LDS 9192,LDS,10386069,SETD SANTA LUZIA,10401530,46,13.2,3304557,2.455,3445.969,3095.935,17,6830.0,244,0,1,20.0,14,0,14,,0,0,0,0,0,0,,0,0,-43.177672,-22.912901,-43.173289,-22.908803,0,244,15016,SANTA LUZIA,0,0,0,0,0,True,,,,,,,597,1
BAR30355,LDS 30355,LDS,10385907,SETD BARRA,10401280,46,13.2,3304557,2.647,5188.814,5192.336,7,70.0,243,0,3,225.0,8,0,8,,0,0,0,0,0,0,,0,0,-43.327545,-23.004705,-43.316404,-22.998263,0,243,15690,BARRA SUBTERRANEO,0,0,0,0,0,True,,,,,,,51,1
CMR2138,LDS 2138,LDS,10386015,SETD CAMERINO,10401455,46,13.2,3304557,1.936,1867.862,1242.031,12,5510.0,242,0,0,0.0,8,0,8,,0,0,0,0,0,0,,0,0,-43.186059,-22.90345,-43.17873,-22.901023,0,242,15065,CAMERINO SUBTERRANEO,0,0,0,0,0,True,,,,,,,149,1
FCN9590,LDS 9590,LDS,10386105,SETD FREI CANECA,10401575,46,13.2,3304557,4.514,5231.358,2319.719,10,3330.0,240,0,0,0.0,6,0,6,,0,0,0,0,0,0,,0,0,-43.198702,-22.915162,-43.182472,-22.902843,0,240,15049,FREI CANECA AEREO,0,0,0,0,0,True,,,,,,,254,1
BRR24810,LDS 24810,LDS,345834478,SETD BARRA 2,345834664,46,13.2,3304557,4.308,6609.4,5179.468,4,40.0,239,0,1,75.0,7,0,7,,1,1,1,0,0,1,BRR0003,0,0,-43.349324,-23.002215,-43.324546,-22.998255,0,239,15689,BARRA 2,0,0,0,0,0,True,,,,,,,108,1
MKZ9698,LDS 9698,LDS,10386114,SETD MACKENZIE,10401510,46,13.2,3304557,2.817,4152.731,3816.522,17,8010.0,235,0,1,26.0,9,0,9,,0,0,0,0,0,0,,0,0,-43.187176,-22.903655,-43.178672,-22.899957,0,235,15008,MACKENZIE,0,0,0,0,0,True,,,,,,,388,1
FCN9390,LDS 9390,LDS,10386105,SETD FREI CANECA,10401575,46,13.2,3304557,6.09,3161.06,2741.537,9,4100.0,233,0,0,0.0,5,0,5,,0,0,0,0,0,0,,0,0,-43.198699,-22.91535,-43.181629,-22.902191,0,233,15049,FREI CANECA AEREO,0,0,0,0,0,True,,,,,,,252,1
CMR9444,LDS 9444,LDS,10386015,SETD CAMERINO,10401475,46,13.2,3304557,2.67,4974.393,4624.704,15,7100.0,224,0,0,0.0,10,0,10,,0,0,0,0,0,0,,0,0,-43.186217,-22.906357,-43.176412,-22.900826,0,224,15065,CAMERINO SUBTERRANEO,0,0,0,0,0,True,,,,,,,181,1
SAT9620,LDS 9620,LDS,10385970,SETD SANTO ANTONIO,10401370,46,13.2,3304557,3.13,2684.542,1823.989,16,7510.0,220,0,0,0.0,4,0,4,,4,4,4,0,0,1,SAT9523,0,0,-43.182933,-22.908694,-43.171958,-22.90144,0,220,15083,SANTO ANTONIO SUBTERRANEO,0,0,0,0,0,True,,,,,,,560,1
SLZ2220,LDS 2220,LDS,10386069,SETD SANTA LUZIA,10401535,46,13.2,3304557,2.324,3968.534,1129.393,15,7100.0,212,0,0,0.0,8,0,8,,0,0,0,0,0,0,,0,0,-43.174469,-22.912604,-43.169307,-22.907728,0,212,15016,SANTA LUZIA,0,0,0,0,0,True,,,,,,,578,1
BAR3214,LDS 30660,LDS,10385907,SETD BARRA,10401280,46,13.2,3304557,1.728,1081.0,844.423,5,1120.0,211,0,0,0.0,7,0,7,,0,0,0,0,0,0,,0,0,-43.327547,-23.003608,-43.319843,-22.998267,0,211,15690,BARRA SUBTERRANEO,0,0,0,0,0,True,,,,,,,55,1
SAT2366,LDS 2366,LDS,10385970,SETD SANTO ANTONIO,10401425,46,13.2,3304557,2.196,4062.279,3601.63,13,5320.0,210,0,0,0.0,8,0,8,,5,5,5,0,0,1,SAT9523,0,0,-43.182897,-22.908596,-43.173888,-22.90506,0,210,15083,SANTO ANTONIO SUBTERRANEO,0,0,0,0,0,True,,,,,,,519,1
CMR2570,LDS 2570,LDS,10386015,SETD CAMERINO,10401365,46,13.2,3304557,2.482,562.054,114.49,12,3550.0,205,0,0,0.0,6,0,6,,0,0,0,0,0,0,,0,0,-43.186147,-22.902016,-43.177718,-22.897025,0,205,15065,CAMERINO SUBTERRANEO,0,0,0,0,0,True,,,,,,,161,1
FCN1609,LDS 1609,LDS,10386105,SETD FREI CANECA,10401570,46,13.2,3304557,1.82,11693.029,11374.833,3,900.0,196,1,0,0.0,4,0,4,,0,0,0,0,0,0,,0,0,-43.198705,-22.915289,-43.188784,-22.911107,0,197,15049,FREI CANECA AEREO,0,0,0,0,0,True,,,,,,,229,1
COP2490,LDS 2490,LDS,152677490,SETD COPACABANA,156276007,46,13.2,3304557,3.14,6609.184,6016.8,7,3500.0,188,0,1,5.0,2,0,2,,0,0,0,0,0,0,,0,0,-43.192829,-22.975256,-43.185291,-22.966391,0,188,15012,COPACABANA,0,0,0,0,0,True,,,,,,,202,1
MKZ9140,LDS 9140,LDS,10386114,SETD MACKENZIE,10401550,46,13.2,3304557,3.514,2281.948,1992.339,15,6410.0,187,0,0,0.0,8,0,8,,0,0,0,0,0,0,,0,0,-43.187465,-22.905735,-43.175959,-22.899095,0,187,15008,MACKENZIE,0,0,0,0,0,True,,,,,,,378,1
CMR9663,LDS 9663,LDS,10386015,SETD CAMERINO,10401475,46,13.2,3304557,2.522,1655.786,1316.018,12,4130.0,186,0,0,0.0,67,15,52,,5,4,5,0,0,5,CMR2140;CMR24333;CMR24600;CMR30588;CMR33066,0,18,-43.186065,-22.906354,-43.176181,-22.901018,0,186,15065,CAMERINO SUBTERRANEO,0,0,0,0,0,True,,,,,,,183,1
SAT9404,LDS 9404,LDS,10385970,SETD SANTO ANTONIO,10401395,46,13.2,3304557,3.535,1779.633,1154.917,13,6010.0,184,0,0,0.0,14,0,14,,5,5,5,0,0,1,SAT9523,0,0,-43.183417,-22.912253,-43.172982,-22.906736,0,184,15083,SANTO ANTONIO SUBTERRANEO,0,0,0,0,0,True,,,,,,,553,1
SAT9540,LDS 9540,LDS,10385970,SETD SANTO ANTONIO,10401370,46,13.2,3304557,3.614,4266.179,3688.848,15,6320.0,183,0,0,0.0,12,0,12,,5,5,5,0,0,1,SAT9523,0,0,-43.182925,-22.90869,-43.173564,-22.900413,0,183,15065,CAMERINO SUBTERRANEO,0,0,0,0,0,True,,,,,,,557,1
CMR2354,LDS 2354,LDS,10386015,SETD CAMERINO,10401455,46,13.2,3304557,2.202,2341.154,1875.213,11,4030.0,179,0,0,0.0,7,0,7,,0,0,0,0,0,0,,0,0,-43.186059,-22.904006,-43.177853,-22.90102,0,179,15065,CAMERINO SUBTERRANEO,0,0,0,0,0,True,,,,,,,153,1
MKZ9610,LDS 9610,LDS,10386114,SETD MACKENZIE,10401550,46,13.2,3304557,2.619,4798.091,4504.548,15,6320.0,174,0,0,0.0,8,0,8,,0,0,0,0,0,0,,0,0,-43.186114,-22.903046,-43.176021,-22.899974,0,174,15008,MACKENZIE,0,0,0,0,0,True,,,,,,,384,1
NIG019,LDS 30534,LDS,18519976,SETD NOVA IGUACU,18915380,46,13.2,3303500,1.252,1933.269,1315.028,2,1000.0,170,4,0,0.0,4,0,4,,0,0,0,0,0,0,,0,0,-43.447283,-22.76129,-43.444784,-22.75838,0,174,15692,NOVA IGUACU,0,0,0,0,0,True,,,,,,,402,1
MKZ9352,LDS 9352,LDS,10386114,SETD MACKENZIE,10401550,46,13.2,3304557,3.507,2576.611,2260.992,16,6820.0,171,0,0,0.0,10,0,10,,0,0,0,0,0,0,,0,0,-43.187469,-22.903939,-43.175935,-22.899145,0,171,15008,MACKENZIE,0,0,0,0,0,True,,,,,,,380,1
CMR24531,LDS 24531,LDS,10386015,SETD CAMERINO,10401560,46,13.2,3304557,2.069,6286.563,5355.293,2,20.0,162,2,1,90.0,4,0,4,,0,0,0,0,0,0,,0,0,-43.187801,-22.901379,-43.181043,-22.895582,0,164,15008,MACKENZIE,0,0,0,0,0,True,,,,,,,158,1
SAT2522,LDS 2522,LDS,10385970,SETD SANTO ANTONIO,10401425,46,13.2,3304557,2.57,2755.442,1646.0,15,6520.0,163,0,1,50.0,6,0,6,,5,5,5,0,0,1,SAT9523,0,0,-43.182896,-22.908604,-43.173361,-22.905144,0,163,15083,SANTO ANTONIO SUBTERRANEO,0,0,0,0,0,True,,,,,,,526,1
FCN1544,LDS 1544,LDS,10386105,SETD FREI CANECA,10401570,46,13.2,3304557,4.038,11232.053,11123.19,1,500.0,151,7,1,75.0,6,0,6,,0,0,0,0,0,0,,0,0,-43.19858,-22.91574,-43.186448,-22.911188,0,158,15049,FREI CANECA AEREO,0,0,0,0,0,True,,,,,,,228,1
SAT9313,LDS 9313,LDS,10385970,SETD SANTO ANTONIO,10401370,46,13.2,3304557,3.276,2427.623,1680.046,11,4320.0,158,0,0,0.0,5,0,5,,2,2,2,0,0,1,SAT9523,0,0,-43.182962,-22.908696,-43.172725,-22.900404,0,158,15083,SANTO ANTONIO SUBTERRANEO,0,0,0,0,0,True,,,,,,,551,1
BPD1128,LDS 1128 CORCOVADO,LDS,10385961,SETD BAEPENDI,10401435,46,13.2,3304557,10.414,6294.036,3976.808,3,900.0,150,6,2,8.0,12,0,12,,2,0,2,0,0,1,BPD34707,0,0,-43.232752,-22.952192,-43.180597,-22.931966,0,156,15063,BAEPENDI SUBTERRANEO,0,0,0,0,0,True,,,,,,,79,1
MKZ9280,LDS 9280,LDS,10386114,SETD MACKENZIE,10401550,46,13.2,3304557,4.071,4158.441,3864.15,15,6810.0,156,0,0,0.0,21,3,18,,2,2,2,0,0,4,MKZ1983;MKZ38552;MKZ9030;MKZ9529,0,6,-43.187467,-22.904118,-43.17604,-22.899017,0,156,15008,MACKENZIE,0,0,0,0,0,True,,,,,,,379,1
SAT9523,LDS 9523,LDS,10385970,SETD SANTO ANTONIO,10401395,46,13.2,3304557,3.344,2046.085,1441.473,12,5510.0,155,0,0,0.0,138,79,59,,79,77,79,0,0,65,SAT0001;SAT1038;SAT1062;SAT1162;SAT1232;SAT1246;SAT1303;SAT1382;SAT1481;SAT1489;SAT1580;SAT1617;SAT1956;SAT1960;SAT2171;SAT2219;SAT2358;SAT2366;SAT2401;SAT24163;SAT24174;SAT2424;SAT24350;SAT24570;SAT2514;SAT2522;SAT2527;SAT2645;SAT2658;SAT2735;SAT2752;SAT2879;SAT2891;SAT2983;SAT30295;SAT30499;SAT30533;SAT30622;SAT36473;SAT38267;SAT38272;SAT38402;SAT4056;SAT4187;SAT4780;SAT4903;SAT4908;SAT9050;SAT9270;SAT9295;SAT9307;SAT9313;SAT9358;SAT9404;SAT9430;SAT9506;SAT9540;SAT9579;SAT9611;SAT9620;SAT9690;SAT9693;SAT9710;SAT9780;SAT9793,0,18,-43.18353,-22.912261,-43.173225,-22.906597,0,155,15083,SANTO ANTONIO SUBTERRANEO,0,0,0,0,0,True,,,,,,,556,1
CMR2140,LDS 2140,LDS,10386015,SETD CAMERINO,10401365,46,13.2,3304557,2.766,2314.041,1954.232,11,3830.0,152,0,0,0.0,4,0,4,,1,1,1,0,0,1,CMR9663,0,0,-43.186142,-22.902021,-43.176271,-22.897366,0,152,15065,CAMERINO SUBTERRANEO,0,0,0,0,0,True,,,,,,,150,1
FCN1153,LDS 1153,LDS,10386105,SETD FREI CANECA,10401570,46,13.2,3304557,2.117,944.337,837.939,1,10.0,148,1,1,26.95,4,0,4,,1,1,1,0,0,1,FCN604,0,0,-43.198699,-22.915162,-43.189301,-22.911219,0,149,15049,FREI CANECA AEREO,0,0,0,0,0,True,,,,,,,225,1
CMR9199,LDS 9199,LDS,10386015,SETD CAMERINO,10401475,46,13.2,3304557,2.519,1088.92,711.05,12,6000.0,142,0,0,0.0,11,0,11,,0,0,0,0,0,0,,0,0,-43.186479,-22.905673,-43.176619,-22.901058,0,142,15065,CAMERINO SUBTERRANEO,0,0,0,0,0,True,,,,,,,177,1
CMR2800,LDS 2800,LDS,10386015,SETD CAMERINO,10401455,46,13.2,3304557,1.871,2975.208,2798.577,8,3020.0,140,0,3,23.0,3,0,3,,0,0,0,0,0,0,,0,0,-43.186059,-22.904291,-43.178725,-22.901026,0,140,15065,CAMERINO SUBTERRANEO,0,0,0,0,0,True,,,,,,,165,1
FCN9720,LDS 9720,LDS,10386105,SETD FREI CANECA,10401575,46,13.2,3304557,5.27,9150.853,6018.152,11,3140.0,130,0,0,0.0,5,0,5,,0,0,0,0,0,0,,0,0,-43.198849,-22.915162,-43.181404,-22.901798,0,130,15049,FREI CANECA AEREO,0,0,0,0,0,True,,,,,,,255,1
BRR30560,LDS 30560,LDS,345834478,SETD BARRA 2,345834621,46,13.2,3304557,3.81,4725.146,2308.802,3,170.0,127,0,0,0.0,4,0,4,,1,1,1,0,0,1,BRR0003,0,0,-43.331144,-23.004701,-43.316407,-22.998086,0,127,15689,BARRA 2,0,0,0,0,0,True,,,,,,,112,1
SAT9780,LDS 9780,LDS,10385970,SETD SANTO ANTONIO,10401370,46,13.2,3304557,4.013,2848.072,2309.631,13,5520.0,123,0,0,0.0,5,0,5,,5,5,5,0,0,1,SAT9523,0,0,-43.184146,-22.90872,-43.173588,-22.901442,0,123,15083,SANTO ANTONIO SUBTERRANEO,0,0,0,0,0,True,,,,,,,563,1
REC0016,LDS 37996,LDS,132097219,SETD RECREIO,132023773,46,13.2,3304557,3.623,12037.155,11749.543,1,10.0,117,4,1,30.0,5,1,4,,2,0,2,0,0,1,REC3909,0,0,-43.489694,-23.021296,-43.467561,-23.01081,0,121,14999,RECREIO,0,0,0,0,0,True,,,,,,,498,1
MKZ9760,LDS 9760,LDS,10386114,SETD MACKENZIE,10401550,46,13.2,3304557,3.023,1683.43,1377.847,15,5830.0,116,0,0,0.0,6,0,6,,0,0,0,0,0,0,,0,0,-43.186109,-22.903201,-43.175912,-22.899021,0,116,15008,MACKENZIE,0,0,0,0,0,True,,,,,,,392,1
SAT9690,LDS 9690,LDS,10385970,SETD SANTO ANTONIO,10401370,46,13.2,3304557,2.932,2212.11,1744.885,12,5510.0,111,0,0,0.0,8,1,7,,4,4,4,0,0,1,SAT9523,0,0,-43.182954,-22.908672,-43.172716,-22.901442,0,111,15083,SANTO ANTONIO SUBTERRANEO,0,0,0,0,0,True,,,,,,,561,1
CMR30476,LDS 30476 / SAMBODROMO,LDS,10386015,SETD CAMERINO,10401560,46,13.2,3304557,4.243,12058.546,11371.385,8,4000.0,105,1,0,0.0,8,0,8,,0,0,0,0,0,0,,0,0,-43.204866,-22.910482,-43.185635,-22.901075,0,106,15065,CAMERINO SUBTERRANEO,0,0,0,0,0,True,,,,,,,168,1
GDN0006,LDS 61139,LDS,457474244,SETD GARDENIA,457474600,46,13.2,3304557,3.304,17318.248,12246.061,4,40.0,98,6,0,0.0,4,0,4,,2,2,2,0,0,2,GDN0001;GDN0021,0,0,-43.380291,-22.973037,-43.371157,-22.969441,0,104,16903,GARDENIA,0,0,0,0,0,True,,,,,,,272,1
FCN4889,LDS 4889,LDS,10386105,SETD FREI CANECA,10401545,46,13.2,3304557,4.966,4481.365,4197.768,2,1000.0,102,1,2,47.52,5,0,5,,1,1,1,0,0,1,FCN604,0,0,-43.203979,-22.914566,-43.187103,-22.903651,0,103,15049,FREI CANECA AEREO,0,0,0,0,0,True,,,,,,,249,1
BFG1250,LDS 1250,LDS,10385934,SETD BOTAFOGO,10401290,46,13.2,3304557,6.336,7529.209,7141.354,1,500.0,95,6,2,354.0,8,0,8,,1,0,1,0,0,1,HMT0001,0,0,-43.196003,-22.958625,-43.168333,-22.949492,0,101,15064,BOTAFOGO SUBTERRANEO,0,0,0,0,0,True,,,,,,,59,1
CCD1031,LDS 1031,LDS,1186,SETD CASCADURA,1248264,46,13.2,3304557,0.58,3293.518,944.268,4,675.0,97,0,0,0.0,1,0,1,,0,0,0,0,0,0,,0,0,-43.333771,-22.881424,-43.331827,-22.880317,0,97,15055,BOCA DO MATO AEREO,0,0,0,0,0,True,,,,,,,130,1
SAT9710,LDS 9710,LDS,10385970,SETD SANTO ANTONIO,10401370,46,13.2,3304557,3.356,3644.903,3150.583,12,5510.0,92,0,0,0.0,3,0,3,,5,5,5,0,0,1,SAT9523,0,0,-43.182902,-22.908683,-43.173954,-22.900402,0,92,15083,SANTO ANTONIO SUBTERRANEO,0,0,0,0,0,True,,,,,,,562,1
CMR9396,LDS 9396,LDS,10386015,SETD CAMERINO,10401475,46,13.2,3304557,3.282,1891.254,1510.192,14,6800.0,88,0,0,0.0,11,0,11,,0,0,0,0,0,0,,0,0,-43.186375,-22.906363,-43.175875,-22.901062,0,88,15065,CAMERINO SUBTERRANEO,0,0,0,0,0,True,,,,,,,180,1
RCP1381,LDS 1381,LDS,10386006,SETD RIO COMPRIDO,10401360,46,13.2,3304557,2.074,5000.459,4381.99,2,1000.0,84,3,0,0.0,3,0,3,,0,0,0,0,0,0,,0,0,-43.232478,-22.925608,-43.221733,-22.923186,0,87,15058,RIO COMPRIDO AEREO,0,0,0,0,0,True,,,,,,,491,1
MKZ9529,LDS 9529,LDS,10386114,SETD MACKENZIE,10401550,46,13.2,3304557,3.166,1103.483,786.056,15,6320.0,86,0,0,0.0,7,0,7,,1,1,1,0,0,1,MKZ9280,0,0,-43.187464,-22.903941,-43.176026,-22.899145,0,86,15008,MACKENZIE,0,0,0,0,0,True,,,,,,,381,1
FCN9757,LDS 9757,LDS,10386105,SETD FREI CANECA,10401575,46,13.2,3304557,5.043,3052.345,2219.955,8,2820.0,85,0,0,0.0,7,0,7,,0,0,0,0,0,0,,0,0,-43.200097,-22.915161,-43.181633,-22.902543,0,85,15049,FREI CANECA AEREO,0,0,0,0,0,True,,,,,,,257,1
SAT2424,LDS 2424,LDS,10385970,SETD SANTO ANTONIO,10401415,46,13.2,3304557,2.454,567.523,480.007,3,1500.0,85,0,0,0.0,1,0,1,,5,5,5,0,0,1,SAT9523,0,0,-43.183634,-22.915189,-43.176134,-22.908402,0,85,15083,SANTO ANTONIO SUBTERRANEO,0,0,0,0,0,True,,,,,,,523,1
CMR2680,LDS 2680,LDS,10386015,SETD CAMERINO,10401365,46,13.2,3304557,2.893,1771.851,1295.384,14,4440.0,83,0,0,0.0,6,0,6,,0,0,0,0,0,0,,0,0,-43.186178,-22.901839,-43.177714,-22.896975,0,83,15065,CAMERINO SUBTERRANEO,0,0,0,0,0,True,,,,,,,163,1
SLZ1415,LDS 1415,LDS,10386069,SETD SANTA LUZIA,10401520,46,13.2,3304557,2.314,4864.456,4418.29,11,3140.0,80,1,2,88.88,7,0,7,,0,0,0,0,0,0,,0,0,-43.173278,-22.910302,-43.168675,-22.906286,0,81,15016,SANTA LUZIA,0,0,0,0,0,True,,,,,,,575,1
SAT2514,LDS 2514,LDS,10385970,SETD SANTO ANTONIO,10401425,46,13.2,3304557,2.36,2929.59,2461.754,12,4530.0,79,0,0,0.0,6,0,6,,5,5,5,0,0,1,SAT9523,0,0,-43.184123,-22.908601,-43.173606,-22.905204,0,79,15083,SANTO ANTONIO SUBTERRANEO,0,0,0,0,0,True,,,,,,,525,1
FCN1060,LDS 1060,LDS,10386105,SETD FREI CANECA,10401575,46,13.2,3304557,3.341,380.006,214.263,6,2600.0,77,0,0,0.0,6,0,6,,0,0,0,0,0,0,,0,0,-43.201291,-22.914584,-43.191907,-22.903994,0,77,15049,FREI CANECA AEREO,0,0,0,0,0,True,,,,,,,223,1
BRR34394,LDS 34394,LDS,345834478,SETD BARRA 2,345834621,46,13.2,3304557,6.172,17344.018,16469.943,2,20.0,67,8,0,0.0,4,0,4,,0,0,0,0,0,0,,0,0,-43.3616,-23.00291,-43.323134,-22.998125,0,75,15689,BARRA 2,0,0,0,0,0,True,,,,,,,116,1
CMT799,LDS 799/37794,LDS,10386051,SETD CAMPO MARTE,10401480,46,13.2,3304557,5.112,20897.836,19786.899,8,1625.0,71,2,1,75.0,7,0,7,,0,0,0,0,0,0,,0,0,-43.219107,-22.902956,-43.199094,-22.894331,0,73,15047,CAMPO MARTE AEREO,0,0,0,0,0,True,,,,,,,190,1
MKZ1781,LDS 1781/LRA SACADURA,LDS,10386114,SETD MACKENZIE,10401595,46,13.2,3304557,2.638,563.861,492.203,4,487.5,67,1,1,50.0,5,0,5,,0,0,0,0,0,0,,0,0,-43.191853,-22.901762,-43.186188,-22.893378,0,68,15008,MACKENZIE,0,0,0,0,0,True,,,,,,,366,1
MKZ9030,LDS 9030,LDS,10386114,SETD MACKENZIE,10401550,46,13.2,3304557,3.195,1041.547,690.747,16,6820.0,67,0,0,0.0,8,0,8,,1,1,1,0,0,1,MKZ9280,0,0,-43.187461,-22.905734,-43.175893,-22.900096,0,67,15008,MACKENZIE,0,0,0,0,0,True,,,,,,,376,1
SLZ2260,LDS 2260,LDS,10386069,SETD SANTA LUZIA,10401535,46,13.2,3304557,3.738,4715.073,3086.763,14,6400.0,56,0,0,0.0,7,0,7,,0,0,0,0,0,0,,0,0,-43.175034,-22.912492,-43.168249,-22.905106,0,56,15016,SANTA LUZIA,0,0,0,0,0,True,,,,,,,579,1
CLG0010,LDS 1405,LDS,1249,SETD COLEGIO,1248349,46,13.2,3304557,7.201,19892.959,18624.262,13,2330.0,31,23,4,494.393,15,2,13,,1,1,1,0,0,1,CLG0001,0,0,-43.342454,-22.844483,-43.333064,-22.826335,0,54,15021,COLEGIO AEREO,0,0,0,0,0,True,,,,,,,137,1
SAT2358,LDS 2358,LDS,10385970,SETD SANTO ANTONIO,10401415,46,13.2,3304557,2.539,2227.863,74.973,3,1010.0,53,0,0,0.0,4,0,4,,5,5,5,0,0,1,SAT9523,0,0,-43.183642,-22.917177,-43.176133,-22.908403,0,53,15083,SANTO ANTONIO SUBTERRANEO,0,0,0,0,0,True,,,,,,,518,1
SAT2645,LDS 2645,LDS,10385970,SETD SANTO ANTONIO,10401415,46,13.2,3304557,2.284,4769.11,4363.891,4,1020.0,51,0,0,0.0,2,0,2,,5,5,5,0,0,1,SAT9523,0,0,-43.183421,-22.917443,-43.177524,-22.908413,0,51,15083,SANTO ANTONIO SUBTERRANEO,0,0,0,0,0,True,,,,,,,528,1
MKZ9577,LDS 9577,LDS,10386114,SETD MACKENZIE,10401550,46,13.2,3304557,3.044,1115.886,821.877,14,6800.0,46,0,0,0.0,4,0,4,,0,0,0,0,0,0,,0,0,-43.186104,-22.903178,-43.176272,-22.899148,0,46,15008,MACKENZIE,0,0,0,0,0,True,,,,,,,382,1
ITP0001,LDA OLIMPICA,LDA,10385988,SETD ITAPEBA,22328959,46,13.2,3304557,3.932,1197.57,278.404,8,2980.0,43,0,0,0.0,13,0,13,,0,0,0,0,0,0,,0,0,-43.431201,-22.999118,-43.416828,-22.983815,0,43,16903,GARDENIA,0,0,0,0,0,True,,,,,,,304,1
CMR1217,LDS 1217,LDS,10386015,SETD CAMERINO,10401560,46,13.2,3304557,1.83,5337.602,5217.819,1,10.0,35,3,0,0.0,2,0,2,,0,0,0,0,0,0,,0,0,-43.191565,-22.904852,-43.18386,-22.901065,0,38,15065,CAMERINO SUBTERRANEO,0,0,0,0,0,True,,,,,,,143,1
CMR1103,LDS 1103,LDS,10386015,SETD CAMERINO,10401475,46,13.2,3304557,0.864,44413.674,44195.983,5,50.0,35,0,0,0.0,6,0,6,,0,0,0,0,0,0,,0,0,-43.18789,-22.902753,-43.185655,-22.901055,0,35,15008,MACKENZIE,0,0,0,0,0,True,,,,,,,141,1
CMR2642,LDS 2642,LDS,10386015,SETD CAMERINO,10401455,46,13.2,3304557,2.099,932.34,683.297,8,3020.0,34,0,0,0.0,5,0,5,,0,0,0,0,0,0,,0,0,-43.186551,-22.903797,-43.178139,-22.90108,0,34,15065,CAMERINO SUBTERRANEO,0,0,0,0,0,True,,,,,,,162,1
CAM00022,LDA DAPRATA,LDA,18520488,SETD CAMARA,18915100,46,13.2,3304557,3.542,19956.146,19076.9,1,300.0,19,14,0,0.0,9,0,9,,0,0,0,0,0,0,,0,0,-43.483334,-22.88851,-43.466218,-22.876822,0,33,14991,CAMARA,0,0,0,0,0,True,,,,,,,125,1
CMR0005,LDS 38662,LDS,10386015,SETD CAMERINO,10401445,46,13.2,3304557,1.655,546.33,490.596,4,600.0,28,0,1,4.69,3,0,3,,0,0,0,0,0,0,,0,0,-43.186295,-22.906274,-43.178727,-22.901216,0,28,15049,FREI CANECA AEREO,0,0,0,0,0,True,,,,,,,140,1
BPD1949,LDS 1949,LDS,10385961,SETD BAEPENDI,10401435,46,13.2,3304557,1.951,4305.456,4048.869,1,10.0,24,3,1,3.0,4,0,4,,1,1,1,0,0,1,BPD34707,0,0,-43.185601,-22.938651,-43.180501,-22.931761,0,27,15063,BAEPENDI SUBTERRANEO,0,0,0,0,0,True,,,,,,,82,1
ITP38335,LDA ILHAPURA,LDA,10385988,SETD ITAPEBA,22328959,46,13.2,3304557,4.773,826.289,277.156,7,3500.0,27,0,0,0.0,13,0,13,,0,0,0,0,0,0,,0,0,-43.43128,-22.999121,-43.413007,-22.984083,0,27,16903,GARDENIA,0,0,0,0,0,True,,,,,,,305,1
CMR0004,LDS 24111,LDS,10386015,SETD CAMERINO,10401365,46,13.2,3304557,1.803,681.254,136.71,6,1530.0,25,0,0,0.0,6,0,6,,0,0,0,0,0,0,,0,0,-43.186157,-22.903427,-43.178692,-22.900188,0,25,15008,MACKENZIE,0,0,0,0,0,True,,,,,,,139,1
SAT1303,LDS 1303/LDS 1168,LDS,10385970,SETD SANTO ANTONIO,10401405,46,13.2,3304557,5.013,27963.854,27711.197,0,0.0,0,25,0,0.0,2,0,2,,4,4,4,0,0,1,SAT9523,0,0,-43.184146,-22.91226,-43.175927,-22.906177,0,25,15083,SANTO ANTONIO SUBTERRANEO,0,0,0,0,0,True,,,,,,,508,1
SMT37336,LDS 37336,LDS,10385997,SETD SAMARITANO,10401340,46,13.2,3304557,1.35,5514.159,5046.36,3,30.0,24,1,0,0.0,3,0,3,,1,0,1,0,0,1,SMT0001,0,0,-43.187741,-22.945662,-43.179412,-22.941315,0,25,15076,SAMARITANO SUBTERRANEO,0,0,0,0,0,True,,,,,,,603,1
LBN9580,LDS 9580,LDS,55813421,SETD LEBLON,55816392,46,13.2,3304557,1.597,1204.762,986.657,6,2800.0,24,0,0,0.0,4,0,4,,0,0,0,0,0,0,,0,0,-43.220641,-22.98657,-43.216551,-22.982267,0,24,14992,LEBLON,0,0,0,0,0,True,,,,,,,345,1
BRR34407,LDS 34407,LDS,345834478,SETD BARRA 2,345834664,46,13.2,3304557,6.095,19552.579,18751.281,3,1500.0,19,3,1,75.0,5,0,5,,0,0,0,0,0,0,,0,0,-43.360772,-23.002672,-43.324428,-22.998022,0,22,15004,ALVORADA,0,0,0,0,0,True,,,,,,,117,1
FND24238,LDS 24238 / LRA VERMELHA,LDS,1222,SETD FUNDAO,1248184,46,13.2,3304557,5.055,10079.032,9565.769,3,270.0,17,2,0,0.0,10,1,9,,0,0,0,0,0,0,,0,0,-43.241421,-22.856661,-43.230303,-22.838761,0,19,15061,PEDRO ERNESTO AEREO,0,0,0,0,0,True,,,,,,,262,1
LBN37717,LDS 37717,LDS,55813421,SETD LEBLON,55816451,46,13.2,3304557,1.039,4229.199,4187.967,1,500.0,16,3,0,0.0,4,0,4,,0,0,0,0,0,0,,0,0,-43.219278,-22.982481,-43.21817,-22.976676,0,19,15071,JARDIM BOTANICO AEREO,0,0,0,0,0,True,,,,,,,343,1
CMR1188,LDS 1188,LDS,10386015,SETD CAMERINO,10401560,46,13.2,3304557,2.045,3912.715,3845.139,1,300.0,12,3,0,0.0,4,0,4,,0,0,0,0,0,0,,0,0,-43.192819,-22.907474,-43.185639,-22.901067,0,15,15065,CAMERINO SUBTERRANEO,0,0,0,0,0,True,,,,,,,142,1
SLZ1362,LDS 1362,LDS,10386069,SETD SANTA LUZIA,10401530,46,13.2,3304557,3.543,4200.985,3171.178,3,1100.0,11,3,1,73.0,7,0,7,,0,0,0,0,0,0,,0,0,-43.17419,-22.910338,-43.167603,-22.90419,0,14,15016,SANTA LUZIA,0,0,0,0,0,True,,,,,,,574,1
SAT30622,LDS 30622/LDS 4855,LDS,10385970,SETD SANTO ANTONIO,10401420,46,13.2,3304557,3.555,2197.442,2096.558,1,10.0,11,2,0,0.0,4,0,4,,4,4,4,0,0,2,SAT9523;SLZ00001,0,0,-43.183483,-22.913746,-43.173089,-22.906319,0,13,15016,SANTA LUZIA,0,0,0,0,0,True,,,,,,,537,1
LBN00010,LDS 36310,LDS,55813421,SETD LEBLON,55816392,46,13.2,3304557,0.769,14445.342,14396.463,0,0.0,0,10,0,0.0,2,0,2,,0,0,0,0,0,0,,0,0,-43.219356,-22.983754,-43.215584,-22.982266,0,10,14992,LEBLON,0,0,0,0,0,True,,,,,,,320,1
SAT2752,LDS 2752,LDS,10385970,SETD SANTO ANTONIO,10401415,46,13.2,3304557,2.113,2115.882,1702.775,4,530.0,10,0,0,0.0,3,0,3,,5,5,5,0,0,1,SAT9523,0,0,-43.183418,-22.915135,-43.176138,-22.908413,0,10,15083,SANTO ANTONIO SUBTERRANEO,0,0,0,0,0,True,,,,,,,531,1
GDL29714,LDA GUASHOPPING,LDA,1258,SETD GUADALUPE,1248344,46,13.2,3304557,1.136,6046.419,5873.965,0,0.0,0,9,0,0.0,4,1,3,,0,0,0,0,0,0,,0,0,-43.372916,-22.842552,-43.369593,-22.835801,0,9,15036,GUADALUPE AEREO,0,0,0,0,0,True,,,,,,,267,1
CHR011,LDA PARQUE,LDA,18520758,SETD CACHAMORRA,18915215,46,13.2,3304557,1.247,22027.794,21681.776,0,0.0,0,8,0,0.0,4,0,4,,0,0,0,0,0,0,,0,0,-43.575046,-22.928859,-43.568277,-22.923881,0,8,15011,CACHAMORRA,0,0,0,0,0,True,,,,,,,136,1
SAT1481,LDS 1481,LDS,10385970,SETD SANTO ANTONIO,10401425,46,13.2,3304557,3.744,2516.222,2216.107,2,40.0,5,3,0,0.0,2,0,2,,4,4,4,0,0,1,SAT9523,0,0,-43.182961,-22.912768,-43.171874,-22.901839,0,8,15083,SANTO ANTONIO SUBTERRANEO,0,0,0,0,0,True,,,,,,,510,1
BRR30647,LDS 30647,LDS,345834478,SETD BARRA 2,345834621,46,13.2,3304557,1.332,8319.279,8227.982,0,0.0,0,7,0,0.0,1,0,1,,0,0,0,0,0,0,,0,0,-43.32754,-23.002908,-43.322233,-22.998209,0,7,15689,BARRA 2,0,0,0,0,0,True,,,,,,,114,1
CMR24116,LDS 24116,LDS,10386015,SETD CAMERINO,10401560,46,13.2,3304557,3.868,1608.277,1551.645,0,0.0,0,7,0,0.0,3,0,3,,0,0,0,0,0,0,,0,0,-43.186482,-22.906758,-43.174278,-22.90089,0,7,15065,CAMERINO SUBTERRANEO,0,0,0,0,0,True,,,,,,,154,1
CMR4027,LDS 4027,LDS,10386015,SETD CAMERINO,10401445,46,13.2,3304557,3.522,9812.081,9566.103,0,0.0,0,7,0,0.0,7,0,7,,0,0,0,0,0,0,,0,0,-43.188041,-22.90197,-43.180699,-22.89462,0,7,15065,CAMERINO SUBTERRANEO,0,0,0,0,0,True,,,,,,,175,1
JDB3770,LDS 24159/LDS 1666,LDS,10385880,SETD JARDIM BOTANICO,10401255,46,13.2,3304557,6.976,18817.572,18622.93,0,0.0,0,7,0,0.0,7,0,7,,0,0,0,0,0,0,,0,0,-43.226036,-22.976223,-43.204464,-22.959612,0,7,15071,JARDIM BOTANICO AEREO,0,0,0,0,0,True,,,,,,,312,1
MKZ24815,LDS 24815,LDS,10386114,SETD MACKENZIE,10401595,46,13.2,3304557,3.66,9969.643,9617.23,1,300.0,2,5,0,0.0,6,0,6,,0,0,0,0,0,0,,0,0,-43.187805,-22.9018,-43.179589,-22.894417,0,7,15008,MACKENZIE,0,0,0,0,0,True,,,,,,,372,1
SAT1162,LDS 1162/LDS 4895,LDS,10385970,SETD SANTO ANTONIO,10401420,46,13.2,3304557,4.565,4930.675,4791.292,1,10.0,1,6,0,0.0,8,0,8,,5,5,5,0,0,1,SAT9523,0,0,-43.187154,-22.915069,-43.180253,-22.907388,0,7,15083,SANTO ANTONIO SUBTERRANEO,0,0,0,0,0,True,,,,,,,505,1
AVD30678,LDS 30678,LDS,10385943,SETD ALVORADA,10401310,46,13.2,3304557,3.702,15690.395,15363.962,0,0.0,0,6,0,0.0,2,0,2,,0,0,0,0,0,0,,0,0,-43.377842,-22.999829,-43.365308,-22.98334,0,6,15004,ALVORADA,0,0,0,0,0,True,,,,,,,46,1
BRR37480,LDS 37480/LDS 37481,LDS,345834478,SETD BARRA 2,345834815,46,13.2,3304557,7.591,38004.55,37170.902,0,0.0,0,6,0,0.0,2,0,2,,0,0,0,0,0,0,,0,0,-43.357709,-23.001525,-43.324483,-22.9981,0,6,15689,BARRA 2,0,0,0,0,0,True,,,,,,,124,1
CMR24555,LDS 24555,LDS,10386015,SETD CAMERINO,10401560,46,13.2,3304557,2.742,3128.327,3093.448,0,0.0,0,6,0,0.0,6,0,6,,0,0,0,0,0,0,,0,0,-43.189768,-22.901311,-43.185225,-22.893429,0,6,15065,CAMERINO SUBTERRANEO,0,0,0,0,0,True,,,,,,,159,1
FCN4266,LDS 4266,LDS,10386105,SETD FREI CANECA,10401570,46,13.2,3304557,2.485,16225.218,16046.551,0,0.0,0,6,0,0.0,4,0,4,,0,0,0,0,0,0,,0,0,-43.204861,-22.915163,-43.197529,-22.90919,0,6,15049,FREI CANECA AEREO,0,0,0,0,0,True,,,,,,,245,1
FND24227,LDS 24227/LRA AMARELA,LDS,1222,SETD FUNDAO,1248409,46,13.2,3304557,7.674,4961.199,3700.928,5,420.0,2,4,0,0.0,7,1,6,,0,0,0,0,0,0,,0,0,-43.241427,-22.865858,-43.225054,-22.838611,0,6,15061,PEDRO ERNESTO AEREO,0,0,0,0,0,True,,,,,,,261,1
SAT24570,LDS 24570/36613,LDS,10385970,SETD SANTO ANTONIO,10401420,46,13.2,3304557,2.447,846.758,635.57,1,500.0,2,4,0,0.0,5,0,5,,5,5,5,0,0,1,SAT9523,0,0,-43.185855,-22.913565,-43.180394,-22.908227,0,6,15083,SANTO ANTONIO SUBTERRANEO,0,0,0,0,0,True,,,,,,,524,1
SLZ36062,LDS 36062,LDS,10386069,SETD SANTA LUZIA,10401520,46,13.2,3304557,3.072,16687.809,16455.924,0,0.0,0,6,1,225.0,4,0,4,,1,1,1,0,0,1,SLZ00001,0,0,-43.176313,-22.910944,-43.171509,-22.901182,0,6,15016,SANTA LUZIA,0,0,0,0,0,True,,,,,,,589,1
SLZ4659,LDS 4659,LDS,10386069,SETD SANTA LUZIA,10401535,46,13.2,3304557,5.961,18741.189,18503.133,0,0.0,0,6,0,0.0,9,0,9,,0,0,0,0,0,0,,0,0,-43.176805,-22.924845,-43.160674,-22.908276,0,6,15016,SANTA LUZIA,0,0,0,0,0,True,,,,,,,591,1
VGE70162,LDA ITAPERA,LDA,1267,SETD VIGARIO GERAL,1248324,46,13.2,3304557,3.965,9380.123,8881.775,0,0.0,0,6,0,0.0,4,0,4,,0,0,0,0,0,0,,0,0,-43.322182,-22.827809,-43.310557,-22.811881,0,6,15062,VIGARIO GERAL AEREO,0,0,0,0,0,True,,,,,,,624,1
BFG3385,LDS 24194/LDS 24033,LDS,10385934,SETD BOTAFOGO,10401300,46,13.2,3304557,1.788,6897.23,6405.713,0,0.0,0,5,0,0.0,1,0,1,,0,0,0,0,0,0,,0,0,-43.181697,-22.956828,-43.176073,-22.954958,0,5,15064,BOTAFOGO SUBTERRANEO,0,0,0,0,0,True,,,,,,,72,1
BRR37122,LDS 37122,LDS,345834478,SETD BARRA 2,345834621,46,13.2,3304557,3.384,17460.726,17118.712,0,0.0,0,5,0,0.0,2,0,2,,0,0,0,0,0,0,,0,0,-43.351726,-23.001519,-43.324647,-22.998104,0,5,15689,BARRA 2,0,0,0,0,0,True,,,,,,,122,1
CBI00003,LDA MIRACEMA,LDA,1141,SETD CACHAMBI,1248124,46,13.2,3304557,2.566,20314.725,18884.388,0,0.0,0,5,0,0.0,26,2,24,,2,0,2,0,0,5,CBI00001;CBI00002;CBI24854;CBI24896;CBI33810,0,0,-43.27525,-22.889546,-43.270477,-22.877372,0,5,15027,CACHAMBI AEREO,0,0,0,0,0,True,,,,,,,128,1
FND0002,LDS 70468,LDS,1222,SETD FUNDAO,1248184,46,13.2,3304557,8.451,6883.447,6353.871,0,0.0,0,5,0,0.0,10,0,10,,0,0,0,0,0,0,,0,0,-43.241267,-22.869803,-43.214369,-22.838458,0,5,15061,PEDRO ERNESTO AEREO,0,0,0,0,0,True,,,,,,,259,1
SAT4187,LDS 4187,LDS,10385970,SETD SANTO ANTONIO,10401405,46,13.2,3304557,3.743,4621.019,3201.044,1,300.0,1,4,0,0.0,7,0,7,,5,5,5,0,0,1,SAT9523,0,0,-43.192975,-22.910737,-43.182715,-22.902651,0,5,15083,SANTO ANTONIO SUBTERRANEO,0,0,0,0,0,True,,,,,,,543,1
SAT4780,LDS 4780,LDS,10385970,SETD SANTO ANTONIO,10401420,46,13.2,3304557,2.484,10139.882,9257.693,0,0.0,0,5,0,0.0,6,0,6,,5,5,5,0,0,1,SAT9523,0,0,-43.190797,-22.909984,-43.182491,-22.906695,0,5,15083,SANTO ANTONIO SUBTERRANEO,0,0,0,0,0,True,,,,,,,544,1
SMT30735,LDS 30735,LDS,10385997,SETD SAMARITANO,10401340,46,13.2,3304557,1.439,9850.009,9707.893,0,0.0,0,5,0,0.0,2,0,2,,1,0,1,0,0,1,SMT0001,0,0,-43.187576,-22.947908,-43.183607,-22.943469,0,5,15076,SAMARITANO SUBTERRANEO,0,0,0,0,0,True,,,,,,,601,1
BPD1088,LDS 1088,LDS,10385961,SETD BAEPENDI,10401435,46,13.2,3304557,3.498,9729.045,9619.883,0,0.0,0,4,0,0.0,6,0,6,,1,1,1,0,0,1,BPD34707,0,0,-43.181075,-22.943266,-43.174789,-22.932682,0,4,15063,BAEPENDI SUBTERRANEO,0,0,0,0,0,True,,,,,,,78,1
DMC954,LDA JORDAO,LDA,1168,SETD DEMOCRATICOS,1248154,46,13.2,3304557,2.172,19225.787,18313.904,0,0.0,0,4,0,0.0,8,0,8,,0,0,0,0,0,0,,0,0,-43.272475,-22.880117,-43.257764,-22.875577,0,4,15056,DEMOCRATICOS AEREO,0,0,0,0,0,True,,,,,,,221,1
FCN29118,LDS 29118,LDS,10386105,SETD FREI CANECA,10401570,46,13.2,3304557,0.48,153.737,126.524,2,600.0,4,0,0,0.0,40,0,40,,1,1,1,0,0,1,FCN604,0,0,-43.198678,-22.915831,-43.196554,-22.914521,0,4,15049,FREI CANECA AEREO,0,0,0,0,0,True,,,,,,,240,1
FND33432,LDS 33432/LDS 1692,LDS,1222,SETD FUNDAO,1248409,46,13.2,3304557,4.788,17662.825,16899.809,0,0.0,0,4,0,0.0,6,0,6,,0,0,0,0,0,0,,0,0,-43.241428,-22.856684,-43.230302,-22.838591,0,4,15061,PEDRO ERNESTO AEREO,0,0,0,0,0,True,,,,,,,263,1
GVD24973,LDS 24973,LDS,1213,SETD GOVERNADOR,1248164,46,13.2,3304557,0.394,7761.412,7632.263,0,0.0,0,4,0,0.0,2,0,2,,1,1,1,0,0,1,GVD29899,0,0,-43.202392,-22.804365,-43.201391,-22.802169,0,4,15040,GOVERNADOR AEREO,0,0,0,0,0,True,,,,,,,282,1
LBN00060,LDS 4541,LDS,55813421,SETD LEBLON,55816451,46,13.2,3304557,2.926,3653.845,3625.691,0,0.0,0,4,0,0.0,4,0,4,,0,0,0,0,0,0,,0,0,-43.220154,-22.986511,-43.209239,-22.97988,0,4,14992,LEBLON,0,0,0,0,0,True,,,,,,,335,1
LPD30184,LDS 30184,LDS,10386033,SETD LEOPOLDO,10401470,46,13.2,3304557,1.699,10355.692,10191.93,0,0.0,0,4,0,0.0,9,0,9,,0,0,0,0,0,0,,0,0,-43.255167,-22.931632,-43.24951,-22.92009,0,4,15030,LEOPOLDO AEREO,0,0,0,0,0,True,,,,,,,362,1
RCP1058,LDS 1058,LDS,10386006,SETD RIO COMPRIDO,10401350,46,13.2,3304557,4.68,8753.554,8552.221,0,0.0,0,4,0,0.0,4,0,4,,0,0,0,0,0,0,,0,0,-43.222489,-22.930057,-43.209119,-22.918901,0,4,15058,RIO COMPRIDO AEREO,0,0,0,0,0,True,,,,,,,488,1
SAT30499,LDS 30499,LDS,10385970,SETD SANTO ANTONIO,10401420,46,13.2,3304557,0.236,1972.859,1902.892,0,0.0,0,4,0,0.0,2,0,2,,5,5,5,0,0,1,SAT9523,0,0,-43.182961,-22.908629,-43.18206,-22.907647,0,4,15083,SANTO ANTONIO SUBTERRANEO,0,0,0,0,0,True,,,,,,,535,1
BFG1190,LDS 1190,LDS,10385934,SETD BOTAFOGO,10401295,46,13.2,3304557,2.876,2573.005,2495.158,0,0.0,0,3,0,0.0,5,0,5,,0,0,0,0,0,0,,0,0,-43.183205,-22.955319,-43.176686,-22.948773,0,3,15064,BOTAFOGO SUBTERRANEO,0,0,0,0,0,True,,,,,,,58,1
BFG24146,LDS 24146,LDS,10385934,SETD BOTAFOGO,10401300,46,13.2,3304557,3.217,4781.661,4589.643,0,0.0,0,3,0,0.0,4,0,4,,0,0,0,0,0,0,,0,0,-43.185023,-22.955292,-43.180628,-22.943624,0,3,15064,BOTAFOGO SUBTERRANEO,0,0,0,0,0,True,,,,,,,64,1
BFG24659,LDS 24659,LDS,10385934,SETD BOTAFOGO,10401300,46,13.2,3304557,1.873,1340.861,1230.43,0,0.0,0,3,0,0.0,4,0,4,,0,0,0,0,0,0,,0,0,-43.182122,-22.955134,-43.175154,-22.95044,0,3,15064,BOTAFOGO SUBTERRANEO,0,0,0,0,0,True,,,,,,,67,1
CMR1340,LDS 1340,LDS,10386015,SETD CAMERINO,10401560,46,13.2,3304557,1.396,5467.298,5443.071,0,0.0,0,3,0,0.0,1,0,1,,0,0,0,0,0,0,,0,0,-43.186224,-22.901833,-43.17879,-22.898429,0,3,15065,CAMERINO SUBTERRANEO,0,0,0,0,0,True,,,,,,,145,1
CMR24600,LDS 24600,LDS,10386015,SETD CAMERINO,10401365,46,13.2,3304557,1.797,1240.672,1185.315,1,150.0,1,2,0,0.0,3,0,3,,1,1,1,0,0,1,CMR9663,0,0,-43.196084,-22.90123,-43.185877,-22.896072,0,3,15065,CAMERINO SUBTERRANEO,0,0,0,0,0,True,,,,,,,160,1
CMR30588,LDS 30588,LDS,10386015,SETD CAMERINO,10401560,46,13.2,3304557,2.14,2646.288,2599.349,0,0.0,0,3,0,0.0,2,0,2,,1,0,1,0,0,1,CMR9663,0,0,-43.186364,-22.902295,-43.179298,-22.896103,0,3,15065,CAMERINO SUBTERRANEO,0,0,0,0,0,True,,,,,,,169,1
CMR4265,LDS 4265,LDS,10386015,SETD CAMERINO,10401560,46,13.2,3304557,3.524,3083.91,3052.46,0,0.0,0,3,0,0.0,2,0,2,,0,0,0,0,0,0,,0,0,-43.186368,-22.903093,-43.178698,-22.898503,0,3,15065,CAMERINO SUBTERRANEO,0,0,0,0,0,True,,,,,,,176,1
FCN4279,LDS 4279,LDS,10386105,SETD FREI CANECA,10401575,46,13.2,3304557,1.455,263.823,117.319,0,0.0,0,3,0,0.0,3,0,3,,0,0,0,0,0,0,,0,0,-43.206078,-22.91469,-43.198291,-22.910137,0,3,15049,FREI CANECA AEREO,0,0,0,0,0,True,,,,,,,246,1
FND4410,LDS 4410\LDS 70363,LDS,1222,SETD FUNDAO,1248184,46,13.2,3304557,9.25,19974.853,19093.486,0,0.0,0,3,0,0.0,4,0,4,,0,0,0,0,0,0,,0,0,-43.24142,-22.862678,-43.216158,-22.838754,0,3,15061,PEDRO ERNESTO AEREO,0,0,0,0,0,True,,,,,,,264,1
MKZ1044,LDS 1044,LDS,10386114,SETD MACKENZIE,10401595,46,13.2,3304557,2.393,5555.709,5420.418,1,300.0,1,2,0,0.0,5,0,5,,0,0,0,0,0,0,,0,0,-43.194881,-22.901766,-43.186177,-22.892647,0,3,15008,MACKENZIE,0,0,0,0,0,True,,,,,,,364,1
MKZ24043,LDS 24043,LDS,10386114,SETD MACKENZIE,10401595,46,13.2,3304557,3.094,4443.51,4372.554,0,0.0,0,3,0,0.0,2,0,2,,0,0,0,0,0,0,,0,0,-43.186477,-22.906752,-43.174514,-22.900885,0,3,15008,MACKENZIE,0,0,0,0,0,True,,,,,,,369,1
SAT4056,LDS 4056,LDS,10385970,SETD SANTO ANTONIO,10401420,46,13.2,3304557,2.613,3792.65,3564.316,0,0.0,0,3,0,0.0,2,0,2,,5,5,5,0,0,1,SAT9523,0,0,-43.18375,-22.913003,-43.175926,-22.907604,0,3,15083,SANTO ANTONIO SUBTERRANEO,0,0,0,0,0,True,,,,,,,542,1
ALC3315,LDA PAULA,LDA,10385889,SETD ALDEIA CAMPISTA,341720876,46,13.2,3304557,2.397,15184.645,14992.432,0,0.0,0,2,0,0.0,4,0,4,,0,0,0,0,0,0,,0,0,-43.238318,-22.919713,-43.223361,-22.913266,0,2,15033,ALDEIA CAMPISTA,0,0,0,0,0,True,,,,,,,33,1
ALC36349,LDS 36349,LDS,10385889,SETD ALDEIA CAMPISTA,341720876,46,13.2,3304557,3.324,8498.821,8076.936,0,0.0,0,2,1,1732.484,3,0,3,,0,0,0,0,0,0,,0,0,-43.238471,-22.917208,-43.227426,-22.912741,0,2,15033,ALDEIA CAMPISTA,0,0,0,0,0,True,,,,,,,35,1
BPD4928,LDS 4928,LDS,10385961,SETD BAEPENDI,10401435,46,13.2,3304557,3.325,2797.663,2552.469,0,0.0,0,2,0,0.0,2,0,2,,2,2,2,0,0,1,BPD34707,0,0,-43.18105,-22.933252,-43.169507,-22.920347,0,2,15063,BAEPENDI SUBTERRANEO,0,0,0,0,0,True,,,,,,,90,1
BPN325,LSS 325/CASBRANCO,LSS,1159,SETD BRAS DE PINA,1248219,67,25.0,3304557,2.387,17833.987,17519.491,0,0.0,0,2,0,0.0,32,3,29,,1,0,1,0,0,1,BPN20131,0,0,-43.284048,-22.826267,-43.2753,-22.818435,0,2,15017,BRAS DE PINA,0,0,0,0,0,True,,,,,,,100,1
CMR3648,LDS 4083/LDS 4100,LDS,10386015,SETD CAMERINO,10401455,46,13.2,3304557,1.845,33238.542,32834.438,0,0.0,0,2,0,0.0,2,0,2,,0,0,0,0,0,0,,0,0,-43.188988,-22.901918,-43.185653,-22.896301,0,2,15065,CAMERINO SUBTERRANEO,0,0,0,0,0,True,,,,,,,173,1
CUR0004,LDS 61702,LDS,10386042,SETD CURICICA,676429630,46,13.2,3304557,7.028,320.744,304.875,1,150.0,1,1,0,0.0,17,0,17,,0,0,0,0,0,0,,0,0,-43.397266,-22.972336,-43.37993,-22.958443,0,2,16901,CURICICA AEREO,0,0,0,0,0,True,,,,,,,217,1
FCN24132,LDS 24132/SAMBODROMO,LDS,10386105,SETD FREI CANECA,10401570,46,13.2,3304557,1.221,2841.301,2818.179,0,0.0,0,2,0,0.0,2,0,2,,0,0,0,0,0,0,,0,0,-43.200095,-22.914703,-43.197013,-22.907917,0,2,15049,FREI CANECA AEREO,0,0,0,0,0,True,,,,,,,237,1
FCN4863,LDS 4863,LDS,10386105,SETD FREI CANECA,10401570,46,13.2,3304557,2.518,6437.712,6378.213,0,0.0,0,2,0,0.0,3,0,3,,0,0,0,0,0,0,,0,0,-43.204862,-22.915163,-43.197527,-22.90925,0,2,15049,FREI CANECA AEREO,0,0,0,0,0,True,,,,,,,248,1
GDL0008,LDA ROSA,LDA,1258,SETD GUADALUPE,1248344,46,13.2,3304557,6.186,1770.39,1736.725,0,0.0,0,2,0,0.0,22,0,22,,0,0,0,0,0,0,,0,0,-43.398389,-22.849626,-43.370752,-22.831429,0,2,15036,GUADALUPE AEREO,0,0,0,0,0,True,,,,,,,266,1
GDN0007,LDS 61140,LDS,457474244,SETD GARDENIA,457474381,46,13.2,3304557,1.791,12313.245,12010.912,0,0.0,0,2,0,0.0,3,0,3,,0,0,0,0,0,0,,0,0,-43.381236,-22.972195,-43.375181,-22.96764,0,2,16901,CURICICA AEREO,0,0,0,0,0,True,,,,,,,273,1
JDB3063,LDS 4682/1755,LDS,10385880,SETD JARDIM BOTANICO,10401245,46,13.2,3304557,6.608,4404.941,4256.481,0,0.0,0,2,1,120.0,3,0,3,,0,0,0,0,0,0,,0,0,-43.228754,-22.987371,-43.204466,-22.959603,0,2,15071,JARDIM BOTANICO AEREO,0,0,0,0,0,True,,,,,,,310,1
LBN00044,LDS 35054,LDS,55813421,SETD LEBLON,55816451,46,13.2,3304557,5.739,952.07,942.232,0,0.0,0,2,0,0.0,5,0,5,,0,0,0,0,0,0,,0,0,-43.220296,-22.987718,-43.191611,-22.981742,0,2,14992,LEBLON,0,0,0,0,0,True,,,,,,,332,1
MKZ4920,LDS 4920,LDS,10386114,SETD MACKENZIE,10401595,46,13.2,3304557,3.73,2008.994,1953.521,0,0.0,0,2,0,0.0,3,0,3,,0,0,0,0,0,0,,0,0,-43.186481,-22.906753,-43.177343,-22.896944,0,2,15008,MACKENZIE,0,0,0,0,0,True,,,,,,,375,1
SAT1232,LDS 1232/LDS 1309,LDS,10385970,SETD SANTO ANTONIO,10401405,46,13.2,3304557,2.14,5855.154,5779.995,0,0.0,0,2,0,0.0,1,0,1,,4,4,4,0,0,1,SAT9523,0,0,-43.182959,-22.908524,-43.176525,-22.906273,0,2,15083,SANTO ANTONIO SUBTERRANEO,0,0,0,0,0,True,,,,,,,506,1
SAT1382,LDS 1382,LDS,10385970,SETD SANTO ANTONIO,10401420,46,13.2,3304557,2.916,4061.451,3997.985,0,0.0,0,2,0,0.0,2,0,2,,5,5,5,0,0,1,SAT9523,0,0,-43.183636,-22.912181,-43.171868,-22.903474,0,2,15083,SANTO ANTONIO SUBTERRANEO,0,0,0,0,0,True,,,,,,,509,1
SAT36473,LDS 36473,LDS,10385970,SETD SANTO ANTONIO,10401420,46,13.2,3304557,0.667,16429.048,16282.716,0,0.0,0,2,0,0.0,1,0,1,,5,5,5,0,0,1,SAT9523,0,0,-43.18353,-22.909887,-43.181184,-22.907982,0,2,15083,SANTO ANTONIO SUBTERRANEO,0,0,0,0,0,True,,,,,,,538,1
SAT4903,LDS 4903,LDS,10385970,SETD SANTO ANTONIO,10401405,46,13.2,3304557,3.004,6805.791,6624.487,0,0.0,0,2,0,0.0,2,0,2,,5,5,5,0,0,1,SAT9523,0,0,-43.18375,-22.911826,-43.173226,-22.901864,0,2,15083,SANTO ANTONIO SUBTERRANEO,0,0,0,0,0,True,,,,,,,545,1
SLZ24716,LDS 38398,LDS,10386069,SETD SANTA LUZIA,10401520,46,13.2,3304557,2.028,14336.488,14201.719,0,0.0,0,2,0,0.0,2,0,2,,1,1,1,0,0,1,SLZ00001,0,0,-43.178566,-22.912218,-43.173193,-22.908806,0,2,15083,SANTO ANTONIO SUBTERRANEO,0,0,0,0,0,True,,,,,,,584,1
ALC3313,LDS 30237,LDS,10385889,SETD ALDEIA CAMPISTA,10401465,46,13.2,3304557,1.863,20306.089,20134.152,0,0.0,0,1,0,0.0,1,0,1,,0,0,0,0,0,0,,0,0,-43.238289,-22.923065,-43.235088,-22.917053,0,1,15033,ALDEIA CAMPISTA,0,0,0,0,0,True,,,,,,,32,1
ALC3511,LDS 4002,LDS,10385889,SETD ALDEIA CAMPISTA,10401450,46,13.2,3304557,4.783,13732.052,13161.678,0,0.0,0,1,0,0.0,1,0,1,,0,0,0,0,0,0,,0,0,-43.25037,-22.917505,-43.235263,-22.890716,0,1,15033,ALDEIA CAMPISTA,0,0,0,0,0,True,,,,,,,34,1
ALC4242,LDS 4242,LDS,10385889,SETD ALDEIA CAMPISTA,341720876,46,13.2,3304557,3.161,1021.008,896.048,0,0.0,0,1,0,0.0,2,0,2,,1,1,1,0,0,1,ALC00002,0,0,-43.241172,-22.917504,-43.235264,-22.899477,0,1,15033,ALDEIA CAMPISTA,0,0,0,0,0,True,,,,,,,36,1
AVD30722,LDS 30722,LDS,10385943,SETD ALVORADA,10401230,46,13.2,3304557,5.353,5141.682,4904.053,0,0.0,0,1,0,0.0,2,0,2,,0,0,0,0,0,0,,0,0,-43.381091,-22.999837,-43.360761,-22.98334,0,1,15004,ALVORADA,0,0,0,0,0,True,,,,,,,47,1
BAR30651,LDS 30651,LDS,10385907,SETD BARRA,10401280,46,13.2,3304557,2.049,13226.505,12764.661,0,0.0,0,1,0,0.0,1,0,1,,1,1,1,0,0,1,BAR2477,0,0,-43.331145,-23.002909,-43.322234,-22.998252,0,1,15690,BARRA SUBTERRANEO,0,0,0,0,0,True,,,,,,,53,1
BFG00001,LDS 24862,LDS,10385934,SETD BOTAFOGO,10401295,46,13.2,3304557,1.182,520.096,19.887,3,6000.0,1,0,0,0.0,5,0,5,,0,0,0,0,0,0,,0,0,-43.181747,-22.957432,-43.175364,-22.954966,0,1,15064,BOTAFOGO SUBTERRANEO,0,0,0,0,0,True,,,,,,,57,1
BFG24139,LDS 24139,LDS,10385934,SETD BOTAFOGO,10401295,46,13.2,3304557,1.702,4141.928,3975.875,0,0.0,0,1,0,0.0,1,0,1,,0,0,0,0,0,0,,0,0,-43.182758,-22.955205,-43.180676,-22.943957,0,1,15064,BOTAFOGO SUBTERRANEO,0,0,0,0,0,True,,,,,,,63,1
CAM00023,LDA DAFABRICA,LDA,18520488,SETD CAMARA,18915070,46,13.2,3304557,3.401,1655.119,1290.941,0,0.0,0,1,0,0.0,14,0,14,,0,0,0,0,0,0,,0,0,-43.483248,-22.887972,-43.468763,-22.87596,0,1,14991,CAMARA,0,0,0,0,0,True,,,,,,,126,1
CCD1288,LDS 1288,LDS,1186,SETD CASCADURA,1248259,46,13.2,3304557,0.57,29.168,0.36,3,525.0,1,0,0,0.0,1,0,1,,0,0,0,0,0,0,,0,0,-43.333773,-22.881422,-43.331773,-22.880324,0,1,15034,CASCADURA AEREO,0,0,0,0,0,True,,,,,,,131,1
CMR1228,LDS 1228,LDS,10386015,SETD CAMERINO,10401455,46,13.2,3304557,0.666,486.777,469.205,0,0.0,0,1,0,0.0,2,0,2,,0,0,0,0,0,0,,0,0,-43.186359,-22.902781,-43.18387,-22.901085,0,1,15065,CAMERINO SUBTERRANEO,0,0,0,0,0,True,,,,,,,144,1
CMR1691,LDS 1691,LDS,10386015,SETD CAMERINO,10401560,46,13.2,3304557,2.024,4800.961,4642.244,0,0.0,0,1,0,0.0,1,0,1,,0,0,0,0,0,0,,0,0,-43.186371,-22.907505,-43.177407,-22.901068,0,1,15065,CAMERINO SUBTERRANEO,0,0,0,0,0,True,,,,,,,146,1
CMR1892,LDS 1892,LDS,10386015,SETD CAMERINO,10401475,46,13.2,3304557,2.356,2027.935,1998.979,0,0.0,0,1,0,0.0,3,0,3,,0,0,0,0,0,0,,0,0,-43.19468,-22.901921,-43.185774,-22.892649,0,1,15065,CAMERINO SUBTERRANEO,0,0,0,0,0,True,,,,,,,147,1
CMR24333,LDS 24333,LDS,10386015,SETD CAMERINO,10401560,46,13.2,3304557,0.784,4455.199,4384.1,0,0.0,0,1,0,0.0,1,0,1,,1,1,1,0,0,1,CMR9663,0,0,-43.186374,-22.90343,-43.182738,-22.901063,0,1,15065,CAMERINO SUBTERRANEO,0,0,0,0,0,True,,,,,,,157,1
CMR33467,LDS 33467,LDS,10386015,SETD CAMERINO,10401445,46,13.2,3304557,0.985,2838.347,2767.977,0,0.0,0,1,0,0.0,2,0,2,,0,0,0,0,0,0,,0,0,-43.186168,-22.901838,-43.18096,-22.898224,0,1,15065,CAMERINO SUBTERRANEO,0,0,0,0,0,True,,,,,,,171,1
CMR33478,LDS 33478,LDS,10386015,SETD CAMERINO,10401365,46,13.2,3304557,0.965,5479.589,5389.978,0,0.0,0,1,0,0.0,2,0,2,,0,0,0,0,0,0,,0,0,-43.186172,-22.901841,-43.180965,-22.898218,0,1,15065,CAMERINO SUBTERRANEO,0,0,0,0,0,True,,,,,,,172,1
CMT0003,LDS 37789,LDS,10386051,SETD CAMPO MARTE,10401380,46,13.2,3304557,1.558,3649.076,3379.2,0,0.0,0,1,0,0.0,2,0,2,,0,0,0,0,0,0,,0,0,-43.218531,-22.900393,-43.208053,-22.897998,0,1,15047,CAMPO MARTE AEREO,0,0,0,0,0,True,,,,,,,186,1
CMT210,LSS 210,LSS,10386051,SETD CAMPO MARTE,144429247,67,25.0,3304557,4.034,7276.315,6345.768,0,0.0,0,1,0,0.0,9,1,8,,3,0,3,0,0,2,CMT1;CMT304,0,0,-43.218408,-22.898643,-43.20877,-22.876412,0,1,15047,CAMPO MARTE AEREO,0,0,0,0,0,True,,,,,,,187,1
CMT304,LSS 304 (CMT),LSS,10386051,SETD CAMPO MARTE,10401495,67,25.0,3304557,9.809,13634.64,11927.491,0,0.0,0,1,0,0.0,6,1,5,,3,0,3,0,0,2,CMT210;CMT288,0,0,-43.219148,-22.914772,-43.186165,-22.892902,0,1,15047,CAMPO MARTE AEREO,0,0,0,0,0,True,,,,,,,188,1
CUR33000,LDA ARAUA,LDA,10386042,SETD CURICICA,10401625,46,13.2,3304557,2.961,3214.73,2913.442,0,0.0,0,1,0,0.0,21,3,18,,1,1,1,0,0,1,CUR33311,0,5,-43.414409,-22.971626,-43.396444,-22.958152,0,1,16901,CURICICA AEREO,0,0,0,0,0,True,,,,,,,219,1
CUR33504,LDA BANDER,LDA,10386042,SETD CURICICA,10401620,46,13.2,3304557,2.803,15196.453,12881.054,0,0.0,0,1,0,0.0,3,0,3,,0,0,0,0,0,0,,0,0,-43.414195,-22.971535,-43.396446,-22.958155,0,1,16901,CURICICA AEREO,0,0,0,0,0,True,,,,,,,220,1
FCN24098,LDS 24098,LDS,10386105,SETD FREI CANECA,10401390,46,13.2,3304557,3.043,0.0,0.0,0,0.0,0,1,0,0.0,5,0,5,,0,0,0,0,0,0,,0,0,-43.203655,-22.914722,-43.193622,-22.906126,0,1,15049,FREI CANECA AEREO,0,0,0,0,0,True,,,,,,,235,1
FCN24120,LDS 24120,LDS,10386105,SETD FREI CANECA,10401575,46,13.2,3304557,1.033,3433.73,3405.591,0,0.0,0,1,0,0.0,1,0,1,,0,0,0,0,0,0,,0,0,-43.201907,-22.914576,-43.198142,-22.909843,0,1,15049,FREI CANECA AEREO,0,0,0,0,0,True,,,,,,,236,1
FCN37285,LDS 37285,LDS,10386105,SETD FREI CANECA,10401390,46,13.2,3304557,1.872,4020.348,3966.705,0,0.0,0,1,0,0.0,2,0,2,,0,0,0,0,0,0,,0,0,-43.206822,-22.914691,-43.198264,-22.909627,0,1,15049,FREI CANECA AEREO,0,0,0,0,0,True,,,,,,,243,1
FCN37288,LDS 37288,LDS,10386105,SETD FREI CANECA,10401600,46,13.2,3304557,0.991,4844.253,4775.077,0,0.0,0,1,0,0.0,3,0,3,,0,0,0,0,0,0,,0,0,-43.20174,-22.914657,-43.19827,-22.9101,0,1,15049,FREI CANECA AEREO,0,0,0,0,0,True,,,,,,,244,1
FCN4509,LDS 4509,LDS,10386105,SETD FREI CANECA,10401575,46,13.2,3304557,1.658,1194.095,1177.971,0,0.0,0,1,0,0.0,3,0,3,,0,0,0,0,0,0,,0,0,-43.206929,-22.914582,-43.198112,-22.910096,0,1,15049,FREI CANECA AEREO,0,0,0,0,0,True,,,,,,,247,1
GDN0015,LDS 61265,LDS,457474244,SETD GARDENIA,457474600,46,13.2,3304557,3.514,4559.861,4424.032,0,0.0,0,1,0,0.0,4,0,4,,1,1,1,0,0,1,GDN0001,0,0,-43.400871,-22.976092,-43.379647,-22.972076,0,1,16901,CURICICA AEREO,0,0,0,0,0,True,,,,,,,276,1
HMT4724,LDS 4724,LDS,10386096,SETD HUMAITA,10401540,46,13.2,3304557,0.829,0.0,0.0,0,0.0,0,1,0,0.0,1,0,1,,0,0,0,0,0,0,,0,0,-43.195742,-22.958621,-43.190965,-22.956086,0,1,15059,HUMAITA SUBTERRANEO,0,0,0,0,0,True,,,,,,,297,1
IMT002,LDS 30160,LDS,18520929,SETD INMETRO,18915445,46,13.2,3301702,0.245,12830.624,12683.686,0,0.0,0,1,0,0.0,5,0,5,,0,0,0,0,0,0,,0,0,-43.283971,-22.590341,-43.283173,-22.589904,0,1,14997,INMETRO,0,0,0,0,0,True,,,,,,,299,1
JDB4713,LDS 4713,LDS,10385880,SETD JARDIM BOTANICO,10401255,46,13.2,3304557,2.835,11276.264,10974.966,0,0.0,0,1,0,0.0,6,1,5,,1,0,1,0,0,1,JDB4727,0,0,-43.23313,-22.977996,-43.217584,-22.963159,0,1,15071,JARDIM BOTANICO AEREO,0,0,0,0,0,True,,,,,,,314,1
LPD24293,LDS 24293,LDS,10386033,SETD LEOPOLDO,10401470,46,13.2,3304557,1.603,0.0,0.0,0,0.0,0,1,0,0.0,1,0,1,,0,0,0,0,0,0,,0,0,-43.255154,-22.931778,-43.249516,-22.920633,0,1,15030,LEOPOLDO AEREO,0,0,0,0,0,True,,,,,,,360,1
LPD24338,LDS 24338,LDS,10386033,SETD LEOPOLDO,10401470,46,13.2,3304557,0.59,5474.942,5287.428,0,0.0,0,1,0,0.0,2,0,2,,0,0,0,0,0,0,,0,0,-43.255147,-22.931771,-43.251973,-22.9277,0,1,15030,LEOPOLDO AEREO,0,0,0,0,0,True,,,,,,,361,1
MKZ0001,LDS 38528,LDS,10386114,SETD MACKENZIE,10401595,46,13.2,3304557,0.894,6501.752,6454.262,0,0.0,0,1,0,0.0,16,0,16,,0,0,0,0,0,0,,0,0,-43.191927,-22.90223,-43.185985,-22.899692,0,1,15065,CAMERINO SUBTERRANEO,0,0,0,0,0,True,,,,,,,363,1
MKZ1251,LDS 1251,LDS,10386114,SETD MACKENZIE,10401595,46,13.2,3304557,0.96,12523.718,12438.225,0,0.0,0,1,0,0.0,1,0,1,,0,0,0,0,0,0,,0,0,-43.188988,-22.901785,-43.186126,-22.896297,0,1,15008,MACKENZIE,0,0,0,0,0,True,,,,,,,365,1
NIG021,LDS 4307,LDS,18519976,SETD NOVA IGUACU,18915355,46,13.2,3303500,0.286,3403.818,3338.619,0,0.0,0,1,0,0.0,2,0,2,,0,0,0,0,0,0,,0,0,-43.446548,-22.75848,-43.445639,-22.757348,0,1,15692,NOVA IGUACU,0,0,0,0,0,True,,,,,,,404,1
OLP0028,LDS MARIA LENK-N,LDS,535612098,SETD OLIMPICA,535613016,46,13.2,3304557,1.285,0.0,0.0,0,0.0,0,1,0,0.0,2,0,2,,0,0,0,0,0,0,,0,0,-43.39696,-22.976401,-43.388684,-22.974144,0,1,16901,CURICICA AEREO,0,0,0,0,0,True,,,,,,,434,1
OLP0029,LDS HSBC ARENA-N,LDS,535612098,SETD OLIMPICA,535613016,46,13.2,3304557,1.268,0.0,0.0,0,0.0,0,1,0,0.0,2,0,2,,0,0,0,0,0,0,,0,0,-43.397582,-22.976439,-43.389348,-22.974396,0,1,16901,CURICICA AEREO,0,0,0,0,0,True,,,,,,,435,1
SAT0001,LDS 36596,LDS,10385970,SETD SANTO ANTONIO,10401405,46,13.2,3304557,0.77,24867.807,24435.724,0,0.0,0,1,0,0.0,6,0,6,,10,9,10,0,0,1,SAT9523,0,0,-43.185856,-22.911164,-43.18247,-22.908234,0,1,15083,SANTO ANTONIO SUBTERRANEO,0,0,0,0,0,True,,,,,,,503,1
SAT1246,LDS 1246,LDS,10385970,SETD SANTO ANTONIO,10401420,46,13.2,3304557,0.588,5652.27,5606.76,0,0.0,0,1,0,0.0,1,0,1,,5,5,5,0,0,1,SAT9523,0,0,-43.182898,-22.909599,-43.179708,-22.907582,0,1,15083,SANTO ANTONIO SUBTERRANEO,0,0,0,0,0,True,,,,,,,507,1
SAT1580,LDS 1580,LDS,10385970,SETD SANTO ANTONIO,10401405,46,13.2,3304557,1.359,1726.515,1713.251,0,0.0,0,1,0,0.0,1,0,1,,5,5,5,0,0,1,SAT9523,0,0,-43.184146,-22.90852,-43.177497,-22.905674,0,1,15083,SANTO ANTONIO SUBTERRANEO,0,0,0,0,0,True,,,,,,,512,1
SAT1960,LDS 1960,LDS,10385970,SETD SANTO ANTONIO,10401405,46,13.2,3304557,0.652,5595.463,5464.305,0,0.0,0,1,0,0.0,1,0,1,,6,6,6,0,0,1,SAT9523,0,0,-43.183284,-22.908545,-43.180786,-22.907114,0,1,15083,SANTO ANTONIO SUBTERRANEO,0,0,0,0,0,True,,,,,,,515,1
SAT24163,LDS 24163,LDS,10385970,SETD SANTO ANTONIO,10401405,46,13.2,3304557,0.977,1237.978,1228.63,0,0.0,0,1,0,0.0,2,0,2,,5,4,5,0,0,1,SAT9523,0,0,-43.184129,-22.909743,-43.182656,-22.907344,0,1,15083,SANTO ANTONIO SUBTERRANEO,0,0,0,0,0,True,,,,,,,521,1
SAT38267,LDS 38267,LDS,10385970,SETD SANTO ANTONIO,10401420,46,13.2,3304557,0.513,4236.566,4192.12,0,0.0,0,1,0,0.0,2,0,2,,4,4,4,0,0,1,SAT9523,0,0,-43.182809,-22.908674,-43.181262,-22.906185,0,1,15065,CAMERINO SUBTERRANEO,0,0,0,0,0,True,,,,,,,539,1
SAT4908,LDS 4908,LDS,10385970,SETD SANTO ANTONIO,10401395,46,13.2,3304557,0.475,10862.349,10776.774,0,0.0,0,1,0,0.0,2,0,2,,3,3,3,0,0,1,SAT9523,0,0,-43.183018,-22.908583,-43.180252,-22.90754,0,1,15083,SANTO ANTONIO SUBTERRANEO,0,0,0,0,0,True,,,,,,,546,1
SCO00002,LDS 4180,LDS,10386060,SETD SAO CONRADO,10401525,46,13.2,3304557,4.413,7468.363,7247.013,0,0.0,0,1,0,0.0,2,0,2,,0,0,0,0,0,0,,0,0,-43.256806,-23.000614,-43.233458,-22.991909,0,1,15079,SAO CONRADO SUBTERRANEO,0,0,0,0,0,True,,,,,,,565,1
SLZ1941,LDS 1941,LDS,10386069,SETD SANTA LUZIA,10401520,46,13.2,3304557,1.191,2109.68,1908.638,0,0.0,0,1,0,0.0,3,0,3,,0,0,0,0,0,0,,0,0,-43.173366,-22.910336,-43.169697,-22.90747,0,1,15016,SANTA LUZIA,0,0,0,0,0,True,,,,,,,576,1
SLZ24443,LDS 24443,LDS,10386069,SETD SANTA LUZIA,10401520,46,13.2,3304557,0.612,4572.233,4492.939,0,0.0,0,1,0,0.0,1,0,1,,1,1,1,0,0,1,SLZ00001,0,0,-43.174369,-22.910429,-43.173017,-22.907286,0,1,15016,SANTA LUZIA,0,0,0,0,0,True,,,,,,,582,1
SLZ30255,LDS 30255-1/LDS 30255-2,LDS,10386069,SETD SANTA LUZIA,10401520,46,13.2,3304557,2.082,21690.129,20738.108,0,0.0,0,1,0,0.0,3,0,3,,0,0,0,0,0,0,,0,0,-43.173859,-22.910346,-43.172051,-22.904245,0,1,15016,SANTA LUZIA,0,0,0,0,0,True,,,,,,,588,1
SLZ36357,LDS 36357,LDS,10386069,SETD SANTA LUZIA,10401530,46,13.2,3304557,0.961,0.0,0.0,0,0.0,0,1,0,0.0,2,0,2,,0,0,0,0,0,0,,0,0,-43.173427,-22.910762,-43.167052,-22.909164,0,1,15016,SANTA LUZIA,0,0,0,0,0,True,,,,,,,590,1
TRG373,LSS 373,LSS,1204,SETD TRIAGEM,1248254,67,25.0,3304557,1.428,2368.198,1929.983,0,0.0,0,1,0,0.0,3,0,3,,0,0,0,0,0,0,,0,0,-43.251472,-22.89198,-43.243883,-22.887716,0,1,15024,TRIAGEM AEREO,0,0,0,0,0,True,,,,,,,618,1
VVQ0001,LDA FORGANE,LDA,1177,SETD VILA VALQUEIRE,1248229,46,13.2,3304557,3.83,11000.7,10695.469,0,0.0,0,1,0,0.0,44,4,40,,2,2,2,0,0,3,VVQ33460;VVQ9898;VVQ9968,0,6,-43.401745,-22.888065,-43.370739,-22.885152,0,1,15019,PADRE MIGUEL,0,0,0,0,0,True,,,,,,,625,1
ABR006,LDA PALADINO,LDA,18520731,SETD AREIA BRANCA,18915210,46,13.2,3300456,0.0,0.0,0.0,0,0.0,0,0,0,0.0,1,1,0,,1,1,1,0,0,2,ABR003;ABR007,0,0,,,,,0,0,,,0,0,0,0,0,True,,,,,,,27,1
AGR00007,LDA SANTALUZ,LDA,1285,SETD AGUA GRANDE,1248354,46,13.2,3304557,1.428,0.0,0.0,0,0.0,0,0,0,0.0,9,0,9,,0,0,0,0,0,0,,0,0,-43.320157,-22.82915,-43.313448,-22.823458,0,0,,,0,0,0,0,0,True,,,,,,,28,1
ALC30252,LDS 30252,LDS,10385889,SETD ALDEIA CAMPISTA,341720876,46,13.2,3304557,1.861,0.0,0.0,0,0.0,0,0,0,0.0,1,0,1,,0,0,0,0,0,0,,0,0,-43.238313,-22.923058,-43.235085,-22.91701,0,0,,,0,0,0,0,0,True,,,,,,,30,1
AVD30007,LDS 30007/LDS 30085,LDS,10385943,SETD ALVORADA,10401230,46,13.2,3304557,6.584,0.0,0.0,0,0.0,0,0,0,0.0,29,3,26,,2,2,2,0,0,6,AVD0002;AVD30081;AVD30537;AVD33291;AVD33351;AVD33395,0,9,-43.377836,-22.999838,-43.356413,-22.994483,0,0,,,0,0,0,0,0,True,,,,,,,40,1
BAR3095,LDS 34299,LDS,10385907,SETD BARRA,10401615,46,13.2,3304557,0.0,0.0,0.0,0,0.0,0,0,0,0.0,1,0,1,,0,0,0,0,0,0,,0,0,-43.325071,-22.998513,-43.32507,-22.998512,0,0,,,0,0,0,0,0,True,,,,,,,54,1
BRR37123,LDS 37123,LDS,345834478,SETD BARRA 2,345834815,46,13.2,3304557,3.373,0.0,0.0,0,0.0,0,0,0,0.0,2,0,2,,1,1,1,0,0,1,BRR0003,0,0,-43.351724,-23.001523,-43.324376,-22.998069,0,0,,,0,0,0,0,0,True,,,,,,,123,1
CCD260,LSA ITAMAR,LSA,1186,SETD CASCADURA,1248239,67,25.0,3304557,1.212,0.0,0.0,0,0.0,0,0,0,0.0,7,1,6,,0,0,0,0,0,0,,0,0,-43.333248,-22.881229,-43.330977,-22.878989,0,0,,,0,0,0,0,0,True,,,,,,,132,1
CMR24327,LDS 24327,LDS,10386015,SETD CAMERINO,10401445,46,13.2,3304557,1.674,0.0,0.0,0,0.0,0,0,0,0.0,2,0,2,,0,0,0,0,0,0,,0,0,-43.196086,-22.901299,-43.185784,-22.896068,0,0,,,0,0,0,0,0,True,,,,,,,156,1
CMR30612,LDS 30612,LDS,10386015,SETD CAMERINO,10401445,46,13.2,3304557,1.315,0.0,0.0,0,0.0,0,0,0,0.0,1,0,1,,0,0,0,0,0,0,,0,0,-43.185831,-22.902296,-43.180079,-22.896104,0,0,,,0,0,0,0,0,True,,,,,,,170,1
CMR38428,LDS 38428,LDS,10386015,SETD CAMERINO,10401365,46,13.2,3304557,2.974,0.0,0.0,0,0.0,0,0,0,0.0,33,0,33,,0,0,0,0,0,0,,0,0,-43.201934,-22.901221,-43.185882,-22.893987,0,0,,,0,0,0,0,0,True,,,,,,,174,1
CMS013,LDA MORANGA,LDA,18520839,SETD COSMOS,18915265,46,13.2,3304557,0.0,0.0,0.0,0,0.0,0,0,0,0.0,1,1,0,,1,1,1,0,0,2,CMS005;CMS012,0,0,,,,,0,0,,,0,0,0,0,0,True,,,,,,,185,1
CMT37371,LDS 37371,LDS,10386051,SETD CAMPO MARTE,10401380,46,13.2,3304557,5.98,0.0,0.0,0,0.0,0,0,0,0.0,2,0,2,,0,0,0,0,0,0,,0,0,-43.227943,-22.91307,-43.215345,-22.898908,0,0,,,0,0,0,0,0,True,,,,,,,189,1
CRM0001,LDA INTERNO-CRMTSL41,LDA,280389625,SETD CARMARI,280389951,46,13.2,3303500,0.002,0.0,0.0,0,0.0,0,0,0,0.0,19,5,14,,0,0,0,0,0,0,,0,3,-43.462883,-22.714759,-43.462875,-22.714747,0,0,,,0,0,0,0,0,True,,,,,,,214,1
CRM0002,LDA INTERNO-CRMTSL43,LDA,280389625,SETD CARMARI,280389924,46,13.2,3303500,0.001,0.0,0.0,0,0.0,0,0,0,0.0,1,0,1,,0,0,0,0,0,0,,0,0,-43.462783,-22.714731,-43.46278,-22.714724,0,0,,,0,0,0,0,0,True,,,,,,,215,1
CUR0003,LDS 60819,LDS,10386042,SETD CURICICA,10401620,46,13.2,3304557,6.889,0.0,0.0,0,0.0,0,0,0,0.0,1,0,1,,0,0,0,0,0,0,,0,0,-43.397267,-22.971879,-43.380021,-22.958212,0,0,,,0,0,0,0,0,True,,,,,,,216,1
CUR30207,LDS 30207,LDS,10386042,SETD CURICICA,676429630,46,13.2,3304557,1.081,0.0,0.0,0,0.0,0,0,0,0.0,1,0,1,,0,0,0,0,0,0,,0,0,-43.404791,-22.958512,-43.39667,-22.956525,0,0,,,0,0,0,0,0,True,,,,,,,218,1
FCN37003,LDS 37003,LDS,10386105,SETD FREI CANECA,10401390,46,13.2,3304557,0.07,0.0,0.0,0,0.0,0,0,0,0.0,2,0,2,,0,0,0,0,0,0,,0,0,-43.198322,-22.915025,-43.197998,-22.91467,0,0,,,0,0,0,0,0,True,,,,,,,241,1
FCN37007,LDS 37007,LDS,10386105,SETD FREI CANECA,10401575,46,13.2,3304557,0.099,0.0,0.0,0,0.0,0,0,0,0.0,2,0,2,,1,1,1,0,0,1,FCN604,0,0,-43.198405,-22.915026,-43.197973,-22.914544,0,0,,,0,0,0,0,0,True,,,,,,,242,1
FND0003,LDS 70406,LDS,1222,SETD FUNDAO,1248409,46,13.2,3304557,3.688,0.0,0.0,0,0.0,0,0,0,0.0,2,0,2,,0,0,0,0,0,0,,0,0,-43.241265,-22.860711,-43.230126,-22.838585,0,0,,,0,0,0,0,0,True,,,,,,,260,1
GDL00001,LDA JARDILUPE,LDA,1258,SETD GUADALUPE,1248319,46,13.2,3304557,1.233,0.0,0.0,0,0.0,0,0,0,0.0,36,3,33,,3,3,3,0,0,6,GDL00002;GDL0004;GDL0006;GDL24901;GDL24956;GDL29721,0,6,-43.373039,-22.842768,-43.369633,-22.835631,0,0,,,0,0,0,0,0,True,,,,,,,265,1
GDN0001,LDA INTERNO/GDNTSL41,LDA,457474244,SETD GARDENIA,457474381,46,13.2,3304557,0.002,0.0,0.0,0,0.0,0,0,0,0.0,27,11,16,,7,7,7,0,0,9,GDN000;GDN0005;GDN0006;GDN0008;GDN0009;GDN0011;GDN0015;GDN0017;GDN0018,0,6,-43.38018,-22.972037,-43.380166,-22.972031,0,0,,,0,0,0,0,0,True,,,,,,,269,1
GDN0002,LDA INTERNO/GDNTSL42,LDA,457474244,SETD GARDENIA,457474515,46,13.2,3304557,0.001,0.0,0.0,0,0.0,0,0,0,0.0,1,0,1,,0,0,0,0,0,0,,0,0,-43.380158,-22.972059,-43.380151,-22.972056,0,0,,,0,0,0,0,0,True,,,,,,,270,1
GDN0005,LDS 61138,LDS,457474244,SETD GARDENIA,457474515,46,13.2,3304557,0.706,0.0,0.0,0,0.0,0,0,0,0.0,2,0,2,,1,1,1,0,0,1,GDN0001,0,0,-43.381234,-22.97216,-43.379244,-22.967647,0,0,,,0,0,0,0,0,True,,,,,,,271,1
GDN0008,LDS 61259,LDS,457474244,SETD GARDENIA,457474515,46,13.2,3304557,0.996,0.0,0.0,0,0.0,0,0,0,0.0,1,0,1,,1,1,1,0,0,1,GDN0001,0,0,-43.386659,-22.973395,-43.379652,-22.971974,0,0,,,0,0,0,0,0,True,,,,,,,274,1
GDN0010,LDS 61401,LDS,457474244,SETD GARDENIA,457474515,46,13.2,3304557,0.993,0.0,0.0,0,0.0,0,0,0,0.0,1,0,1,,0,0,0,0,0,0,,0,0,-43.386653,-22.973396,-43.379648,-22.971965,0,0,,,0,0,0,0,0,True,,,,,,,275,1
GDN0021,LDS 61437,LDS,457474244,SETD GARDENIA,457474515,46,13.2,3304557,0.0,0.0,0.0,0,0.0,0,0,0,0.0,7,1,6,,1,1,1,0,0,3,GDN0006;GDN0014;GDN0020,0,0,,,,,0,0,,,0,0,0,0,0,True,,,,,,,280,1
GVD29899,LDA SANDE,LDA,1213,SETD GOVERNADOR,1248159,46,13.2,3304557,0.004,0.0,0.0,0,0.0,0,0,0,0.0,20,4,16,,4,4,4,0,0,6,FND3262;FND3462;GVD24973;GVD3849;GVD9871;GVD9937,0,3,-43.202426,-22.804331,-43.202334,-22.804274,0,0,,,0,0,0,0,0,True,,,,,,,283,1
GVD29916,LDA JEQUI,LDA,1213,SETD GOVERNADOR,1248159,46,13.2,3304557,0.0,0.0,0.0,0,0.0,0,0,0,0.0,1,1,0,,1,1,1,0,0,2,FND3262;FND3462,0,0,,,,,0,0,,,0,0,0,0,0,True,,,,,,,284,1
GVD9802,LDA PRAIEIRA,LDA,1213,SETD GOVERNADOR,1248159,46,13.2,3304557,0.0,0.0,0.0,0,0.0,0,0,0,0.0,1,1,0,,1,1,1,0,0,2,FND3262;FND3462,0,0,,,,,0,0,,,0,0,0,0,0,True,,,,,,,285,1
GVD9862,LDA MARACAJA,LDA,1213,SETD GOVERNADOR,1248159,46,13.2,3304557,0.0,0.0,0.0,0,0.0,0,0,0,0.0,1,1,0,,1,1,1,0,0,2,FND3747;GVD9937,0,0,,,,,0,0,,,0,0,0,0,0,True,,,,,,,286,1
GVD9878,LDA VISCONDE,LDA,1213,SETD GOVERNADOR,1248404,46,13.2,3304557,0.0,0.0,0.0,0,0.0,0,0,0,0.0,1,1,0,,1,1,1,0,0,2,FND3462;GVD9871,0,0,,,,,0,0,,,0,0,0,0,0,True,,,,,,,287,1
GVD9883,LDA AEROPORTO,LDA,1213,SETD GOVERNADOR,1248164,46,13.2,3304557,0.0,0.0,0.0,0,0.0,0,0,0,0.0,1,1,0,,1,1,1,0,0,2,FND3262;GVD9937,0,0,,,,,0,0,,,0,0,0,0,0,True,,,,,,,288,1
GVD9999,LDA PERDIGAO,LDA,1213,SETD GOVERNADOR,1248164,46,13.2,3304557,0.0,0.0,0.0,0,0.0,0,0,0,0.0,1,1,0,,1,1,1,0,0,2,FND3262;GVD9937,0,0,,,,,0,0,,,0,0,0,0,0,True,,,,,,,289,1
IMT001,LDS 30127,LDS,18520929,SETD INMETRO,18915450,46,13.2,3301702,0.227,0.0,0.0,0,0.0,0,0,0,0.0,13,2,11,,0,0,0,0,0,0,,0,2,-43.283974,-22.590342,-43.283189,-22.589913,0,0,,,0,0,0,0,0,True,,,,,,,298,1
INF0001,LSA INTERNO/TSL 52,LSA,449886789,SETD INFLUENCIA,449887083,67,25.0,3301207,0.001,0.0,0.0,0,0.0,0,0,0,0.0,1,0,1,,0,0,0,0,0,0,,0,0,-42.653596,-21.875739,-42.653587,-21.875736,0,0,,,0,0,0,0,0,True,,,,,,,300,1
INF0002,LSA INTERNO/TSL 51,LSA,449886789,SETD INFLUENCIA,449887035,67,25.0,3301207,0.002,0.0,0.0,0,0.0,0,0,0,0.0,5,0,5,,0,0,0,0,0,0,,0,0,-42.653618,-21.875651,-42.653604,-21.875647,0,0,,,0,0,0,0,0,True,,,,,,,301,1
ITG0001,LDA INTERNO-ITG42,LDA,310129856,SETD ITAGUAI,310130783,46,13.2,3302007,0.001,0.0,0.0,0,0.0,0,0,0,0.0,24,2,22,,0,0,0,0,0,0,,0,2,-43.761387,-22.882777,-43.761382,-22.882771,0,0,,,0,0,0,0,0,True,,,,,,,302,1
ITG0002,LDA INTERNO-ITG41,LDA,310129856,SETD ITAGUAI,310131071,46,13.2,3302007,0.001,0.0,0.0,0,0.0,0,0,0,0.0,1,0,1,,0,0,0,0,0,0,,0,0,-43.76153,-22.882634,-43.761522,-22.882626,0,0,,,0,0,0,0,0,True,,,,,,,303,1
LBN00014,LDS 36405,LDS,55813421,SETD LEBLON,55816451,46,13.2,3304557,0.857,0.0,0.0,0,0.0,0,0,0,0.0,3,0,3,,0,0,0,0,0,0,,0,0,-43.219305,-22.983753,-43.21558,-22.982186,0,0,,,0,0,0,0,0,True,,,,,,,324,1
LBN00062,LDS 4016,LDS,55813421,SETD LEBLON,55816451,46,13.2,3304557,2.96,0.0,0.0,0,0.0,0,0,0,0.0,3,0,3,,0,0,0,0,0,0,,0,0,-43.219884,-22.986513,-43.207116,-22.981304,0,0,,,0,0,0,0,0,True,,,,,,,337,1
LPD24070,LDS 24070,LDS,10386033,SETD LEOPOLDO,10401385,46,13.2,3304557,3.092,0.0,0.0,0,0.0,0,0,0,0.0,5,0,5,,3,1,3,0,0,1,LPD29027,0,0,-43.255274,-22.931727,-43.249511,-22.920627,0,0,,,0,0,0,0,0,True,,,,,,,358,1
LPD24126,LDS 24126,LDS,10386033,SETD LEOPOLDO,10401385,46,13.2,3304557,1.727,0.0,0.0,0,0.0,0,0,0,0.0,2,0,2,,0,0,0,0,0,0,,0,0,-43.255149,-22.931605,-43.249514,-22.920095,0,0,,,0,0,0,0,0,True,,,,,,,359,1
MKZ1808,LDS 1808,LDS,10386114,SETD MACKENZIE,10401595,46,13.2,3304557,1.893,0.0,0.0,0,0.0,0,0,0,0.0,1,0,1,,0,0,0,0,0,0,,0,0,-43.18804,-22.901769,-43.181044,-22.894622,0,0,,,0,0,0,0,0,True,,,,,,,367,1
MKZ24780,LDS 24780,LDS,10386114,SETD MACKENZIE,10401595,46,13.2,3304557,0.41,0.0,0.0,0,0.0,0,0,0,0.0,2,0,2,,0,0,0,0,0,0,,0,0,-43.187421,-22.902749,-43.185689,-22.901649,0,0,,,0,0,0,0,0,True,,,,,,,371,1
MKZ3788,LDS 4066/4058,LDS,10386114,SETD MACKENZIE,10401595,46,13.2,3304557,0.708,0.0,0.0,0,0.0,0,0,0,0.0,2,0,2,,0,0,0,0,0,0,,0,0,-43.188367,-22.901786,-43.186115,-22.900354,0,0,,,0,0,0,0,0,True,,,,,,,373,1
MKZ38552,LDS 38552,LDS,10386114,SETD MACKENZIE,10401550,46,13.2,3304557,0.967,0.0,0.0,0,0.0,0,0,0,0.0,1,0,1,,1,1,1,0,0,1,MKZ9280,0,0,-43.191918,-22.902235,-43.185889,-22.899687,0,0,,,0,0,0,0,0,True,,,,,,,374,1
MRP00001,LDA INTERNOMRPTSL43,LDA,224567922,SETD MARAPICU,224567995,46,13.2,3303500,0.001,0.0,0.0,0,0.0,0,0,0,0.0,1,0,1,,0,0,0,0,0,0,,0,0,-43.594404,-22.815905,-43.594396,-22.815896,0,0,,,0,0,0,0,0,True,,,,,,,394,1
MRP00002,LDA INTERNOMRPTSL41,LDA,224567922,SETD MARAPICU,224567984,46,13.2,3303500,0.001,0.0,0.0,0,0.0,0,0,0,0.0,20,5,15,,0,0,0,0,0,0,,0,3,-43.594312,-22.815973,-43.594305,-22.815965,0,0,,,0,0,0,0,0,True,,,,,,,395,1
NIGTA23,TRAFO DE ATERRAMENTO - TA21,TRAFO,18519976,SETD NOVA IGUACU,18915395,67,25.0,3303500,0.005,0.0,0.0,0,0.0,0,0,0,0.0,2,0,2,,1,0,1,0,0,1,NIG0004,0,0,-43.44562,-22.758963,-43.445603,-22.758939,0,0,,,0,0,0,0,0,True,,,,,,,406,1
OLP0001,LDA INTERNO-OLPTSL42,LDA,535612098,SETD OLIMPICA,535613016,46,13.2,3304557,0.062,0.0,0.0,0,0.0,0,0,0,0.0,20,3,17,,0,0,0,0,0,0,,0,6,-43.397081,-22.975669,-43.39663,-22.97563,0,0,,,0,0,0,0,0,True,,,,,,,407,1
OLP0002,LDA INTERNO- OLPTSL41,LDA,535612098,SETD OLIMPICA,535613128,46,13.2,3304557,0.068,0.0,0.0,0,0.0,0,0,0,0.0,2,0,2,,0,0,0,0,0,0,,0,0,-43.397082,-22.975762,-43.396624,-22.975668,0,0,,,0,0,0,0,0,True,,,,,,,408,1
OLP0003,LDS MVMO-N,LDS,535612098,SETD OLIMPICA,535613128,46,13.2,3304557,0.575,0.0,0.0,0,0.0,0,0,0,0.0,1,0,1,,0,0,0,0,0,0,,0,0,-43.399171,-22.976044,-43.397126,-22.973653,0,0,,,0,0,0,0,0,True,,,,,,,409,1
OLP0004,LDS MVH-N,LDS,535612098,SETD OLIMPICA,535613016,46,13.2,3304557,0.352,0.0,0.0,0,0.0,0,0,0,0.0,1,0,1,,0,0,0,0,0,0,,0,0,-43.399139,-22.976441,-43.397128,-22.975689,0,0,,,0,0,0,0,0,True,,,,,,,410,1
OLP0005,LDS MVML-N,LDS,535612098,SETD OLIMPICA,535613016,46,13.2,3304557,0.415,0.0,0.0,0,0.0,0,0,0,0.0,1,0,1,,0,0,0,0,0,0,,0,0,-43.397762,-22.976045,-43.396999,-22.973667,0,0,,,0,0,0,0,0,True,,,,,,,411,1
OLP0006,LDS MVBL-N,LDS,535612098,SETD OLIMPICA,535612644,46,13.2,3304557,0.13,0.0,0.0,0,0.0,0,0,0,0.0,1,0,1,,0,0,0,0,0,0,,0,0,-43.397713,-22.976144,-43.397132,-22.975596,0,0,,,0,0,0,0,0,True,,,,,,,412,1
OLP0007,LDS MVBO-N,LDS,535612098,SETD OLIMPICA,535612644,46,13.2,3304557,0.354,0.0,0.0,0,0.0,0,0,0,0.0,1,0,1,,0,0,0,0,0,0,,0,0,-43.399054,-22.976447,-43.397005,-22.975595,0,0,,,0,0,0,0,0,True,,,,,,,413,1
OLP0008,LDS ARENATENIS-N,LDS,535612098,SETD OLIMPICA,535612644,46,13.2,3304557,0.89,0.0,0.0,0,0.0,0,0,0,0.0,2,0,2,,0,0,0,0,0,0,,0,0,-43.397416,-22.976423,-43.39352,-22.974402,0,0,,,0,0,0,0,0,True,,,,,,,414,1
OLP0009,LDS ARENACARIOCA1-N,LDS,535612098,SETD OLIMPICA,535613128,46,13.2,3304557,1.144,0.0,0.0,0,0.0,0,0,0,0.0,2,0,2,,0,0,0,0,0,0,,0,0,-43.397576,-22.979649,-43.39125,-22.97578,0,0,,,0,0,0,0,0,True,,,,,,,415,1
OLP0010,LDS ARENACARIOCA2-N,LDS,535612098,SETD OLIMPICA,535613016,46,13.2,3304557,1.074,0.0,0.0,0,0.0,0,0,0,0.0,1,0,1,,0,0,0,0,0,0,,0,0,-43.39757,-22.979652,-43.391245,-22.97569,0,0,,,0,0,0,0,0,True,,,,,,,416,1
OLP0011,LDS ARENACARIOCA3-N,LDS,535612098,SETD OLIMPICA,535612644,46,13.2,3304557,1.21,0.0,0.0,0,0.0,0,0,0,0.0,2,0,2,,0,0,0,0,0,0,,0,0,-43.397578,-22.979654,-43.391242,-22.975596,0,0,,,0,0,0,0,0,True,,,,,,,417,1
OLP0012,LDS MPC-N,LDS,535612098,SETD OLIMPICA,535613128,46,13.2,3304557,0.703,0.0,0.0,0,0.0,0,0,0,0.0,1,0,1,,0,0,0,0,0,0,,0,0,-43.399911,-22.976449,-43.396958,-22.973558,0,0,,,0,0,0,0,0,True,,,,,,,418,1
OLP0013,LDS HANDBALL-N,LDS,535612098,SETD OLIMPICA,535613128,46,13.2,3304557,1.186,0.0,0.0,0,0.0,0,0,0,0.0,2,0,2,,0,0,0,0,0,0,,0,0,-43.397422,-22.979922,-43.391251,-22.975778,0,0,,,0,0,0,0,0,True,,,,,,,419,1
OLP0014,LDS VELODROMO-N,LDS,535612098,SETD OLIMPICA,535612644,46,13.2,3304557,1.194,0.0,0.0,0,0.0,0,0,0,0.0,2,0,2,,0,0,0,0,0,0,,0,0,-43.397575,-22.976432,-43.391015,-22.974403,0,0,,,0,0,0,0,0,True,,,,,,,420,1
OLP0015,LDS CENTROAQUATICO-N,LDS,535612098,SETD OLIMPICA,535613128,46,13.2,3304557,0.823,0.0,0.0,0,0.0,0,0,0,0.0,2,0,2,,0,0,0,0,0,0,,0,0,-43.397421,-22.979742,-43.394533,-22.975779,0,0,,,0,0,0,0,0,True,,,,,,,421,1
OLP0016,LDS MVBO-R,LDS,535612098,SETD OLIMPICA,535613016,46,13.2,3304557,0.913,0.0,0.0,0,0.0,0,0,0,0.0,1,0,1,,0,0,0,0,0,0,,0,0,-43.399181,-22.976451,-43.39694,-22.97366,0,0,,,0,0,0,0,0,True,,,,,,,422,1
OLP0017,LDS MVBL-R,LDS,535612098,SETD OLIMPICA,535613128,46,13.2,3304557,0.107,0.0,0.0,0,0.0,0,0,0,0.0,1,0,1,,0,0,0,0,0,0,,0,0,-43.3977,-22.976092,-43.397018,-22.975778,0,0,,,0,0,0,0,0,True,,,,,,,423,1
OLP0018,LDS MVML-R,LDS,535612098,SETD OLIMPICA,535612644,46,13.2,3304557,0.849,0.0,0.0,0,0.0,0,0,0,0.0,1,0,1,,0,0,0,0,0,0,,0,0,-43.399177,-22.976444,-43.396965,-22.973659,0,0,,,0,0,0,0,0,True,,,,,,,424,1
OLP0019,LDS DOMINIO COMUM 2,LDS,535612098,SETD OLIMPICA,535613016,46,13.2,3304557,0.158,0.0,0.0,0,0.0,0,0,0,0.0,2,0,2,,0,0,0,0,0,0,,0,0,-43.397262,-22.976047,-43.396437,-22.975688,0,0,,,0,0,0,0,0,True,,,,,,,425,1
OLP0020,LDS MVMO-R,LDS,535612098,SETD OLIMPICA,535613016,46,13.2,3304557,0.662,0.0,0.0,0,0.0,0,0,0,0.0,1,0,1,,0,0,0,0,0,0,,0,0,-43.399183,-22.97645,-43.397167,-22.973666,0,0,,,0,0,0,0,0,True,,,,,,,426,1
OLP0021,LDS MVH-R,LDS,535612098,SETD OLIMPICA,535612644,46,13.2,3304557,0.372,0.0,0.0,0,0.0,0,0,0,0.0,1,0,1,,0,0,0,0,0,0,,0,0,-43.39914,-22.97644,-43.397024,-22.975595,0,0,,,0,0,0,0,0,True,,,,,,,427,1
OLP0022,LDS DOMINIO COMUM 1,LDS,535612098,SETD OLIMPICA,535612644,46,13.2,3304557,0.179,0.0,0.0,0,0.0,0,0,0,0.0,2,0,2,,0,0,0,0,0,0,,0,0,-43.397317,-22.97605,-43.396599,-22.975594,0,0,,,0,0,0,0,0,True,,,,,,,428,1
OLP0023,LDS MPC-R,LDS,535612098,SETD OLIMPICA,535612644,46,13.2,3304557,0.576,0.0,0.0,0,0.0,0,0,0,0.0,1,0,1,,0,0,0,0,0,0,,0,0,-43.399284,-22.97605,-43.396985,-22.973562,0,0,,,0,0,0,0,0,True,,,,,,,429,1
OLP0024,LDS DOMINIO COMUM 3,LDS,535612098,SETD OLIMPICA,535613128,46,13.2,3304557,0.19,0.0,0.0,0,0.0,0,0,0,0.0,2,0,2,,0,0,0,0,0,0,,0,0,-43.397255,-22.976074,-43.396258,-22.975777,0,0,,,0,0,0,0,0,True,,,,,,,430,1
OLP0025,LDS VELODROMO-R,LDS,535612098,SETD OLIMPICA,535613016,46,13.2,3304557,1.254,0.0,0.0,0,0.0,0,0,0,0.0,2,0,2,,0,0,0,0,0,0,,0,0,-43.397417,-22.976417,-43.391013,-22.974204,0,0,,,0,0,0,0,0,True,,,,,,,431,1
OLP0026,LDS CENTROAQUATICO-R,LDS,535612098,SETD OLIMPICA,535613016,46,13.2,3304557,0.742,0.0,0.0,0,0.0,0,0,0,0.0,2,0,2,,0,0,0,0,0,0,,0,0,-43.397568,-22.979716,-43.395579,-22.975687,0,0,,,0,0,0,0,0,True,,,,,,,432,1
OLP0027,LDS HANDBALL-R,LDS,535612098,SETD OLIMPICA,535612644,46,13.2,3304557,0.922,0.0,0.0,0,0.0,0,0,0,0.0,2,0,2,,0,0,0,0,0,0,,0,0,-43.397573,-22.979917,-43.392236,-22.975597,0,0,,,0,0,0,0,0,True,,,,,,,433,1
OLP0031,LDS HSBC ARENA-R,LDS,535612098,SETD OLIMPICA,535613128,46,13.2,3304557,1.393,0.0,0.0,0,0.0,0,0,0,0.0,2,0,2,,0,0,0,0,0,0,,0,0,-43.39742,-22.976429,-43.389001,-22.974143,0,0,,,0,0,0,0,0,True,,,,,,,436,1
OLP0034,LDS ARENACARIOCA2-R,LDS,535612098,SETD OLIMPICA,535613128,46,13.2,3304557,1.066,0.0,0.0,0,0.0,0,0,0,0.0,1,0,1,,0,0,0,0,0,0,,0,0,-43.397419,-22.97946,-43.39224,-22.97578,0,0,,,0,0,0,0,0,True,,,,,,,437,1
OLP0035,LDS ARENACARIOCA3-R,LDS,535612098,SETD OLIMPICA,535613016,46,13.2,3304557,1.189,0.0,0.0,0,0.0,0,0,0,0.0,2,0,2,,0,0,0,0,0,0,,0,0,-43.39698,-22.979457,-43.391247,-22.975686,0,0,,,0,0,0,0,0,True,,,,,,,438,1
OLP0038,LDS ARENACARIOCA1-R,LDS,535612098,SETD OLIMPICA,535612644,46,13.2,3304557,1.113,0.0,0.0,0,0.0,0,0,0,0.0,2,0,2,,0,0,0,0,0,0,,0,0,-43.397113,-22.979462,-43.391494,-22.975596,0,0,,,0,0,0,0,0,True,,,,,,,439,1
OLP0039,LDS MARIA LENK-R,LDS,535612098,SETD OLIMPICA,535613128,46,13.2,3304557,1.29,0.0,0.0,0,0.0,0,0,0,0.0,2,0,2,,0,0,0,0,0,0,,0,0,-43.397416,-22.976426,-43.388697,-22.974367,0,0,,,0,0,0,0,0,True,,,,,,,440,1
OLP61359,LDS ARENATENIS-R,LDS,535612098,SETD OLIMPICA,535613128,46,13.2,3304557,0.981,0.0,0.0,0,0.0,0,0,0,0.0,4,0,4,,0,0,0,0,0,0,,0,0,-43.397414,-22.976422,-43.393227,-22.974214,0,0,,,0,0,0,0,0,True,,,,,,,441,1
PCI0001,LDA INTERNO/PCITSL41,LDA,450101398,SETD PACIENCIA,450101974,46,13.2,3304557,0.001,0.0,0.0,0,0.0,0,0,0,0.0,19,6,13,,0,0,0,0,0,0,,0,4,-43.636454,-22.935301,-43.636445,-22.935297,0,0,,,0,0,0,0,0,True,,,,,,,442,1
PCI0002,LDA INTERNO/PCITSL42,LDA,450101398,SETD PACIENCIA,450102116,46,13.2,3304557,0.001,0.0,0.0,0,0.0,0,0,0,0.0,1,0,1,,0,0,0,0,0,0,,0,0,-43.636433,-22.935256,-43.636429,-22.935254,0,0,,,0,0,0,0,0,True,,,,,,,443,1
PDD33096,LDA NORCENTER,LDA,1231,SETD PIEDADE,1248194,46,13.2,3304557,3.97,0.0,0.0,0,0.0,0,0,0,0.0,7,0,7,,0,0,0,0,0,0,,0,0,-43.308143,-22.892314,-43.282919,-22.88388,0,0,,,0,0,0,0,0,True,,,,,,,444,1
PDG00003,LSA INTERNO/PDGTA21,LSA,10385916,SETD PORTA DAGUA,10401275,67,25.0,3304557,0.006,0.0,0.0,0,0.0,0,0,0,0.0,3,1,2,,0,0,0,0,0,0,,0,0,-43.331734,-22.938481,-43.331716,-22.93845,0,0,,,0,0,0,0,0,True,,,,,,,445,1
PDG29004,LDA ZOASTRO - R,LDA,10385916,SETD PORTA DAGUA,10401270,46,13.2,3304557,0.0,0.0,0.0,0,0.0,0,0,0,0.0,1,1,0,,1,1,1,0,0,3,PDG0005;PDG33647;PDG33670,0,0,,,,,0,0,,,0,0,0,0,0,True,,,,,,,446,1
PDG33304,LDA QUITITE - R,LDA,10385916,SETD PORTA DAGUA,10401210,46,13.2,3304557,0.0,0.0,0.0,0,0.0,0,0,0,0.0,1,1,0,,1,1,1,0,0,4,PDG0006;PDG29015;PDG29820;PDG33662,0,0,,,,,0,0,,,0,0,0,0,0,True,,,,,,,447,1
PTS24202,LDS 24202,LDS,10386087,SETD POSTO SEIS,10401515,46,13.2,3304557,0.001,0.0,0.0,0,0.0,0,0,0,0.0,1,0,1,,0,0,0,0,0,0,,0,0,-43.192867,-22.987774,-43.192863,-22.987762,0,0,,,0,0,0,0,0,True,,,,,,,449,1
PTS3073,LDS 37415/LDS 37410,LDS,10386087,SETD POSTO SEIS,10401555,46,13.2,3304557,4.139,0.0,0.0,0,0.0,0,0,0,0.0,2,0,2,,0,0,0,0,0,0,,0,0,-43.193196,-22.987971,-43.188744,-22.977515,0,0,,,0,0,0,0,0,True,,,,,,,450,1
PTS3709,LDS 37359/LDS 37400,LDS,10386087,SETD POSTO SEIS,10401590,46,13.2,3304557,4.08,0.0,0.0,0,0.0,0,0,0,0.0,2,0,2,,1,1,1,0,0,1,PTS0001,0,0,-43.1932,-22.98783,-43.188743,-22.977516,0,0,,,0,0,0,0,0,True,,,,,,,452,1
PTS9297,LDS 9297,LDS,10386087,SETD POSTO SEIS,10401555,46,13.2,3304557,0.095,0.0,0.0,0,0.0,0,0,0,0.0,1,0,1,,4,4,4,0,0,1,PTS0001,0,0,-43.193135,-22.987936,-43.19277,-22.987585,0,0,,,0,0,0,0,0,True,,,,,,,467,1
PTS9578,LDS 9578,LDS,10386087,SETD POSTO SEIS,10401555,46,13.2,3304557,0.09,0.0,0.0,0,0.0,0,0,0,0.0,1,0,1,,4,4,4,0,0,1,PTS0001,0,0,-43.193133,-22.987929,-43.192774,-22.987594,0,0,,,0,0,0,0,0,True,,,,,,,475,1
PTS9605,LDS 9605,LDS,10386087,SETD POSTO SEIS,10401555,46,13.2,3304557,0.087,0.0,0.0,0,0.0,0,0,0,0.0,1,0,1,,3,3,3,0,0,1,PTS0001,0,0,-43.193132,-22.987925,-43.192776,-22.987598,0,0,,,0,0,0,0,0,True,,,,,,,476,1
PTS9706,LDS 9706,LDS,10386087,SETD POSTO SEIS,10401555,46,13.2,3304557,0.084,0.0,0.0,0,0.0,0,0,0,0.0,1,0,1,,4,4,4,0,0,1,PTS0001,0,0,-43.193131,-22.987921,-43.19278,-22.987603,0,0,,,0,0,0,0,0,True,,,,,,,479,1
RAM33290,LDA TAMBAU,LDA,1132,SETD RAMOS,1248109,46,13.2,3304557,0.002,0.0,0.0,0,0.0,0,0,0,0.0,4,1,3,,1,1,1,0,0,3,PER70299;RAM33284;RAM33377,0,0,-43.253215,-22.85524,-43.253116,-22.855063,0,0,,,0,0,0,0,0,True,,,,,,,484,1
RAM33333,LDA BRASIL,LDA,1132,SETD RAMOS,1248104,46,13.2,3304557,0.4,0.0,0.0,0,0.0,0,0,0,0.0,2,1,1,,0,0,0,0,0,0,,0,0,-43.255551,-22.855203,-43.253045,-22.853655,0,0,,,0,0,0,0,0,True,,,,,,,485,1
RAM33341,LDA ADAIL,LDA,1132,SETD RAMOS,1248104,46,13.2,3304557,0.0,0.0,0.0,0,0.0,0,0,0,0.0,1,1,0,,1,1,1,0,0,3,PER29478;RAM33297;RAM33354,0,0,,,,,0,0,,,0,0,0,0,0,True,,,,,,,486,1
RAM33366,LDA ZALUAR,LDA,1132,SETD RAMOS,1248109,46,13.2,3304557,0.0,0.0,0.0,0,0.0,0,0,0,0.0,1,1,0,,1,1,1,0,0,2,PER29500;RAM33284,0,0,,,,,0,0,,,0,0,0,0,0,True,,,,,,,487,1
REC0010,LDA INTERNO/RECTSL41,LDA,132097219,SETD RECREIO,132098319,46,13.2,3304557,0.002,0.0,0.0,0,0.0,0,0,0,0.0,1,0,1,,0,0,0,0,0,0,,0,0,-43.467849,-23.011595,-43.467845,-23.011582,0,0,,,0,0,0,0,0,True,,,,,,,496,1
REC0011,LDA INTERNO/RECTSL42,LDA,132097219,SETD RECREIO,132023773,46,13.2,3304557,0.001,0.0,0.0,0,0.0,0,0,0,0.0,1,0,1,,0,0,0,0,0,0,,0,0,-43.468014,-23.011636,-43.468011,-23.011626,0,0,,,0,0,0,0,0,True,,,,,,,497,1
REC37997,LDS 37997,LDS,132097219,SETD RECREIO,132098328,46,13.2,3304557,3.17,0.0,0.0,0,0.0,0,0,0,0.0,3,1,2,,3,0,3,0,0,2,REC00002;REC6,0,0,-43.489692,-23.020617,-43.467634,-23.010801,0,0,,,0,0,0,0,0,True,,,,,,,499,1
REC3909,LDA NOVAES,LDA,132097219,SETD RECREIO,132023773,46,13.2,3304557,0.877,0.0,0.0,0,0.0,0,0,0,0.0,14,1,13,,2,0,2,0,0,2,REC00004;REC0016,0,0,-43.468783,-23.011914,-43.464538,-23.010811,0,0,,,0,0,0,0,0,True,,,,,,,500,1
RFR001,LSA COLIBRI,LSA,18520767,SETD ROCHA FREIRE,18915425,67,25.0,3303500,0.359,0.0,0.0,0,0.0,0,0,0,0.0,13,1,12,,1,0,1,0,0,1,RFR002,0,2,-43.471375,-22.692435,-43.470092,-22.691907,0,0,,,0,0,0,0,0,True,,,,,,,501,1
RFR003,LSA AZULAO,LSA,18520767,SETD ROCHA FREIRE,18915425,67,25.0,3303500,0.366,0.0,0.0,0,0.0,0,0,0,0.0,2,0,2,,2,0,2,0,0,2,RFR002;RFR005,0,0,-43.471374,-22.692419,-43.470428,-22.691785,0,0,,,0,0,0,0,0,True,,,,,,,502,1
SAT1062,LDS 1062,LDS,10385970,SETD SANTO ANTONIO,10401420,46,13.2,3304557,0.643,0.0,0.0,0,0.0,0,0,0,0.0,1,0,1,,5,5,5,0,0,1,SAT9523,0,0,-43.183169,-22.909593,-43.179709,-22.907574,0,0,,,0,0,0,0,0,True,,,,,,,504,1
SAT1489,LDS 1489,LDS,10385970,SETD SANTO ANTONIO,10401415,46,13.2,3304557,0.52,0.0,0.0,0,0.0,0,0,0,0.0,1,0,1,,3,3,3,0,0,1,SAT9523,0,0,-43.183529,-22.909887,-43.181187,-22.9084,0,0,,,0,0,0,0,0,True,,,,,,,511,1
SAT1617,LDS 1617,LDS,10385970,SETD SANTO ANTONIO,10401420,46,13.2,3304557,0.63,0.0,0.0,0,0.0,0,0,0,0.0,1,0,1,,4,4,4,0,0,1,SAT9523,0,0,-43.183168,-22.909596,-43.179721,-22.907579,0,0,,,0,0,0,0,0,True,,,,,,,513,1
SAT1956,LDS 1956,LDS,10385970,SETD SANTO ANTONIO,10401405,46,13.2,3304557,0.905,0.0,0.0,0,0.0,0,0,0,0.0,1,0,1,,5,5,5,0,0,1,SAT9523,0,0,-43.182977,-22.908547,-43.177498,-22.906274,0,0,,,0,0,0,0,0,True,,,,,,,514,1
SAT30533,LDS 30533,LDS,10385970,SETD SANTO ANTONIO,10401420,46,13.2,3304557,1.102,0.0,0.0,0,0.0,0,0,0,0.0,1,0,1,,5,5,5,0,0,1,SAT9523,0,0,-43.182952,-22.908621,-43.175307,-22.905805,0,0,,,0,0,0,0,0,True,,,,,,,536,1
SAT38272,LDS 38272,LDS,10385970,SETD SANTO ANTONIO,10401395,46,13.2,3304557,0.514,0.0,0.0,0,0.0,0,0,0,0.0,29,0,29,,4,4,4,0,0,1,SAT9523,0,0,-43.18301,-22.908583,-43.181256,-22.906184,0,0,,,0,0,0,0,0,True,,,,,,,540,1
SAT38402,LDS 38402,LDS,10385970,SETD SANTO ANTONIO,10401405,46,13.2,3304557,2.295,0.0,0.0,0,0.0,0,0,0,0.0,2,0,2,,4,4,4,0,0,1,SAT9523,0,0,-43.183482,-22.912263,-43.177965,-22.908401,0,0,,,0,0,0,0,0,True,,,,,,,541,1
SJO0003,LDA ROSASILVA,LDA,310718139,SETD SAO JOAO,310718374,46,13.2,3301702,0.0,0.0,0.0,0,0.0,0,0,0,0.0,1,1,0,,1,0,1,0,0,3,CXS024;SJO0005;SJO0013,0,0,,,,,0,0,,,0,0,0,0,0,True,,,,,,,570,1
SJO0014,LDA VILASBOAS,LDA,310718139,SETD SAO JOAO,310718374,46,13.2,3301702,0.0,0.0,0.0,0,0.0,0,0,0,0.0,1,1,0,,1,0,1,0,0,2,SJO0005;SJO0013,0,0,,,,,0,0,,,0,0,0,0,0,True,,,,,,,571,1
SLZ00001,LDS 36164,LDS,10386069,SETD SANTA LUZIA,10401520,46,13.2,3304557,1.98,0.0,0.0,0,0.0,0,0,0,0.0,32,3,29,,2,2,2,0,0,5,SAT30622;SLZ24443;SLZ24716;SLZ36062;SLZ4500,0,9,-43.182573,-22.910945,-43.173101,-22.906277,0,0,,,0,0,0,0,0,True,,,,,,,572,1
SLZ00003,LDS 30511-1/LDS 30511-2,LDS,10386069,SETD SANTA LUZIA,10401520,46,13.2,3304557,3.845,0.0,0.0,0,0.0,0,0,0,0.0,3,0,3,,0,0,0,0,0,0,,0,0,-43.18257,-22.910947,-43.172417,-22.904247,0,0,,,0,0,0,0,0,True,,,,,,,573,1
SLZ24557,LDS 24557,LDS,10386069,SETD SANTA LUZIA,10401520,46,13.2,3304557,0.0,0.0,0.0,0,0.0,0,0,0,0.0,1,0,1,,0,0,0,0,0,0,,0,0,,,,,0,0,,,0,0,0,0,0,True,,,,,,,583,1
SLZ30050,LDS 30050,LDS,10386069,SETD SANTA LUZIA,10401535,46,13.2,3304557,0.602,0.0,0.0,0,0.0,0,0,0,0.0,1,0,1,,0,0,0,0,0,0,,0,0,-43.174369,-22.910432,-43.173018,-22.907288,0,0,,,0,0,0,0,0,True,,,,,,,587,1
TRG0001,LSS 308,LSS,1204,SETD TRIAGEM,1248254,67,25.0,3304557,0.532,0.0,0.0,0,0.0,0,0,0,0.0,3,0,3,,0,0,0,0,0,0,,0,0,-43.251477,-22.891984,-43.248799,-22.889802,0,0,,,0,0,0,0,0,True,,,,,,,612,1
TRG1144,LDS 1144,LDS,1204,SETD TRIAGEM,1248244,46,13.2,3304557,1.433,0.0,0.0,0,0.0,0,0,0,0.0,3,1,2,,0,0,0,0,0,0,,0,0,-43.251437,-22.894218,-43.247841,-22.890668,0,0,,,0,0,0,0,0,True,,,,,,,613,1
TRG1429,LDS 1429,LDS,1204,SETD TRIAGEM,1248299,46,13.2,3304557,1.509,0.0,0.0,0,0.0,0,0,0,0.0,9,2,7,,1,0,1,0,0,1,TRG636,0,0,-43.250704,-22.894215,-43.247841,-22.8907,0,0,,,0,0,0,0,0,True,,,,,,,614,1
TRG20162,LSS 20162,LSS,1204,SETD TRIAGEM,1248254,67,25.0,3304557,0.0,0.0,0.0,0,0.0,0,0,0,0.0,2,1,1,,0,0,0,0,0,0,,0,0,-43.251271,-22.891185,-43.25127,-22.891184,0,0,,,0,0,0,0,0,True,,,,,,,615,1
TRG2H873,LSA VIDIO,LSA,1204,SETD TRIAGEM,1248254,67,25.0,3304557,2.423,0.0,0.0,0,0.0,0,0,0,0.0,3,0,3,,0,0,0,0,0,0,,0,0,-43.253262,-22.891982,-43.248963,-22.886441,0,0,,,0,0,0,0,0,True,,,,,,,616,1
TRG301,LSS 301,LSS,1204,SETD TRIAGEM,1248254,67,25.0,3304557,3.691,0.0,0.0,0,0.0,0,0,0,0.0,3,0,3,,0,0,0,0,0,0,,0,0,-43.266764,-22.895299,-43.250927,-22.884081,0,0,,,0,0,0,0,0,True,,,,,,,617,1
TRSTSL42,LDA INTERNO/TSL42,LDA,18520326,SETD TRES RIOS,18915150,46,13.2,3306008,0.0,0.0,0.0,0,0.0,0,0,0,0.0,9,0,9,,0,0,0,0,0,0,,0,0,-43.23405,-22.124415,-43.234049,-22.124413,0,0,,,0,0,0,0,0,True,,,,,,,619,1
TRSTSL44,LDA INTERNO/TSL44,LDA,18520326,SETD TRES RIOS,18915125,46,13.2,3306008,0.001,0.0,0.0,0,0.0,0,0,0,0.0,1,0,1,,0,0,0,0,0,0,,0,0,-43.234289,-22.124496,-43.234284,-22.124495,0,0,,,0,0,0,0,0,True,,,,,,,620,1
URG29995,LDA RESERVA 2 (URG),LDA,10385979,SETD URUGUAI,10401375,46,13.2,3304557,0.158,0.0,0.0,0,0.0,0,0,0,0.0,2,1,1,,2,0,2,0,0,2,URG29975;URG29983,0,0,-43.244516,-22.937028,-43.243833,-22.936328,0,0,,,0,0,0,0,0,True,,,,,,,622,1
ZIN007,LDA JARDIM,LDA,18520911,SETD ZONA INDUSTRIAL,18915440,46,13.2,3304557,0.243,0.0,0.0,1,8000.0,0,0,0,0.0,4,1,3,,1,0,1,0,0,2,ZIN001;ZIN004,0,0,-43.73611,-22.894899,-43.734973,-22.893455,0,0,15696,ZONA INDUSTRIAL,0,0,0,0,0,True,,,,,,,626,1
