COD_ID,NOME,SUB,SUB_NOME,MUN,CONJ_CODIGO,CONJ_NOME,kVA_instalado,kW_DER,n_DER,empreendimentos_mmgd,potencia_kw_mmgd,potencia_kw_bdgd_mesmas_chaves,diferenca_kw_mmgd_menos_bdgd_mesmas_chaves,diferenca_kw_mmgd_menos_bdgd_total,penetracao_gd_pct,cobertura_vs_bdgd_pct,fonte_predominante,classe_predominante,subgrupo_predominante,periodo_primeira_data,periodo_ultima_data
CEN002,LSA CAMBARA,18520353,SETD CENTENARIO,3306206,15074,CENTENARIO AEREO AT/MT,102465.0,24577.247,596,572,19593.27,19699.909999999996,-106.63999999999578,-4983.977,19.12191480017567,79.72117462952625,UFV — Radiação solar,Comercial (CO),A4,2016-07-01,2025-12-31
SRD002,LSA RADIO,18521154,SETD SEROPEDICA,3305554,15043,SEROPEDICA AEREO,34625.0,16250.64,139,134,15744.08,15773.980000000001,-29.900000000001455,-506.56,45.47026714801444,96.88283046083109,UFV — Radiação solar,Comercial (CO),A4,2019-05-06,2025-11-30
CEN003,LSA QUIRINO,18520353,SETD CENTENARIO,3306206,15089,CENTENARIO AEREO MT/MT,88332.5,21551.351,298,285,13418.23,13752.749999999998,-334.5199999999986,-8133.121,15.190592364078906,62.26166517356615,UFV — Radiação solar,Comercial (CO),A4,2019-02-23,2025-12-31
BRI001,LSA SAMBAR,18521208,SETD BRISAMAR,3302007,15006,BRISA MAR,20555.0,15464.219,37,31,12165.25,12167.490000000002,-2.2400000000016007,-3298.969,59.183896862077354,78.66708302566073,UFV — Radiação solar,Comercial (CO),A4,2019-12-20,2025-09-17
TRS014,LSA INEMA,18520326,SETD TRES RIOS,3306008,15087,TRES RIOS AEREO AT/MT,75195.0,12344.452,364,345,11319.39,10414.29,905.0999999999985,-1025.062,15.053381208856973,91.69617249919236,UFV — Radiação solar,Comercial (CO),A4,2019-01-07,2025-12-31
INF0003,LSA CARMENSE I,449886789,SETD INFLUENCIA,3301207,15091,SAPUCAIA,41210.0,14839.853,253,246,10729.31,10740.619999999999,-11.30999999999949,-4110.543,26.035695219606893,72.30064880022734,UFV — Radiação solar,Comercial (CO),A4,2019-04-30,2026-01-31
BRI00005,LSA ZELITUS,18521208,SETD BRISAMAR,3302007,15006,BRISA MAR,32947.5,11021.206,188,159,9151.150000000001,9152.48,-1.3299999999981083,-1870.056,27.774944988238868,83.03220173908373,UFV — Radiação solar,Comercial (CO),A4,2019-10-31,2025-12-15
TRS011,LSA BASTILHA,18520326,SETD TRES RIOS,3306008,15088,TRES RIOS AEREO MT/MT,32167.5,9375.478,115,110,9021.280000000002,9068.440000000002,-47.159999999999854,-354.198,28.04470350509055,96.22208062351598,UFV — Radiação solar,Comercial (CO),A4,2018-05-18,2025-12-31
TRS013,LSA DONCARLOS,18520326,SETD TRES RIOS,3306008,15088,TRES RIOS AEREO MT/MT,43925.0,9032.199,196,178,7760.4,7775.139999999999,-14.739999999999782,-1271.799,17.667387592487195,85.9192761364093,UFV — Radiação solar,Comercial (CO),A4,2019-03-25,2025-12-18
SCI006,LSA TAMANDARE,18520299,SETD SANTA CECILIA,3300308,15090,SANTA CECILIA AEREO MT/MT,52527.5,14746.708,237,222,7551.36,7571.36,-20.0,-7195.348,14.376012564846985,51.20708974504682,UFV — Radiação solar,Comercial (CO),A4,2019-02-21,2025-12-16
VRD021,LSA VOTORANTIM,18520470,SETD VOLTA REDONDA,3306305,15086,VOLTA REDONDA AEREO MT/MT,29525.0,7558.68,212,207,7431.1900000000005,7440.680000000001,-9.490000000000691,-127.49,25.16914479254869,98.31332984066,UFV — Radiação solar,Comercial (CO),A4,2019-06-06,2025-12-22
CEN006,LSA SAO ROQUE,18520353,SETD CENTENARIO,3306206,15089,CENTENARIO AEREO MT/MT,23737.5,12472.165,76,72,7323.91,7326.41,-2.5,-5148.255,30.853754607688256,58.7220422436682,UFV — Radiação solar,Comercial (CO),A4,2020-02-13,2025-11-30
SPC001,LSA PORTONOVO,18520614,SETD SAPUCAIA,3305406,15091,SAPUCAIA,51540.0,7767.95,174,162,6134.73,6074.75,59.97999999999956,-1633.22,11.902852153667055,78.97489041510309,UFV — Radiação solar,Comercial (CO),A4,2019-09-26,2025-12-10
INF0005,LSA JACUBA,449886789,SETD INFLUENCIA,3301207,15091,SAPUCAIA,15115.0,6107.323,136,132,5875.16,5883.66,-8.5,-232.163,38.86973205425075,96.19861271460506,UFV — Radiação solar,Comercial (CO),A4,2019-02-05,2025-12-31
CEN004,LSA CARVALHEIRA,18520353,SETD CENTENARIO,3306206,15074,CENTENARIO AEREO AT/MT,49190.0,5756.929,257,243,5198.959999999999,5209.51,-10.550000000001091,-557.969,10.569140069119737,90.30787074150122,UFV — Radiação solar,Comercial (CO),A4,2017-05-19,2025-12-16
VIG001,LSA PADILHA,18520371,SETD VIGARIO,3304003,15003,VIGARIO,26602.5,10139.4,120,109,5035.72,5039.6,-3.880000000000109,-5103.68,18.929499107226764,49.66487168866008,UFV — Radiação solar,Comercial (CO),A4,2019-08-05,2025-12-16
CEN005,LSA MATACAES,18520353,SETD CENTENARIO,3306206,15089,CENTENARIO AEREO MT/MT,48755.0,8483.411,173,165,4656.37,4668.79,-12.420000000000073,-3827.041,9.550548661675725,54.88794542666859,UFV — Radiação solar,Comercial (CO),A4,2019-04-10,2025-11-30
SRD0005,LSA RODUTRA,18521154,SETD SEROPEDICA,3305554,15043,SEROPEDICA AEREO,46732.5,4999.64,112,105,4610.97,4643.97,-33.0,-388.67,9.866730861819933,92.22604027489979,UFV — Radiação solar,Comercial (CO),A4,2019-04-29,2025-12-11
VRD015,LSA JAPUIRA,18520470,SETD VOLTA REDONDA,3306305,15086,VOLTA REDONDA AEREO MT/MT,34567.5,4696.298,89,86,4495.97,4498.849999999999,-2.8799999999991996,-200.328,13.006349895132711,95.73434224148468,UFV — Radiação solar,Comercial (CO),A4,2019-07-29,2025-11-30
ESP018,LSA FRAMBEL,18519958,SETD ESPERANCA,3304557,15070,ESPERANCA AEREO MT/MT,30350.0,6060.702,131,120,4383.65,4384.67,-1.0200000000004366,-1677.052,14.443657331136736,72.3290800306631,UFV — Radiação solar,Comercial (CO),A4,2019-06-05,2025-12-15
SCI007,LSA FACULDADE,18520299,SETD SANTA CECILIA,3300308,15090,SANTA CECILIA AEREO MT/MT,52500.0,5640.38,190,176,4342.93,4384.63,-41.69999999999982,-1297.45,8.272247619047619,76.99711721550676,UFV — Radiação solar,Comercial (CO),A4,2018-06-29,2025-11-30
TRS002,LDA PASSATEMPO,18520326,SETD TRES RIOS,3306008,15087,TRES RIOS AEREO AT/MT,8302.5,4105.02,52,51,4102.0199999999995,4102.0199999999995,0.0,-3.0,49.407046070460694,99.9269187482643,UFV — Radiação solar,Comercial (CO),A4,2021-04-07,2025-09-16
SRD001,LSA INVERNADA,18521154,SETD SEROPEDICA,3305554,15043,SEROPEDICA AEREO,63637.5,5443.823,360,344,3960.74,3960.7799999999997,-0.03999999999996362,-1483.083,6.223908858770379,72.7565903593853,UFV — Radiação solar,Residencial (RE),B1,2017-09-26,2025-12-16
MTO00004,LSA CETEX,29148432,SETD MATO ALTO,3304557,16898,MATO ALTO,41017.5,4393.568,321,312,3910.22,3936.61,-26.390000000000327,-483.348,9.533052965197781,88.99873633456907,UFV — Radiação solar,Residencial (RE),B1,2019-03-20,2025-12-22
AVD30081,LDS 30081/LRA INTERLAGOS/LRA RIOMAR,10385943,SETD ALVORADA,3304557,15004,ALVORADA,11015.0,3819.38,385,382,3746.02,3726.38,19.639999999999873,-73.36,34.008352246936,98.07926941021842,UFV — Radiação solar,Residencial (RE),B1,2017-08-02,2025-12-31
SCI008,LSA CARTONAGEM,18520299,SETD SANTA CECILIA,3300308,15090,SANTA CECILIA AEREO MT/MT,16937.5,4737.95,35,34,3737.95,3737.95,0.0,-1000.0,22.06907749077491,78.89382538861744,UFV — Radiação solar,Industrial (IN),A4,2020-01-09,2025-11-11
SPC002,LSA SAPUSUL,18520614,SETD SAPUCAIA,3305406,15091,SAPUCAIA,16817.5,5938.27,90,81,3597.92,3597.92,0.0,-2340.35,21.393905158317228,60.58868997199521,UFV — Radiação solar,Comercial (CO),A4,2019-11-29,2025-12-31
FND3262,LDA AREIA,1222,SETD FUNDAO,3304557,15040,GOVERNADOR AEREO,26997.5,3763.13,420,416,3391.24,3715.13,-323.8900000000003,-371.89,12.561311232521529,90.11753513697374,UFV — Radiação solar,Residencial (RE),B1,2018-12-11,2025-12-31
SCI005,LSA CANTEIRO,18520299,SETD SANTA CECILIA,3300308,15090,SANTA CECILIA AEREO MT/MT,19635.0,3304.646,53,50,3128.63,3144.79,-16.159999999999854,-176.016,15.933944486885663,94.67368063023997,UFV — Radiação solar,Comercial (CO),A4,2020-04-29,2025-12-06
VRD010,LDA CICUTA,18520470,SETD VOLTA REDONDA,3306305,15084,VOLTA REDONDA AEREO AT/MT,15270.0,3090.7,499,491,3018.5,3024.76,-6.260000000000218,-72.2,19.767518009168302,97.66395962079788,UFV — Radiação solar,Residencial (RE),B1,2019-01-16,2025-12-17
SCI002,LSA INDUSTRIAL,18520299,SETD SANTA CECILIA,3300308,15090,SANTA CECILIA AEREO MT/MT,0.0,3168.23,3,1,3000.0,3000.0,0.0,-168.23,0.0,94.69009510041884,UFV — Radiação solar,Comercial (CO),A4,2025-01-24,2025-01-24
ELD001,LSA CAPIVARI I,18521352,SETD ELDORADO,3301702,15005,ELDORADO,42947.5,5333.551,81,72,2882.98,2911.3100000000004,-28.330000000000382,-2450.571,6.712800512253333,54.053668934636605,UFV — Radiação solar,Comercial (CO),A4,2019-09-19,2025-12-31
TRS010,LSA TRIANOVA,18520326,SETD TRES RIOS,3306008,15088,TRES RIOS AEREO MT/MT,13592.5,2981.389,65,63,2806.4300000000003,2812.9300000000003,-6.5,-174.959,20.646900864447307,94.13162790900482,UFV — Radiação solar,Comercial (CO),A4,2019-11-29,2025-12-16
REC0001,LDA RIOMORTO,132097219,SETD RECREIO,3304557,14999,RECREIO,17892.5,2829.99,366,358,2737.6,2744.59,-6.9900000000002365,-92.39,15.300265474360765,96.73532415308888,UFV — Radiação solar,Residencial (RE),B1,2016-09-06,2025-11-30
VRD017,LSA METALURGICA,18520470,SETD VOLTA REDONDA,3306305,15086,VOLTA REDONDA AEREO MT/MT,54055.0,16094.023,185,180,2731.05,2738.05,-7.0,-13362.973,5.052354083803533,16.969343215179947,UFV — Radiação solar,Residencial (RE),B1,2019-07-31,2025-11-30
JAB00020,LDA TINGUI,18520749,SETD JABOATAO,3304557,15029,JABOATAO AEREO,19065.0,2748.21,420,416,2727.8100000000004,2722.94,4.870000000000346,-20.4,14.30794649881983,99.2576986474833,UFV — Radiação solar,Residencial (RE),B1,2019-03-18,2025-12-31
FND3462,LDA VIADUTO,1222,SETD FUNDAO,3304557,15040,GOVERNADOR AEREO,19245.0,2737.12,368,362,2680.9800000000005,2668.32,12.66000000000031,-56.14,13.930787217459084,97.94893903080613,UFV — Radiação solar,Residencial (RE),B1,2018-01-15,2025-12-18
SDD002,LSA SAPOTIS,18520398,SETD SAUDADE,3300407,15001,SAUDADE,38227.5,2691.81,156,154,2678.36,2685.36,-7.0,-13.45,7.0063697599895365,99.50033620500705,UFV — Radiação solar,Comercial (CO),A4,2019-09-27,2025-12-09
REC0013,LDA MARAMAR,132097219,SETD RECREIO,3304557,14999,RECREIO,8865.0,2711.61,299,296,2643.3500000000004,2700.61,-57.25999999999976,-68.26,29.81782289904118,97.4826763435745,UFV — Radiação solar,Residencial (RE),B1,2015-02-02,2025-11-30
REC6,LDA ELIMATO,132097219,SETD RECREIO,3304557,14999,RECREIO,16470.0,4588.47,345,341,2633.7999999999997,2646.96,-13.16000000000031,-1954.67,15.99149969641773,57.400397082251814,UFV — Radiação solar,Residencial (RE),B1,2019-03-18,2025-12-01
REC99999,LDA FERNANDES,132097219,SETD RECREIO,3304557,14999,RECREIO,12227.5,2654.67,257,254,2607.23,2615.0699999999997,-7.839999999999691,-47.44,21.322674299734206,98.21296055630266,UFV — Radiação solar,Residencial (RE),B1,2017-11-14,2025-12-31
PDG00002,LDA URUCANGA,10385916,SETD PORTA DAGUA,3304557,16902,PORTA DAGUA AEREO,10505.0,2620.03,396,395,2599.46,2618.35,-18.889999999999873,-20.57,24.744978581627795,99.21489448594099,UFV — Radiação solar,Residencial (RE),B1,2015-11-06,2025-12-03
FTL014,LDA ESTAMPARIA,18521064,SETD FONTINELE,3300407,15007,FONTINELE,6082.5,2597.2,76,73,2577.0699999999997,2578.2,-1.1300000000001091,-20.13,42.36859843814221,99.2249345448945,UFV — Radiação solar,Comercial (CO),A4,2019-07-25,2025-11-30
ITP33172,LDA POSSOLO,10385988,SETD ITAPEBA,3304557,15066,ITAPEBA AEREO URBANO,20627.5,2769.89,273,266,2563.18,2578.08,-14.900000000000091,-206.71,12.426033208095987,92.53724877161186,UFV — Radiação solar,Residencial (RE),B1,2016-03-10,2025-12-03
CEN001,LSA BARAO,18520353,SETD CENTENARIO,3306206,15074,CENTENARIO AEREO AT/MT,54635.0,13313.803,279,274,2535.3900000000003,2546.05,-10.659999999999854,-10778.413,4.640596687105336,19.043319177848737,UFV — Radiação solar,Residencial (RE),B1,2018-05-08,2025-12-05
REC00001,LDA GADOBAN,132097219,SETD RECREIO,3304557,14999,RECREIO,20225.0,2760.684,295,290,2530.67,2542.2700000000004,-11.600000000000364,-230.014,12.512583436341162,91.66822425167095,UFV — Radiação solar,Residencial (RE),B1,2018-12-21,2025-12-15
ESP020,LSA BELIZARIO,18519958,SETD ESPERANCA,3304557,16899,ESPERANCA AEREO AT/MT,6692.5,7587.095,4,2,2503.0,2503.0,0.0,-5084.095,37.400074710496824,32.990228802987176,UFV — Radiação solar,Comercial (CO),A4,2022-07-12,2024-05-17
ESP001,LDA RAVASCO,18519958,SETD ESPERANCA,3304557,16899,ESPERANCA AEREO AT/MT,7417.5,2525.99,53,52,2473.5,2475.99,-2.4899999999997817,-52.49,33.346814964610715,97.92200285828527,UFV — Radiação solar,Comercial (CO),A4,2019-03-21,2026-01-31
MTO0003,LSA DART,29148432,SETD MATO ALTO,3304557,16898,MATO ALTO,34655.0,2580.82,149,145,2418.5600000000004,2436.62,-18.05999999999949,-162.26,6.9789640744481325,93.71285095434784,UFV — Radiação solar,Comercial (CO),A4,2019-03-18,2025-12-31
VIG002,LSA GRAMA,18520371,SETD VIGARIO,3304003,15003,VIGARIO,39952.5,2707.73,160,154,2396.13,2381.13,15.0,-311.6,5.997446968274827,88.49220564827364,UFV — Radiação solar,Residencial (RE),B1,2019-03-16,2025-12-31
VRD019,LSA ANGRA,18520470,SETD VOLTA REDONDA,3306305,15086,VOLTA REDONDA AEREO MT/MT,25052.5,2324.63,196,193,2275.99,2310.63,-34.64000000000033,-48.64,9.08488174832851,97.90762400898205,UFV — Radiação solar,Comercial (CO),B1,2019-08-15,2025-12-31
TQR33839,LDA IPADU,10385871,SETD TAQUARA,3304557,15023,TAQUARA AEREO,18622.5,2207.18,290,290,2197.38,2207.1800000000003,-9.800000000000182,-9.8,11.799597261377366,99.55599452695296,UFV — Radiação solar,Residencial (RE),B1,2019-03-19,2025-12-11
SCI004,LSA EUFRASIA,18520299,SETD SANTA CECILIA,3300308,15082,SANTA CECILIA AEREO AT/MT,55440.0,3280.39,238,234,2189.38,2211.6400000000003,-22.26000000000022,-1091.01,3.949098124098124,66.74145452217572,UFV — Radiação solar,Residencial (RE),B1,2018-03-02,2025-12-26
BAR33398,LDA GIBRAN/LDA ACHE,10385907,SETD BARRA,3304557,15013,BARRA AEREO,8850.0,2221.27,185,181,2153.6,2155.67,-2.0700000000001637,-67.67,24.334463276836157,96.95354459385847,UFV — Radiação solar,Residencial (RE),B1,2017-01-16,2025-11-05
AVD33357,LDA RIQUE/LDA RIODESIGN,10385943,SETD ALVORADA,3304557,15004,ALVORADA,8430.0,2268.689,141,139,2138.29,2163.66,-25.36999999999989,-130.399,25.36524317912218,94.2522311343688,UFV — Radiação solar,Residencial (RE),B1,2015-02-02,2025-11-30
ITP0003,LDS 24364/LRA MANSOES/LRA AUTUORI,10385988,SETD ITAPEBA,3304557,15066,ITAPEBA AEREO URBANO,9222.5,2545.514,192,190,2136.13,2152.91,-16.779999999999745,-409.384,23.16215776633234,83.91743278567708,UFV — Radiação solar,Residencial (RE),B1,2016-08-24,2025-11-30
PDG29820,LDA GOIS,10385916,SETD PORTA DAGUA,3304557,16902,PORTA DAGUA AEREO,12332.5,2127.37,361,360,2077.19,2107.37,-30.179999999999836,-50.18,16.843219136428136,97.64121896990181,UFV — Radiação solar,Residencial (RE),B1,2018-10-26,2025-12-18
JAB00021,LDA PALMACIA,18520749,SETD JABOATAO,3304557,15029,JABOATAO AEREO,13380.0,2095.25,403,400,2074.12,2083.35,-9.230000000000018,-21.13,15.501644245142003,98.99152845722467,UFV — Radiação solar,Residencial (RE),B1,2019-03-19,2025-12-11
AVD0001,LDS 30026/LRA MARINA,10385943,SETD ALVORADA,3304557,15004,ALVORADA,13617.5,2073.97,176,175,2055.17,2059.9700000000003,-4.800000000000182,-18.8,15.092124105011933,99.09352594299823,UFV — Radiação solar,Residencial (RE),B1,2016-07-04,2025-11-30
TRS003,LDA GUARACIABA,18520326,SETD TRES RIOS,3306008,15087,TRES RIOS AEREO AT/MT,8047.5,2043.7,55,53,2022.84,2015.3,7.539999999999964,-20.86,25.136253494874186,98.9793022459265,UFV — Radiação solar,Comercial (CO),A4,2019-11-19,2025-12-16
PDG33651,LDA JOPIN,10385916,SETD PORTA DAGUA,3304557,16902,PORTA DAGUA AEREO,11392.5,2016.1,310,308,1997.26,2001.63,-4.370000000000118,-18.84,17.531358349791528,99.06552254352464,UFV — Radiação solar,Residencial (RE),B1,2017-06-02,2025-12-11
STS004,LSA LETICIA,18521136,SETD SANTISSIMO,3304557,15042,SANTISSIMO AEREO,34377.5,2001.76,293,290,1988.5800000000002,1989.2500000000002,-0.6700000000000728,-13.18,5.784539306232275,99.34157941011911,UFV — Radiação solar,Residencial (RE),B1,2019-03-20,2025-12-31
STS001,LSA CAVADO,18521136,SETD SANTISSIMO,3304557,15042,SANTISSIMO AEREO,41157.0,2043.74,307,300,1971.96,1998.5300000000002,-26.570000000000164,-71.78,4.79131132006706,96.48781156115749,UFV — Radiação solar,Residencial (RE),B1,2016-08-16,2025-12-19
REC00003,LDA GRABOIS,132097219,SETD RECREIO,3304557,14999,RECREIO,10707.5,1940.877,208,207,1855.76,1850.75,5.009999999999991,-85.117,17.331403222040624,95.61450828671781,UFV — Radiação solar,Residencial (RE),B1,2019-04-10,2025-11-30
AFR004,LDA FORTUNATO,18520461,SETD ARI FRANCO,3304557,15010,ARI FRANCO,10087.5,1975.02,169,166,1775.41,1963.52,-188.1099999999999,-199.61,17.60009913258984,89.8932669036263,UFV — Radiação solar,Residencial (RE),B1,2019-02-18,2025-12-09
JAB012,LDA VITORAL,18520749,SETD JABOATAO,3304557,15029,JABOATAO AEREO,15110.0,1766.3,291,289,1757.54,1759.54,-2.0,-8.76,11.631634679020516,99.50404800996434,UFV — Radiação solar,Residencial (RE),B1,2019-05-16,2025-12-18
JAB004,LDA RIDOA,18520749,SETD JABOATAO,3304557,15029,JABOATAO AEREO,15195.0,1775.46,284,282,1750.27,1752.66,-2.3900000000001,-25.19,11.518723264231655,98.58121275613081,UFV — Radiação solar,Residencial (RE),B1,2018-04-05,2025-12-16
QMD009,LSA PELICANO,18520893,SETD QUEIMADOS,3304144,15698,QUEIMADOS AEREO,14405.0,1685.0,4,4,1745.0,1685.0,60.0,60.0,12.113849357861854,103.56083086053413,UFV — Radiação solar,Comercial (CO),A4,2019-08-22,2022-12-01
RTO003,LDA CURIE,18520875,SETD RETIRO,3306305,14995,RETIRO,11050.0,1765.28,209,206,1736.9399999999998,1748.7799999999997,-11.839999999999918,-28.34,15.718914027149319,98.39458896039154,UFV — Radiação solar,Residencial (RE),B1,2015-08-28,2025-12-01
PDG29753,LDA BANANAL,10385916,SETD PORTA DAGUA,3304557,16902,PORTA DAGUA AEREO,12000.0,1758.1,243,243,1725.17,1758.1,-32.929999999999836,-32.93,14.376416666666668,98.12695523576589,UFV — Radiação solar,Residencial (RE),B1,2018-01-16,2025-12-31
VRD002,LDA LARANJAL/LDA SIDEROPOLIS,18520470,SETD VOLTA REDONDA,3306305,15084,VOLTA REDONDA AEREO AT/MT,14007.5,1699.58,225,224,1692.86,1695.1799999999998,-2.3199999999999363,-6.72,12.08538283062645,99.60460819731934,UFV — Radiação solar,Residencial (RE),B1,2019-06-03,2025-12-18
CHR009,LDA BELAVI,18520758,SETD CACHAMORRA,3304557,15011,CACHAMORRA,16652.5,1688.5,172,172,1676.03,1688.5,-12.470000000000027,-12.47,10.064735024771055,99.26147468167012,UFV — Radiação solar,Residencial (RE),B1,2016-02-16,2025-12-16
SRP001,LDA AVELAR/BOLERO,18520803,SETD SARAPUI,3301702,15000,SARAPUI,22852.5,1807.906,75,73,1660.22,1660.22,0.0,-147.686,7.26493819056996,91.83110183825929,UFV — Radiação solar,Comercial (CO),B3,2019-11-05,2025-12-04
FTL003,LDA CASCATINHA,18521064,SETD FONTINELE,3300407,15007,FONTINELE,6885.0,1748.349,50,49,1620.8899999999999,1568.85,52.039999999999964,-127.459,23.54233841684822,92.70975074198573,UFV — Radiação solar,Comercial (CO),A4,2019-03-28,2025-11-30
ESP017,LSA BARBARIO,18519958,SETD ESPERANCA,3304557,16900,PACIENCIA,58202.5,1590.66,218,217,1585.12,1586.16,-1.040000000000191,-5.54,2.7234568961814354,99.6517168973885,UFV — Radiação solar,Residencial (RE),B1,2019-06-03,2025-12-22
STS003,LSA DOCABRITO,18521136,SETD SANTISSIMO,3304557,15042,SANTISSIMO AEREO,36952.5,1568.76,160,151,1556.6599999999999,1489.6599999999999,67.0,-12.1,4.2125972532304985,99.22869017568016,UFV — Radiação solar,Residencial (RE),B1,2019-04-26,2025-12-31
JAB00022,LDA ARACAJU,18520749,SETD JABOATAO,3304557,15029,JABOATAO AEREO,13327.5,1524.12,200,199,1509.4499999999998,1519.62,-10.170000000000073,-14.67,11.325830050647156,99.03747736398708,UFV — Radiação solar,Residencial (RE),B1,2019-03-25,2025-12-05
PDG29724,LDA MENEZES,10385916,SETD PORTA DAGUA,3304557,16902,PORTA DAGUA AEREO,12495.0,1488.65,141,140,1480.0500000000002,1482.0500000000002,-2.0,-8.6,11.84513805522209,99.42229536828671,UFV — Radiação solar,Residencial (RE),B1,2017-11-30,2025-12-31
CHR013,LDA PABELI,18520758,SETD CACHAMORRA,3304557,15011,CACHAMORRA,13237.5,1488.42,220,217,1458.64,1463.8200000000002,-5.180000000000064,-29.78,11.018999055712937,97.99922065008532,UFV — Radiação solar,Residencial (RE),B1,2019-04-02,2025-11-30
SDD001,LSA MARTINE,18520398,SETD SAUDADE,3300407,15001,SAUDADE,26100.0,1552.39,170,166,1456.5700000000002,1468.8899999999999,-12.319999999999709,-95.82,5.5807279693486604,93.82758198648537,UFV — Radiação solar,Residencial (RE),B1,2019-01-22,2025-12-23
QMD002,LSA MARAJO,18520893,SETD QUEIMADOS,3304144,15043,SEROPEDICA AEREO,25297.5,4383.678,37,33,1455.75,1455.75,0.0,-2927.928,5.754521197746813,33.20841539912375,UFV — Radiação solar,Comercial (CO),A4,2019-11-01,2025-06-25
TQR33862,LDA BOCARI,10385871,SETD TAQUARA,3304557,15023,TAQUARA AEREO,9667.5,1502.75,199,198,1438.45,1488.75,-50.299999999999955,-64.3,14.879234548745798,95.72117784062551,UFV — Radiação solar,Residencial (RE),B1,2015-09-22,2025-12-12
CHR0006,LDA MILATO,18520758,SETD CACHAMORRA,3304557,15011,CACHAMORRA,10665.0,1652.908,210,206,1403.6999999999998,1432.2,-28.500000000000227,-249.208,13.161744022503514,84.9230568186493,UFV — Radiação solar,Residencial (RE),B1,2018-11-27,2025-12-19
ITG0007,LDA THEODORA,310129856,SETD ITAGUAI,3302007,15694,ITAGUAI,13057.5,1533.483,136,133,1391.81,1394.0100000000002,-2.200000000000273,-141.673,10.659084817154891,90.76135829350571,UFV — Radiação solar,Residencial (RE),B1,2019-03-19,2025-12-31
PCI0005,LDA SINIMBU,450101398,SETD PACIENCIA,3304557,16900,PACIENCIA,17700.0,1549.41,87,83,1389.8600000000001,1386.01,3.8500000000001364,-159.55,7.852316384180791,89.70253193150941,UFV — Radiação solar,Residencial (RE),B1,2019-08-19,2025-11-30
CHR004,LDA NEGRAS,18520758,SETD CACHAMORRA,3304557,15011,CACHAMORRA,7910.0,1401.36,171,166,1387.06,1358.21,28.84999999999991,-14.3,17.53552465233881,98.9795627105098,UFV — Radiação solar,Residencial (RE),B1,2018-11-30,2025-12-18
TQR33830,LDA CATONHO,10385871,SETD TAQUARA,3304557,15023,TAQUARA AEREO,7555.0,6434.521,129,128,1340.6,6335.05,-4994.450000000001,-5093.921,17.744540039708802,20.83449568351708,UFV — Radiação solar,Residencial (RE),B1,2019-07-24,2025-08-05
MNB003,LDA EMIL,18520902,SETD MENA BARRETO,3302858,15057,MENA BARRETO AEREO,10612.5,1340.87,235,234,1332.67,1334.87,-2.199999999999818,-8.2,12.557550058892815,99.38845674823064,UFV — Radiação solar,Residencial (RE),B1,2019-03-20,2025-12-06
VRD004,LDA TRESPOCOS,18520470,SETD VOLTA REDONDA,3306305,15084,VOLTA REDONDA AEREO AT/MT,11570.0,1444.67,197,194,1316.23,1305.95,10.279999999999973,-128.44,11.376231633535005,91.1093883032111,UFV — Radiação solar,Residencial (RE),B1,2019-03-22,2025-11-30
ITP24007,LDS 24007/LRA FELICITA,10385988,SETD ITAPEBA,3304557,15060,ITAPEBA SUBTERRANEO,10865.0,1274.3,78,76,1296.64,1230.92,65.72000000000003,22.34,11.934100322135299,101.75311935964845,UFV — Radiação solar,Comercial (CO),A4,2019-02-15,2025-12-06
REC9,LDA BANDUARTE,132097219,SETD RECREIO,3304557,14999,RECREIO,11050.0,1557.576,213,210,1288.5500000000002,1343.43,-54.87999999999988,-269.026,11.66108597285068,82.72790541199916,UFV — Radiação solar,Residencial (RE),B1,2019-05-28,2025-12-01
VVQ9968,LDA MAFRA,1177,SETD VILA VALQUEIRE,3304557,15032,VILA VALQUEIRE,10680.0,1283.79,209,209,1276.0900000000001,1283.79,-7.699999999999818,-7.7,11.948408239700376,99.4002134305455,UFV — Radiação solar,Residencial (RE),B1,2019-04-01,2025-12-22
CHR0003,LDA ITUPIRANGA,18520758,SETD CACHAMORRA,3304557,15011,CACHAMORRA,13935.0,1363.8,144,142,1259.6,1284.7999999999997,-25.199999999999818,-104.2,9.039110154287764,92.35958351664466,UFV — Radiação solar,Residencial (RE),B1,2019-05-18,2025-12-18
VRD012,LDA SESSENTA,18520470,SETD VOLTA REDONDA,3306305,15084,VOLTA REDONDA AEREO AT/MT,13182.5,1330.09,127,126,1257.8400000000001,1316.0900000000001,-58.25,-72.25,9.54174094443391,94.56803674939292,UFV — Radiação solar,Residencial (RE),B1,2017-03-30,2025-12-31
TQR00005,LDA NOVELISTA,10385871,SETD TAQUARA,3304557,15023,TAQUARA AEREO,17192.5,1227.4,107,107,1247.4,1227.4,20.0,20.0,7.255489312200088,101.62946064852534,UFV — Radiação solar,Comercial (CO),B1,2019-06-03,2025-12-31
CAM003,LDA DAFEIRA,18520488,SETD CAMARA,3304557,14991,CAMARA,5617.5,1265.11,164,161,1244.56,1247.2600000000002,-2.700000000000273,-20.55,22.155051179350245,98.37563532024885,UFV — Radiação solar,Residencial (RE),B1,2019-04-12,2025-12-31
FTL002,LDA CORINGA,18521064,SETD FONTINELE,3300407,15007,FONTINELE,9270.0,1319.57,153,152,1235.3899999999999,1244.57,-9.180000000000064,-84.18,13.32675296655879,93.62064915085975,UFV — Radiação solar,Residencial (RE),B1,2019-03-13,2025-11-30
ESP016,LSA RAPI,18519958,SETD ESPERANCA,3304557,16899,ESPERANCA AEREO AT/MT,30297.5,1236.46,175,174,1230.96,1233.46,-2.5,-5.5,4.062909480980279,99.55518172848292,UFV — Radiação solar,Residencial (RE),B1,2019-06-05,2025-12-18
CHR024,LDA ELLIS,18520758,SETD CACHAMORRA,3304557,15011,CACHAMORRA,8842.5,1256.04,163,161,1230.83,1241.35,-10.519999999999982,-25.21,13.91947978512864,97.99289831534028,UFV — Radiação solar,Residencial (RE),B1,2016-11-01,2025-12-17
ITP33147,LDA CELESTINO,10385988,SETD ITAPEBA,3304557,15066,ITAPEBA AEREO URBANO,18485.0,1248.32,141,140,1228.28,1240.48,-12.200000000000045,-20.04,6.644738977549364,98.39464239938478,UFV — Radiação solar,Residencial (RE),B1,2019-06-26,2025-12-31
FTL004,LDA COTIARA,18521064,SETD FONTINELE,3300407,15007,FONTINELE,3705.0,2130.9,38,34,1222.3,1225.1,-2.7999999999999545,-908.6,32.99055330634278,57.36073959359894,UTE — Biogás - RU,Comercial (CO),A4,2019-05-31,2025-11-30
JAB013,LDA ALBARDAO,18520749,SETD JABOATAO,3304557,15029,JABOATAO AEREO,12592.5,1208.77,163,162,1202.0500000000002,1202.0500000000002,0.0,-6.72,9.545761365892398,99.4440629731049,UFV — Radiação solar,Residencial (RE),B1,2019-04-22,2025-12-31
PDG29776,LDA CARIBU,10385916,SETD PORTA DAGUA,3304557,16902,PORTA DAGUA AEREO,10840.0,1186.56,111,110,1181.8600000000001,1176.56,5.300000000000182,-4.7,10.902767527675278,99.60389697950379,UFV — Radiação solar,Residencial (RE),B1,2019-06-12,2025-11-12
BAR4841,LDS 4841/LDA PARANA/LDA BISPO,10385907,SETD BARRA,3304557,15013,BARRA AEREO,17145.0,1301.654,145,142,1169.52,1163.9499999999998,5.570000000000164,-132.134,6.821347331583552,89.84876165248215,UFV — Radiação solar,Residencial (RE),B1,2016-01-12,2025-12-31
CAM017,LDA IRAPURU,18520488,SETD CAMARA,3304557,14991,CAMARA,12735.0,1186.25,208,204,1159.1100000000001,1164.15,-5.039999999999964,-27.14,9.101766784452298,97.71211801896735,UFV — Radiação solar,Residencial (RE),B1,2017-09-05,2025-12-15
TRS001,LDA PORTO,18520326,SETD TRES RIOS,3306008,15087,TRES RIOS AEREO AT/MT,8995.0,1404.221,65,61,1158.56,1166.56,-8.0,-245.661,12.880044469149528,82.50553153670256,UFV — Radiação solar,Comercial (CO),B3,2020-04-07,2025-12-09
CUR33347,LDA DENGO,10386042,SETD CURICICA,3304557,16901,CURICICA AEREO,14362.5,1225.32,77,75,1158.36,1160.32,-1.9600000000000364,-66.96,8.065169712793733,94.53530506316717,UFV — Radiação solar,Comercial (CO),B3,2017-05-11,2025-12-15
AVD30282,LDS 34560/30282/30589,10385943,SETD ALVORADA,3304557,15004,ALVORADA,11700.0,1174.23,77,77,1149.3899999999999,1174.2299999999998,-24.839999999999918,-24.84,9.823846153846153,97.88457116578522,UFV — Radiação solar,Residencial (RE),B1,2017-03-02,2025-11-30
PDG29023,LDA SITIO,10385916,SETD PORTA DAGUA,3304557,16902,PORTA DAGUA AEREO,18407.5,1138.86,147,146,1133.04,1135.86,-2.8199999999999363,-5.82,6.155317126171398,99.48896264685739,UFV — Radiação solar,Residencial (RE),B1,2019-06-05,2025-11-30
RTO009,LDA ALMIRANTE,18520875,SETD RETIRO,3306305,14995,RETIRO,11100.0,1165.02,143,140,1130.02,1133.52,-3.5,-35.0,10.18036036036036,96.9957597294467,UFV — Radiação solar,Residencial (RE),B1,2019-05-27,2025-12-22
ITP0100,LDA AMERICAS,10385988,SETD ITAPEBA,3304557,15066,ITAPEBA AEREO URBANO,11310.0,1127.85,96,96,1128.25,1127.85,0.40000000000009095,0.4,9.975685234305924,100.03546570909253,UFV — Radiação solar,Residencial (RE),B1,2018-11-09,2025-12-31
ITP000,LDA BENVINDO,10385988,SETD ITAPEBA,3304557,15060,ITAPEBA SUBTERRANEO,11040.0,1153.02,152,150,1123.32,1138.62,-15.299999999999955,-29.7,10.175,97.42415569547796,UFV — Radiação solar,Residencial (RE),B1,2017-02-21,2025-12-18
PCI0016,LDA MELLO,450101398,SETD PACIENCIA,3304557,16900,PACIENCIA,11430.0,1122.75,97,97,1116.73,1122.75,-6.019999999999982,-6.02,9.770166229221347,99.46381652193276,UFV — Radiação solar,Residencial (RE),B1,2019-03-19,2025-11-19
TQR33826,LDA LARA,10385871,SETD TAQUARA,3304557,15023,TAQUARA AEREO,9522.5,1522.157,148,146,1106.3500000000001,1106.3500000000001,0.0,-415.807,11.618272512470465,72.68304123687636,UFV — Radiação solar,Residencial (RE),B1,2019-04-12,2025-12-10
MTO00001,LSA BRISA,29148432,SETD MATO ALTO,3304557,16898,MATO ALTO,25805.0,1106.04,141,141,1103.7,1106.04,-2.339999999999918,-2.34,4.277078085642318,99.78843441466854,UFV — Radiação solar,Residencial (RE),B1,2017-08-16,2025-12-04
TRS009,LSA SALVATERRA,18520326,SETD TRES RIOS,3306008,15088,TRES RIOS AEREO MT/MT,18162.5,1535.597,73,67,1101.79,1104.26,-2.4700000000000273,-433.807,6.066290433585685,71.7499448097385,UFV — Radiação solar,Residencial (RE),B1,2020-04-03,2025-12-04
MRP00005,LDA PITAGORAS,224567922,SETD MARAPICU,3303500,15697,MARAPICU,6255.0,1070.3,8,8,1070.3,1070.3,0.0,0.0,17.11111111111111,100.0,UFV — Radiação solar,Comercial (CO),A4,2019-11-21,2025-08-01
ITP33370,LDA ARENA,10385988,SETD ITAPEBA,3304557,15066,ITAPEBA AEREO URBANO,10995.0,1107.26,124,124,1062.26,1107.26,-45.0,-45.0,9.661300591177808,95.93591387749942,UFV — Radiação solar,Residencial (RE),B1,2019-02-26,2025-12-23
NIG016,LDA LIBANO,18519976,SETD NOVA IGUACU,3303500,15692,NOVA IGUACU,9432.5,1036.61,129,128,1034.1,1031.6100000000001,2.4899999999997817,-2.51,10.9631592896899,99.7578645778065,UFV — Radiação solar,Residencial (RE),B1,2018-04-06,2025-11-30
PDG33499,LDA XINGU,10385916,SETD PORTA DAGUA,3304557,16902,PORTA DAGUA AEREO,7217.5,1027.58,39,39,1027.58,1027.58,0.0,0.0,14.237339799099411,100.0,UFV — Radiação solar,Comercial (CO),B3,2019-10-02,2025-11-30
RTO006,LDA SAVIOGAMA,18520875,SETD RETIRO,3306305,14995,RETIRO,9277.5,1115.52,120,119,1019.8,1025.8,-6.0,-95.72,10.9921853947723,91.41924842226047,UFV — Radiação solar,Residencial (RE),B1,2019-08-30,2025-12-16
CHR008,LDA LOBO,18520758,SETD CACHAMORRA,3304557,15011,CACHAMORRA,11362.5,1033.9,134,133,1016.2699999999999,1031.05,-14.780000000000086,-17.63,8.944070407040703,98.29480607408838,UFV — Radiação solar,Residencial (RE),B1,2017-11-23,2025-12-18
SRP0003,LDA QUINTELA,18520803,SETD SARAPUI,3301702,15000,SARAPUI,14432.5,1018.31,103,101,1010.3100000000001,1012.3100000000001,-2.0,-8.0,7.000242508227958,99.21438461765082,UFV — Radiação solar,Residencial (RE),B1,2018-03-28,2025-12-09
TQR00003,LDA MERINGUAVA,10385871,SETD TAQUARA,3304557,15023,TAQUARA AEREO,8505.0,1013.19,131,131,1010.1899999999999,1013.1899999999999,-3.0,-3.0,11.877601410934744,99.70390548663133,UFV — Radiação solar,Residencial (RE),B1,2017-01-26,2025-12-03
CMS003,LDA TUTOIA,18520839,SETD COSMOS,3304557,16897,COSMOS,10427.5,4040.84,195,187,1006.2800000000001,1006.8400000000001,-0.5600000000000591,-3034.56,9.650251738192281,24.902742994030948,UFV — Radiação solar,Residencial (RE),B1,2019-04-15,2025-12-15
BAR3515,LDA ARQUIMIN,10385907,SETD BARRA,3304557,15013,BARRA AEREO,3180.0,1129.717,89,88,1004.8699999999999,1022.5699999999999,-17.700000000000045,-124.847,31.599685534591192,88.94882523676281,UFV — Radiação solar,Residencial (RE),B1,2017-06-06,2025-11-30
BAR29680,LDA LITORANEA,10385907,SETD BARRA,3304557,15689,BARRA 2,6180.0,1006.32,99,96,993.12,989.9200000000001,3.199999999999932,-13.2,16.06990291262136,98.68829000715478,UFV — Radiação solar,Residencial (RE),B1,2019-01-16,2025-12-15
RTO001,LDA GOIAS,18520875,SETD RETIRO,3306305,14995,RETIRO,9060.0,1075.95,130,127,987.84,993.09,-5.25,-88.11,10.903311258278146,91.81095775826014,UFV — Radiação solar,Residencial (RE),B1,2019-04-17,2025-11-30
PDG29731,LDA DANTAS,10385916,SETD PORTA DAGUA,3304557,16902,PORTA DAGUA AEREO,15092.5,1117.948,113,111,985.4300000000001,994.33,-8.899999999999977,-132.518,6.5292695047208875,88.1463180756171,UFV — Radiação solar,Residencial (RE),B1,2019-04-12,2025-11-30
CSO010,LDA VIOLETA,18520821,SETD COMENDADOR SOARES,3303500,15048,COMENDADOR SOARES,10492.5,1004.91,70,67,975.01,983.41,-8.399999999999977,-29.9,9.29244698594234,97.0246091689803,UFV — Radiação solar,Comercial (CO),A4,2019-06-24,2025-12-05
CUR33800,LDA GUERE,10386042,SETD CURICICA,3304557,16901,CURICICA AEREO,9240.0,987.97,159,157,971.5200000000001,978.9700000000001,-7.4500000000000455,-16.45,10.514285714285716,98.33496968531435,UFV — Radiação solar,Residencial (RE),B1,2019-09-06,2025-12-04
SCO0001,LDA JOASEIRA,10386060,SETD SAO CONRADO,3304557,15053,SAO CONRADO AEREO,6877.5,1032.7,72,71,968.6999999999999,1012.6999999999999,-44.0,-64.0,14.085059978189749,93.80265323908202,UFV — Radiação solar,Residencial (RE),B1,2016-08-24,2025-11-30
GNB24905,LDA ZUMBI,1150,SETD GUANABARA,3304557,15037,GUANABARA AEREO,10875.0,984.29,123,122,963.0500000000002,978.2900000000002,-15.240000000000009,-21.24,8.855632183908048,97.84209938127992,UFV — Radiação solar,Residencial (RE),B1,2017-10-30,2025-11-30
VRD003,LDA AGUALIMPA,18520470,SETD VOLTA REDONDA,3306305,15084,VOLTA REDONDA AEREO AT/MT,9222.5,1004.0,154,152,961.82,985.0,-23.17999999999995,-42.18,10.429059365681757,95.7988047808765,UFV — Radiação solar,Residencial (RE),B1,2019-03-07,2025-12-23
TQR33859,LDA CURUMAU,10385871,SETD TAQUARA,3304557,15023,TAQUARA AEREO,10997.5,993.34,124,124,960.8399999999999,993.3399999999999,-32.5,-32.5,8.736894748806545,96.72820987778604,UFV — Radiação solar,Residencial (RE),B1,2019-07-26,2025-12-16
CHR020,LDA ABDIEL,18520758,SETD CACHAMORRA,3304557,15011,CACHAMORRA,14047.5,958.51,121,121,957.1099999999999,958.51,-1.400000000000091,-1.4,6.813383164264103,99.85393996932739,UFV — Radiação solar,Residencial (RE),B1,2019-03-20,2025-12-19
BRI002,LSS 20208,18521208,SETD BRISAMAR,3302007,15006,BRISA MAR,21995.0,963.09,122,120,955.8900000000001,953.0899999999999,2.800000000000182,-7.2,4.345942259604456,99.25240631716663,UFV — Radiação solar,Residencial (RE),B1,2019-05-18,2025-11-30
QMD004,LSA HEMETERIO,18520893,SETD QUEIMADOS,3304144,15698,QUEIMADOS AEREO,49472.5,1259.325,47,43,954.52,954.52,0.0,-304.805,1.929395118500177,75.79616064161355,UFV — Radiação solar,Comercial (CO),B3,2019-10-28,2025-12-10
CCD3348,LDA PEDRAS,1186,SETD CASCADURA,3304557,15034,CASCADURA AEREO,9610.0,1429.05,22,21,948.3299999999999,1169.0899999999997,-220.75999999999976,-480.72,9.868158168574402,66.36086910884853,UFV — Radiação solar,Comercial (CO),A4,2019-09-20,2025-08-21
GDN0004,LDA AYRTON,457474244,SETD GARDENIA,3304557,16903,GARDENIA,4422.5,945.95,21,21,945.95,945.95,0.0,0.0,21.389485585076315,100.0,UFV — Radiação solar,Comercial (CO),B3,2020-01-24,2025-11-30
RFR004,LSA CANARIO,18520767,SETD ROCHA FREIRE,3303500,15693,ROCHA FREIRE AEREO AT/MT,29727.5,1369.311,64,60,934.23,905.38,28.850000000000023,-435.081,3.142645698427382,68.22628314531907,UFV — Radiação solar,Residencial (RE),B1,2016-12-29,2025-11-10
CXS012,LDA CONDEUBA,18520785,SETD CAXIAS,3301702,15700,CAXIAS AEREO,13230.0,1113.988,46,45,933.28,976.28,-43.0,-180.708,7.05427059712774,83.77828127412504,UFV — Radiação solar,Comercial (CO),B3,2018-05-08,2025-12-02
ITG0008,LDA MONICA,310129856,SETD ITAGUAI,3302007,15694,ITAGUAI,11722.5,1180.59,105,101,930.6899999999999,930.6899999999999,0.0,-249.9,7.939347408829175,78.83261758951033,UFV — Radiação solar,Residencial (RE),B1,2020-04-27,2025-12-31
CXS008,LDA IGUANA,18520785,SETD CAXIAS,3301702,15700,CAXIAS AEREO,9577.5,1209.573,102,98,929.4699999999999,931.83,-2.3600000000001273,-280.103,9.704724614983032,76.84281973886651,UFV — Radiação solar,Residencial (RE),B1,2017-09-26,2025-12-31
VRD006,LDA AGOSTINHO,18520470,SETD VOLTA REDONDA,3306305,15084,VOLTA REDONDA AEREO AT/MT,7732.5,951.89,94,90,928.2899999999998,928.2899999999998,0.0,-23.6,12.005043646944712,97.52072193215601,UFV — Radiação solar,Residencial (RE),B1,2019-09-26,2025-12-01
NIG005,LDA BARONI,18519976,SETD NOVA IGUACU,3303500,15692,NOVA IGUACU,20167.5,938.24,93,92,928.24,928.24,0.0,-10.0,4.602652782942854,98.93417462482947,UFV — Radiação solar,Residencial (RE),B1,2019-05-02,2025-12-06
GVD9901,LDA MONJOL,1213,SETD GOVERNADOR,3304557,15040,GOVERNADOR AEREO,6522.5,981.07,33,33,924.37,981.07,-56.700000000000045,-56.7,14.17201993100805,94.22059588000856,UFV — Radiação solar,Comercial (CO),B3,2019-04-10,2025-11-30
REC0015,LDA RAMIDAN,132097219,SETD RECREIO,3304557,14999,RECREIO,17880.0,926.63,133,132,917.96,918.63,-0.6699999999999591,-8.67,5.13400447427293,99.06435146714439,UFV — Radiação solar,Residencial (RE),B1,2019-04-25,2025-11-30
STC00013,LDA VESPA,34192093,SETD SANTA CLARA,3304144,15052,SANTA CLARA AEREO,10642.5,930.01,106,103,911.07,917.0100000000001,-5.940000000000055,-18.94,8.560676532769556,97.96346275846497,UFV — Radiação solar,Residencial (RE),B1,2018-04-06,2025-11-30
ITG0004,LDA NACOES,310129856,SETD ITAGUAI,3302007,15694,ITAGUAI,1235.0,909.59,9,9,909.59,909.59,0.0,0.0,73.651012145749,100.0,UFV — Radiação solar,Comercial (CO),A4,2021-07-05,2025-11-04
TRS008,LDA SETEMBRO,18520326,SETD TRES RIOS,3306008,15087,TRES RIOS AEREO AT/MT,14117.5,1232.83,51,51,905.63,1232.83,-327.19999999999993,-327.2,6.414945989020719,73.45943885207207,UFV — Radiação solar,Comercial (CO),B3,2019-03-18,2025-12-31
VRD009,LDA MURY/MONTCASTELO,18520470,SETD VOLTA REDONDA,3306305,15084,VOLTA REDONDA AEREO AT/MT,7830.0,909.18,118,117,898.86,898.5400000000001,0.31999999999993634,-10.32,11.479693486590039,98.86491123869861,UFV — Radiação solar,Residencial (RE),B1,2019-06-11,2025-11-30
IMT010,LDA MASSARANDUBA,18520929,SETD INMETRO,3301702,14997,INMETRO,6487.5,925.94,112,110,898.23,905.94,-7.710000000000036,-27.71,13.845549132947976,97.00736548804457,UFV — Radiação solar,Residencial (RE),B1,2018-07-16,2025-12-05
REC7,LDA MALBATA,132097219,SETD RECREIO,3304557,14999,RECREIO,14882.5,919.73,136,135,895.98,903.98,-8.0,-23.75,6.0203594826138085,97.41772041794874,UFV — Radiação solar,Residencial (RE),B1,2016-05-14,2025-12-11
NIG030,LSA CONCORDIA,18519976,SETD NOVA IGUACU,3303500,15692,NOVA IGUACU,24995.0,894.31,53,53,894.31,894.31,0.0,0.0,3.5779555911182235,100.0,UFV — Radiação solar,Industrial (IN),A4,2020-08-06,2025-12-04
ITP0002,LDS 37938,10385988,SETD ITAPEBA,3304557,15060,ITAPEBA SUBTERRANEO,8832.5,927.17,64,63,894.05,907.17,-13.120000000000005,-33.12,10.122275686385509,96.42783955477421,UFV — Radiação solar,Residencial (RE),B1,2016-08-04,2025-11-30
VVQ9939,LDA JOLIVA,1177,SETD VILA VALQUEIRE,3304557,15032,VILA VALQUEIRE,9277.5,908.7,78,76,889.29,895.1999999999999,-5.909999999999968,-19.41,9.585448666127729,97.86398151205017,UFV — Radiação solar,Residencial (RE),B1,2019-05-13,2025-12-09
PCI0004,LDA APORUNA,450101398,SETD PACIENCIA,3304557,16900,PACIENCIA,12510.0,930.89,64,62,883.7399999999999,888.7399999999999,-5.0,-47.15,7.064268585131893,94.9349547207511,UFV — Radiação solar,Comercial (CO),A4,2018-06-25,2025-09-18
QMD007,LSA TUPIARA,18520893,SETD QUEIMADOS,3304144,15698,QUEIMADOS AEREO,29120.0,956.8,77,75,875.59,877.7,-2.1100000000000136,-81.21,3.0068337912087912,91.51233277591973,UFV — Radiação solar,Residencial (RE),B1,2019-05-22,2025-12-02
PDG0005,LDA ZOASTRO,10385916,SETD PORTA DAGUA,3304557,16902,PORTA DAGUA AEREO,9720.0,902.8,77,75,870.58,889.8000000000001,-19.220000000000027,-32.22,8.956584362139917,96.43110323438192,UFV — Radiação solar,Residencial (RE),B1,2019-05-06,2025-12-12
CAM006,LDA ESTANCIA,18520488,SETD CAMARA,3304557,14991,CAMARA,9855.0,868.49,60,60,868.49,868.49,0.0,0.0,8.812683916793507,100.0,UFV — Radiação solar,Comercial (CO),B3,2019-03-18,2025-11-30
TRS004,LDA SPINO,18520326,SETD TRES RIOS,3306008,15087,TRES RIOS AEREO AT/MT,7575.0,880.58,70,68,868.14,871.14,-3.0,-12.44,11.46059405940594,98.58729473755933,UFV — Radiação solar,Residencial (RE),B1,2020-06-03,2025-12-19
ITP0006,LDA MARTINS,10385988,SETD ITAPEBA,3304557,15066,ITAPEBA AEREO URBANO,17322.5,886.81,81,80,867.8100000000001,876.8100000000001,-9.0,-19.0,5.009727233367008,97.85748920287323,UFV — Radiação solar,Residencial (RE),B1,2019-04-24,2025-11-30
PDG33434,LDA MENTA,10385916,SETD PORTA DAGUA,3304557,16903,GARDENIA,12037.5,858.47,60,60,858.4699999999999,858.4699999999999,0.0,-0.0,7.131630321910695,99.99999999999999,UFV — Radiação solar,Residencial (RE),B1,2019-04-14,2025-11-30
CMS009,LDA IMBO,18520839,SETD COSMOS,3304557,16897,COSMOS,12570.0,882.31,119,114,855.4099999999999,849.81,5.599999999999909,-26.9,6.805171042163881,96.95118495766793,UFV — Radiação solar,Residencial (RE),B1,2020-02-14,2025-12-05
TUR003,LDA MIRINDA,1294,SETD TURIACU,3304557,15002,TURIACU,7672.5,856.92,102,101,850.7800000000002,851.8200000000002,-1.0399999999999636,-6.14,11.08869338546758,99.2834803715633,UFV — Radiação solar,Residencial (RE),B1,2019-04-03,2025-12-05
GDN0013,LDA BUENO,457474244,SETD GARDENIA,3304557,16903,GARDENIA,21437.5,850.53,23,23,850.53,850.53,0.0,0.0,3.9674868804664722,100.0,UFV — Radiação solar,Comercial (CO),B3,2019-10-30,2025-04-24
PDG33670,LDA CRAME,10385916,SETD PORTA DAGUA,3304557,16902,PORTA DAGUA AEREO,12507.5,856.89,134,134,847.3699999999999,856.8899999999999,-9.519999999999982,-9.52,6.774895062962221,98.88900558998236,UFV — Radiação solar,Residencial (RE),B1,2019-05-10,2025-12-01
NIG008,LDA HAITI,18519976,SETD NOVA IGUACU,3303500,15692,NOVA IGUACU,8820.0,889.89,109,107,846.69,848.8900000000001,-2.2000000000000455,-43.2,9.599659863945579,95.14546741732124,UFV — Radiação solar,Residencial (RE),B1,2019-04-04,2025-12-31
ABR009,LDA ORMINDA,18520731,SETD AREIA BRANCA,3300456,15054,AREIA BRANCA AEREO,10342.5,1212.6,114,112,844.0,1199.1000000000001,-355.10000000000014,-368.6,8.16050277979212,69.60250700973116,UFV — Radiação solar,Residencial (RE),B1,2019-03-26,2025-12-12
CCD641,LDA ABOLICAO,1186,SETD CASCADURA,3304557,15034,CASCADURA AEREO,8902.5,843.49,41,41,843.49,843.49,0.0,0.0,9.474754282504914,100.0,UFV — Radiação solar,Comercial (CO),B3,2019-09-16,2025-12-04
FTL007,LDA MARIANO,18521064,SETD FONTINELE,3300407,15007,FONTINELE,7095.0,928.53,102,99,841.9300000000001,890.53,-48.59999999999991,-86.6,11.866525722339675,90.67343004534048,UFV — Radiação solar,Residencial (RE),B1,2019-03-07,2025-11-30
TQR00001,LDA MAPENDI,10385871,SETD TAQUARA,3304557,15023,TAQUARA AEREO,13757.5,837.79,52,52,833.79,837.79,-4.0,-4.0,6.060621479193167,99.5225533844997,UFV — Radiação solar,Comercial (CO),B3,2019-07-10,2025-11-21
FTL006,LDA BARBARA,18521064,SETD FONTINELE,3300407,15007,FONTINELE,9292.5,853.73,135,131,832.48,832.48,0.0,-21.25,8.958622545063223,97.51092265704614,UFV — Radiação solar,Residencial (RE),B1,2017-01-19,2025-12-06
FTL005,LDA MIDIA,18521064,SETD FONTINELE,3300407,15007,FONTINELE,6675.0,836.08,130,130,831.5799999999999,836.0799999999999,-4.5,-4.5,12.45812734082397,99.46177399291933,UFV — Radiação solar,Residencial (RE),B1,2019-04-18,2025-12-03
TQR33842,LDA FOME,10385871,SETD TAQUARA,3304557,15023,TAQUARA AEREO,6562.5,852.19,122,120,830.91,838.1899999999999,-7.279999999999973,-21.28,12.661485714285714,97.50290428190895,UFV — Radiação solar,Residencial (RE),B1,2018-02-19,2025-11-30
NIG013,LDA AGUIA,18519976,SETD NOVA IGUACU,3303500,15692,NOVA IGUACU,8482.5,852.69,92,91,830.8900000000001,827.69,3.2000000000000455,-21.8,9.795343353964045,97.44338505201188,UFV — Radiação solar,Residencial (RE),B1,2019-05-08,2025-12-02
GDN0012,LDA EMBAIXADOR,457474244,SETD GARDENIA,3304557,16903,GARDENIA,19825.7,1012.823,72,70,827.1,827.1,0.0,-185.723,4.171857740205894,81.66283743556377,UFV — Radiação solar,Comercial (CO),B3,2019-07-05,2025-12-12
CSO004,LDA PALMAS,18520821,SETD COMENDADOR SOARES,3303500,15048,COMENDADOR SOARES,9405.0,1126.46,72,70,826.4,847.4599999999999,-21.059999999999945,-300.06,8.786815523657628,73.36256946540489,UFV — Radiação solar,Comercial (CO),B3,2019-04-04,2025-12-08
CUR33332,LDA JURANDA,10386042,SETD CURICICA,3304557,16901,CURICICA AEREO,10695.0,829.64,77,77,822.9599999999999,829.6399999999999,-6.67999999999995,-6.68,7.694810659186534,99.19483149317774,UFV — Radiação solar,Residencial (RE),B1,2019-04-01,2025-12-04
PDG0006,LDA QUITITE,10385916,SETD PORTA DAGUA,3304557,16902,PORTA DAGUA AEREO,22082.5,826.31,111,110,816.31,821.31,-5.0,-10.0,3.696637608966376,98.78980043809224,UFV — Radiação solar,Residencial (RE),B1,2019-03-20,2025-12-04
AFR011,LDA BEIRUTE,18520461,SETD ARI FRANCO,3304557,15010,ARI FRANCO,11007.5,830.71,108,105,815.6099999999999,819.21,-3.6000000000001364,-15.1,7.409584374290255,98.18227781054759,UFV — Radiação solar,Residencial (RE),B1,2019-04-10,2025-12-12
CHR021,LDA MOINHO,18520758,SETD CACHAMORRA,3304557,15011,CACHAMORRA,13337.5,828.41,139,138,811.9599999999999,810.41,1.5499999999999545,-16.45,6.087797563261479,98.01426829709925,UFV — Radiação solar,Residencial (RE),B1,2019-04-26,2025-11-30
PDG33010,LDA PIZA,10385916,SETD PORTA DAGUA,3304557,16902,PORTA DAGUA AEREO,8692.5,945.374,92,91,810.01,823.81,-13.799999999999955,-135.364,9.318492953695715,85.68143401447469,UFV — Radiação solar,Residencial (RE),B1,2019-01-16,2025-12-04
CSO008,LDA BEGONIA,18520821,SETD COMENDADOR SOARES,3303500,15048,COMENDADOR SOARES,6710.0,807.09,106,106,807.09,807.09,0.0,0.0,12.02816691505216,100.0,UFV — Radiação solar,Residencial (RE),B1,2019-08-12,2025-12-31
PMG003,LDA RINEGRO,18520479,SETD PADRE MIGUEL,3304557,15019,PADRE MIGUEL,9130.0,816.62,131,131,801.3200000000002,816.6200000000001,-15.299999999999955,-15.3,8.776779846659366,98.12642355073353,UFV — Radiação solar,Residencial (RE),B1,2019-07-22,2025-12-18
CXS022,LDA MANICORE,18520785,SETD CAXIAS,3301702,15700,CAXIAS AEREO,11182.5,885.09,36,34,798.68,804.0899999999999,-5.409999999999968,-86.41,7.142231164766376,90.23715102418963,UFV — Radiação solar,Comercial (CO),B3,2020-01-24,2025-11-30
AFR003,LDA GERICINO/ENGENHO,18520461,SETD ARI FRANCO,3304557,15010,ARI FRANCO,19170.0,823.41,49,47,795.0099999999999,800.0099999999999,-5.0,-28.4,4.1471570161711,96.55092845605469,UFV — Radiação solar,Industrial (IN),A4,2021-02-03,2025-11-30
IMT005,LDA PEROBA,18520929,SETD INMETRO,3301702,14997,INMETRO,13330.0,794.81,97,93,792.48,768.0799999999999,24.40000000000009,-2.33,5.945086271567892,99.70684817755188,UFV — Radiação solar,Residencial (RE),B1,2019-11-04,2025-12-05
JAB00017,LDA SAMARIA,18520749,SETD JABOATAO,3304557,15029,JABOATAO AEREO,7755.0,781.12,147,146,791.79,777.12,14.669999999999959,10.67,10.210058027079304,101.36598730028676,UFV — Radiação solar,Residencial (RE),B1,2019-01-07,2025-12-10
IMT004,LDA ANGICO,18520929,SETD INMETRO,3301702,14997,INMETRO,12157.5,801.43,100,98,791.6800000000001,791.6800000000001,0.0,-9.75,6.511865103845363,98.78342462847661,UFV — Radiação solar,Residencial (RE),B1,2020-01-03,2025-12-31
TQR0007,LDA PARNAIBA,10385871,SETD TAQUARA,3304557,15023,TAQUARA AEREO,10405.0,857.97,118,117,788.9699999999999,797.9699999999999,-9.0,-69.0,7.582604517059105,91.95776076086574,UFV — Radiação solar,Residencial (RE),B1,2019-03-19,2025-11-30
CRO0016,LDA ONIX,18521055,SETD COELHO DA ROCHA,3305109,14996,ROSALI,7707.5,800.0,83,81,788.0,788.0,0.0,-12.0,10.223807979240998,98.5,UFV — Radiação solar,Residencial (RE),B1,2019-04-25,2025-12-04
AVD33312,LDS 36817/36818,10385943,SETD ALVORADA,3304557,15004,ALVORADA,8442.5,783.95,49,49,787.95,783.95,4.0,4.0,9.333135919455138,100.51023662223355,UFV — Radiação solar,Residencial (RE),B1,2019-06-27,2025-11-27
MRT3930,LDA PIRATINI,1312,SETD MERITI,3305109,14993,MERITI,8970.0,791.04,104,104,786.54,791.04,-4.5,-4.5,8.768561872909698,99.4311286407767,UFV — Radiação solar,Residencial (RE),B1,2019-10-14,2025-12-18
AVD30048,LDS 30048/LRA JEAN,10385943,SETD ALVORADA,3304557,15004,ALVORADA,7550.0,809.31,42,41,785.3100000000001,794.3100000000001,-9.0,-24.0,10.401456953642384,97.03451087963822,UFV — Radiação solar,Residencial (RE),B1,2018-04-24,2025-12-08
CSO002,LDA HORTENCIA/CENTAUREA,18520821,SETD COMENDADOR SOARES,3303500,15048,COMENDADOR SOARES,14835.0,841.43,102,98,784.9300000000001,779.9300000000001,5.0,-56.5,5.291068419278733,93.28524060230798,UFV — Radiação solar,Residencial (RE),B1,2019-05-21,2025-12-18
CXS018,LDA MONTELO,18520785,SETD CAXIAS,3301702,15700,CAXIAS AEREO,12510.0,811.73,108,104,784.6299999999999,790.03,-5.400000000000091,-27.1,6.272022382094323,96.66145146785259,UFV — Radiação solar,Residencial (RE),B1,2018-07-09,2025-12-18
FTL012,LDA HORTALICA,18521064,SETD FONTINELE,3300407,15007,FONTINELE,10700.0,864.69,98,92,783.66,776.1899999999999,7.470000000000027,-81.03,7.32392523364486,90.62901155327341,UFV — Radiação solar,Residencial (RE),B1,2019-12-05,2025-11-30
BAR99999,LDA NOBRE,10385907,SETD BARRA,3304557,15013,BARRA AEREO,9635.0,845.3,71,67,783.3,793.3,-10.0,-62.0,8.12973533990659,92.6653259197918,UFV — Radiação solar,Residencial (RE),B1,2017-11-30,2025-11-30
CSO003,LDA DALIA,18520821,SETD COMENDADOR SOARES,3303500,15048,COMENDADOR SOARES,9570.0,784.63,111,110,775.95,780.6300000000001,-4.680000000000064,-8.68,8.108150470219435,98.89374609688643,UFV — Radiação solar,Residencial (RE),B1,2019-05-13,2025-11-30
CUR33801,LDA AUTODROMO,10386042,SETD CURICICA,3304557,16901,CURICICA AEREO,7040.0,769.82,21,21,769.8199999999999,769.8199999999999,0.0,-0.0,10.934943181818182,100.0,UFV — Radiação solar,Comercial (CO),B3,2022-07-07,2025-06-24
PMG011,LDA MALE,18520479,SETD PADRE MIGUEL,3304557,15019,PADRE MIGUEL,10807.5,1018.724,113,108,764.08,764.9800000000001,-0.900000000000091,-254.644,7.069905158454777,75.00363199453433,UFV — Radiação solar,Residencial (RE),B1,2019-09-18,2025-12-03
IMT012,LDA JEQUITIBA,18520929,SETD INMETRO,3301702,14997,INMETRO,11970.0,775.25,73,71,760.35,762.2500000000001,-1.900000000000091,-14.9,6.352130325814536,98.07803934214769,UFV — Radiação solar,Residencial (RE),B1,2019-11-27,2025-12-31
CSO005,LDA ALFAZEMA/ORQUIDEA,18520821,SETD COMENDADOR SOARES,3303500,15048,COMENDADOR SOARES,16927.5,802.72,114,111,759.52,775.7199999999999,-16.199999999999932,-43.2,4.486900014768867,94.61829778752242,UFV — Radiação solar,Residencial (RE),B1,2019-04-26,2025-12-02
JAB00016,LDA CALDEIRA,18520749,SETD JABOATAO,3304557,15029,JABOATAO AEREO,13200.0,758.27,114,114,758.2699999999999,758.2699999999999,0.0,-0.0,5.744469696969696,99.99999999999999,UFV — Radiação solar,Residencial (RE),B1,2019-03-18,2025-12-01
PDG33662,LDA GEMI,10385916,SETD PORTA DAGUA,3304557,16902,PORTA DAGUA AEREO,11130.0,755.96,121,121,757.83,755.96,1.8700000000000045,1.87,6.8088948787062,100.24736758558653,UFV — Radiação solar,Residencial (RE),B1,2019-04-10,2025-12-31
CAM008,LDA TOQUIO,18520488,SETD CAMARA,3304557,14991,CAMARA,6150.0,822.35,97,95,757.3500000000001,757.3500000000001,0.0,-65.0,12.314634146341465,92.09582294643401,UFV — Radiação solar,Residencial (RE),B1,2019-08-19,2025-08-26
NIG012,LDA CAMPAR,18519976,SETD NOVA IGUACU,3303500,15692,NOVA IGUACU,8850.0,767.07,77,76,756.22,759.5700000000002,-3.3500000000001364,-10.85,8.544858757062148,98.58552674462565,UFV — Radiação solar,Residencial (RE),B1,2019-10-31,2025-10-01
CXS007,LDA CAROL,18520785,SETD CAXIAS,3301702,15700,CAXIAS AEREO,6750.0,7782.02,68,67,754.4,7757.02,-7002.620000000001,-7027.62,11.176296296296297,9.694141109891776,UFV — Radiação solar,Residencial (RE),B1,2018-10-19,2025-11-20
AFR013,LDA BASILIO,18520461,SETD ARI FRANCO,3304557,15010,ARI FRANCO,14347.5,847.14,97,91,748.7,748.7,0.0,-98.44,5.218330719637567,88.37972472082537,UFV — Radiação solar,Residencial (RE),B1,2019-03-18,2025-12-15
CCD34454,LDA MANSO,1186,SETD CASCADURA,3304557,15034,CASCADURA AEREO,12455.0,768.7,53,52,748.46,753.7,-5.240000000000009,-20.24,6.009313528703332,97.3669832184207,UFV — Radiação solar,Comercial (CO),B3,2017-07-12,2025-09-02
SCI001,LSA PARAIBA,18520299,SETD SANTA CECILIA,3300308,15090,SANTA CECILIA AEREO MT/MT,14200.0,5911.039,57,54,747.4599999999999,747.4599999999999,0.0,-5163.579,5.263802816901407,12.645154261374351,UFV — Radiação solar,Residencial (RE),B1,2019-07-10,2025-11-11
PDD29513,LDA PIAUI/LDA DIVINOR,1231,SETD PIEDADE,3304557,14998,PIEDADE,15425.0,876.63,77,74,741.63,741.63,0.0,-135.0,4.807974068071313,84.60011635467643,UFV — Radiação solar,Comercial (CO),B3,2019-03-19,2025-12-18
BRR30516,LDS 30516,345834478,SETD BARRA 2,3304557,15689,BARRA 2,21637.5,714.79,69,69,740.44,714.7900000000001,25.649999999999977,25.65,3.4220219526285383,103.58846654262092,UFV — Radiação solar,Residencial (RE),B1,2019-02-15,2025-12-04
CAM007,LDA SUEZ,18520488,SETD CAMARA,3304557,14991,CAMARA,7890.0,981.094,77,72,732.47,745.47,-13.0,-248.624,9.283523447401775,74.65849347768919,UFV — Radiação solar,Residencial (RE),B1,2019-08-13,2025-11-30
CBI24982,LDA BRITIGUEL,1141,SETD CACHAMBI,3304557,15027,CACHAMBI AEREO,7575.0,783.39,83,81,732.09,735.39,-3.2999999999999545,-51.3,9.664554455445545,93.45153754834757,UFV — Radiação solar,Residencial (RE),B1,2018-04-20,2025-12-18
TRS006,LDA SALDANHA,18520326,SETD TRES RIOS,3306008,15087,TRES RIOS AEREO AT/MT,10290.0,803.46,89,87,731.9599999999999,792.9599999999999,-61.0,-71.5,7.113313896987365,91.10098822592286,UFV — Radiação solar,Residencial (RE),B1,2019-04-05,2025-11-30
GNB33406,LDA BARDANA,1150,SETD GUANABARA,3304557,15037,GUANABARA AEREO,6397.5,736.32,93,92,730.19,726.3199999999999,3.8700000000001182,-6.13,11.41367721766315,99.16748152976966,UFV — Radiação solar,Residencial (RE),B1,2015-06-12,2025-12-05
REC00002,LDA ARIGEL,132097219,SETD RECREIO,3304557,14999,RECREIO,17490.0,748.56,89,87,727.46,729.0600000000001,-1.6000000000000227,-21.1,4.159291023441967,97.18125467564391,UFV — Radiação solar,Residencial (RE),B1,2019-04-24,2025-11-30
CLG0007,LDA JUQUERI,1249,SETD COLEGIO,3304557,15021,COLEGIO AEREO,6360.0,728.42,47,46,722.4200000000001,722.4200000000001,0.0,-6.0,11.358805031446542,99.17629938771589,UFV — Radiação solar,Comercial (CO),A4,2020-08-20,2025-12-09
CXS006,LDA CABANA,18520785,SETD CAXIAS,3301702,15700,CAXIAS AEREO,8220.0,938.61,79,77,721.6800000000001,725.61,-3.92999999999995,-216.93,8.77956204379562,76.88816441333461,UFV — Radiação solar,Residencial (RE),B1,2019-05-31,2025-12-11
JAB015,LDA VADAN,18520749,SETD JABOATAO,3304557,15029,JABOATAO AEREO,9930.0,753.0,85,84,721.44,723.0,-1.5599999999999454,-31.56,7.265256797583081,95.80876494023904,UFV — Radiação solar,Residencial (RE),B1,2019-04-08,2025-11-30
CXS010,LDA MACOSTA,18520785,SETD CAXIAS,3301702,15700,CAXIAS AEREO,10500.0,750.12,93,91,717.6600000000001,740.52,-22.8599999999999,-32.46,6.834857142857144,95.67269236922094,UFV — Radiação solar,Residencial (RE),B1,2019-03-29,2025-12-06
CHR017,LDA MORA,18520758,SETD CACHAMORRA,3304557,15011,CACHAMORRA,8512.5,722.6,118,118,717.16,722.6,-5.440000000000055,-5.44,8.424787077826725,99.24716302241904,UFV — Radiação solar,Residencial (RE),B1,2019-02-14,2025-12-11
ITP33382,LDA GENARO,10385988,SETD ITAPEBA,3304557,15066,ITAPEBA AEREO URBANO,13410.0,745.09,102,101,709.8,736.9,-27.100000000000023,-35.29,5.293064876957494,95.26365942369378,UFV — Radiação solar,Residencial (RE),B1,2019-02-26,2025-11-06
AGR009,LDA MISAEL,1285,SETD AGUA GRANDE,3304557,15045,AGUA GRANDE AEREO,8085.0,706.49,62,62,706.49,706.49,0.0,0.0,8.738280766852196,100.0,UFV — Radiação solar,Residencial (RE),B1,2019-03-07,2025-11-06
REC00008,LDA TEOTONIO,132097219,SETD RECREIO,3304557,14999,RECREIO,16505.0,737.8,96,92,706.1999999999999,715.6999999999999,-9.5,-31.6,4.27870342320509,95.71699647600977,UFV — Radiação solar,Residencial (RE),B1,2019-05-20,2025-12-02
RFR007,LSA CURIO,18520767,SETD ROCHA FREIRE,3303500,15693,ROCHA FREIRE AEREO AT/MT,50630.0,707.68,64,63,702.91,702.91,0.0,-4.77,1.3883270788070314,99.3259665385485,UFV — Radiação solar,Residencial (RE),B1,2019-05-10,2025-12-08
PDD9873,LDA SERPA/REIS,1231,SETD PIEDADE,3304557,14998,PIEDADE,16290.0,741.55,86,84,702.25,700.05,2.2000000000000455,-39.3,4.310926949048496,94.70028993324793,UFV — Radiação solar,Residencial (RE),B1,2019-08-20,2025-11-30
CLG0009,LDA VERBAR,1249,SETD COLEGIO,3304557,15021,COLEGIO AEREO,9232.5,708.16,85,84,701.56,701.56,0.0,-6.6,7.5988085567289465,99.06800723000453,UFV — Radiação solar,Residencial (RE),B1,2019-10-10,2025-12-23
STC00003,LDA ZELINA,34192093,SETD SANTA CLARA,3304144,15052,SANTA CLARA AEREO,10787.5,732.04,77,76,696.04,696.04,0.0,-36.0,6.452282734646582,95.08223594339108,UFV — Radiação solar,Residencial (RE),B1,2019-08-21,2025-12-04
BAR33368,LDS 33368/LDA NAMBETIBA/MOTA,10385907,SETD BARRA,3304557,15013,BARRA AEREO,12367.5,719.36,82,81,695.96,707.36,-11.399999999999977,-23.4,5.627329694764504,96.74710854092527,UFV — Radiação solar,Residencial (RE),B1,2015-09-15,2025-11-30
ZIN005,LDA AGUANIL,18520911,SETD ZONA INDUSTRIAL,3304557,15696,ZONA INDUSTRIAL,7540.0,772.682,20,19,690.88,690.88,0.0,-81.802,9.16286472148541,89.41323856385938,UFV — Radiação solar,Comercial (CO),A4,2019-03-19,2025-11-30
ESP007,LDA FERNANDA,18519958,SETD ESPERANCA,3304557,16899,ESPERANCA AEREO AT/MT,10405.3,711.27,41,40,690.6400000000001,706.27,-15.629999999999882,-20.63,6.637386716384921,97.09955431833203,UFV — Radiação solar,Comercial (CO),B3,2019-11-01,2025-12-31
MTO00002,LSA MATRIZ,29148432,SETD MATO ALTO,3304557,16900,PACIENCIA,28925.0,719.66,113,111,690.19,698.79,-8.599999999999909,-29.47,2.3861365600691444,95.90501069949698,UFV — Radiação solar,Residencial (RE),B1,2019-11-01,2025-11-14
JAB009,LDA ROVAL,18520749,SETD JABOATAO,3304557,15029,JABOATAO AEREO,7487.5,782.514,46,45,686.0699999999999,678.3699999999999,7.7000000000000455,-96.444,9.162871452420701,87.67510868815127,UFV — Radiação solar,Comercial (CO),B3,2019-02-14,2025-12-05
NIG029,LSA TROPICAL,18519976,SETD NOVA IGUACU,3303500,15692,NOVA IGUACU,29060.0,718.89,86,85,684.89,682.89,2.0,-34.0,2.3568134893324157,95.27048644437953,UFV — Radiação solar,Residencial (RE),B1,2019-03-20,2025-11-30
MRP00009,LDA ALBERT,224567922,SETD MARAPICU,3303500,15697,MARAPICU,8160.0,682.17,26,26,681.81,682.1700000000001,-0.36000000000012733,-0.36,8.355514705882353,99.94722723074894,UFV — Radiação solar,Comercial (CO),A4,2018-12-28,2025-07-16
CRM0008,LDA BERLIM,280389625,SETD CARMARI,3303500,15691,CARMARI,13920.0,737.87,89,85,680.44,690.24,-9.799999999999955,-57.43,4.888218390804598,92.2167861547427,UFV — Radiação solar,Residencial (RE),B1,2019-05-23,2025-12-09
VRD007,LDA MORADA/PARQUESUL,18520470,SETD VOLTA REDONDA,3306305,14995,RETIRO,6292.5,830.09,77,74,675.09,675.09,0.0,-155.0,10.728486293206197,81.32732595260755,UFV — Radiação solar,Residencial (RE),B1,2019-01-16,2025-12-12
NIG011,LDA PLINIO,18519976,SETD NOVA IGUACU,3303500,15692,NOVA IGUACU,4942.5,677.72,58,57,673.72,673.72,0.0,-4.0,13.631158320687911,99.40978575222806,UFV — Radiação solar,Residencial (RE),B1,2020-08-11,2025-12-04
CRM0011,LDA CABUL,280389625,SETD CARMARI,3303500,15691,CARMARI,10537.5,676.45,100,98,669.95,669.95,0.0,-6.5,6.357769869513642,99.0391011900362,UFV — Radiação solar,Residencial (RE),B1,2019-08-23,2025-11-30
ITP3164,LDS 34901,10385988,SETD ITAPEBA,3304557,15066,ITAPEBA AEREO URBANO,8257.5,708.48,55,54,669.9300000000001,698.8800000000001,-28.950000000000045,-38.55,8.112988192552224,94.55877371273712,UFV — Radiação solar,Residencial (RE),B1,2015-10-29,2025-07-03
AFR015,LDA IMENAGUA,18520461,SETD ARI FRANCO,3304557,15010,ARI FRANCO,8235.0,666.42,94,94,666.42,666.42,0.0,0.0,8.092531876138434,100.0,UFV — Radiação solar,Residencial (RE),B1,2020-02-14,2025-12-11
JAB002,LDA GUARUNA,18520749,SETD JABOATAO,3304557,15029,JABOATAO AEREO,6285.0,672.22,109,109,665.5500000000001,672.2199999999999,-6.669999999999845,-6.67,10.589498806682577,99.00776531492666,UFV — Radiação solar,Residencial (RE),B1,2019-01-08,2025-12-04
PMG001,LDA ALCANTA,18520479,SETD PADRE MIGUEL,3304557,15019,PADRE MIGUEL,6345.0,675.73,75,74,663.1700000000001,669.73,-6.559999999999945,-12.56,10.451851851851853,98.14126944193687,UFV — Radiação solar,Residencial (RE),B1,2019-05-18,2025-12-03
VRD011,LDA CALIFORNIA,18520470,SETD VOLTA REDONDA,3306305,15084,VOLTA REDONDA AEREO AT/MT,9525.0,664.4,87,85,657.7,657.7,0.0,-6.7,6.90498687664042,98.99157134256473,UFV — Radiação solar,Residencial (RE),B1,2019-09-20,2025-12-31
CSO00017,LDA MARGARIDA,18520821,SETD COMENDADOR SOARES,3303500,15048,COMENDADOR SOARES,6697.5,651.68,72,72,651.6800000000001,651.6800000000001,0.0,0.0,9.730197835013065,100.00000000000001,UFV — Radiação solar,Residencial (RE),B1,2019-07-08,2025-11-27
CRM0012,LDA HAVANA,280389625,SETD CARMARI,3303500,15691,CARMARI,9607.5,475.31,70,68,648.8100000000001,440.31,208.50000000000006,173.5,6.7531615925058555,136.50249310975997,UFV — Radiação solar,Residencial (RE),B1,2019-08-05,2025-12-16
PVN9848,LDA ITATIBA,1303,SETD PAVUNA,3304557,14994,PAVUNA,8272.5,863.883,55,54,644.4799999999999,644.4799999999999,0.0,-219.403,7.7906316107585365,74.60269504087937,UFV — Radiação solar,Residencial (RE),B3,2019-06-04,2025-12-12
PCI0014,LDA LUCAS,450101398,SETD PACIENCIA,3304557,16900,PACIENCIA,18075.0,644.86,81,81,644.38,644.86,-0.4800000000000182,-0.48,3.5650345781466113,99.9255652389666,UFV — Radiação solar,Residencial (RE),B1,2018-09-13,2025-12-18
FTL010,LDA LITOGRAFICA,18521064,SETD FONTINELE,3300407,15007,FONTINELE,6017.5,661.26,60,59,641.86,656.2600000000001,-14.400000000000091,-19.4,10.666555878687163,97.06620693826936,UFV — Radiação solar,Residencial (RE),B1,2019-03-15,2025-11-30
NIG010,LDA DYRCE,18519976,SETD NOVA IGUACU,3303500,15692,NOVA IGUACU,11540.0,701.11,90,89,641.78,697.1099999999999,-55.32999999999993,-59.33,5.561351819757365,91.53770449715451,UFV — Radiação solar,Residencial (RE),B1,2018-09-28,2025-12-31
NIG023,LDA ESPLANADA,18519976,SETD NOVA IGUACU,3303500,15692,NOVA IGUACU,5212.5,639.36,48,48,641.76,639.36,2.3999999999999773,2.4,12.311942446043165,100.37537537537537,UFV — Radiação solar,Residencial (RE),B1,2019-03-07,2025-08-26
ABR008,LDA RIBALTA,18520731,SETD AREIA BRANCA,3300456,15054,AREIA BRANCA AEREO,11157.5,718.483,87,86,637.3400000000001,634.97,2.3700000000001182,-81.143,5.712211516916874,88.70634378266433,UFV — Radiação solar,Residencial (RE),B1,2017-01-19,2025-12-16
JAB008,LDA MENDAPO,18520749,SETD JABOATAO,3304557,15029,JABOATAO AEREO,6850.0,639.69,62,62,636.19,639.69,-3.5,-3.5,9.287445255474454,99.45285997905236,UFV — Radiação solar,Comercial (CO),B3,2019-09-09,2025-08-14
CHR0007,LDA BAICURU,18520758,SETD CACHAMORRA,3304557,15029,JABOATAO AEREO,10155.0,634.55,73,72,634.55,634.55,0.0,0.0,6.248645987198424,100.0,UFV — Radiação solar,Residencial (RE),B1,2019-02-26,2025-11-30
ITG0009,LDA VEGEZZI,310129856,SETD ITAGUAI,3302007,15694,ITAGUAI,7840.0,664.83,63,62,633.01,633.01,0.0,-31.82,8.074107142857143,95.21381405772904,UFV — Radiação solar,Comercial (CO),B3,2019-08-16,2025-12-31
CXS0025,LDA NERI,18520785,SETD CAXIAS,3301702,15700,CAXIAS AEREO,9540.0,655.23,73,70,632.83,632.83,0.0,-22.4,6.633438155136269,96.58135311264748,UFV — Radiação solar,Residencial (RE),B1,2019-04-09,2025-11-30
CRO002,LDA CIPRIANO,18521055,SETD COELHO DA ROCHA,3305109,14996,ROSALI,3037.5,657.45,36,36,631.59,657.4499999999999,-25.8599999999999,-25.86,20.793086419753088,96.0666210358202,UFV — Radiação solar,Comercial (CO),A4,2019-02-28,2025-07-22
CRO014,LDA URANIO,18521055,SETD COELHO DA ROCHA,3305109,15035,COELHO DA ROCHA,8707.5,643.75,61,60,629.9,637.9,-8.0,-13.85,7.233993683606086,97.8485436893204,UFV — Radiação solar,Residencial (RE),B1,2018-11-09,2025-11-30
FTL013,LDA BELMONTE,18521064,SETD FONTINELE,3300407,15007,FONTINELE,6837.5,666.56,52,50,625.64,648.64,-23.0,-40.92,9.150127970749542,93.86101776284207,UFV — Radiação solar,Residencial (RE),B1,2019-11-05,2025-12-05
ESP004,LDA FELICARDO,18519958,SETD ESPERANCA,3304557,16899,ESPERANCA AEREO AT/MT,9622.5,620.64,72,72,620.64,620.64,0.0,0.0,6.449883086515978,100.0,UFV — Radiação solar,Residencial (RE),B1,2019-09-03,2025-11-30
PMG008,LDA PIRAQUARA,18520479,SETD PADRE MIGUEL,3304557,15019,PADRE MIGUEL,8910.0,615.34,101,99,619.3400000000001,609.3400000000001,10.0,4.0,6.951066217732886,100.65004712841683,UFV — Radiação solar,Residencial (RE),B1,2019-04-03,2025-11-30
ESP012,LDA ISABEL,18519958,SETD ESPERANCA,3304557,16899,ESPERANCA AEREO AT/MT,7957.5,629.26,52,51,618.96,624.46,-5.5,-10.3,7.7783223374175305,98.36315672377079,UFV — Radiação solar,Residencial (RE),B1,2019-02-14,2025-09-04
RTO002,LDA AMAZONAS,18520875,SETD RETIRO,3306305,14995,RETIRO,7920.0,723.91,88,86,617.21,714.4100000000001,-97.20000000000005,-106.7,7.793055555555555,85.26059869320773,UFV — Radiação solar,Residencial (RE),B1,2017-08-16,2025-11-30
ITG0011,LDA WERNER,310129856,SETD ITAGUAI,3302007,15694,ITAGUAI,9622.5,754.45,91,87,617.01,616.8100000000001,0.1999999999999318,-137.44,6.41215900233827,81.78275564981112,UFV — Radiação solar,Residencial (RE),B1,2019-05-20,2025-12-31
VGE3834,LDA RIGA,1267,SETD VIGARIO GERAL,3304557,15062,VIGARIO GERAL AEREO,7087.5,618.31,56,55,613.6700000000001,613.6700000000001,0.0,-4.64,8.658483245149913,99.24956736911908,UFV — Radiação solar,Residencial (RE),B1,2019-03-06,2025-10-15
BRR0004,LDS 38037,345834478,SETD BARRA 2,3304557,15689,BARRA 2,1420.0,620.48,43,42,611.97,616.48,-4.509999999999991,-8.51,43.096478873239434,98.62848117586384,UFV — Radiação solar,Residencial (RE),B1,2019-03-11,2025-11-30
CMS008,LDA BACAXA,18520839,SETD COSMOS,3304557,16897,COSMOS,14520.0,754.81,63,61,611.8100000000001,611.8100000000001,0.0,-143.0,4.213567493112948,81.0548349915873,UFV — Radiação solar,Comercial (CO),B3,2019-12-18,2025-12-05
JDB939,LDA LOQUINTAS,10385880,SETD JARDIM BOTANICO,3304557,15071,JARDIM BOTANICO AEREO,7862.5,852.974,64,61,610.0,614.86,-4.860000000000014,-242.974,7.758346581875994,71.51448930448055,UFV — Radiação solar,Residencial (RE),B1,2019-06-18,2025-12-02
CAM016,LDA AGLAIA,18520488,SETD CAMARA,3304557,14991,CAMARA,13312.5,719.24,95,90,608.74,608.74,0.0,-110.5,4.5726948356807515,84.63656081419276,UFV — Radiação solar,Residencial (RE),B1,2019-08-13,2025-12-09
RTO011,LDA EUROPA,18520875,SETD RETIRO,3306305,14995,RETIRO,4740.0,733.019,43,41,607.42,607.42,0.0,-125.599,12.81476793248945,82.86551917480992,UFV — Radiação solar,Residencial (RE),B1,2019-12-23,2025-12-11
VVQ9892,LDA TULIPA,1177,SETD VILA VALQUEIRE,3304557,15032,VILA VALQUEIRE,11290.0,611.15,88,87,607.1000000000001,605.6000000000001,1.5,-4.05,5.377325066430471,99.33731489814288,UFV — Radiação solar,Residencial (RE),B1,2019-07-02,2025-11-30
MRT0002,LDA GALVAO,1312,SETD MERITI,3305109,14993,MERITI,4972.5,606.13,74,74,606.13,606.13,0.0,0.0,12.18964303670186,100.0,UFV — Radiação solar,Residencial (RE),B1,2019-08-06,2025-11-25
NIG009,LDA MOQUETA,18519976,SETD NOVA IGUACU,3303500,15692,NOVA IGUACU,11805.0,623.34,80,78,604.29,611.34,-7.050000000000068,-19.05,5.118932655654384,96.94388295312349,UFV — Radiação solar,Residencial (RE),B1,2019-05-09,2025-12-17
ITG0005,LDA CARVALHO,310129856,SETD ITAGUAI,3302007,15694,ITAGUAI,13602.5,3185.874,85,83,604.1700000000001,604.1700000000001,0.0,-2581.704,4.441609998162103,18.96402682591967,UFV — Radiação solar,Residencial (RE),B1,2020-11-24,2025-12-18
MNB016,LDA LUCIFLOR,18520902,SETD MENA BARRETO,3302858,15057,MENA BARRETO AEREO,11265.0,617.03,69,68,602.8299999999999,607.03,-4.2000000000000455,-14.2,5.351353750554815,97.69865322593715,UFV — Radiação solar,Residencial (RE),B1,2019-10-09,2025-12-31
CRM0005,LDA VIENA,280389625,SETD CARMARI,3303500,15691,CARMARI,10807.5,620.83,95,94,602.23,611.73,-9.5,-18.6,5.5723340272958595,97.00401075978931,UFV — Radiação solar,Residencial (RE),B1,2019-08-01,2025-12-03
BPN29872,LDA BRAGA,1159,SETD BRAS DE PINA,3304557,15017,BRAS DE PINA,8160.0,606.45,41,40,597.45,591.45,6.0,-9.0,7.321691176470589,98.51595349987633,UFV — Radiação solar,Comercial (CO),B3,2019-08-30,2025-12-19
CHR010,LDA COMARI,18520758,SETD CACHAMORRA,3304557,15011,CACHAMORRA,7305.0,602.86,70,70,597.36,602.86,-5.5,-5.5,8.17741273100616,99.08768204890023,UFV — Radiação solar,Residencial (RE),B1,2019-04-26,2025-12-18
MTC007,LDA ROSER,1276,SETD MATURACA,3304557,15031,MATURACA AEREO,11450.0,654.32,86,83,596.0899999999999,598.02,-1.9300000000000637,-58.23,5.206026200873362,91.10068468027875,UFV — Radiação solar,Residencial (RE),B1,2018-12-10,2025-12-17
CRO003,LDA GUARANA,18521055,SETD COELHO DA ROCHA,3305109,15035,COELHO DA ROCHA,8280.0,596.63,78,78,595.53,596.63,-1.1000000000000227,-1.1,7.192391304347826,99.81563112816988,UFV — Radiação solar,Residencial (RE),B1,2019-06-10,2025-11-30
ABR014,LDA SERGINA,18520731,SETD AREIA BRANCA,3300456,15054,AREIA BRANCA AEREO,11295.0,609.5,78,75,595.5,595.5,0.0,-14.0,5.272244355909694,97.70303527481542,UFV — Radiação solar,Residencial (RE),B1,2019-05-14,2025-12-17
ALC9801,LDA SILDORO,10385889,SETD ALDEIA CAMPISTA,3304557,15033,ALDEIA CAMPISTA,10820.0,558.4,46,46,590.04,558.4,31.639999999999986,31.64,5.453234750462107,105.66618911174785,UFV — Radiação solar,Comercial (CO),B3,2019-07-12,2025-12-18
CRM0010,LDA PEQUIM,280389625,SETD CARMARI,3303500,15691,CARMARI,6787.5,804.497,38,36,587.0300000000001,647.0300000000001,-60.0,-217.467,8.648692449355433,72.96857539555774,UFV — Radiação solar,Poder Público (PP),A4,2020-10-22,2025-06-05
VVQ9973,LDA CALDAS,1177,SETD VILA VALQUEIRE,3304557,15032,VILA VALQUEIRE,7662.5,768.361,91,90,585.41,591.66,-6.25,-182.951,7.639934747145188,76.18944740818444,UFV — Radiação solar,Residencial (RE),B1,2019-05-27,2025-12-29
SRP013,LDA TELAVIV,18520803,SETD SARAPUI,3301702,15000,SARAPUI,10627.5,597.9,65,63,582.9,582.9,0.0,-15.0,5.484827099505998,97.49121926743602,UFV — Radiação solar,Residencial (RE),B1,2019-06-06,2025-09-27
AFR001,LDA GUAIACA,18520461,SETD ARI FRANCO,3304557,15010,ARI FRANCO,8700.0,604.69,53,51,582.57,592.6899999999999,-10.11999999999989,-22.12,6.696206896551725,96.34192726851775,UFV — Radiação solar,Comercial (CO),B3,2014-03-19,2025-10-08
ITG0006,LDA GUANELLA,310129856,SETD ITAGUAI,3302007,15694,ITAGUAI,7035.0,576.96,78,78,576.96,576.96,0.0,0.0,8.201279317697228,100.0,UFV — Radiação solar,Residencial (RE),B1,2020-10-07,2025-12-19
RTO007,LDA BAHIA,18520875,SETD RETIRO,3306305,14995,RETIRO,9165.0,576.49,39,39,576.49,576.49,0.0,0.0,6.29012547735952,100.0,UFV — Radiação solar,Comercial (CO),B3,2019-04-05,2025-11-30
TUR006,LDA VARGAS,1294,SETD TURIACU,3304557,15002,TURIACU,10020.0,576.38,65,65,576.38,576.38,0.0,0.0,5.752295409181636,100.0,UFV — Radiação solar,Residencial (RE),B1,2020-05-05,2025-12-31
SCI003,LSA RURAL,18520299,SETD SANTA CECILIA,3300308,15082,SANTA CECILIA AEREO AT/MT,31797.5,603.39,70,68,569.0400000000001,573.39,-4.349999999999909,-34.35,1.7895746520952907,94.30716452045942,UFV — Radiação solar,Residencial (RE),B1,2018-01-18,2025-11-30
STC00007,LDA LAZARETO,34192093,SETD SANTA CLARA,3304144,15052,SANTA CLARA AEREO,6997.5,603.9,80,76,567.41,567.41,0.0,-36.49,8.10875312611647,93.95760887564167,UFV — Radiação solar,Residencial (RE),B1,2019-07-31,2025-11-13
CRM0009,LDA LUANDA,280389625,SETD CARMARI,3303500,15691,CARMARI,8235.0,899.233,49,45,559.74,586.91,-27.16999999999996,-339.493,6.797085610200364,62.246381082544794,UFV — Radiação solar,Residencial (RE),B1,2018-06-15,2025-11-30
LBN00004,LDS BERNADOTTE / CODAJAS,55813421,SETD LEBLON,3304557,15071,JARDIM BOTANICO AEREO,7850.0,579.19,37,36,559.5699999999999,562.87,-3.300000000000068,-19.62,7.128280254777069,96.6125105751135,UFV — Radiação solar,Residencial (RE),B1,2015-08-05,2025-12-31
IMT007,LDA EUCALIPTO,18520929,SETD INMETRO,3301702,14997,INMETRO,8480.0,727.387,80,75,559.2499999999999,559.2499999999999,0.0,-168.137,6.5949292452830175,76.88479447666784,UFV — Radiação solar,Residencial (RE),B1,2019-08-23,2025-12-16
MRP00010,LDA TESLA,224567922,SETD MARAPICU,3303500,15697,MARAPICU,16147.5,588.8,45,42,556.44,573.1000000000001,-16.660000000000082,-32.36,3.445982350209011,94.50407608695654,UFV — Radiação solar,Residencial (RE),B1,2019-02-20,2025-08-18
ESP009,LDA ATERLEME,18519958,SETD ESPERANCA,3304557,16899,ESPERANCA AEREO AT/MT,16342.5,559.89,58,57,556.4399999999999,555.8,0.6399999999999864,-3.45,3.4048646167966954,99.38380753362267,UFV — Radiação solar,Comercial (CO),B3,2019-05-02,2025-11-30
ROS00021,LDA CENTAURI,18519985,SETD ROSALI,3305109,14996,ROSALI,6140.0,612.28,28,27,552.28,552.28,0.0,-60.0,8.994788273615635,90.20056183445483,UFV — Radiação solar,Comercial (CO),B3,2020-07-14,2025-10-07
NIG003,LDA TARQUINO,18519976,SETD NOVA IGUACU,3303500,15692,NOVA IGUACU,5775.0,561.07,55,53,551.0699999999999,551.0699999999999,0.0,-10.0,9.542337662337662,98.2176911971768,UFV — Radiação solar,Residencial (RE),B1,2019-04-26,2025-12-04
STC0014,LDA SOMBREIRA,34192093,SETD SANTA CLARA,3304144,15052,SANTA CLARA AEREO,5432.5,569.96,37,35,548.26,548.26,0.0,-21.7,10.09222273354809,96.19271527826514,UFV — Radiação solar,Comercial (CO),B3,2019-05-10,2025-12-11
CCD3044,LDA ANTONIETA,1186,SETD CASCADURA,3304557,15034,CASCADURA AEREO,10335.0,663.233,51,50,547.36,559.36,-12.0,-115.873,5.296178035800677,82.5290659541971,UFV — Radiação solar,Comercial (CO),B3,2019-05-10,2025-12-31
CUR33144,LDA LANDA,10386042,SETD CURICICA,3304557,16903,GARDENIA,6037.5,616.78,15,14,546.78,546.78,0.0,-70.0,9.05639751552795,88.65073445961283,UFV — Radiação solar,Comercial (CO),B3,2019-12-30,2025-11-30
TQR0006,LDA POTIGUAR,10385871,SETD TAQUARA,3304557,15023,TAQUARA AEREO,6812.5,551.67,46,46,541.6700000000001,551.67,-9.999999999999886,-10.0,7.951119266055047,98.18732213098413,UFV — Radiação solar,Residencial (RE),B1,2017-04-12,2025-10-01
PCI0003,LDA COLONOS,450101398,SETD PACIENCIA,3304557,16900,PACIENCIA,10305.0,550.13,26,26,538.1800000000001,550.13,-11.949999999999932,-11.95,5.222513343037361,97.82778615963501,UFV — Radiação solar,Comercial (CO),B3,2018-09-10,2025-11-30
PCI0015,LDA ZIULA,450101398,SETD PACIENCIA,3304557,16899,ESPERANCA AEREO AT/MT,11142.5,537.22,39,39,537.22,537.22,0.0,0.0,4.821359658963428,100.0,UFV — Radiação solar,Residencial (RE),B1,2019-07-30,2025-09-22
PMG002,LDA ANTONIL,18520479,SETD PADRE MIGUEL,3304557,14991,CAMARA,8347.5,500.58,66,65,536.98,496.97999999999996,40.00000000000006,36.4,6.432824198861935,107.27156498461785,UFV — Radiação solar,Residencial (RE),B1,2019-08-26,2025-12-11
ESP005,LDA DOMPEDRO,18519958,SETD ESPERANCA,3304557,16899,ESPERANCA AEREO AT/MT,7897.5,674.267,81,77,536.95,534.68,2.2700000000000955,-137.317,6.7989870212092445,79.63462545252845,UFV — Radiação solar,Residencial (RE),B1,2019-05-16,2025-12-01
RFR002,LSA SABIA,18520767,SETD ROCHA FREIRE,3303500,15693,ROCHA FREIRE AEREO AT/MT,26010.0,572.97,50,48,536.22,536.22,0.0,-36.75,2.06159169550173,93.58605162573956,UFV — Radiação solar,Residencial (RE),B1,2020-01-03,2025-12-12
CSO012,LDA JASMIN,18520821,SETD COMENDADOR SOARES,3303500,15048,COMENDADOR SOARES,8647.5,548.79,75,72,534.3399999999999,534.3399999999999,0.0,-14.45,6.179126915293437,97.36693452869038,UFV — Radiação solar,Residencial (RE),B1,2019-06-04,2025-12-03
CMT29137,LDA FROLICK/LDA LIVRAMENTO,10386051,SETD CAMPO MARTE,3304557,15047,CAMPO MARTE AEREO,11592.5,534.64,34,34,534.11,534.6400000000001,-0.5300000000000864,-0.53,4.607375458270433,99.90086787370942,UFV — Radiação solar,Comercial (CO),B3,2019-01-07,2025-12-31
AGR004,LDA VILAR,1285,SETD AGUA GRANDE,3304557,15045,AGUA GRANDE AEREO,9195.0,534.05,40,40,534.05,534.05,0.0,0.0,5.808047852093528,100.0,UFV — Radiação solar,Residencial (RE),B1,2019-09-26,2025-08-18
VVQ9922,LDA CAMELIA,1177,SETD VILA VALQUEIRE,3304557,15032,VILA VALQUEIRE,6442.5,533.59,58,58,533.59,533.59,0.0,0.0,8.282343810632518,100.0,UFV — Radiação solar,Residencial (RE),B1,2019-05-21,2025-08-19
VGE3154,LDA OTRANTO,1267,SETD VIGARIO GERAL,3304557,15062,VIGARIO GERAL AEREO,4495.0,532.19,17,17,532.1899999999999,532.1899999999999,0.0,-0.0,11.839599555061177,99.99999999999997,UFV — Radiação solar,Comercial (CO),B3,2021-01-12,2025-12-10
PER29452,LDA ARATIN,1240,SETD PEDRO ERNESTO,3304557,15061,PEDRO ERNESTO AEREO,9277.5,543.92,32,32,529.9200000000001,543.9200000000001,-14.0,-14.0,5.711883589329022,97.4260920723636,UFV — Radiação solar,Comercial (CO),B3,2020-03-25,2025-12-11
PER670,LDA MARQUES,1240,SETD PEDRO ERNESTO,3304557,15061,PEDRO ERNESTO AEREO,4537.5,524.66,38,38,528.4100000000001,524.6600000000001,3.75,3.75,11.645399449035814,100.71474859909277,UFV — Radiação solar,Comercial (CO),B1,2019-06-13,2025-12-23
CRO009,LDA TURMALINA,18521055,SETD COELHO DA ROCHA,3305109,15035,COELHO DA ROCHA,6840.0,528.32,51,51,527.02,528.3199999999999,-1.2999999999999545,-1.3,7.704970760233918,99.753937007874,UFV — Radiação solar,Residencial (RE),B1,2019-10-11,2025-11-30
VVQ9884,LDA URUCUIA,1177,SETD VILA VALQUEIRE,3304557,15032,VILA VALQUEIRE,8600.0,523.93,53,53,523.9300000000001,523.9300000000001,0.0,0.0,6.092209302325582,100.00000000000003,UFV — Radiação solar,Residencial (RE),B1,2019-03-18,2025-12-12
VGE3758,LDA GABEIRA,1267,SETD VIGARIO GERAL,3304557,15062,VIGARIO GERAL AEREO,6615.0,584.28,70,68,522.63,522.63,0.0,-61.65,7.900680272108843,89.44855206407887,UFV — Radiação solar,Residencial (RE),B1,2019-05-16,2025-11-30
STS006,LSA METRAL,18521136,SETD SANTISSIMO,3304557,15042,SANTISSIMO AEREO,27780.0,540.34,44,41,522.38,514.7,7.67999999999995,-17.96,1.8804175665946725,96.67616685790428,UFV — Radiação solar,Residencial (RE),B1,2019-02-15,2025-11-11
ABR016,LDA CASEIROS,18520731,SETD AREIA BRANCA,3300456,15054,AREIA BRANCA AEREO,10050.0,529.57,73,73,521.57,529.57,-8.0,-8.0,5.189751243781095,98.48934040825576,UFV — Radiação solar,Residencial (RE),B1,2020-04-20,2025-11-21
ROS017,LDA SOLAR,18519985,SETD ROSALI,3305109,14996,ROSALI,3982.5,520.21,24,24,520.21,520.21,0.0,0.0,13.06239799121155,100.0,UFV — Radiação solar,Industrial (IN),B3,2020-07-30,2025-07-10
VRD0022,LDA PANDIA,18520470,SETD VOLTA REDONDA,3306305,15084,VOLTA REDONDA AEREO AT/MT,8985.0,519.93,56,56,519.9300000000001,519.9300000000001,0.0,0.0,5.786644407345577,100.00000000000003,UFV — Radiação solar,Residencial (RE),B1,2020-01-30,2025-06-28
TRG729,LDA POLONIA,1204,SETD TRIAGEM,3304557,15024,TRIAGEM AEREO,9297.5,530.42,34,34,519.9200000000001,530.4200000000001,-10.5,-10.5,5.592040871201937,98.02043663511937,UFV — Radiação solar,Comercial (CO),B3,2019-05-16,2025-11-06
CAM005,LDA COBE,18520488,SETD CAMARA,3304557,14991,CAMARA,5625.0,514.47,20,20,514.47,514.47,0.0,0.0,9.146133333333333,100.0,UFV — Radiação solar,Comercial (CO),B3,2020-05-11,2025-04-17
NIG017,LDA SESC,18519976,SETD NOVA IGUACU,3303500,15692,NOVA IGUACU,4862.5,530.77,33,32,513.27,513.27,0.0,-17.5,10.555681233933162,96.70290332912562,UFV — Radiação solar,Comercial (CO),B1,2020-12-05,2025-12-08
VGE3947,LDA LACERDA,1267,SETD VIGARIO GERAL,3304557,15062,VIGARIO GERAL AEREO,4950.0,513.0,16,16,513.0,513.0,0.0,0.0,10.363636363636363,100.0,UFV — Radiação solar,Poder Público (PP),B3,2022-03-07,2025-12-18
CSO011,LDA PAPOULA,18520821,SETD COMENDADOR SOARES,3303500,15048,COMENDADOR SOARES,9345.0,521.02,109,108,511.26000000000005,511.26000000000005,0.0,-9.76,5.470947030497593,98.12675137230818,UFV — Radiação solar,Residencial (RE),B1,2019-05-14,2025-12-04
ESP010,LDA MATADOURO,18519958,SETD ESPERANCA,3304557,16899,ESPERANCA AEREO AT/MT,8640.0,509.93,42,42,509.92999999999995,509.92999999999995,0.0,-0.0,5.901967592592592,99.99999999999999,UFV — Radiação solar,Comercial (CO),B3,2019-05-15,2025-11-25
BMT29845,LDA VALDETARO,1195,SETD BOCA DO MATO,3304557,15055,BOCA DO MATO AEREO,7577.5,514.64,40,39,509.64,509.64,0.0,-5.0,6.725701088749587,99.02844706979637,UFV — Radiação solar,Residencial (RE),B1,2019-11-25,2025-11-30
ITG0003,LDA GRACA,310129856,SETD ITAGUAI,3302007,15694,ITAGUAI,7522.5,513.83,83,82,509.19,509.19,0.0,-4.64,6.76889332003988,99.09697759959519,UFV — Radiação solar,Residencial (RE),B1,2019-05-08,2025-11-30
GNB29528,LDA PORTEIRA,1150,SETD GUANABARA,3304557,15037,GUANABARA AEREO,7785.0,535.74,69,65,508.64,512.8499999999999,-4.209999999999923,-27.1,6.5335902376364805,94.94157613767872,UFV — Radiação solar,Residencial (RE),B1,2015-08-17,2025-12-12
WLS002,LDA CAER,18519994,SETD WASHINGTON LUIS,3301702,15073,WASHINGTON LUIS AEREO,12612.5,540.01,39,38,508.01,520.01,-12.0,-32.0,4.02782953419227,94.0741838114109,UFV — Radiação solar,Comercial (CO),B3,2019-08-28,2025-04-11
ITG0010,LDA FEITAL,310129856,SETD ITAGUAI,3302007,15694,ITAGUAI,9645.0,581.52,57,52,506.81999999999994,512.92,-6.100000000000023,-74.7,5.254743390357698,87.15435410647956,UFV — Radiação solar,Residencial (RE),B1,2019-12-20,2025-11-30
TQR00004,LDA LIVRETO,10385871,SETD TAQUARA,3304557,15023,TAQUARA AEREO,5465.7,508.46,59,59,506.06,508.46,-2.3999999999999773,-2.4,9.258832354501711,99.52798646894544,UFV — Radiação solar,Residencial (RE),B1,2019-07-18,2025-11-30
GVD9871,LDA TODILHAS,1213,SETD GOVERNADOR,3304557,15040,GOVERNADOR AEREO,3592.5,506.28,70,70,503.6,506.28000000000003,-2.680000000000007,-2.68,14.018093249826027,99.47064865291934,UFV — Radiação solar,Residencial (RE),B1,2018-07-20,2025-12-08
CBI33798,LDA RABELO,1141,SETD CACHAMBI,3304557,15027,CACHAMBI AEREO,11692.5,502.59,48,48,502.59,502.59,0.0,0.0,4.298396407953817,100.0,UFV — Radiação solar,Residencial (RE),B1,2020-02-03,2025-12-05
ABR005,LDA TAMOIO,18520731,SETD AREIA BRANCA,3300456,15054,AREIA BRANCA AEREO,9285.0,502.47,59,59,502.46999999999997,502.46999999999997,0.0,-0.0,5.411631663974152,100.0,UFV — Radiação solar,Residencial (RE),B1,2019-04-18,2025-11-14
CUR33119,LDA OUTEIRO,10386042,SETD CURICICA,3304557,16901,CURICICA AEREO,8107.5,501.49,59,59,501.48999999999995,501.48999999999995,0.0,-0.0,6.185507246376811,99.99999999999999,UFV — Radiação solar,Residencial (RE),B1,2019-02-14,2025-11-05
AVD33340,LDA MAZZA,10385943,SETD ALVORADA,3304557,15004,ALVORADA,5927.5,500.84,32,32,501.34,500.84,0.5,0.5,8.45786587937579,100.09983228176664,UFV — Radiação solar,Residencial (RE),B1,2019-08-19,2025-07-24
TQR0009,LDA GRAMAMI,10385871,SETD TAQUARA,3304557,15023,TAQUARA AEREO,10527.5,502.76,80,80,500.46,502.76,-2.3000000000000114,-2.3,4.753835193540727,99.5425252605617,UFV — Radiação solar,Residencial (RE),B1,2017-09-13,2025-12-31
RAM33297,LDA TEIXEIRA,1132,SETD RAMOS,3304557,15015,RAMOS AEREO,6952.5,500.2,14,14,500.2,500.2,0.0,0.0,7.194534340165408,100.0,UFV — Radiação solar,Comercial (CO),B3,2021-11-05,2024-10-31
VGE3703,LDA CONRADO,1267,SETD VIGARIO GERAL,3304557,15062,VIGARIO GERAL AEREO,7162.5,559.2,37,35,499.19999999999993,519.1999999999999,-20.0,-60.0,6.969633507853402,89.2703862660944,UFV — Radiação solar,Comercial (CO),B1,2020-08-18,2025-11-30
CRO0035,LDA PERNAMBUCANA,18521055,SETD COELHO DA ROCHA,3305109,15035,COELHO DA ROCHA,8182.5,517.59,77,76,497.59000000000003,497.59000000000003,0.0,-20.0,6.081148793156125,96.1359377113159,UFV — Radiação solar,Residencial (RE),B1,2019-07-19,2025-08-26
ROS016,LDA ORION,18519985,SETD ROSALI,3305109,14996,ROSALI,7290.0,503.64,43,42,496.39000000000004,495.03000000000003,1.3600000000000136,-7.25,6.809190672153636,98.56047970772777,UFV — Radiação solar,Comercial (CO),B3,2019-11-13,2025-11-30
CLG0011,LDA ARAUJO,1249,SETD COLEGIO,3304557,15031,MATURACA AEREO,7297.5,495.08,63,63,495.08,495.08,0.0,0.0,6.784241178485783,100.0,UFV — Radiação solar,Residencial (RE),B1,2019-08-22,2025-12-13
BAR4472,LDS 4472/LDA ALBA,10385907,SETD BARRA,3304557,15013,BARRA AEREO,10757.5,544.13,60,59,494.05,494.13000000000005,-0.08000000000004093,-50.08,4.592609807111318,90.79631705658575,UFV — Radiação solar,Residencial (RE),B1,2019-07-12,2025-11-30
TRV705,LDA JANUARIO,10385898,SETD TROVAO,3304557,15020,TROVAO AEREO,10507.5,500.7,44,43,493.12999999999994,493.19999999999993,-0.06999999999999318,-7.57,4.693123959076849,98.4881166367086,UFV — Radiação solar,Comercial (CO),B3,2018-11-12,2025-11-30
TRG904,LDA SARANDI,1204,SETD TRIAGEM,3304557,15024,TRIAGEM AEREO,5505.0,492.22,8,8,492.22,492.22,0.0,0.0,8.941326067211627,100.0,UFV — Radiação solar,Industrial (IN),A4,2021-03-29,2025-01-13
BAR3176,LDA VIROLA,10385907,SETD BARRA,3304557,15013,BARRA AEREO,9482.5,497.68,52,51,491.68,489.68,2.0,-6.0,5.185130503559188,98.79440604404436,UFV — Radiação solar,Residencial (RE),B1,2019-06-05,2025-12-18
CXS001,LDA PRUDENTE,18520785,SETD CAXIAS,3301702,15700,CAXIAS AEREO,6330.0,566.26,45,44,491.25999999999993,491.25999999999993,0.0,-75.0,7.7608214849921,86.755200791156,UFV — Radiação solar,Comercial (CO),B3,2019-03-18,2025-12-31
SRD004,LSA SHALON,18521154,SETD SEROPEDICA,3305554,15043,SEROPEDICA AEREO,30410.0,756.861,53,50,489.92,489.92,0.0,-266.941,1.6110489970404471,64.73051194340837,UFV — Radiação solar,Residencial (RE),B1,2019-05-13,2025-11-14
DMC660,LDA BURNIER,1168,SETD DEMOCRATICOS,3304557,15056,DEMOCRATICOS AEREO,5002.5,484.28,28,28,489.2799999999999,484.2799999999999,5.0,5.0,9.78070964517741,101.0324605600066,UFV — Radiação solar,Comercial (CO),B3,2020-01-22,2025-12-08
CRM0004,LDA GAZA,280389625,SETD CARMARI,3303500,15691,CARMARI,11625.0,540.61,73,70,488.86,495.61,-6.75,-51.75,4.205247311827957,90.42748006881115,UFV — Radiação solar,Residencial (RE),B1,2019-01-07,2025-11-14
CAM009,LDA CRULIN,18520488,SETD CAMARA,3304557,14991,CAMARA,14842.5,505.59,63,61,487.99,489.59000000000003,-1.6000000000000227,-17.6,3.2877884453427657,96.51891849126763,UFV — Radiação solar,Residencial (RE),B1,2019-07-30,2025-12-19
TUR005,LDA RUBI,1294,SETD TURIACU,3304557,15002,TURIACU,10797.5,487.66,50,50,487.65999999999997,487.65999999999997,0.0,-0.0,4.516415836999306,100.0,UFV — Radiação solar,Residencial (RE),B1,2020-04-01,2025-11-30
AGR003,LDA ANEBI,1285,SETD AGUA GRANDE,3304557,15045,AGUA GRANDE AEREO,5670.0,487.81,67,67,487.21,487.80999999999995,-0.5999999999999659,-0.6,8.592768959435626,99.87700129148644,UFV — Radiação solar,Residencial (RE),B1,2019-10-16,2025-11-30
LPD29027,LDA GURUPI,10386033,SETD LEOPOLDO,3304557,15030,LEOPOLDO AEREO,8677.5,590.973,74,73,485.93,485.93,0.0,-105.043,5.599884759435321,82.22541469745657,UFV — Radiação solar,Residencial (RE),B1,2019-05-17,2025-11-06
PCI3620,LDA GUILHERA,450101398,SETD PACIENCIA,3304557,16897,COSMOS,9667.5,500.4,67,65,483.45,486.95,-3.5,-16.95,5.00077579519007,96.6127098321343,UFV — Radiação solar,Residencial (RE),B1,2020-03-26,2025-12-02
TRG636,LDA LINOMA,1204,SETD TRIAGEM,3304557,15024,TRIAGEM AEREO,10132.5,641.603,30,27,481.81999999999994,481.81999999999994,0.0,-159.783,4.755193683691092,75.09628228047562,UFV — Radiação solar,Comercial (CO),B3,2020-02-03,2025-11-30
SLZ2380,LDS 2380,10386069,SETD SANTA LUZIA,3304557,15016,SANTA LUZIA,6020.0,480.0,1,1,480.0,480.0,0.0,0.0,7.973421926910299,100.0,UFV — Radiação solar,Comercial (CO),B3,2025-12-03,2025-12-03
LPD33255,LDA MARTINELLI,10386033,SETD LEOPOLDO,3304557,15030,LEOPOLDO AEREO,8465.0,518.75,68,65,479.91999999999996,492.41999999999996,-12.5,-38.83,5.669462492616656,92.5146987951807,UFV — Radiação solar,Residencial (RE),B1,2015-11-06,2025-11-30
MRT9954,LDA GETUVAR,1312,SETD MERITI,3305109,14993,MERITI,13207.5,492.19,72,70,479.2900000000001,479.2900000000001,0.0,-12.9,3.628922960439145,97.37906093175401,UFV — Radiação solar,Residencial (RE),B1,2019-08-15,2025-12-12
AGR002,LDA ANTENOR,1285,SETD AGUA GRANDE,3304557,15045,AGUA GRANDE AEREO,6302.5,477.51,24,24,477.51,477.51,0.0,0.0,7.576517255057517,100.0,UFV — Radiação solar,Residencial (RE),B1,2019-10-14,2025-11-30
BRR24124,LDS 24124/LRA HERICIO,345834478,SETD BARRA 2,3304557,15689,BARRA 2,4532.5,516.71,33,33,476.71,516.71,-40.00000000000006,-40.0,10.517595146166574,92.25871378529543,UFV — Radiação solar,Residencial (RE),B1,2019-12-16,2025-09-03
CRO007,LDA GRANRIO,18521055,SETD COELHO DA ROCHA,3305109,15035,COELHO DA ROCHA,8347.5,491.02,44,43,476.62,486.52,-9.899999999999977,-14.4,5.7097334531296795,97.06732923302513,UFV — Radiação solar,Comercial (CO),B1,2019-09-13,2025-12-06
PVN9874,LDA ANTURIO,1303,SETD PAVUNA,3304557,14994,PAVUNA,7690.0,481.91,92,91,476.03000000000003,477.03000000000003,-1.0,-5.88,6.190247074122237,98.77985515967711,UFV — Radiação solar,Residencial (RE),B1,2020-02-04,2025-12-20
ABR018,LDA SALAZAR,18520731,SETD AREIA BRANCA,3300456,15054,AREIA BRANCA AEREO,6735.0,483.75,28,27,475.75,475.75,0.0,-8.0,7.0638455827765405,98.34625322997417,UFV — Radiação solar,Industrial (IN),A4,2021-10-19,2025-06-20
PVN9857,LDA CASTRO,1303,SETD PAVUNA,3304557,14994,PAVUNA,7395.0,474.07,55,55,474.07000000000005,474.07000000000005,0.0,0.0,6.410682893847195,100.00000000000001,UFV — Radiação solar,Comercial (CO),B1,2019-03-25,2025-11-24
TQR60096,LDA APIACAS,10385871,SETD TAQUARA,3304557,15023,TAQUARA AEREO,8540.0,473.67,25,25,473.66999999999996,473.66999999999996,0.0,-0.0,5.546487119437939,99.99999999999999,UFV — Radiação solar,Comercial (CO),B3,2019-08-23,2025-11-30
URG29983,LDA AMALIA,10385979,SETD URUGUAI,3304557,15025,URUGUAI AEREO,7620.0,472.64,54,54,472.63999999999993,472.63999999999993,0.0,-0.0,6.202624671916009,99.99999999999999,UFV — Radiação solar,Residencial (RE),B1,2019-02-22,2025-11-30
STC00011,LDA RAPOSO,34192093,SETD SANTA CLARA,3304144,15052,SANTA CLARA AEREO,6765.0,489.48,54,52,468.92,468.92,0.0,-20.56,6.931559497413156,95.79962409087194,UFV — Radiação solar,Residencial (RE),B1,2019-10-15,2025-11-30
BMT29737,LDA AVEMAR,1195,SETD BOCA DO MATO,3304557,15055,BOCA DO MATO AEREO,10717.5,465.42,63,63,467.70000000000005,465.42,2.2800000000000296,2.28,4.363890832750176,100.4898801082893,UFV — Radiação solar,Residencial (RE),B1,2019-02-18,2025-11-30
PVN0004,LDA PARREIRAS,1303,SETD PAVUNA,3304557,14994,PAVUNA,10980.0,591.903,43,40,467.14,467.14,0.0,-124.763,4.2544626593806925,78.92171521347248,UFV — Radiação solar,Comercial (CO),B1,2019-05-13,2025-12-13
CMT29131,LDA ALENCAR,10386051,SETD CAMPO MARTE,3304557,15047,CAMPO MARTE AEREO,7102.5,498.26,10,9,466.94,466.94,0.0,-31.32,6.574304822245688,93.71412515554128,UFV — Radiação solar,Poder Público (PP),A4,2020-03-16,2025-07-08
GNB34726,LDA ALTEIA,1150,SETD GUANABARA,3304557,15037,GUANABARA AEREO,4785.0,465.29,76,76,466.83000000000004,465.29,1.5400000000000205,1.54,9.756112852664579,100.33097638032196,UFV — Radiação solar,Residencial (RE),B1,2019-05-13,2025-12-10
RTO013,LDA CAFEZAL,18520875,SETD RETIRO,3306305,14995,RETIRO,4852.5,487.27,55,52,465.9100000000001,471.27000000000004,-5.359999999999957,-21.36,9.601442555383825,95.61639337533607,UFV — Radiação solar,Residencial (RE),B1,2020-01-02,2025-11-30
CHR018,LDA POERABA,18520758,SETD CACHAMORRA,3304557,15011,CACHAMORRA,9312.5,468.91,60,59,465.61,465.61,0.0,-3.3,4.999838926174497,99.2962402166727,UFV — Radiação solar,Residencial (RE),B1,2020-10-10,2025-12-09
ROS00020,LDA SEDNA,18519985,SETD ROSALI,3305109,14996,ROSALI,4612.5,465.14,39,39,465.14,465.14,0.0,0.0,10.084336043360434,100.0,UFV — Radiação solar,Residencial (RE),B1,2019-04-25,2025-06-18
MTC001,LDA GUAPORE,1276,SETD MATURACA,3304557,15031,MATURACA AEREO,8632.5,494.21,29,28,464.21000000000004,464.21000000000004,0.0,-30.0,5.377468867651317,93.92970599542704,UFV — Radiação solar,Comercial (CO),A4,2019-07-18,2025-09-02
BPD24650,LDS 24650/CA/M/VI/M/O/S,10385961,SETD BAEPENDI,3304557,15026,BAEPENDI AEREO,10357.5,643.621,76,74,463.78000000000003,468.00000000000006,-4.220000000000027,-179.841,4.4777214578807625,72.05793471623828,UFV — Radiação solar,Residencial (RE),B1,2018-08-21,2025-11-30
VTL014,LDA MAUA,18520794,SETD VILAR DOS TELES,3300456,15072,VILAR DOS TELES AEREO,9090.0,461.7,31,31,461.70000000000005,461.70000000000005,0.0,0.0,5.07920792079208,100.00000000000001,UFV — Radiação solar,Residencial (RE),B1,2020-03-12,2025-11-05
TUR012,LDA CAROLIM,1294,SETD TURIACU,3304557,15002,TURIACU,8265.0,463.94,64,63,460.94,460.94,0.0,-3.0,5.577011494252874,99.35336465922317,UFV — Radiação solar,Residencial (RE),B1,2019-04-04,2025-12-02
CAM018,LDA AXIXA,18520488,SETD CAMARA,3304557,14991,CAMARA,10575.0,461.04,61,60,460.41,457.04,3.3700000000000045,-0.63,4.353758865248227,99.86335242061426,UFV — Radiação solar,Residencial (RE),B1,2019-04-27,2025-12-01
DMC3149,LDA DARMATOS/POLACE,1168,SETD DEMOCRATICOS,3304557,15056,DEMOCRATICOS AEREO,9747.5,461.58,51,51,459.38,461.58,-2.1999999999999886,-2.2,4.71279815337266,99.52337622947269,UFV — Radiação solar,Residencial (RE),B1,2019-05-27,2025-11-05
CUR33764,LDA MAPUA,10386042,SETD CURICICA,3304557,16901,CURICICA AEREO,14047.5,509.64,66,66,457.84,509.64,-51.80000000000001,-51.8,3.2592276205730557,89.83596264029511,UFV — Radiação solar,Residencial (RE),B1,2020-03-23,2025-11-30
AGR010,LDA FRANCA,1285,SETD AGUA GRANDE,3304557,15045,AGUA GRANDE AEREO,10052.5,456.03,60,60,456.03000000000003,456.03000000000003,0.0,0.0,4.536483461825417,100.0,UFV — Radiação solar,Residencial (RE),B1,2019-03-13,2025-12-05
VVQ9912,LDA JAMBEIRO,1177,SETD VILA VALQUEIRE,3304557,15032,VILA VALQUEIRE,8062.5,484.66,46,44,452.6599999999999,452.6599999999999,0.0,-32.0,5.614387596899224,93.39743325217677,UFV — Radiação solar,Residencial (RE),B1,2019-05-07,2025-12-04
HMT3463A,LDS 24903/LDS 1872,10386096,SETD HUMAITA,3304557,15059,HUMAITA SUBTERRANEO,7110.0,503.53,36,36,450.71999999999997,503.5299999999999,-52.809999999999945,-52.81,6.339240506329114,89.5120449625643,UFV — Radiação solar,Comercial (CO),B3,2018-10-19,2025-06-26
CCD803,LDA PADRETEL,1186,SETD CASCADURA,3304557,15034,CASCADURA AEREO,9735.0,445.35,44,43,447.34999999999997,437.34999999999997,10.0,2.0,4.595274781715459,100.44908498933422,UFV — Radiação solar,Comercial (CO),B3,2019-11-01,2025-12-03
ESP006,LDA CILON,18519958,SETD ESPERANCA,3304557,16899,ESPERANCA AEREO AT/MT,11460.0,447.28,16,16,447.28000000000003,447.28000000000003,0.0,0.0,3.9029668411867364,100.0,UFV — Radiação solar,Comercial (CO),B3,2019-08-09,2025-11-30
CUR33133,LDA ICARO,10386042,SETD CURICICA,3304557,16901,CURICICA AEREO,9735.0,446.25,49,49,446.25,446.25,0.0,0.0,4.583975346687211,100.0,UFV — Radiação solar,Residencial (RE),B1,2019-03-21,2025-11-03
MNB007,LDA WALLACE,18520902,SETD MENA BARRETO,3302858,15057,MENA BARRETO AEREO,7927.5,444.91,68,68,444.90999999999997,444.90999999999997,0.0,-0.0,5.612235887732576,100.0,UFV — Radiação solar,Residencial (RE),B1,2019-03-25,2025-12-01
TUR001,LDA CANANEIA,1294,SETD TURIACU,3304557,15002,TURIACU,7950.0,463.39,71,69,443.89000000000004,443.89000000000004,0.0,-19.5,5.583522012578618,95.79188156844128,UFV — Radiação solar,Residencial (RE),B1,2020-09-14,2025-12-31
VVQ9898,LDA JAPOREMA,1177,SETD VILA VALQUEIRE,3304557,15032,VILA VALQUEIRE,9160.0,482.7,61,60,443.7,462.7,-19.0,-39.0,4.843886462882096,91.92044748290864,UFV — Radiação solar,Residencial (RE),B1,2019-01-30,2025-12-11
PDD9896,LDA JOMINGUES,1231,SETD PIEDADE,3304557,14998,PIEDADE,8820.0,505.71,47,46,443.27,441.71,1.5600000000000023,-62.44,5.025736961451247,87.6530027090625,UFV — Radiação solar,Residencial (RE),B1,2017-10-30,2025-11-30
BAR3121,LDS 4868,10385907,SETD BARRA,3304557,15690,BARRA SUBTERRANEO,9295.0,463.46,35,35,442.99999999999994,463.46,-20.460000000000036,-20.46,4.766003227541688,95.58537953652957,UFV — Radiação solar,Residencial (RE),B1,2017-05-08,2025-03-19
GNB29340,LDA ABITIRUM,1150,SETD GUANABARA,3304557,15037,GUANABARA AEREO,8557.5,445.37,69,69,442.37,445.37,-3.0,-3.0,5.169383581653521,99.32640276623931,UFV — Radiação solar,Residencial (RE),B1,2018-06-22,2025-12-31
PDD29568,LDA MUCURY,1231,SETD PIEDADE,3304557,14998,PIEDADE,9085.0,443.89,54,54,442.08,443.89,-1.8100000000000023,-1.81,4.866042927903137,99.59224132104801,UFV — Radiação solar,Residencial (RE),B1,2019-07-16,2025-12-08
CLG0003,LDA ITAIM,1249,SETD COLEGIO,3304557,15021,COLEGIO AEREO,7222.5,443.55,44,44,442.04999999999995,443.54999999999995,-1.5,-1.5,6.120456905503634,99.66181941156576,UFV — Radiação solar,Residencial (RE),B1,2020-03-26,2025-11-30
CXS004,LDA DOLORES,18520785,SETD CAXIAS,3301702,15700,CAXIAS AEREO,8025.0,449.3,52,51,441.29999999999995,443.29999999999995,-2.0,-8.0,5.499065420560747,98.21945248163809,UFV — Radiação solar,Residencial (RE),B1,2019-05-30,2025-08-26
CAM012,LDA ABAETE,18520488,SETD CAMARA,3304557,14991,CAMARA,6795.0,464.38,36,35,441.24,457.24,-16.0,-23.14,6.493598233995585,95.01701192988502,UFV — Radiação solar,Comercial (CO),B3,2020-11-23,2025-11-10
NIG006,LDA CLEDON,18519976,SETD NOVA IGUACU,3303500,15692,NOVA IGUACU,8077.5,440.55,53,53,440.54999999999995,440.54999999999995,0.0,-0.0,5.454038997214484,99.99999999999999,UFV — Radiação solar,Residencial (RE),B1,2019-03-01,2025-12-06
ABR001,LDA FARRULA,18520731,SETD AREIA BRANCA,3300456,15054,AREIA BRANCA AEREO,11602.5,439.3,45,45,439.3,439.3,0.0,0.0,3.786252962723551,100.0,UFV — Radiação solar,Residencial (RE),B1,2019-08-12,2025-12-15
RCP29399,LDA MORSILVA,10386006,SETD RIO COMPRIDO,3304557,15058,RIO COMPRIDO AEREO,10440.0,452.94,42,42,438.42,452.94,-14.519999999999982,-14.52,4.199425287356322,96.79427738773347,UFV — Radiação solar,Residencial (RE),B1,2018-07-17,2025-11-30
WLS00011,LDA SALGAMA,18519994,SETD WASHINGTON LUIS,3301702,15073,WASHINGTON LUIS AEREO,4792.5,442.89,50,50,438.27,442.89,-4.6200000000000045,-4.62,9.14491392801252,98.95685158843054,UFV — Radiação solar,Residencial (RE),B1,2019-03-01,2025-09-29
ITP33396,LDA SERNAMBI,10385988,SETD ITAPEBA,3304557,15066,ITAPEBA AEREO URBANO,14870.0,449.98,66,65,438.05,444.98,-6.930000000000007,-11.93,2.9458641560188297,97.3487710564914,UFV — Radiação solar,Residencial (RE),B1,2018-06-26,2025-12-09
CUR33309,LDA SALVADOR,10386042,SETD CURICICA,3304557,16901,CURICICA AEREO,14922.5,479.61,30,28,437.61,437.61,0.0,-42.0,2.9325515161668623,91.2428848439357,UFV — Radiação solar,Comercial (CO),B3,2019-12-26,2025-11-30
SRP00012,LDA IPORANGA,18520803,SETD SARAPUI,3301702,15000,SARAPUI,9900.0,442.92,32,31,436.92,437.92,-1.0,-6.0,4.413333333333333,98.64535356272013,UFV — Radiação solar,Comercial (CO),B3,2020-02-10,2025-11-30
TRS007,LDA MACONARIA,18520326,SETD TRES RIOS,3306008,15087,TRES RIOS AEREO AT/MT,9342.5,449.95,61,60,433.95,433.95,0.0,-16.0,4.6449023280706445,96.44404933881543,UFV — Radiação solar,Residencial (RE),B1,2019-12-30,2025-12-11
BAR3462,LDS 34853/RIBAS/VIBARRA,10385907,SETD BARRA,3304557,15690,BARRA SUBTERRANEO,1077.5,426.56,51,51,433.62999999999994,426.56,7.069999999999936,7.07,40.244083526682125,101.65744561140284,UFV — Radiação solar,Residencial (RE),B1,2019-05-13,2025-11-12
RCP9821,LDA ALZIBRAM,10386006,SETD RIO COMPRIDO,3304557,15058,RIO COMPRIDO AEREO,11587.5,428.63,49,49,433.13,428.63,4.5,4.5,3.7379072276159655,101.049856519609,UFV — Radiação solar,Comercial (CO),B3,2018-07-31,2025-11-30
BAR29691,LDA ITALIA,10385907,SETD BARRA,3304557,15013,BARRA AEREO,7027.5,433.1,48,48,433.1,433.1,0.0,0.0,6.162931341159729,100.0,UFV — Radiação solar,Residencial (RE),B1,2019-04-29,2025-12-04
ABR003,LDA PRATA,18520731,SETD AREIA BRANCA,3300456,15054,AREIA BRANCA AEREO,8505.0,437.47,40,39,432.47,432.47,0.0,-5.0,5.084891240446796,98.85706448442178,UFV — Radiação solar,Residencial (RE),B1,2019-08-15,2025-11-03
JDB29572,LDA CASTORINA,10385880,SETD JARDIM BOTANICO,3304557,15071,JARDIM BOTANICO AEREO,6502.5,432.24,58,58,432.24,432.24,0.0,0.0,6.647289504036909,100.0,UFV — Radiação solar,Residencial (RE),B1,2019-09-06,2025-12-23
CHR012,LDA AROAQUI,18520758,SETD CACHAMORRA,3304557,15011,CACHAMORRA,4012.5,493.95,40,38,430.82000000000005,429.55,1.2700000000000387,-63.13,10.736947040498444,87.21935418564634,UFV — Radiação solar,Residencial (RE),B1,2019-04-26,2025-08-04
PCI0010,LDA PITOMBEIRA,450101398,SETD PACIENCIA,3304557,16900,PACIENCIA,7672.5,454.05,46,45,430.75,415.04999999999995,15.700000000000045,-23.3,5.614206581948517,94.86840656315384,UFV — Radiação solar,Residencial (RE),B1,2019-12-20,2025-12-09
CMS012,LDA FURADO,18520839,SETD COSMOS,3304557,16897,COSMOS,11505.0,433.25,49,48,428.75,428.75,0.0,-4.5,3.7266405910473708,98.96133871898442,UFV — Radiação solar,Residencial (RE),B1,2019-07-18,2025-12-12
CBI33795,LDA TOLEDO,1141,SETD CACHAMBI,3304557,15027,CACHAMBI AEREO,10402.5,428.53,43,43,427.87000000000006,428.53000000000003,-0.6599999999999682,-0.66,4.113145878394618,99.84598511189418,UFV — Radiação solar,Residencial (RE),B1,2019-04-26,2025-12-10
AFR006,LDA CUPERTIBA,18520461,SETD ARI FRANCO,3304557,15010,ARI FRANCO,7980.0,442.32,41,41,427.32,442.32,-15.0,-15.0,5.354887218045112,96.60879001627781,UFV — Radiação solar,Residencial (RE),B1,2019-05-20,2025-09-18
CBI24955,LDA LAGETINS,1141,SETD CACHAMBI,3304557,15027,CACHAMBI AEREO,10212.5,426.13,43,43,426.13,426.13,0.0,0.0,4.172631578947368,100.0,UFV — Radiação solar,Residencial (RE),B1,2019-10-04,2025-11-30
GNB29257,LDA NAUTICA,1150,SETD GUANABARA,3304557,15037,GUANABARA AEREO,11302.5,431.12,58,57,425.12,425.12,0.0,-6.0,3.7612917496129175,98.60827611801818,UFV — Radiação solar,Residencial (RE),B1,2020-01-02,2025-11-30
BMT29601,LDA ADOLFO,1195,SETD BOCA DO MATO,3304557,15055,BOCA DO MATO AEREO,12587.5,423.55,57,57,423.54999999999995,423.54999999999995,0.0,-0.0,3.364846077457795,99.99999999999999,UFV — Radiação solar,Residencial (RE),B1,2019-12-05,2025-12-05
MNB014,LDA LUSSAC,18520902,SETD MENA BARRETO,3302858,15057,MENA BARRETO AEREO,7515.0,422.22,42,42,422.21999999999997,422.21999999999997,0.0,-0.0,5.6183632734530935,100.0,UFV — Radiação solar,Residencial (RE),B1,2019-08-07,2025-12-08
JAB003,LDA PAULAFON,18520749,SETD JABOATAO,3304557,15029,JABOATAO AEREO,3855.0,421.81,44,44,421.78999999999996,421.81,-0.020000000000038654,-0.02,10.941374837872893,99.99525852872146,UFV — Radiação solar,Residencial (RE),B1,2019-03-18,2025-11-19
CXS011,LDA CASSIPORE,18520785,SETD CAXIAS,3301702,15700,CAXIAS AEREO,7237.5,421.77,61,61,421.77,421.77,0.0,0.0,5.827564766839378,100.0,UFV — Radiação solar,Residencial (RE),B1,2019-09-10,2025-11-30
CRM0006,LDA RIAD,280389625,SETD CARMARI,3303500,15691,CARMARI,9457.5,426.8,49,47,416.82,417.2,-0.37999999999999545,-9.98,4.407295796986519,97.66166822867854,UFV — Radiação solar,Residencial (RE),B1,2019-05-29,2025-11-11
CUR33334,LDA DOURADA,10386042,SETD CURICICA,3304557,16901,CURICICA AEREO,15507.5,566.72,28,26,416.71999999999997,416.71999999999997,0.0,-150.0,2.6872158632919554,73.53190287972896,UFV — Radiação solar,Comercial (CO),B3,2022-04-01,2025-12-11
VVQ33140,LDA TELES,1177,SETD VILA VALQUEIRE,3304557,15032,VILA VALQUEIRE,8812.5,415.65,52,52,415.65,415.65,0.0,0.0,4.716595744680851,100.0,UFV — Radiação solar,Residencial (RE),B1,2019-05-17,2025-11-18
LPD29159,LDA LEMAX,10386033,SETD LEOPOLDO,3304557,15030,LEOPOLDO AEREO,9335.0,378.72,50,50,415.52,378.72,36.799999999999955,36.8,4.45120514193894,109.71694127587664,UFV — Radiação solar,Residencial (RE),B1,2019-01-04,2025-12-04
PMG004,LDA LIMITES,18520479,SETD PADRE MIGUEL,3304557,15019,PADRE MIGUEL,8356.4,452.93,56,55,414.93000000000006,412.93000000000006,2.0,-38.0,4.965415729261405,91.61018258892103,UFV — Radiação solar,Residencial (RE),B1,2018-12-28,2025-12-09
PDD9861,LDA GLERMINA,1231,SETD PIEDADE,3304557,14998,PIEDADE,9837.5,426.06,53,52,414.14,416.06,-1.920000000000016,-11.92,4.209809402795425,97.20227198047223,UFV — Radiação solar,Residencial (RE),B1,2021-05-10,2025-12-10
CHR002,LDA MORICA,18520758,SETD CACHAMORRA,3304557,15011,CACHAMORRA,6997.5,414.27,70,69,413.79,409.37,4.420000000000016,-0.48,5.913397642015005,99.88413353609965,UFV — Radiação solar,Residencial (RE),B1,2019-07-04,2025-12-09
STC00004,LDA SANCARLO,34192093,SETD SANTA CLARA,3304144,15052,SANTA CLARA AEREO,7050.0,422.01,46,44,412.3299999999999,412.3299999999999,0.0,-9.68,5.848652482269502,97.70621549252385,UFV — Radiação solar,Residencial (RE),B1,2019-02-28,2025-12-17
AGR012,LDA UBIRA,1285,SETD AGUA GRANDE,3304557,15045,AGUA GRANDE AEREO,9592.5,403.67,56,55,412.16999999999996,399.16999999999996,13.0,8.5,4.296794370602032,102.10568038249063,UFV — Radiação solar,Residencial (RE),B1,2019-10-11,2025-12-09
CBI24854,LDA MENDEVAZ,1141,SETD CACHAMBI,3304557,15027,CACHAMBI AEREO,8867.5,410.4,31,31,410.4,410.4,0.0,0.0,4.6281364533408516,100.0,UFV — Radiação solar,Comercial (CO),B3,2019-09-26,2025-12-15
JDB807,LDS 807/ESTR/CAIOMAR,10385880,SETD JARDIM BOTANICO,3304557,15071,JARDIM BOTANICO AEREO,5137.5,636.251,43,40,410.37,465.87,-55.5,-225.881,7.987737226277372,64.4981304548048,UFV — Radiação solar,Residencial (RE),B1,2017-08-09,2025-12-18
MNB013,LDA GRINALDINA,18520902,SETD MENA BARRETO,3302858,15057,MENA BARRETO AEREO,10275.0,415.97,45,45,409.88999999999993,415.96999999999997,-6.080000000000041,-6.08,3.9891970802919703,98.53835613145176,UFV — Radiação solar,Residencial (RE),B1,2018-01-05,2025-09-19
CCD910,LDA SHOPICEM,1186,SETD CASCADURA,3304557,15034,CASCADURA AEREO,9680.0,429.32,57,54,409.74,408.57000000000005,1.169999999999959,-19.58,4.232851239669421,95.43929935712289,UFV — Radiação solar,Residencial (RE),B1,2019-01-17,2025-12-10
AFR005,LDA DRICA,18520461,SETD ARI FRANCO,3304557,15010,ARI FRANCO,13612.5,395.8,38,38,409.37,395.8,13.569999999999993,13.57,3.007309458218549,103.42849924204143,UFV — Radiação solar,Residencial (RE),B1,2019-12-04,2025-11-30
RCP33207,LDA SIQUEIRA,10386006,SETD RIO COMPRIDO,3304557,15058,RIO COMPRIDO AEREO,7297.5,408.37,52,52,408.37,408.37,0.0,0.0,5.596026036313806,100.0,UFV — Radiação solar,Residencial (RE),B1,2019-02-25,2025-11-30
MNB004,LDA GOCEPE,18520902,SETD MENA BARRETO,3302858,15057,MENA BARRETO AEREO,8340.0,408.2,65,65,408.20000000000005,408.20000000000005,0.0,0.0,4.894484412470025,100.00000000000001,UFV — Radiação solar,Residencial (RE),B1,2019-11-18,2025-12-04
MRT9928,LDA ITABORA,1312,SETD MERITI,3305109,14993,MERITI,9427.5,451.1,38,35,407.5,407.5,0.0,-43.6,4.322460885706709,90.33473730880071,UFV — Radiação solar,Residencial (RE),B1,2020-03-30,2025-11-30
CRO001,LDA VICENTINA,18521055,SETD COELHO DA ROCHA,3305109,15035,COELHO DA ROCHA,3535.0,406.3,9,9,406.3,406.3,0.0,0.0,11.493635077793494,100.0,UFV — Radiação solar,Industrial (IN),A4,2021-09-02,2025-04-09
JDB932,LDS 932/ANG/FARO/EUGENIA,10385880,SETD JARDIM BOTANICO,3304557,15071,JARDIM BOTANICO AEREO,8227.5,406.08,44,44,406.08000000000004,406.08000000000004,0.0,0.0,4.935642661804923,100.00000000000003,UFV — Radiação solar,Residencial (RE),B1,2010-09-23,2025-12-17
CXS013,LDA FLORES,18520785,SETD CAXIAS,3301702,15700,CAXIAS AEREO,6825.0,413.18,58,57,405.18,405.18,0.0,-8.0,5.936703296703297,98.06379786049663,UFV — Radiação solar,Residencial (RE),B1,2020-08-25,2025-12-06
REC00004,LDA GUIOMAR,132097219,SETD RECREIO,3304557,14999,RECREIO,13750.0,458.02,27,26,398.02000000000004,398.02000000000004,0.0,-60.0,2.8946909090909094,86.90013536526791,UFV — Radiação solar,Residencial (RE),B1,2020-12-22,2025-12-04
CBI24826,LDA TENCOSTA,1141,SETD CACHAMBI,3304557,15027,CACHAMBI AEREO,7665.0,425.42,64,61,395.62,395.62,0.0,-29.8,5.161382909328115,92.99515772648206,UFV — Radiação solar,Residencial (RE),B1,2019-10-01,2025-11-30
MNB012,LDA CAETANO,18520902,SETD MENA BARRETO,3302858,15057,MENA BARRETO AEREO,6450.0,461.25,52,49,395.25,433.25000000000006,-38.00000000000006,-66.0,6.127906976744186,85.6910569105691,UFV — Radiação solar,Residencial (RE),B1,2019-09-13,2025-11-10
HMT3401,LDS 1762/LDS 1111/ROCHA/MONACO/SOROCABA,10386096,SETD HUMAITA,3304557,15022,HUMAITA AEREO,11317.5,424.27,47,46,395.20000000000005,394.27000000000004,0.9300000000000068,-29.07,3.491937265297107,93.14823107926559,UFV — Radiação solar,Residencial (RE),B1,2019-02-26,2025-09-19
DMC772,LDA DONABEL,1168,SETD DEMOCRATICOS,3304557,15056,DEMOCRATICOS AEREO,10860.0,394.4,11,11,394.4,394.4,0.0,0.0,3.6316758747697975,100.0,UFV — Radiação solar,Comercial (CO),B3,2021-11-09,2025-06-04
PDD3984,LDA ONDINA/MASSON,1231,SETD PIEDADE,3304557,14998,PIEDADE,8972.5,512.384,43,39,393.68000000000006,380.03,13.650000000000091,-118.704,4.387628865979382,76.83300024981266,UFV — Radiação solar,Residencial (RE),B1,2020-06-03,2025-08-16
CXS021,LDA NINA,18520785,SETD CAXIAS,3301702,15700,CAXIAS AEREO,8700.0,393.64,51,51,393.64,393.64,0.0,0.0,4.524597701149426,100.0,UFV — Radiação solar,Residencial (RE),B1,2020-01-03,2025-12-03
CRO00010,LDA DIAMANTE,18521055,SETD COELHO DA ROCHA,3305109,15035,COELHO DA ROCHA,6742.5,392.91,54,54,393.40999999999997,392.90999999999997,0.5,0.5,5.834779384501298,100.12725560560942,UFV — Radiação solar,Residencial (RE),B1,2020-04-06,2025-12-04
CBI33810,LDA VIEIRA,1141,SETD CACHAMBI,3304557,15027,CACHAMBI AEREO,4827.5,393.3,38,38,393.3,393.3,0.0,0.0,8.147074054893837,100.0,UFV — Radiação solar,Residencial (RE),B1,2019-08-12,2025-12-05
WLS00013,LDA DIONISIO,18519994,SETD WASHINGTON LUIS,3301702,15073,WASHINGTON LUIS AEREO,7625.0,392.82,45,45,392.82,392.82,0.0,0.0,5.151737704918033,100.0,UFV — Radiação solar,Residencial (RE),B1,2019-07-30,2025-08-07
TER29079,LDA RAINHA,1123,SETD TERRA NOVA,3304557,15044,TERRA NOVA AEREO,10380.0,392.68,30,30,392.68,392.68,0.0,0.0,3.783044315992293,100.0,UFV — Radiação solar,Residencial (RE),B1,2020-03-16,2025-12-02
RTO00014,LDA LUXEMBURGO,18520875,SETD RETIRO,3306305,14995,RETIRO,5107.5,399.57,58,57,392.16999999999996,395.57,-3.400000000000034,-7.4,7.6783162016642175,98.14800910979301,UFV — Radiação solar,Residencial (RE),B1,2019-06-13,2025-12-09
ROS001,LDA PLUTAO,18519985,SETD ROSALI,3305109,14996,ROSALI,3300.0,391.7,14,14,391.7,391.7,0.0,0.0,11.86969696969697,100.0,UFV — Radiação solar,Comercial (CO),A4,2020-05-08,2025-06-27
PMG010,LDA ALMEIDA,18520479,SETD PADRE MIGUEL,3304557,15019,PADRE MIGUEL,6517.5,416.68,56,54,391.68,393.68,-2.0,-25.0,6.009666283084004,94.00019199385619,UFV — Radiação solar,Residencial (RE),B1,2019-09-12,2025-08-01
BPD4813,LDS 4813/COSVELHO/PAINEIRAS,10385961,SETD BAEPENDI,3304557,15026,BAEPENDI AEREO,3412.5,391.63,46,46,391.62999999999994,391.62999999999994,0.0,-0.0,11.476336996336995,99.99999999999999,UFV — Radiação solar,Residencial (RE),B1,2020-02-21,2025-10-22
JDB3190,LDS 4313/4073/REGIA/BOGARINA/LRA RESEDA/LRA SACOPA/LRA CONMASO/LRA BAROCOPO,10385880,SETD JARDIM BOTANICO,3304557,15071,JARDIM BOTANICO AEREO,8540.0,392.66,55,55,390.65999999999997,392.65999999999997,-2.0,-2.0,4.574473067915691,99.49065349157031,UFV — Radiação solar,Residencial (RE),B1,2014-09-29,2025-11-05
PDG29748,LDA WERNECK,10385916,SETD PORTA DAGUA,3304557,16902,PORTA DAGUA AEREO,10062.5,389.54,31,31,389.54,389.54,0.0,0.0,3.8712049689440993,100.0,UFV — Radiação solar,Comercial (CO),B3,2021-09-01,2025-11-30
CCD757,LDA CAVALCANTE,1186,SETD CASCADURA,3304557,15034,CASCADURA AEREO,7785.0,528.083,43,42,387.9,387.9,0.0,-140.183,4.982658959537572,73.45436228774643,UFV — Radiação solar,Comercial (CO),B1,2019-12-23,2025-11-30
URG29968,LDA CAREFIN,10385979,SETD URUGUAI,3304557,15025,URUGUAI AEREO,5782.5,387.78,39,39,387.78000000000003,387.78000000000003,0.0,0.0,6.70609597924773,100.0,UFV — Radiação solar,Residencial (RE),B1,2019-04-09,2025-11-10
WLS00014,LDA BRIGADEIRO,18519994,SETD WASHINGTON LUIS,3301702,15073,WASHINGTON LUIS AEREO,11265.0,397.97,62,60,386.97,386.97,0.0,-11.0,3.4351531291611184,97.23597256074578,UFV — Radiação solar,Residencial (RE),B1,2020-08-04,2025-12-03
MTC012,LDA LIBIA,1276,SETD MATURACA,3304557,15031,MATURACA AEREO,10110.0,392.69,53,52,386.69,386.69,0.0,-6.0,3.824826904055391,98.4720772110316,UFV — Radiação solar,Residencial (RE),B1,2019-12-03,2025-11-30
MRP00004,LDA DAVINCI,224567922,SETD MARAPICU,3303500,15697,MARAPICU,8460.0,387.62,37,37,385.92,387.62,-1.6999999999999886,-1.7,4.561702127659575,99.56142613900211,UFV — Radiação solar,Residencial (RE),B1,2018-01-22,2025-12-02
BRR30503,LDS 30503,345834478,SETD BARRA 2,3304557,15689,BARRA 2,8970.0,388.25,16,16,385.25,388.25,-3.0,-3.0,4.294871794871795,99.2273019961365,UFV — Radiação solar,Comercial (CO),B3,2020-01-13,2025-11-30
PMG007,LDA VALENTIM,18520479,SETD PADRE MIGUEL,3304557,15019,PADRE MIGUEL,7612.5,385.06,60,60,385.06000000000006,385.06000000000006,0.0,0.0,5.058259441707719,100.00000000000001,UFV — Radiação solar,Residencial (RE),B1,2019-06-11,2025-11-30
ZIN004,LDA SANCRUZ,18520911,SETD ZONA INDUSTRIAL,3304557,15696,ZONA INDUSTRIAL,8895.0,383.72,23,23,383.71999999999997,383.71999999999997,0.0,-0.0,4.313884204609331,99.99999999999999,UFV — Radiação solar,Comercial (CO),B3,2020-07-21,2025-09-19
ITP0004,LDA NAPOLIS,10385988,SETD ITAPEBA,3304557,15066,ITAPEBA AEREO URBANO,9495.0,387.34,41,40,382.74,382.74,0.0,-4.6,4.030963665086888,98.81241286724841,UFV — Radiação solar,Residencial (RE),B1,2019-10-17,2025-11-06
AVD33351,LDS 33351,10385943,SETD ALVORADA,3304557,15004,ALVORADA,10880.0,382.31,19,19,382.31000000000006,382.31000000000006,0.0,0.0,3.513878676470589,100.00000000000001,UFV — Radiação solar,Comercial (CO),B3,2020-01-24,2025-11-30
ALC740,LDA TAMARATI/ LDA MAFREIRE,10385889,SETD ALDEIA CAMPISTA,3304557,15033,ALDEIA CAMPISTA,7732.5,392.01,70,68,381.96000000000004,381.96000000000004,0.0,-10.05,4.939670223084384,97.43628989056401,UFV — Radiação solar,Residencial (RE),B1,2019-05-06,2025-11-12
CSO014,LDA THOMAZ,18520821,SETD COMENDADOR SOARES,3303500,15048,COMENDADOR SOARES,5677.5,394.82,67,66,381.82,388.82,-7.0,-13.0,6.725143108762659,96.70736031609341,UFV — Radiação solar,Residencial (RE),B1,2019-04-30,2025-12-02
AFR009,LDA CATIRI,18520461,SETD ARI FRANCO,3304557,15010,ARI FRANCO,6217.5,381.32,62,62,381.32,381.32,0.0,0.0,6.133011660635304,100.0,UFV — Radiação solar,Residencial (RE),B1,2020-06-17,2025-08-11
AGR005,LDA ANIBAL,1285,SETD AGUA GRANDE,3304557,15045,AGUA GRANDE AEREO,6765.0,393.85,56,54,380.65000000000003,380.65000000000003,0.0,-13.2,5.626755358462676,96.6484702297829,UFV — Radiação solar,Residencial (RE),B1,2019-04-11,2025-12-12
CRO006,LDA COSTALIMA,18521055,SETD COELHO DA ROCHA,3305109,15054,AREIA BRANCA AEREO,5617.5,383.37,44,44,380.59000000000003,383.37,-2.7799999999999727,-2.78,6.7750778816199375,99.27485197068107,UFV — Radiação solar,Residencial (RE),B1,2019-05-21,2025-09-19
JAB00018,LDA CAROBA,18520749,SETD JABOATAO,3304557,15029,JABOATAO AEREO,7215.0,381.55,33,32,380.35,380.35,0.0,-1.2,5.271656271656272,99.68549338225658,UFV — Radiação solar,Residencial (RE),B1,2019-09-06,2025-06-18
FCN604,LDA SERTORIO,10386105,SETD FREI CANECA,3304557,15049,FREI CANECA AEREO,9202.5,380.22,28,28,380.21999999999997,380.21999999999997,0.0,-0.0,4.131703341483292,99.99999999999999,UFV — Radiação solar,Comercial (CO),B3,2021-04-21,2025-11-30
CUR33338,LDA ITAUNA,10386042,SETD CURICICA,3304557,16901,CURICICA AEREO,9757.5,385.25,60,60,379.14000000000004,385.25,-6.109999999999957,-6.11,3.8856264411990784,98.41401687216096,UFV — Radiação solar,Residencial (RE),B1,2018-07-23,2025-12-04
RCP9818,LDA AURELIANO,10386006,SETD RIO COMPRIDO,3304557,15058,RIO COMPRIDO AEREO,12220.0,378.8,29,29,378.8,378.8,0.0,0.0,3.099836333878887,100.0,UFV — Radiação solar,Comercial (CO),B3,2019-11-07,2025-11-30
MTC005,LDA MARELI,1276,SETD MATURACA,3304557,15031,MATURACA AEREO,5332.5,382.1,54,54,378.47,382.1000000000001,-3.6300000000000523,-3.63,7.097421472105016,99.0499869144203,UFV — Radiação solar,Residencial (RE),B1,2018-10-09,2025-09-09
CSO007,LDA BROMELIA,18520821,SETD COMENDADOR SOARES,3303500,15048,COMENDADOR SOARES,8715.0,382.38,46,45,377.56,377.47999999999996,0.08000000000004093,-4.82,4.332300631095812,98.73947382185261,UFV — Radiação solar,Residencial (RE),B1,2019-05-03,2025-11-30
ESP008,LDA ESPECIALISTA,18519958,SETD ESPERANCA,3304557,16899,ESPERANCA AEREO AT/MT,6450.0,465.002,49,48,377.0,377.75,-0.75,-88.002,5.844961240310077,81.0749201078705,UFV — Radiação solar,Residencial (RE),B1,2020-03-09,2025-11-30
VVQ9903,LDA TURVANIA,1177,SETD VILA VALQUEIRE,3304557,15032,VILA VALQUEIRE,5737.5,425.43,55,53,376.93,376.93,0.0,-48.5,6.56958605664488,88.59976964482993,UFV — Radiação solar,Residencial (RE),B1,2019-07-01,2025-12-08
ABR004,LDA VITALINA,18520731,SETD AREIA BRANCA,3300456,15054,AREIA BRANCA AEREO,8070.0,376.95,53,53,374.95,376.95,-2.0,-2.0,4.6462205700123915,99.46942565326967,UFV — Radiação solar,Residencial (RE),B1,2019-07-09,2025-12-01
AGR013,LDA PONTAPORA,1285,SETD AGUA GRANDE,3304557,15045,AGUA GRANDE AEREO,7297.5,378.49,53,53,374.49,378.49,-4.0,-4.0,5.131757451181912,98.94316890802928,UFV — Radiação solar,Residencial (RE),B1,2018-12-12,2025-12-04
CAM011,LDA JACERDA,18520488,SETD CAMARA,3304557,14991,CAMARA,6832.5,383.0,55,54,373.99999999999994,373.99999999999994,0.0,-9.0,5.473838272960116,97.65013054830285,UFV — Radiação solar,Residencial (RE),B1,2021-06-07,2025-11-17
PVN70277,LDA ENGENOVO,1303,SETD PAVUNA,3304557,14994,PAVUNA,6645.0,404.04,80,76,373.8,373.04,0.7599999999999909,-30.24,5.625282167042889,92.51559251559252,UFV — Radiação solar,Residencial (RE),B1,2020-03-26,2025-12-22
JAB007,LDA GOIANA,18520749,SETD JABOATAO,3304557,15029,JABOATAO AEREO,4315.0,404.37,18,16,373.35,373.35,0.0,-31.02,8.652375434530708,92.3288077750575,UFV — Radiação solar,Comercial (CO),B3,2020-08-07,2025-11-30
AFR014,LDA SAINA,18520461,SETD ARI FRANCO,3304557,15010,ARI FRANCO,10420.0,377.69,41,41,372.69,377.69,-5.0,-5.0,3.576679462571977,98.67616299081257,UFV — Radiação solar,Residencial (RE),B1,2019-09-04,2025-12-18
CSO013,LDA GIRASSOL,18520821,SETD COMENDADOR SOARES,3303500,15048,COMENDADOR SOARES,7410.0,382.44,36,34,372.17,372.17,0.0,-10.27,5.022537112010796,97.31461144231776,UFV — Radiação solar,Residencial (RE),B1,2020-04-06,2025-11-30
TQR00002,LDA CAFUNDA,10385871,SETD TAQUARA,3304557,15023,TAQUARA AEREO,6980.7,429.19,55,53,371.98999999999995,370.98999999999995,1.0,-57.2,5.328835217098571,86.6725692583704,UFV — Radiação solar,Residencial (RE),B1,2019-03-29,2025-11-30
RTO008,LDA BRASILIA,18520875,SETD RETIRO,3306305,14995,RETIRO,7157.5,346.86,43,43,368.7,346.85999999999996,21.840000000000032,21.84,5.151239958085924,106.29648849679985,UFV — Radiação solar,Residencial (RE),B1,2018-10-01,2025-11-30
CRO011,LDA TOPAZIO,18521055,SETD COELHO DA ROCHA,3305109,14996,ROSALI,4575.0,372.74,56,55,368.14,366.14,2.0,-4.6,8.046775956284153,98.76589579868005,UFV — Radiação solar,Residencial (RE),B1,2019-06-14,2025-11-12
GDL0003,LDA VERMELHA,1258,SETD GUADALUPE,3304557,15036,GUADALUPE AEREO,6345.0,373.47,67,67,367.46999999999997,373.46999999999997,-6.0,-6.0,5.791489361702127,98.39344525664711,UFV — Radiação solar,Residencial (RE),B1,2019-05-17,2025-12-20
TRS005,LDA PALESTINA,18520326,SETD TRES RIOS,3306008,15087,TRES RIOS AEREO AT/MT,5285.0,527.14,30,29,366.46000000000004,502.14000000000004,-135.68,-160.68,6.933964049195837,69.51853397579391,UFV — Radiação solar,Residencial (RE),B1,2019-03-20,2025-11-30
PER0002,LDA ELEOTERIO,1240,SETD PEDRO ERNESTO,3304557,15061,PEDRO ERNESTO AEREO,5400.0,386.11,29,27,365.26,365.26,0.0,-20.85,6.764074074074074,94.59998446038693,UFV — Radiação solar,Comercial (CO),B3,2020-03-10,2025-11-30
BAR2477,LDS 24779/LDA GUEDES/LRA GIGOIA,10385907,SETD BARRA,3304557,15013,BARRA AEREO,9757.5,366.57,46,45,363.87000000000006,363.87000000000006,0.0,-2.7,3.729131437355881,99.26344218021117,UFV — Radiação solar,Residencial (RE),B1,2019-02-22,2025-12-24
PER29500,LDA SETEMAR,1240,SETD PEDRO ERNESTO,3304557,15015,RAMOS AEREO,7372.5,387.88,39,36,363.34000000000003,363.28000000000003,0.060000000000002274,-24.54,4.928314682943371,93.67330102093432,UFV — Radiação solar,Comercial (CO),B3,2019-04-10,2025-11-30
JAB00005,LDA MANAI,18520749,SETD JABOATAO,3304557,15029,JABOATAO AEREO,4912.5,361.59,25,25,361.59000000000003,361.59000000000003,0.0,0.0,7.360610687022901,100.0,UFV — Radiação solar,Residencial (RE),B1,2020-03-02,2025-12-08
GNB33401,LDA NADRUZ,1150,SETD GUANABARA,3304557,15037,GUANABARA AEREO,7312.5,359.61,51,51,359.61,359.61,0.0,0.0,4.91774358974359,100.0,UFV — Radiação solar,Residencial (RE),B1,2019-04-08,2025-12-05
STC00012,LDA VIRGILIO,34192093,SETD SANTA CLARA,3304144,15052,SANTA CLARA AEREO,9142.5,358.96,34,33,358.66,355.66,3.0,-0.3,3.9229969920700025,99.91642522843772,UFV — Radiação solar,Comercial (CO),B3,2019-06-25,2025-11-30
ABR012,LDA XAVANTES,18520731,SETD AREIA BRANCA,3300456,15054,AREIA BRANCA AEREO,6240.0,356.97,32,32,356.97,356.97,0.0,0.0,5.720673076923077,99.99999999999999,UFV — Radiação solar,Residencial (RE),B1,2021-03-01,2025-11-30
PDG29015,LDA ARTISTAS,10385916,SETD PORTA DAGUA,3304557,16902,PORTA DAGUA AEREO,6650.0,356.58,30,30,356.5799999999999,356.5799999999999,0.0,-0.0,5.362105263157893,99.99999999999999,UFV — Radiação solar,Residencial (RE),B1,2020-12-16,2025-08-15
CSO006,LDA AZALEIA,18520821,SETD COMENDADOR SOARES,3303500,15048,COMENDADOR SOARES,13410.0,363.25,67,65,356.5300000000001,356.5300000000001,0.0,-6.72,2.6586875466070103,98.1500344115623,UFV — Radiação solar,Residencial (RE),B1,2020-02-18,2025-12-31
DMC655,LDA LONDRES,1168,SETD DEMOCRATICOS,3304557,15015,RAMOS AEREO,2947.5,355.84,13,13,355.84000000000003,355.84000000000003,0.0,0.0,12.072603901611535,100.0,UFV — Radiação solar,Comercial (CO),B3,2019-12-06,2025-08-14
BFG1250,LDS 1250,10385934,SETD BOTAFOGO,3304557,15064,BOTAFOGO SUBTERRANEO,500.0,354.0,2,2,354.0,354.0,0.0,0.0,70.8,100.0,UFV — Radiação solar,Poder Público (PP),A4,2022-08-17,2025-04-07
BMT29822,LDA VILETA,1195,SETD BOCA DO MATO,3304557,15055,BOCA DO MATO AEREO,7837.5,353.21,51,51,353.21,353.21,0.0,0.0,4.506666666666667,100.0,UFV — Radiação solar,Residencial (RE),B1,2019-04-26,2025-12-06
LPD33246,LDA MORIZE,10386033,SETD LEOPOLDO,3304557,15030,LEOPOLDO AEREO,4677.5,350.85,40,40,350.79999999999995,350.85,-0.05000000000006821,-0.05,7.499732763228218,99.98574889553937,UFV — Radiação solar,Residencial (RE),B1,2019-02-12,2025-12-11
CAM019,LDA REALENGO,18520488,SETD CAMARA,3304557,14991,CAMARA,4482.5,350.79,18,18,350.79,350.79,0.0,0.0,7.825766871165644,100.0,UFV — Radiação solar,Comercial (CO),B3,2021-12-28,2025-04-07
MTC002,LDA ITAMBES,1276,SETD MATURACA,3304557,15031,MATURACA AEREO,5445.0,350.85,35,35,350.55000000000007,350.85,-0.2999999999999545,-0.3,6.438016528925621,99.91449337323644,UFV — Radiação solar,Residencial (RE),B1,2018-08-21,2025-11-04
CHR016,LDA CATANDU,18520758,SETD CACHAMORRA,3304557,15011,CACHAMORRA,2725.0,353.06,69,68,350.06,350.06,0.0,-3.0,12.846238532110092,99.15028607035632,UFV — Radiação solar,Residencial (RE),B1,2019-05-06,2025-12-18
PER29506,LDA BRASCURI,1240,SETD PEDRO ERNESTO,3304557,15061,PEDRO ERNESTO AEREO,4920.0,344.28,19,19,349.46,344.28,5.180000000000007,5.18,7.102845528455284,101.50458928778902,UFV — Radiação solar,Comercial (CO),B3,2018-08-15,2025-08-21
ABR00019,LDA HELIOPOLIS,18520731,SETD AREIA BRANCA,3300456,15054,AREIA BRANCA AEREO,10785.0,354.57,32,31,345.77,352.57,-6.800000000000011,-8.8,3.20602688919796,97.51812054037285,UFV — Radiação solar,Residencial (RE),B1,2020-04-22,2025-11-14
GDN0020,LDS 61156,457474244,SETD GARDENIA,3304557,16903,GARDENIA,215.0,343.75,15,15,343.75,343.75,0.0,0.0,159.88372093023256,100.0,UFV — Radiação solar,Comercial (CO),B3,2021-11-18,2022-04-04
BPN29915,LDA SANTIAGO,1159,SETD BRAS DE PINA,3304557,15017,BRAS DE PINA,5152.5,589.416,23,22,342.01,342.01,0.0,-247.406,6.637748665696264,58.02523175482172,UFV — Radiação solar,Comercial (CO),B3,2019-10-04,2025-12-12
WLS00015,LDA ALMIDARE,18519994,SETD WASHINGTON LUIS,3301702,15073,WASHINGTON LUIS AEREO,7432.5,341.83,27,27,341.83000000000004,341.83000000000004,0.0,0.0,4.599125462495796,100.00000000000003,UFV — Radiação solar,Residencial (RE),B1,2019-05-06,2025-11-13
NIG014,LDA GETULIO,18519976,SETD NOVA IGUACU,3303500,15692,NOVA IGUACU,7560.0,415.39,40,39,341.57000000000005,413.39000000000004,-71.82,-73.82,4.518121693121694,82.22874888658853,UFV — Radiação solar,Comercial (CO),B3,2018-09-28,2025-12-31
CMS015,LDA PACI,18520839,SETD COSMOS,3304557,16897,COSMOS,11557.5,442.5,31,28,341.4,361.5,-20.100000000000023,-101.1,2.953926022063595,77.15254237288136,UFV — Radiação solar,Residencial (RE),B1,2019-09-20,2025-07-18
CLG0016,LDA SAMIN,1249,SETD COLEGIO,3304557,15021,COLEGIO AEREO,10620.0,343.02,54,53,341.22,341.72,-0.5,-1.8,3.212994350282486,99.47524925660312,UFV — Radiação solar,Residencial (RE),B1,2019-12-26,2025-11-30
NIG002,LDA FORUM,18519976,SETD NOVA IGUACU,3303500,15692,NOVA IGUACU,6355.0,475.582,23,21,340.57,366.07,-25.5,-135.012,5.359087332808812,71.61120479749023,UFV — Radiação solar,Residencial (RE),B1,2019-07-31,2025-09-29
PER763,LDA AZEVEDO,1240,SETD PEDRO ERNESTO,3304557,15061,PEDRO ERNESTO AEREO,2700.0,350.56,26,26,340.36,350.55999999999995,-10.199999999999932,-10.2,12.605925925925925,97.09036969420356,UFV — Radiação solar,Comercial (CO),A4,2018-03-21,2025-11-30
BPN29904,LDA DOALHO,1159,SETD BRAS DE PINA,3304557,15017,BRAS DE PINA,3397.5,651.654,9,6,340.0,340.0,0.0,-311.654,10.007358351729213,52.17492718528544,UFV — Radiação solar,Comercial (CO),A4,2019-09-09,2025-11-30
PMG0018,LDA CAJAIBA,18520479,SETD PADRE MIGUEL,3304557,15019,PADRE MIGUEL,6952.5,339.01,51,51,339.01,339.01,0.0,0.0,4.876087738223661,100.0,UFV — Radiação solar,Residencial (RE),B1,2019-05-29,2025-12-01
ROS007,LDA COMETA,18519985,SETD ROSALI,3305109,14996,ROSALI,10467.5,425.99,48,46,337.99,340.99,-3.0,-88.0,3.228946739909243,79.34223808070612,UFV — Radiação solar,Residencial (RE),B1,2021-06-11,2025-12-17
CSO009,LDA CRAVO,18520821,SETD COMENDADOR SOARES,3303500,15048,COMENDADOR SOARES,8525.0,347.45,29,27,337.84999999999997,337.84999999999997,0.0,-9.6,3.963049853372434,97.23701251978703,UFV — Radiação solar,Residencial (RE),B1,2021-01-14,2025-12-01
CXS024,LDA BILAC,18520785,SETD CAXIAS,3301702,15699,SAO JOAO,5752.5,337.88,27,27,337.23,337.88,-0.6499999999999773,-0.65,5.86232073011734,99.80762400852373,UFV — Radiação solar,Comercial (CO),B3,2018-11-14,2025-06-06
PMG0017,LDA IMPERADOR,18520479,SETD PADRE MIGUEL,3304557,15019,PADRE MIGUEL,5365.0,446.499,48,46,336.39,336.39,0.0,-110.109,6.270083876980428,75.33947444451162,UFV — Radiação solar,Residencial (RE),B1,2019-08-21,2025-09-23
ABR002,LDA AMARUI,18520731,SETD AREIA BRANCA,3300456,15054,AREIA BRANCA AEREO,12217.5,346.06,33,31,336.15999999999997,336.15999999999997,0.0,-9.9,2.75146306527522,97.13922441195169,UFV — Radiação solar,Residencial (RE),B3,2020-03-31,2025-12-17
PER809,LDA RODRIMAR,1240,SETD PEDRO ERNESTO,3304557,15061,PEDRO ERNESTO AEREO,6892.5,334.88,40,40,334.88,334.88,0.0,0.0,4.8586144359811385,100.0,UFV — Radiação solar,Residencial (RE),B1,2019-09-06,2025-12-11
BAR4998,LDS 4998/LDA LAGO,10385907,SETD BARRA,3304557,15013,BARRA AEREO,7262.5,346.57,45,44,334.37,337.37,-3.0,-12.2,4.604061962134251,96.47978763309,UFV — Radiação solar,Residencial (RE),B1,2016-05-13,2025-11-30
CCD724,LDA RIBEIRO,1186,SETD CASCADURA,3304557,15034,CASCADURA AEREO,6660.0,358.83,46,44,334.13,334.13,0.0,-24.7,5.016966966966967,93.11651757099463,UFV — Radiação solar,Residencial (RE),B1,2019-08-22,2025-12-03
ROS002,LDA METEORO,18519985,SETD ROSALI,3305109,14996,ROSALI,8617.5,343.7,35,34,333.7,333.7,0.0,-10.0,3.872352770525094,97.09048588885656,UFV — Radiação solar,Residencial (RE),B1,2020-06-10,2025-11-30
MTC013,LDA TEJUPA,1276,SETD MATURACA,3304557,15031,MATURACA AEREO,8532.5,341.36,28,27,332.56,338.36,-5.800000000000011,-8.8,3.897568121886903,97.42207640028123,UFV — Radiação solar,Comercial (CO),B3,2019-07-26,2025-11-30
CCD00001,LDA IBERIA,1186,SETD CASCADURA,3304557,15034,CASCADURA AEREO,7895.0,339.89,48,47,331.89000000000004,331.89000000000004,0.0,-8.0,4.203799873337556,97.64629733148962,UFV — Radiação solar,Residencial (RE),B1,2020-03-31,2025-08-21
GNB33413,LDA MITA,1150,SETD GUANABARA,3304557,15037,GUANABARA AEREO,6815.0,330.76,48,48,330.76,330.76,0.0,0.0,4.853411592076302,100.0,UFV — Radiação solar,Residencial (RE),B1,2019-09-30,2025-11-10
MRT3710,LDA CARIOCA,1312,SETD MERITI,3305109,14993,MERITI,1800.0,329.8,2,2,329.8,329.8,0.0,0.0,18.322222222222223,100.0,UFV — Radiação solar,Comercial (CO),A4,2021-12-06,2024-08-07
BMT29868,LDA BASTOS,1195,SETD BOCA DO MATO,3304557,15055,BOCA DO MATO AEREO,7845.0,346.22,47,46,328.72,330.22,-1.5,-17.5,4.190184831102613,94.94541043267286,UFV — Radiação solar,Residencial (RE),B1,2019-01-03,2025-12-10
GNB29176,LDA ERICO,1150,SETD GUANABARA,3304557,15037,GUANABARA AEREO,6337.5,329.3,42,42,328.28,329.29999999999995,-1.0199999999999818,-1.02,5.179960552268245,99.69025204980261,UFV — Radiação solar,Residencial (RE),B1,2019-08-06,2025-09-05
REC0012,LDA GROTAFUNDA,132097219,SETD RECREIO,3304557,14999,RECREIO,3102.5,357.88,39,38,327.88,327.88,0.0,-30.0,10.568251410153103,91.61730188890131,UFV — Radiação solar,Residencial (RE),B1,2019-11-07,2025-08-20
PMG0016,LDA MARCIANO,18520479,SETD PADRE MIGUEL,3304557,15019,PADRE MIGUEL,7620.0,326.97,35,35,326.96999999999997,326.96999999999997,0.0,-0.0,4.2909448818897635,99.99999999999999,UFV — Radiação solar,Residencial (RE),B1,2019-09-06,2025-05-16
ABR017,LDA PIAM,18520731,SETD AREIA BRANCA,3300456,15054,AREIA BRANCA AEREO,6592.5,332.44,41,40,326.44,326.44,0.0,-6.0,4.9516875237011755,98.195163036939,UFV — Radiação solar,Residencial (RE),B1,2019-05-23,2025-06-23
QMD008,LSA CAMPONEZA,18520893,SETD QUEIMADOS,3304144,15043,SEROPEDICA AEREO,27610.0,491.095,33,31,326.27000000000004,326.27000000000004,0.0,-164.825,1.181709525534227,66.43724737576233,UFV — Radiação solar,Residencial (RE),B1,2019-08-14,2025-12-12
PVN0005,LDA JAVATA,1303,SETD PAVUNA,3304557,14994,PAVUNA,7357.5,329.89,51,50,325.28999999999996,325.28999999999996,0.0,-4.6,4.421202854230376,98.60559580466216,UFV — Radiação solar,Residencial (RE),B1,2020-03-03,2025-12-17
CCD34455,LDA CAMPINHO,1186,SETD CASCADURA,3304557,15034,CASCADURA AEREO,6900.0,325.82,35,34,324.82,324.82,0.0,-1.0,4.707536231884058,99.69308206985453,UFV — Radiação solar,Residencial (RE),B1,2019-03-22,2025-12-23
MNB001,LDA SALUSSE,18520902,SETD MENA BARRETO,3302858,15057,MENA BARRETO AEREO,8917.5,343.24,52,50,323.53999999999996,323.53999999999996,0.0,-19.7,3.6281469021586763,94.26057569047896,UFV — Radiação solar,Residencial (RE),B1,2019-07-17,2025-11-30
SCO24005,LDS 24005/LRA CAPURI/LRA HERBERT,10386060,SETD SAO CONRADO,3304557,15053,SAO CONRADO AEREO,4875.0,348.57,24,23,322.37,325.37,-3.0,-26.2,6.612717948717949,92.48357575235964,UFV — Radiação solar,Residencial (RE),B1,2020-02-18,2025-07-09
ROS013,LDA MARTE,18519985,SETD ROSALI,3305109,14996,ROSALI,4387.5,323.69,37,37,320.39000000000004,323.69,-3.2999999999999545,-3.3,7.302336182336183,98.98050603972938,UFV — Radiação solar,Residencial (RE),B1,2020-07-22,2025-11-18
CBI33806,LDA HONORIO,1141,SETD CACHAMBI,3304557,15027,CACHAMBI AEREO,7532.5,324.07,19,18,320.07,320.07,0.0,-4.0,4.2491868569532025,98.76569876878452,UFV — Radiação solar,Comercial (CO),B3,2020-02-03,2025-12-10
ABR00021,LDA ABATINGA,18520731,SETD AREIA BRANCA,3300456,15054,AREIA BRANCA AEREO,10252.5,319.21,46,46,319.21000000000004,319.21000000000004,0.0,0.0,3.1134845159717144,100.00000000000001,UFV — Radiação solar,Residencial (RE),B1,2019-05-15,2025-11-27
TQR60111,LDA TINDIBA,10385871,SETD TAQUARA,3304557,15023,TAQUARA AEREO,10815.0,323.01,40,39,319.01,321.01,-2.0,-4.0,2.9496994914470642,98.76164824618434,UFV — Radiação solar,Residencial (RE),B1,2021-05-28,2025-11-30
CRO012,LDA RAVEL,18521055,SETD COELHO DA ROCHA,3305109,15035,COELHO DA ROCHA,6180.0,318.89,24,24,318.89,318.89,0.0,0.0,5.160032362459547,100.0,UFV — Radiação solar,Residencial (RE),B1,2019-03-20,2025-11-30
INF0004,LSA ALBUQUERQUE,449886789,SETD INFLUENCIA,3301207,15091,SAPUCAIA,7747.5,824.97,28,22,318.38,318.38,0.0,-506.59,4.10945466279445,38.5929185303708,UFV — Radiação solar,Residencial (RE),B1,2020-04-02,2025-08-16
TRV626,LDA FAUSTO,10385898,SETD TROVAO,3304557,15020,TROVAO AEREO,5047.5,546.872,16,15,318.29999999999995,318.29999999999995,0.0,-228.572,6.306092124814263,58.20374786055969,UFV — Radiação solar,Comercial (CO),B3,2019-09-05,2025-12-08
VVQ9951,LDA MARAN,1177,SETD VILA VALQUEIRE,3304557,15032,VILA VALQUEIRE,6180.0,319.26,35,35,317.26,319.26,-2.0,-2.0,5.133656957928802,99.3735513374679,UFV — Radiação solar,Residencial (RE),B1,2020-12-07,2025-09-01
ITP00005,LDA CASUARINA,10385988,SETD ITAPEBA,3304557,15066,ITAPEBA AEREO URBANO,2047.5,402.94,52,50,317.23,317.23,0.0,-85.71,15.493528693528694,78.72884300392118,UFV — Radiação solar,Residencial (RE),B1,2019-05-13,2025-09-10
SAT9693,LDS 24090,10385970,SETD SANTO ANTONIO,3304557,15083,SANTO ANTONIO SUBTERRANEO,7430.0,317.1,10,10,317.1,317.1,0.0,0.0,4.267833109017497,100.0,UFV — Radiação solar,Comercial (CO),B3,2021-10-28,2025-07-07
PVN0006,LDA PECANHA,1303,SETD PAVUNA,3304557,15057,MENA BARRETO AEREO,3862.5,321.25,24,23,315.25,315.25,0.0,-6.0,8.161812297734627,98.13229571984436,UFV — Radiação solar,Comercial (CO),B3,2021-01-14,2025-09-03
PCI0006,LDA SANTA EUGENIA,450101398,SETD PACIENCIA,3304557,16900,PACIENCIA,9517.5,327.22,50,49,314.2200000000001,321.2200000000001,-7.0,-13.0,3.3014972419227746,96.02713770551924,UFV — Radiação solar,Residencial (RE),B1,2019-08-13,2025-12-04
PCI0011,LDA DUARTINA,450101398,SETD PACIENCIA,3304557,16900,PACIENCIA,8542.5,318.26,43,42,313.76,313.76,0.0,-4.5,3.672929470295581,98.58606171055112,UFV — Radiação solar,Residencial (RE),B1,2020-03-14,2025-11-30
CLG0015,LDA GUIRAREIA,1249,SETD COLEGIO,3304557,15002,TURIACU,7042.5,313.48,33,33,313.48,313.48,0.0,0.0,4.451260205892794,100.0,UFV — Radiação solar,Residencial (RE),B1,2019-07-26,2025-12-02
TRV607,LDA NITEROI,10385898,SETD TROVAO,3304557,15020,TROVAO AEREO,8645.0,674.0,20,19,312.5,344.0,-31.5,-361.5,3.6148062463851938,46.36498516320475,UFV — Radiação solar,Comercial (CO),B3,2017-05-31,2025-11-30
MNB019,LDA BEIJAFLOR,18520902,SETD MENA BARRETO,3302858,15057,MENA BARRETO AEREO,5000.0,383.148,37,36,312.37,286.17,26.19999999999999,-70.778,6.2474,81.52724273648825,UFV — Radiação solar,Residencial (RE),B1,2019-05-23,2025-12-03
NIG015,LDA GUADALAJARA,18519976,SETD NOVA IGUACU,3303500,15692,NOVA IGUACU,11025.0,312.01,37,37,312.01,312.01,0.0,0.0,2.8300226757369615,100.0,UFV — Radiação solar,Residencial (RE),B1,2019-08-01,2025-11-17
MNB010,LDA MIRANDELA,18520902,SETD MENA BARRETO,3302858,15057,MENA BARRETO AEREO,7912.5,310.66,35,35,310.65999999999997,310.65999999999997,0.0,-0.0,3.926192733017377,99.99999999999999,UFV — Radiação solar,Residencial (RE),B1,2019-12-18,2025-12-11
ABR00020,LDA ESTUDANTE,18520731,SETD AREIA BRANCA,3300456,15054,AREIA BRANCA AEREO,12165.0,310.0,31,31,310.0,310.0,0.0,0.0,2.548294286888615,100.0,UFV — Radiação solar,Residencial (RE),B3,2019-05-07,2025-12-05
SJO0011,LDA CURUCA,310718139,SETD SAO JOAO,3301702,15699,SAO JOAO,7207.5,311.26,20,20,309.46,311.26,-1.8000000000000114,-1.8,4.293583073187651,99.42170532673649,UFV — Radiação solar,Comercial (CO),B3,2019-12-30,2025-07-03
LPD29168,LDA AQUINO,10386033,SETD LEOPOLDO,3304557,15030,LEOPOLDO AEREO,9490.0,309.32,25,25,309.32,309.32,0.0,0.0,3.259430979978925,100.0,UFV — Radiação solar,Comercial (CO),B3,2019-08-27,2025-12-09
ALC734,LDA BOULEVARD,10385889,SETD ALDEIA CAMPISTA,3304557,15033,ALDEIA CAMPISTA,7860.0,311.95,40,40,309.21000000000004,311.95000000000005,-2.740000000000009,-2.74,3.9339694656488553,99.12165411123578,UFV — Radiação solar,Residencial (RE),B1,2020-12-07,2025-12-05
RTO014,LDA ITAIPAVA,18520875,SETD RETIRO,3306305,14995,RETIRO,3150.0,316.61,25,24,308.61,308.61,0.0,-8.0,9.797142857142857,97.47323205205142,UFV — Radiação solar,Residencial (RE),B1,2019-12-14,2025-09-12
BMT0001,LDA DEPAIVA,1195,SETD BOCA DO MATO,3304557,14998,PIEDADE,6180.0,336.13,39,38,306.13000000000005,306.13000000000005,0.0,-30.0,4.953559870550162,91.0748817421831,UFV — Radiação solar,Residencial (RE),B1,2019-01-14,2025-11-30
PMG014,LDA FONTENELE,18520479,SETD PADRE MIGUEL,3304557,15019,PADRE MIGUEL,4590.0,303.5,36,36,304.1,303.5,0.6000000000000227,0.6,6.625272331154685,100.19769357495882,UFV — Radiação solar,Residencial (RE),B1,2019-06-17,2025-11-30
ROS003,LDA QUAZAR,18519985,SETD ROSALI,3305109,14996,ROSALI,8040.0,295.5,18,18,303.70000000000005,295.5,8.200000000000045,8.2,3.7773631840796025,102.77495769881558,UFV — Radiação solar,Residencial (RE),B1,2017-12-29,2025-11-30
GDL24956,LDA COSTA,1258,SETD GUADALUPE,3304557,15036,GUADALUPE AEREO,5905.0,303.34,4,4,303.34000000000003,303.34000000000003,0.0,0.0,5.137002540220153,100.00000000000001,UFV — Radiação solar,Comercial (CO),A4,2021-08-10,2025-04-17
FTL009,LDA ORLANDELIA,18521064,SETD FONTINELE,3300407,15007,FONTINELE,5730.0,305.3,35,34,302.20000000000005,302.20000000000005,0.0,-3.1,5.2739965095986046,98.98460530625616,UFV — Radiação solar,Residencial (RE),B1,2019-08-13,2025-11-30
PER70299,LDA ARAGUARI,1240,SETD PEDRO ERNESTO,3304557,15061,PEDRO ERNESTO AEREO,7140.0,309.44,24,23,301.44000000000005,301.44000000000005,0.0,-8.0,4.221848739495799,97.41468459152019,UFV — Radiação solar,Residencial (RE),B1,2020-12-23,2025-02-28
TUR011,LDA TURQUESA,1294,SETD TURIACU,3304557,15002,TURIACU,11497.5,310.28,30,29,300.9,304.28,-3.3799999999999955,-9.38,2.617090671885192,96.97692406858322,UFV — Radiação solar,Residencial (RE),B1,2020-10-07,2025-11-30
CAM001,LDA SULAME,18520488,SETD CAMARA,3304557,14991,CAMARA,5782.5,306.31,32,31,300.87,300.87,0.0,-5.44,5.203112840466926,98.22402141621234,UFV — Radiação solar,Residencial (RE),B1,2020-01-31,2025-06-04
CMS011,LDA GUARU,18520839,SETD COSMOS,3304557,16897,COSMOS,7537.5,323.3,36,34,300.3,300.3,0.0,-23.0,3.9840796019900497,92.88586452211568,UFV — Radiação solar,Comercial (CO),B3,2019-02-13,2025-07-01
CAM014,LDA ARIMBU,18520488,SETD CAMARA,3304557,14991,CAMARA,3457.5,297.01,34,34,300.01,297.01,3.0,3.0,8.67707881417209,101.01006700111108,UFV — Radiação solar,Residencial (RE),B1,2019-11-21,2025-06-17
SJO0013,LDA DONACLARA,310718139,SETD SAO JOAO,3301702,15699,SAO JOAO,7237.5,304.79,21,21,298.78999999999996,304.78999999999996,-6.0,-6.0,4.128359240069084,98.03143147741066,UFV — Radiação solar,Comercial (CO),B3,2019-04-18,2025-11-30
CCD815,LDA BENICIO,1186,SETD CASCADURA,3304557,15034,CASCADURA AEREO,9630.0,300.77,30,29,298.52,298.52,0.0,-2.25,3.099896157840083,99.25192007181568,UFV — Radiação solar,Comercial (CO),B3,2019-12-18,2025-12-11
ROS012,LDA JUPITER,18519985,SETD ROSALI,3305109,14996,ROSALI,4132.5,318.56,49,46,297.01,299.06,-2.0500000000000114,-21.55,7.187174833635813,93.23518332496234,UFV — Radiação solar,Residencial (RE),B1,2019-06-10,2025-11-14
RTO010,LDA ITAJAI,18520875,SETD RETIRO,3306305,14995,RETIRO,4155.0,301.09,43,42,296.09000000000003,296.09000000000003,0.0,-5.0,7.126113116726836,98.33936696668772,UFV — Radiação solar,Residencial (RE),B1,2019-07-12,2025-11-30
LPD29145,LDA ISAQUITA,10386033,SETD LEOPOLDO,3304557,15030,LEOPOLDO AEREO,9530.0,293.2,39,39,293.2,293.2,0.0,0.0,3.0766002098635887,100.0,UFV — Radiação solar,Residencial (RE),B1,2019-05-23,2025-06-26
BPN29431,LDA MARAGO,1159,SETD BRAS DE PINA,3304557,15017,BRAS DE PINA,4650.0,292.9,22,22,292.9,292.9,0.0,0.0,6.298924731182795,100.0,UFV — Radiação solar,Residencial (RE),B1,2021-06-18,2025-12-16
CBI24898,LDA LUCILAGO,1141,SETD CACHAMBI,3304557,15027,CACHAMBI AEREO,7540.0,296.82,49,49,291.98,296.82,-4.839999999999975,-4.84,3.872413793103448,98.36938211710802,UFV — Radiação solar,Residencial (RE),B1,2020-02-03,2025-11-11
BMT29840,LDA LINS,1195,SETD BOCA DO MATO,3304557,15055,BOCA DO MATO AEREO,8520.0,291.25,45,45,291.2,291.25,-0.05000000000001137,-0.05,3.4178403755868545,99.98283261802575,UFV — Radiação solar,Residencial (RE),B1,2020-11-26,2025-12-03
MNB017,LDA NATIVIDADE,18520902,SETD MENA BARRETO,3302858,15057,MENA BARRETO AEREO,5782.5,281.95,30,30,288.88,281.95,6.930000000000007,6.93,4.995763078253351,102.45788260329846,UFV — Radiação solar,Residencial (RE),B1,2019-04-24,2025-11-30
ROS00019,LDA MERCURIO,18519985,SETD ROSALI,3305109,14996,ROSALI,5542.5,287.83,37,37,287.83000000000004,287.83000000000004,0.0,0.0,5.193143888137123,100.00000000000001,UFV — Radiação solar,Residencial (RE),B1,2021-02-25,2025-04-07
CMS007,LDA GIBA,18520839,SETD COSMOS,3304557,16897,COSMOS,9390.0,312.6,49,47,287.83,303.18,-15.350000000000023,-24.77,3.065282215122471,92.07613563659628,UFV — Radiação solar,Residencial (RE),B1,2021-03-15,2025-12-08
TRG742,LDA NOVAMERICA,1204,SETD TRIAGEM,3304557,15024,TRIAGEM AEREO,4977.5,357.02,20,19,287.41999999999996,290.41999999999996,-3.0,-69.6,5.774384731290808,80.50529382107445,UFV — Radiação solar,Residencial (RE),B1,2019-04-26,2025-05-05
DMC871,LDA MEDEIROS,1168,SETD DEMOCRATICOS,3304557,15056,DEMOCRATICOS AEREO,6837.5,305.49,23,21,286.49,286.49,0.0,-19.0,4.189981718464351,93.78048381289076,UFV — Radiação solar,Comercial (CO),B3,2019-09-02,2025-08-19
TRG783,LDA MAYRINK,1204,SETD TRIAGEM,3304557,15024,TRIAGEM AEREO,10822.5,317.63,15,14,284.33000000000004,284.33000000000004,0.0,-33.3,2.6272118272118274,89.51610364260304,UFV — Radiação solar,Comercial (CO),A4,2019-08-06,2025-06-26
DMC3326,LDA PROCLAMACAO/DARKE,1168,SETD DEMOCRATICOS,3304557,15056,DEMOCRATICOS AEREO,10365.0,364.3,19,18,283.29999999999995,289.29999999999995,-6.0,-81.0,2.7332368547998067,77.76557782047762,UFV — Radiação solar,Residencial (RE),B1,2019-08-19,2025-12-17
PER828,LDA IBIAPINA,1240,SETD PEDRO ERNESTO,3304557,15061,PEDRO ERNESTO AEREO,5767.5,282.58,22,22,282.58,282.58,0.0,0.0,4.89952319029042,100.0,UFV — Radiação solar,Comercial (CO),B3,2020-11-10,2025-12-10
CSO001,LDA LIRIO,18520821,SETD COMENDADOR SOARES,3303500,15048,COMENDADOR SOARES,5632.5,281.24,43,43,281.64000000000004,281.24,0.4000000000000341,0.4,5.0002663115845545,100.14222727919216,UFV — Radiação solar,Residencial (RE),B1,2019-07-04,2025-12-15
JDB814,LDA PRADO,10385880,SETD JARDIM BOTANICO,3304557,15071,JARDIM BOTANICO AEREO,3742.5,369.26,35,29,280.26,280.26,0.0,-89.0,7.488577154308617,75.89774142880356,UFV — Radiação solar,Residencial (RE),B1,2019-06-26,2025-12-22
STS005,LSA GROTA,18521136,SETD SANTISSIMO,3304557,15042,SANTISSIMO AEREO,27267.5,305.05,14,13,280.05,230.05,50.0,-25.0,1.027046850646374,91.80462219308309,UFV — Radiação solar,Comercial (CO),B3,2019-12-23,2025-07-01
PMG013,LDA VILAMIL,18520479,SETD PADRE MIGUEL,3304557,15019,PADRE MIGUEL,11100.0,285.37,26,25,279.07,279.37,-0.30000000000001137,-6.3,2.514144144144144,97.79233976942216,UFV — Radiação solar,Residencial (RE),B1,2020-11-23,2025-11-30
CUR33326,LDA DAMASIO,10386042,SETD CURICICA,3304557,16901,CURICICA AEREO,3990.0,277.72,16,16,277.71999999999997,277.71999999999997,0.0,-0.0,6.960401002506265,99.99999999999997,UFV — Radiação solar,Comercial (CO),B3,2021-06-01,2025-07-09
ESP003,LDA HERVAL,18519958,SETD ESPERANCA,3304557,16899,ESPERANCA AEREO AT/MT,7785.0,284.46,40,39,277.7,280.46000000000004,-2.7600000000000477,-6.76,3.567116249197174,97.62356746115448,UFV — Radiação solar,Residencial (RE),B1,2020-01-21,2025-08-06
VVQ33460,LDA SAVAGET,1177,SETD VILA VALQUEIRE,3304557,15032,VILA VALQUEIRE,6785.0,389.304,37,34,276.89,276.89,0.0,-112.414,4.080913780397936,71.12436553438958,UFV — Radiação solar,Residencial (RE),B1,2020-01-28,2025-12-04
JAB001,LDS 30287,18520749,SETD JABOATAO,3304557,15029,JABOATAO AEREO,1300.0,275.0,1,1,275.0,275.0,0.0,0.0,21.153846153846153,100.0,UFV — Radiação solar,Comercial (CO),A4,2023-04-11,2023-04-11
AVD30028,LDS 36813/36814,10385943,SETD ALVORADA,3304557,15004,ALVORADA,1430.0,274.2,5,5,274.2,274.2,0.0,0.0,19.174825174825173,100.0,UFV — Radiação solar,Comercial (CO),B3,2020-05-16,2021-05-13
CMT29129,LDA CRISTOVAO,10386051,SETD CAMPO MARTE,3304557,15047,CAMPO MARTE AEREO,2505.0,273.97,7,7,273.97,273.97,0.0,0.0,10.936926147704593,100.0,UFV — Radiação solar,Comercial (CO),B3,2019-05-08,2025-08-20
CBI33803,LDA ITAMARACA,1141,SETD CACHAMBI,3304557,15027,CACHAMBI AEREO,7575.0,282.8,19,17,273.3,273.3,0.0,-9.5,3.607920792079208,96.64073550212164,UFV — Radiação solar,Comercial (CO),B3,2020-02-10,2025-11-30
CUR00002,LDA ABELARDO,10386042,SETD CURICICA,3304557,16901,CURICICA AEREO,4652.5,272.96,14,14,272.96,272.96,0.0,0.0,5.8669532509403535,100.0,UFV — Radiação solar,Comercial (CO),B3,2021-10-19,2025-12-16
STC00002,LDA OLIMPIA,34192093,SETD SANTA CLARA,3304144,15052,SANTA CLARA AEREO,8355.0,272.68,21,21,272.68000000000006,272.68000000000006,0.0,0.0,3.263674446439259,100.00000000000003,UFV — Radiação solar,Comercial (CO),B3,2021-03-30,2025-09-17
ALC3403,LDA ABREU,10385889,SETD ALDEIA CAMPISTA,3304557,15030,LEOPOLDO AEREO,10130.0,275.03,27,27,271.96000000000004,275.03000000000003,-3.069999999999993,-3.07,2.684698914116486,98.88375813547616,UFV — Radiação solar,Residencial (RE),B1,2021-03-27,2025-11-17
CLG0004,LDA ZILDA,1249,SETD COLEGIO,3304557,15021,COLEGIO AEREO,5247.5,271.91,23,23,271.90999999999997,271.90999999999997,0.0,-0.0,5.181705574082896,99.99999999999997,UFV — Radiação solar,Comercial (CO),A4,2020-01-27,2025-11-30
CSO00015,LDA FURMAN,18520821,SETD COMENDADOR SOARES,3303500,15048,COMENDADOR SOARES,9007.5,294.46,46,44,271.46000000000004,279.46000000000004,-8.0,-23.0,3.0137107965584238,92.18909189703187,UFV — Radiação solar,Residencial (RE),B1,2018-02-08,2025-12-08
BFG24452,LDS 24452,10385934,SETD BOTAFOGO,3304557,15064,BOTAFOGO SUBTERRANEO,4600.0,280.94,27,26,270.94,270.94,0.0,-10.0,5.89,96.44052110770983,UFV — Radiação solar,Residencial (RE),B1,2019-06-07,2025-06-09
SCO24296,LDS 24296,10386060,SETD SAO CONRADO,3304557,15079,SAO CONRADO SUBTERRANEO,11970.0,270.38,11,11,270.38,270.38,0.0,0.0,2.258813700918964,100.0,UFV — Radiação solar,Comercial (CO),B3,2019-05-09,2024-09-06
RCP9882,LDA BOMPASTOR,10386006,SETD RIO COMPRIDO,3304557,15058,RIO COMPRIDO AEREO,9300.0,267.82,47,47,270.22,267.82000000000005,2.3999999999999773,2.4,2.905591397849463,100.89612426256443,UFV — Radiação solar,Residencial (RE),B1,2019-03-08,2025-11-30
CLG0008,LDA MINIFELIX,1249,SETD COLEGIO,3304557,15021,COLEGIO AEREO,7040.0,270.15,15,15,270.15,270.15,0.0,0.0,3.837357954545454,100.0,UFV — Radiação solar,Residencial (RE),B1,2020-12-02,2025-11-30
RFR006,LSA CARDEAL,18520767,SETD ROCHA FREIRE,3303500,15693,ROCHA FREIRE AEREO AT/MT,27212.5,300.93,36,35,269.74,270.92999999999995,-1.1899999999999409,-31.19,0.9912356453835554,89.63546339680325,UFV — Radiação solar,Residencial (RE),B1,2019-10-29,2025-11-30
CBI24833,LDA GARCIDON,1141,SETD CACHAMBI,3304557,15027,CACHAMBI AEREO,5167.5,279.94,31,31,268.94,279.94,-11.0,-11.0,5.204450895016933,96.07058655426162,UFV — Radiação solar,Residencial (RE),B1,2019-09-10,2025-11-30
PVN0002,LDA ALCOBACA,1303,SETD PAVUNA,3304557,14994,PAVUNA,6840.0,348.44,48,46,268.91999999999996,266.94,1.9799999999999613,-79.52,3.9315789473684206,77.17828033520834,UFV — Radiação solar,Residencial (RE),B1,2019-08-02,2025-12-10
NIG018,LDA AEROCLUBE,18519976,SETD NOVA IGUACU,3303500,15692,NOVA IGUACU,8062.5,268.19,24,24,268.19,268.19,0.0,0.0,3.3263875968992247,100.0,UFV — Radiação solar,Residencial (RE),B1,2018-05-07,2025-10-03
MNB002,LDA RIOBRAN,18520902,SETD MENA BARRETO,3302858,14994,PAVUNA,5895.0,267.04,34,34,267.04,267.04,0.0,0.0,4.529940627650552,100.0,UFV — Radiação solar,Residencial (RE),B1,2019-05-23,2025-07-02
CLG0010,LDS 1405,1249,SETD COLEGIO,3304557,15021,COLEGIO AEREO,2330.0,494.393,4,3,265.5,290.0,-24.5,-228.893,11.394849785407725,53.70221665759831,UFV — Radiação solar,Comercial (CO),A4,2018-08-21,2023-05-18
URG29718,LDA ALVIM,10385979,SETD URUGUAI,3304557,15025,URUGUAI AEREO,9732.5,264.73,39,39,264.73,264.73,0.0,0.0,2.720061649113794,100.0,UFV — Radiação solar,Residencial (RE),B1,2019-02-19,2025-12-18
BRR38521,LDA SOUZAFILHO,345834478,SETD BARRA 2,3304557,16902,PORTA DAGUA AEREO,18047.5,272.09,9,8,263.34999999999997,263.34999999999997,0.0,-8.74,1.4592048760216094,96.78782755705832,UFV — Radiação solar,Comercial (CO),B3,2019-07-10,2025-08-19
CXS023,LDA ROSARIO,18520785,SETD CAXIAS,3301702,15700,CAXIAS AEREO,4657.5,267.35,31,30,262.5,262.5,0.0,-4.85,5.636070853462158,98.18589863474845,UFV — Radiação solar,Residencial (RE),B1,2019-02-22,2025-12-04
CBI24801,LDA CIRBONI,1141,SETD CACHAMBI,3304557,15027,CACHAMBI AEREO,7432.5,261.92,34,34,261.92,261.92,0.0,0.0,3.5239825092499157,100.0,UFV — Radiação solar,Residencial (RE),B1,2019-04-30,2025-11-11
GDL29746,LDA ZEBRUM,1258,SETD GUADALUPE,3304557,15036,GUADALUPE AEREO,8520.0,265.95,24,23,261.75,262.94999999999993,-1.1999999999999318,-4.2,3.0721830985915495,98.42075578116187,UFV — Radiação solar,Residencial (RE),B1,2019-05-30,2025-09-17
PER711,LDA DIOMEDES,1240,SETD PEDRO ERNESTO,3304557,15061,PEDRO ERNESTO AEREO,7792.5,261.64,27,27,261.64,261.64,0.0,0.0,3.3575874238049406,100.0,UFV — Radiação solar,Residencial (RE),B1,2021-01-21,2025-11-30
PMG005,LDA AZEREDO,18520479,SETD PADRE MIGUEL,3304557,15019,PADRE MIGUEL,3892.5,260.54,33,33,259.54,260.54,-1.0,-1.0,6.667694283879256,99.61618177631074,UFV — Radiação solar,Residencial (RE),B1,2018-09-13,2025-08-28
HMT3144,LDS 1788/24152/ED/B,10386096,SETD HUMAITA,3304557,15059,HUMAITA SUBTERRANEO,8435.0,141.98,19,19,259.02,141.98,117.03999999999999,117.04,3.0707765263781863,182.43414565431752,UFV — Radiação solar,Comercial (CO),A4,2018-04-26,2025-06-27
MNB015,LDA FONTINHA,18520902,SETD MENA BARRETO,3302858,15057,MENA BARRETO AEREO,5857.5,268.69,53,52,258.69,258.69,0.0,-10.0,4.416389244558259,96.27823886262979,UFV — Radiação solar,Residencial (RE),B1,2019-09-03,2025-11-30
CBI24970,LDA VINQUATRO,1141,SETD CACHAMBI,3304557,15027,CACHAMBI AEREO,4767.5,296.6,48,46,256.94,257.2,-0.2599999999999909,-39.66,5.389407446250655,86.62845583277141,UFV — Radiação solar,Residencial (RE),B1,2019-05-29,2025-11-13
MNB021,LDA ALVARENGA,18520902,SETD MENA BARRETO,3302858,15057,MENA BARRETO AEREO,7987.5,289.79,45,42,256.79,260.79,-4.0,-33.0,3.2148982785602507,88.61244349356431,UFV — Radiação solar,Residencial (RE),B1,2019-07-09,2025-12-04
PDG29857,LDA MUNIZ,10385916,SETD PORTA DAGUA,3304557,16902,PORTA DAGUA AEREO,6445.0,255.3,49,49,255.3,255.3,0.0,0.0,3.961210240496509,100.0,UFV — Radiação solar,Residencial (RE),B1,2019-06-11,2025-09-25
ROS011,LDA ESTELAR,18519985,SETD ROSALI,3305109,14996,ROSALI,8917.5,255.24,29,29,255.23999999999998,255.23999999999998,0.0,-0.0,2.8622371740958785,99.99999999999999,UFV — Radiação solar,Residencial (RE),B1,2020-09-05,2025-08-13
GDN0014,LDA RIO 2,457474244,SETD GARDENIA,3304557,16903,GARDENIA,10280.0,255.2,23,23,255.19999999999996,255.19999999999996,0.0,-0.0,2.4824902723735405,99.99999999999999,UFV — Radiação solar,Comercial (CO),B3,2020-03-18,2025-07-29
VTL004,LDA RONCALI,18520794,SETD VILAR DOS TELES,3300456,15072,VILAR DOS TELES AEREO,10432.5,260.4,27,27,254.55999999999997,260.4,-5.840000000000003,-5.84,2.440067098011023,97.75729646697388,UFV — Radiação solar,Residencial (RE),B1,2020-04-07,2025-09-22
CXS015,LDA PENA,18520785,SETD CAXIAS,3301702,15700,CAXIAS AEREO,5775.0,253.8,8,8,253.8,253.8,0.0,0.0,4.394805194805195,100.0,UFV — Radiação solar,Comercial (CO),B3,2022-05-18,2025-12-17
PER29478,LDA LANDIN,1240,SETD PEDRO ERNESTO,3304557,15015,RAMOS AEREO,7027.5,253.66,29,29,253.76,253.66000000000003,0.0999999999999659,0.1,3.610956954820349,100.03942284948356,UFV — Radiação solar,Residencial (RE),B1,2019-06-25,2025-11-30
SRP006,LDA QUARENTENA,18520803,SETD SARAPUI,3301702,15000,SARAPUI,6127.5,267.43,32,31,253.42999999999998,258.42999999999995,-4.999999999999972,-14.0,4.1359445124439,94.76498522977974,UFV — Radiação solar,Residencial (RE),B1,2019-12-04,2025-08-27
ROS009,LDA SATELITE,18519985,SETD ROSALI,3305109,14996,ROSALI,7875.0,287.82,12,10,251.82,251.82,0.0,-36.0,3.1977142857142855,87.49218261413384,UFV — Radiação solar,Comercial (CO),B3,2021-06-10,2025-11-30
TRV907,LDA JUNIOR,10385898,SETD TROVAO,3304557,15020,TROVAO AEREO,7327.5,340.38,19,17,251.38,251.38,0.0,-89.0,3.4306380075059706,73.85275280568776,UFV — Radiação solar,Comercial (CO),B3,2021-03-25,2025-06-06
CMS005,LDA ASSUM,18520839,SETD COSMOS,3304557,16897,COSMOS,4320.0,251.21,20,20,251.21000000000004,251.21000000000004,0.0,0.0,5.815046296296297,100.00000000000001,UFV — Radiação solar,Comercial (CO),B3,2021-01-13,2025-09-24
PDD33543,LDA VARELA,1231,SETD PIEDADE,3304557,14998,PIEDADE,5932.5,304.07,43,42,250.77,254.07000000000002,-3.3000000000000114,-53.3,4.227054361567636,82.4711415134673,UFV — Radiação solar,Residencial (RE),B1,2019-11-29,2025-11-30
SRP014,LDA DAMASCO,18520803,SETD SARAPUI,3301702,15000,SARAPUI,12742.5,250.54,37,37,250.54,250.54,0.0,0.0,1.9661761820678831,100.0,UFV — Radiação solar,Residencial (RE),B1,2019-04-24,2025-08-27
CBI24896,LDA LUFERNAN,1141,SETD CACHAMBI,3304557,15027,CACHAMBI AEREO,7822.5,254.92,47,45,248.92000000000002,248.92000000000002,0.0,-6.0,3.182102908277405,97.64632041424761,UFV — Radiação solar,Residencial (RE),B1,2020-02-03,2025-10-09
CMS014,LDA ACAUA,18520839,SETD COSMOS,3304557,16897,COSMOS,7350.0,253.49,36,35,248.49,248.49,0.0,-5.0,3.380816326530612,98.02753560298237,UFV — Radiação solar,Residencial (RE),B1,2019-11-12,2025-05-12
GNB29373,LDA SOLEDADE,1150,SETD GUANABARA,3304557,15037,GUANABARA AEREO,5752.5,253.03,38,37,248.03,248.03,0.0,-5.0,4.311690569317688,98.02394972928111,UFV — Radiação solar,Residencial (RE),B1,2019-04-25,2025-12-03
JDB3636,LDS 4436/LDS 4595,10385880,SETD JARDIM BOTANICO,3304557,15071,JARDIM BOTANICO AEREO,10800.0,263.53,32,30,246.43,248.82999999999998,-2.3999999999999773,-17.1,2.281759259259259,93.51117519826965,UFV — Radiação solar,Residencial (RE),B1,2021-02-11,2025-11-30
CCD70145,LDA SIMOES,1186,SETD CASCADURA,3304557,15034,CASCADURA AEREO,10957.5,245.24,30,30,245.24,245.24,0.0,0.0,2.2381017567875885,100.0,UFV — Radiação solar,Residencial (RE),B1,2021-03-18,2025-12-05
ABR011,LDA AXELIA,18520731,SETD AREIA BRANCA,3300456,15054,AREIA BRANCA AEREO,9877.5,242.82,27,25,243.82,231.82,12.0,1.0,2.468438370032903,100.41182769129396,UFV — Radiação solar,Comercial (CO),B3,2019-10-25,2025-11-30
RCP9958,LDA PENAFON,10386006,SETD RIO COMPRIDO,3304557,15058,RIO COMPRIDO AEREO,6475.0,243.71,31,31,243.71,243.71,0.0,0.0,3.763861003861004,100.0,UFV — Radiação solar,Residencial (RE),B1,2019-08-27,2025-08-25
BRI003,LSA SALINA,18521208,SETD BRISAMAR,3302007,15006,BRISA MAR,11627.5,401.54,26,25,241.54,241.54,0.0,-160.0,2.077316706084713,60.15340937391044,UFV — Radiação solar,Residencial (RE),B1,2019-07-30,2025-12-31
ROS014,LDA FOBOS,18519985,SETD ROSALI,3305109,14996,ROSALI,6720.0,281.72,28,26,240.72,240.72,0.0,-41.0,3.5821428571428573,85.44654266647734,UFV — Radiação solar,Residencial (RE),B1,2019-12-27,2025-11-27
PER0001,LDA ROMARIZ,1240,SETD PEDRO ERNESTO,3304557,15061,PEDRO ERNESTO AEREO,8220.0,240.9,31,31,239.59999999999997,240.89999999999998,-1.3000000000000114,-1.3,2.9148418491484183,99.46035699460356,UFV — Radiação solar,Residencial (RE),B1,2019-03-01,2025-12-03
GDL29750,LDA SARMENTO,1258,SETD GUADALUPE,3304557,15036,GUADALUPE AEREO,8812.5,240.84,37,37,239.24,240.84,-1.5999999999999943,-1.6,2.7147801418439714,99.33565852848363,UFV — Radiação solar,Residencial (RE),B1,2019-01-15,2025-08-12
TUR002,LDA SANTEL,1294,SETD TURIACU,3304557,15002,TURIACU,5497.5,238.08,28,28,238.08,238.08,0.0,0.0,4.330695770804911,100.0,UFV — Radiação solar,Residencial (RE),B1,2021-05-14,2025-12-08
CBI24840,LDA JOSEVIL,1141,SETD CACHAMBI,3304557,15027,CACHAMBI AEREO,5877.5,239.12,35,35,238.02999999999997,239.12,-1.0900000000000318,-1.09,4.049851127179923,99.54416192706589,UFV — Radiação solar,Residencial (RE),B1,2019-03-19,2025-12-17
CCD652,LDA SILVALE,1186,SETD CASCADURA,3304557,15034,CASCADURA AEREO,9375.0,235.56,19,19,235.56,235.56,0.0,0.0,2.51264,100.0,UFV — Radiação solar,Residencial (RE),B1,2022-01-17,2025-12-01
CMS001,LDA GUATUBA,18520839,SETD COSMOS,3304557,16897,COSMOS,4772.5,245.33,15,14,235.32999999999998,240.82999999999998,-5.5,-10.0,4.930958617077003,95.92385766110952,UFV — Radiação solar,Comercial (CO),B3,2020-03-06,2025-12-11
PMG006,LDA PIRITU,18520479,SETD PADRE MIGUEL,3304557,15019,PADRE MIGUEL,7680.0,240.84,32,32,234.34000000000003,240.84000000000003,-6.5,-6.5,3.0513020833333337,97.30111277196481,UFV — Radiação solar,Residencial (RE),B1,2019-07-04,2025-11-30
GNB33417,LDA ZURIQUE,1150,SETD GUANABARA,3304557,15037,GUANABARA AEREO,6052.5,241.11,28,28,232.98999999999998,241.10999999999999,-8.120000000000005,-8.12,3.8494836844279217,96.6322425448965,UFV — Radiação solar,Residencial (RE),B1,2019-07-03,2025-11-30
CMT0002,LDS 1127/LDS 698/LRA OLIVARES/LRA ESCOBAR,10386051,SETD CAMPO MARTE,3304557,15047,CAMPO MARTE AEREO,3367.5,232.8,10,10,232.8,232.8,0.0,0.0,6.913140311804009,100.0,UFV — Radiação solar,Comercial (CO),B3,2019-09-05,2025-11-30
SRP002,LDA MARAMBA,18520803,SETD SARAPUI,3301702,15000,SARAPUI,7290.0,311.84,30,28,232.57,232.57,0.0,-79.27,3.190260631001372,74.57991277578246,UFV — Radiação solar,Residencial (RE),B1,2020-05-27,2025-12-04
CXS003,LDA TERESOPOLIS,18520785,SETD CAXIAS,3301702,15700,CAXIAS AEREO,7627.5,341.253,46,44,231.75000000000003,231.75000000000003,0.0,-109.503,3.0383480825958706,67.9114908879922,UFV — Radiação solar,Residencial (RE),B1,2019-06-19,2025-11-30
PMG009,LDA DOVALE,18520479,SETD PADRE MIGUEL,3304557,15019,PADRE MIGUEL,6232.5,231.55,37,37,231.54999999999998,231.54999999999998,0.0,-0.0,3.715202567188127,100.0,UFV — Radiação solar,Residencial (RE),B1,2020-03-14,2025-09-01
BMT29811,LDA BERGAMINI,1195,SETD BOCA DO MATO,3304557,15055,BOCA DO MATO AEREO,9000.0,231.44,41,41,231.44,231.44,0.0,0.0,2.5715555555555554,100.0,UFV — Radiação solar,Residencial (RE),B1,2019-11-12,2025-09-29
CRO015,LDA MANGABEIRA,18521055,SETD COELHO DA ROCHA,3305109,15035,COELHO DA ROCHA,2475.0,226.53,33,33,230.53,226.53,4.0,4.0,9.314343434343435,101.76577053811857,UFV — Radiação solar,Residencial (RE),B1,2021-02-01,2025-12-12
GDL29721,LDA MELITA,1258,SETD GUADALUPE,3304557,15036,GUADALUPE AEREO,8265.0,226.38,25,25,230.38,226.38,4.0,4.0,2.787416817906836,101.76694054245075,UFV — Radiação solar,Residencial (RE),B1,2019-11-25,2025-07-04
TQR60088,LDA COVANCA,10385871,SETD TAQUARA,3304557,15023,TAQUARA AEREO,6860.0,235.35,21,20,230.35,230.35,0.0,-5.0,3.357871720116618,97.87550456766519,UFV — Radiação solar,Comercial (CO),A4,2021-02-05,2025-11-30
CLG0013,LDA MAXBAR,1249,SETD COLEGIO,3304557,15021,COLEGIO AEREO,5527.5,249.77,25,24,229.76999999999998,229.76999999999998,0.0,-20.0,4.15685210312076,91.99263322256476,UFV — Radiação solar,Residencial (RE),B1,2019-10-23,2025-08-01
LBN00008,LDS 29574/LRA IGARAPAVA,55813421,SETD LEBLON,3304557,14992,LEBLON,6005.0,229.3,23,23,229.3,229.3,0.0,0.0,3.8184845961698586,100.0,UFV — Radiação solar,Residencial (RE),B1,2020-04-15,2025-07-28
MTC003,LDA OLIBELO,1276,SETD MATURACA,3304557,15031,MATURACA AEREO,5090.0,229.09,32,32,229.08999999999997,229.08999999999997,0.0,-0.0,4.500785854616895,99.99999999999999,UFV — Radiação solar,Residencial (RE),B1,2019-06-12,2025-12-08
RCP33216,LDA MARQUEVAL,10386006,SETD RIO COMPRIDO,3304557,15058,RIO COMPRIDO AEREO,9025.0,228.49,35,35,228.49,228.49,0.0,0.0,2.5317451523545706,100.0,UFV — Radiação solar,Residencial (RE),B1,2020-03-25,2025-09-26
CLG0006,LDA PAROBI,1249,SETD COLEGIO,3304557,15021,COLEGIO AEREO,9147.5,228.16,23,22,227.16000000000003,227.16000000000003,0.0,-1.0,2.4833014484831923,99.56171107994392,UFV — Radiação solar,Comercial (CO),B3,2020-09-16,2025-11-30
BFG24777,LDS 24777,10385934,SETD BOTAFOGO,3304557,15064,BOTAFOGO SUBTERRANEO,4130.0,235.71,19,18,226.70999999999998,226.70999999999998,0.0,-9.0,5.489346246973365,96.18174875906833,UFV — Radiação solar,Comercial (CO),B3,2019-12-09,2025-12-18
ALC718,LDA CAMPISTA,10385889,SETD ALDEIA CAMPISTA,3304557,15033,ALDEIA CAMPISTA,5070.0,226.46,31,31,226.46,226.46,0.0,0.0,4.466666666666667,100.0,UFV — Radiação solar,Residencial (RE),B1,2020-02-17,2025-11-30
IMT011,LDA CEDRO,18520929,SETD INMETRO,3301702,15005,ELDORADO,4185.0,744.1,10,9,226.04,244.1,-18.060000000000002,-518.06,5.401194743130227,30.37763741432603,UFV — Radiação solar,Comercial (CO),B3,2018-05-23,2026-01-31
ALC9925,LDA CABOFRIO,10385889,SETD ALDEIA CAMPISTA,3304557,15033,ALDEIA CAMPISTA,8960.0,247.66,30,29,225.85999999999999,227.66,-1.8000000000000114,-21.8,2.5207589285714285,91.1976096261003,UFV — Radiação solar,Residencial (RE),B1,2020-03-25,2025-11-07
MNB005,LDA UNIAO,18520902,SETD MENA BARRETO,3302858,15057,MENA BARRETO AEREO,8062.5,225.85,20,20,225.85,225.85,0.0,0.0,2.801240310077519,100.0,UFV — Radiação solar,Residencial (RE),B1,2020-04-06,2025-12-04
AVD30006,LDS 30006,10385943,SETD ALVORADA,3304557,15004,ALVORADA,50.0,225.0,3,3,225.0,225.0,0.0,0.0,450.0,100.0,UFV — Radiação solar,Comercial (CO),B3,2021-01-12,2022-01-26
BAR30355,LDS 30355,10385907,SETD BARRA,3304557,15690,BARRA SUBTERRANEO,70.0,225.0,3,3,225.0,225.0,0.0,0.0,321.42857142857144,100.0,UFV — Radiação solar,Comercial (CO),B3,2021-09-16,2021-12-07
LPD29304,LDA ROSEIRAS,10386033,SETD LEOPOLDO,3304557,15030,LEOPOLDO AEREO,5730.0,224.69,26,26,224.69,224.69,0.0,0.0,3.9212914485165795,100.0,UFV — Radiação solar,Residencial (RE),B1,2020-02-12,2025-12-01
BFG29902,LDS 29902/URCA,10385934,SETD BOTAFOGO,3304557,15067,BOTAFOGO AEREO URBANO,5840.0,238.96,33,32,224.16000000000003,230.76,-6.599999999999966,-14.8,3.8383561643835624,93.80649481084701,UFV — Radiação solar,Residencial (RE),B1,2019-08-16,2025-11-11
TRV964,LDA RICAPRADO,10385898,SETD TROVAO,3304557,15020,TROVAO AEREO,6457.5,223.09,9,9,223.09,223.09,0.0,0.0,3.4547425474254743,100.0,UFV — Radiação solar,Industrial (IN),B3,2019-02-26,2024-11-08
WLS008,LDA MAJOFRA,18519994,SETD WASHINGTON LUIS,3301702,15073,WASHINGTON LUIS AEREO,6375.0,222.99,11,11,222.99,222.99,0.0,0.0,3.4978823529411764,100.0,UFV — Radiação solar,Comercial (CO),A4,2019-02-21,2025-04-02
PDD3800,LDA PACONE/ RESERVA2,1231,SETD PIEDADE,3304557,14998,PIEDADE,7440.0,222.26,31,31,222.26,222.26,0.0,0.0,2.9873655913978494,100.0,UFV — Radiação solar,Residencial (RE),B1,2019-08-29,2025-08-22
CBI33791,LDA ARCAIRE,1141,SETD CACHAMBI,3304557,15027,CACHAMBI AEREO,7465.0,221.79,14,14,221.79,221.79,0.0,0.0,2.9710649698593437,100.0,UFV — Radiação solar,Comercial (CO),B3,2020-02-07,2025-06-16
PCI0013,LDA PIRAPETINGA,450101398,SETD PACIENCIA,3304557,16900,PACIENCIA,6645.0,221.23,24,24,221.23000000000002,221.23000000000002,0.0,0.0,3.329270127915726,100.0,UFV — Radiação solar,Residencial (RE),B1,2020-10-30,2025-11-30
MTC010,LDA TESSALIA,1276,SETD MATURACA,3304557,15031,MATURACA AEREO,6517.5,219.33,25,25,219.33,219.33,0.0,0.0,3.365247410817031,100.0,UFV — Radiação solar,Residencial (RE),B1,2020-12-08,2025-09-10
CUR33311,LDA CALMETE,10386042,SETD CURICICA,3304557,16901,CURICICA AEREO,14157.5,309.08,27,25,219.07999999999998,225.07999999999998,-6.0,-90.0,1.5474483489316617,70.88132522324318,UFV — Radiação solar,Residencial (RE),B1,2019-09-26,2025-12-16
MRT29607,LDA RISOL,1312,SETD MERITI,3305109,14993,MERITI,2715.0,218.82,37,37,218.82,218.82,0.0,0.0,8.059668508287293,100.0,UFV — Radiação solar,Residencial (RE),B1,2019-12-19,2025-11-30
VGE3825,LDA FURQUIN,1267,SETD VIGARIO GERAL,3304557,15062,VIGARIO GERAL AEREO,3180.0,187.22,25,24,218.8,177.22,41.58000000000001,31.58,6.880503144654088,116.86785599829078,UFV — Radiação solar,Residencial (RE),B1,2021-06-02,2025-08-27
JDB625,LDA MARQUETE,10385880,SETD JARDIM BOTANICO,3304557,15071,JARDIM BOTANICO AEREO,6450.0,217.79,18,18,217.79000000000002,217.79000000000002,0.0,0.0,3.3765891472868224,100.00000000000001,UFV — Radiação solar,Residencial (RE),B1,2019-11-12,2025-05-13
PER654,LDA TUPI,1240,SETD PEDRO ERNESTO,3304557,15061,PEDRO ERNESTO AEREO,5752.5,217.54,18,18,217.54000000000002,217.54000000000002,0.0,0.0,3.7816601477618432,100.00000000000001,UFV — Radiação solar,Comercial (CO),B3,2019-09-30,2025-07-18
VGE3665,LDA MARCIAL,1267,SETD VIGARIO GERAL,3304557,15062,VIGARIO GERAL AEREO,7425.0,217.47,31,31,217.47,217.47,0.0,0.0,2.928888888888889,100.0,UFV — Radiação solar,Residencial (RE),B1,2019-08-01,2025-11-30
GDL29792,LDA SALEMA,1258,SETD GUADALUPE,3304557,15036,GUADALUPE AEREO,8460.0,215.81,8,8,215.81,215.81,0.0,0.0,2.5509456264775414,100.0,UFV — Radiação solar,Comercial (CO),A4,2021-01-26,2024-12-17
VRD014,LDA PONTEALTA,18520470,SETD VOLTA REDONDA,3306305,15084,VOLTA REDONDA AEREO AT/MT,5497.5,379.592,21,20,215.65,213.3,2.3499999999999943,-163.942,3.9226921327876307,56.810997070538896,UFV — Radiação solar,Residencial (RE),B1,2019-10-07,2025-06-23
STC00009,LDA VEREMAR,34192093,SETD SANTA CLARA,3304144,15052,SANTA CLARA AEREO,7132.5,213.66,18,18,213.66,213.66,0.0,0.0,2.995583596214511,100.0,UFV — Radiação solar,Comercial (CO),B3,2020-04-08,2025-09-11
DMC9989,LDA MALOCA,1168,SETD DEMOCRATICOS,3304557,15056,DEMOCRATICOS AEREO,4692.5,252.9,20,20,212.9,252.9,-40.0,-40.0,4.537027171017582,84.1834717279557,UFV — Radiação solar,Residencial (RE),B1,2018-12-10,2025-11-30
WLS003,LDA GENEMITRE,18519994,SETD WASHINGTON LUIS,3301702,15073,WASHINGTON LUIS AEREO,8212.5,212.44,30,30,212.44,212.44,0.0,0.0,2.5867884322678845,100.0,UFV — Radiação solar,Residencial (RE),B1,2019-08-14,2025-06-17
WLS006,LDA CORMELO,18519994,SETD WASHINGTON LUIS,3301702,15073,WASHINGTON LUIS AEREO,9650.0,213.16,30,30,210.16,213.16,-3.0,-3.0,2.177823834196891,98.59260649277539,UFV — Radiação solar,Residencial (RE),B1,2020-05-07,2025-05-06
CLG0017,LDA CARAPEBA,1249,SETD COLEGIO,3304557,15021,COLEGIO AEREO,4237.5,209.65,29,29,209.65,209.65,0.0,0.0,4.9474926253687315,100.0,UFV — Radiação solar,Residencial (RE),B1,2019-07-26,2025-11-30
CBI24876,LDA BALCRISTO,1141,SETD CACHAMBI,3304557,15027,CACHAMBI AEREO,5280.0,314.921,37,35,209.28,209.28,0.0,-105.641,3.963636363636364,66.45476167038717,UFV — Radiação solar,Residencial (RE),B1,2019-10-15,2025-07-04
BAR29407,LDA QUILAGOA,10385907,SETD BARRA,3304557,15013,BARRA AEREO,9667.5,209.32,20,20,208.55,209.32,-0.7699999999999818,-0.77,2.157227825187484,99.63214217466081,UFV — Radiação solar,Residencial (RE),B1,2019-09-03,2025-09-11
MNB009,LDA MAGNOCAR,18520902,SETD MENA BARRETO,3302858,15057,MENA BARRETO AEREO,8812.5,216.49,38,37,208.49,208.49,0.0,-8.0,2.3658439716312056,96.30467919996305,UFV — Radiação solar,Residencial (RE),B1,2020-03-24,2025-11-30
MNB006,LDA ROVEIRA,18520902,SETD MENA BARRETO,3302858,15057,MENA BARRETO AEREO,5292.5,208.42,8,8,208.42,208.42,0.0,0.0,3.9380255077940483,100.0,UFV — Radiação solar,Comercial (CO),B3,2021-08-02,2024-03-02
FCN646,LDA PARAISO,10386105,SETD FREI CANECA,3304557,15049,FREI CANECA AEREO,10222.5,206.62,23,23,207.76999999999998,206.61999999999998,1.1500000000000057,1.15,2.0324773783321106,100.5565772916465,UFV — Radiação solar,Residencial (RE),B1,2019-02-22,2025-07-14
GDL00002,LDA RIBEYROLLES,1258,SETD GUADALUPE,3304557,15036,GUADALUPE AEREO,7070.0,207.44,10,10,207.44,207.44,0.0,0.0,2.934087694483734,100.0,UFV — Radiação solar,Comercial (CO),B3,2019-11-14,2025-12-10
FCN0001,LDA CARMONETO,10386105,SETD FREI CANECA,3304557,15049,FREI CANECA AEREO,7177.5,219.58,13,12,207.10000000000002,207.58,-0.47999999999998977,-12.48,2.8854057819575067,94.31642226067949,UFV — Radiação solar,Comercial (CO),B3,2019-02-14,2024-07-10
LPD29480,LDA CARUBE,10386033,SETD LEOPOLDO,3304557,15030,LEOPOLDO AEREO,3792.5,208.7,31,31,206.74000000000004,208.70000000000002,-1.9599999999999795,-1.96,5.451285431773238,99.06085289889796,UFV — Radiação solar,Residencial (RE),B1,2015-07-30,2025-08-18
VGE35061,LDA ACARI,1267,SETD VIGARIO GERAL,3304557,15062,VIGARIO GERAL AEREO,4232.5,243.52,17,16,206.46,206.46,0.0,-37.06,4.877968103957472,84.78153745072272,UFV — Radiação solar,Comercial (CO),B3,2022-03-14,2025-11-07
JAB010,LDA MONTEIRO,18520749,SETD JABOATAO,3304557,15029,JABOATAO AEREO,3982.5,213.81,17,16,205.81,209.81,-4.0,-8.0,5.167859384808537,96.2583602263692,UFV — Radiação solar,Comercial (CO),B3,2019-10-09,2025-07-14
BPN29920,LDA OURIQUE,1159,SETD BRAS DE PINA,3304557,15045,AGUA GRANDE AEREO,4552.5,343.41,8,7,205.58,205.58,0.0,-137.83,4.515760571114772,59.864302146122704,UFV — Radiação solar,Comercial (CO),B3,2021-12-01,2024-10-30
GNB29224,LDA RUFREI,1150,SETD GUANABARA,3304557,15037,GUANABARA AEREO,7522.5,208.01,25,25,205.01,208.01,-3.0,-3.0,2.7252907942838154,98.55776164607471,UFV — Radiação solar,Residencial (RE),B1,2021-10-28,2025-08-01
AGR011,LDA AGUIAR,1285,SETD AGUA GRANDE,3304557,15045,AGUA GRANDE AEREO,3075.0,202.87,29,29,204.87,202.87,2.0,2.0,6.662439024390244,100.98585300931632,UFV — Radiação solar,Residencial (RE),B1,2019-10-02,2025-12-23
RCP1260,LDS 1260,10386006,SETD RIO COMPRIDO,3304557,15058,RIO COMPRIDO AEREO,11000.0,203.12,18,18,204.55999999999997,203.11999999999998,1.4399999999999977,1.44,1.8596363636363633,100.70894052776681,UFV — Radiação solar,Comercial (CO),B3,2019-06-25,2025-06-03
TRG678,LDA TRIANA,1204,SETD TRIAGEM,3304557,15024,TRIAGEM AEREO,3865.0,326.922,10,9,204.0,204.0,0.0,-122.922,5.278137128072445,62.40020555361829,UFV — Radiação solar,Comercial (CO),B3,2021-01-21,2025-01-23
MNB020,LDA CASTELAR,18520902,SETD MENA BARRETO,3302858,15057,MENA BARRETO AEREO,6757.5,208.9,39,38,203.9,203.9,0.0,-5.0,3.0173880873103958,97.60651029200574,UFV — Radiação solar,Residencial (RE),B1,2020-01-03,2025-12-31
ALC9946,LDA RIMARAES,10385889,SETD ALDEIA CAMPISTA,3304557,15033,ALDEIA CAMPISTA,5685.0,203.32,28,28,203.32,203.32,0.0,0.0,3.576429199648197,100.0,UFV — Radiação solar,Residencial (RE),B1,2020-02-20,2025-12-22
TER822,LDA AVEOCA,1123,SETD TERRA NOVA,3304557,15044,TERRA NOVA AEREO,10080.0,201.83,16,16,201.82999999999998,201.82999999999998,0.0,-0.0,2.002281746031746,100.0,UFV — Radiação solar,Comercial (CO),B3,2019-07-19,2025-12-17
SRP005,LDA SALITRE,18520803,SETD SARAPUI,3301702,15000,SARAPUI,7500.0,201.15,9,9,201.15,201.15,0.0,0.0,2.682,100.0,UFV — Radiação solar,Residencial (RE),B1,2022-02-03,2025-11-30
CMT29092,LDA CEARA,10386051,SETD CAMPO MARTE,3304557,15047,CAMPO MARTE AEREO,3347.5,201.0,8,8,201.0,201.0,0.0,0.0,6.004480955937266,100.0,UFV — Radiação solar,Comercial (CO),B3,2020-03-25,2025-12-01
ESP015,LDA MARICA,18519958,SETD ESPERANCA,3304557,16899,ESPERANCA AEREO AT/MT,11085.0,433.248,32,31,200.58,200.58,0.0,-232.668,1.8094722598105548,46.2968092178152,UFV — Radiação solar,Residencial (RE),B1,2020-03-04,2025-11-30
PDG33678,LDA BEVI,10385916,SETD PORTA DAGUA,3304557,16902,PORTA DAGUA AEREO,7232.5,204.16,23,23,200.16,204.16,-4.0,-4.0,2.767507777393709,98.04075235109718,UFV — Radiação solar,Residencial (RE),B1,2020-03-12,2025-11-30
CRM0003,LDA ATENAS,280389625,SETD CARMARI,3303500,15691,CARMARI,7402.5,200.0,38,38,200.0,200.0,0.0,0.0,2.701789935832489,100.0,UFV — Radiação solar,Residencial (RE),B1,2020-11-16,2025-11-30
MTC009,LDA TIRICA,1276,SETD MATURACA,3304557,15031,MATURACA AEREO,6737.5,211.2,39,37,199.6,199.6,0.0,-11.6,2.9625231910946197,94.50757575757576,UFV — Radiação solar,Residencial (RE),B1,2019-05-09,2025-11-30
CAM013,LDA BALSA,18520488,SETD CAMARA,3304557,14991,CAMARA,4451.5,200.78,36,36,199.4,200.78,-1.3799999999999955,-1.38,4.479388970010109,99.3126805458711,UFV — Radiação solar,Residencial (RE),B1,2019-09-11,2025-12-04
RAM33377,LDA BRUNINI,1132,SETD RAMOS,3304557,15015,RAMOS AEREO,6675.0,254.906,7,6,199.36,169.36,30.0,-55.546,2.986666666666667,78.209222223094,UFV — Radiação solar,Comercial (CO),B3,2018-01-04,2024-03-26
CAM015,LDA CIDRI,18520488,SETD CAMARA,3304557,14991,CAMARA,8250.0,205.19,29,28,199.19,199.19,0.0,-6.0,2.4144242424242424,97.07588089088162,UFV — Radiação solar,Residencial (RE),B1,2019-04-26,2025-07-03
TRV843,LDA SENADOR,10385898,SETD TROVAO,3304557,15020,TROVAO AEREO,6480.0,222.26,13,12,198.26,198.26,0.0,-24.0,3.059567901234568,89.20183568793306,UFV — Radiação solar,Comercial (CO),B3,2022-02-16,2025-09-15
CLG0014,LDA FERNIZ,1249,SETD COLEGIO,3304557,15021,COLEGIO AEREO,7897.5,200.55,32,32,198.25,200.55,-2.3000000000000114,-2.3,2.5102880658436213,98.85315382697581,UFV — Radiação solar,Residencial (RE),B1,2021-02-19,2025-11-26
CHR005,LDA LAFAY,18520758,SETD CACHAMORRA,3304557,15011,CACHAMORRA,3787.5,197.93,22,22,197.93,197.93,0.0,0.0,5.225874587458746,100.0,UFV — Radiação solar,Residencial (RE),B1,2020-01-17,2025-06-20
AVD33318,LDS 33318,10385943,SETD ALVORADA,3304557,15004,ALVORADA,8820.0,194.75,21,21,197.7,194.75,2.9499999999999886,2.95,2.241496598639456,101.51476251604622,UFV — Radiação solar,Residencial (RE),B1,2020-01-24,2025-09-02
URG29952,LDA ANDARAI,10385979,SETD URUGUAI,3304557,15025,URUGUAI AEREO,7167.5,226.82,37,36,196.82,196.82,0.0,-30.0,2.746006278339728,86.77365311700909,UFV — Radiação solar,Residencial (RE),B1,2019-02-27,2025-11-30
MTC006,LDA SAMOA,1276,SETD MATURACA,3304557,15031,MATURACA AEREO,3247.5,196.4,24,24,196.4,196.4,0.0,0.0,6.047729022324865,100.0,UFV — Radiação solar,Residencial (RE),B1,2020-04-01,2025-07-30
URG29990,LDA MUSSU,10385979,SETD URUGUAI,3304557,15025,URUGUAI AEREO,3855.0,197.77,33,33,194.77,197.77,-3.0,-3.0,5.052399481193255,98.48308641351063,UFV — Radiação solar,Residencial (RE),B1,2019-07-24,2025-11-30
URG29975,LDA MUDA,10385979,SETD URUGUAI,3304557,15025,URUGUAI AEREO,9447.5,194.67,18,18,194.67,194.67,0.0,0.0,2.06054511775602,100.0,UFV — Radiação solar,Residencial (RE),B1,2020-04-13,2025-09-03
VGE3919,LDA GAROPA,1267,SETD VIGARIO GERAL,3304557,15062,VIGARIO GERAL AEREO,7755.0,193.17,8,8,193.17000000000002,193.17000000000002,0.0,0.0,2.4909090909090907,100.0,UFV — Radiação solar,Residencial (RE),B1,2022-06-27,2025-04-25
BAR3320,LDS 30490,10385907,SETD BARRA,3304557,15690,BARRA SUBTERRANEO,6875.0,211.07,15,14,193.07,193.07,0.0,-18.0,2.808290909090909,91.47202349931302,UFV — Radiação solar,Residencial (RE),B1,2019-09-30,2025-10-08
ROS010,LDA TERRA,18519985,SETD ROSALI,3305109,14996,ROSALI,5107.5,192.8,26,26,192.8,192.8,0.0,0.0,3.7748409202153694,100.0,UFV — Radiação solar,Residencial (RE),B1,2020-05-07,2025-07-16
BPD1394,LDS 1394,10385961,SETD BAEPENDI,3304557,15063,BAEPENDI SUBTERRANEO,7600.0,191.15,10,10,191.15,191.15,0.0,0.0,2.5151315789473685,100.0,UFV — Radiação solar,Comercial (CO),B3,2022-11-04,2025-04-09
PDG33647,LDA JAPAGUA,10385916,SETD PORTA DAGUA,3304557,16902,PORTA DAGUA AEREO,17287.5,191.08,28,28,191.08,191.08,0.0,0.0,1.1053073029645697,100.0,UFV — Radiação solar,Residencial (RE),B1,2019-04-17,2025-12-04
RFR005,LSA PINTASSILGO,18520767,SETD ROCHA FREIRE,3303500,15693,ROCHA FREIRE AEREO AT/MT,10207.5,1994.06,15,14,191.06,194.06,-3.0,-1803.0,1.8717609600783738,9.581456927073408,UFV — Radiação solar,Residencial (RE),B1,2020-01-09,2024-12-02
SRP010,LDA MARQUESA,18520803,SETD SARAPUI,3301702,15000,SARAPUI,4732.5,190.38,20,20,190.38,190.38,0.0,0.0,4.022820919175912,100.0,UFV — Radiação solar,Residencial (RE),B1,2019-12-27,2025-04-15
BFG1641,LDS 1641,10385934,SETD BOTAFOGO,3304557,15064,BOTAFOGO SUBTERRANEO,5300.0,194.9,13,12,189.9,189.9,0.0,-5.0,3.5830188679245283,97.4345818368394,UFV — Radiação solar,Comercial (CO),B3,2020-01-31,2025-05-08
VGE3237,LDA DUTRA,1267,SETD VIGARIO GERAL,3304557,15062,VIGARIO GERAL AEREO,4305.0,287.811,22,21,189.73000000000002,190.82999999999998,-1.099999999999966,-98.081,4.407200929152149,65.92173335973956,UFV — Radiação solar,Residencial (RE),B1,2019-10-31,2025-12-12
WLS00012,LDA RODOCENTER,18519994,SETD WASHINGTON LUIS,3301702,15073,WASHINGTON LUIS AEREO,5900.0,186.8,6,6,186.8,186.8,0.0,0.0,3.166101694915254,100.0,UFV — Radiação solar,Comercial (CO),A4,2019-04-17,2025-03-24
ABR013,LDA BERTIOGA,18520731,SETD AREIA BRANCA,3300456,15054,AREIA BRANCA AEREO,6645.0,189.43,25,24,186.43,186.43,0.0,-3.0,2.805568096313017,98.4163015361875,UFV — Radiação solar,Residencial (RE),B1,2021-09-22,2025-11-30
MRT9913,LDA CRISTIANO,1312,SETD MERITI,3305109,14993,MERITI,7935.0,186.37,25,25,186.37,186.37,0.0,0.0,2.348708254568368,100.0,UFV — Radiação solar,Residencial (RE),B1,2019-08-01,2025-06-23
CCD3787,LDA ESPIRITO,1186,SETD CASCADURA,3304557,15034,CASCADURA AEREO,8167.5,186.32,24,24,186.32,186.32,0.0,0.0,2.2812366085093356,100.0,UFV — Radiação solar,Residencial (RE),B1,2020-09-11,2025-12-31
STC00005,LDA GEORGIA,34192093,SETD SANTA CLARA,3304144,15052,SANTA CLARA AEREO,6712.5,186.11,25,25,186.10999999999999,186.10999999999999,0.0,-0.0,2.772588454376164,99.99999999999999,UFV — Radiação solar,Residencial (RE),B1,2019-07-16,2025-12-05
GDL29735,LDA FRANTELA,1258,SETD GUADALUPE,3304557,15036,GUADALUPE AEREO,6502.5,185.25,6,6,185.25,185.25,0.0,0.0,2.8489042675893885,100.0,UFV — Radiação solar,Comercial (CO),B3,2019-05-14,2025-09-08
BFG3463,LDS 24932/LDS 24844/LRA R VISILVA,10385934,SETD BOTAFOGO,3304557,15064,BOTAFOGO SUBTERRANEO,4825.0,185.0,9,9,185.0,185.0,0.0,0.0,3.8341968911917097,100.0,UFV — Radiação solar,Comercial (CO),B3,2021-06-01,2025-11-30
BAR29386,LDA FREIJO,10385907,SETD BARRA,3304557,15013,BARRA AEREO,12007.5,199.8,25,25,184.8,199.8,-15.0,-15.0,1.5390381011867582,92.49249249249249,UFV — Radiação solar,Residencial (RE),B1,2019-04-29,2025-11-13
AGR006,LDA HENRIQUE,1285,SETD AGUA GRANDE,3304557,15045,AGUA GRANDE AEREO,6930.0,186.29,29,29,184.58999999999997,186.28999999999996,-1.6999999999999886,-1.7,2.663636363636363,99.08744430726286,UFV — Radiação solar,Residencial (RE),B1,2020-03-12,2025-12-08
ABR015,LDA PENABOTO,18520731,SETD AREIA BRANCA,3300456,15054,AREIA BRANCA AEREO,9090.0,188.6,22,21,183.60000000000002,183.60000000000002,0.0,-5.0,2.0198019801980203,97.34888653234361,UFV — Radiação solar,Residencial (RE),B1,2020-01-09,2025-06-04
GDL29969,LDA NAZARE,1258,SETD GUADALUPE,3304557,15036,GUADALUPE AEREO,5485.0,183.55,24,24,183.55,183.55,0.0,0.0,3.3463992707383774,100.0,UFV — Radiação solar,Residencial (RE),B1,2021-05-21,2025-09-10
MNB011,LDA GEVARGAS,18520902,SETD MENA BARRETO,3302858,15057,MENA BARRETO AEREO,8537.5,183.43,24,24,183.43,183.43,0.0,0.0,2.1485212298682286,100.0,UFV — Radiação solar,Residencial (RE),B1,2019-12-18,2025-03-17
DMC739,LDA CARMORAIS,1168,SETD DEMOCRATICOS,3304557,15056,DEMOCRATICOS AEREO,2887.5,183.24,8,8,183.24,183.24,0.0,0.0,6.345974025974026,100.0,UFV — Radiação solar,Residencial (RE),B1,2022-08-30,2025-05-16
MRT9941,LDA CAMPOS,1312,SETD MERITI,3305109,14993,MERITI,5595.0,258.1,31,29,183.10000000000002,182.10000000000002,1.0,-75.0,3.272564789991064,70.94149554436265,UFV — Radiação solar,Residencial (RE),B1,2019-06-13,2025-11-30
MNB00008,LDA GRIZELTA,18520902,SETD MENA BARRETO,3302858,15057,MENA BARRETO AEREO,8210.0,242.54,31,30,182.54000000000002,182.54000000000002,0.0,-60.0,2.2233861144945193,75.26181248453865,UFV — Radiação solar,Residencial (RE),B1,2020-12-07,2025-12-18
JDB1024,LDS 1024/ SALD/ JAR/ MIG/ABDE,10385880,SETD JARDIM BOTANICO,3304557,15071,JARDIM BOTANICO AEREO,6467.5,189.1,25,24,182.11,180.10000000000002,2.009999999999991,-6.99,2.815771163509857,96.30354309888948,UFV — Radiação solar,Residencial (RE),B1,2019-10-25,2025-11-30
CMT29126,LDA BENEDONI,10386051,SETD CAMPO MARTE,3304557,15047,CAMPO MARTE AEREO,3390.0,181.0,4,4,181.0,181.0,0.0,0.0,5.339233038348082,100.0,UFV — Radiação solar,Comercial (CO),B3,2020-03-07,2024-08-16
RCP29472,LDA CAPOTE,10386006,SETD RIO COMPRIDO,3304557,15058,RIO COMPRIDO AEREO,10165.0,256.11,17,16,180.81,181.11,-0.30000000000001137,-75.3,1.7787506148548942,70.598570926555,UFV — Radiação solar,Comercial (CO),B3,2021-03-01,2025-11-30
PCI0009,LDA ICONHA,450101398,SETD PACIENCIA,3304557,16900,PACIENCIA,5317.5,198.32,19,17,180.62,180.62,0.0,-17.7,3.396708979783733,91.07503025413473,UFV — Radiação solar,Residencial (RE),B1,2019-07-09,2025-09-23
SJO0004,LDA LINOSILVA,310718139,SETD SAO JOAO,3301702,15699,SAO JOAO,5265.0,180.46,26,26,180.46,180.46,0.0,0.0,3.427540360873694,100.0,UFV — Radiação solar,Residencial (RE),B1,2020-03-18,2025-11-30
CCD826,LDA VITORINO,1186,SETD CASCADURA,3304557,15034,CASCADURA AEREO,9622.5,180.31,27,27,180.31,180.31,0.0,0.0,1.8738373603533385,100.0,UFV — Radiação solar,Residencial (RE),B1,2020-06-10,2025-11-30
FND1570,LDS 1570 /LRA HELIO,1222,SETD FUNDAO,3304557,15061,PEDRO ERNESTO AEREO,300.0,180.0,1,1,180.0,180.0,0.0,0.0,60.0,100.0,UFV — Radiação solar,Poder Público (PP),A4,2020-12-12,2020-12-12
PER616,LDA PIZARRO,1240,SETD PEDRO ERNESTO,3304557,15061,PEDRO ERNESTO AEREO,3592.5,179.91,15,15,179.91,179.91,0.0,0.0,5.0079331941544885,100.0,UFV — Radiação solar,Comercial (CO),B3,2019-09-06,2025-12-31
SCO4599,LDA TIMORAPA,10386060,SETD SAO CONRADO,3304557,15053,SAO CONRADO AEREO,4895.0,179.35,18,18,179.35,179.35,0.0,0.0,3.6639427987742597,100.0,UFV — Radiação solar,Residencial (RE),B1,2019-03-22,2025-11-05
CAM010,LDA NELFON,18520488,SETD CAMARA,3304557,14991,CAMARA,8242.5,179.3,17,17,179.3,179.3,0.0,0.0,2.1753108886866848,100.0,UFV — Radiação solar,Comercial (CO),B3,2021-04-30,2025-11-30
LBN00017,LDS 1786,55813421,SETD LEBLON,3304557,14992,LEBLON,4050.0,183.04,24,24,179.04,183.04,-4.0,-4.0,4.420740740740741,97.81468531468532,UFV — Radiação solar,Residencial (RE),B1,2019-09-26,2025-09-15
VGE3529,LDA DIQUE,1267,SETD VIGARIO GERAL,3304557,15062,VIGARIO GERAL AEREO,2850.0,177.75,18,18,177.75,177.75,0.0,0.0,6.2368421052631575,100.0,UFV — Radiação solar,Residencial (RE),B1,2020-01-27,2025-12-01
SRP00016,LDA VITERBO,18520803,SETD SARAPUI,3301702,15000,SARAPUI,6277.5,177.3,20,20,177.3,177.3,0.0,0.0,2.824372759856631,100.0,UFV — Radiação solar,Residencial (RE),B1,2019-06-19,2025-03-21
WLS004,LDA BEMARAL,18519994,SETD WASHINGTON LUIS,3301702,15073,WASHINGTON LUIS AEREO,7340.0,175.0,3,3,175.0,175.0,0.0,0.0,2.3841961852861036,100.0,UFV — Radiação solar,Residencial (RE),B1,2022-05-26,2024-07-26
BPN29881,LDA CENTROA,1159,SETD BRAS DE PINA,3304557,15017,BRAS DE PINA,5392.5,441.335,8,6,173.3,173.3,0.0,-268.035,3.213722763096894,39.26722331109022,UFV — Radiação solar,Comercial (CO),B3,2019-10-16,2025-09-24
TUR009,LDA CONSELHEIRO,1294,SETD TURIACU,3304557,15002,TURIACU,5985.0,173.26,16,16,173.26,173.26,0.0,0.0,2.8949039264828738,100.0,UFV — Radiação solar,Residencial (RE),B1,2020-02-11,2025-05-27
CLG0001,LDA ANAJAS,1249,SETD COLEGIO,3304557,15021,COLEGIO AEREO,10137.5,164.0,26,26,172.39999999999998,164.0,8.399999999999977,8.4,1.7006165228113437,105.12195121951217,UFV — Radiação solar,Residencial (RE),B1,2018-03-09,2025-11-30
CXS009,LDA ASCOLI,18520785,SETD CAXIAS,3301702,15700,CAXIAS AEREO,6887.5,201.42,23,22,171.41999999999996,171.41999999999996,0.0,-30.0,2.4888566243194186,85.10574918081619,UFV — Radiação solar,Residencial (RE),B1,2021-03-09,2025-04-30
LBN00028,LDS 1776,55813421,SETD LEBLON,3304557,14992,LEBLON,13300.0,170.34,21,21,170.34,170.34,0.0,0.0,1.280751879699248,100.0,UFV — Radiação solar,Residencial (RE),B1,2019-08-26,2025-08-12
BPD24420,LDS 24420,10385961,SETD BAEPENDI,3304557,15063,BAEPENDI SUBTERRANEO,6800.0,170.74,17,17,169.68,170.74,-1.0600000000000023,-1.06,2.4952941176470587,99.37917301159658,UFV — Radiação solar,Comercial (CO),B3,2020-01-08,2025-11-30
IMT009,LDA JATOBA,18520929,SETD INMETRO,3301702,14997,INMETRO,1587.5,169.23,10,10,169.23,169.23,0.0,0.0,10.660157480314961,100.0,UFV — Radiação solar,Comercial (CO),B3,2019-06-19,2025-12-15
CLG0012,LDA TANABI,1249,SETD COLEGIO,3304557,15021,COLEGIO AEREO,3570.0,171.3,24,23,168.29999999999998,168.29999999999998,0.0,-3.0,4.714285714285714,98.24868651488616,UFV — Radiação solar,Residencial (RE),B1,2019-08-22,2025-11-10
WLS009,LDA LIMEIRA,18519994,SETD WASHINGTON LUIS,3301702,15073,WASHINGTON LUIS AEREO,9380.0,209.96,12,11,168.15,201.96,-33.81,-41.81,1.7926439232409381,80.08668317774814,UFV — Radiação solar,Comercial (CO),B3,2019-12-30,2025-12-04
SMT33668,LDS 33668/OLINDA,10385997,SETD SAMARITANO,3304557,15078,SAMARITANO AEREO URBANO,5477.5,167.83,24,24,167.83,167.83,0.0,0.0,3.063989046097672,99.99999999999999,UFV — Radiação solar,Residencial (RE),B1,2020-01-21,2025-03-14
FND4304,LDS 4304 / LRA GALEAO,1222,SETD FUNDAO,3304557,15040,GOVERNADOR AEREO,6060.0,415.18,8,7,167.01999999999998,167.01999999999998,0.0,-248.16,2.756105610561056,40.22833469820319,UFV — Radiação solar,Comercial (CO),B3,2021-03-29,2025-05-26
CBI24963,LDA LEUGIM,1141,SETD CACHAMBI,3304557,15027,CACHAMBI AEREO,5682.5,177.83,21,21,166.82999999999998,177.82999999999998,-11.0,-11.0,2.935855697316322,93.81431704436821,UFV — Radiação solar,Residencial (RE),B1,2021-06-25,2025-11-30
URG30000,LDS 30000,10385979,SETD URUGUAI,3304557,15025,URUGUAI AEREO,9612.5,176.78,26,25,166.78,166.78,0.0,-10.0,1.7350325097529258,94.34325149903835,UFV — Radiação solar,Residencial (RE),B1,2020-09-12,2025-09-23
VGE00001,LDA FONSECA,1267,SETD VIGARIO GERAL,3304557,15062,VIGARIO GERAL AEREO,9300.0,168.06,21,21,165.7,168.06,-2.3600000000000136,-2.36,1.781720430107527,98.59573961680353,UFV — Radiação solar,Residencial (RE),B1,2020-03-31,2025-08-15
AVD0002,LDS 30301,10385943,SETD ALVORADA,3304557,15004,ALVORADA,11305.0,165.62,19,19,165.62,165.62,0.0,0.0,1.465015479876161,100.0,UFV — Radiação solar,Residencial (RE),B1,2019-12-09,2025-12-04
GVD3849,LDS 30426 E 24789 SHOPPING,1213,SETD GOVERNADOR,3304557,15040,GOVERNADOR AEREO,4000.0,164.5,5,5,164.5,164.5,0.0,0.0,4.1125,100.0,UFV — Radiação solar,Comercial (CO),B3,2023-04-14,2025-06-20
REC00005,LDA RECORD,132097219,SETD RECREIO,3304557,14999,RECREIO,2257.5,176.33,35,34,164.14,169.04999999999998,-4.909999999999997,-12.19,7.270874861572536,93.08682583791753,UFV — Radiação solar,Residencial (RE),B1,2020-10-08,2025-11-30
AFR008,LDA TAMARINDO/JANAR,18520461,SETD ARI FRANCO,3304557,15010,ARI FRANCO,6275.0,164.88,21,21,163.98000000000002,164.88,-0.8999999999999773,-0.9,2.6132270916334663,99.45414847161572,UFV — Radiação solar,Residencial (RE),B1,2019-01-16,2025-11-27
BMT29804,LDA AQUIDABA,1195,SETD BOCA DO MATO,3304557,15055,BOCA DO MATO AEREO,5422.5,163.78,30,30,163.78,163.78,0.0,0.0,3.0203780544029506,100.0,UFV — Radiação solar,Residencial (RE),B1,2019-04-11,2025-12-10
CXS017,LDA IPOLIS,18520785,SETD CAXIAS,3301702,15700,CAXIAS AEREO,6720.0,163.68,23,23,163.67999999999998,163.67999999999998,0.0,-0.0,2.4357142857142855,99.99999999999999,UFV — Radiação solar,Residencial (RE),B1,2020-03-12,2025-05-23
PER794,LDA FILOMENA,1240,SETD PEDRO ERNESTO,3304557,15061,PEDRO ERNESTO AEREO,7770.0,163.54,24,24,163.54000000000002,163.54000000000002,0.0,0.0,2.104761904761905,100.00000000000001,UFV — Radiação solar,Residencial (RE),B1,2021-05-21,2025-11-30
MRT29825,LDA NICE,1312,SETD MERITI,3305109,14993,MERITI,7770.0,163.23,21,21,163.23,163.23,0.0,0.0,2.1007722007722007,100.0,UFV — Radiação solar,Residencial (RE),B1,2021-07-09,2025-08-12
PVN9897,LDA RAMIZ,1303,SETD PAVUNA,3304557,14994,PAVUNA,5835.0,173.01,23,23,163.01000000000002,173.01000000000002,-10.0,-10.0,2.7936589545844046,94.21998728397205,UFV — Radiação solar,Residencial (RE),B1,2021-06-16,2025-11-30
PVN70296,LDA FRANKLIN,1303,SETD PAVUNA,3304557,14994,PAVUNA,5872.5,162.44,31,31,162.44000000000003,162.44000000000003,0.0,0.0,2.7661132396764585,100.00000000000001,UFV — Radiação solar,Residencial (RE),B1,2020-01-14,2025-11-30
CCD34456,LDA REGO,1186,SETD CASCADURA,3304557,15034,CASCADURA AEREO,8370.0,191.39,17,16,161.39,161.39,0.0,-30.0,1.928195937873357,84.32519985370186,UFV — Radiação solar,Residencial (RE),B1,2021-03-02,2025-06-06
JAB00023,LDA INHOAIBA,18520749,SETD JABOATAO,3304557,15029,JABOATAO AEREO,13707.5,161.35,16,16,161.35,161.35,0.0,0.0,1.1770928323910268,100.0,UFV — Radiação solar,Residencial (RE),B1,2021-09-15,2025-11-30
CUR00001,LDA VILAPAN,10386042,SETD CURICICA,3304557,16901,CURICICA AEREO,4182.5,166.53,15,14,160.89,160.89,0.0,-5.64,3.8467423789599517,96.61322284273103,UFV — Radiação solar,Residencial (RE),B1,2020-03-03,2025-09-22
FCN929,LDA SILVESTRE,10386105,SETD FREI CANECA,3304557,15049,FREI CANECA AEREO,7125.0,160.75,10,10,160.75,160.75,0.0,0.0,2.256140350877193,100.0,UFV — Radiação solar,Comercial (CO),B3,2021-05-04,2025-08-20
BFG24907,LDS 24907,10385934,SETD BOTAFOGO,3304557,15064,BOTAFOGO SUBTERRANEO,1640.0,160.69,5,5,160.69,160.69,0.0,0.0,9.798170731707318,100.0,UFV — Radiação solar,Comercial (CO),B3,2022-07-12,2025-04-14
FND1320,LDS 1320 / LRA HORACIO,1222,SETD FUNDAO,3304557,15061,PEDRO ERNESTO AEREO,2080.0,159.99,18,18,159.99,159.99,0.0,0.0,7.691826923076923,100.0,UFV — Radiação solar,Residencial (RE),B1,2020-02-17,2025-11-07
PER781,LDA CARLINA,1240,SETD PEDRO ERNESTO,3304557,15061,PEDRO ERNESTO AEREO,10410.0,261.69,33,30,159.69,163.69,-4.0,-102.0,1.5340057636887607,61.02258397340365,UFV — Radiação solar,Residencial (RE),B1,2019-09-05,2025-08-29
SJO0010,LDA GERANIOS,310718139,SETD SAO JOAO,3301702,15699,SAO JOAO,6247.5,159.68,14,14,159.68,159.68,0.0,0.0,2.5559023609443776,100.0,UFV — Radiação solar,Residencial (RE),B1,2021-02-08,2025-12-01
CMR33090,LDA SILVINO,10386015,SETD CAMERINO,3304557,15068,CAMERINO AEREO URBANO,5075.0,159.2,4,4,159.2,159.2,0.0,0.0,3.1369458128078813,100.0,UFV — Radiação solar,Comercial (CO),A4,2022-03-18,2025-09-30
RCP3677,LDA FELIX,10386006,SETD RIO COMPRIDO,3304557,15058,RIO COMPRIDO AEREO,5267.5,163.49,18,17,158.99,158.99,0.0,-4.5,3.0183198860939724,97.24753807572328,UFV — Radiação solar,Comercial (CO),B3,2020-07-27,2025-12-08
SJO0007,LDA BRASCUBAS,310718139,SETD SAO JOAO,3301702,15699,SAO JOAO,7762.5,164.57,28,27,158.97,154.57,4.400000000000006,-5.6,2.0479227053140097,96.59719268396428,UFV — Radiação solar,Residencial (RE),B1,2019-05-28,2025-05-15
URG29944,LDA SAMIGUE,10385979,SETD URUGUAI,3304557,15025,URUGUAI AEREO,6877.5,158.26,14,14,158.26000000000002,158.26000000000002,0.0,0.0,2.3011268629589243,100.00000000000001,UFV — Radiação solar,Residencial (RE),B1,2020-11-19,2025-06-26
VRD001,LDA PEIXOTO,18520470,SETD VOLTA REDONDA,3306305,15084,VOLTA REDONDA AEREO AT/MT,5092.5,157.5,9,9,157.5,157.5,0.0,0.0,3.0927835051546393,100.0,UFV — Radiação solar,Comercial (CO),B3,2019-12-16,2024-10-25
MNB018,LDA NEVES,18520902,SETD MENA BARRETO,3302858,15057,MENA BARRETO AEREO,8092.5,157.22,14,14,157.22,157.22,0.0,0.0,1.942786530738338,100.0,UFV — Radiação solar,Comercial (CO),B3,2019-10-23,2025-08-13
QMD005,LSA GUANDU,18520893,SETD QUEIMADOS,3304144,15692,NOVA IGUACU,26895.0,274.116,34,31,156.79,156.79,0.0,-117.326,0.5829708124186652,57.1984123509755,UFV — Radiação solar,Residencial (RE),B1,2019-11-22,2025-10-03
CXS016,LDA LEOME,18520785,SETD CAXIAS,3301702,15700,CAXIAS AEREO,5195.0,156.6,7,7,156.6,156.6,0.0,0.0,3.014436958614052,100.0,UFV — Radiação solar,Comercial (CO),A4,2021-07-01,2025-01-23
ZIN006,LDA JOAVIN,18520911,SETD ZONA INDUSTRIAL,3304557,15696,ZONA INDUSTRIAL,6907.5,154.29,14,14,154.29,154.29,0.0,0.0,2.2336590662323563,100.0,UFV — Radiação solar,Comercial (CO),B3,2020-10-19,2025-05-15
BPN29858,LDA CUBA,1159,SETD BRAS DE PINA,3304557,15017,BRAS DE PINA,7485.0,153.84,17,17,153.83999999999997,153.83999999999997,0.0,-0.0,2.0553106212424845,99.99999999999999,UFV — Radiação solar,Residencial (RE),B1,2019-05-23,2025-05-09
CRO005,LDA HORIZONTE,18521055,SETD COELHO DA ROCHA,3305109,15035,COELHO DA ROCHA,8055.0,153.32,26,26,153.32000000000002,153.32000000000002,0.0,0.0,1.9034140285536936,100.00000000000001,UFV — Radiação solar,Residencial (RE),B1,2021-05-04,2025-11-30
FND3747,LDA CANARIAS,1222,SETD FUNDAO,3304557,15040,GOVERNADOR AEREO,9945.0,153.11,15,15,153.11,153.11,0.0,0.0,1.5395676219205632,100.0,UFV — Radiação solar,Comercial (CO),A4,2020-09-22,2025-11-30
TER870,LDA CANASTRO,1123,SETD TERRA NOVA,3304557,15044,TERRA NOVA AEREO,6307.5,228.04,11,10,153.04,153.04,0.0,-75.0,2.4263178755449863,67.11103315207859,UFV — Radiação solar,Comercial (CO),B1,2019-06-04,2025-11-30
ROS006,LDA SATURNO,18519985,SETD ROSALI,3305109,14996,ROSALI,4612.5,267.569,12,11,152.87,152.87,0.0,-114.699,3.3142547425474254,57.132926460090665,UFV — Radiação solar,Comercial (CO),B3,2021-12-17,2025-05-12
CXS019,LDA PALMIRA,18520785,SETD CAXIAS,3301702,15700,CAXIAS AEREO,3780.0,152.86,20,20,152.85999999999999,152.85999999999999,0.0,-0.0,4.0439153439153435,99.99999999999999,UFV — Radiação solar,Residencial (RE),B1,2019-09-04,2025-12-03
SRP008,LDA TIPOERA,18520803,SETD SARAPUI,3301702,15000,SARAPUI,7582.5,176.05,15,15,151.8,176.05,-24.25,-24.25,2.001978239366964,86.22550411814825,UFV — Radiação solar,Comercial (CO),B3,2019-09-12,2025-11-30
RAM33372,LDA FROTA,1132,SETD RAMOS,3304557,15015,RAMOS AEREO,3735.0,154.91,10,9,151.60999999999999,151.60999999999999,0.0,-3.3,4.05917001338688,97.86973081143888,UFV — Radiação solar,Comercial (CO),B3,2020-07-31,2025-11-12
ALC3166,LDS 30194,10385889,SETD ALDEIA CAMPISTA,3304557,15033,ALDEIA CAMPISTA,8450.0,169.06,14,13,151.06,151.06,0.0,-18.0,1.7876923076923077,89.35289246421388,UFV — Radiação solar,Comercial (CO),B3,2019-12-12,2025-11-30
BRR30655,LDS 30655,345834478,SETD BARRA 2,3304557,15689,BARRA 2,3030.0,150.0,2,2,150.0,150.0,0.0,0.0,4.9504950495049505,100.0,UFV — Radiação solar,Comercial (CO),B3,2023-06-13,2024-03-26
AVD33320,LDA SARTRE,10385943,SETD ALVORADA,3304557,15004,ALVORADA,4142.5,149.0,2,2,149.0,149.0,0.0,0.0,3.5968617984308993,100.0,UFV — Radiação solar,Comercial (CO),B3,2022-02-11,2023-03-29
TER29223,LDA ZIEZE,1123,SETD TERRA NOVA,3304557,15044,TERRA NOVA AEREO,5480.0,148.96,11,11,148.96,148.96,0.0,0.0,2.718248175182482,100.0,UFV — Radiação solar,Comercial (CO),B3,2021-04-27,2025-07-28
PCI3354,LDA FRESON,450101398,SETD PACIENCIA,3304557,16897,COSMOS,11092.5,165.08,18,17,148.66000000000003,159.91000000000003,-11.25,-16.42,1.3401848095560065,90.0533074872789,UFV — Radiação solar,Comercial (CO),B3,2021-07-28,2025-11-30
CMS010,LDA URU,18520839,SETD COSMOS,3304557,16897,COSMOS,2647.5,216.44,32,29,148.64,148.64,0.0,-67.8,5.6143531633616615,68.67492145629274,UFV — Radiação solar,Residencial (RE),B1,2019-08-15,2025-11-30
ROS005,LDA ASTEROIDE,18519985,SETD ROSALI,3305109,14996,ROSALI,6352.5,148.62,24,24,148.62,148.62,0.0,0.0,2.339551357733176,100.0,UFV — Radiação solar,Residencial (RE),B1,2019-10-11,2025-11-30
COP9600,LDS 9600,152677490,SETD COPACABANA,3304557,15012,COPACABANA,6900.0,148.49,11,11,148.49,148.49,0.0,0.0,2.1520289855072465,100.0,UFV — Radiação solar,Comercial (CO),B3,2019-02-25,2025-11-27
DMC631,LDA CAETES,1168,SETD DEMOCRATICOS,3304557,15056,DEMOCRATICOS AEREO,5235.0,147.5,10,10,147.5,147.5,0.0,0.0,2.8175740210124163,100.0,UFV — Radiação solar,Comercial (CO),A4,2021-05-26,2025-08-30
LPD29232,LDA FRAMBAR,10386033,SETD LEOPOLDO,3304557,15030,LEOPOLDO AEREO,7900.0,147.47,28,28,147.47,147.47,0.0,0.0,1.8667088607594937,100.0,UFV — Radiação solar,Residencial (RE),B1,2019-07-03,2025-10-08
RCP9893,LDA ITAPE,10386006,SETD RIO COMPRIDO,3304557,15058,RIO COMPRIDO AEREO,3562.5,147.35,20,20,147.35,147.35,0.0,0.0,4.136140350877193,100.0,UFV — Radiação solar,Residencial (RE),B1,2021-01-14,2025-11-30
VGE3740,LDA KELER,1267,SETD VIGARIO GERAL,3304557,15062,VIGARIO GERAL AEREO,7777.5,241.322,30,26,144.67999999999998,144.67999999999998,0.0,-96.642,1.8602378656380583,59.953091719776886,UFV — Radiação solar,Residencial (RE),B1,2019-05-22,2025-03-24
BFG24750,LDS 24750,10385934,SETD BOTAFOGO,3304557,15064,BOTAFOGO SUBTERRANEO,5350.0,144.5,6,6,144.5,144.5,0.0,0.0,2.7009345794392523,100.0,UFV — Radiação solar,Comercial (CO),B3,2021-09-23,2025-07-29
BRR24946,LDS 24946,345834478,SETD BARRA 2,3304557,15689,BARRA 2,7520.0,145.8,12,12,144.3,145.8,-1.5,-1.5,1.9188829787234045,98.97119341563787,UFV — Radiação solar,Residencial (RE),B1,2019-05-14,2024-05-23
LPD33251,LDA CONDEBEL,10386033,SETD LEOPOLDO,3304557,15030,LEOPOLDO AEREO,6795.0,143.94,24,24,143.94,143.94,0.0,0.0,2.1183222958057395,100.0,UFV — Radiação solar,Residencial (RE),B1,2020-02-18,2025-07-29
BPN33195,LDA SANONI,1159,SETD BRAS DE PINA,3304557,15017,BRAS DE PINA,7680.0,168.67,21,20,142.91,163.81,-20.900000000000006,-25.76,1.8608072916666667,84.72757455386258,UFV — Radiação solar,Residencial (RE),B1,2017-11-07,2025-08-27
BPN29676,LDA GUATEMALA,1159,SETD BRAS DE PINA,3304557,15017,BRAS DE PINA,5347.5,224.92,30,27,141.32,141.32,0.0,-83.6,2.642730247779336,62.83122888138005,UFV — Radiação solar,Residencial (RE),B1,2021-03-18,2025-10-01
RCP1343,LDS 1343,10386006,SETD RIO COMPRIDO,3304557,15058,RIO COMPRIDO AEREO,6710.0,140.36,6,6,140.35999999999999,140.35999999999999,0.0,-0.0,2.0918032786885243,99.99999999999997,UFV — Radiação solar,Comercial (CO),B3,2020-12-21,2025-11-11
PER667,LDA DELFIM,1240,SETD PEDRO ERNESTO,3304557,15061,PEDRO ERNESTO AEREO,6810.0,140.1,12,12,140.1,140.1,0.0,0.0,2.05726872246696,100.0,UFV — Radiação solar,Residencial (RE),B1,2019-09-20,2025-12-06
STC00010,LDA CARAVANA,34192093,SETD SANTA CLARA,3304144,15052,SANTA CLARA AEREO,6277.5,152.45,19,17,139.13,139.13,0.0,-13.32,2.2163281561131023,91.2627090849459,UFV — Radiação solar,Residencial (RE),B1,2021-03-03,2025-09-15
VRD008,LDA CENTRAL,18520470,SETD VOLTA REDONDA,3306305,15084,VOLTA REDONDA AEREO AT/MT,5790.0,139.0,7,7,139.0,139.0,0.0,0.0,2.400690846286701,100.0,UFV — Radiação solar,Comercial (CO),B3,2022-11-18,2025-12-03
SRP007,LDA GUERREIRO,18520803,SETD SARAPUI,3301702,15000,SARAPUI,6517.5,138.02,15,15,138.02,138.02,0.0,0.0,2.1176831607211355,100.0,UFV — Radiação solar,Residencial (RE),B1,2021-05-28,2025-11-11
CUR33777,LDA CIDE,10386042,SETD CURICICA,3304557,16901,CURICICA AEREO,12382.5,138.0,3,3,138.0,138.0,0.0,0.0,1.1144760751059963,100.0,UFV — Radiação solar,Residencial (RE),B1,2019-07-22,2025-08-28
TUR007,LDA SAPE,1294,SETD TURIACU,3304557,15002,TURIACU,5265.0,143.26,26,25,137.26,137.26,0.0,-6.0,2.607027540360874,95.81181069384337,UFV — Radiação solar,Residencial (RE),B1,2019-11-26,2025-12-16
CHR0014,LDA IBITUBA,18520758,SETD CACHAMORRA,3304557,15011,CACHAMORRA,5292.5,135.79,25,25,135.79,135.79,0.0,0.0,2.5657061880018897,100.0,UFV — Radiação solar,Residencial (RE),B1,2021-06-08,2025-11-30
PTS9505,LDS 9105,10386087,SETD POSTO SEIS,3304557,15075,POSTO SEIS SUBTERRANEO,4720.0,139.0,4,4,135.0,139.0,-4.0,-4.0,2.860169491525424,97.12230215827338,UFV — Radiação solar,Comercial (CO),AS,2020-05-29,2024-08-14
CRO0031,LDA IRIDIUM,18521055,SETD COELHO DA ROCHA,3305109,15035,COELHO DA ROCHA,6405.0,291.335,11,10,134.99,133.99,1.0,-156.345,2.1075722092115536,46.334975200370714,UFV — Radiação solar,Comercial (CO),B3,2020-03-31,2025-03-31
BAR30673,LDS 30673/LDA ORMOND,10385907,SETD BARRA,3304557,15013,BARRA AEREO,1875.0,134.65,19,19,134.65,134.65,0.0,0.0,7.181333333333333,100.0,UFV — Radiação solar,Residencial (RE),B1,2019-03-29,2025-12-04
SCO29909,LDA CANOA,10386060,SETD SAO CONRADO,3304557,15053,SAO CONRADO AEREO,3030.0,150.62,20,20,134.27,150.62000000000003,-16.350000000000023,-16.35,4.431353135313532,89.14486787943169,UFV — Radiação solar,Residencial (RE),B1,2019-07-08,2025-09-16
SMT4255,LDS 4255,10385997,SETD SAMARITANO,3304557,15076,SAMARITANO SUBTERRANEO,4400.0,165.39,22,21,134.06,134.64,-0.5799999999999841,-31.33,3.046818181818182,81.0568958219965,UFV — Radiação solar,Residencial (RE),B1,2019-09-18,2025-09-17
ROS015,LDA GALAXIA,18519985,SETD ROSALI,3305109,14996,ROSALI,5505.0,132.09,23,23,132.54000000000002,132.09,0.45000000000001705,0.45,2.4076294277929158,100.34067681126506,UFV — Radiação solar,Residencial (RE),B1,2021-05-31,2025-05-06
PTS9494,LDS 9494,10386087,SETD POSTO SEIS,3304557,15075,POSTO SEIS SUBTERRANEO,7000.0,126.85,16,16,131.85,126.85,5.0,5.0,1.8835714285714287,103.94166338194718,UFV — Radiação solar,Residencial (RE),B1,2018-09-11,2025-12-09
BPD34707,LDS 34707,10385961,SETD BAEPENDI,3304557,15063,BAEPENDI SUBTERRANEO,5710.0,130.41,13,13,131.11,130.41,0.700000000000017,0.7,2.29614711033275,100.53676865271069,UFV — Radiação solar,Comercial (CO),B3,2022-02-08,2025-05-05
ALC651,LDA XAVIER,10385889,SETD ALDEIA CAMPISTA,3304557,15033,ALDEIA CAMPISTA,7227.5,130.84,19,19,130.84,130.84,0.0,0.0,1.810307851954341,100.0,UFV — Radiação solar,Residencial (RE),B1,2020-08-20,2025-04-07
BMT29833,LDA FABIO,1195,SETD BOCA DO MATO,3304557,15055,BOCA DO MATO AEREO,4800.0,134.85,24,23,130.35000000000002,130.35000000000002,0.0,-4.5,2.715625,96.66295884315909,UFV — Radiação solar,Residencial (RE),B1,2019-01-02,2025-09-15
HMT3816,LDS 1910 / 24895/ ICATU / VIUVA / DAVI,10386096,SETD HUMAITA,3304557,15022,HUMAITA AEREO,3067.5,153.69,18,17,129.05,129.70999999999998,-0.6599999999999682,-24.64,4.207008964955175,83.96772724315181,UFV — Radiação solar,Residencial (RE),B1,2019-11-29,2025-11-30
BMT29877,LDA FERRAZ,1195,SETD BOCA DO MATO,3304557,15055,BOCA DO MATO AEREO,10207.5,128.13,22,22,128.13,128.13,0.0,0.0,1.255253490080823,100.0,UFV — Radiação solar,Residencial (RE),B1,2019-06-13,2025-07-25
RAM33535,LDA BONFOR,1132,SETD RAMOS,3304557,15015,RAMOS AEREO,7000.0,126.45,9,9,126.44999999999999,126.44999999999999,0.0,-0.0,1.8064285714285713,99.99999999999999,UFV — Radiação solar,Comercial (CO),B3,2021-10-27,2025-06-13
GVD9875,LDA MUIATUCA,1213,SETD GOVERNADOR,3304557,15040,GOVERNADOR AEREO,2362.5,126.35,20,20,126.35000000000001,126.35000000000001,0.0,0.0,5.348148148148148,100.0,UFV — Radiação solar,Residencial (RE),B1,2019-03-14,2025-12-05
MRT29629,LDA GAMA,1312,SETD MERITI,3305109,14993,MERITI,5825.0,129.07,16,16,126.07,129.07,-3.0,-3.0,2.1642918454935622,97.67567986363989,UFV — Radiação solar,Residencial (RE),B1,2019-12-10,2025-11-17
CRO004,LDA BENJAMIN,18521055,SETD COELHO DA ROCHA,3305109,15035,COELHO DA ROCHA,4805.0,134.9,16,15,125.9,125.9,0.0,-9.0,2.620187304890739,93.3283914010378,UFV — Radiação solar,Residencial (RE),B1,2019-09-25,2025-08-04
DMC3523,LDA RESERVAJERUSA,1168,SETD DEMOCRATICOS,3304557,15056,DEMOCRATICOS AEREO,9597.5,199.95,10,9,125.83,125.83,0.0,-74.12,1.3110705912998177,62.930732683170795,UFV — Radiação solar,Comercial (CO),B3,2022-09-13,2025-05-21
PVN29958,LDA LEOPOLDINA,1303,SETD PAVUNA,3304557,14994,PAVUNA,5970.0,125.81,25,25,125.81,125.81,0.0,0.0,2.107370184254606,100.0,UFV — Radiação solar,Residencial (RE),B1,2019-11-01,2025-11-30
MRP00003,LDA FARADAY,224567922,SETD MARAPICU,3303500,15697,MARAPICU,6907.5,139.3,13,11,125.80000000000001,125.80000000000001,0.0,-13.5,1.8212088309808183,90.30868628858579,UFV — Radiação solar,Comercial (CO),B3,2021-07-20,2025-03-25
BPN29869,LDA PAVILHAO,1159,SETD BRAS DE PINA,3304557,15017,BRAS DE PINA,7702.5,134.8,6,5,125.62,125.6,0.020000000000010232,-9.18,1.63089905874716,93.18991097922847,UFV — Radiação solar,Comercial (CO),B3,2019-10-16,2025-07-29
STC00006,LDA LOUREBEL,34192093,SETD SANTA CLARA,3304144,15052,SANTA CLARA AEREO,9087.5,126.63,13,13,125.41,126.63,-1.2199999999999989,-1.22,1.3800275103163686,99.0365632156677,UFV — Radiação solar,Residencial (RE),B1,2018-03-23,2025-12-04
AVD33291,LDS 33291,10385943,SETD ALVORADA,3304557,15004,ALVORADA,4520.0,125.04,6,6,125.03999999999999,125.03999999999999,0.0,-0.0,2.7663716814159294,100.0,UFV — Radiação solar,Comercial (CO),B3,2021-03-05,2025-12-23
CRO0013,LDA ANTIMONIO,18521055,SETD COELHO DA ROCHA,3305109,15054,AREIA BRANCA AEREO,6870.0,124.96,14,14,124.96,124.96,0.0,0.0,1.8189228529839883,100.0,UFV — Radiação solar,Comercial (CO),B3,2021-12-29,2025-11-30
ROS008,LDA ALCEBIADES,18519985,SETD ROSALI,3305109,14996,ROSALI,8107.5,147.86,23,21,124.44000000000001,130.76,-6.319999999999979,-23.42,1.5348751156336728,84.16069254700393,UFV — Radiação solar,Residencial (RE),B1,2019-03-08,2025-09-03
GNB29069,LDA EUTIQUIO,1150,SETD GUANABARA,3304557,15037,GUANABARA AEREO,4680.0,123.96,24,24,123.96000000000001,123.96000000000001,0.0,0.0,2.6487179487179486,100.0,UFV — Radiação solar,Residencial (RE),B1,2021-07-08,2025-11-22
ALC3601,LDA RESERBAN,10385889,SETD ALDEIA CAMPISTA,3304557,15033,ALDEIA CAMPISTA,5250.0,123.66,20,20,123.66000000000001,123.66000000000001,0.0,0.0,2.355428571428572,100.00000000000001,UFV — Radiação solar,Residencial (RE),B1,2019-12-09,2025-06-30
CRM0007,LDA PARIS,280389625,SETD CARMARI,3303500,15691,CARMARI,7162.5,122.4,25,25,122.4,122.4,0.0,0.0,1.7089005235602095,100.0,UFV — Radiação solar,Residencial (RE),B1,2021-08-20,2024-12-30
MRT9979,LDA LOBATO,1312,SETD MERITI,3305109,14993,MERITI,8362.5,278.122,19,18,121.55,121.55,0.0,-156.572,1.4535127055306427,43.70384219874731,UFV — Radiação solar,Residencial (RE),B1,2021-08-03,2025-07-14
CMT29117,LDA MELSOUZA/LDS 29117/LDS1845,10386051,SETD CAMPO MARTE,3304557,15047,CAMPO MARTE AEREO,4522.5,121.0,4,4,121.0,121.0,0.0,0.0,2.67551133222775,100.0,UFV — Radiação solar,Comercial (CO),A4,2022-07-07,2024-09-17
BMT29953,LDA GALDINO,1195,SETD BOCA DO MATO,3304557,15055,BOCA DO MATO AEREO,6170.0,120.37,19,19,120.37,120.37,0.0,0.0,1.9508914100486223,100.0,UFV — Radiação solar,Residencial (RE),B1,2021-04-15,2025-09-08
JDB3063,LDS 4682/1755,10385880,SETD JARDIM BOTANICO,3304557,15071,JARDIM BOTANICO AEREO,0.0,120.0,1,1,120.0,120.0,0.0,0.0,0.0,100.0,UFV — Radiação solar,Poder Público (PP),A4,2019-09-19,2019-09-19
MTC004,LDA NUPEBA,1276,SETD MATURACA,3304557,15031,MATURACA AEREO,6307.5,119.65,10,10,119.65,119.65,0.0,0.0,1.8969480776852954,100.0,UFV — Radiação solar,Comercial (CO),B3,2019-08-21,2025-09-01
TUR010,LDA TAUBATE,1294,SETD TURIACU,3304557,15002,TURIACU,3647.5,119.5,4,4,119.5,119.5,0.0,0.0,3.2762165867032214,100.0,UFV — Radiação solar,Comercial (CO),B3,2021-02-19,2023-03-18
COP0003,LDS 9117,152677490,SETD COPACABANA,3304557,15012,COPACABANA,6900.0,118.78,12,12,118.78,118.78,0.0,0.0,1.7214492753623187,100.0,UFV — Radiação solar,Comercial (CO),B3,2019-10-17,2025-11-03
BPD4302,LDS 4302/INDIO/BIBIANO,10385961,SETD BAEPENDI,3304557,15063,BAEPENDI SUBTERRANEO,1785.0,118.72,7,7,118.72,118.72,0.0,0.0,6.650980392156863,100.0,UFV — Radiação solar,Comercial (CO),B3,2020-10-23,2025-09-05
STC00008,LDA INFANTE,34192093,SETD SANTA CLARA,3304144,15052,SANTA CLARA AEREO,5430.0,134.25,16,15,117.2,117.2,0.0,-17.05,2.158379373848987,87.2998137802607,UFV — Radiação solar,Comercial (CO),B3,2020-02-18,2025-10-03
AVD33395,LDS 33395/LDS 37927,10385943,SETD ALVORADA,3304557,15004,ALVORADA,11230.0,117.03,12,12,117.02999999999999,117.02999999999999,0.0,-0.0,1.0421193232413177,99.99999999999999,UFV — Radiação solar,Comercial (CO),B3,2019-01-22,2025-08-26
BPN29522,LDA COIMBRA,1159,SETD BRAS DE PINA,3304557,15017,BRAS DE PINA,3060.0,116.69,7,7,116.69,116.69,0.0,0.0,3.8133986928104577,100.0,UFV — Radiação solar,Comercial (CO),B3,2019-12-19,2025-12-03
CCD70128,LDA GARCIA,1186,SETD CASCADURA,3304557,15034,CASCADURA AEREO,8100.0,116.64,22,22,116.64,116.64,0.0,0.0,1.44,100.0,UFV — Radiação solar,Residencial (RE),B1,2019-05-09,2025-07-11
COP0004,LDS 9005,152677490,SETD COPACABANA,3304557,15012,COPACABANA,5110.0,116.6,4,4,116.6,116.6,0.0,0.0,2.2818003913894325,100.0,UFV — Radiação solar,Comercial (CO),B3,2022-10-22,2025-01-02
WLS001,LDA CONDELE,18519994,SETD WASHINGTON LUIS,3301702,15073,WASHINGTON LUIS AEREO,8250.0,114.6,6,6,114.6,114.6,0.0,0.0,1.3890909090909092,100.0,UFV — Radiação solar,Comercial (CO),B3,2020-03-13,2025-12-09
TRV856,LDA LOPES,10385898,SETD TROVAO,3304557,15020,TROVAO AEREO,6480.0,113.6,5,5,113.6,113.6,0.0,0.0,1.7530864197530864,100.0,UFV — Radiação solar,Industrial (IN),B3,2022-01-12,2025-06-25
SJO0012,LDA TUCAO,310718139,SETD SAO JOAO,3301702,15699,SAO JOAO,5490.0,113.44,9,9,113.44,113.44,0.0,0.0,2.066302367941712,100.0,UFV — Radiação solar,Comercial (CO),B3,2022-03-22,2025-11-06
URG29662,LDA URUTELES,10385979,SETD URUGUAI,3304557,15025,URUGUAI AEREO,3360.0,113.1,22,22,113.1,113.1,0.0,0.0,3.3660714285714284,100.0,UFV — Radiação solar,Residencial (RE),B1,2019-09-05,2025-12-10
CMS004,LDA ANTENCIA,18520839,SETD COSMOS,3304557,16900,PACIENCIA,1252.5,120.4,18,16,112.80000000000001,104.9,7.900000000000006,-7.6,9.005988023952098,93.68770764119603,UFV — Radiação solar,Residencial (RE),B1,2019-03-22,2025-05-16
LBN00056,LDS 24481,55813421,SETD LEBLON,3304557,14992,LEBLON,10710.0,111.19,19,19,112.61,111.19,1.4200000000000017,1.42,1.0514472455648927,101.27709326378272,UFV — Radiação solar,Residencial (RE),B1,2019-01-31,2025-05-19
JAB011,LDS 30331,18520749,SETD JABOATAO,3304557,15029,JABOATAO AEREO,2330.0,112.5,2,2,112.5,112.5,0.0,0.0,4.828326180257511,100.0,UFV — Radiação solar,Comercial (CO),B3,2022-10-27,2025-12-23
PMG00019,LDA PIRATRIZ,18520479,SETD PADRE MIGUEL,3304557,15019,PADRE MIGUEL,9892.5,223.363,20,19,112.35,112.35,0.0,-111.013,1.1357088703563305,50.29928860196183,UFV — Radiação solar,Residencial (RE),B1,2021-03-26,2025-12-31
AFR012,LDA PORTONAL,18520461,SETD ARI FRANCO,3304557,15010,ARI FRANCO,6712.5,112.02,16,16,112.02,112.02,0.0,0.0,1.6688268156424582,100.0,UFV — Radiação solar,Residencial (RE),B1,2021-11-30,2025-12-04
GDL29585,LDA TAPAJOS,1258,SETD GUADALUPE,3304557,15036,GUADALUPE AEREO,7400.0,121.46,22,21,111.77,111.77,0.0,-9.69,1.5104054054054055,92.02206487732587,UFV — Radiação solar,Residencial (RE),B1,2021-03-30,2025-08-13
QMD001,LSA QUIROA,18520893,SETD QUEIMADOS,3304144,15698,QUEIMADOS AEREO,16100.0,247.73,15,12,111.6,111.6,0.0,-136.13,0.6931677018633541,45.04904533161103,UFV — Radiação solar,Comercial (CO),B3,2019-12-04,2025-12-11
GDL24901,LDA SILTERRA,1258,SETD GUADALUPE,3304557,15036,GUADALUPE AEREO,10732.5,118.17,25,24,111.57,111.57,0.0,-6.6,1.0395527603074772,94.4148260979944,UFV — Radiação solar,Residencial (RE),B1,2020-07-31,2025-12-31
PER833,LDA ARPA,1240,SETD PEDRO ERNESTO,3304557,15061,PEDRO ERNESTO AEREO,1650.0,117.2,15,14,111.5,111.5,0.0,-5.7,6.757575757575758,95.13651877133105,UFV — Radiação solar,Residencial (RE),B1,2019-11-12,2025-12-11
SRP011,LDA COLUMBIA,18520803,SETD SARAPUI,3301702,15000,SARAPUI,7687.5,130.8,17,16,110.80000000000001,110.80000000000001,0.0,-20.0,1.4413008130081304,84.70948012232417,UFV — Radiação solar,Residencial (RE),B1,2020-02-18,2025-12-16
TUR004,LDA PICUI,1294,SETD TURIACU,3304557,15002,TURIACU,2917.5,107.44,14,14,109.99,107.44,2.549999999999997,2.55,3.770008568980291,102.37341772151899,UFV — Radiação solar,Residencial (RE),B1,2019-12-30,2025-09-26
ESP014,LDA AGAI,18519958,SETD ESPERANCA,3304557,16899,ESPERANCA AEREO AT/MT,6675.0,109.05,8,8,109.05,109.05,0.0,0.0,1.6337078651685393,100.0,UFV — Radiação solar,Comercial (CO),B3,2023-02-28,2025-11-30
PTS9310,LDS 9310,10386087,SETD POSTO SEIS,3304557,15075,POSTO SEIS SUBTERRANEO,9700.0,108.94,14,14,108.94,108.94,0.0,0.0,1.1230927835051547,100.0,UFV — Radiação solar,Residencial (RE),B1,2019-01-04,2025-04-30
ABR010,LDA AUREA,18520731,SETD AREIA BRANCA,3300456,15054,AREIA BRANCA AEREO,6982.5,115.46,22,21,108.71999999999998,109.35999999999999,-0.6400000000000006,-6.74,1.55703544575725,94.16248051273168,UFV — Radiação solar,Residencial (RE),B1,2020-05-27,2025-11-12
CAM020,LDA NOVAGUI,18520488,SETD CAMARA,3304557,14991,CAMARA,7897.5,108.85,9,9,108.25,108.85,-0.5999999999999943,-0.6,1.370686926242482,99.4487827285255,UFV — Radiação solar,Residencial (RE),B1,2021-11-10,2025-05-22
LBN00002,LDS 9623,55813421,SETD LEBLON,3304557,14992,LEBLON,4400.0,106.94,15,15,108.14,106.94,1.2000000000000028,1.2,2.4577272727272725,101.12212455582569,UFV — Radiação solar,Residencial (RE),B1,2020-08-13,2025-11-25
ROS018,LDA LUA,18519985,SETD ROSALI,3305109,14996,ROSALI,7905.0,108.13,17,17,108.13,108.13,0.0,0.0,1.3678684376976598,100.0,UFV — Radiação solar,Residencial (RE),B1,2021-01-15,2025-06-04
TER950,LDA PATRONATO,1123,SETD TERRA NOVA,3304557,15044,TERRA NOVA AEREO,4050.0,123.96,10,10,107.96000000000001,123.96000000000001,-16.0,-16.0,2.665679012345679,87.09261051952244,UFV — Radiação solar,Residencial (RE),B1,2021-11-09,2025-08-06
BFG29289,LDA PASC/CARL,10385934,SETD BOTAFOGO,3304557,15067,BOTAFOGO AEREO URBANO,4080.0,137.34,17,16,107.93,107.93,0.0,-29.41,2.645343137254902,78.58599097131207,UFV — Radiação solar,Residencial (RE),B1,2020-12-29,2025-08-25
VTL001,LDA PADUA,18520794,SETD VILAR DOS TELES,3300456,15072,VILAR DOS TELES AEREO,8947.5,122.56,9,8,107.56,107.56,0.0,-15.0,1.2021234981838502,87.76109660574413,UFV — Radiação solar,Comercial (CO),B3,2021-05-27,2025-04-10
LBN00006,LDS 24307,55813421,SETD LEBLON,3304557,14992,LEBLON,8625.0,106.7,4,4,106.7,106.7,0.0,0.0,1.2371014492753623,100.0,UFV — Radiação solar,Comercial (CO),B3,2018-11-05,2024-09-20
SMT30468,LDS 30468/LRA ESTAIMBRA,10385997,SETD SAMARITANO,3304557,15076,SAMARITANO SUBTERRANEO,4942.5,106.46,13,13,106.46000000000001,106.46000000000001,0.0,0.0,2.1539706626201314,100.0,UFV — Radiação solar,Residencial (RE),B1,2019-04-04,2025-11-06
TER846,LDA BUQUIRA,1123,SETD TERRA NOVA,3304557,15044,TERRA NOVA AEREO,5737.5,105.96,4,4,105.96000000000001,105.96000000000001,0.0,0.0,1.846797385620915,100.0,UFV — Radiação solar,Comercial (CO),B3,2021-02-10,2025-11-30
AVD30537,LDS 30537,10385943,SETD ALVORADA,3304557,15004,ALVORADA,9170.0,119.2,6,5,105.7,105.7,0.0,-13.5,1.1526717557251909,88.6744966442953,UFV — Radiação solar,Comercial (CO),B3,2021-06-01,2025-01-31
SAT24350,LDS 24350/LLDA LADEIRA,10385970,SETD SANTO ANTONIO,3304557,15085,SANTO ANTONIO AEREO URBANO,4445.0,109.54,16,16,104.74000000000001,109.53999999999999,-4.799999999999983,-4.8,2.356355455568054,95.61803907248493,UFV — Radiação solar,Residencial (RE),B1,2019-02-21,2025-07-04
PVN9828,LDA APOLO,1303,SETD PAVUNA,3304557,14994,PAVUNA,8227.5,106.37,17,16,104.37,104.37,0.0,-2.0,1.2685505925250684,98.11977061201466,UFV — Radiação solar,Residencial (RE),B1,2019-06-25,2025-12-11
GDL0007,LDA MEIRELES,1258,SETD GUADALUPE,3304557,15036,GUADALUPE AEREO,4245.0,125.06,17,16,103.67,107.06,-3.3900000000000006,-21.39,2.4421672555948173,82.89620981928674,UFV — Radiação solar,Residencial (RE),B1,2017-12-22,2025-11-30
URG1346,LDS 1346,10385979,SETD URUGUAI,3304557,15025,URUGUAI AEREO,6850.0,103.49,9,9,103.49,103.49,0.0,0.0,1.5108029197080293,100.0,UFV — Radiação solar,Comercial (CO),B3,2022-08-25,2025-12-10
RCP33247,LDS 33247,10386006,SETD RIO COMPRIDO,3304557,15058,RIO COMPRIDO AEREO,3700.0,101.98,14,14,103.34,101.98,1.3599999999999994,1.36,2.792972972972973,101.33359482251421,UFV — Radiação solar,Residencial (RE),B1,2021-04-15,2025-11-07
CCD3713,LDA TACAMIA,1186,SETD CASCADURA,3304557,15034,CASCADURA AEREO,11600.0,106.74,14,14,103.24000000000001,106.74000000000001,-3.5,-3.5,0.89,96.7210043095372,UFV — Radiação solar,Residencial (RE),B1,2022-08-15,2025-11-30
ALC868,LDA CANABARRO,10385889,SETD ALDEIA CAMPISTA,3304557,15033,ALDEIA CAMPISTA,4807.5,102.84,22,22,102.84,102.84,0.0,0.0,2.1391575663026523,100.0,UFV — Radiação solar,Residencial (RE),B1,2021-02-20,2025-11-30
SMT9200,LDS 9200,10385997,SETD SAMARITANO,3304557,15076,SAMARITANO SUBTERRANEO,7210.0,102.45,13,13,102.44999999999999,102.44999999999999,0.0,-0.0,1.4209431345353674,99.99999999999999,UFV — Radiação solar,Comercial (CO),B3,2019-08-22,2024-07-10
GDL24813,LDA GONCALVES,1258,SETD GUADALUPE,3304557,15036,GUADALUPE AEREO,8737.5,102.0,2,2,102.0,102.0,0.0,0.0,1.167381974248927,100.0,UFV — Radiação solar,Comercial (CO),B3,2022-08-15,2024-09-16
PER852,LDA FELISBELO,1240,SETD PEDRO ERNESTO,3304557,15061,PEDRO ERNESTO AEREO,5265.0,101.91,12,12,101.91,101.91,0.0,0.0,1.9356125356125355,100.0,UFV — Radiação solar,Residencial (RE),B1,2020-03-06,2025-01-16
FTL001,LDA DIVINO V,18521064,SETD FONTINELE,3300407,15007,FONTINELE,5527.5,193.203,9,8,101.6,101.6,0.0,-91.603,1.838082315694256,52.58717514738384,UFV — Radiação solar,Residencial (RE),B1,2022-04-19,2025-03-06
URG29970,LDA CONDEFIM,10385979,SETD URUGUAI,3304557,15025,URUGUAI AEREO,4040.0,114.07,21,21,100.62,114.07,-13.449999999999989,-13.45,2.490594059405941,88.20899447707548,UFV — Radiação solar,Residencial (RE),B1,2018-03-16,2025-11-11
CRO008,LDA IPAMERI,18521055,SETD COELHO DA ROCHA,3305109,15035,COELHO DA ROCHA,5970.0,100.3,18,18,100.3,100.3,0.0,0.0,1.6800670016750419,100.0,UFV — Radiação solar,Residencial (RE),B1,2019-12-30,2025-06-05
NIG001,LDS 4191,18519976,SETD NOVA IGUACU,3303500,15692,NOVA IGUACU,4450.0,99.7,4,4,99.7,99.7,0.0,0.0,2.2404494382022473,100.0,UFV — Radiação solar,Comercial (CO),B3,2020-04-14,2023-10-24
CMT29124,LDA GURJAO,10386051,SETD CAMPO MARTE,3304557,15047,CAMPO MARTE AEREO,4290.0,99.58,6,6,99.58,99.58,0.0,0.0,2.3212121212121213,100.0,UFV — Radiação solar,Comercial (CO),B3,2019-05-08,2024-08-24
ROS00022,LDA NETUNO,18519985,SETD ROSALI,3305109,14996,ROSALI,4275.0,186.775,21,20,99.57,99.57,0.0,-87.205,2.329122807017544,53.31013251238121,UFV — Radiação solar,Residencial (RE),B1,2020-12-30,2025-08-15
WLS007,LDA VOLUNTARIA,18519994,SETD WASHINGTON LUIS,3301702,15073,WASHINGTON LUIS AEREO,6720.0,816.315,7,5,98.5,98.5,0.0,-717.815,1.4657738095238095,12.066420438188688,UFV — Radiação solar,Comercial (CO),B3,2022-09-12,2025-08-12
PTS9322,LDS 9322,10386087,SETD POSTO SEIS,3304557,15075,POSTO SEIS SUBTERRANEO,7000.0,98.0,5,5,98.0,98.0,0.0,0.0,1.4,100.0,UFV — Radiação solar,Comercial (CO),B3,2021-07-30,2025-11-30
PER70278,LDA FIRMINO,1240,SETD PEDRO ERNESTO,3304557,15017,BRAS DE PINA,6052.5,112.7,11,10,97.7,97.7,0.0,-15.0,1.614209004543577,86.69032830523514,UFV — Radiação solar,Residencial (RE),B1,2020-11-11,2025-07-31
BPD9777,LDS 9777,10385961,SETD BAEPENDI,3304557,15063,BAEPENDI SUBTERRANEO,6410.0,97.38,7,7,97.38,97.38,0.0,0.0,1.519188767550702,100.0,UFV — Radiação solar,Comercial (CO),B3,2020-11-10,2024-12-07
ROS004,LDA PLANETA,18519985,SETD ROSALI,3305109,14996,ROSALI,6187.5,97.3,17,17,97.30000000000001,97.30000000000001,0.0,0.0,1.5725252525252529,100.00000000000003,UFV — Radiação solar,Residencial (RE),B1,2020-05-14,2025-03-13
TRV669,LDA MACHADO,10385898,SETD TROVAO,3304557,15020,TROVAO AEREO,6382.5,97.0,3,3,97.0,97.0,0.0,0.0,1.5197806502154327,100.0,UFV — Radiação solar,Comercial (CO),B3,2023-02-16,2025-05-14
RCP30123,LDS 30123/LRA MARROS,10386006,SETD RIO COMPRIDO,3304557,15058,RIO COMPRIDO AEREO,7430.0,101.68,13,12,94.93,94.93,0.0,-6.75,1.277658142664872,93.36152635719905,UFV — Radiação solar,Residencial (RE),B1,2021-04-14,2025-12-10
JDB643,LDA EPITACIO,10385880,SETD JARDIM BOTANICO,3304557,15071,JARDIM BOTANICO AEREO,5292.5,109.33,17,15,94.83,94.83,0.0,-14.5,1.7917808219178082,86.73740053050398,UFV — Radiação solar,Residencial (RE),B1,2020-03-18,2025-07-17
JDB3210,LDS 30632/LDS 4398,10385880,SETD JARDIM BOTANICO,3304557,15071,JARDIM BOTANICO AEREO,7240.0,94.66,17,17,94.66,94.66,0.0,0.0,1.3074585635359115,100.0,UFV — Radiação solar,Residencial (RE),B1,2019-11-07,2025-12-10
LBN00009,LDS 1806,55813421,SETD LEBLON,3304557,14992,LEBLON,10520.0,93.3,10,10,93.30000000000001,93.30000000000001,0.0,0.0,0.8868821292775667,100.00000000000003,UFV — Radiação solar,Residencial (RE),B1,2022-12-05,2025-11-30
BPN29575,LDA ABAIRA,1159,SETD BRAS DE PINA,3304557,15017,BRAS DE PINA,5865.0,93.21,14,14,93.21000000000001,93.21000000000001,0.0,0.0,1.5892583120204604,100.0,UFV — Radiação solar,Residencial (RE),B1,2020-12-09,2025-07-01
GDN0011,LDA CYRELA,457474244,SETD GARDENIA,3304557,16903,GARDENIA,2127.5,93.1,3,3,93.1,93.1,0.0,0.0,4.376028202115158,100.0,UFV — Radiação solar,Comercial (CO),B3,2022-09-15,2025-07-18
DMC925,LDA MANGUINHOS,1168,SETD DEMOCRATICOS,3304557,15056,DEMOCRATICOS AEREO,6405.0,92.84,12,12,92.84,92.84,0.0,0.0,1.4494925839188135,100.0,UFV — Radiação solar,Residencial (RE),B1,2019-02-28,2025-10-15
BRR37085,LDS 37085,345834478,SETD BARRA 2,3304557,15004,ALVORADA,9235.0,91.69,8,8,92.09,91.69,0.4000000000000057,0.4,0.997184623714131,100.43625259024975,UFV — Radiação solar,Residencial (RE),B1,2021-02-18,2025-11-17
IMT006,LDA MOGNO,18520929,SETD INMETRO,3301702,14997,INMETRO,2997.5,92.0,3,3,92.0,92.0,0.0,0.0,3.0692243536280235,100.0,UFV — Radiação solar,Comercial (CO),B3,2021-06-18,2025-04-02
BMT29884,LDA ROMANA,1195,SETD BOCA DO MATO,3304557,15055,BOCA DO MATO AEREO,7422.5,91.22,13,13,91.22,91.22,0.0,0.0,1.228965981812058,100.0,UFV — Radiação solar,Residencial (RE),B1,2019-12-30,2025-11-30
JDB4244,LDS 4244,10385880,SETD JARDIM BOTANICO,3304557,15071,JARDIM BOTANICO AEREO,6750.0,90.79,9,9,90.78999999999999,90.78999999999999,0.0,-0.0,1.345037037037037,100.0,UFV — Radiação solar,Residencial (RE),B1,2021-05-25,2025-12-05
CMT29141,LDA FRANCIGENIO,10386051,SETD CAMPO MARTE,3304557,15047,CAMPO MARTE AEREO,4985.0,90.59,14,14,90.59,90.59,0.0,0.0,1.8172517552657974,100.0,UFV — Radiação solar,Residencial (RE),B1,2020-04-09,2025-10-14
CMR24531,LDS 24531,10386015,SETD CAMERINO,3304557,15008,MACKENZIE,20.0,90.0,1,1,90.0,90.0,0.0,0.0,450.0,100.0,UFV — Radiação solar,Poder Público (PP),A4,2019-01-02,2019-01-02
TQR00008,LDA ENSEADA,10385871,SETD TAQUARA,3304557,15023,TAQUARA AEREO,6582.5,88.96,9,9,88.96000000000001,88.96000000000001,0.0,0.0,1.3514622104063805,100.0,UFV — Radiação solar,Comercial (CO),B3,2020-01-23,2024-07-30
SLZ1415,LDS 1415,10386069,SETD SANTA LUZIA,3304557,15016,SANTA LUZIA,3140.0,88.88,2,2,88.88,88.88,0.0,0.0,2.830573248407643,100.0,UFV — Radiação solar,Poder Público (PP),B3,2025-02-18,2025-03-27
COP9086,LDS 9086,152677490,SETD COPACABANA,3304557,15012,COPACABANA,5410.0,88.8,8,8,88.80000000000001,88.80000000000001,0.0,0.0,1.6414048059149726,100.00000000000003,UFV — Radiação solar,Comercial (CO),B3,2022-06-25,2025-03-26
RCP33211,LDA BABILONIA,10386006,SETD RIO COMPRIDO,3304557,15058,RIO COMPRIDO AEREO,5915.0,88.48,10,10,88.47999999999999,88.47999999999999,0.0,-0.0,1.4958579881656802,99.99999999999997,UFV — Radiação solar,Residencial (RE),B1,2019-03-08,2025-07-09
BPD9837,LDS 9837 / LRA MURATORI / LRA SANTAMAR,10385961,SETD BAEPENDI,3304557,15026,BAEPENDI AEREO,4237.5,88.27,16,16,88.27000000000001,88.27000000000001,0.0,0.0,2.08306784660767,100.00000000000003,UFV — Radiação solar,Residencial (RE),B1,2019-10-28,2025-12-10
PTS9240,LDS 9240,10386087,SETD POSTO SEIS,3304557,15075,POSTO SEIS SUBTERRANEO,9400.0,87.95,9,9,87.95,87.95,0.0,0.0,0.9356382978723404,100.0,UFV — Radiação solar,Comercial (CO),B3,2019-10-25,2025-09-15
BFG24849,LDS 24849,10385934,SETD BOTAFOGO,3304557,15064,BOTAFOGO SUBTERRANEO,6500.0,86.82,11,11,86.82000000000001,86.82000000000001,0.0,0.0,1.3356923076923077,100.00000000000001,UFV — Radiação solar,Residencial (RE),B1,2020-02-04,2025-06-24
AFR007,LDA AUGUREDO,18520461,SETD ARI FRANCO,3304557,15010,ARI FRANCO,8115.0,86.55,12,12,86.55000000000001,86.55000000000001,0.0,0.0,1.0665434380776342,100.00000000000003,UFV — Radiação solar,Comercial (CO),B3,2019-04-26,2025-11-30
PDD9870,LDA QUINTAO,1231,SETD PIEDADE,3304557,14998,PIEDADE,7837.5,86.13,14,14,86.13,86.13,0.0,0.0,1.0989473684210527,100.0,UFV — Radiação solar,Residencial (RE),B1,2020-11-09,2025-08-14
RCP0001,LDA CARMOURA,10386006,SETD RIO COMPRIDO,3304557,15058,RIO COMPRIDO AEREO,3702.5,85.69,15,15,85.69,85.69,0.0,0.0,2.3143821742066173,100.0,UFV — Radiação solar,Residencial (RE),B1,2019-10-09,2025-07-31
GVD3629,LDA MARCHE/GALETA,1213,SETD GOVERNADOR,3304557,15037,GUANABARA AEREO,4792.5,100.45,13,12,85.45,85.45,0.0,-15.0,1.7829942618675012,85.06719761075162,UFV — Radiação solar,Residencial (RE),B1,2020-07-10,2025-09-22
BPD9603,LDS 9603,10385961,SETD BAEPENDI,3304557,15063,BAEPENDI SUBTERRANEO,5910.0,85.0,6,6,85.0,85.0,0.0,0.0,1.4382402707275803,100.0,UFV — Radiação solar,Comercial (CO),B3,2022-07-06,2025-02-21
VRD005,LDA ESTADIO,18520470,SETD VOLTA REDONDA,3306305,15084,VOLTA REDONDA AEREO AT/MT,5350.0,98.68,8,8,84.47999999999999,98.68,-14.200000000000017,-14.2,1.5790654205607473,85.61005269558166,UFV — Radiação solar,Residencial (RE),B1,2021-02-19,2025-01-17
BFG24178,LDS 24178,10385934,SETD BOTAFOGO,3304557,15064,BOTAFOGO SUBTERRANEO,6510.0,84.39,5,5,84.39,84.39,0.0,0.0,1.2963133640552995,100.0,UFV — Radiação solar,Comercial (CO),B3,2019-09-11,2022-07-14
FTL011,LDA FINANCA,18521064,SETD FONTINELE,3300407,15007,FONTINELE,5145.0,263.761,13,12,84.02999999999999,84.02999999999999,0.0,-179.731,1.633236151603498,31.858386948790752,UFV — Radiação solar,Comercial (CO),B3,2019-03-11,2025-12-08
BRR34933,LDS 34933,345834478,SETD BARRA 2,3304557,15689,BARRA 2,9830.0,84.0,7,7,84.0,84.0,0.0,0.0,0.854526958290946,100.0,UFV — Radiação solar,Comercial (CO),B3,2020-12-02,2025-07-18
SJO0005,LDA JAMARI,310718139,SETD SAO JOAO,3301702,15699,SAO JOAO,7597.5,88.19,16,15,83.19000000000001,83.19000000000001,0.0,-5.0,1.0949654491609084,94.33042295044793,UFV — Radiação solar,Residencial (RE),B1,2021-05-17,2025-12-06
TRG966,LDA DALACHAN,1204,SETD TRIAGEM,3304557,15024,TRIAGEM AEREO,2692.5,82.88,5,5,82.88,82.88,0.0,0.0,3.0781801299907148,100.0,UFV — Radiação solar,Residencial (RE),B1,2020-05-12,2023-09-15
JDB771,LDS 771 / LDA PIONZE/LRA BOTANICO,10385880,SETD JARDIM BOTANICO,3304557,15071,JARDIM BOTANICO AEREO,2507.5,82.86,10,10,82.86,82.86,0.0,0.0,3.3044865403788632,100.0,UFV — Radiação solar,Residencial (RE),B1,2021-12-13,2025-11-13
TER29134,LDA ATENEU,1123,SETD TERRA NOVA,3304557,15044,TERRA NOVA AEREO,2062.5,81.16,8,8,81.16,81.16,0.0,0.0,3.935030303030303,100.0,UFV — Radiação solar,Residencial (RE),B1,2021-04-22,2025-09-09
CUR33135,LDA OASIS,10386042,SETD CURICICA,3304557,16901,CURICICA AEREO,1995.0,80.25,4,4,80.25,80.25,0.0,0.0,4.022556390977444,100.0,UFV — Radiação solar,Comercial (CO),B3,2019-08-10,2024-11-27
TUR008,LDA BORBOREMA,1294,SETD TURIACU,3304557,15002,TURIACU,5565.0,79.87,8,8,79.87,79.87,0.0,0.0,1.4352201257861634,100.0,UFV — Radiação solar,Residencial (RE),B1,2021-04-15,2025-12-18
HMT3138,LDS 4689/LDS 24193,10386096,SETD HUMAITA,3304557,15059,HUMAITA SUBTERRANEO,3200.0,79.26,16,16,79.25999999999999,79.25999999999999,0.0,-0.0,2.4768749999999997,99.99999999999999,UFV — Radiação solar,Residencial (RE),B1,2020-09-21,2025-02-18
URG29931,LDA GARIBALDI,10385979,SETD URUGUAI,3304557,15025,URUGUAI AEREO,7052.5,78.99,16,16,78.99000000000001,78.99000000000001,0.0,0.0,1.1200283587380362,100.00000000000001,UFV — Radiação solar,Residencial (RE),B1,2020-07-03,2025-12-03
BPD24330,LDS 24330,10385961,SETD BAEPENDI,3304557,15063,BAEPENDI SUBTERRANEO,3800.0,81.32,13,13,78.32,81.32,-3.0,-3.0,2.061052631578947,96.31087063453025,UFV — Radiação solar,Residencial (RE),B1,2021-10-27,2025-04-10
BFG24972,LDS 24972,10385934,SETD BOTAFOGO,3304557,15064,BOTAFOGO SUBTERRANEO,6100.0,78.16,17,17,78.16,78.16,0.0,0.0,1.281311475409836,100.0,UFV — Radiação solar,Residencial (RE),B1,2019-11-19,2025-08-22
TQR33835,LDA ATININGA,10385871,SETD TAQUARA,3304557,15023,TAQUARA AEREO,7242.5,78.0,14,14,78.0,78.0,0.0,0.0,1.0769761822575077,100.0,UFV — Radiação solar,Residencial (RE),B1,2020-05-07,2025-11-10
TRG848,LDA GUARAPAVA,1204,SETD TRIAGEM,3304557,15024,TRIAGEM AEREO,1410.0,77.5,3,3,77.5,77.5,0.0,0.0,5.49645390070922,100.0,UFV — Radiação solar,Comercial (CO),B3,2020-04-13,2025-07-28
TER895,LDA MACEDO,1123,SETD TERRA NOVA,3304557,15044,TERRA NOVA AEREO,1147.5,77.0,11,11,77.0,77.0,0.0,0.0,6.710239651416122,100.0,UFV — Radiação solar,Residencial (RE),B1,2022-02-25,2025-08-16
RCP3064,LDS 1698/LDS 4070,10386006,SETD RIO COMPRIDO,3304557,15058,RIO COMPRIDO AEREO,9437.5,76.5,12,12,76.5,76.5,0.0,0.0,0.8105960264900662,100.0,UFV — Radiação solar,Residencial (RE),B1,2021-06-17,2025-05-21
BPD4529,LDS 4529,10385961,SETD BAEPENDI,3304557,15063,BAEPENDI SUBTERRANEO,4000.0,77.65,12,12,76.25,77.65,-1.4000000000000057,-1.4,1.90625,98.19703799098518,UFV — Radiação solar,Residencial (RE),B1,2019-01-18,2025-11-30
FTL008,LDA CIDADE,18521064,SETD FONTINELE,3300407,15007,FONTINELE,4282.5,76.0,5,5,76.0,76.0,0.0,0.0,1.7746643315820199,100.0,UFV — Radiação solar,Comercial (CO),B3,2020-03-16,2025-10-03
BFG1709,LDS 1709,10385934,SETD BOTAFOGO,3304557,15064,BOTAFOGO SUBTERRANEO,8900.0,75.94,12,12,75.94,75.94,0.0,0.0,0.8532584269662922,100.0,UFV — Radiação solar,Residencial (RE),B1,2021-09-27,2025-11-30
DMC753,LDA URANOS,1168,SETD DEMOCRATICOS,3304557,15056,DEMOCRATICOS AEREO,2652.5,85.8,6,5,75.8,75.8,0.0,-10.0,2.8576814326107445,88.34498834498835,UFV — Radiação solar,Industrial (IN),B3,2021-05-06,2025-09-13
PCI0007,LDA MANGUEIRA,450101398,SETD PACIENCIA,3304557,16900,PACIENCIA,9810.0,72.22,15,15,75.06,72.22,2.8400000000000034,2.84,0.7651376146788991,103.93242869011354,UFV — Radiação solar,Residencial (RE),B1,2019-06-27,2025-11-30
BRR24810,LDS 24810,345834478,SETD BARRA 2,3304557,15689,BARRA 2,40.0,75.0,1,1,75.0,75.0,0.0,0.0,187.5,100.0,UFV — Radiação solar,Comercial (CO),B3,2021-07-08,2021-07-08
FCN1544,LDS 1544,10386105,SETD FREI CANECA,3304557,15049,FREI CANECA AEREO,500.0,75.0,1,1,75.0,75.0,0.0,0.0,15.0,100.0,UFV — Radiação solar,Residencial (RE),B1,2023-02-17,2023-02-17
BRR34407,LDS 34407,345834478,SETD BARRA 2,3304557,15004,ALVORADA,1500.0,75.0,1,1,75.0,75.0,0.0,0.0,5.0,100.0,UFV — Radiação solar,Comercial (CO),B3,2022-09-01,2022-09-01
CMT799,LDS 799/37794,10386051,SETD CAMPO MARTE,3304557,15047,CAMPO MARTE AEREO,1625.0,75.0,1,1,75.0,75.0,0.0,0.0,4.615384615384615,100.0,UFV — Radiação solar,Industrial (IN),B3,2023-03-15,2023-03-15
SAT24174,LDS 24174,10385970,SETD SANTO ANTONIO,3304557,15083,SANTO ANTONIO SUBTERRANEO,2600.0,75.0,1,1,75.0,75.0,0.0,0.0,2.8846153846153846,100.0,UFV — Radiação solar,Comercial (CO),B3,2025-05-15,2025-05-15
SLZ9032,LDS 9032,10386069,SETD SANTA LUZIA,3304557,15016,SANTA LUZIA,9120.0,75.0,1,1,75.0,75.0,0.0,0.0,0.8223684210526315,100.0,UFV — Radiação solar,Poder Público (PP),B3,2025-07-31,2025-07-31
WLS010,LDA TABELIAO,18519994,SETD WASHINGTON LUIS,3301702,15073,WASHINGTON LUIS AEREO,10847.5,75.0,1,1,75.0,75.0,0.0,0.0,0.6914035492048859,100.0,UFV — Radiação solar,Comercial (CO),B3,2022-02-15,2022-02-15
FCN1767,LDS 1767,10386105,SETD FREI CANECA,3304557,15049,FREI CANECA AEREO,7220.0,74.1,5,5,74.10000000000001,74.10000000000001,0.0,0.0,1.0263157894736843,100.00000000000001,UFV — Radiação solar,Comercial (CO),B3,2019-12-20,2025-05-29
SLZ1362,LDS 1362,10386069,SETD SANTA LUZIA,3304557,15016,SANTA LUZIA,1100.0,73.0,1,1,73.0,73.0,0.0,0.0,6.636363636363637,100.0,UFV — Radiação solar,Comercial (CO),B3,2022-03-31,2022-03-31
ABR007,LDA JAMBUY,18520731,SETD AREIA BRANCA,3300456,15054,AREIA BRANCA AEREO,7822.5,80.2,9,7,72.4,72.4,0.0,-7.8,0.9255353147970599,90.27431421446384,UFV — Radiação solar,Residencial (RE),B1,2021-06-30,2025-04-07
PTS9449,LDS 9449,10386087,SETD POSTO SEIS,3304557,15075,POSTO SEIS SUBTERRANEO,10500.0,71.05,6,6,71.05,71.05,0.0,0.0,0.6766666666666666,100.0,UFV — Radiação solar,Comercial (CO),B3,2019-03-26,2025-11-17
AVD33625,LDA VIPAR,10385943,SETD ALVORADA,3304557,15004,ALVORADA,420.0,70.8,5,5,70.8,70.8,0.0,0.0,16.857142857142858,100.0,UFV — Radiação solar,Residencial (RE),B1,2018-11-19,2025-09-22
LBN0019,LDS 9596,55813421,SETD LEBLON,3304557,14992,LEBLON,5500.0,69.88,6,6,69.88,69.88,0.0,0.0,1.2705454545454546,100.0,UFV — Radiação solar,Residencial (RE),B1,2020-11-14,2025-10-08
PTS9180,LDS 9180,10386087,SETD POSTO SEIS,3304557,15075,POSTO SEIS SUBTERRANEO,3800.0,69.51,10,10,69.51,69.51,0.0,0.0,1.8292105263157896,100.0,UFV — Radiação solar,Residencial (RE),B1,2020-09-03,2025-05-29
MRP00006,LDA DUMONT,224567922,SETD MARAPICU,3303500,15697,MARAPICU,6847.5,76.74,13,13,68.44,76.74000000000001,-8.300000000000011,-8.3,0.9994888645491055,89.18425853531406,UFV — Radiação solar,Comercial (CO),B3,2020-04-24,2025-08-19
LBN4228,LDS 4228,55813421,SETD LEBLON,3304557,14992,LEBLON,5900.0,71.04,12,12,68.27,71.04,-2.7700000000000102,-2.77,1.1571186440677965,96.10078828828829,UFV — Radiação solar,Residencial (RE),B1,2021-12-13,2025-09-15
MRP00008,LDA GALILEU,224567922,SETD MARAPICU,3303500,15697,MARAPICU,6367.5,105.63,13,12,68.13,68.13,0.0,-37.5,1.0699646643109542,64.49872195399034,UFV — Radiação solar,Residencial (RE),B1,2019-08-16,2025-07-16
URG29706,LDA BAURU,10385979,SETD URUGUAI,3304557,15025,URUGUAI AEREO,5057.5,72.0,12,11,68.0,68.0,0.0,-4.0,1.3445378151260505,94.44444444444444,UFV — Radiação solar,Residencial (RE),B1,2021-07-28,2025-05-05
BMT33497,LDA TOBIAS,1195,SETD BOCA DO MATO,3304557,15055,BOCA DO MATO AEREO,7692.5,73.49,14,13,67.79,67.79,0.0,-5.7,0.88124796880078,92.24384269968705,UFV — Radiação solar,Residencial (RE),B1,2019-06-12,2025-11-17
ALC9993,LDA AMARAL,10385889,SETD ALDEIA CAMPISTA,3304557,15033,ALDEIA CAMPISTA,1965.0,67.71,14,14,67.71,67.71,0.0,0.0,3.4458015267175566,100.0,UFV — Radiação solar,Residencial (RE),B1,2020-09-10,2025-08-12
SRP004,LDA DRAGON,18520803,SETD SARAPUI,3301702,15000,SARAPUI,4837.5,67.7,6,6,67.7,67.7,0.0,0.0,1.399483204134367,100.0,UFV — Radiação solar,Residencial (RE),B1,2022-03-15,2025-06-16
URG4164,LDS 4164,10385979,SETD URUGUAI,3304557,15025,URUGUAI AEREO,5450.0,67.55,11,11,67.55,67.55,0.0,0.0,1.2394495412844038,100.0,UFV — Radiação solar,Residencial (RE),B1,2019-08-30,2025-09-30
AVD30596,LDS 30596,10385943,SETD ALVORADA,3304557,15004,ALVORADA,4790.0,67.18,14,14,67.18,67.18,0.0,0.0,1.4025052192066807,100.0,UFV — Radiação solar,Residencial (RE),B1,2020-12-04,2025-03-14
JAB006,LDA CEMELO,18520749,SETD JABOATAO,3304557,15011,CACHAMORRA,2670.0,67.0,5,5,67.0,67.0,0.0,0.0,2.5093632958801497,100.0,UFV — Radiação solar,Comercial (CO),B3,2019-12-23,2024-10-30
SJO0006,LDA VENANCIO,310718139,SETD SAO JOAO,3301702,15699,SAO JOAO,11040.0,66.9,5,5,66.9,66.9,0.0,0.0,0.6059782608695653,100.0,UFV — Radiação solar,Residencial (RE),B1,2019-06-19,2025-11-30
BPD4431,LDS 4431/LRA GLORIA/LRA PEMERICO,10385961,SETD BAEPENDI,3304557,15026,BAEPENDI AEREO,4155.0,66.37,13,13,66.37,66.37,0.0,0.0,1.597352587244284,100.0,UFV — Radiação solar,Residencial (RE),B1,2019-11-18,2025-12-17
CMR1569,LDS 1569/LDA FARIA,10386015,SETD CAMERINO,3304557,15068,CAMERINO AEREO URBANO,5565.0,96.08,7,6,66.08,66.08,0.0,-30.0,1.1874213836477987,68.77601998334721,UFV — Radiação solar,Comercial (CO),B3,2024-07-05,2025-09-29
TER936,LDA TRADAVE,1123,SETD TERRA NOVA,3304557,15044,TERRA NOVA AEREO,6532.5,73.08,6,5,66.08,66.08,0.0,-7.0,1.0115575966322234,90.42145593869732,UFV — Radiação solar,Comercial (CO),B3,2021-05-24,2025-11-30
PTS0001,LDS 9210,10386087,SETD POSTO SEIS,3304557,15075,POSTO SEIS SUBTERRANEO,3000.0,65.79,10,10,65.78999999999999,65.78999999999999,0.0,-0.0,2.1929999999999996,99.99999999999997,UFV — Radiação solar,Residencial (RE),B1,2022-09-19,2025-07-10
ALC683,LDA PERENUNES,10385889,SETD ALDEIA CAMPISTA,3304557,15033,ALDEIA CAMPISTA,1950.0,65.69,15,15,65.69,65.69,0.0,0.0,3.368717948717949,100.0,UFV — Radiação solar,Residencial (RE),B1,2022-07-25,2025-12-16
BPD4535,LDS 4535,10385961,SETD BAEPENDI,3304557,15063,BAEPENDI SUBTERRANEO,4900.0,65.37,9,9,65.37,65.37,0.0,0.0,1.3340816326530611,100.0,UFV — Radiação solar,Residencial (RE),B1,2020-07-17,2025-04-04
MRP00011,LDA NEWTON,224567922,SETD MARAPICU,3303500,15697,MARAPICU,7192.5,65.11,13,13,65.11,65.11,0.0,0.0,0.9052485227667709,100.0,UFV — Radiação solar,Residencial (RE),B1,2021-04-28,2025-11-30
BAR000,LDA RESERVA,10385907,SETD BARRA,3304557,15013,BARRA AEREO,14332.5,44.2,1,1,65.0,44.2,20.799999999999997,20.8,0.45351473922902497,147.05882352941177,UFV — Radiação solar,Comercial (CO),B3,2021-06-28,2021-06-28
HMT3022,LDS 24210 / LDS 1939 / MARQUES / MOURA,10386096,SETD HUMAITA,3304557,15022,HUMAITA AEREO,4730.0,64.19,11,11,64.19,64.19,0.0,0.0,1.3570824524312897,100.0,UFV — Radiação solar,Residencial (RE),B1,2019-08-23,2025-08-18
VTL010,LDA IGARAPE,18520794,SETD VILAR DOS TELES,3300456,15072,VILAR DOS TELES AEREO,7140.0,63.75,5,5,63.75,63.75,0.0,0.0,0.8928571428571429,100.0,UFV — Radiação solar,Comercial (CO),B3,2022-07-13,2024-09-06
CMT29278,LDA NABUCO,10386051,SETD CAMPO MARTE,3304557,15047,CAMPO MARTE AEREO,4132.5,63.52,11,11,63.52,63.52,0.0,0.0,1.5370840895341802,100.0,UFV — Radiação solar,Residencial (RE),B1,2021-12-09,2025-11-11
BPD24726,LDS 24726,10385961,SETD BAEPENDI,3304557,15063,BAEPENDI SUBTERRANEO,5500.0,63.5,9,9,63.5,63.5,0.0,0.0,1.1545454545454545,100.0,UFV — Radiação solar,Comercial (CO),B3,2019-07-04,2025-03-01
CMR33066,LDS 33066/CONCEICAO,10386015,SETD CAMERINO,3304557,15065,CAMERINO SUBTERRANEO,2640.0,65.62,10,10,63.419999999999995,65.62,-2.20000000000001,-2.2,2.402272727272727,96.64736360865588,UFV — Radiação solar,Residencial (RE),B1,2019-08-12,2025-11-11
VGE33444,LDA VIVAQUA,1267,SETD VIGARIO GERAL,3304557,15062,VIGARIO GERAL AEREO,4665.0,62.8,8,8,62.8,62.8,0.0,0.0,1.3461950696677385,100.0,UFV — Radiação solar,Residencial (RE),B1,2022-06-29,2025-10-01
COP2480,LDS 2480,152677490,SETD COPACABANA,3304557,15012,COPACABANA,5500.0,76.95,11,10,61.75,61.75,0.0,-15.2,1.1227272727272728,80.24691358024691,UFV — Radiação solar,Residencial (RE),B1,2019-09-05,2025-06-10
RAM33315,LDA PORENA,1132,SETD RAMOS,3304557,15015,RAMOS AEREO,6562.5,61.19,4,4,61.19,61.19,0.0,0.0,0.9324190476190476,100.0,UFV — Radiação solar,Residencial (RE),B1,2024-05-31,2025-08-11
SCO4200,LDS 4200/LDA CALIXTO,10386060,SETD SAO CONRADO,3304557,15053,SAO CONRADO AEREO,8235.0,60.48,6,6,60.480000000000004,60.480000000000004,0.0,0.0,0.7344262295081967,100.0,UFV — Radiação solar,Residencial (RE),B1,2021-08-23,2025-11-30
REC3710,LDA CRESPO,132097219,SETD RECREIO,3304557,14999,RECREIO,1330.0,60.0,1,1,60.0,60.0,0.0,0.0,4.511278195488722,100.0,UFV — Radiação solar,Comercial (CO),B3,2023-03-17,2023-03-17
CMR2760,LDS 2760,10386015,SETD CAMERINO,3304557,15065,CAMERINO SUBTERRANEO,4350.0,60.0,1,1,60.0,60.0,0.0,0.0,1.3793103448275863,100.0,UFV — Radiação solar,Poder Público (PP),B3,2021-04-07,2021-04-07
SAT9270,LDS 9270,10385970,SETD SANTO ANTONIO,3304557,15083,SANTO ANTONIO SUBTERRANEO,7520.0,60.0,1,1,60.0,60.0,0.0,0.0,0.7978723404255319,100.0,UFV — Radiação solar,Comercial (CO),B3,2020-12-08,2020-12-08
RAM33310,LDA LACE,1132,SETD RAMOS,3304557,15015,RAMOS AEREO,8790.0,60.0,2,2,60.0,60.0,0.0,0.0,0.6825938566552902,100.0,UFV — Radiação solar,Comercial (CO),B1,2024-05-17,2025-07-01
RAM33284,LDA GUIMAX,1132,SETD RAMOS,3304557,15015,RAMOS AEREO,9915.0,60.0,1,1,60.0,60.0,0.0,0.0,0.6051437216338881,100.0,UFV — Radiação solar,Industrial (IN),B3,2023-05-18,2023-05-18
PTS9648,LDS 9648,10386087,SETD POSTO SEIS,3304557,15075,POSTO SEIS SUBTERRANEO,6100.0,59.94,7,7,59.94,59.94,0.0,0.0,0.9826229508196721,100.0,UFV — Radiação solar,Residencial (RE),B1,2021-01-19,2024-11-08
FCN33945,LDA ELIZEU,10386105,SETD FREI CANECA,3304557,15049,FREI CANECA AEREO,6577.5,67.32,9,9,59.82000000000001,67.32000000000001,-7.5,-7.5,0.9094640820980617,88.85918003565065,UFV — Radiação solar,Residencial (RE),B1,2019-11-18,2024-10-14
CMR2770,LDS 2770,10386015,SETD CAMERINO,3304557,15065,CAMERINO SUBTERRANEO,4320.0,59.52,1,1,59.52,59.52,0.0,0.0,1.3777777777777778,100.0,UFV — Radiação solar,Comercial (CO),B3,2019-04-25,2019-04-25
VGE00002,LDA MENDONCA,1267,SETD VIGARIO GERAL,3304557,14996,ROSALI,2040.0,59.5,10,10,59.5,59.5,0.0,0.0,2.9166666666666665,100.0,UFV — Radiação solar,Residencial (RE),B1,2022-05-23,2024-12-06
BAR30485,LDS 30485,10385907,SETD BARRA,3304557,15690,BARRA SUBTERRANEO,8820.0,59.06,8,8,59.06,59.06,0.0,0.0,0.6696145124716554,100.0,UFV — Radiação solar,Residencial (RE),B1,2021-06-08,2025-06-02
BFG29165,LDA PACUCARSEVERIANOPOLIXENAPEI,10385934,SETD BOTAFOGO,3304557,15067,BOTAFOGO AEREO URBANO,2880.0,67.66,8,7,58.66,58.66,0.0,-9.0,2.0368055555555555,86.69819686668637,UFV — Radiação solar,Residencial (RE),B1,2020-10-15,2024-02-28
JDB29436,LDA ARARIPE,10385880,SETD JARDIM BOTANICO,3304557,15071,JARDIM BOTANICO AEREO,1717.5,57.64,4,4,57.64,57.64,0.0,0.0,3.3560407569141195,100.0,UFV — Radiação solar,Residencial (RE),B1,2022-10-25,2024-12-19
ALC0001,LDA WELLPONT,10385889,SETD ALDEIA CAMPISTA,3304557,15033,ALDEIA CAMPISTA,3555.0,56.58,12,12,56.580000000000005,56.580000000000005,0.0,0.0,1.5915611814345993,100.00000000000001,UFV — Radiação solar,Residencial (RE),B1,2019-01-07,2025-04-17
FCN611,LDA MAIACERDA,10386105,SETD FREI CANECA,3304557,15049,FREI CANECA AEREO,5090.0,56.53,6,6,56.53,56.53,0.0,0.0,1.1106090373280944,100.0,UFV — Radiação solar,Comercial (CO),B3,2023-05-19,2025-04-29
JDB3716,LDS 4461/4576,10385880,SETD JARDIM BOTANICO,3304557,15071,JARDIM BOTANICO AEREO,6710.0,56.51,7,7,56.51,56.51,0.0,0.0,0.8421758569299553,100.0,UFV — Radiação solar,Residencial (RE),B1,2019-10-15,2025-11-05
BPD4379,LDS 4379,10385961,SETD BAEPENDI,3304557,15063,BAEPENDI SUBTERRANEO,3550.0,56.5,10,10,56.5,56.5,0.0,0.0,1.591549295774648,100.0,UFV — Radiação solar,Residencial (RE),B1,2019-05-13,2025-03-21
BFG33234,LDS 33234/TEGUIMA,10385934,SETD BOTAFOGO,3304557,15067,BOTAFOGO AEREO URBANO,5025.0,56.2,12,12,56.2,56.2,0.0,0.0,1.118407960199005,100.0,UFV — Radiação solar,Residencial (RE),B1,2020-02-11,2024-01-12
PCI0008,LDA CONTORNO,450101398,SETD PACIENCIA,3304557,16900,PACIENCIA,5205.0,56.0,2,2,56.0,56.0,0.0,0.0,1.0758885686839577,100.0,UFV — Radiação solar,Comercial (CO),B3,2022-11-21,2023-08-30
LBN00050,LDS 1400,55813421,SETD LEBLON,3304557,14992,LEBLON,6010.0,64.2,8,7,55.2,55.2,0.0,-9.0,0.9184692179700499,85.98130841121495,UFV — Radiação solar,Residencial (RE),B1,2022-05-25,2025-11-07
TRG813,LDA UBAJARA,1204,SETD TRIAGEM,3304557,15024,TRIAGEM AEREO,4350.0,55.18,7,7,55.18000000000001,55.18000000000001,0.0,0.0,1.268505747126437,100.00000000000001,UFV — Radiação solar,Residencial (RE),B1,2020-12-11,2025-07-11
FCN1424,LDS 1424,10386105,SETD FREI CANECA,3304557,15049,FREI CANECA AEREO,4120.0,55.0,2,2,55.0,55.0,0.0,0.0,1.3349514563106797,100.0,UFV — Radiação solar,Poder Público (PP),B3,2023-03-14,2023-05-05
PTS9090,LDS 9090,10386087,SETD POSTO SEIS,3304557,15075,POSTO SEIS SUBTERRANEO,4300.0,54.55,9,9,54.55,54.55,0.0,0.0,1.2686046511627906,100.0,UFV — Radiação solar,Residencial (RE),B1,2019-10-28,2025-02-17
BFG24788,LDS 24788,10385934,SETD BOTAFOGO,3304557,15064,BOTAFOGO SUBTERRANEO,3600.0,54.54,10,10,54.540000000000006,54.540000000000006,0.0,0.0,1.5150000000000003,100.00000000000001,UFV — Radiação solar,Residencial (RE),B1,2019-05-22,2024-11-28
NIG0004,LDA ATHAIDE,18519976,SETD NOVA IGUACU,3303500,15692,NOVA IGUACU,862.5,54.0,6,6,54.0,54.0,0.0,0.0,6.260869565217392,100.0,UFV — Radiação solar,Comercial (CO),B3,2020-09-01,2024-11-28
ALC00002,LDS 30100,10385889,SETD ALDEIA CAMPISTA,3304557,15033,ALDEIA CAMPISTA,6900.0,51.95,10,10,51.95,51.95,0.0,0.0,0.7528985507246376,100.0,UFV — Radiação solar,Residencial (RE),B1,2021-03-27,2025-12-01
PTS9470,LDS 9470,10386087,SETD POSTO SEIS,3304557,15075,POSTO SEIS SUBTERRANEO,7110.0,51.5,7,7,51.5,51.5,0.0,0.0,0.7243319268635724,100.0,UFV — Radiação solar,Residencial (RE),B1,2019-10-31,2025-11-30
HMT3386,LDS 4117/LDS1585/MAR,10386096,SETD HUMAITA,3304557,15059,HUMAITA SUBTERRANEO,6037.5,51.45,12,12,51.449999999999996,51.449999999999996,0.0,-0.0,0.8521739130434782,100.0,UFV — Radiação solar,Residencial (RE),B1,2020-06-10,2024-11-29
LBN0021,LDS 9627,55813421,SETD LEBLON,3304557,14992,LEBLON,4600.0,51.1,8,8,51.099999999999994,51.099999999999994,0.0,-0.0,1.110869565217391,99.99999999999999,UFV — Radiação solar,Residencial (RE),B1,2019-07-30,2025-03-19
SCO29001,LDS 24365,10386060,SETD SAO CONRADO,3304557,15079,SAO CONRADO SUBTERRANEO,3200.0,50.4,3,3,50.4,50.4,0.0,0.0,1.575,100.0,UFV — Radiação solar,Comercial (CO),B3,2023-02-01,2025-08-11
PER874,LDA ENGEDRA,1240,SETD PEDRO ERNESTO,3304557,15015,RAMOS AEREO,7597.5,50.4,2,2,50.4,50.4,0.0,0.0,0.6633761105626851,100.0,UFV — Radiação solar,Comercial (CO),B3,2023-10-24,2024-04-04
ZIN002,LDA GUARANTA,18520911,SETD ZONA INDUSTRIAL,3304557,15696,ZONA INDUSTRIAL,352.5,50.0,1,1,50.0,50.0,0.0,0.0,14.184397163120567,100.0,UFV — Radiação solar,Comercial (CO),B3,2024-05-09,2024-05-09
MKZ1781,LDS 1781/LRA SACADURA,10386114,SETD MACKENZIE,3304557,15008,MACKENZIE,487.5,50.0,1,1,50.0,50.0,0.0,0.0,10.256410256410257,100.0,UFV — Radiação solar,Poder Público (PP),B3,2022-04-19,2022-04-19
MRT33313,LDA GIL,1312,SETD MERITI,3305109,14993,MERITI,1020.0,50.0,1,1,50.0,50.0,0.0,0.0,4.901960784313726,100.0,UFV — Radiação solar,Industrial (IN),A4,2021-11-11,2021-11-11
FCN830,LDA CABOCLAS,10386105,SETD FREI CANECA,3304557,15049,FREI CANECA AEREO,2955.0,50.0,4,4,50.0,50.0,0.0,0.0,1.6920473773265652,100.0,UFV — Radiação solar,Residencial (RE),B1,2023-07-07,2025-06-13
NIG020,LDS 4240,18519976,SETD NOVA IGUACU,3303500,15692,NOVA IGUACU,4500.0,50.0,1,1,50.0,50.0,0.0,0.0,1.1111111111111112,100.0,UFV — Radiação solar,Comercial (CO),B3,2024-09-19,2024-09-19
TRV779,LDA JUPARA,10385898,SETD TROVAO,3304557,15020,TROVAO AEREO,5837.5,50.0,1,1,50.0,50.0,0.0,0.0,0.8565310492505354,100.0,UFV — Radiação solar,Comercial (CO),B3,2020-04-03,2020-04-03
SAT2522,LDS 2522,10385970,SETD SANTO ANTONIO,3304557,15083,SANTO ANTONIO SUBTERRANEO,6520.0,50.0,1,1,50.0,50.0,0.0,0.0,0.7668711656441718,100.0,UFV — Radiação solar,Comercial (CO),B3,2024-05-15,2024-05-15
LEM9694,LDS 9694/LDA ARYBAR,10385925,SETD LEME,3304557,15050,LEME AEREO URBANO,7275.0,49.5,5,5,49.5,49.5,0.0,0.0,0.6804123711340206,100.0,UFV — Radiação solar,Comercial (CO),B3,2019-09-12,2025-09-03
TER913,LDA MATIAS,1123,SETD TERRA NOVA,3304557,15044,TERRA NOVA AEREO,8490.0,69.0,4,4,49.0,69.0,-20.0,-20.0,0.5771495877502945,71.01449275362319,UFV — Radiação solar,Residencial (RE),B1,2021-02-10,2024-05-28
AGR008,LDA MELGACO,1285,SETD AGUA GRANDE,3304557,15045,AGUA GRANDE AEREO,8407.5,46.56,12,12,48.56,46.56,2.0,2.0,0.5775795420755278,104.2955326460481,UFV — Radiação solar,Residencial (RE),B1,2019-06-27,2024-09-24
VGE3890,LDA LAPAZ,1267,SETD VIGARIO GERAL,3304557,15062,VIGARIO GERAL AEREO,4462.5,48.0,8,8,48.0,48.0,0.0,0.0,1.0756302521008403,100.0,UFV — Radiação solar,Residencial (RE),B1,2019-10-02,2025-02-21
PVN70308,LDA LIBERATO,1303,SETD PAVUNA,3304557,14994,PAVUNA,6435.0,48.0,6,6,48.0,48.0,0.0,0.0,0.745920745920746,100.0,UFV — Radiação solar,Residencial (RE),B1,2022-01-19,2025-07-28
PVN3632,LDA CLARA,1303,SETD PAVUNA,3304557,14994,PAVUNA,11790.0,47.94,7,7,47.94,47.94,0.0,0.0,0.40661577608142496,100.0,UFV — Radiação solar,Residencial (RE),B1,2019-03-01,2024-06-01
FCN4889,LDS 4889,10386105,SETD FREI CANECA,3304557,15049,FREI CANECA AEREO,1000.0,47.52,2,2,47.519999999999996,47.519999999999996,0.0,-0.0,4.752,100.0,UFV — Radiação solar,Comercial (CO),B3,2022-10-26,2022-10-26
TQR00007,LDA GENIPABU,10385871,SETD TAQUARA,3304557,15023,TAQUARA AEREO,4707.5,46.56,6,6,46.56,46.56,0.0,0.0,0.989060010621349,100.0,UFV — Radiação solar,Residencial (RE),B1,2021-12-06,2025-11-30
PTS9020,LDS 9020,10386087,SETD POSTO SEIS,3304557,15075,POSTO SEIS SUBTERRANEO,9110.0,55.66,6,5,46.42,46.42,0.0,-9.24,0.509549945115258,83.39920948616601,UFV — Radiação solar,Residencial (RE),B1,2020-11-25,2024-12-17
JDB29935,LDA SANTARI,10385880,SETD JARDIM BOTANICO,3304557,15071,JARDIM BOTANICO AEREO,3530.0,53.23,8,8,46.21,53.23,-7.019999999999996,-7.02,1.3090651558073654,86.81194814953975,UFV — Radiação solar,Residencial (RE),B1,2022-07-04,2025-09-18
ALC4886,LDS 4886,10385889,SETD ALDEIA CAMPISTA,3304557,15033,ALDEIA CAMPISTA,10320.0,48.06,10,10,46.06,48.06,-2.0,-2.0,0.44631782945736437,95.83853516437786,UFV — Radiação solar,Residencial (RE),B1,2020-04-02,2025-11-30
VTL005,LDA CALUNDU,18520794,SETD VILAR DOS TELES,3300456,15072,VILAR DOS TELES AEREO,7350.0,45.85,9,9,45.85,45.85,0.0,0.0,0.6238095238095238,100.0,UFV — Radiação solar,Residencial (RE),B1,2021-10-06,2025-07-24
MTC008,LDA BENAR,1276,SETD MATURACA,3304557,15031,MATURACA AEREO,8265.0,45.55,9,9,45.55,45.55,0.0,0.0,0.5511191772534785,100.0,UFV — Radiação solar,Residencial (RE),B1,2022-03-18,2025-07-24
FCN1835,LDS 1835,10386105,SETD FREI CANECA,3304557,15049,FREI CANECA AEREO,3460.0,44.96,1,1,44.96,44.96,0.0,0.0,1.299421965317919,100.0,UFV — Radiação solar,Comercial (CO),B3,2024-11-25,2024-11-25
SMT30371,LDS 30371,10385997,SETD SAMARITANO,3304557,15076,SAMARITANO SUBTERRANEO,1300.0,43.9,6,6,43.9,43.9,0.0,0.0,3.376923076923077,100.0,UFV — Radiação solar,Residencial (RE),B1,2019-12-09,2023-12-22
LBN00041,LDS 9114,55813421,SETD LEBLON,3304557,14992,LEBLON,3510.0,43.0,5,5,43.0,43.0,0.0,0.0,1.225071225071225,100.0,UFV — Radiação solar,Residencial (RE),B1,2021-07-21,2025-04-04
BPD4609,LDS 4609,10385961,SETD BAEPENDI,3304557,15063,BAEPENDI SUBTERRANEO,4437.5,44.69,12,11,42.65,42.69,-0.03999999999999915,-2.04,0.9611267605633803,95.43522040724994,UFV — Radiação solar,Residencial (RE),B1,2019-07-05,2025-07-04
ALC3056,LDS 30181,10385889,SETD ALDEIA CAMPISTA,3304557,15033,ALDEIA CAMPISTA,3400.0,42.4,5,5,42.4,42.4,0.0,0.0,1.2470588235294118,100.0,UFV — Radiação solar,Residencial (RE),B1,2022-01-14,2025-09-05
BRR24577,LDS 24577,345834478,SETD BARRA 2,3304557,15689,BARRA 2,10750.0,41.91,12,12,41.91,41.91,0.0,0.0,0.3898604651162791,100.00000000000001,UFV — Radiação solar,Residencial (RE),B1,2022-02-26,2024-10-09
CBI33327,LDA BARBOSA,1141,SETD CACHAMBI,3304557,15027,CACHAMBI AEREO,6700.0,41.7,2,2,41.7,41.7,0.0,0.0,0.6223880597014926,100.0,UFV — Radiação solar,Comercial (CO),B3,2023-06-09,2025-02-20
SMT9110,LDS 9110,10385997,SETD SAMARITANO,3304557,15076,SAMARITANO SUBTERRANEO,7610.0,41.49,8,8,41.49,41.49,0.0,0.0,0.545203679369251,100.0,UFV — Radiação solar,Residencial (RE),B1,2022-05-10,2025-08-05
SMT9500,LDS 9500,10385997,SETD SAMARITANO,3304557,15076,SAMARITANO SUBTERRANEO,6710.0,40.04,8,8,40.04,40.04,0.0,0.0,0.5967213114754099,100.0,UFV — Radiação solar,Residencial (RE),B1,2022-05-25,2025-12-04
TRG915,LDA GRACINDO,1204,SETD TRIAGEM,3304557,15024,TRIAGEM AEREO,5482.5,40.0,2,2,40.0,40.0,0.0,0.0,0.729594163246694,100.0,UFV — Radiação solar,Comercial (CO),B1,2022-06-28,2023-07-06
FCN1063,LDS 1063,10386105,SETD FREI CANECA,3304557,15049,FREI CANECA AEREO,7300.0,40.0,1,1,40.0,40.0,0.0,0.0,0.547945205479452,100.0,UFV — Radiação solar,Comercial (CO),B3,2024-12-27,2024-12-27
REC0014,LDS 38052,132097219,SETD RECREIO,3304557,14999,RECREIO,3845.0,41.86,10,10,39.86,41.86,-2.0,-2.0,1.0366710013003901,95.22216913521261,UFV — Radiação solar,Residencial (RE),B1,2020-07-27,2025-08-14
LBN00005,LDS 34372,55813421,SETD LEBLON,3304557,15071,JARDIM BOTANICO AEREO,3100.0,39.0,4,4,39.0,39.0,0.0,0.0,1.2580645161290323,100.0,UFV — Radiação solar,Comercial (CO),B3,2021-11-26,2023-08-01
MRP00007,LDA PLATAO,224567922,SETD MARAPICU,3303500,15697,MARAPICU,11565.0,39.0,2,2,39.0,39.0,0.0,0.0,0.33722438391699094,100.0,UFV — Radiação solar,Residencial (RE),B1,2022-11-11,2023-01-20
PTS9775,LDS 9775,10386087,SETD POSTO SEIS,3304557,15075,POSTO SEIS SUBTERRANEO,6100.0,38.9,4,4,38.9,38.9,0.0,0.0,0.6377049180327868,100.0,UFV — Radiação solar,Comercial (CO),B3,2022-01-24,2023-04-19
COP2450,LDS 2450,152677490,SETD COPACABANA,3304557,15012,COPACABANA,7700.0,56.27,5,4,38.269999999999996,38.269999999999996,0.0,-18.0,0.49701298701298696,68.01137373378353,UFV — Radiação solar,Comercial (CO),B3,2022-12-23,2024-11-07
RAM33732,LDA CAMPEOES,1132,SETD RAMOS,3304557,15015,RAMOS AEREO,1762.5,37.25,3,3,37.25,37.25,0.0,0.0,2.1134751773049647,100.0,UFV — Radiação solar,Industrial (IN),B3,2020-02-17,2025-06-25
LBN00067,LDS 1079,55813421,SETD LEBLON,3304557,14992,LEBLON,2600.0,37.0,1,1,37.0,37.0,0.0,0.0,1.4230769230769231,100.0,UFV — Radiação solar,Comercial (CO),B3,2023-01-13,2023-01-13
CAM002,LDA RECIFE,18520488,SETD CAMARA,3304557,14991,CAMARA,5542.5,37.0,4,4,37.0,37.0,0.0,0.0,0.6675687866486243,100.0,UFV — Radiação solar,Residencial (RE),B1,2023-01-16,2025-03-15
LBN00015,LDS 9640,55813421,SETD LEBLON,3304557,14992,LEBLON,3310.0,36.91,4,4,36.91,36.91,0.0,0.0,1.1151057401812687,100.0,UFV — Radiação solar,Residencial (RE),B1,2021-05-26,2025-06-02
SMT24276,LDS 24276,10385997,SETD SAMARITANO,3304557,15076,SAMARITANO SUBTERRANEO,2910.0,36.4,3,3,36.4,36.4,0.0,0.0,1.2508591065292096,100.0,UFV — Radiação solar,Comercial (CO),B3,2021-09-24,2023-02-14
LBN9594,LDS 9594,55813421,SETD LEBLON,3304557,14992,LEBLON,5300.0,36.0,4,4,36.0,36.0,0.0,0.0,0.6792452830188679,100.0,UFV — Radiação solar,Comercial (CO),B3,2022-11-23,2025-06-25
HMT3966,LDS 1865/LDS 24800,10386096,SETD HUMAITA,3304557,15059,HUMAITA SUBTERRANEO,4700.0,35.5,6,6,35.5,35.5,0.0,0.0,0.7553191489361702,100.0,UFV — Radiação solar,Residencial (RE),B1,2020-03-24,2025-11-06
BRR24300,LDS 24300,345834478,SETD BARRA 2,3304557,15689,BARRA 2,10100.0,35.4,3,2,35.4,35.4,0.0,0.0,0.3504950495049505,100.0,UFV — Radiação solar,Residencial (RE),B1,2021-12-21,2024-07-19
TRV875,LDA CLEMENTE,10385898,SETD TROVAO,3304557,15020,TROVAO AEREO,4950.0,37.7,6,6,35.2,37.7,-2.5,-2.5,0.7111111111111112,93.36870026525199,UFV — Radiação solar,Comercial (CO),B3,2023-02-14,2024-12-17
BPN00001,LDA CAMOES,1159,SETD BRAS DE PINA,3304557,15017,BRAS DE PINA,6495.0,41.2,7,7,35.2,41.2,-6.0,-6.0,0.5419553502694381,85.4368932038835,UFV — Radiação solar,Residencial (RE),B1,2021-04-06,2025-04-26
COP00003,LDS 2030,152677490,SETD COPACABANA,3304557,15012,COPACABANA,5000.0,35.19,4,4,35.19,35.19,0.0,0.0,0.7038,100.0,UFV — Radiação solar,Residencial (RE),B1,2023-08-15,2025-11-30
SAT1038,LDS 1038/LDA ANDRE,10385970,SETD SANTO ANTONIO,3304557,15083,SANTO ANTONIO SUBTERRANEO,6100.0,35.04,2,2,35.04,35.04,0.0,0.0,0.5744262295081968,100.0,UFV — Radiação solar,Comercial (CO),B3,2022-03-31,2023-03-10
SMT9715,LDS 9715,10385997,SETD SAMARITANO,3304557,15076,SAMARITANO SUBTERRANEO,7720.0,35.0,3,3,35.0,35.0,0.0,0.0,0.4533678756476684,100.0,UFV — Radiação solar,Comercial (CO),B3,2019-10-17,2022-08-09
PTS9045,LDS 9045,10386087,SETD POSTO SEIS,3304557,15075,POSTO SEIS SUBTERRANEO,4000.0,42.99,4,4,34.99,42.99,-8.0,-8.0,0.87475,81.39102116771342,UFV — Radiação solar,Residencial (RE),B1,2021-08-30,2024-06-21
BFG1317,LDS 1317,10385934,SETD BOTAFOGO,3304557,15064,BOTAFOGO SUBTERRANEO,5810.0,34.42,7,7,34.42,34.42,0.0,0.0,0.5924268502581755,100.0,UFV — Radiação solar,Residencial (RE),B1,2022-05-23,2025-01-22
VTL002,LDA CAIAPO,18520794,SETD VILAR DOS TELES,3300456,15072,VILAR DOS TELES AEREO,4567.5,33.82,4,4,33.82,33.82,0.0,0.0,0.7404488232074439,100.0,UFV — Radiação solar,Residencial (RE),B1,2020-06-09,2025-03-06
COP2830,LDS 2830,152677490,SETD COPACABANA,3304557,15012,COPACABANA,4600.0,33.58,5,5,33.58,33.58,0.0,0.0,0.73,100.0,UFV — Radiação solar,Residencial (RE),B1,2022-05-31,2024-12-19
SMT30737,LDS 30737,10385997,SETD SAMARITANO,3304557,15076,SAMARITANO SUBTERRANEO,2700.0,33.5,6,6,33.5,33.5,0.0,0.0,1.2407407407407407,100.0,UFV — Radiação solar,Residencial (RE),B1,2019-12-19,2025-04-16
FCN3728,LDA ESTRELA,10386105,SETD FREI CANECA,3304557,15049,FREI CANECA AEREO,6525.0,33.2,4,4,33.2,33.2,0.0,0.0,0.5088122605363985,100.0,UFV — Radiação solar,Residencial (RE),B1,2019-10-31,2024-06-06
HMT3941,LDS 1591/LDS1441,10386096,SETD HUMAITA,3304557,15059,HUMAITA SUBTERRANEO,4900.0,33.0,5,5,33.0,33.0,0.0,0.0,0.673469387755102,100.0,UFV — Radiação solar,Residencial (RE),B1,2019-10-30,2025-06-16
COP9800,LDS 9800,152677490,SETD COPACABANA,3304557,15012,COPACABANA,5810.0,33.0,2,2,33.0,33.0,0.0,0.0,0.5679862306368331,100.0,UFV — Radiação solar,Residencial (RE),B1,2020-03-26,2024-06-01
RAM33389,LDA MARCO,1132,SETD RAMOS,3304557,15015,RAMOS AEREO,5850.0,49.0,2,2,33.0,49.0,-16.0,-16.0,0.5641025641025641,67.34693877551021,UFV — Radiação solar,Comercial (CO),B3,2022-11-08,2025-11-30
BPD24186,LDS 24186,10385961,SETD BAEPENDI,3304557,15063,BAEPENDI SUBTERRANEO,2400.0,32.75,4,4,32.75,32.75,0.0,0.0,1.3645833333333333,100.0,UFV — Radiação solar,Residencial (RE),B1,2021-06-25,2025-11-30
LEM9782,LDS 9782,10385925,SETD LEME,3304557,15041,LEME SUBTERRANEO,3100.0,32.64,4,4,32.64,32.64,0.0,0.0,1.0529032258064517,100.0,UFV — Radiação solar,Comercial (CO),B3,2019-04-03,2024-12-19
CAM004,LDA MARMI,18520488,SETD CAMARA,3304557,14991,CAMARA,10867.5,32.59,7,7,32.59,32.59,0.0,0.0,0.29988497814584775,100.0,UFV — Radiação solar,Residencial (RE),B1,2020-07-30,2025-08-01
PTS9088,LDS 9088,10386087,SETD POSTO SEIS,3304557,15075,POSTO SEIS SUBTERRANEO,5120.0,32.5,4,4,32.5,32.5,0.0,0.0,0.634765625,100.0,UFV — Radiação solar,Residencial (RE),B1,2020-08-31,2025-05-09
MKZ9629,LDS 9629,10386114,SETD MACKENZIE,3304557,15008,MACKENZIE,7510.0,32.5,1,1,32.5,32.5,0.0,0.0,0.43275632490013316,100.0,UFV — Radiação solar,Comercial (CO),B3,2020-12-02,2020-12-02
BPD9350,LDS 9350,10385961,SETD BAEPENDI,3304557,15063,BAEPENDI SUBTERRANEO,6600.0,32.46,6,6,32.46,32.46,0.0,0.0,0.4918181818181818,100.0,UFV — Radiação solar,Comercial (CO),B3,2019-03-22,2024-06-07
BPD9726,LDS 9726,10385961,SETD BAEPENDI,3304557,15063,BAEPENDI SUBTERRANEO,4320.0,32.41,8,8,32.41,32.41,0.0,0.0,0.7502314814814813,100.0,UFV — Radiação solar,Residencial (RE),B1,2022-03-30,2025-07-16
CMT29359,LDA PEDROAL,10386051,SETD CAMPO MARTE,3304557,15047,CAMPO MARTE AEREO,6525.0,32.4,4,4,32.4,32.4,0.0,0.0,0.496551724137931,100.0,UFV — Radiação solar,Residencial (RE),B1,2022-05-30,2025-01-17
SMT0001,LDS 34962,10385997,SETD SAMARITANO,3304557,15076,SAMARITANO SUBTERRANEO,4800.0,32.1,6,6,32.1,32.1,0.0,0.0,0.66875,100.0,UFV — Radiação solar,Residencial (RE),B1,2021-05-24,2025-11-30
BRR24460,LDS 24460,345834478,SETD BARRA 2,3304557,15689,BARRA 2,5410.0,32.0,3,3,32.0,32.0,0.0,0.0,0.5914972273567468,100.0,UFV — Radiação solar,Residencial (RE),B1,2020-10-27,2021-04-30
CCD4857,LDS 4857,1186,SETD CASCADURA,3304557,15034,CASCADURA AEREO,5500.0,31.98,2,2,31.98,31.98,0.0,0.0,0.5814545454545454,100.0,UFV — Radiação solar,Residencial (RE),B1,2023-06-13,2023-11-16
FCN744,LDA SATAMINI,10386105,SETD FREI CANECA,3304557,15049,FREI CANECA AEREO,6765.0,31.97,7,7,31.97,31.97,0.0,0.0,0.47257945306725796,100.0,UFV — Radiação solar,Residencial (RE),B1,2020-03-16,2025-11-30
RCP4038,LDS 4038,10386006,SETD RIO COMPRIDO,3304557,15058,RIO COMPRIDO AEREO,7500.0,31.8,6,6,31.8,31.8,0.0,0.0,0.424,100.0,UFV — Radiação solar,Residencial (RE),B1,2021-03-18,2025-11-30
PTS9480,LDS 9480,10386087,SETD POSTO SEIS,3304557,15075,POSTO SEIS SUBTERRANEO,8100.0,34.76,4,4,31.46,34.760000000000005,-3.3000000000000043,-3.3,0.38839506172839505,90.50632911392405,UFV — Radiação solar,Residencial (RE),B1,2019-12-02,2023-02-08
PTS9136,LDS 9136,10386087,SETD POSTO SEIS,3304557,15075,POSTO SEIS SUBTERRANEO,5000.0,31.2,3,3,31.2,31.2,0.0,0.0,0.624,100.0,UFV — Radiação solar,Residencial (RE),B1,2021-04-05,2024-01-26
CCD4094,LDS 4094,1186,SETD CASCADURA,3304557,15034,CASCADURA AEREO,6600.0,30.7,2,2,30.7,30.7,0.0,0.0,0.46515151515151515,100.0,UFV — Radiação solar,Comercial (CO),B3,2019-12-30,2021-06-30
JDB1390,LDS 1390,10385880,SETD JARDIM BOTANICO,3304557,15071,JARDIM BOTANICO AEREO,6700.0,30.68,7,7,30.68,30.68,0.0,0.0,0.45791044776119405,100.0,UFV — Radiação solar,Residencial (RE),B1,2020-01-27,2023-01-11
REC0016,LDS 37996,132097219,SETD RECREIO,3304557,14999,RECREIO,10.0,30.0,1,1,30.0,30.0,0.0,0.0,300.0,100.0,UFV — Radiação solar,Comercial (CO),B3,2021-04-26,2021-04-26
PVN9815,LDA ANDORRA,1303,SETD PAVUNA,3304557,14994,PAVUNA,8055.0,30.0,1,1,30.0,30.0,0.0,0.0,0.37243947858473,100.0,UFV — Radiação solar,Residencial (RE),B1,2025-06-06,2025-06-06
PTS9127,LDS 9127,10386087,SETD POSTO SEIS,3304557,15075,POSTO SEIS SUBTERRANEO,5400.0,29.67,2,2,29.67,29.67,0.0,0.0,0.5494444444444444,100.0,UFV — Radiação solar,Comercial (CO),B3,2019-07-25,2022-01-19
GDN0022,LDA CASTOARES,457474244,SETD GARDENIA,3304557,16903,GARDENIA,30.0,29.58,2,2,29.580000000000002,29.580000000000002,0.0,0.0,98.6,100.0,UFV — Radiação solar,Comercial (CO),B3,2021-11-18,2021-11-18
LBN0020,LDS 9633,55813421,SETD LEBLON,3304557,14992,LEBLON,5900.0,29.31,4,4,29.31,29.31,0.0,0.0,0.49677966101694915,100.0,UFV — Radiação solar,Residencial (RE),B1,2022-07-13,2024-05-31
SCO24170,LDS 24170,10386060,SETD SAO CONRADO,3304557,15079,SAO CONRADO SUBTERRANEO,3330.0,28.5,5,5,28.5,28.5,0.0,0.0,0.8558558558558559,100.0,UFV — Radiação solar,Residencial (RE),B1,2021-12-22,2025-04-07
FCN9735,LDS 9735,10386105,SETD FREI CANECA,3304557,15049,FREI CANECA AEREO,3610.0,28.0,2,2,28.0,28.0,0.0,0.0,0.775623268698061,100.0,UFV — Radiação solar,Residencial (RE),B1,2022-09-20,2023-11-17
AVD33360,LDS 36815/36816/LRA LYNETO,10385943,SETD ALVORADA,3304557,15004,ALVORADA,5102.5,28.0,5,5,28.0,28.0,0.0,0.0,0.54875061244488,100.0,UFV — Radiação solar,Residencial (RE),B1,2020-01-28,2024-01-09
COP2290,LDS 2290 COP3,152677490,SETD COPACABANA,3304557,15012,COPACABANA,5900.0,27.92,5,5,27.92,27.92,0.0,0.0,0.4732203389830508,100.0,UFV — Radiação solar,Residencial (RE),B1,2023-01-26,2023-12-05
FCN1153,LDS 1153,10386105,SETD FREI CANECA,3304557,15049,FREI CANECA AEREO,10.0,26.95,1,1,26.95,26.95,0.0,0.0,269.5,100.0,UFV — Radiação solar,Comercial (CO),B3,2020-03-12,2020-03-12
JAB00019,LDS 60077,18520749,SETD JABOATAO,3304557,15029,JABOATAO AEREO,1520.0,26.91,1,1,26.91,26.91,0.0,0.0,1.7703947368421054,100.0,UFV — Radiação solar,Residencial (RE),B1,2024-07-17,2024-07-17
LEM3457,LDS 2530/LDS 4998/LDS 1999,10385925,SETD LEME,3304557,15041,LEME SUBTERRANEO,5375.0,26.5,4,4,26.5,26.5,0.0,0.0,0.4930232558139535,100.0,UFV — Radiação solar,Residencial (RE),B1,2019-10-10,2025-06-25
BFG24385,LDS 24385,10385934,SETD BOTAFOGO,3304557,15064,BOTAFOGO SUBTERRANEO,5020.0,85.51,7,7,26.080000000000002,85.50999999999999,-59.42999999999999,-59.43,0.5195219123505976,30.499356800374223,UFV — Radiação solar,Residencial (RE),B1,2020-12-01,2025-08-07
SLZ2270,LDS 2270,10386069,SETD SANTA LUZIA,3304557,15016,SANTA LUZIA,6700.0,26.0,2,2,26.0,26.0,0.0,0.0,0.3880597014925373,100.0,UFV — Radiação solar,Comercial (CO),B3,2022-08-22,2023-07-12
MKZ9698,LDS 9698,10386114,SETD MACKENZIE,3304557,15008,MACKENZIE,8010.0,26.0,1,1,26.0,26.0,0.0,0.0,0.32459425717852686,100.0,UFV — Radiação solar,Comercial (CO),B3,2019-02-26,2019-02-26
HMT0001,LDS 24030/LDS 1324,10386096,SETD HUMAITA,3304557,15059,HUMAITA SUBTERRANEO,3250.0,25.5,7,7,25.5,25.5,0.0,0.0,0.7846153846153846,100.0,UFV — Radiação solar,Residencial (RE),B1,2019-11-18,2023-07-06
GDN0018,LDS 61906,457474244,SETD GARDENIA,3304557,16903,GARDENIA,1520.0,25.45,4,4,25.45,25.45,0.0,0.0,1.674342105263158,100.0,UFV — Radiação solar,Residencial (RE),B1,2023-01-31,2025-07-02
BRR0003,LDS 30289,345834478,SETD BARRA 2,3304557,15689,BARRA 2,120.0,25.36,3,3,25.36,25.36,0.0,0.0,21.133333333333333,100.0,UFV — Radiação solar,Residencial (RE),B1,2022-10-27,2025-01-28
BRR24573,LDS 24573,345834478,SETD BARRA 2,3304557,15689,BARRA 2,7120.0,25.22,5,5,25.22,25.22,0.0,0.0,0.35421348314606743,100.0,UFV — Radiação solar,Residencial (RE),B1,2020-07-10,2024-05-29
CMR0002,LDS 1702,10386015,SETD CAMERINO,3304557,15053,SAO CONRADO AEREO,2820.0,25.0,1,1,25.0,25.0,0.0,0.0,0.8865248226950354,100.0,UFV — Radiação solar,Comercial (CO),B3,2023-01-09,2023-01-09
AGR001,LDA SULTANA,1285,SETD AGUA GRANDE,3304557,15045,AGUA GRANDE AEREO,5602.5,25.0,3,3,25.0,25.0,0.0,0.0,0.4462293618920125,100.0,UFV — Radiação solar,Residencial (RE),B1,2024-07-22,2025-09-25
BPN29590,LDA DUARTE,1159,SETD BRAS DE PINA,3304557,15017,BRAS DE PINA,5647.5,24.8,3,3,24.8,24.8,0.0,0.0,0.43913235945108453,100.0,UFV — Radiação solar,Residencial (RE),B1,2022-02-11,2025-05-09
ESP013,LDA ANTARES,18519958,SETD ESPERANCA,3304557,16899,ESPERANCA AEREO AT/MT,2227.5,24.5,5,5,24.5,24.5,0.0,0.0,1.0998877665544333,100.0,UFV — Radiação solar,Residencial (RE),B1,2020-09-18,2025-06-23
PTS9530,LDS 9530,10386087,SETD POSTO SEIS,3304557,15075,POSTO SEIS SUBTERRANEO,6700.0,24.0,4,4,24.0,24.0,0.0,0.0,0.3582089552238806,100.0,UFV — Radiação solar,Residencial (RE),B1,2020-12-08,2024-12-17
CBI34677,LDA PEDRALTA,1141,SETD CACHAMBI,3304557,15027,CACHAMBI AEREO,1155.0,23.98,6,6,23.98,23.98,0.0,0.0,2.0761904761904764,100.0,UFV — Radiação solar,Residencial (RE),B1,2019-07-08,2025-11-30
JDB29041,LDS 29041/HORTO/JOQUEI/CONDE/PACHELEAO/MITRE,10385880,SETD JARDIM BOTANICO,3304557,15071,JARDIM BOTANICO AEREO,2805.0,23.85,5,5,23.85,23.85,0.0,0.0,0.8502673796791443,100.0,UFV — Radiação solar,Residencial (RE),B1,2018-04-03,2025-01-29
PTS9170,LDS 9170,10386087,SETD POSTO SEIS,3304557,15075,POSTO SEIS SUBTERRANEO,4300.0,23.76,4,4,23.76,23.76,0.0,0.0,0.5525581395348838,100.0,UFV — Radiação solar,Residencial (RE),B1,2022-08-17,2025-02-11
TQR60103,LDA JAURU,10385871,SETD TAQUARA,3304557,15023,TAQUARA AEREO,4300.0,73.6,3,2,23.6,23.6,0.0,-50.0,0.5488372093023256,32.06521739130435,UFV — Radiação solar,Residencial (RE),B1,2023-03-30,2025-04-07
ESP002,LDA CHAGAS,18519958,SETD ESPERANCA,3304557,16899,ESPERANCA AEREO AT/MT,1515.0,23.37,2,2,23.37,23.37,0.0,0.0,1.5425742574257426,100.0,UFV — Radiação solar,Residencial (RE),B1,2024-05-10,2024-09-30
PDD9899,LDA FRAGOSO,1231,SETD PIEDADE,3304557,14998,PIEDADE,2077.5,23.0,2,2,23.0,23.0,0.0,0.0,1.1070998796630565,100.0,UFV — Radiação solar,Residencial (RE),B1,2022-12-21,2024-07-04
CMR2800,LDS 2800,10386015,SETD CAMERINO,3304557,15065,CAMERINO SUBTERRANEO,3020.0,23.0,3,3,23.0,23.0,0.0,0.0,0.7615894039735099,100.0,UFV — Radiação solar,Comercial (CO),B3,2022-09-02,2025-05-14
BFG4875,LDS 4875,10385934,SETD BOTAFOGO,3304557,15064,BOTAFOGO SUBTERRANEO,7700.0,22.7,6,6,22.7,22.7,0.0,0.0,0.2948051948051948,100.0,UFV — Radiação solar,Residencial (RE),B1,2020-07-23,2025-02-10
BPD9422,LDS 9422,10385961,SETD BAEPENDI,3304557,15063,BAEPENDI SUBTERRANEO,7610.0,22.42,5,5,22.419999999999998,22.419999999999998,0.0,-0.0,0.29461235216819975,99.99999999999999,UFV — Radiação solar,Residencial (RE),B1,2022-01-18,2025-01-24
PTS33752,LDA ESCADINHA,10386087,SETD POSTO SEIS,3304557,15077,POSTO SEIS AEREO URBANO,4462.5,22.29,2,2,22.29,22.29,0.0,0.0,0.4994957983193277,100.0,UFV — Radiação solar,Residencial (RE),B1,2022-09-02,2023-04-19
BPD9300,LDS 9300,10385961,SETD BAEPENDI,3304557,15063,BAEPENDI SUBTERRANEO,6020.0,22.1,4,4,22.1,22.1,0.0,0.0,0.36710963455149503,100.0,UFV — Radiação solar,Residencial (RE),B1,2019-05-16,2025-06-23
SCO4534,LDS 4534/LDA GRUTA,10386060,SETD SAO CONRADO,3304557,15053,SAO CONRADO AEREO,570.0,22.0,2,2,22.0,22.0,0.0,0.0,3.8596491228070176,100.0,UFV — Radiação solar,Residencial (RE),B1,2020-08-26,2021-05-03
TER12912,LDA AQUIRI,1123,SETD TERRA NOVA,3304557,15044,TERRA NOVA AEREO,7957.5,21.8,1,1,21.8,21.8,0.0,0.0,0.2739553879987433,100.0,UFV — Radiação solar,Residencial (RE),B1,2022-12-02,2022-12-02
LEM2340,LDS 2340,10385925,SETD LEME,3304557,15041,LEME SUBTERRANEO,4600.0,21.6,3,3,21.6,21.6,0.0,0.0,0.46956521739130436,100.0,UFV — Radiação solar,Comercial (CO),B3,2019-12-27,2023-11-13
LBN00035,LDS 9370,55813421,SETD LEBLON,3304557,14992,LEBLON,3500.0,21.0,3,3,21.0,21.0,0.0,0.0,0.6,100.0,UFV — Radiação solar,Residencial (RE),B1,2022-08-29,2025-04-11
SMT9230,LDS 9230,10385997,SETD SAMARITANO,3304557,15076,SAMARITANO SUBTERRANEO,7800.0,20.56,2,2,20.56,20.56,0.0,0.0,0.2635897435897436,100.0,UFV — Radiação solar,Comercial (CO),B3,2023-10-04,2024-04-12
FCN1322,LDS 1322 / PINERI,10386105,SETD FREI CANECA,3304557,15049,FREI CANECA AEREO,2377.5,20.5,2,2,20.5,20.5,0.0,0.0,0.8622502628811777,100.0,UFV — Radiação solar,Residencial (RE),B1,2024-08-05,2024-10-08
BPD1518,LDS 1518,10385961,SETD BAEPENDI,3304557,15063,BAEPENDI SUBTERRANEO,3400.0,20.4,1,1,20.4,20.4,0.0,0.0,0.6,100.0,UFV — Radiação solar,Comercial (CO),B3,2022-08-29,2022-08-29
LEM9680,LDS 9680,10385925,SETD LEME,3304557,15041,LEME SUBTERRANEO,3600.0,20.0,2,2,20.0,20.0,0.0,0.0,0.5555555555555556,100.0,UFV — Radiação solar,Comercial (CO),B3,2023-04-19,2023-11-08
FCN1536,LDS 1536,10386105,SETD FREI CANECA,3304557,15049,FREI CANECA AEREO,4700.0,20.0,2,2,20.0,20.0,0.0,0.0,0.425531914893617,100.0,UFV — Radiação solar,Comercial (CO),B3,2023-01-24,2023-04-17
SLZ9192,LDS 9192,10386069,SETD SANTA LUZIA,3304557,15016,SANTA LUZIA,6830.0,20.0,1,1,20.0,20.0,0.0,0.0,0.29282576866764276,100.0,UFV — Radiação solar,Comercial (CO),B3,2023-07-07,2023-07-07
RCP1375,LDS 1375,10386006,SETD RIO COMPRIDO,3304557,15058,RIO COMPRIDO AEREO,4800.0,19.8,3,3,19.8,19.8,0.0,0.0,0.4125,100.0,UFV — Radiação solar,Residencial (RE),B1,2021-02-23,2025-05-30
COP9520,LDS 9520,152677490,SETD COPACABANA,3304557,15012,COPACABANA,8510.0,19.6,6,6,19.6,19.6,0.0,0.0,0.23031727379553468,100.0,UFV — Radiação solar,Residencial (RE),B1,2022-11-24,2025-05-29
AFR010,LDA TAMBORIL,18520461,SETD ARI FRANCO,3304557,15010,ARI FRANCO,4905.0,18.96,4,4,18.96,18.96,0.0,0.0,0.38654434250764524,100.0,UFV — Radiação solar,Residencial (RE),B1,2020-05-11,2022-10-28
LEM3433,LDS 2420/LDS 2930,10385925,SETD LEME,3304557,15041,LEME SUBTERRANEO,4300.0,18.6,3,3,18.6,18.6,0.0,0.0,0.43255813953488376,100.0,UFV — Radiação solar,Residencial (RE),B1,2022-07-13,2023-03-13
FCN1013,LDS 1013,10386105,SETD FREI CANECA,3304557,15049,FREI CANECA AEREO,5200.0,18.0,1,1,18.0,18.0,0.0,0.0,0.34615384615384615,100.0,UFV — Radiação solar,Comercial (CO),B3,2022-05-18,2022-05-18
PTS9630,LDS 9630,10386087,SETD POSTO SEIS,3304557,15075,POSTO SEIS SUBTERRANEO,6000.0,24.2,5,4,17.5,17.5,0.0,-6.7,0.2916666666666667,72.31404958677686,UFV — Radiação solar,Residencial (RE),B1,2022-01-05,2025-06-03
PTS9156,LDS 9156,10386087,SETD POSTO SEIS,3304557,15075,POSTO SEIS SUBTERRANEO,4510.0,17.0,2,2,17.0,17.0,0.0,0.0,0.376940133037694,100.0,UFV — Radiação solar,Comercial (CO),B3,2023-06-22,2025-03-31
RCP33308,LDS 33308,10386006,SETD RIO COMPRIDO,3304557,15058,RIO COMPRIDO AEREO,9720.0,16.9,3,3,16.9,16.9,0.0,0.0,0.17386831275720163,100.0,UFV — Radiação solar,Comercial (CO),B3,2024-04-22,2024-12-19
LPD29211,LDA ESTEVAO,10386033,SETD LEOPOLDO,3304557,15030,LEOPOLDO AEREO,4567.5,16.8,2,2,16.8,16.8,0.0,0.0,0.367816091954023,100.0,UFV — Radiação solar,Residencial (RE),B1,2024-04-05,2025-04-01
FCN1350,LDA HIPOLITO,10386105,SETD FREI CANECA,3304557,15049,FREI CANECA AEREO,4207.5,16.6,3,3,16.6,16.6,0.0,0.0,0.3945335710041593,100.0,UFV — Radiação solar,Residencial (RE),B1,2022-12-07,2025-07-21
LBN0016,LDS 9598,55813421,SETD LEBLON,3304557,14992,LEBLON,5300.0,16.0,2,2,16.0,16.0,0.0,0.0,0.3018867924528302,100.0,UFV — Radiação solar,Residencial (RE),B1,2021-07-13,2023-06-14
VTL3781,LDA LIRA,18520794,SETD VILAR DOS TELES,3300456,15072,VILAR DOS TELES AEREO,7260.0,15.7,3,3,15.7,15.7,0.0,0.0,0.2162534435261708,100.0,UFV — Radiação solar,Residencial (RE),B1,2023-02-24,2024-03-27
PTS9669,LDS 9669,10386087,SETD POSTO SEIS,3304557,15075,POSTO SEIS SUBTERRANEO,6600.0,15.67,2,2,15.67,15.67,0.0,0.0,0.23742424242424243,100.0,UFV — Radiação solar,Residencial (RE),B1,2022-03-25,2023-05-16
SMT9344,LDS 9344,10385997,SETD SAMARITANO,3304557,15076,SAMARITANO SUBTERRANEO,7010.0,15.5,3,3,15.5,15.5,0.0,0.0,0.2211126961483595,100.0,UFV — Radiação solar,Residencial (RE),B1,2022-09-01,2025-04-10
COP2070,LDS 2070,152677490,SETD COPACABANA,3304557,15012,COPACABANA,6100.0,15.3,3,3,15.3,15.3,0.0,0.0,0.25081967213114753,100.0,UFV — Radiação solar,Residencial (RE),B1,2022-08-16,2022-09-20
SJO0008,LDA POMPILIO,310718139,SETD SAO JOAO,3301702,15699,SAO JOAO,1275.0,15.0,3,3,15.0,15.0,0.0,0.0,1.1764705882352942,100.0,UFV — Radiação solar,Residencial (RE),B1,2022-05-18,2023-04-10
LBN9592,LDS 9592,55813421,SETD LEBLON,3304557,14992,LEBLON,4300.0,15.0,3,3,15.0,15.0,0.0,0.0,0.3488372093023256,100.0,UFV — Radiação solar,Residencial (RE),B1,2019-05-22,2024-07-31
BRR30624,LDS 30624,345834478,SETD BARRA 2,3304557,15689,BARRA 2,5610.0,31.0,2,1,15.0,15.0,0.0,-16.0,0.26737967914438504,48.38709677419355,UFV — Radiação solar,Residencial (RE),B1,2025-11-30,2025-11-30
BPD9400,LDS 9400,10385961,SETD BAEPENDI,3304557,15063,BAEPENDI SUBTERRANEO,6110.0,15.0,1,1,15.0,15.0,0.0,0.0,0.24549918166939444,100.0,UFV — Radiação solar,Comercial (CO),B3,2023-04-13,2023-04-13
BMT29985,LDA TRINDADE,1195,SETD BOCA DO MATO,3304557,15055,BOCA DO MATO AEREO,2467.5,14.8,2,2,14.8,14.8,0.0,0.0,0.5997973657548126,100.0,UFV — Radiação solar,Residencial (RE),B1,2022-02-24,2025-03-28
COP9190,LDS 9190,152677490,SETD COPACABANA,3304557,15012,COPACABANA,5600.0,14.75,2,2,14.75,14.75,0.0,0.0,0.26339285714285715,100.0,UFV — Radiação solar,Residencial (RE),B1,2023-04-10,2025-05-07
PVN9935,LDA MOUREZAR,1303,SETD PAVUNA,3304557,14994,PAVUNA,2287.5,14.7,3,3,14.7,14.7,0.0,0.0,0.6426229508196721,100.0,UFV — Radiação solar,Comercial (CO),B3,2022-10-03,2024-05-24
SMT9040,LDS 9040,10385997,SETD SAMARITANO,3304557,15076,SAMARITANO SUBTERRANEO,8510.0,14.55,4,4,14.549999999999999,14.549999999999999,0.0,-0.0,0.1709753231492362,100.0,UFV — Radiação solar,Residencial (RE),B1,2021-03-13,2022-12-20
CXS005,LDA ALBELO,18520785,SETD CAXIAS,3301702,15700,CAXIAS AEREO,4747.5,14.4,1,1,14.4,14.4,0.0,0.0,0.3033175355450237,100.0,UFV — Radiação solar,Residencial (RE),B1,2022-02-14,2022-02-14
BPD24814,LDS 24814,10385961,SETD BAEPENDI,3304557,15063,BAEPENDI SUBTERRANEO,20.0,14.04,4,4,14.040000000000001,14.040000000000001,0.0,0.0,70.2,100.0,UFV — Radiação solar,Residencial (RE),B1,2021-05-26,2023-05-22
RCP1737,LDS 1737,10386006,SETD RIO COMPRIDO,3304557,15058,RIO COMPRIDO AEREO,300.0,14.0,3,3,14.0,14.0,0.0,0.0,4.666666666666667,100.0,UFV — Radiação solar,Residencial (RE),B1,2021-11-18,2022-01-31
SRP009,LDA FARAO,18520803,SETD SARAPUI,3301702,15000,SARAPUI,2295.0,14.0,1,1,14.0,14.0,0.0,0.0,0.6100217864923747,100.0,UFV — Radiação solar,Residencial (RE),B1,2025-04-08,2025-04-08
FCN1880,LDS 1880/ LDA PALHARES,10386105,SETD FREI CANECA,3304557,15049,FREI CANECA AEREO,1560.0,13.8,2,2,13.8,13.8,0.0,0.0,0.8846153846153846,100.0,UFV — Radiação solar,Residencial (RE),B1,2021-02-19,2024-11-26
SAT9430,LDS 9430,10385970,SETD SANTO ANTONIO,3304557,15083,SANTO ANTONIO SUBTERRANEO,5010.0,13.5,1,1,13.5,13.5,0.0,0.0,0.2694610778443114,100.0,UFV — Radiação solar,Residencial (RE),B1,2021-10-05,2021-10-05
LBN00011,LDS 9010,55813421,SETD LEBLON,3304557,14992,LEBLON,2800.0,13.49,2,2,13.49,13.49,0.0,0.0,0.48178571428571426,100.0,UFV — Radiação solar,Residencial (RE),B1,2023-06-05,2024-10-04
LBN9621,LDS 9621,55813421,SETD LEBLON,3304557,14992,LEBLON,5200.0,13.0,3,3,13.0,13.0,0.0,0.0,0.25,100.0,UFV — Radiação solar,Residencial (RE),B1,2019-12-04,2024-06-12
BPD9790,LDS 9790,10385961,SETD BAEPENDI,3304557,15063,BAEPENDI SUBTERRANEO,7000.0,13.0,2,2,13.0,13.0,0.0,0.0,0.18571428571428572,100.0,UFV — Radiação solar,Residencial (RE),B1,2019-09-18,2024-07-12
LEM3893,LDS 9575,10385925,SETD LEME,3304557,15041,LEME SUBTERRANEO,4600.0,12.75,2,2,12.75,12.75,0.0,0.0,0.27717391304347827,100.0,UFV — Radiação solar,Residencial (RE),B1,2023-01-30,2025-05-08
FCN9794,LDS 9794,10386105,SETD FREI CANECA,3304557,15049,FREI CANECA AEREO,4340.0,12.6,1,1,12.6,12.6,0.0,0.0,0.2903225806451613,100.0,UFV — Radiação solar,Residencial (RE),B1,2023-03-10,2023-03-10
SAT9050,LDS 9050/LDS 9620,10385970,SETD SANTO ANTONIO,3304557,15083,SANTO ANTONIO SUBTERRANEO,6020.0,12.6,1,1,12.6,12.6,0.0,0.0,0.20930232558139536,100.0,UFV — Radiação solar,Comercial (CO),B3,2024-04-15,2024-04-15
FCN24882,LDS 24882,10386105,SETD FREI CANECA,3304557,15049,FREI CANECA AEREO,3400.0,12.0,1,1,12.0,12.0,0.0,0.0,0.35294117647058826,100.0,UFV — Radiação solar,Comercial (CO),B3,2022-05-24,2022-05-24
PTS9761,LDS 9761,10386087,SETD POSTO SEIS,3304557,15075,POSTO SEIS SUBTERRANEO,4600.0,12.0,1,1,12.0,12.0,0.0,0.0,0.2608695652173913,100.0,UFV — Radiação solar,Comercial (CO),B3,2023-01-04,2023-01-04
BPD9290,LDS 9290,10385961,SETD BAEPENDI,3304557,15063,BAEPENDI SUBTERRANEO,6200.0,11.71,3,3,11.71,11.71,0.0,0.0,0.18887096774193549,99.99999999999999,UFV — Radiação solar,Residencial (RE),B1,2020-07-20,2024-04-11
ALC33118,LDA REBOUCAS,10385889,SETD ALDEIA CAMPISTA,3304557,15033,ALDEIA CAMPISTA,950.0,14.26,3,3,11.620000000000001,14.26,-2.639999999999999,-2.64,1.223157894736842,81.4866760168303,UFV — Radiação solar,Residencial (RE),B1,2022-07-13,2024-09-14
PVN0001,LDA HIMALAIA,1303,SETD PAVUNA,3304557,14994,PAVUNA,5130.0,11.0,2,2,11.0,11.0,0.0,0.0,0.21442495126705652,100.0,UFV — Radiação solar,Residencial (RE),B1,2021-12-01,2025-04-29
BPD4700,LDS 4700/ROZO,10385961,SETD BAEPENDI,3304557,15026,BAEPENDI AEREO,615.0,10.5,3,3,10.5,10.5,0.0,0.0,1.7073170731707317,100.0,UFV — Radiação solar,Residencial (RE),B1,2022-12-15,2025-08-21
TRV0002,LDA EBANO,10385898,SETD TROVAO,3304557,15047,CAMPO MARTE AEREO,2262.5,22.13,3,2,10.129999999999999,10.129999999999999,0.0,-12.0,0.4477348066298342,45.77496610935381,UFV — Radiação solar,Residencial (RE),B1,2022-02-09,2024-05-16
BPD1093,LDS 1093,10385961,SETD BAEPENDI,3304557,15063,BAEPENDI SUBTERRANEO,810.0,10.0,1,1,10.0,10.0,0.0,0.0,1.2345679012345678,100.0,UFV — Radiação solar,Comercial (CO),B3,2024-06-01,2024-06-01
LBN00013,LDS 9739,55813421,SETD LEBLON,3304557,14992,LEBLON,3300.0,10.0,1,1,10.0,10.0,0.0,0.0,0.30303030303030304,100.0,UFV — Radiação solar,Residencial (RE),B1,2020-08-12,2020-08-12
COP2540,LDS 2540,152677490,SETD COPACABANA,3304557,15012,COPACABANA,5300.0,10.0,1,1,10.0,10.0,0.0,0.0,0.18867924528301888,100.0,UFV — Radiação solar,Residencial (RE),B1,2023-11-21,2023-11-21
GDL0006,LDA CAMBOATA,1258,SETD GUADALUPE,3304557,15036,GUADALUPE AEREO,8640.0,10.0,1,1,10.0,10.0,0.0,0.0,0.11574074074074074,100.0,UFV — Radiação solar,Residencial (RE),B1,2024-10-15,2024-10-15
VTL009,LDA CAMILA,18520794,SETD VILAR DOS TELES,3300456,15072,VILAR DOS TELES AEREO,5445.0,9.9,3,3,9.9,9.9,0.0,0.0,0.18181818181818182,100.0,UFV — Radiação solar,Residencial (RE),B1,2023-01-17,2024-08-14
COP9700,LDS 9700,152677490,SETD COPACABANA,3304557,15012,COPACABANA,6800.0,9.5,2,2,9.5,9.5,0.0,0.0,0.13970588235294118,100.0,UFV — Radiação solar,Residencial (RE),B1,2022-10-03,2022-12-22
SCO4796,LDS 37590/LRA NIEMEYER,10386060,SETD SAO CONRADO,3304557,15053,SAO CONRADO AEREO,1162.5,9.0,1,1,9.0,9.0,0.0,0.0,0.7741935483870968,100.0,UFV — Radiação solar,Residencial (RE),B1,2025-09-08,2025-09-08
TRV988,LDA PREFEITO,10385898,SETD TROVAO,3304557,15020,TROVAO AEREO,4860.0,9.0,1,1,9.0,9.0,0.0,0.0,0.18518518518518517,100.0,UFV — Radiação solar,Residencial (RE),B1,2025-08-26,2025-08-26
PTS9750,LDS 9750,10386087,SETD POSTO SEIS,3304557,15075,POSTO SEIS SUBTERRANEO,6300.0,9.0,2,2,9.0,9.0,0.0,0.0,0.14285714285714285,100.0,UFV — Radiação solar,Residencial (RE),B1,2022-12-23,2025-06-12
BPD9612,LDS 9612,10385961,SETD BAEPENDI,3304557,15063,BAEPENDI SUBTERRANEO,6210.0,8.86,2,2,8.86,8.86,0.0,0.0,0.1426731078904992,100.0,UFV — Radiação solar,Residencial (RE),B1,2020-03-30,2024-07-25
COP003,LDS 2160,152677490,SETD COPACABANA,3304557,15012,COPACABANA,7800.0,8.5,2,2,8.5,8.5,0.0,0.0,0.10897435897435898,100.0,UFV — Radiação solar,Residencial (RE),B1,2020-02-13,2024-03-11
BPD1128,LDS 1128 CORCOVADO,10385961,SETD BAEPENDI,3304557,15063,BAEPENDI SUBTERRANEO,900.0,8.0,2,2,8.0,8.0,0.0,0.0,0.8888888888888888,100.0,UFV — Radiação solar,Residencial (RE),B1,2021-09-30,2024-10-28
GDN0019,LDS 61299,457474244,SETD GARDENIA,3304557,15066,ITAPEBA AEREO URBANO,1950.0,8.0,1,1,8.0,8.0,0.0,0.0,0.41025641025641024,100.0,UFV — Radiação solar,Residencial (RE),B1,2024-06-29,2024-06-29
PVN9833,LDA MAREMI,1303,SETD PAVUNA,3304557,14994,PAVUNA,2587.5,8.0,2,2,8.0,8.0,0.0,0.0,0.30917874396135264,100.0,UFV — Radiação solar,Residencial (RE),B1,2022-05-24,2024-03-18
LEM3494,LDS 9713/LDS4971,10385925,SETD LEME,3304557,15041,LEME SUBTERRANEO,2900.0,8.0,1,1,8.0,8.0,0.0,0.0,0.27586206896551724,100.0,UFV — Radiação solar,Residencial (RE),B1,2025-07-04,2025-07-04
PTS9009,LDS 9009,10386087,SETD POSTO SEIS,3304557,15075,POSTO SEIS SUBTERRANEO,4620.0,8.0,2,2,8.0,8.0,0.0,0.0,0.17316017316017315,100.0,UFV — Radiação solar,Residencial (RE),B1,2019-09-02,2025-06-16
CCD4079,LDS 4079,1186,SETD CASCADURA,3304557,15034,CASCADURA AEREO,6000.0,8.0,1,1,8.0,8.0,0.0,0.0,0.13333333333333333,100.0,UFV — Radiação solar,Comercial (CO),B3,2024-02-26,2024-02-26
TER29152,LDA QUEIROZ,1123,SETD TERRA NOVA,3304557,15044,TERRA NOVA AEREO,8280.0,8.0,2,2,8.0,8.0,0.0,0.0,0.0966183574879227,100.0,UFV — Radiação solar,Residencial (RE),B1,2022-12-20,2025-09-26
PTS9197,LDS 9197,10386087,SETD POSTO SEIS,3304557,15075,POSTO SEIS SUBTERRANEO,3500.0,7.7,1,1,7.7,7.7,0.0,0.0,0.22,100.0,UFV — Radiação solar,Residencial (RE),B1,2023-04-24,2023-04-24
LEM9591,LDS 9591,10385925,SETD LEME,3304557,15041,LEME SUBTERRANEO,4430.0,7.7,1,1,7.7,7.7,0.0,0.0,0.17381489841986456,100.0,UFV — Radiação solar,Comercial (CO),B3,2023-01-06,2023-01-06
ESP011,LDA MASSAPE,18519958,SETD ESPERANCA,3304557,16899,ESPERANCA AEREO AT/MT,5877.5,7.7,1,1,7.7,7.7,0.0,0.0,0.1310080816673756,100.0,UFV — Radiação solar,Residencial (RE),B1,2023-08-11,2023-08-11
JDB29503,LDA MERIBE,10385880,SETD JARDIM BOTANICO,3304557,15071,JARDIM BOTANICO AEREO,3565.0,7.65,2,2,7.65,7.65,0.0,0.0,0.21458625525946703,100.0,UFV — Radiação solar,Residencial (RE),B1,2019-06-04,2025-06-23
HMT3477,LDS 1881/LDS 24406,10386096,SETD HUMAITA,3304557,15059,HUMAITA SUBTERRANEO,3600.0,7.5,1,1,7.5,7.5,0.0,0.0,0.20833333333333334,100.0,UFV — Radiação solar,Residencial (RE),B1,2025-06-23,2025-06-23
BPD9525,LDS 9525,10385961,SETD BAEPENDI,3304557,15063,BAEPENDI SUBTERRANEO,4010.0,3.1,2,2,7.5,3.1,4.4,4.4,0.18703241895261846,241.93548387096774,UFV — Radiação solar,Residencial (RE),B1,2019-02-21,2021-09-13
PVN9891,LDA AUTOMOVEL,1303,SETD PAVUNA,3304557,14994,PAVUNA,5917.5,7.5,1,1,7.5,7.5,0.0,0.0,0.1267427122940431,100.0,UFV — Radiação solar,Residencial (RE),B1,2022-01-06,2022-01-06
TRV845,LDA BENZIL,10385898,SETD TROVAO,3304557,15020,TROVAO AEREO,6082.5,7.5,1,1,7.5,7.5,0.0,0.0,0.12330456226880394,100.0,UFV — Radiação solar,Residencial (RE),B1,2021-08-05,2021-08-05
SCO29085,LDA GAVEMEYER,10386060,SETD SAO CONRADO,3304557,15053,SAO CONRADO AEREO,6862.5,7.28,1,1,7.28,7.28,0.0,0.0,0.10608378870673953,100.0,UFV — Radiação solar,Comercial (CO),B3,2023-03-07,2023-03-07
BFG24942,LDS 24942,10385934,SETD BOTAFOGO,3304557,15064,BOTAFOGO SUBTERRANEO,3000.0,7.0,2,2,7.0,7.0,0.0,0.0,0.23333333333333334,100.0,UFV — Radiação solar,Residencial (RE),B1,2025-03-27,2025-09-01
BPD9655,LDS 9655,10385961,SETD BAEPENDI,3304557,15063,BAEPENDI SUBTERRANEO,6520.0,6.6,2,2,6.6,6.6,0.0,0.0,0.10122699386503067,100.0,UFV — Radiação solar,Residencial (RE),B1,2024-08-13,2025-02-07
RAM33354,LDA FARNESE,1132,SETD RAMOS,3304557,15015,RAMOS AEREO,6600.0,6.6,1,1,6.6,6.6,0.0,0.0,0.1,100.0,UFV — Radiação solar,Residencial (RE),B1,2024-03-01,2024-03-01
SCO24365,LDA DIONEIA,10386060,SETD SAO CONRADO,3304557,15053,SAO CONRADO AEREO,6840.0,6.6,2,2,6.6,6.6,0.0,0.0,0.09649122807017543,100.0,UFV — Radiação solar,Residencial (RE),B1,2022-11-17,2023-01-30
MKZ9785,LDS 9785,10386114,SETD MACKENZIE,3304557,15008,MACKENZIE,5620.0,2.53,2,2,6.2,2.5300000000000002,3.67,3.67,0.1103202846975089,245.05928853754943,UFV — Radiação solar,Residencial (RE),B1,2019-02-18,2023-05-12
SCO4906,LDS 4906,10386060,SETD SAO CONRADO,3304557,15079,SAO CONRADO SUBTERRANEO,2600.0,6.0,1,1,6.0,6.0,0.0,0.0,0.23076923076923078,100.0,UFV — Radiação solar,Residencial (RE),B1,2019-09-06,2019-09-06
COP2960,LDS 2960,152677490,SETD COPACABANA,3304557,15012,COPACABANA,4800.0,6.0,1,1,6.0,6.0,0.0,0.0,0.125,100.0,UFV — Radiação solar,Residencial (RE),B1,2022-05-20,2022-05-20
COP2700,LDS 2700,152677490,SETD COPACABANA,3304557,15012,COPACABANA,3800.0,5.28,1,1,5.28,5.28,0.0,0.0,0.13894736842105262,100.0,UFV — Radiação solar,Residencial (RE),B1,2022-11-17,2022-11-17
COP2300,LDS 2300,152677490,SETD COPACABANA,3304557,15012,COPACABANA,5800.0,5.28,1,1,5.28,5.28,0.0,0.0,0.0910344827586207,100.0,UFV — Radiação solar,Residencial (RE),B1,2024-02-23,2024-02-23
AVD30013,LDS 30013/LRA FANGIO,10385943,SETD ALVORADA,3304557,15004,ALVORADA,3155.0,5.0,1,1,5.0,5.0,0.0,0.0,0.15847860538827258,100.0,UFV — Radiação solar,Comercial (CO),B3,2018-10-02,2018-10-02
LBN00018,LDS 9220,55813421,SETD LEBLON,3304557,14992,LEBLON,3310.0,15.0,2,1,5.0,5.0,0.0,-10.0,0.1510574018126888,33.333333333333336,UFV — Radiação solar,Residencial (RE),B1,2023-04-11,2023-04-11
COP2490,LDS 2490,152677490,SETD COPACABANA,3304557,15012,COPACABANA,3500.0,5.0,1,1,5.0,5.0,0.0,0.0,0.14285714285714285,100.0,UFV — Radiação solar,Residencial (RE),B1,2024-12-02,2024-12-02
RCP24246,LDS 24246,10386006,SETD RIO COMPRIDO,3304557,15058,RIO COMPRIDO AEREO,4000.0,5.0,1,1,5.0,5.0,0.0,0.0,0.125,100.0,UFV — Radiação solar,Residencial (RE),B1,2022-07-09,2022-07-09
COP2790,LDS 2790,152677490,SETD COPACABANA,3304557,15012,COPACABANA,6300.0,5.0,1,1,5.0,5.0,0.0,0.0,0.07936507936507936,100.0,UFV — Radiação solar,Residencial (RE),B1,2021-12-16,2021-12-16
FCN1667,LDS 1667,10386105,SETD FREI CANECA,3304557,15049,FREI CANECA AEREO,6610.0,5.0,1,1,5.0,5.0,0.0,0.0,0.07564296520423601,100.0,UFV — Radiação solar,Residencial (RE),B1,2024-12-03,2024-12-03
CMR0005,LDS 38662,10386015,SETD CAMERINO,3304557,15049,FREI CANECA AEREO,600.0,4.69,1,1,4.69,4.69,0.0,0.0,0.7816666666666667,100.0,UFV — Radiação solar,Comercial (CO),B3,2021-02-04,2021-02-04
GDL29594,LDA BRANDAO,1258,SETD GUADALUPE,3304557,15036,GUADALUPE AEREO,7777.5,4.6,1,1,4.6,4.6,0.0,0.0,0.059144969463195106,100.0,UFV — Radiação solar,Residencial (RE),B1,2025-02-24,2025-02-24
PMG0012,LDA VERDE,18520479,SETD PADRE MIGUEL,3304557,15019,PADRE MIGUEL,75.0,4.0,1,1,4.0,4.0,0.0,0.0,5.333333333333333,100.0,UFV — Radiação solar,Residencial (RE),B1,2023-02-28,2023-02-28
PTS9039,LDS 9039,10386087,SETD POSTO SEIS,3304557,15075,POSTO SEIS SUBTERRANEO,3000.0,4.0,1,1,4.0,4.0,0.0,0.0,0.13333333333333333,100.0,UFV — Radiação solar,Residencial (RE),B1,2022-11-25,2022-11-25
PCI0012,LDA PEDRA AZUL,450101398,SETD PACIENCIA,3304557,16900,PACIENCIA,5355.0,4.0,1,1,4.0,4.0,0.0,0.0,0.07469654528478058,100.0,UFV — Radiação solar,Residencial (RE),B1,2025-01-07,2025-01-07
COP2410,LDS 2410,152677490,SETD COPACABANA,3304557,15012,COPACABANA,5600.0,4.0,1,1,4.0,4.0,0.0,0.0,0.07142857142857142,100.0,UFV — Radiação solar,Residencial (RE),B1,2025-05-14,2025-05-14
SCO33618,LDA ROCINHA,10386060,SETD SAO CONRADO,3304557,15053,SAO CONRADO AEREO,6675.0,4.0,1,1,4.0,4.0,0.0,0.0,0.0599250936329588,100.0,UFV — Radiação solar,Residencial (RE),B1,2024-02-07,2024-02-07
CXS020,LDA PATURI,18520785,SETD CAXIAS,3301702,15700,CAXIAS AEREO,5175.0,3.3,1,1,3.3,3.3,0.0,0.0,0.06376811594202898,100.0,UFV — Radiação solar,Residencial (RE),B1,2024-04-30,2024-04-30
BPD1949,LDS 1949,10385961,SETD BAEPENDI,3304557,15063,BAEPENDI SUBTERRANEO,10.0,3.0,1,1,3.0,3.0,0.0,0.0,30.0,100.0,UFV — Radiação solar,Residencial (RE),B1,2022-12-27,2022-12-27
HMT3330,LDS 1327/LDS 1379,10386096,SETD HUMAITA,3304557,15059,HUMAITA SUBTERRANEO,1500.0,3.0,1,1,3.0,3.0,0.0,0.0,0.2,100.0,UFV — Radiação solar,Residencial (RE),B1,2023-02-24,2023-02-24
PER33741,LDA CALADO,1240,SETD PEDRO ERNESTO,3304557,15061,PEDRO ERNESTO AEREO,5430.0,3.0,1,1,3.0,3.0,0.0,0.0,0.055248618784530384,100.0,UFV — Radiação solar,Residencial (RE),B1,2025-05-10,2025-05-10
TER928,LDA RELICARIO,1123,SETD TERRA NOVA,3304557,15044,TERRA NOVA AEREO,8070.0,3.0,1,1,3.0,3.0,0.0,0.0,0.03717472118959108,100.0,UFV — Radiação solar,Residencial (RE),B1,2025-02-20,2025-02-20
MKZ9703,LDS 9703,10386114,SETD MACKENZIE,3304557,15008,MACKENZIE,5810.0,2.93,1,1,2.93,2.93,0.0,0.0,0.0504302925989673,100.0,UFV — Radiação solar,Comercial (CO),B3,2025-07-18,2025-07-18
PTS9043,LDS 9043,10386087,SETD POSTO SEIS,3304557,15075,POSTO SEIS SUBTERRANEO,5110.0,2.64,1,1,2.64,2.64,0.0,0.0,0.05166340508806262,100.0,UFV — Radiação solar,Residencial (RE),B1,2025-01-13,2025-01-13
RAM0001,LDA GENERACAO,1132,SETD RAMOS,3304557,15056,DEMOCRATICOS AEREO,8167.5,2.6,1,1,2.6,2.6,0.0,0.0,0.03183348637894092,100.0,UFV — Radiação solar,Comercial (CO),B3,2024-01-16,2024-01-16
PTS9150,LDS 9150,10386087,SETD POSTO SEIS,3304557,15075,POSTO SEIS SUBTERRANEO,6810.0,2.2,1,1,2.2,2.2,0.0,0.0,0.032305433186490456,100.0,UFV — Radiação solar,Residencial (RE),B1,2024-07-24,2024-07-24
TRG959,LDA MARIGRACA,1204,SETD TRIAGEM,3304557,15024,TRIAGEM AEREO,10200.0,2.2,1,1,2.2,2.2,0.0,0.0,0.021568627450980395,100.0,UFV — Radiação solar,Residencial (RE),B1,2022-05-25,2022-05-25
AFR002,LDA FARMA,18520461,SETD ARI FRANCO,3304557,15010,ARI FRANCO,6082.5,2.0,1,1,2.0,2.0,0.0,0.0,0.032881216605014384,100.0,UFV — Radiação solar,Residencial (RE),B1,2024-05-09,2024-05-09
MKZ1983,LDS 1983,10386114,SETD MACKENZIE,3304557,15008,MACKENZIE,6220.0,2.0,1,1,2.0,2.0,0.0,0.0,0.03215434083601286,100.0,UFV — Radiação solar,Residencial (RE),B1,2024-03-21,2024-03-21
ABR006,LDA PALADINO,18520731,SETD AREIA BRANCA,3300456,,,0.0,0.0,0,0,0.0,0.0,0.0,0.0,0.0,0.0,,,,,
AGR00007,LDA SANTALUZ,1285,SETD AGUA GRANDE,3304557,,,0.0,0.0,0,0,0.0,0.0,0.0,0.0,0.0,0.0,,,,,
ALC30252,LDS 30252,10385889,SETD ALDEIA CAMPISTA,3304557,,,0.0,0.0,0,0,0.0,0.0,0.0,0.0,0.0,0.0,,,,,
ALC3313,LDS 30237,10385889,SETD ALDEIA CAMPISTA,3304557,15033,ALDEIA CAMPISTA,0.0,0.0,0,0,0.0,0.0,0.0,0.0,0.0,0.0,,,,,
ALC3315,LDA PAULA,10385889,SETD ALDEIA CAMPISTA,3304557,15033,ALDEIA CAMPISTA,0.0,0.0,0,0,0.0,0.0,0.0,0.0,0.0,0.0,,,,,
ALC3511,LDS 4002,10385889,SETD ALDEIA CAMPISTA,3304557,15033,ALDEIA CAMPISTA,0.0,0.0,0,0,0.0,0.0,0.0,0.0,0.0,0.0,,,,,
ALC36349,LDS 36349,10385889,SETD ALDEIA CAMPISTA,3304557,15033,ALDEIA CAMPISTA,0.0,1732.484,1,0,0.0,0.0,0.0,-1732.484,0.0,0.0,,,,,
ALC4242,LDS 4242,10385889,SETD ALDEIA CAMPISTA,3304557,15033,ALDEIA CAMPISTA,0.0,0.0,0,0,0.0,0.0,0.0,0.0,0.0,0.0,,,,,
AVD30007,LDS 30007/LDS 30085,10385943,SETD ALVORADA,3304557,,,0.0,0.0,0,0,0.0,0.0,0.0,0.0,0.0,0.0,,,,,
AVD30085,LDS 37537/LDS 37662,10385943,SETD ALVORADA,3304557,15004,ALVORADA,3140.0,0.0,0,0,0.0,0.0,0.0,0.0,0.0,0.0,,,,,
AVD30678,LDS 30678,10385943,SETD ALVORADA,3304557,15004,ALVORADA,0.0,0.0,0,0,0.0,0.0,0.0,0.0,0.0,0.0,,,,,
AVD30722,LDS 30722,10385943,SETD ALVORADA,3304557,15004,ALVORADA,0.0,0.0,0,0,0.0,0.0,0.0,0.0,0.0,0.0,,,,,
BAR24135,LDS 24135,10385907,SETD BARRA,3304557,15013,BARRA AEREO,0.0,0.0,0,0,0.0,0.0,0.0,0.0,0.0,0.0,,,,,
BAR30651,LDS 30651,10385907,SETD BARRA,3304557,15690,BARRA SUBTERRANEO,0.0,0.0,0,0,0.0,0.0,0.0,0.0,0.0,0.0,,,,,
BAR3095,LDS 34299,10385907,SETD BARRA,3304557,,,0.0,0.0,0,0,0.0,0.0,0.0,0.0,0.0,0.0,,,,,
BAR3214,LDS 30660,10385907,SETD BARRA,3304557,15690,BARRA SUBTERRANEO,1120.0,0.0,0,0,0.0,0.0,0.0,0.0,0.0,0.0,,,,,
BFG00001,LDS 24862,10385934,SETD BOTAFOGO,3304557,15064,BOTAFOGO SUBTERRANEO,6000.0,0.0,0,0,0.0,0.0,0.0,0.0,0.0,0.0,,,,,
BFG1190,LDS 1190,10385934,SETD BOTAFOGO,3304557,15064,BOTAFOGO SUBTERRANEO,0.0,0.0,0,0,0.0,0.0,0.0,0.0,0.0,0.0,,,,,
BFG24139,LDS 24139,10385934,SETD BOTAFOGO,3304557,15064,BOTAFOGO SUBTERRANEO,0.0,0.0,0,0,0.0,0.0,0.0,0.0,0.0,0.0,,,,,
BFG24146,LDS 24146,10385934,SETD BOTAFOGO,3304557,15064,BOTAFOGO SUBTERRANEO,0.0,0.0,0,0,0.0,0.0,0.0,0.0,0.0,0.0,,,,,
BFG24599,LDS 24599,10385934,SETD BOTAFOGO,3304557,15064,BOTAFOGO SUBTERRANEO,0.0,0.0,0,0,0.0,0.0,0.0,0.0,0.0,0.0,,,,,
BFG24659,LDS 24659,10385934,SETD BOTAFOGO,3304557,15064,BOTAFOGO SUBTERRANEO,0.0,0.0,0,0,0.0,0.0,0.0,0.0,0.0,0.0,,,,,
BFG3385,LDS 24194/LDS 24033,10385934,SETD BOTAFOGO,3304557,15064,BOTAFOGO SUBTERRANEO,0.0,0.0,0,0,0.0,0.0,0.0,0.0,0.0,0.0,,,,,
BFG3607,LDS 24960/24906,10385934,SETD BOTAFOGO,3304557,15064,BOTAFOGO SUBTERRANEO,1340.0,0.0,0,0,0.0,0.0,0.0,0.0,0.0,0.0,,,,,
BFG3931,LDS 24222/24380,10385934,SETD BOTAFOGO,3304557,15064,BOTAFOGO SUBTERRANEO,0.0,0.0,0,0,0.0,0.0,0.0,0.0,0.0,0.0,,,,,
BPD0001,LDS 9381,10385961,SETD BAEPENDI,3304557,15063,BAEPENDI SUBTERRANEO,5800.0,0.0,0,0,0.0,0.0,0.0,0.0,0.0,0.0,,,,,
BPD09730,LDS 9730,10385961,SETD BAEPENDI,3304557,15063,BAEPENDI SUBTERRANEO,6610.0,0.0,0,0,0.0,0.0,0.0,0.0,0.0,0.0,,,,,
BPD1088,LDS 1088,10385961,SETD BAEPENDI,3304557,15063,BAEPENDI SUBTERRANEO,0.0,0.0,0,0,0.0,0.0,0.0,0.0,0.0,0.0,,,,,
BPD4928,LDS 4928,10385961,SETD BAEPENDI,3304557,15063,BAEPENDI SUBTERRANEO,0.0,0.0,0,0,0.0,0.0,0.0,0.0,0.0,0.0,,,,,
BPD4950,LDS 4950,10385961,SETD BAEPENDI,3304557,15063,BAEPENDI SUBTERRANEO,845.0,0.0,0,0,0.0,0.0,0.0,0.0,0.0,0.0,,,,,
BPD4990,LDS 4990,10385961,SETD BAEPENDI,3304557,15063,BAEPENDI SUBTERRANEO,0.0,0.0,0,0,0.0,0.0,0.0,0.0,0.0,0.0,,,,,
BPN20131,LSA TIBOIM,1159,SETD BRAS DE PINA,3304557,15024,TRIAGEM AEREO,0.0,0.0,0,0,0.0,0.0,0.0,0.0,0.0,0.0,,,,,
BPN20135,LSA LISBOA,1159,SETD BRAS DE PINA,3304557,,,0.0,0.0,0,0,0.0,0.0,0.0,0.0,0.0,0.0,,,,,
BPN303,LSA QUITO,1159,SETD BRAS DE PINA,3304557,15017,BRAS DE PINA,0.0,0.0,0,0,0.0,0.0,0.0,0.0,0.0,0.0,,,,,
BPN307,LSS 307,1159,SETD BRAS DE PINA,3304557,,,0.0,0.0,0,0,0.0,0.0,0.0,0.0,0.0,0.0,,,,,
BPN314,LSA CASCAIS,1159,SETD BRAS DE PINA,3304557,,,0.0,0.0,0,0,0.0,0.0,0.0,0.0,0.0,0.0,,,,,
BPN325,LSS 325/CASBRANCO,1159,SETD BRAS DE PINA,3304557,15017,BRAS DE PINA,0.0,0.0,0,0,0.0,0.0,0.0,0.0,0.0,0.0,,,,,
BRR30560,LDS 30560,345834478,SETD BARRA 2,3304557,15689,BARRA 2,170.0,0.0,0,0,0.0,0.0,0.0,0.0,0.0,0.0,,,,,
BRR30647,LDS 30647,345834478,SETD BARRA 2,3304557,15689,BARRA 2,0.0,0.0,0,0,0.0,0.0,0.0,0.0,0.0,0.0,,,,,
BRR34394,LDS 34394,345834478,SETD BARRA 2,3304557,15689,BARRA 2,20.0,0.0,0,0,0.0,0.0,0.0,0.0,0.0,0.0,,,,,
BRR37090,LDS 37090,345834478,SETD BARRA 2,3304557,15004,ALVORADA,110.0,0.0,0,0,0.0,0.0,0.0,0.0,0.0,0.0,,,,,
BRR37101,LDS 37101,345834478,SETD BARRA 2,3304557,15690,BARRA SUBTERRANEO,180.0,0.0,0,0,0.0,0.0,0.0,0.0,0.0,0.0,,,,,
BRR37122,LDS 37122,345834478,SETD BARRA 2,3304557,15689,BARRA 2,0.0,0.0,0,0,0.0,0.0,0.0,0.0,0.0,0.0,,,,,
BRR37123,LDS 37123,345834478,SETD BARRA 2,3304557,,,0.0,0.0,0,0,0.0,0.0,0.0,0.0,0.0,0.0,,,,,
BRR37480,LDS 37480/LDS 37481,345834478,SETD BARRA 2,3304557,15689,BARRA 2,0.0,0.0,0,0,0.0,0.0,0.0,0.0,0.0,0.0,,,,,
CAM00022,LDA DAPRATA,18520488,SETD CAMARA,3304557,14991,CAMARA,300.0,0.0,0,0,0.0,0.0,0.0,0.0,0.0,0.0,,,,,
CAM00023,LDA DAFABRICA,18520488,SETD CAMARA,3304557,14991,CAMARA,0.0,0.0,0,0,0.0,0.0,0.0,0.0,0.0,0.0,,,,,
CBI00001,LDA EXPANOR,1141,SETD CACHAMBI,3304557,15027,CACHAMBI AEREO,20.0,0.0,0,0,0.0,0.0,0.0,0.0,0.0,0.0,,,,,
CBI00002,LDA HAVELANGE,1141,SETD CACHAMBI,3304557,15027,CACHAMBI AEREO,0.0,0.0,0,0,0.0,0.0,0.0,0.0,0.0,0.0,,,,,
CBI00003,LDA MIRACEMA,1141,SETD CACHAMBI,3304557,15027,CACHAMBI AEREO,0.0,0.0,0,0,0.0,0.0,0.0,0.0,0.0,0.0,,,,,
CBI33550,LDA GABUR,1141,SETD CACHAMBI,3304557,15027,CACHAMBI AEREO,0.0,0.0,0,0,0.0,0.0,0.0,0.0,0.0,0.0,,,,,
CCD1031,LDS 1031,1186,SETD CASCADURA,3304557,15055,BOCA DO MATO AEREO,675.0,0.0,0,0,0.0,0.0,0.0,0.0,0.0,0.0,,,,,
CCD1288,LDS 1288,1186,SETD CASCADURA,3304557,15034,CASCADURA AEREO,525.0,0.0,0,0,0.0,0.0,0.0,0.0,0.0,0.0,,,,,
CCD205,LSA QUITUNGO,1186,SETD CASCADURA,3304557,,,0.0,0.0,0,0,0.0,0.0,0.0,0.0,0.0,0.0,,,,,
CCD213,LSA BARONESA,1186,SETD CASCADURA,3304557,,,0.0,0.0,0,0,0.0,0.0,0.0,0.0,0.0,0.0,,,,,
CCD224,LSA CLARIMELO,1186,SETD CASCADURA,3304557,,,0.0,0.0,0,0,0.0,0.0,0.0,0.0,0.0,0.0,,,,,
CCD237,LSA MAGALHAES,1186,SETD CASCADURA,3304557,15034,CASCADURA AEREO,0.0,0.0,0,0,0.0,0.0,0.0,0.0,0.0,0.0,,,,,
CCD241,LSA TACARATU,1186,SETD CASCADURA,3304557,15034,CASCADURA AEREO,0.0,0.0,0,0,0.0,0.0,0.0,0.0,0.0,0.0,,,,,
CCD250,LSA SANATORIO,1186,SETD CASCADURA,3304557,15034,CASCADURA AEREO,0.0,0.0,0,0,0.0,0.0,0.0,0.0,0.0,0.0,,,,,
CCD255,LSA RANGEL,1186,SETD CASCADURA,3304557,,,0.0,0.0,0,0,0.0,0.0,0.0,0.0,0.0,0.0,,,,,
CCD256,LSA DASILVA,1186,SETD CASCADURA,3304557,,,0.0,0.0,0,0,0.0,0.0,0.0,0.0,0.0,0.0,,,,,
CCD260,LSA ITAMAR,1186,SETD CASCADURA,3304557,,,0.0,0.0,0,0,0.0,0.0,0.0,0.0,0.0,0.0,,,,,
CCD268,LSA V CARVALHO,1186,SETD CASCADURA,3304557,,,0.0,0.0,0,0,0.0,0.0,0.0,0.0,0.0,0.0,,,,,
CCD277,LSA CARINADO,1186,SETD CASCADURA,3304557,15034,CASCADURA AEREO,0.0,0.0,0,0,0.0,0.0,0.0,0.0,0.0,0.0,,,,,
CCD292,LSA CASCAPOL,1186,SETD CASCADURA,3304557,,,0.0,0.0,0,0,0.0,0.0,0.0,0.0,0.0,0.0,,,,,
CCD4548,LDS 4548,1186,SETD CASCADURA,3304557,15034,CASCADURA AEREO,2000.0,0.0,0,0,0.0,0.0,0.0,0.0,0.0,0.0,,,,,
CHR0001,LDA CANTAGALO,18520758,SETD CACHAMORRA,3304557,,,0.0,0.0,0,0,0.0,0.0,0.0,0.0,0.0,0.0,,,,,
CHR011,LDA PARQUE,18520758,SETD CACHAMORRA,3304557,15011,CACHAMORRA,0.0,0.0,0,0,0.0,0.0,0.0,0.0,0.0,0.0,,,,,
CHR014,LDA ALHAMBRA,18520758,SETD CACHAMORRA,3304557,,,0.0,0.0,0,0,0.0,0.0,0.0,0.0,0.0,0.0,,,,,
CHR06,LDA TAMI,18520758,SETD CACHAMORRA,3304557,,,0.0,0.0,0,0,0.0,0.0,0.0,0.0,0.0,0.0,,,,,
CLG0002,LDA BORGES,1249,SETD COLEGIO,3304557,15021,COLEGIO AEREO,5587.5,0.0,0,0,0.0,0.0,0.0,0.0,0.0,0.0,,,,,
CLG0005,LDS 1311,1249,SETD COLEGIO,3304557,15021,COLEGIO AEREO,1025.0,0.0,0,0,0.0,0.0,0.0,0.0,0.0,0.0,,,,,
CMR0003,LDS 2525,10386015,SETD CAMERINO,3304557,15065,CAMERINO SUBTERRANEO,2850.0,0.0,0,0,0.0,0.0,0.0,0.0,0.0,0.0,,,,,
CMR0004,LDS 24111,10386015,SETD CAMERINO,3304557,15008,MACKENZIE,1530.0,0.0,0,0,0.0,0.0,0.0,0.0,0.0,0.0,,,,,
CMR1103,LDS 1103,10386015,SETD CAMERINO,3304557,15008,MACKENZIE,50.0,0.0,0,0,0.0,0.0,0.0,0.0,0.0,0.0,,,,,
CMR1188,LDS 1188,10386015,SETD CAMERINO,3304557,15065,CAMERINO SUBTERRANEO,300.0,0.0,0,0,0.0,0.0,0.0,0.0,0.0,0.0,,,,,
CMR1217,LDS 1217,10386015,SETD CAMERINO,3304557,15065,CAMERINO SUBTERRANEO,10.0,0.0,0,0,0.0,0.0,0.0,0.0,0.0,0.0,,,,,
CMR1228,LDS 1228,10386015,SETD CAMERINO,3304557,15065,CAMERINO SUBTERRANEO,0.0,0.0,0,0,0.0,0.0,0.0,0.0,0.0,0.0,,,,,
CMR1340,LDS 1340,10386015,SETD CAMERINO,3304557,15065,CAMERINO SUBTERRANEO,0.0,0.0,0,0,0.0,0.0,0.0,0.0,0.0,0.0,,,,,
CMR1691,LDS 1691,10386015,SETD CAMERINO,3304557,15065,CAMERINO SUBTERRANEO,0.0,0.0,0,0,0.0,0.0,0.0,0.0,0.0,0.0,,,,,
CMR1892,LDS 1892,10386015,SETD CAMERINO,3304557,15065,CAMERINO SUBTERRANEO,0.0,0.0,0,0,0.0,0.0,0.0,0.0,0.0,0.0,,,,,
CMR2110,LDS 2110,10386015,SETD CAMERINO,3304557,15065,CAMERINO SUBTERRANEO,3850.0,0.0,0,0,0.0,0.0,0.0,0.0,0.0,0.0,,,,,
CMR2138,LDS 2138,10386015,SETD CAMERINO,3304557,15065,CAMERINO SUBTERRANEO,5510.0,0.0,0,0,0.0,0.0,0.0,0.0,0.0,0.0,,,,,
CMR2140,LDS 2140,10386015,SETD CAMERINO,3304557,15065,CAMERINO SUBTERRANEO,3830.0,0.0,0,0,0.0,0.0,0.0,0.0,0.0,0.0,,,,,
CMR2250,LDS 2250,10386015,SETD CAMERINO,3304557,15065,CAMERINO SUBTERRANEO,3040.0,0.0,0,0,0.0,0.0,0.0,0.0,0.0,0.0,,,,,
CMR2320,LDS 2320,10386015,SETD CAMERINO,3304557,15065,CAMERINO SUBTERRANEO,3550.0,0.0,0,0,0.0,0.0,0.0,0.0,0.0,0.0,,,,,
CMR2354,LDS 2354,10386015,SETD CAMERINO,3304557,15065,CAMERINO SUBTERRANEO,4030.0,0.0,0,0,0.0,0.0,0.0,0.0,0.0,0.0,,,,,
CMR2405,LDS 2405,10386015,SETD CAMERINO,3304557,15065,CAMERINO SUBTERRANEO,3030.0,0.0,0,0,0.0,0.0,0.0,0.0,0.0,0.0,,,,,
CMR24116,LDS 24116,10386015,SETD CAMERINO,3304557,15065,CAMERINO SUBTERRANEO,0.0,0.0,0,0,0.0,0.0,0.0,0.0,0.0,0.0,,,,,
CMR2430,LDS 2430,10386015,SETD CAMERINO,3304557,15065,CAMERINO SUBTERRANEO,4330.0,0.0,0,0,0.0,0.0,0.0,0.0,0.0,0.0,,,,,
CMR24327,LDS 24327,10386015,SETD CAMERINO,3304557,,,0.0,0.0,0,0,0.0,0.0,0.0,0.0,0.0,0.0,,,,,
CMR24333,LDS 24333,10386015,SETD CAMERINO,3304557,15065,CAMERINO SUBTERRANEO,0.0,0.0,0,0,0.0,0.0,0.0,0.0,0.0,0.0,,,,,
CMR24555,LDS 24555,10386015,SETD CAMERINO,3304557,15065,CAMERINO SUBTERRANEO,0.0,0.0,0,0,0.0,0.0,0.0,0.0,0.0,0.0,,,,,
CMR24600,LDS 24600,10386015,SETD CAMERINO,3304557,15065,CAMERINO SUBTERRANEO,150.0,0.0,0,0,0.0,0.0,0.0,0.0,0.0,0.0,,,,,
CMR2570,LDS 2570,10386015,SETD CAMERINO,3304557,15065,CAMERINO SUBTERRANEO,3550.0,0.0,0,0,0.0,0.0,0.0,0.0,0.0,0.0,,,,,
CMR2642,LDS 2642,10386015,SETD CAMERINO,3304557,15065,CAMERINO SUBTERRANEO,3020.0,0.0,0,0,0.0,0.0,0.0,0.0,0.0,0.0,,,,,
CMR2680,LDS 2680,10386015,SETD CAMERINO,3304557,15065,CAMERINO SUBTERRANEO,4440.0,0.0,0,0,0.0,0.0,0.0,0.0,0.0,0.0,,,,,
CMR2986,LDS 2986,10386015,SETD CAMERINO,3304557,15065,CAMERINO SUBTERRANEO,5010.0,0.0,0,0,0.0,0.0,0.0,0.0,0.0,0.0,,,,,
CMR2990,LDS 2990,10386015,SETD CAMERINO,3304557,15065,CAMERINO SUBTERRANEO,4340.0,0.0,0,0,0.0,0.0,0.0,0.0,0.0,0.0,,,,,
CMR30476,LDS 30476 / SAMBODROMO,10386015,SETD CAMERINO,3304557,15065,CAMERINO SUBTERRANEO,4000.0,0.0,0,0,0.0,0.0,0.0,0.0,0.0,0.0,,,,,
CMR30588,LDS 30588,10386015,SETD CAMERINO,3304557,15065,CAMERINO SUBTERRANEO,0.0,0.0,0,0,0.0,0.0,0.0,0.0,0.0,0.0,,,,,
CMR30612,LDS 30612,10386015,SETD CAMERINO,3304557,,,0.0,0.0,0,0,0.0,0.0,0.0,0.0,0.0,0.0,,,,,
CMR33467,LDS 33467,10386015,SETD CAMERINO,3304557,15065,CAMERINO SUBTERRANEO,0.0,0.0,0,0,0.0,0.0,0.0,0.0,0.0,0.0,,,,,
CMR33478,LDS 33478,10386015,SETD CAMERINO,3304557,15065,CAMERINO SUBTERRANEO,0.0,0.0,0,0,0.0,0.0,0.0,0.0,0.0,0.0,,,,,
CMR3648,LDS 4083/LDS 4100,10386015,SETD CAMERINO,3304557,15065,CAMERINO SUBTERRANEO,0.0,0.0,0,0,0.0,0.0,0.0,0.0,0.0,0.0,,,,,
CMR38428,LDS 38428,10386015,SETD CAMERINO,3304557,,,0.0,0.0,0,0,0.0,0.0,0.0,0.0,0.0,0.0,,,,,
CMR4027,LDS 4027,10386015,SETD CAMERINO,3304557,15065,CAMERINO SUBTERRANEO,0.0,0.0,0,0,0.0,0.0,0.0,0.0,0.0,0.0,,,,,
CMR4265,LDS 4265,10386015,SETD CAMERINO,3304557,15065,CAMERINO SUBTERRANEO,0.0,0.0,0,0,0.0,0.0,0.0,0.0,0.0,0.0,,,,,
CMR4922,LDS 4922/LRA BENTOBEIRO,10386015,SETD CAMERINO,3304557,15065,CAMERINO SUBTERRANEO,2225.0,0.0,0,0,0.0,0.0,0.0,0.0,0.0,0.0,,,,,
CMR9199,LDS 9199,10386015,SETD CAMERINO,3304557,15065,CAMERINO SUBTERRANEO,6000.0,0.0,0,0,0.0,0.0,0.0,0.0,0.0,0.0,,,,,
CMR9237,LDS 9237,10386015,SETD CAMERINO,3304557,15065,CAMERINO SUBTERRANEO,7100.0,0.0,0,0,0.0,0.0,0.0,0.0,0.0,0.0,,,,,
CMR9323,LDS 9323,10386015,SETD CAMERINO,3304557,15065,CAMERINO SUBTERRANEO,6310.0,0.0,0,0,0.0,0.0,0.0,0.0,0.0,0.0,,,,,
CMR9396,LDS 9396,10386015,SETD CAMERINO,3304557,15065,CAMERINO SUBTERRANEO,6800.0,0.0,0,0,0.0,0.0,0.0,0.0,0.0,0.0,,,,,
CMR9444,LDS 9444,10386015,SETD CAMERINO,3304557,15065,CAMERINO SUBTERRANEO,7100.0,0.0,0,0,0.0,0.0,0.0,0.0,0.0,0.0,,,,,
CMR9568,LDS 9568,10386015,SETD CAMERINO,3304557,15065,CAMERINO SUBTERRANEO,7810.0,0.0,0,0,0.0,0.0,0.0,0.0,0.0,0.0,,,,,
CMR9663,LDS 9663,10386015,SETD CAMERINO,3304557,15065,CAMERINO SUBTERRANEO,4130.0,0.0,0,0,0.0,0.0,0.0,0.0,0.0,0.0,,,,,
CMR9704,LDS 9704,10386015,SETD CAMERINO,3304557,15065,CAMERINO SUBTERRANEO,7300.0,0.0,0,0,0.0,0.0,0.0,0.0,0.0,0.0,,,,,
CMS013,LDA MORANGA,18520839,SETD COSMOS,3304557,,,0.0,0.0,0,0,0.0,0.0,0.0,0.0,0.0,0.0,,,,,
CMT0003,LDS 37789,10386051,SETD CAMPO MARTE,3304557,15047,CAMPO MARTE AEREO,0.0,0.0,0,0,0.0,0.0,0.0,0.0,0.0,0.0,,,,,
CMT1,LSS 388,10386051,SETD CAMPO MARTE,3304557,,,0.0,0.0,0,0,0.0,0.0,0.0,0.0,0.0,0.0,,,,,
CMT210,LSS 210,10386051,SETD CAMPO MARTE,3304557,15047,CAMPO MARTE AEREO,0.0,0.0,0,0,0.0,0.0,0.0,0.0,0.0,0.0,,,,,
CMT234,LSA PRAJU,10386051,SETD CAMPO MARTE,3304557,,,0.0,0.0,0,0,0.0,0.0,0.0,0.0,0.0,0.0,,,,,
CMT2518,LSS 391,10386051,SETD CAMPO MARTE,3304557,15047,CAMPO MARTE AEREO,0.0,0.0,0,0,0.0,0.0,0.0,0.0,0.0,0.0,,,,,
CMT288,LSA SAMPAIO,10386051,SETD CAMPO MARTE,3304557,15047,CAMPO MARTE AEREO,0.0,0.0,0,0,0.0,0.0,0.0,0.0,0.0,0.0,,,,,
CMT304,LSS 304 (CMT),10386051,SETD CAMPO MARTE,3304557,15047,CAMPO MARTE AEREO,0.0,0.0,0,0,0.0,0.0,0.0,0.0,0.0,0.0,,,,,
CMT3164,LDS 1229/LDS24172/LRA ANTUNES/LRA HERFONTES,10386051,SETD CAMPO MARTE,3304557,15047,CAMPO MARTE AEREO,630.0,0.0,0,0,0.0,0.0,0.0,0.0,0.0,0.0,,,,,
CMT322,LSS 322,10386051,SETD CAMPO MARTE,3304557,,,0.0,0.0,0,0,0.0,0.0,0.0,0.0,0.0,0.0,,,,,
CMT327,LSS 327,10386051,SETD CAMPO MARTE,3304557,15047,CAMPO MARTE AEREO,0.0,0.0,0,0,0.0,0.0,0.0,0.0,0.0,0.0,,,,,
CMT353,LSS 353,10386051,SETD CAMPO MARTE,3304557,15047,CAMPO MARTE AEREO,0.0,0.0,0,0,0.0,0.0,0.0,0.0,0.0,0.0,,,,,
CMT37371,LDS 37371,10386051,SETD CAMPO MARTE,3304557,,,0.0,0.0,0,0,0.0,0.0,0.0,0.0,0.0,0.0,,,,,
CMT837,LDS 837/ LDS 38408,10386051,SETD CAMPO MARTE,3304557,15047,CAMPO MARTE AEREO,1320.0,0.0,0,0,0.0,0.0,0.0,0.0,0.0,0.0,,,,,
COP2150,LDS 2150,152677490,SETD COPACABANA,3304557,15012,COPACABANA,4500.0,0.0,0,0,0.0,0.0,0.0,0.0,0.0,0.0,,,,,
COP2200,LDS 2200,152677490,SETD COPACABANA,3304557,15012,COPACABANA,6600.0,0.0,0,0,0.0,0.0,0.0,0.0,0.0,0.0,,,,,
COP3736,LDA BARROSO,152677490,SETD COPACABANA,3304557,15012,COPACABANA,780.0,0.0,0,0,0.0,0.0,0.0,0.0,0.0,0.0,,,,,
CRM0001,LDA INTERNO-CRMTSL41,280389625,SETD CARMARI,3303500,,,0.0,0.0,0,0,0.0,0.0,0.0,0.0,0.0,0.0,,,,,
CRM0002,LDA INTERNO-CRMTSL43,280389625,SETD CARMARI,3303500,,,0.0,0.0,0,0,0.0,0.0,0.0,0.0,0.0,0.0,,,,,
CUR0003,LDS 60819,10386042,SETD CURICICA,3304557,,,0.0,0.0,0,0,0.0,0.0,0.0,0.0,0.0,0.0,,,,,
CUR0004,LDS 61702,10386042,SETD CURICICA,3304557,16901,CURICICA AEREO,150.0,0.0,0,0,0.0,0.0,0.0,0.0,0.0,0.0,,,,,
CUR24794,LDS 24794,10386042,SETD CURICICA,3304557,16901,CURICICA AEREO,0.0,0.0,0,0,0.0,0.0,0.0,0.0,0.0,0.0,,,,,
CUR30207,LDS 30207,10386042,SETD CURICICA,3304557,,,0.0,0.0,0,0,0.0,0.0,0.0,0.0,0.0,0.0,,,,,
CUR33000,LDA ARAUA,10386042,SETD CURICICA,3304557,16901,CURICICA AEREO,0.0,0.0,0,0,0.0,0.0,0.0,0.0,0.0,0.0,,,,,
CUR33442,LDA PROJAC/NOVAIBC,10386042,SETD CURICICA,3304557,15066,ITAPEBA AEREO URBANO,0.0,0.0,0,0,0.0,0.0,0.0,0.0,0.0,0.0,,,,,
CUR33504,LDA BANDER,10386042,SETD CURICICA,3304557,16901,CURICICA AEREO,0.0,0.0,0,0,0.0,0.0,0.0,0.0,0.0,0.0,,,,,
CXS014,LDA GLOBO,18520785,SETD CAXIAS,3301702,15700,CAXIAS AEREO,0.0,0.0,0,0,0.0,0.0,0.0,0.0,0.0,0.0,,,,,
DMC954,LDA JORDAO,1168,SETD DEMOCRATICOS,3304557,15056,DEMOCRATICOS AEREO,0.0,0.0,0,0,0.0,0.0,0.0,0.0,0.0,0.0,,,,,
ELD002,LSA CAPIVARI II,18521352,SETD ELDORADO,3301702,15005,ELDORADO,0.0,0.0,0,0,0.0,0.0,0.0,0.0,0.0,0.0,,,,,
ESP019,LSA DAMADEIRA,18519958,SETD ESPERANCA,3304557,16899,ESPERANCA AEREO AT/MT,0.0,0.0,0,0,0.0,0.0,0.0,0.0,0.0,0.0,,,,,
FCN1060,LDS 1060,10386105,SETD FREI CANECA,3304557,15049,FREI CANECA AEREO,2600.0,0.0,0,0,0.0,0.0,0.0,0.0,0.0,0.0,,,,,
FCN1077,LDS 1077,10386105,SETD FREI CANECA,3304557,15049,FREI CANECA AEREO,225.0,0.0,0,0,0.0,0.0,0.0,0.0,0.0,0.0,,,,,
FCN1169,LDS 1169 / LDA OPERARIO,10386105,SETD FREI CANECA,3304557,15049,FREI CANECA AEREO,1920.0,0.0,0,0,0.0,0.0,0.0,0.0,0.0,0.0,,,,,
FCN1438,LDS 1438/LDA CAVALITO,10386105,SETD FREI CANECA,3304557,15049,FREI CANECA AEREO,420.0,0.0,0,0,0.0,0.0,0.0,0.0,0.0,0.0,,,,,
FCN1609,LDS 1609,10386105,SETD FREI CANECA,3304557,15049,FREI CANECA AEREO,900.0,0.0,0,0,0.0,0.0,0.0,0.0,0.0,0.0,,,,,
FCN1991,LDS 1991,10386105,SETD FREI CANECA,3304557,15049,FREI CANECA AEREO,2000.0,0.0,0,0,0.0,0.0,0.0,0.0,0.0,0.0,,,,,
FCN24098,LDS 24098,10386105,SETD FREI CANECA,3304557,15049,FREI CANECA AEREO,0.0,0.0,0,0,0.0,0.0,0.0,0.0,0.0,0.0,,,,,
FCN24120,LDS 24120,10386105,SETD FREI CANECA,3304557,15049,FREI CANECA AEREO,0.0,0.0,0,0,0.0,0.0,0.0,0.0,0.0,0.0,,,,,
FCN24132,LDS 24132/SAMBODROMO,10386105,SETD FREI CANECA,3304557,15049,FREI CANECA AEREO,0.0,0.0,0,0,0.0,0.0,0.0,0.0,0.0,0.0,,,,,
FCN24211,LDS 24211,10386105,SETD FREI CANECA,3304557,15049,FREI CANECA AEREO,830.0,0.0,0,0,0.0,0.0,0.0,0.0,0.0,0.0,,,,,
FCN29118,LDS 29118,10386105,SETD FREI CANECA,3304557,15049,FREI CANECA AEREO,600.0,0.0,0,0,0.0,0.0,0.0,0.0,0.0,0.0,,,,,
FCN37003,LDS 37003,10386105,SETD FREI CANECA,3304557,,,0.0,0.0,0,0,0.0,0.0,0.0,0.0,0.0,0.0,,,,,
FCN37007,LDS 37007,10386105,SETD FREI CANECA,3304557,,,0.0,0.0,0,0,0.0,0.0,0.0,0.0,0.0,0.0,,,,,
FCN37177,LDS 37177,10386105,SETD FREI CANECA,3304557,15049,FREI CANECA AEREO,0.0,0.0,0,0,0.0,0.0,0.0,0.0,0.0,0.0,,,,,
FCN37285,LDS 37285,10386105,SETD FREI CANECA,3304557,15049,FREI CANECA AEREO,0.0,0.0,0,0,0.0,0.0,0.0,0.0,0.0,0.0,,,,,
FCN37288,LDS 37288,10386105,SETD FREI CANECA,3304557,15049,FREI CANECA AEREO,0.0,0.0,0,0,0.0,0.0,0.0,0.0,0.0,0.0,,,,,
FCN4266,LDS 4266,10386105,SETD FREI CANECA,3304557,15049,FREI CANECA AEREO,0.0,0.0,0,0,0.0,0.0,0.0,0.0,0.0,0.0,,,,,
FCN4279,LDS 4279,10386105,SETD FREI CANECA,3304557,15049,FREI CANECA AEREO,0.0,0.0,0,0,0.0,0.0,0.0,0.0,0.0,0.0,,,,,
FCN4509,LDS 4509,10386105,SETD FREI CANECA,3304557,15049,FREI CANECA AEREO,0.0,0.0,0,0,0.0,0.0,0.0,0.0,0.0,0.0,,,,,
FCN4863,LDS 4863,10386105,SETD FREI CANECA,3304557,15049,FREI CANECA AEREO,0.0,0.0,0,0,0.0,0.0,0.0,0.0,0.0,0.0,,,,,
FCN758,LDA ARISLOBO,10386105,SETD FREI CANECA,3304557,15049,FREI CANECA AEREO,3022.5,0.0,0,0,0.0,0.0,0.0,0.0,0.0,0.0,,,,,
FCN9100,LDS 9100,10386105,SETD FREI CANECA,3304557,15049,FREI CANECA AEREO,6510.0,0.0,0,0,0.0,0.0,0.0,0.0,0.0,0.0,,,,,
FCN9120,LDS 9120,10386105,SETD FREI CANECA,3304557,15049,FREI CANECA AEREO,5310.0,0.0,0,0,0.0,0.0,0.0,0.0,0.0,0.0,,,,,
FCN9250,LDS 9250,10386105,SETD FREI CANECA,3304557,15049,FREI CANECA AEREO,6300.0,0.0,0,0,0.0,0.0,0.0,0.0,0.0,0.0,,,,,
FCN9320,LDS 9320,10386105,SETD FREI CANECA,3304557,15049,FREI CANECA AEREO,5610.0,0.0,0,0,0.0,0.0,0.0,0.0,0.0,0.0,,,,,
FCN9356,LDS 9356,10386105,SETD FREI CANECA,3304557,15049,FREI CANECA AEREO,4300.0,0.0,0,0,0.0,0.0,0.0,0.0,0.0,0.0,,,,,
FCN9390,LDS 9390,10386105,SETD FREI CANECA,3304557,15049,FREI CANECA AEREO,4100.0,0.0,0,0,0.0,0.0,0.0,0.0,0.0,0.0,,,,,
FCN9460,LDS 9460,10386105,SETD FREI CANECA,3304557,15049,FREI CANECA AEREO,6010.0,0.0,0,0,0.0,0.0,0.0,0.0,0.0,0.0,,,,,
FCN9490,LDS 9490,10386105,SETD FREI CANECA,3304557,15049,FREI CANECA AEREO,4120.0,0.0,0,0,0.0,0.0,0.0,0.0,0.0,0.0,,,,,
FCN9510,LDS 9510,10386105,SETD FREI CANECA,3304557,15049,FREI CANECA AEREO,5600.0,0.0,0,0,0.0,0.0,0.0,0.0,0.0,0.0,,,,,
FCN9550,LDS 9550,10386105,SETD FREI CANECA,3304557,15049,FREI CANECA AEREO,5310.0,0.0,0,0,0.0,0.0,0.0,0.0,0.0,0.0,,,,,
FCN9590,LDS 9590,10386105,SETD FREI CANECA,3304557,15049,FREI CANECA AEREO,3330.0,0.0,0,0,0.0,0.0,0.0,0.0,0.0,0.0,,,,,
FCN9720,LDS 9720,10386105,SETD FREI CANECA,3304557,15049,FREI CANECA AEREO,3140.0,0.0,0,0,0.0,0.0,0.0,0.0,0.0,0.0,,,,,
FCN9757,LDS 9757,10386105,SETD FREI CANECA,3304557,15049,FREI CANECA AEREO,2820.0,0.0,0,0,0.0,0.0,0.0,0.0,0.0,0.0,,,,,
FCN9771,LDS 9771,10386105,SETD FREI CANECA,3304557,15049,FREI CANECA AEREO,5000.0,0.0,0,0,0.0,0.0,0.0,0.0,0.0,0.0,,,,,
FND0002,LDS 70468,1222,SETD FUNDAO,3304557,15061,PEDRO ERNESTO AEREO,0.0,0.0,0,0,0.0,0.0,0.0,0.0,0.0,0.0,,,,,
FND0003,LDS 70406,1222,SETD FUNDAO,3304557,,,0.0,0.0,0,0,0.0,0.0,0.0,0.0,0.0,0.0,,,,,
FND1239,LDS 1239,1222,SETD FUNDAO,3304557,15061,PEDRO ERNESTO AEREO,0.0,0.0,0,0,0.0,0.0,0.0,0.0,0.0,0.0,,,,,
FND24227,LDS 24227/LRA AMARELA,1222,SETD FUNDAO,3304557,15061,PEDRO ERNESTO AEREO,420.0,0.0,0,0,0.0,0.0,0.0,0.0,0.0,0.0,,,,,
FND24238,LDS 24238 / LRA VERMELHA,1222,SETD FUNDAO,3304557,15061,PEDRO ERNESTO AEREO,270.0,0.0,0,0,0.0,0.0,0.0,0.0,0.0,0.0,,,,,
FND33432,LDS 33432/LDS 1692,1222,SETD FUNDAO,3304557,15061,PEDRO ERNESTO AEREO,0.0,0.0,0,0,0.0,0.0,0.0,0.0,0.0,0.0,,,,,
FND33454,LDA CATEDRAL,1222,SETD FUNDAO,3304557,15061,PEDRO ERNESTO AEREO,142.5,0.0,0,0,0.0,0.0,0.0,0.0,0.0,0.0,,,,,
FND33757,LDA LETRAS,1222,SETD FUNDAO,3304557,15061,PEDRO ERNESTO AEREO,1327.5,187.266,1,0,0.0,0.0,0.0,-187.266,0.0,0.0,,,,,
FND3424,LDA PORTUGUESA,1222,SETD FUNDAO,3304557,,,0.0,0.0,0,0,0.0,0.0,0.0,0.0,0.0,0.0,,,,,
FND3726,LDA CERROAZUL,1222,SETD FUNDAO,3304557,,,0.0,0.0,0,0,0.0,0.0,0.0,0.0,0.0,0.0,,,,,
FND4286,LDS 4286,1222,SETD FUNDAO,3304557,15061,PEDRO ERNESTO AEREO,547.5,0.0,0,0,0.0,0.0,0.0,0.0,0.0,0.0,,,,,
FND4410,LDS 4410\LDS 70363,1222,SETD FUNDAO,3304557,15061,PEDRO ERNESTO AEREO,0.0,0.0,0,0,0.0,0.0,0.0,0.0,0.0,0.0,,,,,
GDL00001,LDA JARDILUPE,1258,SETD GUADALUPE,3304557,,,0.0,0.0,0,0,0.0,0.0,0.0,0.0,0.0,0.0,,,,,
GDL0004,LDA AZUL,1258,SETD GUADALUPE,3304557,15036,GUADALUPE AEREO,0.0,0.0,0,0,0.0,0.0,0.0,0.0,0.0,0.0,,,,,
GDL0005,LDA BARROS,1258,SETD GUADALUPE,3304557,15036,GUADALUPE AEREO,5097.5,24.0,1,0,0.0,0.0,0.0,-24.0,0.0,0.0,,,,,
GDL0008,LDA ROSA,1258,SETD GUADALUPE,3304557,15036,GUADALUPE AEREO,0.0,0.0,0,0,0.0,0.0,0.0,0.0,0.0,0.0,,,,,
GDL29714,LDA GUASHOPPING,1258,SETD GUADALUPE,3304557,15036,GUADALUPE AEREO,0.0,0.0,0,0,0.0,0.0,0.0,0.0,0.0,0.0,,,,,
GDN000,LDS 61297,457474244,SETD GARDENIA,3304557,16903,GARDENIA,40.0,0.0,0,0,0.0,0.0,0.0,0.0,0.0,0.0,,,,,
GDN0001,LDA INTERNO/GDNTSL41,457474244,SETD GARDENIA,3304557,,,0.0,0.0,0,0,0.0,0.0,0.0,0.0,0.0,0.0,,,,,
GDN0002,LDA INTERNO/GDNTSL42,457474244,SETD GARDENIA,3304557,,,0.0,0.0,0,0,0.0,0.0,0.0,0.0,0.0,0.0,,,,,
GDN0003,LDS 61016,457474244,SETD GARDENIA,3304557,16903,GARDENIA,1750.0,0.0,0,0,0.0,0.0,0.0,0.0,0.0,0.0,,,,,
GDN0005,LDS 61138,457474244,SETD GARDENIA,3304557,,,0.0,0.0,0,0,0.0,0.0,0.0,0.0,0.0,0.0,,,,,
GDN0006,LDS 61139,457474244,SETD GARDENIA,3304557,16903,GARDENIA,40.0,0.0,0,0,0.0,0.0,0.0,0.0,0.0,0.0,,,,,
GDN0007,LDS 61140,457474244,SETD GARDENIA,3304557,16901,CURICICA AEREO,0.0,0.0,0,0,0.0,0.0,0.0,0.0,0.0,0.0,,,,,
GDN0008,LDS 61259,457474244,SETD GARDENIA,3304557,,,0.0,0.0,0,0,0.0,0.0,0.0,0.0,0.0,0.0,,,,,
GDN0009,LDS 61300,457474244,SETD GARDENIA,3304557,,,0.0,0.0,0,0,0.0,0.0,0.0,0.0,0.0,0.0,,,,,
GDN0010,LDS 61401,457474244,SETD GARDENIA,3304557,,,0.0,0.0,0,0,0.0,0.0,0.0,0.0,0.0,0.0,,,,,
GDN0015,LDS 61265,457474244,SETD GARDENIA,3304557,16901,CURICICA AEREO,0.0,0.0,0,0,0.0,0.0,0.0,0.0,0.0,0.0,,,,,
GDN0016,LDS 61704,457474244,SETD GARDENIA,3304557,16903,GARDENIA,3230.0,0.0,0,0,0.0,0.0,0.0,0.0,0.0,0.0,,,,,
GDN0017,LDS 61805,457474244,SETD GARDENIA,3304557,16903,GARDENIA,5605.0,0.0,0,0,0.0,0.0,0.0,0.0,0.0,0.0,,,,,
GDN0021,LDS 61437,457474244,SETD GARDENIA,3304557,,,0.0,0.0,0,0,0.0,0.0,0.0,0.0,0.0,0.0,,,,,
GDN0024,LDS 61143,457474244,SETD GARDENIA,3304557,16903,GARDENIA,80.0,0.0,0,0,0.0,0.0,0.0,0.0,0.0,0.0,,,,,
GNB0001,LDA DIAS,1150,SETD GUANABARA,3304557,15040,GOVERNADOR AEREO,0.0,0.0,0,0,0.0,0.0,0.0,0.0,0.0,0.0,,,,,
GNB34723,LDA MARREIROS,1150,SETD GUANABARA,3304557,15037,GUANABARA AEREO,0.0,0.0,0,0,0.0,0.0,0.0,0.0,0.0,0.0,,,,,
GVD24973,LDS 24973,1213,SETD GOVERNADOR,3304557,15040,GOVERNADOR AEREO,0.0,0.0,0,0,0.0,0.0,0.0,0.0,0.0,0.0,,,,,
GVD29899,LDA SANDE,1213,SETD GOVERNADOR,3304557,,,0.0,0.0,0,0,0.0,0.0,0.0,0.0,0.0,0.0,,,,,
GVD29916,LDA JEQUI,1213,SETD GOVERNADOR,3304557,,,0.0,0.0,0,0,0.0,0.0,0.0,0.0,0.0,0.0,,,,,
GVD29940,LDA MALDONADO,1213,SETD GOVERNADOR,3304557,15040,GOVERNADOR AEREO,300.0,0.0,0,0,0.0,0.0,0.0,0.0,0.0,0.0,,,,,
GVD9802,LDA PRAIEIRA,1213,SETD GOVERNADOR,3304557,,,0.0,0.0,0,0,0.0,0.0,0.0,0.0,0.0,0.0,,,,,
GVD9862,LDA MARACAJA,1213,SETD GOVERNADOR,3304557,,,0.0,0.0,0,0,0.0,0.0,0.0,0.0,0.0,0.0,,,,,
GVD9878,LDA VISCONDE,1213,SETD GOVERNADOR,3304557,,,0.0,0.0,0,0,0.0,0.0,0.0,0.0,0.0,0.0,,,,,
GVD9883,LDA AEROPORTO,1213,SETD GOVERNADOR,3304557,,,0.0,0.0,0,0,0.0,0.0,0.0,0.0,0.0,0.0,,,,,
GVD9937,LDA MAESTRO,1213,SETD GOVERNADOR,3304557,,,0.0,0.0,0,0,0.0,0.0,0.0,0.0,0.0,0.0,,,,,
GVD9999,LDA PERDIGAO,1213,SETD GOVERNADOR,3304557,,,0.0,0.0,0,0,0.0,0.0,0.0,0.0,0.0,0.0,,,,,
HMT4724,LDS 4724,10386096,SETD HUMAITA,3304557,15059,HUMAITA SUBTERRANEO,0.0,0.0,0,0,0.0,0.0,0.0,0.0,0.0,0.0,,,,,
IMT001,LDS 30127,18520929,SETD INMETRO,3301702,,,0.0,0.0,0,0,0.0,0.0,0.0,0.0,0.0,0.0,,,,,
IMT002,LDS 30160,18520929,SETD INMETRO,3301702,14997,INMETRO,0.0,0.0,0,0,0.0,0.0,0.0,0.0,0.0,0.0,,,,,
INF0001,LSA INTERNO/TSL 52,449886789,SETD INFLUENCIA,3301207,,,0.0,0.0,0,0,0.0,0.0,0.0,0.0,0.0,0.0,,,,,
INF0002,LSA INTERNO/TSL 51,449886789,SETD INFLUENCIA,3301207,,,0.0,0.0,0,0,0.0,0.0,0.0,0.0,0.0,0.0,,,,,
ITG0001,LDA INTERNO-ITG42,310129856,SETD ITAGUAI,3302007,,,0.0,0.0,0,0,0.0,0.0,0.0,0.0,0.0,0.0,,,,,
ITG0002,LDA INTERNO-ITG41,310129856,SETD ITAGUAI,3302007,,,0.0,0.0,0,0,0.0,0.0,0.0,0.0,0.0,0.0,,,,,
ITP0001,LDA OLIMPICA,10385988,SETD ITAPEBA,3304557,16903,GARDENIA,2980.0,0.0,0,0,0.0,0.0,0.0,0.0,0.0,0.0,,,,,
ITP0005,LDS 37894,10385988,SETD ITAPEBA,3304557,15066,ITAPEBA AEREO URBANO,320.0,0.0,0,0,0.0,0.0,0.0,0.0,0.0,0.0,,,,,
ITP0007,LDA OPTI,10385988,SETD ITAPEBA,3304557,15066,ITAPEBA AEREO URBANO,0.0,0.0,0,0,0.0,0.0,0.0,0.0,0.0,0.0,,,,,
ITP33143,LDA SALVALENDE,10385988,SETD ITAPEBA,3304557,15066,ITAPEBA AEREO URBANO,75.0,0.0,0,0,0.0,0.0,0.0,0.0,0.0,0.0,,,,,
ITP38330,LDA ALLENDE,10385988,SETD ITAPEBA,3304557,15066,ITAPEBA AEREO URBANO,1520.0,0.0,0,0,0.0,0.0,0.0,0.0,0.0,0.0,,,,,
ITP38335,LDA ILHAPURA,10385988,SETD ITAPEBA,3304557,16903,GARDENIA,3500.0,0.0,0,0,0.0,0.0,0.0,0.0,0.0,0.0,,,,,
JAB014,LDA NOBET,18520749,SETD JABOATAO,3304557,15029,JABOATAO AEREO,0.0,0.0,0,0,0.0,0.0,0.0,0.0,0.0,0.0,,,,,
JDB3770,LDS 24159/LDS 1666,10385880,SETD JARDIM BOTANICO,3304557,15071,JARDIM BOTANICO AEREO,0.0,0.0,0,0,0.0,0.0,0.0,0.0,0.0,0.0,,,,,
JDB4713,LDS 4713,10385880,SETD JARDIM BOTANICO,3304557,15071,JARDIM BOTANICO AEREO,0.0,0.0,0,0,0.0,0.0,0.0,0.0,0.0,0.0,,,,,
JDB4727,LDS 4727,10385880,SETD JARDIM BOTANICO,3304557,15071,JARDIM BOTANICO AEREO,0.0,597.642,1,0,0.0,0.0,0.0,-597.642,0.0,0.0,,,,,
JDB820,LDA DAGRACA,10385880,SETD JARDIM BOTANICO,3304557,15071,JARDIM BOTANICO AEREO,75.0,0.0,0,0,0.0,0.0,0.0,0.0,0.0,0.0,,,,,
LBN00007,LDS 36187,55813421,SETD LEBLON,3304557,14992,LEBLON,2500.0,40.0,1,0,0.0,0.0,0.0,-40.0,0.0,0.0,,,,,
LBN00010,LDS 36310,55813421,SETD LEBLON,3304557,14992,LEBLON,0.0,0.0,0,0,0.0,0.0,0.0,0.0,0.0,0.0,,,,,
LBN00012,LDS 36282,55813421,SETD LEBLON,3304557,14992,LEBLON,40.0,0.0,0,0,0.0,0.0,0.0,0.0,0.0,0.0,,,,,
LBN00014,LDS 36405,55813421,SETD LEBLON,3304557,,,0.0,0.0,0,0,0.0,0.0,0.0,0.0,0.0,0.0,,,,,
LBN00040,LDS 1722,55813421,SETD LEBLON,3304557,14992,LEBLON,2500.0,0.0,0,0,0.0,0.0,0.0,0.0,0.0,0.0,,,,,
LBN00044,LDS 35054,55813421,SETD LEBLON,3304557,14992,LEBLON,0.0,0.0,0,0,0.0,0.0,0.0,0.0,0.0,0.0,,,,,
LBN00060,LDS 4541,55813421,SETD LEBLON,3304557,14992,LEBLON,0.0,0.0,0,0,0.0,0.0,0.0,0.0,0.0,0.0,,,,,
LBN00061,LDS 9450,55813421,SETD LEBLON,3304557,14992,LEBLON,3300.0,0.0,0,0,0.0,0.0,0.0,0.0,0.0,0.0,,,,,
LBN00062,LDS 4016,55813421,SETD LEBLON,3304557,,,0.0,0.0,0,0,0.0,0.0,0.0,0.0,0.0,0.0,,,,,
LBN37717,LDS 37717,55813421,SETD LEBLON,3304557,15071,JARDIM BOTANICO AEREO,500.0,0.0,0,0,0.0,0.0,0.0,0.0,0.0,0.0,,,,,
LBN9580,LDS 9580,55813421,SETD LEBLON,3304557,14992,LEBLON,2800.0,0.0,0,0,0.0,0.0,0.0,0.0,0.0,0.0,,,,,
LEM2620,LDS 2620,10385925,SETD LEME,3304557,15041,LEME SUBTERRANEO,3000.0,0.0,0,0,0.0,0.0,0.0,0.0,0.0,0.0,,,,,
LEM2740,LDS 2740,10385925,SETD LEME,3304557,15041,LEME SUBTERRANEO,4000.0,0.0,0,0,0.0,0.0,0.0,0.0,0.0,0.0,,,,,
LEM3007,LDS 2370/LDS 4993,10385925,SETD LEME,3304557,15041,LEME SUBTERRANEO,9100.0,0.0,0,0,0.0,0.0,0.0,0.0,0.0,0.0,,,,,
LEM3500,LDS 2660,10385925,SETD LEME,3304557,15041,LEME SUBTERRANEO,4800.0,0.0,0,0,0.0,0.0,0.0,0.0,0.0,0.0,,,,,
LPD24070,LDS 24070,10386033,SETD LEOPOLDO,3304557,,,0.0,0.0,0,0,0.0,0.0,0.0,0.0,0.0,0.0,,,,,
LPD24126,LDS 24126,10386033,SETD LEOPOLDO,3304557,,,0.0,0.0,0,0,0.0,0.0,0.0,0.0,0.0,0.0,,,,,
LPD24293,LDS 24293,10386033,SETD LEOPOLDO,3304557,15030,LEOPOLDO AEREO,0.0,0.0,0,0,0.0,0.0,0.0,0.0,0.0,0.0,,,,,
LPD24338,LDS 24338,10386033,SETD LEOPOLDO,3304557,15030,LEOPOLDO AEREO,0.0,0.0,0,0,0.0,0.0,0.0,0.0,0.0,0.0,,,,,
LPD30184,LDS 30184,10386033,SETD LEOPOLDO,3304557,15030,LEOPOLDO AEREO,0.0,0.0,0,0,0.0,0.0,0.0,0.0,0.0,0.0,,,,,
MKZ0001,LDS 38528,10386114,SETD MACKENZIE,3304557,15065,CAMERINO SUBTERRANEO,0.0,0.0,0,0,0.0,0.0,0.0,0.0,0.0,0.0,,,,,
MKZ1044,LDS 1044,10386114,SETD MACKENZIE,3304557,15008,MACKENZIE,300.0,0.0,0,0,0.0,0.0,0.0,0.0,0.0,0.0,,,,,
MKZ1251,LDS 1251,10386114,SETD MACKENZIE,3304557,15008,MACKENZIE,0.0,0.0,0,0,0.0,0.0,0.0,0.0,0.0,0.0,,,,,
MKZ1808,LDS 1808,10386114,SETD MACKENZIE,3304557,,,0.0,0.0,0,0,0.0,0.0,0.0,0.0,0.0,0.0,,,,,
MKZ24043,LDS 24043,10386114,SETD MACKENZIE,3304557,15008,MACKENZIE,0.0,0.0,0,0,0.0,0.0,0.0,0.0,0.0,0.0,,,,,
MKZ24567,LDS 24567,10386114,SETD MACKENZIE,3304557,15008,MACKENZIE,4920.0,75.0,1,0,0.0,0.0,0.0,-75.0,0.0,0.0,,,,,
MKZ24780,LDS 24780,10386114,SETD MACKENZIE,3304557,,,0.0,0.0,0,0,0.0,0.0,0.0,0.0,0.0,0.0,,,,,
MKZ24815,LDS 24815,10386114,SETD MACKENZIE,3304557,15008,MACKENZIE,300.0,0.0,0,0,0.0,0.0,0.0,0.0,0.0,0.0,,,,,
MKZ3788,LDS 4066/4058,10386114,SETD MACKENZIE,3304557,,,0.0,0.0,0,0,0.0,0.0,0.0,0.0,0.0,0.0,,,,,
MKZ38552,LDS 38552,10386114,SETD MACKENZIE,3304557,,,0.0,0.0,0,0,0.0,0.0,0.0,0.0,0.0,0.0,,,,,
MKZ4920,LDS 4920,10386114,SETD MACKENZIE,3304557,15008,MACKENZIE,0.0,0.0,0,0,0.0,0.0,0.0,0.0,0.0,0.0,,,,,
MKZ9030,LDS 9030,10386114,SETD MACKENZIE,3304557,15008,MACKENZIE,6820.0,0.0,0,0,0.0,0.0,0.0,0.0,0.0,0.0,,,,,
MKZ9111,LDS 9111,10386114,SETD MACKENZIE,3304557,15008,MACKENZIE,6010.0,0.0,0,0,0.0,0.0,0.0,0.0,0.0,0.0,,,,,
MKZ9140,LDS 9140,10386114,SETD MACKENZIE,3304557,15008,MACKENZIE,6410.0,0.0,0,0,0.0,0.0,0.0,0.0,0.0,0.0,,,,,
MKZ9280,LDS 9280,10386114,SETD MACKENZIE,3304557,15008,MACKENZIE,6810.0,0.0,0,0,0.0,0.0,0.0,0.0,0.0,0.0,,,,,
MKZ9352,LDS 9352,10386114,SETD MACKENZIE,3304557,15008,MACKENZIE,6820.0,0.0,0,0,0.0,0.0,0.0,0.0,0.0,0.0,,,,,
MKZ9529,LDS 9529,10386114,SETD MACKENZIE,3304557,15008,MACKENZIE,6320.0,0.0,0,0,0.0,0.0,0.0,0.0,0.0,0.0,,,,,
MKZ9577,LDS 9577,10386114,SETD MACKENZIE,3304557,15008,MACKENZIE,6800.0,0.0,0,0,0.0,0.0,0.0,0.0,0.0,0.0,,,,,
MKZ9604,LDS 9604,10386114,SETD MACKENZIE,3304557,15008,MACKENZIE,4310.0,0.0,0,0,0.0,0.0,0.0,0.0,0.0,0.0,,,,,
MKZ9610,LDS 9610,10386114,SETD MACKENZIE,3304557,15008,MACKENZIE,6320.0,0.0,0,0,0.0,0.0,0.0,0.0,0.0,0.0,,,,,
MKZ9617,LDS 9617,10386114,SETD MACKENZIE,3304557,15008,MACKENZIE,3300.0,0.0,0,0,0.0,0.0,0.0,0.0,0.0,0.0,,,,,
MKZ9662,LDS 9662,10386114,SETD MACKENZIE,3304557,15008,MACKENZIE,5500.0,0.0,0,0,0.0,0.0,0.0,0.0,0.0,0.0,,,,,
MKZ9733,LDS 9733,10386114,SETD MACKENZIE,3304557,15008,MACKENZIE,5510.0,0.0,0,0,0.0,0.0,0.0,0.0,0.0,0.0,,,,,
MKZ9746,LDS 9746,10386114,SETD MACKENZIE,3304557,15008,MACKENZIE,6300.0,0.0,0,0,0.0,0.0,0.0,0.0,0.0,0.0,,,,,
MKZ9760,LDS 9760,10386114,SETD MACKENZIE,3304557,15008,MACKENZIE,5830.0,0.0,0,0,0.0,0.0,0.0,0.0,0.0,0.0,,,,,
MRP00001,LDA INTERNOMRPTSL43,224567922,SETD MARAPICU,3303500,,,0.0,0.0,0,0,0.0,0.0,0.0,0.0,0.0,0.0,,,,,
MRP00002,LDA INTERNOMRPTSL41,224567922,SETD MARAPICU,3303500,,,0.0,0.0,0,0,0.0,0.0,0.0,0.0,0.0,0.0,,,,,
MRT2135,LSA MANTIQUIRA,1312,SETD MERITI,3305109,14993,MERITI,0.0,0.0,0,0,0.0,0.0,0.0,0.0,0.0,0.0,,,,,
MRT2492,LSA MONSENHOR,1312,SETD MERITI,3305109,,,0.0,0.0,0,0,0.0,0.0,0.0,0.0,0.0,0.0,,,,,
MRT2651,LSA MERICOL,1312,SETD MERITI,3305109,14993,MERITI,0.0,0.0,0,0,0.0,0.0,0.0,0.0,0.0,0.0,,,,,
MRT273,LSA CORDOVIL/LDS273 1E2,1312,SETD MERITI,3305109,,,0.0,0.0,0,0,0.0,0.0,0.0,0.0,0.0,0.0,,,,,
MRT2903,LSA FREI,1312,SETD MERITI,3305109,,,0.0,0.0,0,0,0.0,0.0,0.0,0.0,0.0,0.0,,,,,
MRT2929,LSA SERRA,1312,SETD MERITI,3305109,14993,MERITI,0.0,0.0,0,0,0.0,0.0,0.0,0.0,0.0,0.0,,,,,
MRT29650,LDA JORNALISTA,1312,SETD MERITI,3305109,14993,MERITI,1245.0,0.0,0,0,0.0,0.0,0.0,0.0,0.0,0.0,,,,,
MRT3881,LDA MATOSO,1312,SETD MERITI,3305109,14993,MERITI,0.0,0.0,0,0,0.0,0.0,0.0,0.0,0.0,0.0,,,,,
MTC011,LDA STOCKLER,1276,SETD MATURACA,3304557,,,0.0,0.0,0,0,0.0,0.0,0.0,0.0,0.0,0.0,,,,,
MTC34958,LDA GALVANI,1276,SETD MATURACA,3304557,15031,MATURACA AEREO,30.0,0.0,0,0,0.0,0.0,0.0,0.0,0.0,0.0,,,,,
NIG007,LDA TOPSHOPPING,18519976,SETD NOVA IGUACU,3303500,15692,NOVA IGUACU,0.0,0.0,0,0,0.0,0.0,0.0,0.0,0.0,0.0,,,,,
NIG019,LDS 30534,18519976,SETD NOVA IGUACU,3303500,15692,NOVA IGUACU,1000.0,0.0,0,0,0.0,0.0,0.0,0.0,0.0,0.0,,,,,
NIG021,LDS 4307,18519976,SETD NOVA IGUACU,3303500,15692,NOVA IGUACU,0.0,0.0,0,0,0.0,0.0,0.0,0.0,0.0,0.0,,,,,
NIG022,LDS 33456,18519976,SETD NOVA IGUACU,3303500,15692,NOVA IGUACU,4120.0,0.0,0,0,0.0,0.0,0.0,0.0,0.0,0.0,,,,,
NIG025,LSA AMBACU,18519976,SETD NOVA IGUACU,3303500,15692,NOVA IGUACU,0.0,0.0,0,0,0.0,0.0,0.0,0.0,0.0,0.0,,,,,
NIG026,LSA NOVANIL,18519976,SETD NOVA IGUACU,3303500,14993,MERITI,0.0,0.0,0,0,0.0,0.0,0.0,0.0,0.0,0.0,,,,,
NIG027,LSA IGUAPOLIS,18519976,SETD NOVA IGUACU,3303500,15692,NOVA IGUACU,0.0,0.0,0,0,0.0,0.0,0.0,0.0,0.0,0.0,,,,,
NIG028,LSA CABRALIA,18519976,SETD NOVA IGUACU,3303500,,,0.0,0.0,0,0,0.0,0.0,0.0,0.0,0.0,0.0,,,,,
NIGTA23,TRAFO DE ATERRAMENTO - TA21,18519976,SETD NOVA IGUACU,3303500,,,0.0,0.0,0,0,0.0,0.0,0.0,0.0,0.0,0.0,,,,,
OLP0001,LDA INTERNO-OLPTSL42,535612098,SETD OLIMPICA,3304557,,,0.0,0.0,0,0,0.0,0.0,0.0,0.0,0.0,0.0,,,,,
OLP0002,LDA INTERNO- OLPTSL41,535612098,SETD OLIMPICA,3304557,,,0.0,0.0,0,0,0.0,0.0,0.0,0.0,0.0,0.0,,,,,
OLP0003,LDS MVMO-N,535612098,SETD OLIMPICA,3304557,,,0.0,0.0,0,0,0.0,0.0,0.0,0.0,0.0,0.0,,,,,
OLP0004,LDS MVH-N,535612098,SETD OLIMPICA,3304557,,,0.0,0.0,0,0,0.0,0.0,0.0,0.0,0.0,0.0,,,,,
OLP0005,LDS MVML-N,535612098,SETD OLIMPICA,3304557,,,0.0,0.0,0,0,0.0,0.0,0.0,0.0,0.0,0.0,,,,,
OLP0006,LDS MVBL-N,535612098,SETD OLIMPICA,3304557,,,0.0,0.0,0,0,0.0,0.0,0.0,0.0,0.0,0.0,,,,,
OLP0007,LDS MVBO-N,535612098,SETD OLIMPICA,3304557,,,0.0,0.0,0,0,0.0,0.0,0.0,0.0,0.0,0.0,,,,,
OLP0008,LDS ARENATENIS-N,535612098,SETD OLIMPICA,3304557,,,0.0,0.0,0,0,0.0,0.0,0.0,0.0,0.0,0.0,,,,,
OLP0009,LDS ARENACARIOCA1-N,535612098,SETD OLIMPICA,3304557,,,0.0,0.0,0,0,0.0,0.0,0.0,0.0,0.0,0.0,,,,,
OLP0010,LDS ARENACARIOCA2-N,535612098,SETD OLIMPICA,3304557,,,0.0,0.0,0,0,0.0,0.0,0.0,0.0,0.0,0.0,,,,,
OLP0011,LDS ARENACARIOCA3-N,535612098,SETD OLIMPICA,3304557,,,0.0,0.0,0,0,0.0,0.0,0.0,0.0,0.0,0.0,,,,,
OLP0012,LDS MPC-N,535612098,SETD OLIMPICA,3304557,,,0.0,0.0,0,0,0.0,0.0,0.0,0.0,0.0,0.0,,,,,
OLP0013,LDS HANDBALL-N,535612098,SETD OLIMPICA,3304557,,,0.0,0.0,0,0,0.0,0.0,0.0,0.0,0.0,0.0,,,,,
OLP0014,LDS VELODROMO-N,535612098,SETD OLIMPICA,3304557,,,0.0,0.0,0,0,0.0,0.0,0.0,0.0,0.0,0.0,,,,,
OLP0015,LDS CENTROAQUATICO-N,535612098,SETD OLIMPICA,3304557,,,0.0,0.0,0,0,0.0,0.0,0.0,0.0,0.0,0.0,,,,,
OLP0016,LDS MVBO-R,535612098,SETD OLIMPICA,3304557,,,0.0,0.0,0,0,0.0,0.0,0.0,0.0,0.0,0.0,,,,,
OLP0017,LDS MVBL-R,535612098,SETD OLIMPICA,3304557,,,0.0,0.0,0,0,0.0,0.0,0.0,0.0,0.0,0.0,,,,,
OLP0018,LDS MVML-R,535612098,SETD OLIMPICA,3304557,,,0.0,0.0,0,0,0.0,0.0,0.0,0.0,0.0,0.0,,,,,
OLP0019,LDS DOMINIO COMUM 2,535612098,SETD OLIMPICA,3304557,,,0.0,0.0,0,0,0.0,0.0,0.0,0.0,0.0,0.0,,,,,
OLP0020,LDS MVMO-R,535612098,SETD OLIMPICA,3304557,,,0.0,0.0,0,0,0.0,0.0,0.0,0.0,0.0,0.0,,,,,
OLP0021,LDS MVH-R,535612098,SETD OLIMPICA,3304557,,,0.0,0.0,0,0,0.0,0.0,0.0,0.0,0.0,0.0,,,,,
OLP0022,LDS DOMINIO COMUM 1,535612098,SETD OLIMPICA,3304557,,,0.0,0.0,0,0,0.0,0.0,0.0,0.0,0.0,0.0,,,,,
OLP0023,LDS MPC-R,535612098,SETD OLIMPICA,3304557,,,0.0,0.0,0,0,0.0,0.0,0.0,0.0,0.0,0.0,,,,,
OLP0024,LDS DOMINIO COMUM 3,535612098,SETD OLIMPICA,3304557,,,0.0,0.0,0,0,0.0,0.0,0.0,0.0,0.0,0.0,,,,,
OLP0025,LDS VELODROMO-R,535612098,SETD OLIMPICA,3304557,,,0.0,0.0,0,0,0.0,0.0,0.0,0.0,0.0,0.0,,,,,
OLP0026,LDS CENTROAQUATICO-R,535612098,SETD OLIMPICA,3304557,,,0.0,0.0,0,0,0.0,0.0,0.0,0.0,0.0,0.0,,,,,
OLP0027,LDS HANDBALL-R,535612098,SETD OLIMPICA,3304557,,,0.0,0.0,0,0,0.0,0.0,0.0,0.0,0.0,0.0,,,,,
OLP0028,LDS MARIA LENK-N,535612098,SETD OLIMPICA,3304557,16901,CURICICA AEREO,0.0,0.0,0,0,0.0,0.0,0.0,0.0,0.0,0.0,,,,,
OLP0029,LDS HSBC ARENA-N,535612098,SETD OLIMPICA,3304557,16901,CURICICA AEREO,0.0,0.0,0,0,0.0,0.0,0.0,0.0,0.0,0.0,,,,,
OLP0031,LDS HSBC ARENA-R,535612098,SETD OLIMPICA,3304557,,,0.0,0.0,0,0,0.0,0.0,0.0,0.0,0.0,0.0,,,,,
OLP0034,LDS ARENACARIOCA2-R,535612098,SETD OLIMPICA,3304557,,,0.0,0.0,0,0,0.0,0.0,0.0,0.0,0.0,0.0,,,,,
OLP0035,LDS ARENACARIOCA3-R,535612098,SETD OLIMPICA,3304557,,,0.0,0.0,0,0,0.0,0.0,0.0,0.0,0.0,0.0,,,,,
OLP0038,LDS ARENACARIOCA1-R,535612098,SETD OLIMPICA,3304557,,,0.0,0.0,0,0,0.0,0.0,0.0,0.0,0.0,0.0,,,,,
OLP0039,LDS MARIA LENK-R,535612098,SETD OLIMPICA,3304557,,,0.0,0.0,0,0,0.0,0.0,0.0,0.0,0.0,0.0,,,,,
OLP61359,LDS ARENATENIS-R,535612098,SETD OLIMPICA,3304557,,,0.0,0.0,0,0,0.0,0.0,0.0,0.0,0.0,0.0,,,,,
PCI0001,LDA INTERNO/PCITSL41,450101398,SETD PACIENCIA,3304557,,,0.0,0.0,0,0,0.0,0.0,0.0,0.0,0.0,0.0,,,,,
PCI0002,LDA INTERNO/PCITSL42,450101398,SETD PACIENCIA,3304557,,,0.0,0.0,0,0,0.0,0.0,0.0,0.0,0.0,0.0,,,,,
PDD33096,LDA NORCENTER,1231,SETD PIEDADE,3304557,,,0.0,0.0,0,0,0.0,0.0,0.0,0.0,0.0,0.0,,,,,
PDD3356,LDA CIRNE,1231,SETD PIEDADE,3304557,,,0.0,0.0,0,0,0.0,0.0,0.0,0.0,0.0,0.0,,,,,
PDG00003,LSA INTERNO/PDGTA21,10385916,SETD PORTA DAGUA,3304557,,,0.0,0.0,0,0,0.0,0.0,0.0,0.0,0.0,0.0,,,,,
PDG208,LSA MARECHAL,10385916,SETD PORTA DAGUA,3304557,,,0.0,0.0,0,0,0.0,0.0,0.0,0.0,0.0,0.0,,,,,
PDG219,LSA TIROL,10385916,SETD PORTA DAGUA,3304557,16902,PORTA DAGUA AEREO,0.0,0.0,0,0,0.0,0.0,0.0,0.0,0.0,0.0,,,,,
PDG222,LSA PINTOR,10385916,SETD PORTA DAGUA,3304557,16902,PORTA DAGUA AEREO,0.0,0.0,0,0,0.0,0.0,0.0,0.0,0.0,0.0,,,,,
PDG280,LSA METROPOL,10385916,SETD PORTA DAGUA,3304557,16902,PORTA DAGUA AEREO,0.0,16560.0,1,0,0.0,0.0,0.0,-16560.0,0.0,0.0,,,,,
PDG29004,LDA ZOASTRO - R,10385916,SETD PORTA DAGUA,3304557,,,0.0,0.0,0,0,0.0,0.0,0.0,0.0,0.0,0.0,,,,,
PDG33304,LDA QUITITE - R,10385916,SETD PORTA DAGUA,3304557,,,0.0,0.0,0,0,0.0,0.0,0.0,0.0,0.0,0.0,,,,,
PER917,LDA RESERVA 2(PER),1240,SETD PEDRO ERNESTO,3304557,,,0.0,0.0,0,0,0.0,0.0,0.0,0.0,0.0,0.0,,,,,
PMG0015,LDA AMARELA,18520479,SETD PADRE MIGUEL,3304557,15019,PADRE MIGUEL,0.0,0.0,0,0,0.0,0.0,0.0,0.0,0.0,0.0,,,,,
PMG020,LDA OURO,18520479,SETD PADRE MIGUEL,3304557,15019,PADRE MIGUEL,120.0,0.0,0,0,0.0,0.0,0.0,0.0,0.0,0.0,,,,,
PTS24202,LDS 24202,10386087,SETD POSTO SEIS,3304557,,,0.0,0.0,0,0,0.0,0.0,0.0,0.0,0.0,0.0,,,,,
PTS3073,LDS 37415/LDS 37410,10386087,SETD POSTO SEIS,3304557,,,0.0,0.0,0,0,0.0,0.0,0.0,0.0,0.0,0.0,,,,,
PTS3709,LDS 37359/LDS 37400,10386087,SETD POSTO SEIS,3304557,,,0.0,0.0,0,0,0.0,0.0,0.0,0.0,0.0,0.0,,,,,
PTS4022,LDS 4022 / LRA FARME,10386087,SETD POSTO SEIS,3304557,15075,POSTO SEIS SUBTERRANEO,0.0,0.0,0,0,0.0,0.0,0.0,0.0,0.0,0.0,,,,,
PTS4871,LDS 4871,10386087,SETD POSTO SEIS,3304557,15075,POSTO SEIS SUBTERRANEO,0.0,0.0,0,0,0.0,0.0,0.0,0.0,0.0,0.0,,,,,
PTS9297,LDS 9297,10386087,SETD POSTO SEIS,3304557,,,0.0,0.0,0,0,0.0,0.0,0.0,0.0,0.0,0.0,,,,,
PTS9578,LDS 9578,10386087,SETD POSTO SEIS,3304557,,,0.0,0.0,0,0,0.0,0.0,0.0,0.0,0.0,0.0,,,,,
PTS9605,LDS 9605,10386087,SETD POSTO SEIS,3304557,,,0.0,0.0,0,0,0.0,0.0,0.0,0.0,0.0,0.0,,,,,
PTS9706,LDS 9706,10386087,SETD POSTO SEIS,3304557,,,0.0,0.0,0,0,0.0,0.0,0.0,0.0,0.0,0.0,,,,,
PTS9924,LDS 9204/LRA FORTECOPA,10386087,SETD POSTO SEIS,3304557,15075,POSTO SEIS SUBTERRANEO,5900.0,0.0,0,0,0.0,0.0,0.0,0.0,0.0,0.0,,,,,
QMD003,LSA AFRA,18520893,SETD QUEIMADOS,3304144,15698,QUEIMADOS AEREO,0.0,0.0,0,0,0.0,0.0,0.0,0.0,0.0,0.0,,,,,
QMD006,LSA ELDORADO,18520893,SETD QUEIMADOS,3304144,,,0.0,0.0,0,0,0.0,0.0,0.0,0.0,0.0,0.0,,,,,
QMD010,LSA GAVIAO,18520893,SETD QUEIMADOS,3304144,,,0.0,0.0,0,0,0.0,0.0,0.0,0.0,0.0,0.0,,,,,
RAM33290,LDA TAMBAU,1132,SETD RAMOS,3304557,,,0.0,0.0,0,0,0.0,0.0,0.0,0.0,0.0,0.0,,,,,
RAM33333,LDA BRASIL,1132,SETD RAMOS,3304557,,,0.0,0.0,0,0,0.0,0.0,0.0,0.0,0.0,0.0,,,,,
RAM33341,LDA ADAIL,1132,SETD RAMOS,3304557,,,0.0,0.0,0,0,0.0,0.0,0.0,0.0,0.0,0.0,,,,,
RAM33366,LDA ZALUAR,1132,SETD RAMOS,3304557,,,0.0,0.0,0,0,0.0,0.0,0.0,0.0,0.0,0.0,,,,,
RCP1058,LDS 1058,10386006,SETD RIO COMPRIDO,3304557,15058,RIO COMPRIDO AEREO,0.0,0.0,0,0,0.0,0.0,0.0,0.0,0.0,0.0,,,,,
RCP1381,LDS 1381,10386006,SETD RIO COMPRIDO,3304557,15058,RIO COMPRIDO AEREO,1000.0,0.0,0,0,0.0,0.0,0.0,0.0,0.0,0.0,,,,,
REC0010,LDA INTERNO/RECTSL41,132097219,SETD RECREIO,3304557,,,0.0,0.0,0,0,0.0,0.0,0.0,0.0,0.0,0.0,,,,,
REC0011,LDA INTERNO/RECTSL42,132097219,SETD RECREIO,3304557,,,0.0,0.0,0,0,0.0,0.0,0.0,0.0,0.0,0.0,,,,,
REC0017,LDS 38722,132097219,SETD RECREIO,3304557,,,0.0,0.0,0,0,0.0,0.0,0.0,0.0,0.0,0.0,,,,,
REC37476,LDS 37476,132097219,SETD RECREIO,3304557,15690,BARRA SUBTERRANEO,0.0,0.0,0,0,0.0,0.0,0.0,0.0,0.0,0.0,,,,,
REC37997,LDS 37997,132097219,SETD RECREIO,3304557,,,0.0,0.0,0,0,0.0,0.0,0.0,0.0,0.0,0.0,,,,,
REC3909,LDA NOVAES,132097219,SETD RECREIO,3304557,,,0.0,0.0,0,0,0.0,0.0,0.0,0.0,0.0,0.0,,,,,
RFR001,LSA COLIBRI,18520767,SETD ROCHA FREIRE,3303500,,,0.0,0.0,0,0,0.0,0.0,0.0,0.0,0.0,0.0,,,,,
RFR003,LSA AZULAO,18520767,SETD ROCHA FREIRE,3303500,,,0.0,0.0,0,0,0.0,0.0,0.0,0.0,0.0,0.0,,,,,
SAT0001,LDS 36596,10385970,SETD SANTO ANTONIO,3304557,15083,SANTO ANTONIO SUBTERRANEO,0.0,0.0,0,0,0.0,0.0,0.0,0.0,0.0,0.0,,,,,
SAT1062,LDS 1062,10385970,SETD SANTO ANTONIO,3304557,,,0.0,0.0,0,0,0.0,0.0,0.0,0.0,0.0,0.0,,,,,
SAT1162,LDS 1162/LDS 4895,10385970,SETD SANTO ANTONIO,3304557,15083,SANTO ANTONIO SUBTERRANEO,10.0,0.0,0,0,0.0,0.0,0.0,0.0,0.0,0.0,,,,,
SAT1232,LDS 1232/LDS 1309,10385970,SETD SANTO ANTONIO,3304557,15083,SANTO ANTONIO SUBTERRANEO,0.0,0.0,0,0,0.0,0.0,0.0,0.0,0.0,0.0,,,,,
SAT1246,LDS 1246,10385970,SETD SANTO ANTONIO,3304557,15083,SANTO ANTONIO SUBTERRANEO,0.0,0.0,0,0,0.0,0.0,0.0,0.0,0.0,0.0,,,,,
SAT1303,LDS 1303/LDS 1168,10385970,SETD SANTO ANTONIO,3304557,15083,SANTO ANTONIO SUBTERRANEO,0.0,0.0,0,0,0.0,0.0,0.0,0.0,0.0,0.0,,,,,
SAT1382,LDS 1382,10385970,SETD SANTO ANTONIO,3304557,15083,SANTO ANTONIO SUBTERRANEO,0.0,0.0,0,0,0.0,0.0,0.0,0.0,0.0,0.0,,,,,
SAT1481,LDS 1481,10385970,SETD SANTO ANTONIO,3304557,15083,SANTO ANTONIO SUBTERRANEO,40.0,0.0,0,0,0.0,0.0,0.0,0.0,0.0,0.0,,,,,
SAT1489,LDS 1489,10385970,SETD SANTO ANTONIO,3304557,,,0.0,0.0,0,0,0.0,0.0,0.0,0.0,0.0,0.0,,,,,
SAT1580,LDS 1580,10385970,SETD SANTO ANTONIO,3304557,15083,SANTO ANTONIO SUBTERRANEO,0.0,0.0,0,0,0.0,0.0,0.0,0.0,0.0,0.0,,,,,
SAT1617,LDS 1617,10385970,SETD SANTO ANTONIO,3304557,,,0.0,0.0,0,0,0.0,0.0,0.0,0.0,0.0,0.0,,,,,
SAT1956,LDS 1956,10385970,SETD SANTO ANTONIO,3304557,,,0.0,0.0,0,0,0.0,0.0,0.0,0.0,0.0,0.0,,,,,
SAT1960,LDS 1960,10385970,SETD SANTO ANTONIO,3304557,15083,SANTO ANTONIO SUBTERRANEO,0.0,0.0,0,0,0.0,0.0,0.0,0.0,0.0,0.0,,,,,
SAT2171,LDS 2171,10385970,SETD SANTO ANTONIO,3304557,15083,SANTO ANTONIO SUBTERRANEO,1520.0,0.0,0,0,0.0,0.0,0.0,0.0,0.0,0.0,,,,,
SAT2219,LDS 2219,10385970,SETD SANTO ANTONIO,3304557,15083,SANTO ANTONIO SUBTERRANEO,1520.0,0.0,0,0,0.0,0.0,0.0,0.0,0.0,0.0,,,,,
SAT2358,LDS 2358,10385970,SETD SANTO ANTONIO,3304557,15083,SANTO ANTONIO SUBTERRANEO,1010.0,0.0,0,0,0.0,0.0,0.0,0.0,0.0,0.0,,,,,
SAT2366,LDS 2366,10385970,SETD SANTO ANTONIO,3304557,15083,SANTO ANTONIO SUBTERRANEO,5320.0,0.0,0,0,0.0,0.0,0.0,0.0,0.0,0.0,,,,,
SAT2401,LDS 2401,10385970,SETD SANTO ANTONIO,3304557,15083,SANTO ANTONIO SUBTERRANEO,6020.0,0.0,0,0,0.0,0.0,0.0,0.0,0.0,0.0,,,,,
SAT24163,LDS 24163,10385970,SETD SANTO ANTONIO,3304557,15083,SANTO ANTONIO SUBTERRANEO,0.0,0.0,0,0,0.0,0.0,0.0,0.0,0.0,0.0,,,,,
SAT2424,LDS 2424,10385970,SETD SANTO ANTONIO,3304557,15083,SANTO ANTONIO SUBTERRANEO,1500.0,0.0,0,0,0.0,0.0,0.0,0.0,0.0,0.0,,,,,
SAT24570,LDS 24570/36613,10385970,SETD SANTO ANTONIO,3304557,15083,SANTO ANTONIO SUBTERRANEO,500.0,0.0,0,0,0.0,0.0,0.0,0.0,0.0,0.0,,,,,
SAT2514,LDS 2514,10385970,SETD SANTO ANTONIO,3304557,15083,SANTO ANTONIO SUBTERRANEO,4530.0,0.0,0,0,0.0,0.0,0.0,0.0,0.0,0.0,,,,,
SAT2527,LDS 2527,10385970,SETD SANTO ANTONIO,3304557,15083,SANTO ANTONIO SUBTERRANEO,1510.0,0.0,0,0,0.0,0.0,0.0,0.0,0.0,0.0,,,,,
SAT2645,LDS 2645,10385970,SETD SANTO ANTONIO,3304557,15083,SANTO ANTONIO SUBTERRANEO,1020.0,0.0,0,0,0.0,0.0,0.0,0.0,0.0,0.0,,,,,
SAT2658,LDS 2658,10385970,SETD SANTO ANTONIO,3304557,15083,SANTO ANTONIO SUBTERRANEO,5530.0,0.0,0,0,0.0,0.0,0.0,0.0,0.0,0.0,,,,,
SAT2735,LDS 2735,10385970,SETD SANTO ANTONIO,3304557,15083,SANTO ANTONIO SUBTERRANEO,5620.0,0.0,0,0,0.0,0.0,0.0,0.0,0.0,0.0,,,,,
SAT2752,LDS 2752,10385970,SETD SANTO ANTONIO,3304557,15083,SANTO ANTONIO SUBTERRANEO,530.0,0.0,0,0,0.0,0.0,0.0,0.0,0.0,0.0,,,,,
SAT2879,LDS 2879,10385970,SETD SANTO ANTONIO,3304557,15083,SANTO ANTONIO SUBTERRANEO,5030.0,0.0,0,0,0.0,0.0,0.0,0.0,0.0,0.0,,,,,
SAT2891,LDS 2891,10385970,SETD SANTO ANTONIO,3304557,15083,SANTO ANTONIO SUBTERRANEO,1020.0,0.0,0,0,0.0,0.0,0.0,0.0,0.0,0.0,,,,,
SAT2983,LDS 2983,10385970,SETD SANTO ANTONIO,3304557,15083,SANTO ANTONIO SUBTERRANEO,5620.0,0.0,0,0,0.0,0.0,0.0,0.0,0.0,0.0,,,,,
SAT30295,LDS 30295,10385970,SETD SANTO ANTONIO,3304557,15083,SANTO ANTONIO SUBTERRANEO,3720.0,0.0,0,0,0.0,0.0,0.0,0.0,0.0,0.0,,,,,
SAT30499,LDS 30499,10385970,SETD SANTO ANTONIO,3304557,15083,SANTO ANTONIO SUBTERRANEO,0.0,0.0,0,0,0.0,0.0,0.0,0.0,0.0,0.0,,,,,
SAT30533,LDS 30533,10385970,SETD SANTO ANTONIO,3304557,,,0.0,0.0,0,0,0.0,0.0,0.0,0.0,0.0,0.0,,,,,
SAT30622,LDS 30622/LDS 4855,10385970,SETD SANTO ANTONIO,3304557,15016,SANTA LUZIA,10.0,0.0,0,0,0.0,0.0,0.0,0.0,0.0,0.0,,,,,
SAT36473,LDS 36473,10385970,SETD SANTO ANTONIO,3304557,15083,SANTO ANTONIO SUBTERRANEO,0.0,0.0,0,0,0.0,0.0,0.0,0.0,0.0,0.0,,,,,
SAT38267,LDS 38267,10385970,SETD SANTO ANTONIO,3304557,15065,CAMERINO SUBTERRANEO,0.0,0.0,0,0,0.0,0.0,0.0,0.0,0.0,0.0,,,,,
SAT38272,LDS 38272,10385970,SETD SANTO ANTONIO,3304557,,,0.0,0.0,0,0,0.0,0.0,0.0,0.0,0.0,0.0,,,,,
SAT38402,LDS 38402,10385970,SETD SANTO ANTONIO,3304557,,,0.0,0.0,0,0,0.0,0.0,0.0,0.0,0.0,0.0,,,,,
SAT4056,LDS 4056,10385970,SETD SANTO ANTONIO,3304557,15083,SANTO ANTONIO SUBTERRANEO,0.0,0.0,0,0,0.0,0.0,0.0,0.0,0.0,0.0,,,,,
SAT4187,LDS 4187,10385970,SETD SANTO ANTONIO,3304557,15083,SANTO ANTONIO SUBTERRANEO,300.0,0.0,0,0,0.0,0.0,0.0,0.0,0.0,0.0,,,,,
SAT4780,LDS 4780,10385970,SETD SANTO ANTONIO,3304557,15083,SANTO ANTONIO SUBTERRANEO,0.0,0.0,0,0,0.0,0.0,0.0,0.0,0.0,0.0,,,,,
SAT4903,LDS 4903,10385970,SETD SANTO ANTONIO,3304557,15083,SANTO ANTONIO SUBTERRANEO,0.0,0.0,0,0,0.0,0.0,0.0,0.0,0.0,0.0,,,,,
SAT4908,LDS 4908,10385970,SETD SANTO ANTONIO,3304557,15083,SANTO ANTONIO SUBTERRANEO,0.0,0.0,0,0,0.0,0.0,0.0,0.0,0.0,0.0,,,,,
SAT9295,LDS 9295,10385970,SETD SANTO ANTONIO,3304557,15083,SANTO ANTONIO SUBTERRANEO,5810.0,0.0,0,0,0.0,0.0,0.0,0.0,0.0,0.0,,,,,
SAT9307,LDS 9307,10385970,SETD SANTO ANTONIO,3304557,15083,SANTO ANTONIO SUBTERRANEO,5310.0,0.0,0,0,0.0,0.0,0.0,0.0,0.0,0.0,,,,,
SAT9313,LDS 9313,10385970,SETD SANTO ANTONIO,3304557,15083,SANTO ANTONIO SUBTERRANEO,4320.0,0.0,0,0,0.0,0.0,0.0,0.0,0.0,0.0,,,,,
SAT9358,LDS 9358,10385970,SETD SANTO ANTONIO,3304557,15083,SANTO ANTONIO SUBTERRANEO,7020.0,0.0,0,0,0.0,0.0,0.0,0.0,0.0,0.0,,,,,
SAT9404,LDS 9404,10385970,SETD SANTO ANTONIO,3304557,15083,SANTO ANTONIO SUBTERRANEO,6010.0,0.0,0,0,0.0,0.0,0.0,0.0,0.0,0.0,,,,,
SAT9506,LDS 9506,10385970,SETD SANTO ANTONIO,3304557,15083,SANTO ANTONIO SUBTERRANEO,4510.0,0.0,0,0,0.0,0.0,0.0,0.0,0.0,0.0,,,,,
SAT9523,LDS 9523,10385970,SETD SANTO ANTONIO,3304557,15083,SANTO ANTONIO SUBTERRANEO,5510.0,0.0,0,0,0.0,0.0,0.0,0.0,0.0,0.0,,,,,
SAT9540,LDS 9540,10385970,SETD SANTO ANTONIO,3304557,15065,CAMERINO SUBTERRANEO,6320.0,0.0,0,0,0.0,0.0,0.0,0.0,0.0,0.0,,,,,
SAT9579,LDS 9579,10385970,SETD SANTO ANTONIO,3304557,15083,SANTO ANTONIO SUBTERRANEO,4010.0,0.0,0,0,0.0,0.0,0.0,0.0,0.0,0.0,,,,,
SAT9611,LDS 9611,10385970,SETD SANTO ANTONIO,3304557,15083,SANTO ANTONIO SUBTERRANEO,7820.0,0.0,0,0,0.0,0.0,0.0,0.0,0.0,0.0,,,,,
SAT9620,LDS 9620,10385970,SETD SANTO ANTONIO,3304557,15083,SANTO ANTONIO SUBTERRANEO,7510.0,0.0,0,0,0.0,0.0,0.0,0.0,0.0,0.0,,,,,
SAT9690,LDS 9690,10385970,SETD SANTO ANTONIO,3304557,15083,SANTO ANTONIO SUBTERRANEO,5510.0,0.0,0,0,0.0,0.0,0.0,0.0,0.0,0.0,,,,,
SAT9710,LDS 9710,10385970,SETD SANTO ANTONIO,3304557,15083,SANTO ANTONIO SUBTERRANEO,5510.0,0.0,0,0,0.0,0.0,0.0,0.0,0.0,0.0,,,,,
SAT9780,LDS 9780,10385970,SETD SANTO ANTONIO,3304557,15083,SANTO ANTONIO SUBTERRANEO,5520.0,0.0,0,0,0.0,0.0,0.0,0.0,0.0,0.0,,,,,
SAT9793,LDS 9793,10385970,SETD SANTO ANTONIO,3304557,15083,SANTO ANTONIO SUBTERRANEO,4520.0,40.0,1,0,0.0,0.0,0.0,-40.0,0.0,0.0,,,,,
SCO00002,LDS 4180,10386060,SETD SAO CONRADO,3304557,15079,SAO CONRADO SUBTERRANEO,0.0,0.0,0,0,0.0,0.0,0.0,0.0,0.0,0.0,,,,,
SCO33654,LDA ILIDIO,10386060,SETD SAO CONRADO,3304557,15053,SAO CONRADO AEREO,6900.0,0.0,0,0,0.0,0.0,0.0,0.0,0.0,0.0,,,,,
SJO0003,LDA ROSASILVA,310718139,SETD SAO JOAO,3301702,,,0.0,0.0,0,0,0.0,0.0,0.0,0.0,0.0,0.0,,,,,
SJO0014,LDA VILASBOAS,310718139,SETD SAO JOAO,3301702,,,0.0,0.0,0,0,0.0,0.0,0.0,0.0,0.0,0.0,,,,,
SLZ00001,LDS 36164,10386069,SETD SANTA LUZIA,3304557,,,0.0,0.0,0,0,0.0,0.0,0.0,0.0,0.0,0.0,,,,,
SLZ00003,LDS 30511-1/LDS 30511-2,10386069,SETD SANTA LUZIA,3304557,,,0.0,0.0,0,0,0.0,0.0,0.0,0.0,0.0,0.0,,,,,
SLZ1941,LDS 1941,10386069,SETD SANTA LUZIA,3304557,15016,SANTA LUZIA,0.0,0.0,0,0,0.0,0.0,0.0,0.0,0.0,0.0,,,,,
SLZ2100,LDS 2100,10386069,SETD SANTA LUZIA,3304557,15016,SANTA LUZIA,6920.0,0.0,0,0,0.0,0.0,0.0,0.0,0.0,0.0,,,,,
SLZ2220,LDS 2220,10386069,SETD SANTA LUZIA,3304557,15016,SANTA LUZIA,7100.0,0.0,0,0,0.0,0.0,0.0,0.0,0.0,0.0,,,,,
SLZ2260,LDS 2260,10386069,SETD SANTA LUZIA,3304557,15016,SANTA LUZIA,6400.0,0.0,0,0,0.0,0.0,0.0,0.0,0.0,0.0,,,,,
SLZ24443,LDS 24443,10386069,SETD SANTA LUZIA,3304557,15016,SANTA LUZIA,0.0,0.0,0,0,0.0,0.0,0.0,0.0,0.0,0.0,,,,,
SLZ24557,LDS 24557,10386069,SETD SANTA LUZIA,3304557,,,0.0,0.0,0,0,0.0,0.0,0.0,0.0,0.0,0.0,,,,,
SLZ24716,LDS 38398,10386069,SETD SANTA LUZIA,3304557,15083,SANTO ANTONIO SUBTERRANEO,0.0,0.0,0,0,0.0,0.0,0.0,0.0,0.0,0.0,,,,,
SLZ2550,LDS 2550,10386069,SETD SANTA LUZIA,3304557,15016,SANTA LUZIA,4410.0,0.0,0,0,0.0,0.0,0.0,0.0,0.0,0.0,,,,,
SLZ2610,LDS 2610,10386069,SETD SANTA LUZIA,3304557,15016,SANTA LUZIA,5920.0,0.0,0,0,0.0,0.0,0.0,0.0,0.0,0.0,,,,,
SLZ2940,LDS 2940,10386069,SETD SANTA LUZIA,3304557,15016,SANTA LUZIA,5910.0,0.0,0,0,0.0,0.0,0.0,0.0,0.0,0.0,,,,,
SLZ30050,LDS 30050,10386069,SETD SANTA LUZIA,3304557,,,0.0,0.0,0,0,0.0,0.0,0.0,0.0,0.0,0.0,,,,,
SLZ30255,LDS 30255-1/LDS 30255-2,10386069,SETD SANTA LUZIA,3304557,15016,SANTA LUZIA,0.0,0.0,0,0,0.0,0.0,0.0,0.0,0.0,0.0,,,,,
SLZ36062,LDS 36062,10386069,SETD SANTA LUZIA,3304557,15016,SANTA LUZIA,0.0,225.0,1,0,0.0,0.0,0.0,-225.0,0.0,0.0,,,,,
SLZ36357,LDS 36357,10386069,SETD SANTA LUZIA,3304557,15016,SANTA LUZIA,0.0,0.0,0,0,0.0,0.0,0.0,0.0,0.0,0.0,,,,,
SLZ4500,LDS 4500\LDS 24716,10386069,SETD SANTA LUZIA,3304557,15016,SANTA LUZIA,450.0,0.0,0,0,0.0,0.0,0.0,0.0,0.0,0.0,,,,,
SLZ4659,LDS 4659,10386069,SETD SANTA LUZIA,3304557,15016,SANTA LUZIA,0.0,0.0,0,0,0.0,0.0,0.0,0.0,0.0,0.0,,,,,
SLZ4680,LDS 4680,10386069,SETD SANTA LUZIA,3304557,15016,SANTA LUZIA,0.0,0.0,0,0,0.0,0.0,0.0,0.0,0.0,0.0,,,,,
SLZ9001,LDS 9001,10386069,SETD SANTA LUZIA,3304557,15016,SANTA LUZIA,5630.0,0.0,0,0,0.0,0.0,0.0,0.0,0.0,0.0,,,,,
SLZ9056,LDS 9056,10386069,SETD SANTA LUZIA,3304557,15016,SANTA LUZIA,5910.0,0.0,0,0,0.0,0.0,0.0,0.0,0.0,0.0,,,,,
SLZ9115,LDS 9115,10386069,SETD SANTA LUZIA,3304557,15016,SANTA LUZIA,6530.0,0.0,0,0,0.0,0.0,0.0,0.0,0.0,0.0,,,,,
SLZ9160,LDS 9160,10386069,SETD SANTA LUZIA,3304557,15016,SANTA LUZIA,8900.0,0.0,0,0,0.0,0.0,0.0,0.0,0.0,0.0,,,,,
SLZ9231,LDS 9231,10386069,SETD SANTA LUZIA,3304557,15016,SANTA LUZIA,7320.0,0.0,0,0,0.0,0.0,0.0,0.0,0.0,0.0,,,,,
SLZ9330,LDS 9330,10386069,SETD SANTA LUZIA,3304557,15016,SANTA LUZIA,7920.0,0.0,0,0,0.0,0.0,0.0,0.0,0.0,0.0,,,,,
SMT30735,LDS 30735,10385997,SETD SAMARITANO,3304557,15076,SAMARITANO SUBTERRANEO,0.0,0.0,0,0,0.0,0.0,0.0,0.0,0.0,0.0,,,,,
SMT37336,LDS 37336,10385997,SETD SAMARITANO,3304557,15076,SAMARITANO SUBTERRANEO,30.0,0.0,0,0,0.0,0.0,0.0,0.0,0.0,0.0,,,,,
SMT9670,LDS 9670,10385997,SETD SAMARITANO,3304557,15076,SAMARITANO SUBTERRANEO,7310.0,0.0,0,0,0.0,0.0,0.0,0.0,0.0,0.0,,,,,
SRD003,LSA PEDAGIO,18521154,SETD SEROPEDICA,3305554,15043,SEROPEDICA AEREO,0.0,0.0,0,0,0.0,0.0,0.0,0.0,0.0,0.0,,,,,
STS002,LSA LUSO,18521136,SETD SANTISSIMO,3304557,15042,SANTISSIMO AEREO,0.0,0.0,0,0,0.0,0.0,0.0,0.0,0.0,0.0,,,,,
TER850,LDA VELUNA,1123,SETD TERRA NOVA,3304557,15044,TERRA NOVA AEREO,8887.5,0.0,0,0,0.0,0.0,0.0,0.0,0.0,0.0,,,,,
TRG0001,LSS 308,1204,SETD TRIAGEM,3304557,,,0.0,0.0,0,0,0.0,0.0,0.0,0.0,0.0,0.0,,,,,
TRG1144,LDS 1144,1204,SETD TRIAGEM,3304557,,,0.0,0.0,0,0,0.0,0.0,0.0,0.0,0.0,0.0,,,,,
TRG1429,LDS 1429,1204,SETD TRIAGEM,3304557,,,0.0,0.0,0,0,0.0,0.0,0.0,0.0,0.0,0.0,,,,,
TRG20162,LSS 20162,1204,SETD TRIAGEM,3304557,,,0.0,0.0,0,0,0.0,0.0,0.0,0.0,0.0,0.0,,,,,
TRG223,LSA HEREDIA,1204,SETD TRIAGEM,3304557,,,0.0,0.0,0,0,0.0,0.0,0.0,0.0,0.0,0.0,,,,,
TRG275,LSA BRUXELAS,1204,SETD TRIAGEM,3304557,,,0.0,0.0,0,0,0.0,0.0,0.0,0.0,0.0,0.0,,,,,
TRG282,LSA CANINDE,1204,SETD TRIAGEM,3304557,,,0.0,0.0,0,0,0.0,0.0,0.0,0.0,0.0,0.0,,,,,
TRG2H035,LSA MERCADEGUE,1204,SETD TRIAGEM,3304557,15024,TRIAGEM AEREO,0.0,0.0,0,0,0.0,0.0,0.0,0.0,0.0,0.0,,,,,
TRG2H873,LSA VIDIO,1204,SETD TRIAGEM,3304557,,,0.0,0.0,0,0,0.0,0.0,0.0,0.0,0.0,0.0,,,,,
TRG301,LSS 301,1204,SETD TRIAGEM,3304557,,,0.0,0.0,0,0,0.0,0.0,0.0,0.0,0.0,0.0,,,,,
TRG316,LSA BELTUR,1204,SETD TRIAGEM,3304557,,,0.0,0.0,0,0,0.0,0.0,0.0,0.0,0.0,0.0,,,,,
TRG347,LSS 347,1204,SETD TRIAGEM,3304557,,,0.0,0.0,0,0,0.0,0.0,0.0,0.0,0.0,0.0,,,,,
TRG373,LSS 373,1204,SETD TRIAGEM,3304557,15024,TRIAGEM AEREO,0.0,0.0,0,0,0.0,0.0,0.0,0.0,0.0,0.0,,,,,
TRG398,LSS 398/330/LSA CADERJ,1204,SETD TRIAGEM,3304557,15047,CAMPO MARTE AEREO,0.0,0.0,0,0,0.0,0.0,0.0,0.0,0.0,0.0,,,,,
TRG665,LDA AVENIDA,1204,SETD TRIAGEM,3304557,15024,TRIAGEM AEREO,7222.5,0.0,0,0,0.0,0.0,0.0,0.0,0.0,0.0,,,,,
TRG708,LDA SURANA,1204,SETD TRIAGEM,3304557,15024,TRIAGEM AEREO,2295.0,0.0,0,0,0.0,0.0,0.0,0.0,0.0,0.0,,,,,
TRG872,LDA MINERIOS,1204,SETD TRIAGEM,3304557,15024,TRIAGEM AEREO,5842.5,0.0,0,0,0.0,0.0,0.0,0.0,0.0,0.0,,,,,
TRSTSL42,LDA INTERNO/TSL42,18520326,SETD TRES RIOS,3306008,,,0.0,0.0,0,0,0.0,0.0,0.0,0.0,0.0,0.0,,,,,
TRSTSL44,LDA INTERNO/TSL44,18520326,SETD TRES RIOS,3306008,,,0.0,0.0,0,0,0.0,0.0,0.0,0.0,0.0,0.0,,,,,
TRV634,LDA SAUDOCAR,10385898,SETD TROVAO,3304557,15020,TROVAO AEREO,3600.0,0.0,0,0,0.0,0.0,0.0,0.0,0.0,0.0,,,,,
URG29995,LDA RESERVA 2 (URG),10385979,SETD URUGUAI,3304557,,,0.0,0.0,0,0,0.0,0.0,0.0,0.0,0.0,0.0,,,,,
VGE70162,LDA ITAPERA,1267,SETD VIGARIO GERAL,3304557,15062,VIGARIO GERAL AEREO,0.0,0.0,0,0,0.0,0.0,0.0,0.0,0.0,0.0,,,,,
VRD016,LSA FORNASA,18520470,SETD VOLTA REDONDA,3306305,,,0.0,0.0,0,0,0.0,0.0,0.0,0.0,0.0,0.0,,,,,
VRD018,LSA VOLBASA,18520470,SETD VOLTA REDONDA,3306305,15084,VOLTA REDONDA AEREO AT/MT,0.0,81.218,1,0,0.0,0.0,0.0,-81.218,0.0,0.0,,,,,
VRD020,LSA FORNASA(RECURSO),18520470,SETD VOLTA REDONDA,3306305,,,0.0,0.0,0,0,0.0,0.0,0.0,0.0,0.0,0.0,,,,,
VTL006,LDA VALENTINA,18520794,SETD VILAR DOS TELES,3300456,15072,VILAR DOS TELES AEREO,150.0,0.0,0,0,0.0,0.0,0.0,0.0,0.0,0.0,,,,,
VTL013,LDA SARAPUI,18520794,SETD VILAR DOS TELES,3300456,15072,VILAR DOS TELES AEREO,10965.0,0.0,0,0,0.0,0.0,0.0,0.0,0.0,0.0,,,,,
VVQ0001,LDA FORGANE,1177,SETD VILA VALQUEIRE,3304557,15019,PADRE MIGUEL,0.0,0.0,0,0,0.0,0.0,0.0,0.0,0.0,0.0,,,,,
WLS00017,LDA CXSSHOPPING,18519994,SETD WASHINGTON LUIS,3301702,15073,WASHINGTON LUIS AEREO,0.0,0.0,0,0,0.0,0.0,0.0,0.0,0.0,0.0,,,,,
WLS005,LDA PATRIOTA,18519994,SETD WASHINGTON LUIS,3301702,15073,WASHINGTON LUIS AEREO,0.0,0.0,0,0,0.0,0.0,0.0,0.0,0.0,0.0,,,,,
ZIN001,LDA RESERVA-ZIN,18520911,SETD ZONA INDUSTRIAL,3304557,15694,ITAGUAI,90.0,0.0,0,0,0.0,0.0,0.0,0.0,0.0,0.0,,,,,
ZIN003,LDA CRUZALIA,18520911,SETD ZONA INDUSTRIAL,3304557,15696,ZONA INDUSTRIAL,367.5,0.0,0,0,0.0,0.0,0.0,0.0,0.0,0.0,,,,,
ZIN007,LDA JARDIM,18520911,SETD ZONA INDUSTRIAL,3304557,15696,ZONA INDUSTRIAL,8000.0,0.0,0,0,0.0,0.0,0.0,0.0,0.0,0.0,,,,,
ZIN008,LDA MORUPI,18520911,SETD ZONA INDUSTRIAL,3304557,15696,ZONA INDUSTRIAL,10.0,0.0,0,0,0.0,0.0,0.0,0.0,0.0,0.0,,,,,
ZIN009,LDA PERE,18520911,SETD ZONA INDUSTRIAL,3304557,15696,ZONA INDUSTRIAL,0.0,0.0,0,0,0.0,0.0,0.0,0.0,0.0,0.0,,,,,
ZIN010,LSA RIBEIRINHA,18520911,SETD ZONA INDUSTRIAL,3304557,,,0.0,0.0,0,0,0.0,0.0,0.0,0.0,0.0,0.0,,,,,
