CTMT_A,CTMT_B,SUB_A,SUB_B,SUB_NOME_A,SUB_NOME_B,CONJ_A,CONJ_B,CONJ_NOME_A,CONJ_NOME_B,n_ties_campo,n_ties_telecomandadas,chaves,chaves_telecomandadas
QMD004,QMD008,18520893,18520893,SETD QUEIMADOS,SETD QUEIMADOS,15698,15043,QUEIMADOS AEREO,SEROPEDICA AEREO,13,1,127128201;127484651;127484663;20660475;20683011;20683270;20696241;20714700;20738822;483023550;628560015;693047578;803034051,628560015
MTO00004,MTO0003,29148432,29148432,SETD MATO ALTO,SETD MATO ALTO,16898,16898,MATO ALTO,MATO ALTO,10,4,23740077;23741061;300159275;472636302;550394086;609603254;628976635;689938511;780920387;963054087,550394086;628976635;689938511;963054087
MTO00002,PCI0016,29148432,450101398,SETD MATO ALTO,SETD PACIENCIA,16900,16900,PACIENCIA,PACIENCIA,10,3,135213795;25635377;25635426;25679915;488614301;488614327;489112573;916893595;960168517;977348806,916893595;960168517;977348806
TRS004,TRS014,18520326,18520326,SETD TRES RIOS,SETD TRES RIOS,15087,15087,TRES RIOS AEREO AT/MT,TRES RIOS AEREO AT/MT,10,2,1005543161;149439826;179493549;20718193;20805059;20805108;20805115;20805185;32278254;801127346,1005543161;801127346
CEN001,CEN003,18520353,18520353,SETD CENTENARIO,SETD CENTENARIO,15074,15089,CENTENARIO AEREO AT/MT,CENTENARIO AEREO MT/MT,10,1,1004920532;20673715;20674541;20674555;20674604;20674618;20714154;20714287;20758578;20776602,1004920532
SCI003,SCI004,18520299,18520299,SETD SANTA CECILIA,SETD SANTA CECILIA,15082,15082,SANTA CECILIA AEREO AT/MT,SANTA CECILIA AEREO AT/MT,10,1,125569442;20668990;20719866;20728686;20745405;20745440;20745510;29465509;29851948;711103577,711103577
QMD002,QMD008,18520893,18520893,SETD QUEIMADOS,SETD QUEIMADOS,15043,15043,SEROPEDICA AEREO,SEROPEDICA AEREO,9,2,110231356;20668262;20668311;20683130;20683151;20729127;30050891;449504525;632317272,110231356;632317272
CAM006,CAM011,18520488,18520488,SETD CAMARA,SETD CAMARA,14991,14991,CAMARA,CAMARA,9,1,20720041;20720083;20720111;20720118;20720188;20720216;20720223;20720230;654654734,654654734
CAM007,CAM011,18520488,18520488,SETD CAMARA,SETD CAMARA,14991,14991,CAMARA,CAMARA,9,1,20805339;20805381;20805409;20805437;20805451;20805472;20805556;20805577;716982063,716982063
CAM007,CAM014,18520488,18520488,SETD CAMARA,SETD CAMARA,14991,14991,CAMARA,CAMARA,9,1,1000755409;20805325;20805332;20805353;20805374;20805402;20805535;20805542;20805563,1000755409
TRS001,TRS008,18520326,18520326,SETD TRES RIOS,SETD TRES RIOS,15087,15087,TRES RIOS AEREO AT/MT,TRES RIOS AEREO AT/MT,9,0,20770047;20770068;20774376;20774383;20774404;20804107;20804149;34974796;926981577,
BAR29691,BAR33398,10385907,10385907,SETD BARRA,SETD BARRA,15013,15013,BARRA AEREO,BARRA AEREO,8,2,1018133204;1018133212;11063598;11076596;535080868;535080877;795228958;998908986,535080868;998908986
CCD3044,CCD910,1186,1186,SETD CASCADURA,SETD CASCADURA,15034,15034,CASCADURA AEREO,CASCADURA AEREO,8,2,1007947851;1582839;1614836;1614857;1614899;1614962;653748764;997595022,1007947851;997595022
ESP004,ESP012,18519958,18519958,SETD ESPERANCA,SETD ESPERANCA,16899,16899,ESPERANCA AEREO AT/MT,ESPERANCA AEREO AT/MT,8,2,1003477804;1004800368;20703710;20703815;20703836;20703864;20777253;20777260,1003477804;1004800368
LPD29027,LPD33255,10386033,10386033,SETD LEOPOLDO,SETD LEOPOLDO,15030,15030,LEOPOLDO AEREO,LEOPOLDO AEREO,8,2,11074916;11074972;11074979;514438507;653636976;653636993;688895070;688895085,653636993;688895070
TQR0007,TQR33862,10385871,10385871,SETD TAQUARA,SETD TAQUARA,15023,15023,TAQUARA AEREO,TAQUARA AEREO,8,2,1007642983;11026081;11026438;11026494;11038232;134733185;258481641;752622332,1007642983;752622332
MNB001,MNB014,18520902,18520902,SETD MENA BARRETO,SETD MENA BARRETO,15057,15057,MENA BARRETO AEREO,MENA BARRETO AEREO,8,1,20727230;20727244;20727384;20727391;20727405;20790416;633515360;633515393,633515393
STS003,STS006,18521136,18521136,SETD SANTISSIMO,SETD SANTISSIMO,15042,15042,SANTISSIMO AEREO,SANTISSIMO AEREO,8,1,20662176;20662197;20662246;20662260;20734125;215387069;478338743;717274055,717274055
AVD0001,AVD30048,10385943,10385943,SETD ALVORADA,SETD ALVORADA,15004,15004,ALVORADA,ALVORADA,7,3,10917672;11214035;29431194;40724559;531665914;58348485;7596586,10917672;40724559;7596586
CEN002,CEN005,18520353,18520353,SETD CENTENARIO,SETD CENTENARIO,15074,15089,CENTENARIO AEREO AT/MT,CENTENARIO AEREO MT/MT,7,3,20802308;20802315;476410819;496704464;718559279;936495704;936495713,476410819;718559279;936495704
CRM0009,NIG029,280389625,18519976,SETD CARMARI,SETD NOVA IGUACU,15691,15692,CARMARI,NOVA IGUACU,7,3,111244739;130318629;20669627;20669641;20669648;986018423;989612474,111244739;986018423;989612474
MTO00002,MTO0003,29148432,29148432,SETD MATO ALTO,SETD MATO ALTO,16900,16898,PACIENCIA,MATO ALTO,7,2,138537356;25197555;434909269;434909289;455241418;549436427;963054087,434909269;963054087
REC6,REC9,132097219,132097219,SETD RECREIO,SETD RECREIO,14999,14999,RECREIO,RECREIO,7,2,11024786;141595120;295254908;713422434;713422443;739877769;961568349,713422434;961568349
SRD0005,SRD002,18521154,18521154,SETD SEROPEDICA,SETD SEROPEDICA,15043,15043,SEROPEDICA AEREO,SEROPEDICA AEREO,7,2,1011477560;20818341;592580594;702674534;750694325;755198819;915570991,702674534;750694325
ABR005,ABR016,18520731,18520731,SETD AREIA BRANCA,SETD AREIA BRANCA,15054,15054,AREIA BRANCA AEREO,AREIA BRANCA AEREO,7,1,20686861;20686994;20687015;20687022;20687029;20687043;997384616,997384616
CMS008,CMS009,18520839,18520839,SETD COSMOS,SETD COSMOS,16897,16897,COSMOS,COSMOS,7,1,20672448;20672525;20672546;20672602;20672630;20814540;963088439,963088439
CUR33332,CUR33338,10386042,10386042,SETD CURICICA,SETD CURICICA,16901,16901,CURICICA AEREO,CURICICA AEREO,7,1,102197251;102261788;11053739;11053949;11092362;113219899;756036062,756036062
ITG0003,ITG0005,310129856,310129856,SETD ITAGUAI,SETD ITAGUAI,15694,15694,ITAGUAI,ITAGUAI,7,1,135974013;20702142;276941772;276941797;54483151;57801634;756319465,756319465
PER654,PER667,1240,1240,SETD PEDRO ERNESTO,SETD PEDRO ERNESTO,15061,15061,PEDRO ERNESTO AEREO,PEDRO ERNESTO AEREO,7,1,1586885;1586899;1586934;1586962;1587032;551216517;750994915,750994915
ROS004,ROS015,18519985,18519985,SETD ROSALI,SETD ROSALI,14996,14996,ROSALI,ROSALI,7,1,1002773528;133187501;139126061;20768262;20768269;20768409;20768458,1002773528
TQR33859,TQR33862,10385871,10385871,SETD TAQUARA,SETD TAQUARA,15023,15023,TAQUARA AEREO,TAQUARA AEREO,7,1,11053522;11053620;11053627;11053648;11053690;11056672;789941518,789941518
CRO009,CRO014,18521055,18521055,SETD COELHO DA ROCHA,SETD COELHO DA ROCHA,15035,15035,COELHO DA ROCHA,COELHO DA ROCHA,7,0,124809656;20715162;20715204;20814309;20814316;20815520;348772249,
ITG0007,ITG0009,310129856,310129856,SETD ITAGUAI,SETD ITAGUAI,15694,15694,ITAGUAI,ITAGUAI,7,0,20701911;20701939;20702163;263292013;264360367;265133278;54585418,
MNB010,MNB011,18520902,18520902,SETD MENA BARRETO,SETD MENA BARRETO,15057,15057,MENA BARRETO AEREO,MENA BARRETO AEREO,7,0,20708694;20708701;20708771;20708778;20708785;20708792;20735329,
PER29452,PER70299,1240,1240,SETD PEDRO ERNESTO,SETD PEDRO ERNESTO,15061,15061,PEDRO ERNESTO AEREO,PEDRO ERNESTO AEREO,7,0,1582559;1582615;1583945;1616019;1616040;1620240;1620429,
QMD005,QMD007,18520893,18520893,SETD QUEIMADOS,SETD QUEIMADOS,15692,15698,NOVA IGUACU,QUEIMADOS AEREO,7,0,135677588;20682206;20694729;20694743;20712474;84712045;95412791,
RFR004,RFR007,18520767,18520767,SETD ROCHA FREIRE,SETD ROCHA FREIRE,15693,15693,ROCHA FREIRE AEREO AT/MT,ROCHA FREIRE AEREO AT/MT,7,0,132092601;137691507;137798847;20684180;20703514;20703528;622192013,
VRD003,VRD004,18520470,18520470,SETD VOLTA REDONDA,SETD VOLTA REDONDA,15084,15084,VOLTA REDONDA AEREO AT/MT,VOLTA REDONDA AEREO AT/MT,7,0,20658760;20658830;294375235;34884477;725681723;754412955;774058058,
BAR4841,BAR4998,10385907,10385907,SETD BARRA,SETD BARRA,15013,15013,BARRA AEREO,BARRA AEREO,6,2,10917322;10917336;11092866;11093209;39969093;40021649,10917322;10917336
BRI00005,BRI001,18521208,18521208,SETD BRISAMAR,SETD BRISAMAR,15006,15006,BRISA MAR,BRISA MAR,6,2,160647147;20707000;436631577;495879886;966730071;966730081,495879886;966730081
CMS007,CMS014,18520839,18520839,SETD COSMOS,SETD COSMOS,16897,16897,COSMOS,COSMOS,6,2,20231505;20231533;20231610;753803113;764521006;986443505,764521006;986443505
CRO001,CRO004,18521055,18521055,SETD COELHO DA ROCHA,SETD COELHO DA ROCHA,15035,15035,COELHO DA ROCHA,COELHO DA ROCHA,6,2,1001889022;20711165;20817844;393064192;468767425;997676559,1001889022;997676559
CSO00015,CSO012,18520821,18520821,SETD COMENDADOR SOARES,SETD COMENDADOR SOARES,15048,15048,COMENDADOR SOARES,COMENDADOR SOARES,6,2,101226795;20721623;20721665;758002747;758002757;993627338,758002757;993627338
CXS0025,CXS010,18520785,18520785,SETD CAXIAS,SETD CAXIAS,15700,15700,CAXIAS AEREO,CAXIAS AEREO,6,2,20718921;20727762;20727769;703554819;703554828;996186619,703554819;996186619
MTO00001,PCI0015,29148432,450101398,SETD MATO ALTO,SETD PACIENCIA,16898,16899,MATO ALTO,ESPERANCA AEREO AT/MT,6,2,20659068;22476223;22476578;536586879;934043802;959657540,934043802;959657540
PMG0017,PMG002,18520479,18520479,SETD PADRE MIGUEL,SETD PADRE MIGUEL,15019,14991,PADRE MIGUEL,CAMARA,6,2,20695387;20695562;20717983;20816346;690054449;690075922,690054449;690075922
PMG008,PMG011,18520479,18520479,SETD PADRE MIGUEL,SETD PADRE MIGUEL,15019,15019,PADRE MIGUEL,PADRE MIGUEL,6,2,20728259;20728280;20728329;20767898;719360944;780456030,719360944;780456030
STC00004,STC00007,34192093,34192093,SETD SANTA CLARA,SETD SANTA CLARA,15052,15052,SANTA CLARA AEREO,SANTA CLARA AEREO,6,2,20667814;20720419;20729932;20780053;973522891;974574940,973522891;974574940
VRD003,VRD011,18520470,18520470,SETD VOLTA REDONDA,SETD VOLTA REDONDA,15084,15084,VOLTA REDONDA AEREO AT/MT,VOLTA REDONDA AEREO AT/MT,6,2,1003366160;20658620;20658683;20658802;754112357;754413057,1003366160;754112357
VVQ9903,VVQ9951,1177,1177,SETD VILA VALQUEIRE,SETD VILA VALQUEIRE,15032,15032,VILA VALQUEIRE,VILA VALQUEIRE,6,2,1587333;1587480;1598967;1598974;971010872;971362985,971010872;971362985
WLS002,WLS003,18519994,18519994,SETD WASHINGTON LUIS,SETD WASHINGTON LUIS,15073,15073,WASHINGTON LUIS AEREO,WASHINGTON LUIS AEREO,6,2,1002365613;20707672;20707679;20707812;38836062;870192083,1002365613;870192083
ABR001,ABR012,18520731,18520731,SETD AREIA BRANCA,SETD AREIA BRANCA,15054,15054,AREIA BRANCA AEREO,AREIA BRANCA AEREO,6,1,107148347;20702905;20820882;20821008;20821113;20821120,107148347
ABR003,ABR018,18520731,18520731,SETD AREIA BRANCA,SETD AREIA BRANCA,15054,15054,AREIA BRANCA AEREO,AREIA BRANCA AEREO,6,1,20747603;20775181;20789310;20789436;516692820;516692841,516692841
AFR006,AFR012,18520461,18520461,SETD ARI FRANCO,SETD ARI FRANCO,15010,15010,ARI FRANCO,ARI FRANCO,6,1,20774495;20774509;20774544;20774600;308343011;716810380,716810380
BAR33398,BAR99999,10385907,10385907,SETD BARRA,SETD BARRA,15013,15013,BARRA AEREO,BARRA AEREO,6,1,11063353;11063444;633442312;669129738;796287987;934533400,934533400
BMT0001,BMT29737,1195,1195,SETD BOCA DO MATO,SETD BOCA DO MATO,14998,15055,PIEDADE,BOCA DO MATO AEREO,6,1,1607241;1607381;1616677;1616796;575702025;986997659,986997659
CCD641,CCD757,1186,1186,SETD CASCADURA,SETD CASCADURA,15034,15034,CASCADURA AEREO,CASCADURA AEREO,6,1,1249389;1613170;1613219;1625413;1625497;687422243,687422243
CEN002,TRS013,18520353,18520326,SETD CENTENARIO,SETD TRES RIOS,15074,15088,CENTENARIO AEREO AT/MT,TRES RIOS AEREO MT/MT,6,1,1004834657;20668591;20675507;20821197;510591353;520287440,1004834657
CRM0006,CRM0012,280389625,280389625,SETD CARMARI,SETD CARMARI,15691,15691,CARMARI,CARMARI,6,1,20728469;268271999;298703544;360842012;752532190;997929956,997929956
CSO001,CSO011,18520821,18520821,SETD COMENDADOR SOARES,SETD COMENDADOR SOARES,15048,15048,COMENDADOR SOARES,COMENDADOR SOARES,6,1,20726264;20757850;20757864;28379258;28379495;976734778,976734778
CSO004,CSO013,18520821,18520821,SETD COMENDADOR SOARES,SETD COMENDADOR SOARES,15048,15048,COMENDADOR SOARES,COMENDADOR SOARES,6,1,20709191;20709247;20715687;713813166;713813175;995259115,995259115
CXS024,SJO0004,18520785,310718139,SETD CAXIAS,SETD SAO JOAO,15699,15699,SAO JOAO,SAO JOAO,6,1,20677159;20677194;20677292;20687113;758938854;758938865,758938854
ESP003,ESP005,18519958,18519958,SETD ESPERANCA,SETD ESPERANCA,16899,16899,ESPERANCA AEREO AT/MT,ESPERANCA AEREO AT/MT,6,1,20697886;20714868;20714882;20714987;20779605;458809998,458809998
ESP007,ESP012,18519958,18519958,SETD ESPERANCA,SETD ESPERANCA,16899,16899,ESPERANCA AEREO AT/MT,ESPERANCA AEREO AT/MT,6,1,1000454828;19764194;20704179;20704389;33682164;60240543,1000454828
ESP007,ESP015,18519958,18519958,SETD ESPERANCA,SETD ESPERANCA,16899,16899,ESPERANCA AEREO AT/MT,ESPERANCA AEREO AT/MT,6,1,20704410;20730534;20731934;20732025;376021303;996903704,996903704
ESP010,ESP015,18519958,18519958,SETD ESPERANCA,SETD ESPERANCA,16899,16899,ESPERANCA AEREO AT/MT,ESPERANCA AEREO AT/MT,6,1,20714784;20714903;20731955;20732074;20732088;928422970,928422970
ESP017,PCI0014,18519958,450101398,SETD ESPERANCA,SETD PACIENCIA,16900,16900,PACIENCIA,PACIENCIA,6,1,20668199;20778695;20815716;28821480;740371542;998595524,998595524
FND3262,FND3462,1222,1222,SETD FUNDAO,SETD FUNDAO,15040,15040,GOVERNADOR AEREO,GOVERNADOR AEREO,6,1,1597658;469986984;469986993;898846731;928049412;940497662,928049412
GNB24905,GNB29257,1150,1150,SETD GUANABARA,SETD GUANABARA,15037,15037,GUANABARA AEREO,GUANABARA AEREO,6,1,1603972;1604028;1604133;43973397;694752105;914574768,694752105
ITG0008,ITG0011,310129856,310129856,SETD ITAGUAI,SETD ITAGUAI,15694,15694,ITAGUAI,ITAGUAI,6,1,20719187;20719194;20719418;288294882;344593516;972917434,972917434
MNB014,MNB016,18520902,18520902,SETD MENA BARRETO,SETD MENA BARRETO,15057,15057,MENA BARRETO AEREO,MENA BARRETO AEREO,6,1,20727223;20727258;20727314;20727370;20727398;977503402,977503402
MTC007,MTC012,1276,1276,SETD MATURACA,SETD MATURACA,15031,15031,MATURACA AEREO,MATURACA AEREO,6,1,1001189118;1567003;1567052;1567059;1595558;1631818,1001189118
MTC009,MTC013,1276,1276,SETD MATURACA,SETD MATURACA,15031,15031,MATURACA AEREO,MATURACA AEREO,6,1,1584813;1585492;1585506;1585576;1585590;761266155,761266155
PCI0005,PCI0016,450101398,450101398,SETD PACIENCIA,SETD PACIENCIA,16900,16900,PACIENCIA,PACIENCIA,6,1,25679745;25680409;25680532;25681034;737620202;959593135,959593135
RTO00014,RTO001,18520875,18520875,SETD RETIRO,SETD RETIRO,14995,14995,RETIRO,RETIRO,6,1,20701519;20701561;20701568;30779907;708282453;708282498,708282453
VVQ9898,VVQ9912,1177,1177,SETD VILA VALQUEIRE,SETD VILA VALQUEIRE,15032,15032,VILA VALQUEIRE,VILA VALQUEIRE,6,1,1592079;1592184;1592240;1592254;702043298;702043307,702043298
WLS00014,WLS00015,18519994,18519994,SETD WASHINGTON LUIS,SETD WASHINGTON LUIS,15073,15073,WASHINGTON LUIS AEREO,WASHINGTON LUIS AEREO,6,1,141491612;20692314;20744446;20744460;465757499;752635240,752635240
WLS003,WLS007,18519994,18519994,SETD WASHINGTON LUIS,SETD WASHINGTON LUIS,15073,15073,WASHINGTON LUIS AEREO,WASHINGTON LUIS AEREO,6,1,116350279;20707777;20707791;20820406;562721114;685361118,685361118
CAM008,CAM014,18520488,18520488,SETD CAMARA,SETD CAMARA,14991,14991,CAMARA,CAMARA,6,0,20813175;20813203;20813315;20813329;20813336;20813350,
CRM0005,CRM0011,280389625,280389625,SETD CARMARI,SETD CARMARI,15691,15691,CARMARI,CARMARI,6,0,20673064;20673092;20737380;20737401;23067666;269345463,
CXS004,CXS008,18520785,18520785,SETD CAXIAS,SETD CAXIAS,15700,15700,CAXIAS AEREO,CAXIAS AEREO,6,0,20717003;20717087;20717101;20717115;20717122;20717150,
ITG0006,ITG0009,310129856,310129856,SETD ITAGUAI,SETD ITAGUAI,15694,15694,ITAGUAI,ITAGUAI,6,0,133521171;20676963;20701904;20791249;54439459;95399812,
JAB00016,JAB013,18520749,18520749,SETD JABOATAO,SETD JABOATAO,15029,15029,JABOATAO AEREO,JABOATAO AEREO,6,0,124075167;20659236;20659257;20659313;20659383;20708967,
MNB013,PVN0004,18520902,1303,SETD MENA BARRETO,SETD PAVUNA,15057,14994,MENA BARRETO AEREO,PAVUNA,6,0,20705733;20739396;20739410;20739438;215189538;97143387,
REC00002,REC0015,132097219,132097219,SETD RECREIO,SETD RECREIO,14999,14999,RECREIO,RECREIO,6,0,11063654;11063955;11064697;608949853;769961522;8124632,
CHR002,JAB009,18520758,18520749,SETD CACHAMORRA,SETD JABOATAO,15011,15029,CACHAMORRA,JABOATAO AEREO,5,3,20738374;23304417;26163470;362877419;702945055,23304417;26163470;702945055
ABR003,CRO0031,18520731,18521055,SETD AREIA BRANCA,SETD COELHO DA ROCHA,15054,15035,AREIA BRANCA AEREO,COELHO DA ROCHA,5,2,1007690246;20670803;20693686;20747617;561968663,1007690246;561968663
ABR014,NIG010,18520731,18519976,SETD AREIA BRANCA,SETD NOVA IGUACU,15054,15692,AREIA BRANCA AEREO,NOVA IGUACU,5,2,20698873;519423732;632351728;632351759;966184454,632351759;966184454
AFR009,AFR011,18520461,18520461,SETD ARI FRANCO,SETD ARI FRANCO,15010,15010,ARI FRANCO,ARI FRANCO,5,2,103017355;20687827;20687918;701631084;960155636,701631084;960155636
BAR2477,BAR30673,10385907,10385907,SETD BARRA,SETD BARRA,15013,15013,BARRA AEREO,BARRA AEREO,5,2,10917448;43996475;448306791;45675839;48191660,10917448;48191660
CEN006,SCI004,18520353,18520299,SETD CENTENARIO,SETD SANTA CECILIA,15089,15082,CENTENARIO AEREO MT/MT,SANTA CECILIA AEREO AT/MT,5,2,363044010;397396834;945380011;945380021;997994388,945380011;997994388
CLG0007,CLG0016,1249,1249,SETD COLEGIO,SETD COLEGIO,15021,15021,COLEGIO AEREO,COLEGIO AEREO,5,2,1593766;1630901;972200306;973162196;973162212,972200306;973162212
ESP018,MRP00004,18519958,224567922,SETD ESPERANCA,SETD MARAPICU,15070,15697,ESPERANCA AEREO MT/MT,MARAPICU,5,2,142728448;20716520;20716618;543993984;971839614,543993984;971839614
ITG0010,ITG0011,310129856,310129856,SETD ITAGUAI,SETD ITAGUAI,15694,15694,ITAGUAI,ITAGUAI,5,2,146756117;20719362;20738738;288114536;998252050,146756117;998252050
PDG00002,PDG29023,10385916,10385916,SETD PORTA DAGUA,SETD PORTA DAGUA,16902,16902,PORTA DAGUA AEREO,PORTA DAGUA AEREO,5,2,11023463;11154174;112232325;977074027;977091219,977074027;977091219
QMD004,RFR006,18520893,18520767,SETD QUEIMADOS,SETD ROCHA FREIRE,15698,15693,QUEIMADOS AEREO,ROCHA FREIRE AEREO AT/MT,5,2,1014109786;20668031;20720398;996530111;997204931,996530111;997204931
REC00001,REC0001,132097219,132097219,SETD RECREIO,SETD RECREIO,14999,14999,RECREIO,RECREIO,5,2,11134768;530764260;530764269;7399333;962384224,530764260;962384224
ROS004,ROS014,18519985,18519985,SETD ROSALI,SETD ROSALI,14996,14996,ROSALI,ROSALI,5,2,140804595;163644606;505532705;505532714;989509453,505532705;989509453
ABR004,ABR008,18520731,18520731,SETD AREIA BRANCA,SETD AREIA BRANCA,15054,15054,AREIA BRANCA AEREO,AREIA BRANCA AEREO,5,1,20780473;20780508;20780732;20819734;753116156,753116156
AFR001,AFR006,18520461,18520461,SETD ARI FRANCO,SETD ARI FRANCO,15010,15010,ARI FRANCO,ARI FRANCO,5,1,20694897;20694911;20694918;20694939;990561468,990561468
AFR004,AFR011,18520461,18520461,SETD ARI FRANCO,SETD ARI FRANCO,15010,15010,ARI FRANCO,ARI FRANCO,5,1,20687680;20687848;20687932;20706377;706152671,706152671
AFR007,STS005,18520461,18521136,SETD ARI FRANCO,SETD SANTISSIMO,15010,15042,ARI FRANCO,SANTISSIMO AEREO,5,1,20775811;20815065;20815086;20815121;547463642,547463642
BAR000,BRR38521,10385907,345834478,SETD BARRA,SETD BARRA 2,15013,16902,BARRA AEREO,PORTA DAGUA AEREO,5,1,462279303;462279321;470326292;472524809;481941398,462279321
BAR3176,BRR38521,10385907,345834478,SETD BARRA,SETD BARRA 2,15013,16902,BARRA AEREO,PORTA DAGUA AEREO,5,1,11077415;11077618;266958016;672351626;675828447,675828447
BFG29165,BFG29289,10385934,10385934,SETD BOTAFOGO,SETD BOTAFOGO,15067,15067,BOTAFOGO AEREO URBANO,BOTAFOGO AEREO URBANO,5,1,1008553316;1013495739;11306806;11307646;646229842,1008553316
CAM005,CAM012,18520488,18520488,SETD CAMARA,SETD CAMARA,14991,14991,CAMARA,CAMARA,5,1,20231239;20231260;20231267;20231288;934211239,934211239
CAM005,CAM013,18520488,18520488,SETD CAMARA,SETD CAMARA,14991,14991,CAMARA,CAMARA,5,1,20673323;20673337;20673344;20673407;25723438,25723438
CAM017,STS004,18520488,18521136,SETD CAMARA,SETD SANTISSIMO,14991,15042,CAMARA,SANTISSIMO AEREO,5,1,20719040;20767464;20802742;20802798;504682415,504682415
CCD70145,PDD29513,1186,1231,SETD CASCADURA,SETD PIEDADE,15034,14998,CASCADURA AEREO,PIEDADE,5,1,1603720;1603734;1628367;706079609;707573967,707573967
CCD724,CCD910,1186,1186,SETD CASCADURA,SETD CASCADURA,15034,15034,CASCADURA AEREO,CASCADURA AEREO,5,1,1554221;1554242;1582818;1582874;679461188,679461188
CEN004,CEN005,18520353,18520353,SETD CENTENARIO,SETD CENTENARIO,15074,15089,CENTENARIO AEREO AT/MT,CENTENARIO AEREO MT/MT,5,1,20815030;29772281;362198962;491538927;491538937,491538937
CMS012,CMS015,18520839,18520839,SETD COSMOS,SETD COSMOS,16897,16897,COSMOS,COSMOS,5,1,20690109;20746637;528531328;743415984;758165817,743415984
CRM0005,NIG009,280389625,18519976,SETD CARMARI,SETD NOVA IGUACU,15691,15692,CARMARI,NOVA IGUACU,5,1,20737436;20803582;20803589;744837327;744837336,744837327
CSO004,CSO005,18520821,18520821,SETD COMENDADOR SOARES,SETD COMENDADOR SOARES,15048,15048,COMENDADOR SOARES,COMENDADOR SOARES,5,1,1012198911;20661112;20661119;20661126;20748534,1012198911
CUR33326,CUR33332,10386042,10386042,SETD CURICICA,SETD CURICICA,16901,16901,CURICICA AEREO,CURICICA AEREO,5,1,11053956;11053963;11053977;11053984;932205992,932205992
CXS004,WLS00014,18520785,18519994,SETD CAXIAS,SETD WASHINGTON LUIS,15700,15073,CAXIAS AEREO,WASHINGTON LUIS AEREO,5,1,20697676;20697704;20697767;465757363;705792019,705792019
FTL010,FTL014,18521064,18521064,SETD FONTINELE,SETD FONTINELE,15007,15007,FONTINELE,FONTINELE,5,1,20700497;20726418;20726439;455030895;732784043,732784043
GDL29721,GDL29750,1258,1258,SETD GUADALUPE,SETD GUADALUPE,15036,15036,GUADALUPE AEREO,GUADALUPE AEREO,5,1,1581915;1581950;1581985;1582013;750921924,750921924
GDN0012,GDN0013,457474244,457474244,SETD GARDENIA,SETD GARDENIA,16903,16903,GARDENIA,GARDENIA,5,1,10916398;11102872;133457666;732990172;803141226,732990172
JAB00016,JAB00023,18520749,18520749,SETD JABOATAO,SETD JABOATAO,15029,15029,JABOATAO AEREO,JABOATAO AEREO,5,1,134918192;20713286;516641293;550615373;925563166,925563166
JAB00021,JAB008,18520749,18520749,SETD JABOATAO,SETD JABOATAO,15029,15029,JABOATAO AEREO,JABOATAO AEREO,5,1,132328408;138601864;20733201;451308005;705895033,705895033
JAB004,JAB012,18520749,18520749,SETD JABOATAO,SETD JABOATAO,15029,15029,JABOATAO AEREO,JABOATAO AEREO,5,1,20713664;20781208;20781229;502432385;998990573,998990573
JDB625,JDB814,10385880,10385880,SETD JARDIM BOTANICO,SETD JARDIM BOTANICO,15071,15071,JARDIM BOTANICO AEREO,JARDIM BOTANICO AEREO,5,1,11135153;11240392;11240413;454811914;467191572,454811914
LPD29145,LPD29168,10386033,10386033,SETD LEOPOLDO,SETD LEOPOLDO,15030,15030,LEOPOLDO AEREO,LEOPOLDO AEREO,5,1,1006290632;11007991;11008082;11076393;986087144,986087144
MNB002,MNB006,18520902,18520902,SETD MENA BARRETO,SETD MENA BARRETO,14994,15057,PAVUNA,MENA BARRETO AEREO,5,1,20650088;20711690;20711718;20781950;20788078,20650088
MTC001,MTC012,1276,1276,SETD MATURACA,SETD MATURACA,15031,15031,MATURACA AEREO,MATURACA AEREO,5,1,1583301;1611077;1611168;1611707;990939343,990939343
RTO003,RTO009,18520875,18520875,SETD RETIRO,SETD RETIRO,14995,14995,RETIRO,RETIRO,5,1,20233234;20661385;20695163;626516182;626516191,626516182
RTO010,RTO013,18520875,18520875,SETD RETIRO,SETD RETIRO,14995,14995,RETIRO,RETIRO,5,1,20719558;20719572;20719656;20719663;658296237,658296237
SRP001,SRP011,18520803,18520803,SETD SARAPUI,SETD SARAPUI,15000,15000,SARAPUI,SARAPUI,5,1,20696157;20696185;462485288;475814120;583202623,583202623
TQR00003,TQR33826,10385871,10385871,SETD TAQUARA,SETD TAQUARA,15023,15023,TAQUARA AEREO,TAQUARA AEREO,5,1,11074356;11093832;132311795;164013739;823151303,823151303
TQR0009,TQR60088,10385871,10385871,SETD TAQUARA,SETD TAQUARA,15023,15023,TAQUARA AEREO,TAQUARA AEREO,5,1,11039723;11052892;270363159;477506104;477506123,477506123
TQR33842,TQR33859,10385871,10385871,SETD TAQUARA,SETD TAQUARA,15023,15023,TAQUARA AEREO,TAQUARA AEREO,5,1,11053410;11056721;134213391;475384504;627838701,627838701
TRS002,TRS006,18520326,18520326,SETD TRES RIOS,SETD TRES RIOS,15087,15087,TRES RIOS AEREO AT/MT,TRES RIOS AEREO AT/MT,5,1,1010889241;159642351;538510682;659202016;747688542,747688542
TRV705,TRV907,10385898,10385898,SETD TROVAO,SETD TROVAO,15020,15020,TROVAO AEREO,TROVAO AEREO,5,1,11077345;11091823;11091949;508740290;508740300,508740290
VVQ33460,VVQ9898,1177,1177,SETD VILA VALQUEIRE,SETD VILA VALQUEIRE,15032,15032,VILA VALQUEIRE,VILA VALQUEIRE,5,1,1582125;1592275;463245414;7300874;978967653,978967653
ABR00019,ABR012,18520731,18520731,SETD AREIA BRANCA,SETD AREIA BRANCA,15054,15054,AREIA BRANCA AEREO,AREIA BRANCA AEREO,5,0,107569200;107880111;133479057;20766232;20820952,
ABR001,ABR011,18520731,18520731,SETD AREIA BRANCA,SETD AREIA BRANCA,15054,15054,AREIA BRANCA AEREO,AREIA BRANCA AEREO,5,0,20671314;20671342;20671461;20671524;20702828,
ABR005,ABR017,18520731,18520731,SETD AREIA BRANCA,SETD AREIA BRANCA,15054,15054,AREIA BRANCA AEREO,AREIA BRANCA AEREO,5,0,1022530322;20766183;20766358;20806949;20807040,
BPD24650,BPD4813,10385961,10385961,SETD BAEPENDI,SETD BAEPENDI,15026,15026,BAEPENDI AEREO,BAEPENDI AEREO,5,0,11039639;11240896;11307562;11307604;29413994,
BPN00001,BPN33195,1159,1159,SETD BRAS DE PINA,SETD BRAS DE PINA,15017,15017,BRAS DE PINA,BRAS DE PINA,5,0,1580991;1581026;1581061;1581068;99986843,
BPN29575,BPN29858,1159,1159,SETD BRAS DE PINA,SETD BRAS DE PINA,15017,15017,BRAS DE PINA,BRAS DE PINA,5,0,1612939;1612974;1627198;1627205;1627338,
CAM008,CAM016,18520488,18520488,SETD CAMARA,SETD CAMARA,14991,14991,CAMARA,CAMARA,5,0,20232765;20232828;20232877;20232905;20232919,
CBI24955,CBI24970,1141,1141,SETD CACHAMBI,SETD CACHAMBI,15027,15027,CACHAMBI AEREO,CACHAMBI AEREO,5,0,1589699;1594550;1594599;1594641;1594753,
CRM0003,CRM0008,280389625,280389625,SETD CARMARI,SETD CARMARI,15691,15691,CARMARI,CARMARI,5,0,165229412;20715785;20775055;20775062;20776210,
CRM0010,CRM0012,280389625,280389625,SETD CARMARI,SETD CARMARI,15691,15691,CARMARI,CARMARI,5,0,20723079;20723100;20723107;253230093;290334534,
CRO00010,CRO003,18521055,18521055,SETD COELHO DA ROCHA,SETD COELHO DA ROCHA,15035,15035,COELHO DA ROCHA,COELHO DA ROCHA,5,0,20712978;20713013;20713076;20713083;20777568,
CRO0035,CRO011,18521055,18521055,SETD COELHO DA ROCHA,SETD COELHO DA ROCHA,15035,14996,COELHO DA ROCHA,ROSALI,5,0,20813056;20813070;20813112;346380469;398157604,
CRO005,CRO014,18521055,18521055,SETD COELHO DA ROCHA,SETD COELHO DA ROCHA,15035,15035,COELHO DA ROCHA,COELHO DA ROCHA,5,0,20715092;20715106;20715176;20715288;31046887,
ESP016,ESP017,18519958,18519958,SETD ESPERANCA,SETD ESPERANCA,16899,16900,ESPERANCA AEREO AT/MT,PACIENCIA,5,0,22415299;22415797;23651342;28344822;675726427,
GDL00002,GDL24813,1258,1258,SETD GUADALUPE,SETD GUADALUPE,15036,15036,GUADALUPE AEREO,GUADALUPE AEREO,5,0,110669349;1621885;1622039;461652269;807943075,
GNB29340,GNB29528,1150,1150,SETD GUANABARA,SETD GUANABARA,15037,15037,GUANABARA AEREO,GUANABARA AEREO,5,0,1608543;1608592;1608641;1608655;469982679,
ITG0003,ITG0007,310129856,310129856,SETD ITAGUAI,SETD ITAGUAI,15694,15694,ITAGUAI,ITAGUAI,5,0,20701890;20701897;20702156;20791200;20791256,
ITG0009,ITG0010,310129856,310129856,SETD ITAGUAI,SETD ITAGUAI,15694,15694,ITAGUAI,ITAGUAI,5,0,116092806;20677040;20701820;20738654;282506661,
JAB00020,STS004,18520749,18521136,SETD JABOATAO,SETD SANTISSIMO,15029,15042,JABOATAO AEREO,SANTISSIMO AEREO,5,0,20722666;20767401;20781047;20781117;789421898,
LPD29168,LPD29232,10386033,10386033,SETD LEOPOLDO,SETD LEOPOLDO,15030,15030,LEOPOLDO AEREO,LEOPOLDO AEREO,5,0,11008201;11008390;11056840;11056861;489664102,
MNB006,MNB011,18520902,18520902,SETD MENA BARRETO,SETD MENA BARRETO,15057,15057,MENA BARRETO AEREO,MENA BARRETO AEREO,5,0,20708666;20708687;20728091;305763796;918250450,
MTC004,MTC008,1276,1276,SETD MATURACA,SETD MATURACA,15031,15031,MATURACA AEREO,MATURACA AEREO,5,0,132789081;15591516;1604644;1604665;1604679,
NIG009,NIG017,18519976,18519976,SETD NOVA IGUACU,SETD NOVA IGUACU,15692,15692,NOVA IGUACU,NOVA IGUACU,5,0,20737338;20803498;20803505;20803547;308374572,
PDD29513,PDD9873,1231,1231,SETD PIEDADE,SETD PIEDADE,14998,14998,PIEDADE,PIEDADE,5,0,1553962;1554018;1554067;1607262;1626071,
PDD9861,PDD9896,1231,1231,SETD PIEDADE,SETD PIEDADE,14998,14998,PIEDADE,PIEDADE,5,0,1593227;1593234;1593269;1593353;1593395,
REC00005,REC0001,132097219,132097219,SETD RECREIO,SETD RECREIO,14999,14999,RECREIO,RECREIO,5,0,1015686134;11055713;11055797;11092656;428060274,
ROS008,ROS011,18519985,18519985,SETD ROSALI,SETD ROSALI,14996,14996,ROSALI,ROSALI,5,0,109097660;118660551;20691740;20691852;398410602,
RTO002,RTO006,18520875,18520875,SETD RETIRO,SETD RETIRO,14995,14995,RETIRO,RETIRO,5,0,1003353306;20661973;20662043;20662092;501517732,
RTO007,RTO009,18520875,18520875,SETD RETIRO,SETD RETIRO,14995,14995,RETIRO,RETIRO,5,0,20661399;20661525;20661581;20661616;474203762,
SCO4200,SCO4534,10386060,10386060,SETD SAO CONRADO,SETD SAO CONRADO,15053,15053,SAO CONRADO AEREO,SAO CONRADO AEREO,5,0,11036041;11238572;11238586;11238593;38831865,
STC00003,STC00013,34192093,34192093,SETD SANTA CLARA,SETD SANTA CLARA,15052,15052,SANTA CLARA AEREO,SANTA CLARA AEREO,5,0,104593359;178323974;20735616;20735721;97886191,
VRD006,VRD011,18520470,18520470,SETD VOLTA REDONDA,SETD VOLTA REDONDA,15084,15084,VOLTA REDONDA AEREO AT/MT,VOLTA REDONDA AEREO AT/MT,5,0,20232996;20233045;20233150;654787877;654787887,
WLS00013,WLS006,18519994,18519994,SETD WASHINGTON LUIS,SETD WASHINGTON LUIS,15073,15073,WASHINGTON LUIS AEREO,WASHINGTON LUIS AEREO,5,0,107199812;109926496;20679742;20693469;20697739,
AGR001,AGR010,1285,1285,SETD AGUA GRANDE,SETD AGUA GRANDE,15045,15045,AGUA GRANDE AEREO,AGUA GRANDE AEREO,4,2,1631699;1631839;996839279;999617537,996839279;999617537
AVD30048,AVD30081,10385943,10385943,SETD ALVORADA,SETD ALVORADA,15004,15004,ALVORADA,ALVORADA,4,2,10917756;10917777;50618160;60000226,10917756;10917777
AVD33340,BAR29680,10385943,10385907,SETD ALVORADA,SETD BARRA,15004,15689,ALVORADA,BARRA 2,4,2,136077766;136078788;654491481;654491552,136077766;654491481
BPD9837,SAT24350,10385961,10385970,SETD BAEPENDI,SETD SANTO ANTONIO,15026,15085,BAEPENDI AEREO,SANTO ANTONIO AEREO URBANO,4,2,11307443;11307975;972895966;997569259,972895966;997569259
CXS0025,CXS006,18520785,18520785,SETD CAXIAS,SETD CAXIAS,15700,15700,CAXIAS AEREO,CAXIAS AEREO,4,2,20719026;804811704;989659716;996500057,989659716;996500057
FTL006,RTO00014,18521064,18520875,SETD FONTINELE,SETD RETIRO,15007,14995,FONTINELE,RETIRO,4,2,20701407;20737744;680732185;711077813,680732185;711077813
GDL29735,GDL29746,1258,1258,SETD GUADALUPE,SETD GUADALUPE,15036,15036,GUADALUPE AEREO,GUADALUPE AEREO,4,2,1590511;456967613;761257563;991128258,761257563;991128258
IMT004,IMT012,18520929,18520929,SETD INMETRO,SETD INMETRO,14997,14997,INMETRO,INMETRO,4,2,20662680;20722211;960924322;961658541,960924322;961658541
ITP0002,ITP0003,10385988,10385988,SETD ITAPEBA,SETD ITAPEBA,15060,15066,ITAPEBA SUBTERRANEO,ITAPEBA AEREO URBANO,4,2,10917658;10917805;38560969;47672150,10917658;10917805
JDB1024,JDB932,10385880,10385880,SETD JARDIM BOTANICO,SETD JARDIM BOTANICO,15071,15071,JARDIM BOTANICO AEREO,JARDIM BOTANICO AEREO,4,2,11080803;11278500;461471995;936615942,461471995;936615942
TER29079,TER936,1123,1123,SETD TERRA NOVA,SETD TERRA NOVA,15044,15044,TERRA NOVA AEREO,TERRA NOVA AEREO,4,2,107917241;1553458;740496075;782444144,740496075;782444144
TUR004,TUR007,1294,1294,SETD TURIACU,SETD TURIACU,15002,15002,TURIACU,TURIACU,4,2,1581607;980285905;980286002;999518762,980285905;999518762
ABR005,NIG029,18520731,18519976,SETD AREIA BRANCA,SETD NOVA IGUACU,15054,15692,AREIA BRANCA AEREO,NOVA IGUACU,4,1,20682297;20766155;520828207;990003231,990003231
AGR006,AGR010,1285,1285,SETD AGUA GRANDE,SETD AGUA GRANDE,15045,15045,AGUA GRANDE AEREO,AGUA GRANDE AEREO,4,1,1611805;1631643;1631650;996783459,996783459
BAR30673,BAR4472,10385907,10385907,SETD BARRA,SETD BARRA,15013,15013,BARRA AEREO,BARRA AEREO,4,1,10917833;11119506;40385571;425810232,10917833
BAR33368,BAR4998,10385907,10385907,SETD BARRA,SETD BARRA,15013,15013,BARRA AEREO,BARRA AEREO,4,1,11092747;50627290;522739696;54984925,54984925
BMT29601,BMT29811,1195,1195,SETD BOCA DO MATO,SETD BOCA DO MATO,15055,15055,BOCA DO MATO AEREO,BOCA DO MATO AEREO,4,1,1618959;1618994;1619078;969434972,969434972
BMT29822,CBI33791,1195,1141,SETD BOCA DO MATO,SETD CACHAMBI,15055,15027,BOCA DO MATO AEREO,CACHAMBI AEREO,4,1,1589503;1589510;1596398;798817177,798817177
BMT29868,BMT29877,1195,1195,SETD BOCA DO MATO,SETD BOCA DO MATO,15055,15055,BOCA DO MATO AEREO,BOCA DO MATO AEREO,4,1,163008957;1631118;1631209;984589317,984589317
BPD4431,BPD9837,10385961,10385961,SETD BAEPENDI,SETD BAEPENDI,15026,15026,BAEPENDI AEREO,BAEPENDI AEREO,4,1,11306666;11307499;550770253;550770262,550770253
CAM004,CAM020,18520488,18520488,SETD CAMARA,SETD CAMARA,14991,14991,CAMARA,CAMARA,4,1,20730814;20730828;20745020;463086607,463086607
CBI24898,CBI24955,1141,1141,SETD CACHAMBI,SETD CACHAMBI,15027,15027,CACHAMBI AEREO,CACHAMBI AEREO,4,1,1594557;1594648;1596349;966789875,966789875
CBI33795,TRG636,1141,1204,SETD CACHAMBI,SETD TRIAGEM,15027,15024,CACHAMBI AEREO,TRIAGEM AEREO,4,1,1585884;1589594;1589734;798844921,798844921
CEN005,SCI008,18520353,18520299,SETD CENTENARIO,SETD SANTA CECILIA,15089,15090,CENTENARIO AEREO MT/MT,SANTA CECILIA AEREO MT/MT,4,1,133131322;20681583;20805584;999385622,999385622
CEN006,SCI007,18520353,18520299,SETD CENTENARIO,SETD SANTA CECILIA,15089,15090,CENTENARIO AEREO MT/MT,SANTA CECILIA AEREO MT/MT,4,1,20768920;20813966;20813994;999471500,999471500
CHR012,CHR013,18520758,18520758,SETD CACHAMORRA,SETD CACHAMORRA,15011,15011,CACHAMORRA,CACHAMORRA,4,1,20669557;20746441;533950509;533950519,533950519
CMT29124,CMT29131,10386051,10386051,SETD CAMPO MARTE,SETD CAMPO MARTE,15047,15047,CAMPO MARTE AEREO,CAMPO MARTE AEREO,4,1,11074622;11074713;482035939;482035948,482035939
CRM0004,CRM0009,280389625,280389625,SETD CARMARI,SETD CARMARI,15691,15691,CARMARI,CARMARI,4,1,20707903;285701338;745563023;745563033,745563033
CRM0004,NIG029,280389625,18519976,SETD CARMARI,SETD NOVA IGUACU,15691,15692,CARMARI,NOVA IGUACU,4,1,20719691;295040762;782916515;987405364,987405364
CRO0035,ROS012,18521055,18519985,SETD COELHO DA ROCHA,SETD ROSALI,15035,14996,COELHO DA ROCHA,ROSALI,4,1,109037783;20722862;20722883;766801137,766801137
CSO007,CSO013,18520821,18520821,SETD COMENDADOR SOARES,SETD COMENDADOR SOARES,15048,15048,COMENDADOR SOARES,COMENDADOR SOARES,4,1,20678370;20678552;20678566;985979753,985979753
CUR33133,CUR33800,10386042,10386042,SETD CURICICA,SETD CURICICA,16901,16901,CURICICA AEREO,CURICICA AEREO,4,1,11077002;11077009;11077177;502436646,502436646
CUR33311,PDG33670,10386042,10385916,SETD CURICICA,SETD PORTA DAGUA,16901,16902,CURICICA AEREO,PORTA DAGUA AEREO,4,1,11036342;132333233;136644277;770240635,770240635
CUR33311,TQR00001,10386042,10385871,SETD CURICICA,SETD TAQUARA,16901,15023,CURICICA AEREO,TAQUARA AEREO,4,1,11036244;136055736;138121218;539047357,539047357
CUR33338,CUR33800,10386042,10386042,SETD CURICICA,SETD CURICICA,16901,16901,CURICICA AEREO,CURICICA AEREO,4,1,110433108;11092341;11092355;755971644,755971644
CXS011,CXS018,18520785,18520785,SETD CAXIAS,SETD CAXIAS,15700,15700,CAXIAS AEREO,CAXIAS AEREO,4,1,145566631;20736834;489772782;971165453,971165453
CXS012,CXS018,18520785,18520785,SETD CAXIAS,SETD CAXIAS,15700,15700,CAXIAS AEREO,CAXIAS AEREO,4,1,20692636;20728966;30444735;967541332,967541332
ESP001,ESP012,18519958,18519958,SETD ESPERANCA,SETD ESPERANCA,16899,16899,ESPERANCA AEREO AT/MT,ESPERANCA AEREO AT/MT,4,1,20777316;20777330;20777351;995709991,995709991
ESP003,ESP009,18519958,18519958,SETD ESPERANCA,SETD ESPERANCA,16899,16899,ESPERANCA AEREO AT/MT,ESPERANCA AEREO AT/MT,4,1,140718676;20670572;20714798;776389613,776389613
GDL0007,GDL29969,1258,1258,SETD GUADALUPE,SETD GUADALUPE,15036,15036,GUADALUPE AEREO,GUADALUPE AEREO,4,1,1582048;540490137;562033146;562033155,562033146
LPD29145,LPD33251,10386033,10386033,SETD LEOPOLDO,SETD LEOPOLDO,15030,15030,LEOPOLDO AEREO,LEOPOLDO AEREO,4,1,11039149;11039247;532657939;985284125,985284125
MNB007,MNB020,18520902,18520902,SETD MENA BARRETO,SETD MENA BARRETO,15057,15057,MENA BARRETO AEREO,MENA BARRETO AEREO,4,1,20687225;20687337;20687344;994013861,994013861
MNB007,MNB021,18520902,18520902,SETD MENA BARRETO,SETD MENA BARRETO,15057,15057,MENA BARRETO AEREO,MENA BARRETO AEREO,4,1,20820581;583335625;759406895;87202741,759406895
MNB010,MNB019,18520902,18520902,SETD MENA BARRETO,SETD MENA BARRETO,15057,15057,MENA BARRETO AEREO,MENA BARRETO AEREO,4,1,20735343;20735413;20735448;759557179,759557179
MRT29629,SJO0007,1312,310718139,SETD MERITI,SETD SAO JOAO,14993,15699,MERITI,SAO JOAO,4,1,20705089;20759404;764538182;764538195,764538195
MTC004,MTC005,1276,1276,SETD MATURACA,SETD MATURACA,15031,15031,MATURACA AEREO,MATURACA AEREO,4,1,1604595;1604735;367871351;679250745,679250745
MTO00002,STS001,29148432,18521136,SETD MATO ALTO,SETD SANTISSIMO,16900,15042,PACIENCIA,SANTISSIMO AEREO,4,1,135518664;20816976;478231387;978761556,978761556
NIG011,NIG016,18519976,18519976,SETD NOVA IGUACU,SETD NOVA IGUACU,15692,15692,NOVA IGUACU,NOVA IGUACU,4,1,1008999908;20725095;20725179;393145776,1008999908
NIG026,NIG029,18519976,18519976,SETD NOVA IGUACU,SETD NOVA IGUACU,14993,15692,MERITI,NOVA IGUACU,4,1,20814155;29226970;440482830;464602373,464602373
PDD29513,PDD29568,1231,1231,SETD PIEDADE,SETD PIEDADE,14998,14998,PIEDADE,PIEDADE,4,1,1603594;1603678;1628353;974209945,974209945
PDD9861,PDD9870,1231,1231,SETD PIEDADE,SETD PIEDADE,14998,14998,PIEDADE,PIEDADE,4,1,1610566;1610601;1610685;745090656,745090656
PDG29023,PDG33647,10385916,10385916,SETD PORTA DAGUA,SETD PORTA DAGUA,16902,16902,PORTA DAGUA AEREO,PORTA DAGUA AEREO,4,1,11077702;512716501;628864966;628864975,628864975
PMG001,PMG0016,18520479,18520479,SETD PADRE MIGUEL,SETD PADRE MIGUEL,15019,15019,PADRE MIGUEL,PADRE MIGUEL,4,1,20659628;20659740;20659782;757843836,757843836
PMG0018,PMG010,18520479,18520479,SETD PADRE MIGUEL,SETD PADRE MIGUEL,15019,15019,PADRE MIGUEL,PADRE MIGUEL,4,1,20661371;20671734;485320783;757873893,757873893
PVN0005,PVN70277,1303,1303,SETD PAVUNA,SETD PAVUNA,14994,14994,PAVUNA,PAVUNA,4,1,1625063;338002280;355779382;531983765,355779382
REC00002,REC00004,132097219,132097219,SETD RECREIO,SETD RECREIO,14999,14999,RECREIO,RECREIO,4,1,11025094;332841101;618490661;618490692,618490692
RFR002,RFR006,18520767,18520767,SETD ROCHA FREIRE,SETD ROCHA FREIRE,15693,15693,ROCHA FREIRE AEREO AT/MT,ROCHA FREIRE AEREO AT/MT,4,1,20685902;20739830;705796294;705796306,705796306
SCI003,SCI007,18520299,18520299,SETD SANTA CECILIA,SETD SANTA CECILIA,15082,15090,SANTA CECILIA AEREO AT/MT,SANTA CECILIA AEREO MT/MT,4,1,20684222;20684229;731753507;731753516,731753516
SRD0005,SRD001,18521154,18521154,SETD SEROPEDICA,SETD SEROPEDICA,15043,15043,SEROPEDICA AEREO,SEROPEDICA AEREO,4,1,20718592;40526886;685034703;790495562,685034703
SRD001,SRD004,18521154,18521154,SETD SEROPEDICA,SETD SEROPEDICA,15043,15043,SEROPEDICA AEREO,SEROPEDICA AEREO,4,1,159496360;276110177;42875764;936147879,936147879
SRP00012,SRP008,18520803,18520803,SETD SARAPUI,SETD SARAPUI,15000,15000,SARAPUI,SARAPUI,4,1,20808055;221128132;645242290;645242299,645242290
SRP008,SRP011,18520803,18520803,SETD SARAPUI,SETD SARAPUI,15000,15000,SARAPUI,SARAPUI,4,1,160436836;20691236;20691299;20691327,160436836
STC00002,STC00006,34192093,34192093,SETD SANTA CLARA,SETD SANTA CLARA,15052,15052,SANTA CLARA AEREO,SANTA CLARA AEREO,4,1,20685839;20704809;690161841;690161850,690161850
STC00003,STC00007,34192093,34192093,SETD SANTA CLARA,SETD SANTA CLARA,15052,15052,SANTA CLARA AEREO,SANTA CLARA AEREO,4,1,20735581;20735693;29737651;690432359,690432359
STC00005,STC00010,34192093,34192093,SETD SANTA CLARA,SETD SANTA CLARA,15052,15052,SANTA CLARA AEREO,SANTA CLARA AEREO,4,1,20817739;31913502;40926162;967597151,967597151
STC00011,STC00013,34192093,34192093,SETD SANTA CLARA,SETD SANTA CLARA,15052,15052,SANTA CLARA AEREO,SANTA CLARA AEREO,4,1,1002528819;20695688;20717423;686919867,1002528819
STS003,STS004,18521136,18521136,SETD SANTISSIMO,SETD SANTISSIMO,15042,15042,SANTISSIMO AEREO,SANTISSIMO AEREO,4,1,20733439;20733502;20733530;998604111,998604111
TER870,TER895,1123,1123,SETD TERRA NOVA,SETD TERRA NOVA,15044,15044,TERRA NOVA AEREO,TERRA NOVA AEREO,4,1,141221111;1623096;347144186;878788633,878788633
TRS003,TRS008,18520326,18520326,SETD TRES RIOS,SETD TRES RIOS,15087,15087,TRES RIOS AEREO AT/MT,TRES RIOS AEREO AT/MT,4,1,20804093;20804100;20804156;561273192,561273192
TUR003,TUR012,1294,1294,SETD TURIACU,SETD TURIACU,15002,15002,TURIACU,TURIACU,4,1,1002159556;1602586;1602663;1624321,1002159556
VRD011,VRD019,18520470,18520470,SETD VOLTA REDONDA,SETD VOLTA REDONDA,15084,15086,VOLTA REDONDA AEREO AT/MT,VOLTA REDONDA AEREO MT/MT,4,1,20680932;20681079;865301185;865301195,865301195
VRD012,VRD014,18520470,18520470,SETD VOLTA REDONDA,SETD VOLTA REDONDA,15084,15084,VOLTA REDONDA AEREO AT/MT,VOLTA REDONDA AEREO AT/MT,4,1,20769501;20803869;488240697;655470684,655470684
VRD016,VRD017,18520470,18520470,SETD VOLTA REDONDA,SETD VOLTA REDONDA,,15086,,VOLTA REDONDA AEREO MT/MT,4,1,20733656;20820119;20820140;654036439,654036439
WLS002,WLS006,18519994,18519994,SETD WASHINGTON LUIS,SETD WASHINGTON LUIS,15073,15073,WASHINGTON LUIS AEREO,WASHINGTON LUIS AEREO,4,1,107435903;25394051;719056128;989595302,989595302
ABR009,ABR014,18520731,18520731,SETD AREIA BRANCA,SETD AREIA BRANCA,15054,15054,AREIA BRANCA AEREO,AREIA BRANCA AEREO,4,0,20745916;20802896;20802910;20803043,
AFR008,AFR014,18520461,18520461,SETD ARI FRANCO,SETD ARI FRANCO,15010,15010,ARI FRANCO,ARI FRANCO,4,0,152376920;20789030;20789037;20789044,
AFR014,CAM001,18520461,18520488,SETD ARI FRANCO,SETD CAMARA,15010,14991,ARI FRANCO,CAMARA,4,0,20805815;20805913;20806060;20806067,
AGR004,AGR011,1285,1285,SETD AGUA GRANDE,SETD AGUA GRANDE,15045,15045,AGUA GRANDE AEREO,AGUA GRANDE AEREO,4,0,137172013;1613639;1613688;1613695,
AGR008,AGR011,1285,1285,SETD AGUA GRANDE,SETD AGUA GRANDE,15045,15045,AGUA GRANDE AEREO,AGUA GRANDE AEREO,4,0,1601137;1601347;1601361;1613625,
BAR29691,BAR99999,10385907,10385907,SETD BARRA,SETD BARRA,15013,15013,BARRA AEREO,BARRA AEREO,4,0,437700333;459737159;994713735;995272047,
BMT29822,BMT33497,1195,1195,SETD BOCA DO MATO,SETD BOCA DO MATO,15055,15055,BOCA DO MATO AEREO,BOCA DO MATO AEREO,4,0,1585674;1589440;470364841;754228258,
BMT29877,BMT29884,1195,1195,SETD BOCA DO MATO,SETD BOCA DO MATO,15055,15055,BOCA DO MATO AEREO,BOCA DO MATO AEREO,4,0,1630964;1631076;1631146;1631216,
BPN29869,BPN29904,1159,1159,SETD BRAS DE PINA,SETD BRAS DE PINA,15017,15017,BRAS DE PINA,BRAS DE PINA,4,0,138047989;1628444;1628591;1628717,
BRI00005,ESP018,18521208,18519958,SETD BRISAMAR,SETD ESPERANCA,15006,15070,BRISA MAR,ESPERANCA AEREO MT/MT,4,0,20707028;20776994;20777001;20777050,
CAM003,CAM007,18520488,18520488,SETD CAMARA,SETD CAMARA,14991,14991,CAMARA,CAMARA,4,0,20805465;20805479;20805500;20805514,
CAM004,CAM015,18520488,18520488,SETD CAMARA,SETD CAMARA,14991,14991,CAMARA,CAMARA,4,0,20730758;20730835;20730856;20730863,
CAM006,CAM012,18520488,18520488,SETD CAMARA,SETD CAMARA,14991,14991,CAMARA,CAMARA,4,0,20231057;20231106;20231113;20231246,
CAM007,PMG007,18520488,18520479,SETD CAMARA,SETD PADRE MIGUEL,14991,15019,CAMARA,PADRE MIGUEL,4,0,20680631;20680638;20680652;20680729,
CAM009,CAM015,18520488,18520488,SETD CAMARA,SETD CAMARA,14991,14991,CAMARA,CAMARA,4,0,20690039;20694526;20694547;20694631,
CBI24876,CBI24963,1141,1141,SETD CACHAMBI,SETD CACHAMBI,15027,15027,CACHAMBI AEREO,CACHAMBI AEREO,4,0,1595516;1617440;807224835;807224913,
CHR020,STS001,18520758,18521136,SETD CACHAMORRA,SETD SANTISSIMO,15011,15042,CACHAMORRA,SANTISSIMO AEREO,4,0,20683347;20683431;20683459;23008307,
CLG0001,CLG0014,1249,1249,SETD COLEGIO,SETD COLEGIO,15021,15021,COLEGIO AEREO,COLEGIO AEREO,4,0,139628357;1613947;1613996;1630796,
CLG0003,CLG0006,1249,1249,SETD COLEGIO,SETD COLEGIO,15021,15021,COLEGIO AEREO,COLEGIO AEREO,4,0,1605967;1605995;1606114;96705309,
CLG0008,CLG0014,1249,1249,SETD COLEGIO,SETD COLEGIO,15021,15021,COLEGIO AEREO,COLEGIO AEREO,4,0,1602341;1602411;1602418;1613842,
CMS008,CMS015,18520839,18520839,SETD COSMOS,SETD COSMOS,16897,16897,COSMOS,COSMOS,4,0,20746735;23458483;465083168;56728211,
CMT29137,CMT29359,10386051,10386051,SETD CAMPO MARTE,SETD CAMPO MARTE,15047,15047,CAMPO MARTE AEREO,CAMPO MARTE AEREO,4,0,11094630;11120969;455078519;636594103,
CRO00010,CRO012,18521055,18521055,SETD COELHO DA ROCHA,SETD COELHO DA ROCHA,15035,15035,COELHO DA ROCHA,COELHO DA ROCHA,4,0,123285064;20777484;20777596;96700923,
CRO0016,CRO015,18521055,18521055,SETD COELHO DA ROCHA,SETD COELHO DA ROCHA,14996,15035,ROSALI,COELHO DA ROCHA,4,0,20728728;359596906;360378272;395842589,
CSO005,NIG030,18520821,18519976,SETD COMENDADOR SOARES,SETD NOVA IGUACU,15048,15692,COMENDADOR SOARES,NOVA IGUACU,4,0,20802497;20802504;20802518;20802532,
CSO010,CSO014,18520821,18520821,SETD COMENDADOR SOARES,SETD COMENDADOR SOARES,15048,15048,COMENDADOR SOARES,COMENDADOR SOARES,4,0,135355739;20819412;20819482;20819489,
CXS007,CXS008,18520785,18520785,SETD CAXIAS,SETD CAXIAS,15700,15700,CAXIAS AEREO,CAXIAS AEREO,4,0,20685692;20685713;20685790;20775636,
CXS013,CXS021,18520785,18520785,SETD CAXIAS,SETD CAXIAS,15700,15700,CAXIAS AEREO,CAXIAS AEREO,4,0,20704991;20705005;20705019;264282838,
CXS023,CXS024,18520785,18520785,SETD CAXIAS,SETD CAXIAS,15700,15699,CAXIAS AEREO,SAO JOAO,4,0,20677215;20677306;20677313;20787868,
DMC3149,DMC871,1168,1168,SETD DEMOCRATICOS,SETD DEMOCRATICOS,15056,15056,DEMOCRATICOS AEREO,DEMOCRATICOS AEREO,4,0,1600948;1601025;1601060;1601130,
DMC3326,DMC9989,1168,1168,SETD DEMOCRATICOS,SETD DEMOCRATICOS,15056,15056,DEMOCRATICOS AEREO,DEMOCRATICOS AEREO,4,0,1597938;1598050;1598064;1627674,
ESP004,ESP011,18519958,18519958,SETD ESPERANCA,SETD ESPERANCA,16899,16899,ESPERANCA AEREO AT/MT,ESPERANCA AEREO AT/MT,4,0,25346258;25346286;25940219;463425999,
ESP018,ESP020,18519958,18519958,SETD ESPERANCA,SETD ESPERANCA,15070,16899,ESPERANCA AEREO MT/MT,ESPERANCA AEREO AT/MT,4,0,159925777;20707105;25464541;780627732,
FCN604,FCN611,10386105,10386105,SETD FREI CANECA,SETD FREI CANECA,15049,15049,FREI CANECA AEREO,FREI CANECA AEREO,4,0,11095316;11095526;11095554;549284267,
FND3462,GNB24905,1222,1150,SETD FUNDAO,SETD GUANABARA,15040,15037,GOVERNADOR AEREO,GUANABARA AEREO,4,0,1592772;1592793;1592814;1597784,
ITG0006,ITG0010,310129856,310129856,SETD ITAGUAI,SETD ITAGUAI,15694,15694,ITAGUAI,ITAGUAI,4,0,142277424;20701827;20779976;282691277,
JAB00017,JAB012,18520749,18520749,SETD JABOATAO,SETD JABOATAO,15029,15029,JABOATAO AEREO,JABOATAO AEREO,4,0,20819867;20819965;20819979;22760656,
MNB004,MNB016,18520902,18520902,SETD MENA BARRETO,SETD MENA BARRETO,15057,15057,MENA BARRETO AEREO,MENA BARRETO AEREO,4,0,20709464;20709506;20709576;583348504,
MNB005,MNB009,18520902,18520902,SETD MENA BARRETO,SETD MENA BARRETO,15057,15057,MENA BARRETO AEREO,MENA BARRETO AEREO,4,0,20815240;20815303;20815338;20815359,
MNB005,MNB018,18520902,18520902,SETD MENA BARRETO,SETD MENA BARRETO,15057,15057,MENA BARRETO AEREO,MENA BARRETO AEREO,4,0,142213068;20815212;20815219;20815317,
MNB007,MNB019,18520902,18520902,SETD MENA BARRETO,SETD MENA BARRETO,15057,15057,MENA BARRETO AEREO,MENA BARRETO AEREO,4,0,20675283;20675311;20675325;20675339,
MRP00010,QMD007,224567922,18520893,SETD MARAPICU,SETD QUEIMADOS,15697,15698,MARAPICU,QUEIMADOS AEREO,4,0,135316979;139447982;20804877;92853507,
MTC001,PER70278,1276,1240,SETD MATURACA,SETD PEDRO ERNESTO,15031,15017,MATURACA AEREO,BRAS DE PINA,4,0,1611385;16416007;61352702;865322593,
MTC005,MTC010,1276,1276,SETD MATURACA,SETD MATURACA,15031,15031,MATURACA AEREO,MATURACA AEREO,4,0,1599765;1599793;1599821;44121460,
NIG002,NIG014,18519976,18519976,SETD NOVA IGUACU,SETD NOVA IGUACU,15692,15692,NOVA IGUACU,NOVA IGUACU,4,0,20706622;20706797;20708477;698788418,
NIG008,NIG013,18519976,18519976,SETD NOVA IGUACU,SETD NOVA IGUACU,15692,15692,NOVA IGUACU,NOVA IGUACU,4,0,20658886;20659026;20700070;52611368,
NIG013,NIG023,18519976,18519976,SETD NOVA IGUACU,SETD NOVA IGUACU,15692,15692,NOVA IGUACU,NOVA IGUACU,4,0,20699993;20700014;20700028;20807264,
NIG026,NIG027,18519976,18519976,SETD NOVA IGUACU,SETD NOVA IGUACU,14993,15692,MERITI,NOVA IGUACU,4,0,20717157;20717248;20745118;24050790,
PCI0005,PCI0015,450101398,450101398,SETD PACIENCIA,SETD PACIENCIA,16900,16899,PACIENCIA,ESPERANCA AEREO AT/MT,4,0,22765775;22943779;25679330;749367429,
PER763,PER809,1240,1240,SETD PEDRO ERNESTO,SETD PEDRO ERNESTO,15061,15061,PEDRO ERNESTO AEREO,PEDRO ERNESTO AEREO,4,0,1617244;1617265;1617328;1617363,
PMG011,PMG014,18520479,18520479,SETD PADRE MIGUEL,SETD PADRE MIGUEL,15019,15019,PADRE MIGUEL,PADRE MIGUEL,4,0,20705404;20705418;20705446;20705502,
PVN0002,PVN9857,1303,1303,SETD PAVUNA,SETD PAVUNA,14994,14994,PAVUNA,PAVUNA,4,0,1624846;1624860;1626197;17897475,
PVN0004,PVN70296,1303,1303,SETD PAVUNA,SETD PAVUNA,14994,14994,PAVUNA,PAVUNA,4,0,20698551;20698558;223236557;28881479,
PVN29958,PVN70296,1303,1303,SETD PAVUNA,SETD PAVUNA,14994,14994,PAVUNA,PAVUNA,4,0,20705208;20705215;376004558;445004594,
PVN9857,PVN9897,1303,1303,SETD PAVUNA,SETD PAVUNA,14994,14994,PAVUNA,PAVUNA,4,0,102553735;102566573;1624818;59832665,
QMD002,SRD0005,18520893,18521154,SETD QUEIMADOS,SETD SEROPEDICA,15043,15043,SEROPEDICA AEREO,SEROPEDICA AEREO,4,0,20818005;20818152;20818320;20818432,
RAM33297,RAM33372,1132,1132,SETD RAMOS,SETD RAMOS,15015,15015,RAMOS AEREO,RAMOS AEREO,4,0,1584582;1584666;1588005;1632336,
RFR002,STC00002,18520767,34192093,SETD ROCHA FREIRE,SETD SANTA CLARA,15693,15052,ROCHA FREIRE AEREO AT/MT,SANTA CLARA AEREO,4,0,20685902;20736218;20739858;208074393,
ROS001,ROS016,18519985,18519985,SETD ROSALI,SETD ROSALI,14996,14996,ROSALI,ROSALI,4,0,109552861;128914484;23312283;25210684,
ROS010,ROS018,18519985,18519985,SETD ROSALI,SETD ROSALI,14996,14996,ROSALI,ROSALI,4,0,133393256;20768150;20768325;26670113,
RTO00014,RTO011,18520875,18520875,SETD RETIRO,SETD RETIRO,14995,14995,RETIRO,RETIRO,4,0,20701491;20701505;20701645;226023310,
RTO00014,RTO014,18520875,18520875,SETD RETIRO,SETD RETIRO,14995,14995,RETIRO,RETIRO,4,0,20680169;20701484;20701498;20719509,
RTO002,VRD009,18520875,18520470,SETD RETIRO,SETD VOLTA REDONDA,14995,15084,RETIRO,VOLTA REDONDA AEREO AT/MT,4,0,20662064;20662071;20662078;20739074,
SCI002,SCI006,18520299,18520299,SETD SANTA CECILIA,SETD SANTA CECILIA,15090,15090,SANTA CECILIA AEREO MT/MT,SANTA CECILIA AEREO MT/MT,4,0,20842126;20842252;31960490;778553901,
SCI005,SCI006,18520299,18520299,SETD SANTA CECILIA,SETD SANTA CECILIA,15090,15090,SANTA CECILIA AEREO MT/MT,SANTA CECILIA AEREO MT/MT,4,0,20661308;20684544;20724430;20842301,
SJO0010,SJO0013,310718139,310718139,SETD SAO JOAO,SETD SAO JOAO,15699,15699,SAO JOAO,SAO JOAO,4,0,20733950;275520266;284662603;288329237,
STS001,STS004,18521136,18521136,SETD SANTISSIMO,SETD SANTISSIMO,15042,15042,SANTISSIMO AEREO,SANTISSIMO AEREO,4,0,20688037;25927767;29547962;807117418,
TQR00003,TQR33839,10385871,10385871,SETD TAQUARA,SETD TAQUARA,15023,15023,TAQUARA AEREO,TAQUARA AEREO,4,0,1008720778;11076106;135085096;135364191,
TRS007,TRS008,18520326,18520326,SETD TRES RIOS,SETD TRES RIOS,15087,15087,TRES RIOS AEREO AT/MT,TRES RIOS AEREO AT/MT,4,0,113885505;20727461;20727517;20804121,
TRV634,TRV669,10385898,10385898,SETD TROVAO,SETD TROVAO,15020,15020,TROVAO AEREO,TROVAO AEREO,4,0,11151864;11151913;11151920;522206340,
TUR003,TUR006,1294,1294,SETD TURIACU,SETD TURIACU,15002,15002,TURIACU,TURIACU,4,0,1588663;1588810;1588817;485827466,
VGE33444,VGE3919,1267,1267,SETD VIGARIO GERAL,SETD VIGARIO GERAL,15062,15062,VIGARIO GERAL AEREO,VIGARIO GERAL AEREO,4,0,107865365;1590140;1590259;1590273,
VGE35061,VGE3947,1267,1267,SETD VIGARIO GERAL,SETD VIGARIO GERAL,15062,15062,VIGARIO GERAL AEREO,VIGARIO GERAL AEREO,4,0,1610307;1629417;49196484;777574886,
VGE3740,VGE3825,1267,1267,SETD VIGARIO GERAL,SETD VIGARIO GERAL,15062,15062,VIGARIO GERAL AEREO,VIGARIO GERAL AEREO,4,0,1593969;1594074;1594102;331054544,
VRD0022,VRD008,18520470,18520470,SETD VOLTA REDONDA,SETD VOLTA REDONDA,15084,15084,VOLTA REDONDA AEREO AT/MT,VOLTA REDONDA AEREO AT/MT,4,0,20688604;20757591;20757661;20757738,
VVQ9912,VVQ9939,1177,1177,SETD VILA VALQUEIRE,SETD VILA VALQUEIRE,15032,15032,VILA VALQUEIRE,VILA VALQUEIRE,4,0,1592002;1592093;1592170;330994411,
WLS00015,WLS001,18519994,18519994,SETD WASHINGTON LUIS,SETD WASHINGTON LUIS,15073,15073,WASHINGTON LUIS AEREO,WASHINGTON LUIS AEREO,4,0,115238259;141405747;20692328;32194107,
CLG0003,GDL00002,1249,1258,SETD COLEGIO,SETD GUADALUPE,15021,15036,COLEGIO AEREO,GUADALUPE AEREO,3,2,107693537;933034683;964084648,933034683;964084648
CUR33133,TQR33826,10386042,10385871,SETD CURICICA,SETD TAQUARA,16901,15023,CURICICA AEREO,TAQUARA AEREO,3,2,1008321434;11077100;497747686,1008321434;497747686
CUR33311,CUR33777,10386042,10386042,SETD CURICICA,SETD CURICICA,16901,16901,CURICICA AEREO,CURICICA AEREO,3,2,11036076;501461982;717265467,501461982;717265467
ZIN005,ZIN006,18520911,18520911,SETD ZONA INDUSTRIAL,SETD ZONA INDUSTRIAL,15696,15696,ZONA INDUSTRIAL,ZONA INDUSTRIAL,3,2,164499243;755993113;998320757,755993113;998320757
ABR00021,ABR015,18520731,18520731,SETD AREIA BRANCA,SETD AREIA BRANCA,15054,15054,AREIA BRANCA AEREO,AREIA BRANCA AEREO,3,1,20725935;695134317;735978821,735978821
ABR002,ABR013,18520731,18520731,SETD AREIA BRANCA,SETD AREIA BRANCA,15054,15054,AREIA BRANCA AEREO,AREIA BRANCA AEREO,3,1,20661728;20676704;558967157,558967157
AFR003,STS005,18520461,18521136,SETD ARI FRANCO,SETD SANTISSIMO,15010,15042,ARI FRANCO,SANTISSIMO AEREO,3,1,20802364;20802462;37328503,37328503
AFR014,PMG007,18520461,18520479,SETD ARI FRANCO,SETD PADRE MIGUEL,15010,15019,ARI FRANCO,PADRE MIGUEL,3,1,20789170;20789205;522159236,522159236
AGR002,PER70278,1285,1240,SETD AGUA GRANDE,SETD PEDRO ERNESTO,15045,15017,AGUA GRANDE AEREO,BRAS DE PINA,3,1,1611357;1611413;761279032,761279032
AGR005,AGR012,1285,1285,SETD AGUA GRANDE,SETD AGUA GRANDE,15045,15045,AGUA GRANDE AEREO,AGUA GRANDE AEREO,3,1,1587746;1587781;750973458,750973458
ALC718,ALC868,10385889,10385889,SETD ALDEIA CAMPISTA,SETD ALDEIA CAMPISTA,15033,15033,ALDEIA CAMPISTA,ALDEIA CAMPISTA,3,1,1007303714;11036657;531464734,531464734
ALC868,RCP33211,10385889,10386006,SETD ALDEIA CAMPISTA,SETD RIO COMPRIDO,15033,15058,ALDEIA CAMPISTA,RIO COMPRIDO AEREO,3,1,11036636;11121263;941753132,941753132
ALC868,RCP9821,10385889,10386006,SETD ALDEIA CAMPISTA,SETD RIO COMPRIDO,15033,15058,ALDEIA CAMPISTA,RIO COMPRIDO AEREO,3,1,11036664;671585951;671585961,671585961
ALC9925,URG29983,10385889,10385979,SETD ALDEIA CAMPISTA,SETD URUGUAI,15033,15025,ALDEIA CAMPISTA,URUGUAI AEREO,3,1,11006808;11006815;977361689,977361689
AVD30081,ITP0002,10385943,10385988,SETD ALVORADA,SETD ITAPEBA,15004,15060,ALVORADA,ITAPEBA SUBTERRANEO,3,1,10917791;11215085;51773227,10917791
BFG29289,BFG29902,10385934,10385934,SETD BOTAFOGO,SETD BOTAFOGO,15067,15067,BOTAFOGO AEREO URBANO,BOTAFOGO AEREO URBANO,3,1,1008579080;11307632;11308220,1008579080
BFG29289,BFG33234,10385934,10385934,SETD BOTAFOGO,SETD BOTAFOGO,15067,15067,BOTAFOGO AEREO URBANO,BOTAFOGO AEREO URBANO,3,1,11233931;456117275;938045831,938045831
BMT29737,CBI33798,1195,1141,SETD BOCA DO MATO,SETD CACHAMBI,15055,15027,BOCA DO MATO AEREO,CACHAMBI AEREO,3,1,1616705;1616824;800303369,800303369
BMT29845,BMT29868,1195,1195,SETD BOCA DO MATO,SETD BOCA DO MATO,15055,15055,BOCA DO MATO AEREO,BOCA DO MATO AEREO,3,1,1618406;1618462;986434914,986434914
BMT29845,CBI33795,1195,1141,SETD BOCA DO MATO,SETD CACHAMBI,15055,15027,BOCA DO MATO AEREO,CACHAMBI AEREO,3,1,1585982;1586094;798868717,798868717
BPD24650,FCN3728,10385961,10386105,SETD BAEPENDI,SETD FREI CANECA,15026,15049,BAEPENDI AEREO,FREI CANECA AEREO,3,1,11153663;494252389;494252404,494252389
CBI24854,CBI33806,1141,1141,SETD CACHAMBI,SETD CACHAMBI,15027,15027,CACHAMBI AEREO,CACHAMBI AEREO,3,1,1589230;1612183;973707555,973707555
CBI33806,PDD29513,1141,1231,SETD CACHAMBI,SETD PIEDADE,15027,14998,CACHAMBI AEREO,PIEDADE,3,1,1553990;1612148;798881895,798881895
CCD3348,CCD3713,1186,1186,SETD CASCADURA,SETD CASCADURA,15034,15034,CASCADURA AEREO,CASCADURA AEREO,3,1,1606660;1606723;973535757,973535757
CCD3713,CCD652,1186,1186,SETD CASCADURA,SETD CASCADURA,15034,15034,CASCADURA AEREO,CASCADURA AEREO,3,1,1583511;1583588;973776211,973776211
CCD3787,CCD815,1186,1186,SETD CASCADURA,SETD CASCADURA,15034,15034,CASCADURA AEREO,CASCADURA AEREO,3,1,1618875;1629949;26271015,26271015
CHR0007,JAB00005,18520758,18520749,SETD CACHAMORRA,SETD JABOATAO,15029,15029,JABOATAO AEREO,JABOATAO AEREO,3,1,20723338;335344240;960494886,960494886
CHR002,CHR017,18520758,18520758,SETD CACHAMORRA,SETD CACHAMORRA,15011,15011,CACHAMORRA,CACHAMORRA,3,1,20738234;20738255;24004189,24004189
CHR004,CHR008,18520758,18520758,SETD CACHAMORRA,SETD CACHAMORRA,15011,15011,CACHAMORRA,CACHAMORRA,3,1,20739599;20739634;997252056,997252056
CLG0014,CLG0016,1249,1249,SETD COLEGIO,SETD COLEGIO,15021,15021,COLEGIO AEREO,COLEGIO AEREO,3,1,1613940;1630894;745021934,745021934
CRM0007,CRM0010,280389625,280389625,SETD CARMARI,SETD CARMARI,15691,15691,CARMARI,CARMARI,3,1,165229405;253230093;927443958,927443958
CRM0011,NIG012,280389625,18519976,SETD CARMARI,SETD NOVA IGUACU,15691,15692,CARMARI,NOVA IGUACU,3,1,20682759;24055232;779807665,779807665
CRO014,ROS002,18521055,18519985,SETD COELHO DA ROCHA,SETD ROSALI,15035,14996,COELHO DA ROCHA,ROSALI,3,1,20715155;705216602;705216611,705216611
CSO00015,CSO005,18520821,18520821,SETD COMENDADOR SOARES,SETD COMENDADOR SOARES,15048,15048,COMENDADOR SOARES,COMENDADOR SOARES,3,1,20721546;764413706;764413724,764413706
CSO002,CSO011,18520821,18520821,SETD COMENDADOR SOARES,SETD COMENDADOR SOARES,15048,15048,COMENDADOR SOARES,COMENDADOR SOARES,3,1,20678524;20757829;865584629,865584629
CSO005,CSO006,18520821,18520821,SETD COMENDADOR SOARES,SETD COMENDADOR SOARES,15048,15048,COMENDADOR SOARES,COMENDADOR SOARES,3,1,20671958;25472581;916618775,916618775
CUR00002,CUR33309,10386042,10386042,SETD CURICICA,SETD CURICICA,16901,16901,CURICICA AEREO,CURICICA AEREO,3,1,138713962;564072832;624227446,624227446
CUR33135,CUR33334,10386042,10386042,SETD CURICICA,SETD CURICICA,16901,16901,CURICICA AEREO,CURICICA AEREO,3,1,11119121;16597146;732921709,732921709
CUR33334,CUR33347,10386042,10386042,SETD CURICICA,SETD CURICICA,16901,16901,CURICICA AEREO,CURICICA AEREO,3,1,11054775;510539618;510539628,510539628
CUR33777,TQR00005,10386042,10385871,SETD CURICICA,SETD TAQUARA,16901,15023,CURICICA AEREO,TAQUARA AEREO,3,1,11053172;139731070;494484218,494484218
DMC3326,TER822,1168,1123,SETD DEMOCRATICOS,SETD TERRA NOVA,15056,15044,DEMOCRATICOS AEREO,TERRA NOVA AEREO,3,1,1627632;47231693;919955211,919955211
ESP001,ESP015,18519958,18519958,SETD ESPERANCA,SETD ESPERANCA,16899,16899,ESPERANCA AEREO AT/MT,ESPERANCA AEREO AT/MT,3,1,20732004;20777232;754095179,754095179
ESP006,ESP009,18519958,18519958,SETD ESPERANCA,SETD ESPERANCA,16899,16899,ESPERANCA AEREO AT/MT,ESPERANCA AEREO AT/MT,3,1,20670537;488657394;587854005,488657394
ESP006,ESP020,18519958,18519958,SETD ESPERANCA,SETD ESPERANCA,16899,16899,ESPERANCA AEREO AT/MT,ESPERANCA AEREO AT/MT,3,1,22981601;394197789;488657394,488657394
ESP009,ESP014,18519958,18519958,SETD ESPERANCA,SETD ESPERANCA,16899,16899,ESPERANCA AEREO AT/MT,ESPERANCA AEREO AT/MT,3,1,20670446;20670558;995714192,995714192
ESP014,PCI0006,18519958,450101398,SETD ESPERANCA,SETD PACIENCIA,16899,16900,ESPERANCA AEREO AT/MT,PACIENCIA,3,1,140744468;20232590;931407251,931407251
ESP016,MTO00002,18519958,29148432,SETD ESPERANCA,SETD MATO ALTO,16899,16900,ESPERANCA AEREO AT/MT,PACIENCIA,3,1,23407567;553307729;990977986,990977986
ESP020,STS002,18519958,18521136,SETD ESPERANCA,SETD SANTISSIMO,16899,15042,ESPERANCA AEREO AT/MT,SANTISSIMO AEREO,3,1,159925777;22803722;470206180,470206180
FCN1350,FCN37177,10386105,10386105,SETD FREI CANECA,SETD FREI CANECA,15049,15049,FREI CANECA AEREO,FREI CANECA AEREO,3,1,11075035;478587920;674042155,674042155
FTL003,FTL006,18521064,18521064,SETD FONTINELE,SETD FONTINELE,15007,15007,FONTINELE,FONTINELE,3,1,1003065529;20686595;20686637,1003065529
FTL004,FTL010,18521064,18521064,SETD FONTINELE,SETD FONTINELE,15007,15007,FONTINELE,FONTINELE,3,1,1004139087;20693931;20693966,1004139087
FTL007,SDD001,18521064,18520398,SETD FONTINELE,SETD SAUDADE,15007,15001,FONTINELE,SAUDADE,3,1,20694008;20730226;748933787,748933787
GDL0007,GDL29792,1258,1258,SETD GUADALUPE,SETD GUADALUPE,15036,15036,GUADALUPE AEREO,GUADALUPE AEREO,3,1,108960253;1580305;1580347,108960253
GNB33413,GVD3629,1150,1213,SETD GUANABARA,SETD GOVERNADOR,15037,15037,GUANABARA AEREO,GUANABARA AEREO,3,1,1602894;1602915;933451256,933451256
GNB33417,GVD3629,1150,1213,SETD GUANABARA,SETD GOVERNADOR,15037,15037,GUANABARA AEREO,GUANABARA AEREO,3,1,1591246;461772489;993859269,993859269
IMT004,IMT005,18520929,18520929,SETD INMETRO,SETD INMETRO,14997,14997,INMETRO,INMETRO,3,1,20662708;340290913;623536132,623536132
ITP000,ITP33382,10385988,10385988,SETD ITAPEBA,SETD ITAPEBA,15060,15066,ITAPEBA SUBTERRANEO,ITAPEBA AEREO URBANO,3,1,10917231;38685092;450011245,10917231
ITP0003,ITP3164,10385988,10385988,SETD ITAPEBA,SETD ITAPEBA,15066,15066,ITAPEBA AEREO URBANO,ITAPEBA AEREO URBANO,3,1,10916909;10917707;51632116,10917707
JAB00005,JAB006,18520749,18520749,SETD JABOATAO,SETD JABOATAO,15029,15011,JABOATAO AEREO,CACHAMORRA,3,1,134286318;20723394;687173115,687173115
JAB00017,JAB00022,18520749,18520749,SETD JABOATAO,SETD JABOATAO,15029,15029,JABOATAO AEREO,JABOATAO AEREO,3,1,401660776;55126676;702266600,702266600
JAB003,STS003,18520749,18521136,SETD JABOATAO,SETD SANTISSIMO,15029,15042,JABOATAO AEREO,SANTISSIMO AEREO,3,1,20662358;20759537;773521249,773521249
LBN00008,SCO4599,55813421,10386060,SETD LEBLON,SETD SAO CONRADO,14992,15053,LEBLON,SAO CONRADO AEREO,3,1,11154741;499692955;499692973,499692955
MNB00008,MNB018,18520902,18520902,SETD MENA BARRETO,SETD MENA BARRETO,15057,15057,MENA BARRETO AEREO,MENA BARRETO AEREO,3,1,20744572;20744607;788374165,788374165
MNB003,MNB012,18520902,18520902,SETD MENA BARRETO,SETD MENA BARRETO,15057,15057,MENA BARRETO AEREO,MENA BARRETO AEREO,3,1,20679875;20679882;791770779,791770779
MNB004,MNB012,18520902,18520902,SETD MENA BARRETO,SETD MENA BARRETO,15057,15057,MENA BARRETO AEREO,MENA BARRETO AEREO,3,1,20679889;764813028;764813040,764813040
MNB009,MNB020,18520902,18520902,SETD MENA BARRETO,SETD MENA BARRETO,15057,15057,MENA BARRETO AEREO,MENA BARRETO AEREO,3,1,20687393;919654663;919654673,919654663
MRT2492,MRT2651,1312,1312,SETD MERITI,SETD MERITI,,14993,,MERITI,3,1,1020580858;1602012;545093273,1020580858
MRT9913,VGE3758,1312,1267,SETD MERITI,SETD VIGARIO GERAL,14993,15062,MERITI,VIGARIO GERAL AEREO,3,1,1632546;1632567;992708470,992708470
MRT9928,MRT9979,1312,1312,SETD MERITI,SETD MERITI,14993,14993,MERITI,MERITI,3,1,1596118;1596195;745047761,745047761
MTO00002,MTO00004,29148432,29148432,SETD MATO ALTO,SETD MATO ALTO,16900,16898,PACIENCIA,MATO ALTO,3,1,142453465;23262669;434909269,434909269
MTO00002,PCI0015,29148432,450101398,SETD MATO ALTO,SETD PACIENCIA,16900,16899,PACIENCIA,ESPERANCA AEREO AT/MT,3,1,20684964;54904423;960125578,960125578
MTO0003,STS001,29148432,18521136,SETD MATO ALTO,SETD SANTISSIMO,16898,15042,MATO ALTO,SANTISSIMO AEREO,3,1,23010353;502359645;997878462,997878462
NIG005,NIG014,18519976,18519976,SETD NOVA IGUACU,SETD NOVA IGUACU,15692,15692,NOVA IGUACU,NOVA IGUACU,3,1,20674142;20674149;997363156,997363156
PCI0004,PCI0014,450101398,450101398,SETD PACIENCIA,SETD PACIENCIA,16900,16900,PACIENCIA,PACIENCIA,3,1,31574401;505090383;539614204,539614204
PCI0008,PCI0012,450101398,450101398,SETD PACIENCIA,SETD PACIENCIA,16900,16900,PACIENCIA,PACIENCIA,3,1,20689003;20689038;756074698,756074698
PCI3354,PCI3620,450101398,450101398,SETD PACIENCIA,SETD PACIENCIA,16897,16897,COSMOS,COSMOS,3,1,20713867;20737870;358261418,358261418
PDD33543,PDD9873,1231,1231,SETD PIEDADE,SETD PIEDADE,14998,14998,PIEDADE,PIEDADE,3,1,1600206;1600283;730229122,730229122
PDG0006,PDG29753,10385916,10385916,SETD PORTA DAGUA,SETD PORTA DAGUA,16902,16902,PORTA DAGUA AEREO,PORTA DAGUA AEREO,3,1,11023484;327765361;461957252,461957252
PDG33678,TQR0006,10385916,10385871,SETD PORTA DAGUA,SETD TAQUARA,16902,15023,PORTA DAGUA AEREO,TAQUARA AEREO,3,1,11025549;11134439;971727982,971727982
PER654,PER852,1240,1240,SETD PEDRO ERNESTO,SETD PEDRO ERNESTO,15061,15061,PEDRO ERNESTO AEREO,PEDRO ERNESTO AEREO,3,1,1630523;1630600;965952535,965952535
PMG003,VVQ9968,18520479,1177,SETD PADRE MIGUEL,SETD VILA VALQUEIRE,15019,15032,PADRE MIGUEL,VILA VALQUEIRE,3,1,1597336;1597343;492268540,492268540
PVN0002,PVN3632,1303,1303,SETD PAVUNA,SETD PAVUNA,14994,14994,PAVUNA,PAVUNA,3,1,1626162;276692605;276692615,276692615
PVN29958,PVN9848,1303,1303,SETD PAVUNA,SETD PAVUNA,14994,14994,PAVUNA,PAVUNA,3,1,20705166;20780158;757307125,757307125
QMD002,STC00013,18520893,34192093,SETD QUEIMADOS,SETD SANTA CLARA,15043,15052,SEROPEDICA AEREO,SANTA CLARA AEREO,3,1,110231356;110304359;131632600,110231356
RCP9818,RCP9893,10386006,10386006,SETD RIO COMPRIDO,SETD RIO COMPRIDO,15058,15058,RIO COMPRIDO AEREO,RIO COMPRIDO AEREO,3,1,11076841;11076876;625146381,625146381
REC00002,REC7,132097219,132097219,SETD RECREIO,SETD RECREIO,14999,14999,RECREIO,RECREIO,3,1,332841168;54697373;960009659,960009659
REC00008,REC0013,132097219,132097219,SETD RECREIO,SETD RECREIO,14999,14999,RECREIO,RECREIO,3,1,11007312;960241500;986602346,960241500
REC0015,REC7,132097219,132097219,SETD RECREIO,SETD RECREIO,14999,14999,RECREIO,RECREIO,3,1,11063997;11064004;330904309,330904309
ROS00019,ROS007,18519985,18519985,SETD ROSALI,SETD ROSALI,14996,14996,ROSALI,ROSALI,3,1,20733929;26362870;636718686,26362870
ROS00022,ROS011,18519985,18519985,SETD ROSALI,SETD ROSALI,14996,14996,ROSALI,ROSALI,3,1,1008961225;120532663;20700945,1008961225
ROS007,SJO0013,18519985,310718139,SETD ROSALI,SETD SAO JOAO,14996,15699,ROSALI,SAO JOAO,3,1,20680316;765345562;765345572,765345572
SCI001,VIG001,18520299,18520371,SETD SANTA CECILIA,SETD VIGARIO,15090,15003,SANTA CECILIA AEREO MT/MT,VIGARIO,3,1,158057994;20677516;696091817,696091817
SCO29909,URG29968,10386060,10385979,SETD SAO CONRADO,SETD URUGUAI,15053,15025,SAO CONRADO AEREO,URUGUAI AEREO,3,1,11076554;347244790;987461151,987461151
SJO0011,SRP007,310718139,18520803,SETD SAO JOAO,SETD SARAPUI,15699,15000,SAO JOAO,SARAPUI,3,1,160419608;20713944;20714000,160419608
SJO0011,SRP010,310718139,18520803,SETD SAO JOAO,SETD SARAPUI,15699,15000,SAO JOAO,SARAPUI,3,1,20729204;765388418;765388427,765388418
SRP0003,SRP001,18520803,18520803,SETD SARAPUI,SETD SARAPUI,15000,15000,SARAPUI,SARAPUI,3,1,505287902;781405038;781405047,781405038
SRP0003,SRP013,18520803,18520803,SETD SARAPUI,SETD SARAPUI,15000,15000,SARAPUI,SARAPUI,3,1,132281227;20807488;738808528,738808528
STC00008,STC00010,34192093,34192093,SETD SANTA CLARA,SETD SANTA CLARA,15052,15052,SANTA CLARA AEREO,SANTA CLARA AEREO,3,1,1001936281;20817781;29907831,1001936281
STC00009,STC00012,34192093,34192093,SETD SANTA CLARA,SETD SANTA CLARA,15052,15052,SANTA CLARA AEREO,SANTA CLARA AEREO,3,1,357630106;357630477;999377030,999377030
TRG848,TRV607,1204,10385898,SETD TRIAGEM,SETD TROVAO,15024,15020,TRIAGEM AEREO,TROVAO AEREO,3,1,1611266;1611301;924876161,924876161
TRS009,TRS010,18520326,18520326,SETD TRES RIOS,SETD TRES RIOS,15088,15088,TRES RIOS AEREO MT/MT,TRES RIOS AEREO MT/MT,3,1,20813847;33845342;466925267,466925267
TRV607,TRV626,10385898,10385898,SETD TROVAO,SETD TROVAO,15020,15020,TROVAO AEREO,TROVAO AEREO,3,1,11056021;499392201;861741465,861741465
TRV669,TRV988,10385898,10385898,SETD TROVAO,SETD TROVAO,15020,15020,TROVAO AEREO,TROVAO AEREO,3,1,11095239;669838293;669838302,669838302
TRV779,TRV856,10385898,10385898,SETD TROVAO,SETD TROVAO,15020,15020,TROVAO AEREO,TROVAO AEREO,3,1,11092131;31312079;841344963,841344963
TUR005,TUR011,1294,1294,SETD TURIACU,SETD TURIACU,15002,15002,TURIACU,TURIACU,3,1,1587186;1587263;483314225,483314225
VGE00001,VGE3919,1267,1267,SETD VIGARIO GERAL,SETD VIGARIO GERAL,15062,15062,VIGARIO GERAL AEREO,VIGARIO GERAL AEREO,3,1,1590203;685966537;926473489,926473489
VGE3237,VGE3890,1267,1267,SETD VIGARIO GERAL,SETD VIGARIO GERAL,15062,15062,VIGARIO GERAL AEREO,VIGARIO GERAL AEREO,3,1,153046778;1595103;937221376,937221376
VIG001,VIG002,18520371,18520371,SETD VIGARIO,SETD VIGARIO,15003,15003,VIGARIO,VIGARIO,3,1,20723541;20745615;624892940,624892940
VRD002,VRD010,18520470,18520470,SETD VOLTA REDONDA,SETD VOLTA REDONDA,15084,15084,VOLTA REDONDA AEREO AT/MT,VOLTA REDONDA AEREO AT/MT,3,1,20689605;20689647;494179422,494179422
VTL004,VTL014,18520794,18520794,SETD VILAR DOS TELES,SETD VILAR DOS TELES,15072,15072,VILAR DOS TELES AEREO,VILAR DOS TELES AEREO,3,1,20732711;20732725;690123205,690123205
VVQ9892,VVQ9939,1177,1177,SETD VILA VALQUEIRE,SETD VILA VALQUEIRE,15032,15032,VILA VALQUEIRE,VILA VALQUEIRE,3,1,1622130;1622186;775341992,775341992
VVQ9903,VVQ9973,1177,1177,SETD VILA VALQUEIRE,SETD VILA VALQUEIRE,15032,15032,VILA VALQUEIRE,VILA VALQUEIRE,3,1,1587375;1621836;971208400,971208400
ABR00019,NIG029,18520731,18519976,SETD AREIA BRANCA,SETD NOVA IGUACU,15054,15692,AREIA BRANCA AEREO,NOVA IGUACU,3,0,20802063;20820931;20821148,
ABR00020,ABR013,18520731,18520731,SETD AREIA BRANCA,SETD AREIA BRANCA,15054,15054,AREIA BRANCA AEREO,AREIA BRANCA AEREO,3,0,132891154;20676676;20676746,
ABR007,ABR010,18520731,18520731,SETD AREIA BRANCA,SETD AREIA BRANCA,15054,15054,AREIA BRANCA AEREO,AREIA BRANCA AEREO,3,0,20670887;20720671;392750806,
ABR008,ABR009,18520731,18520731,SETD AREIA BRANCA,SETD AREIA BRANCA,15054,15054,AREIA BRANCA AEREO,AREIA BRANCA AEREO,3,0,20745895;20745909;20780627,
ABR008,ABR014,18520731,18520731,SETD AREIA BRANCA,SETD AREIA BRANCA,15054,15054,AREIA BRANCA AEREO,AREIA BRANCA AEREO,3,0,20802924;20802938;20802980,
ABR010,CRO0013,18520731,18521055,SETD AREIA BRANCA,SETD COELHO DA ROCHA,15054,15054,AREIA BRANCA AEREO,AREIA BRANCA AEREO,3,0,20670831;20670894;20720699,
ABR014,ABR018,18520731,18520731,SETD AREIA BRANCA,SETD AREIA BRANCA,15054,15054,AREIA BRANCA AEREO,AREIA BRANCA AEREO,3,0,20789317;20789471;20802847,
AFR004,AFR013,18520461,18520461,SETD ARI FRANCO,SETD ARI FRANCO,15010,15010,ARI FRANCO,ARI FRANCO,3,0,20706300;20706440;26193450,
AGR001,MTC012,1285,1276,SETD AGUA GRANDE,SETD MATURACA,15045,15031,AGUA GRANDE AEREO,MATURACA AEREO,3,0,1583322;1583350;1631853,
AGR003,AGR013,1285,1285,SETD AGUA GRANDE,SETD AGUA GRANDE,15045,15045,AGUA GRANDE AEREO,AGUA GRANDE AEREO,3,0,1608228;1608249;1608284,
AGR005,AGR009,1285,1285,SETD AGUA GRANDE,SETD AGUA GRANDE,15045,15045,AGUA GRANDE AEREO,AGUA GRANDE AEREO,3,0,1602733;1602747;1614542,
AGR008,BPN29858,1285,1159,SETD AGUA GRANDE,SETD BRAS DE PINA,15045,15017,AGUA GRANDE AEREO,BRAS DE PINA,3,0,1627345;1627394;1627408,
ALC0001,URG29662,10385889,10385979,SETD ALDEIA CAMPISTA,SETD URUGUAI,15033,15025,ALDEIA CAMPISTA,URUGUAI AEREO,3,0,11155658;11155721;11155728,
BFG24452,HMT3144,10385934,10386096,SETD BOTAFOGO,SETD HUMAITA,15064,15059,BOTAFOGO SUBTERRANEO,HUMAITA SUBTERRANEO,3,0,11180119;11306925;845703375,
BMT29840,BMT29845,1195,1195,SETD BOCA DO MATO,SETD BOCA DO MATO,15055,15055,BOCA DO MATO AEREO,BOCA DO MATO AEREO,3,0,1588229;1588271;537394130,
BPN00001,PER794,1159,1240,SETD BRAS DE PINA,SETD PEDRO ERNESTO,15017,15061,BRAS DE PINA,PEDRO ERNESTO AEREO,3,0,1580935;1580956;1598862,
BPN29676,BPN29858,1159,1159,SETD BRAS DE PINA,SETD BRAS DE PINA,15017,15017,BRAS DE PINA,BRAS DE PINA,3,0,1627296;1627443;1627450,
BPN29676,BPN33195,1159,1159,SETD BRAS DE PINA,SETD BRAS DE PINA,15017,15017,BRAS DE PINA,BRAS DE PINA,3,0,133135488;1581047;1581089,
BPN29869,BPN29881,1159,1159,SETD BRAS DE PINA,SETD BRAS DE PINA,15017,15017,BRAS DE PINA,BRAS DE PINA,3,0,1625539;1625623;1625672,
BRI001,BRI003,18521208,18521208,SETD BRISAMAR,SETD BRISAMAR,15006,15006,BRISA MAR,BRISA MAR,3,0,20789814;20789842;20791011,
BRI003,ITG0008,18521208,310129856,SETD BRISAMAR,SETD ITAGUAI,15006,15694,BRISA MAR,ITAGUAI,3,0,128656948;20782412;776003438,
CAM003,CAM008,18520488,18520488,SETD CAMARA,SETD CAMARA,14991,14991,CAMARA,CAMARA,3,0,20813266;20813273;20813287,
CAM006,CAM007,18520488,18520488,SETD CAMARA,SETD CAMARA,14991,14991,CAMARA,CAMARA,3,0,20680589;20680659;20805458,
CAM010,CAM016,18520488,18520488,SETD CAMARA,SETD CAMARA,14991,14991,CAMARA,CAMARA,3,0,20739956;20739991;20739998,
CAM019,PMG0017,18520488,18520479,SETD CAMARA,SETD PADRE MIGUEL,14991,15019,CAMARA,PADRE MIGUEL,3,0,20698502;20777778;503132294,
CCD241,CCD277,1186,1186,SETD CASCADURA,SETD CASCADURA,15034,15034,CASCADURA AEREO,CASCADURA AEREO,3,0,1583672;1623320;625957853,
CCD34456,CCD652,1186,1186,SETD CASCADURA,SETD CASCADURA,15034,15034,CASCADURA AEREO,CASCADURA AEREO,3,0,1582979;1583077;553213210,
CCD70128,CCD826,1186,1186,SETD CASCADURA,SETD CASCADURA,15034,15034,CASCADURA AEREO,CASCADURA AEREO,3,0,140783367;1589951;1590014,
CEN004,CEN006,18520353,18520353,SETD CENTENARIO,SETD CENTENARIO,15074,15089,CENTENARIO AEREO AT/MT,CENTENARIO AEREO MT/MT,3,0,20696311;20737135;20801160,
CLG0001,CLG0008,1249,1249,SETD COLEGIO,SETD COLEGIO,15021,15021,COLEGIO AEREO,COLEGIO AEREO,3,0,1602376;1613856;584391992,
CLG0009,CLG0015,1249,1249,SETD COLEGIO,SETD COLEGIO,15021,15002,COLEGIO AEREO,TURIACU,3,0,1588992;1589097;1589167,
CLG0016,MTC009,1249,1276,SETD COLEGIO,SETD MATURACA,15021,15031,COLEGIO AEREO,MATURACA AEREO,3,0,1593773;1593836;1630866,
CMS001,PCI3354,18520839,450101398,SETD COSMOS,SETD PACIENCIA,16897,16897,COSMOS,COSMOS,3,0,20713832;20737898;540369985,
CMS003,CMS009,18520839,18520839,SETD COSMOS,SETD COSMOS,16897,16897,COSMOS,COSMOS,3,0,20672518;20814603;20814834,
CMT29092,CMT29117,10386051,10386051,SETD CAMPO MARTE,SETD CAMPO MARTE,15047,15047,CAMPO MARTE AEREO,CAMPO MARTE AEREO,3,0,11038638;11038680;11102417,
CMT29092,CMT29141,10386051,10386051,SETD CAMPO MARTE,SETD CAMPO MARTE,15047,15047,CAMPO MARTE AEREO,CAMPO MARTE AEREO,3,0,11061442;11061498;11061540,
CMT29137,CMT29141,10386051,10386051,SETD CAMPO MARTE,SETD CAMPO MARTE,15047,15047,CAMPO MARTE AEREO,CAMPO MARTE AEREO,3,0,11061568;134234787;746447582,
CRM0005,CRM0008,280389625,280389625,SETD CARMARI,SETD CARMARI,15691,15691,CARMARI,CARMARI,3,0,20673141;20707966;20707980,
CRM0005,CSO00017,280389625,18520821,SETD CARMARI,SETD COMENDADOR SOARES,15691,15048,CARMARI,COMENDADOR SOARES,3,0,20673008;20673050;20673106,
CRM0006,CRM0009,280389625,280389625,SETD CARMARI,SETD CARMARI,15691,15691,CARMARI,CARMARI,3,0,247394532;299047060;538763903,
CRM0006,RFR004,280389625,18520767,SETD CARMARI,SETD ROCHA FREIRE,15691,15693,CARMARI,ROCHA FREIRE AEREO AT/MT,3,0,20678636;20678650;941154693,
CRM0006,RFR007,280389625,18520767,SETD CARMARI,SETD ROCHA FREIRE,15691,15693,CARMARI,ROCHA FREIRE AEREO AT/MT,3,0,20695191;941154693;95970927,
CRO0016,CRO009,18521055,18521055,SETD COELHO DA ROCHA,SETD COELHO DA ROCHA,14996,15035,ROSALI,COELHO DA ROCHA,3,0,20814337;20815569;391497355,
CRO008,CRO012,18521055,18521055,SETD COELHO DA ROCHA,SETD COELHO DA ROCHA,15035,15035,COELHO DA ROCHA,COELHO DA ROCHA,3,0,103313671;20705285;20777561,
CSO00015,CSO006,18520821,18520821,SETD COMENDADOR SOARES,SETD COMENDADOR SOARES,15048,15048,COMENDADOR SOARES,COMENDADOR SOARES,3,0,20672014;20672049;20672091,
CSO00017,CSO010,18520821,18520821,SETD COMENDADOR SOARES,SETD COMENDADOR SOARES,15048,15048,COMENDADOR SOARES,COMENDADOR SOARES,3,0,151964787;59034348;690428085,
CSO002,NIG009,18520821,18519976,SETD COMENDADOR SOARES,SETD NOVA IGUACU,15048,15692,COMENDADOR SOARES,NOVA IGUACU,3,0,132315566;20737464;775672559,
CSO002,NIG030,18520821,18519976,SETD COMENDADOR SOARES,SETD NOVA IGUACU,15048,15692,COMENDADOR SOARES,NOVA IGUACU,3,0,134337932;20689339;20689360,
CSO005,CSO010,18520821,18520821,SETD COMENDADOR SOARES,SETD COMENDADOR SOARES,15048,15048,COMENDADOR SOARES,COMENDADOR SOARES,3,0,20661098;20712054;20819405,
CSO005,QMD007,18520821,18520893,SETD COMENDADOR SOARES,SETD QUEIMADOS,15048,15698,COMENDADOR SOARES,QUEIMADOS AEREO,3,0,20671930;20671937;20703297,
CUR33133,CUR33764,10386042,10386042,SETD CURICICA,SETD CURICICA,16901,16901,CURICICA AEREO,CURICICA AEREO,3,0,11075084;11075280;11095645,
CXS001,CXS008,18520785,18520785,SETD CAXIAS,SETD CAXIAS,15700,15700,CAXIAS AEREO,CAXIAS AEREO,3,0,20717059;20775664;32828238,
CXS0025,CXS022,18520785,18520785,SETD CAXIAS,SETD CAXIAS,15700,15700,CAXIAS AEREO,CAXIAS AEREO,3,0,20727629;20727664;366961195,
CXS003,CXS023,18520785,18520785,SETD CAXIAS,SETD CAXIAS,15700,15700,CAXIAS AEREO,CAXIAS AEREO,3,0,20787833;20807600;285598343,
CXS009,CXS021,18520785,18520785,SETD CAXIAS,SETD CAXIAS,15700,15700,CAXIAS AEREO,CAXIAS AEREO,3,0,1566555;20744761;20744803,
CXS012,CXS022,18520785,18520785,SETD CAXIAS,SETD CAXIAS,15700,15700,CAXIAS AEREO,CAXIAS AEREO,3,0,20728819;20728924;24099382,
CXS015,CXS016,18520785,18520785,SETD CAXIAS,SETD CAXIAS,15700,15700,CAXIAS AEREO,CAXIAS AEREO,3,0,20724668;20724689;97392247,
DMC3326,DMC660,1168,1168,SETD DEMOCRATICOS,SETD DEMOCRATICOS,15056,15056,DEMOCRATICOS AEREO,DEMOCRATICOS AEREO,3,0,1621304;1627667;1627695,
DMC3326,DMC772,1168,1168,SETD DEMOCRATICOS,SETD DEMOCRATICOS,15056,15056,DEMOCRATICOS AEREO,DEMOCRATICOS AEREO,3,0,1623936;1624055;34408300,
DMC3523,DMC631,1168,1168,SETD DEMOCRATICOS,SETD DEMOCRATICOS,15056,15056,DEMOCRATICOS AEREO,DEMOCRATICOS AEREO,3,0,1621542;1621598;288917659,
DMC739,DMC9989,1168,1168,SETD DEMOCRATICOS,SETD DEMOCRATICOS,15056,15056,DEMOCRATICOS AEREO,DEMOCRATICOS AEREO,3,0,1597966;1624069;1624146,
DMC772,DMC925,1168,1168,SETD DEMOCRATICOS,SETD DEMOCRATICOS,15056,15056,DEMOCRATICOS AEREO,DEMOCRATICOS AEREO,3,0,1598127;1628885;1629039,
ESP001,ESP008,18519958,18519958,SETD ESPERANCA,SETD ESPERANCA,16899,16899,ESPERANCA AEREO AT/MT,ESPERANCA AEREO AT/MT,3,0,20704165;20704228;92785268,
ESP018,STS002,18519958,18521136,SETD ESPERANCA,SETD SANTISSIMO,15070,15042,ESPERANCA AEREO MT/MT,SANTISSIMO AEREO,3,0,20716485;20716555;20716639,
FTL002,FTL012,18521064,18521064,SETD FONTINELE,SETD FONTINELE,15007,15007,FONTINELE,FONTINELE,3,0,20715337;20715421;20715477,
GDL0005,GDL24956,1258,1258,SETD GUADALUPE,SETD GUADALUPE,15036,15036,GUADALUPE AEREO,GUADALUPE AEREO,3,0,1618217;1618336;1627023,
GDL24813,GDL24956,1258,1258,SETD GUADALUPE,SETD GUADALUPE,15036,15036,GUADALUPE AEREO,GUADALUPE AEREO,3,0,1610783;1618175;1626974,
GDN0013,PDG33434,457474244,10385916,SETD GARDENIA,SETD PORTA DAGUA,16903,16903,GARDENIA,GARDENIA,3,0,131989615;212540174;654178131,
GNB29069,GNB29373,1150,1150,SETD GUANABARA,SETD GUANABARA,15037,15037,GUANABARA AEREO,GUANABARA AEREO,3,0,1583112;1608536;791714844,
GNB29176,GNB29340,1150,1150,SETD GUANABARA,SETD GUANABARA,15037,15037,GUANABARA AEREO,GUANABARA AEREO,3,0,1629613;1629676;469999856,
GNB29224,GNB33417,1150,1150,SETD GUANABARA,SETD GUANABARA,15037,15037,GUANABARA AEREO,GUANABARA AEREO,3,0,1567255;1567276;469944103,
GNB33406,GNB34726,1150,1150,SETD GUANABARA,SETD GUANABARA,15037,15037,GUANABARA AEREO,GUANABARA AEREO,3,0,1613786;1613793;1617902,
GNB33413,GNB33417,1150,1150,SETD GUANABARA,SETD GUANABARA,15037,15037,GUANABARA AEREO,GUANABARA AEREO,3,0,1602880;1602887;1602901,
HMT3022,HMT3816,10386096,10386096,SETD HUMAITA,SETD HUMAITA,15022,15022,HUMAITA AEREO,HUMAITA AEREO,3,0,11180105;11180168;11180175,
ITG0003,ITG0004,310129856,310129856,SETD ITAGUAI,SETD ITAGUAI,15694,15694,ITAGUAI,ITAGUAI,3,0,136115624;266898244;281261315,
ITG0004,ITG0005,310129856,310129856,SETD ITAGUAI,SETD ITAGUAI,15694,15694,ITAGUAI,ITAGUAI,3,0,137425263;213652280;337453063,
ITG0008,ITG0010,310129856,310129856,SETD ITAGUAI,SETD ITAGUAI,15694,15694,ITAGUAI,ITAGUAI,3,0,20719425;20719432;983673880,
ITP0004,ITP33370,10385988,10385988,SETD ITAPEBA,SETD ITAPEBA,15066,15066,ITAPEBA AEREO URBANO,ITAPEBA AEREO URBANO,3,0,11008635;289374652;6983180,
ITP33172,ITP33370,10385988,10385988,SETD ITAPEBA,SETD ITAPEBA,15066,15066,ITAPEBA AEREO URBANO,ITAPEBA AEREO URBANO,3,0,11008754;11008894;773267888,
JAB00020,JAB008,18520749,18520749,SETD JABOATAO,SETD JABOATAO,15029,15029,JABOATAO AEREO,JABOATAO AEREO,3,0,20781145;22363271;460673218,
JAB00022,JAB002,18520749,18520749,SETD JABOATAO,SETD JABOATAO,15029,15029,JABOATAO AEREO,JABOATAO AEREO,3,0,20659264;20713622;20713706,
JDB625,JDB807,10385880,10385880,SETD JARDIM BOTANICO,SETD JARDIM BOTANICO,15071,15071,JARDIM BOTANICO AEREO,JARDIM BOTANICO AEREO,3,0,11100268;11100303;452265566,
JDB807,JDB814,10385880,10385880,SETD JARDIM BOTANICO,SETD JARDIM BOTANICO,15071,15071,JARDIM BOTANICO AEREO,JARDIM BOTANICO AEREO,3,0,11135181;11206584;25927415,
LPD29027,LPD33251,10386033,10386033,SETD LEOPOLDO,SETD LEOPOLDO,15030,15030,LEOPOLDO AEREO,LEOPOLDO AEREO,3,0,11074804;11074853;502672838,
LPD29304,LPD33246,10386033,10386033,SETD LEOPOLDO,SETD LEOPOLDO,15030,15030,LEOPOLDO AEREO,LEOPOLDO AEREO,3,0,11103523;11137211;11137337,
MNB003,MNB004,18520902,18520902,SETD MENA BARRETO,SETD MENA BARRETO,15057,15057,MENA BARRETO AEREO,MENA BARRETO AEREO,3,0,20709667;20709681;20709688,
MRT29629,MRT29825,1312,1312,SETD MERITI,SETD MERITI,14993,14993,MERITI,MERITI,3,0,113000974;1604490;20705103,
MRT29825,MRT9928,1312,1312,SETD MERITI,SETD MERITI,14993,14993,MERITI,MERITI,3,0,1604392;1604476;1604483,
MRT9941,MRT9954,1312,1312,SETD MERITI,SETD MERITI,14993,14993,MERITI,MERITI,3,0,1622669;1622753;685465129,
MRT9954,VGE3947,1312,1267,SETD MERITI,SETD VIGARIO GERAL,14993,15062,MERITI,VIGARIO GERAL AEREO,3,0,1609978;1610139;1629550,
MTC003,MTC009,1276,1276,SETD MATURACA,SETD MATURACA,15031,15031,MATURACA AEREO,MATURACA AEREO,3,0,1585520;1585597;1604756,
MTO00002,PCI0005,29148432,450101398,SETD MATO ALTO,SETD PACIENCIA,16900,16900,PACIENCIA,PACIENCIA,3,0,132234257;488614276;489438892,
NIG003,NIG023,18519976,18519976,SETD NOVA IGUACU,SETD NOVA IGUACU,15692,15692,NOVA IGUACU,NOVA IGUACU,3,0,20682675;20807264;20807292,
NIG005,NIG006,18519976,18519976,SETD NOVA IGUACU,SETD NOVA IGUACU,15692,15692,NOVA IGUACU,NOVA IGUACU,3,0,20673995;20674212;20674219,
NIG008,NIG028,18519976,18519976,SETD NOVA IGUACU,SETD NOVA IGUACU,15692,,NOVA IGUACU,,3,0,20714420;20714427;20714518,
PCI0006,PCI0010,450101398,450101398,SETD PACIENCIA,SETD PACIENCIA,16900,16900,PACIENCIA,PACIENCIA,3,0,20667618;20667625;468866174,
PCI0013,PCI3620,450101398,450101398,SETD PACIENCIA,SETD PACIENCIA,16900,16897,PACIENCIA,COSMOS,3,0,20737863;20737961;470141490,
PDD29568,PDD9870,1231,1231,SETD PIEDADE,SETD PIEDADE,14998,14998,PIEDADE,PIEDADE,3,0,1603643;1603699;1609145,
PDD3984,PDD9873,1231,1231,SETD PIEDADE,SETD PIEDADE,14998,14998,PIEDADE,PIEDADE,3,0,1600171;1600220;1600339,
PDD9873,TER870,1231,1123,SETD PIEDADE,SETD TERRA NOVA,14998,15044,PIEDADE,TERRA NOVA AEREO,3,0,1600514;1600577;1600598,
PDG0005,PDG29724,10385916,10385916,SETD PORTA DAGUA,SETD PORTA DAGUA,16902,16902,PORTA DAGUA AEREO,PORTA DAGUA AEREO,3,0,1007209254;8635474;958798752,
PDG219,PDG280,10385916,10385916,SETD PORTA DAGUA,SETD PORTA DAGUA,16902,16902,PORTA DAGUA AEREO,PORTA DAGUA AEREO,3,0,11103299;11103306;11155497,
PER0001,PER29478,1240,1240,SETD PEDRO ERNESTO,SETD PEDRO ERNESTO,15061,15015,PEDRO ERNESTO AEREO,RAMOS AEREO,3,0,1594249;1594830;278655472,
PER29452,PER29506,1240,1240,SETD PEDRO ERNESTO,SETD PEDRO ERNESTO,15061,15061,PEDRO ERNESTO AEREO,PEDRO ERNESTO AEREO,3,0,1582573;1582685;1620086,
PER29478,PER29500,1240,1240,SETD PEDRO ERNESTO,SETD PEDRO ERNESTO,15015,15015,RAMOS AEREO,RAMOS AEREO,3,0,1590322;1613282;584525207,
PER29506,PER670,1240,1240,SETD PEDRO ERNESTO,SETD PEDRO ERNESTO,15061,15061,PEDRO ERNESTO AEREO,PEDRO ERNESTO AEREO,3,0,1620093;1620100;1620149,
PER616,PER670,1240,1240,SETD PEDRO ERNESTO,SETD PEDRO ERNESTO,15061,15061,PEDRO ERNESTO AEREO,PEDRO ERNESTO AEREO,3,0,1600017;1600087;1600115,
PER667,PER711,1240,1240,SETD PEDRO ERNESTO,SETD PEDRO ERNESTO,15061,15061,PEDRO ERNESTO AEREO,PEDRO ERNESTO AEREO,3,0,1628052;1628115;1628122,
PER794,PER809,1240,1240,SETD PEDRO ERNESTO,SETD PEDRO ERNESTO,15061,15061,PEDRO ERNESTO AEREO,PEDRO ERNESTO AEREO,3,0,1566639;1566730;1566793,
PMG001,PMG008,18520479,18520479,SETD PADRE MIGUEL,SETD PADRE MIGUEL,15019,15019,PADRE MIGUEL,PADRE MIGUEL,3,0,20659803;20767919;20767961,
PMG0017,PMG007,18520479,18520479,SETD PADRE MIGUEL,SETD PADRE MIGUEL,15019,15019,PADRE MIGUEL,PADRE MIGUEL,3,0,20718011;20816486;608528505,
PMG0017,PMG009,18520479,18520479,SETD PADRE MIGUEL,SETD PADRE MIGUEL,15019,15019,PADRE MIGUEL,PADRE MIGUEL,3,0,20698495;20717976;20718039,
PMG006,PMG014,18520479,18520479,SETD PADRE MIGUEL,SETD PADRE MIGUEL,15019,15019,PADRE MIGUEL,PADRE MIGUEL,3,0,20705481;20705523;20705544,
PVN0002,PVN9874,1303,1303,SETD PAVUNA,SETD PAVUNA,14994,14994,PAVUNA,PAVUNA,3,0,1615088;1626134;261410169,
PVN0006,PVN9848,1303,1303,SETD PAVUNA,SETD PAVUNA,15057,14994,MENA BARRETO AEREO,PAVUNA,3,0,1553598;20675164;20708757,
QMD001,QMD005,18520893,18520893,SETD QUEIMADOS,SETD QUEIMADOS,15698,15692,QUEIMADOS AEREO,NOVA IGUACU,3,0,25671250;25671598;25938552,
RCP29399,RCP9958,10386006,10386006,SETD RIO COMPRIDO,SETD RIO COMPRIDO,15058,15058,RIO COMPRIDO AEREO,RIO COMPRIDO AEREO,3,0,11103740;11103747;564527964,
RFR005,RFR007,18520767,18520767,SETD ROCHA FREIRE,SETD ROCHA FREIRE,15693,15693,ROCHA FREIRE AEREO AT/MT,ROCHA FREIRE AEREO AT/MT,3,0,20684180;20695191;483422847,
RFR006,STC00004,18520767,34192093,SETD ROCHA FREIRE,SETD SANTA CLARA,15693,15052,ROCHA FREIRE AEREO AT/MT,SANTA CLARA AEREO,3,0,20704816;20704830;223339559,
ROS002,ROS007,18519985,18519985,SETD ROSALI,SETD ROSALI,14996,14996,ROSALI,ROSALI,3,0,20733894;20733908;20733915,
ROS005,ROS017,18519985,18519985,SETD ROSALI,SETD ROSALI,14996,14996,ROSALI,ROSALI,3,0,20670250;20804674;780520381,
ROS006,ROS016,18519985,18519985,SETD ROSALI,SETD ROSALI,14996,14996,ROSALI,ROSALI,3,0,120493963;20801958;32145081,
ROS007,ROS008,18519985,18519985,SETD ROSALI,SETD ROSALI,14996,14996,ROSALI,ROSALI,3,0,20660223;20691705;20804688,
RTO00014,RTO013,18520875,18520875,SETD RETIRO,SETD RETIRO,14995,14995,RETIRO,RETIRO,3,0,158985367;158985399;20680169,
SCI007,SCI008,18520299,18520299,SETD SANTA CECILIA,SETD SANTA CECILIA,15090,15090,SANTA CECILIA AEREO MT/MT,SANTA CECILIA AEREO MT/MT,3,0,20699454;360985726;93021097,
SJO0004,SJO0005,310718139,310718139,SETD SAO JOAO,SETD SAO JOAO,15699,15699,SAO JOAO,SAO JOAO,3,0,20677131;20677138;270019637,
STC00002,STC00010,34192093,34192093,SETD SANTA CLARA,SETD SANTA CLARA,15052,15052,SANTA CLARA AEREO,SANTA CLARA AEREO,3,0,20667849;220939424;29831366,
STC00004,STC00006,34192093,34192093,SETD SANTA CLARA,SETD SANTA CLARA,15052,15052,SANTA CLARA AEREO,SANTA CLARA AEREO,3,0,139684636;20704816;20780018,
TER29079,TER950,1123,1123,SETD TERRA NOVA,SETD TERRA NOVA,15044,15044,TERRA NOVA AEREO,TERRA NOVA AEREO,3,0,1606233;1606261;727566782,
TER29152,TER822,1123,1123,SETD TERRA NOVA,SETD TERRA NOVA,15044,15044,TERRA NOVA AEREO,TERRA NOVA AEREO,3,0,1609040;1609068;432023649,
TQR00008,TQR33835,10385871,10385871,SETD TAQUARA,SETD TAQUARA,15023,15023,TAQUARA AEREO,TAQUARA AEREO,3,0,11009741;11052815;996277218,
TQR0007,TQR33830,10385871,10385871,SETD TAQUARA,SETD TAQUARA,15023,15023,TAQUARA AEREO,TAQUARA AEREO,3,0,137253951;257936323;270431842,
TQR60088,TQR60096,10385871,10385871,SETD TAQUARA,SETD TAQUARA,15023,15023,TAQUARA AEREO,TAQUARA AEREO,3,0,11052766;11052843;134110575,
TRG636,TRG729,1204,1204,SETD TRIAGEM,SETD TRIAGEM,15024,15024,TRIAGEM AEREO,TRIAGEM AEREO,3,0,1607878;1608032;37645791,
TRS001,TRS007,18520326,18520326,SETD TRES RIOS,SETD TRES RIOS,15087,15087,TRES RIOS AEREO AT/MT,TRES RIOS AEREO AT/MT,3,0,20727538;20770012;20789583,
TRS006,TRS007,18520326,18520326,SETD TRES RIOS,SETD TRES RIOS,15087,15087,TRES RIOS AEREO AT/MT,TRES RIOS AEREO AT/MT,3,0,20727503;20789597;20789625,
TRS013,TRS014,18520326,18520326,SETD TRES RIOS,SETD TRES RIOS,15088,15087,TRES RIOS AEREO MT/MT,TRES RIOS AEREO AT/MT,3,0,142328274;20677684;277023217,
TRV705,TRV779,10385898,10385898,SETD TROVAO,SETD TROVAO,15020,15020,TROVAO AEREO,TROVAO AEREO,3,0,11092166;11092292;375883938,
TRV845,TRV988,10385898,10385898,SETD TROVAO,SETD TROVAO,15020,15020,TROVAO AEREO,TROVAO AEREO,3,0,11025234;11135433;736472904,
TUR001,TUR007,1294,1294,SETD TURIACU,SETD TURIACU,15002,15002,TURIACU,TURIACU,3,0,1581733;1581740;1581747,
TUR002,TUR011,1294,1294,SETD TURIACU,SETD TURIACU,15002,15002,TURIACU,TURIACU,3,0,1587207;1587305;771636122,
TUR008,TUR009,1294,1294,SETD TURIACU,SETD TURIACU,15002,15002,TURIACU,TURIACU,3,0,1619414;1619428;1626610,
VGE3154,VGE3703,1267,1267,SETD VIGARIO GERAL,SETD VIGARIO GERAL,15062,15062,VIGARIO GERAL AEREO,VIGARIO GERAL AEREO,3,0,1594501;1605022;1605106,
VRD002,VRD0022,18520470,18520470,SETD VOLTA REDONDA,SETD VOLTA REDONDA,15084,15084,VOLTA REDONDA AEREO AT/MT,VOLTA REDONDA AEREO AT/MT,3,0,20757724;20757759;680856938,
VRD002,VRD012,18520470,18520470,SETD VOLTA REDONDA,SETD VOLTA REDONDA,15084,15084,VOLTA REDONDA AEREO AT/MT,VOLTA REDONDA AEREO AT/MT,3,0,20724535;488068923;728924114,
VRD004,VRD011,18520470,18520470,SETD VOLTA REDONDA,SETD VOLTA REDONDA,15084,15084,VOLTA REDONDA AEREO AT/MT,VOLTA REDONDA AEREO AT/MT,3,0,20680967;20681184;796872016,
VRD005,VRD009,18520470,18520470,SETD VOLTA REDONDA,SETD VOLTA REDONDA,15084,15084,VOLTA REDONDA AEREO AT/MT,VOLTA REDONDA AEREO AT/MT,3,0,20700189;20700287;33468111,
VRD007,VRD017,18520470,18520470,SETD VOLTA REDONDA,SETD VOLTA REDONDA,14995,15086,RETIRO,VOLTA REDONDA AEREO MT/MT,3,0,1010446941;20737793;542916412,
VTL004,VTL010,18520794,18520794,SETD VILAR DOS TELES,SETD VILAR DOS TELES,15072,15072,VILAR DOS TELES AEREO,VILAR DOS TELES AEREO,3,0,138631831;20716828;20716877,
VTL009,VTL013,18520794,18520794,SETD VILAR DOS TELES,SETD VILAR DOS TELES,15072,15072,VILAR DOS TELES AEREO,VILAR DOS TELES AEREO,3,0,20816717;20816731;20816745,
WLS00013,WLS00014,18519994,18519994,SETD WASHINGTON LUIS,SETD WASHINGTON LUIS,15073,15073,WASHINGTON LUIS AEREO,WASHINGTON LUIS AEREO,3,0,20693581;20693588;20697732,
ZIN004,ZIN006,18520911,18520911,SETD ZONA INDUSTRIAL,SETD ZONA INDUSTRIAL,15696,15696,ZONA INDUSTRIAL,ZONA INDUSTRIAL,3,0,20721273;26598133;26600334,
CUR33764,TQR33839,10386042,10385871,SETD CURICICA,SETD TAQUARA,16901,15023,CURICICA AEREO,TAQUARA AEREO,2,2,269743163;716312276,269743163;716312276
MNB015,MNB017,18520902,18520902,SETD MENA BARRETO,SETD MENA BARRETO,15057,15057,MENA BARRETO AEREO,MENA BARRETO AEREO,2,2,1001992081;762769060,1001992081;762769060
ABR00020,ABR011,18520731,18520731,SETD AREIA BRANCA,SETD AREIA BRANCA,15054,15054,AREIA BRANCA AEREO,AREIA BRANCA AEREO,2,1,132998614;506975587,506975587
ABR008,ABR016,18520731,18520731,SETD AREIA BRANCA,SETD AREIA BRANCA,15054,15054,AREIA BRANCA AEREO,AREIA BRANCA AEREO,2,1,20686966;977524867,977524867
ABR009,NIG016,18520731,18519976,SETD AREIA BRANCA,SETD NOVA IGUACU,15054,15692,AREIA BRANCA AEREO,NOVA IGUACU,2,1,761042895;761042905,761042905
ABR010,CRO0031,18520731,18521055,SETD AREIA BRANCA,SETD COELHO DA ROCHA,15054,15035,AREIA BRANCA AEREO,COELHO DA ROCHA,2,1,741312060;741312070,741312070
ABR016,NIG008,18520731,18519976,SETD AREIA BRANCA,SETD NOVA IGUACU,15054,15692,AREIA BRANCA AEREO,NOVA IGUACU,2,1,741483741;741483750,741483750
ABR016,NIG012,18520731,18519976,SETD AREIA BRANCA,SETD NOVA IGUACU,15054,15692,AREIA BRANCA AEREO,NOVA IGUACU,2,1,1001446742;20687050,1001446742
ABR018,CRO006,18520731,18521055,SETD AREIA BRANCA,SETD COELHO DA ROCHA,15054,15054,AREIA BRANCA AEREO,AREIA BRANCA AEREO,2,1,111309209;20789394,111309209
AFR005,AFR015,18520461,18520461,SETD ARI FRANCO,SETD ARI FRANCO,15010,15010,ARI FRANCO,ARI FRANCO,2,1,20651810;20717941,20651810
AFR006,AFR013,18520461,18520461,SETD ARI FRANCO,SETD ARI FRANCO,15010,15010,ARI FRANCO,ARI FRANCO,2,1,20717801;960554979,960554979
AFR012,AFR015,18520461,18520461,SETD ARI FRANCO,SETD ARI FRANCO,15010,15010,ARI FRANCO,ARI FRANCO,2,1,20717794;782517161,782517161
AGR004,VGE3703,1285,1267,SETD AGUA GRANDE,SETD VIGARIO GERAL,15045,15062,AGUA GRANDE AEREO,VIGARIO GERAL AEREO,2,1,108938823;1613730,108938823
ALC3601,LPD29232,10385889,10386033,SETD ALDEIA CAMPISTA,SETD LEOPOLDO,15033,15030,ALDEIA CAMPISTA,LEOPOLDO AEREO,2,1,494595875;494595884,494595875
ALC651,CBI33795,10385889,1141,SETD ALDEIA CAMPISTA,SETD CACHAMBI,15033,15027,ALDEIA CAMPISTA,CACHAMBI AEREO,2,1,960709546;960709564,960709564
ALC734,LPD29232,10385889,10386033,SETD ALDEIA CAMPISTA,SETD LEOPOLDO,15033,15030,ALDEIA CAMPISTA,LEOPOLDO AEREO,2,1,1008046620;11136420,1008046620
ALC740,URG29662,10385889,10385979,SETD ALDEIA CAMPISTA,SETD URUGUAI,15033,15025,ALDEIA CAMPISTA,URUGUAI AEREO,2,1,770592706;770592715,770592715
ALC9925,ALC9946,10385889,10385889,SETD ALDEIA CAMPISTA,SETD ALDEIA CAMPISTA,15033,15033,ALDEIA CAMPISTA,ALDEIA CAMPISTA,2,1,529355823;974020904,974020904
ALC9925,RCP9882,10385889,10386006,SETD ALDEIA CAMPISTA,SETD RIO COMPRIDO,15033,15058,ALDEIA CAMPISTA,RIO COMPRIDO AEREO,2,1,23313112;746851189,746851189
ALC9925,URG29706,10385889,10385979,SETD ALDEIA CAMPISTA,SETD URUGUAI,15033,15025,ALDEIA CAMPISTA,URUGUAI AEREO,2,1,1009901594;11035887,1009901594
AVD0001,AVD33340,10385943,10385943,SETD ALVORADA,SETD ALVORADA,15004,15004,ALVORADA,ALVORADA,2,1,478850812;542791660,542791660
AVD30081,ITP0003,10385943,10385988,SETD ALVORADA,SETD ITAPEBA,15004,15066,ALVORADA,ITAPEBA AEREO URBANO,2,1,10917728;11214854,10917728
AVD30282,ITP0002,10385943,10385988,SETD ALVORADA,SETD ITAPEBA,15004,15060,ALVORADA,ITAPEBA SUBTERRANEO,2,1,10917784;50755378,10917784
BAR29407,BAR29691,10385907,10385907,SETD BARRA,SETD BARRA,15013,15013,BARRA AEREO,BARRA AEREO,2,1,11061596;993124980,993124980
BAR29407,BRR38521,10385907,345834478,SETD BARRA,SETD BARRA 2,15013,16902,BARRA AEREO,PORTA DAGUA AEREO,2,1,510934545;510934555,510934555
BAR29691,URG29968,10385907,10385979,SETD BARRA,SETD URUGUAI,15013,15025,BARRA AEREO,URUGUAI AEREO,2,1,803639391;814992614,803639391
BMT29811,PDD3800,1195,1231,SETD BOCA DO MATO,SETD PIEDADE,15055,14998,BOCA DO MATO AEREO,PIEDADE,2,1,1619050;848490193,848490193
BMT29953,CBI33798,1195,1141,SETD BOCA DO MATO,SETD CACHAMBI,15055,15027,BOCA DO MATO AEREO,CACHAMBI AEREO,2,1,1553178;799100745,799100745
BPD24650,FCN758,10385961,10386105,SETD BAEPENDI,SETD FREI CANECA,15026,15049,BAEPENDI AEREO,FREI CANECA AEREO,2,1,425702954;701128616,701128616
BPD24650,SMT33668,10385961,10385997,SETD BAEPENDI,SETD SAMARITANO,15026,15078,BAEPENDI AEREO,SAMARITANO AEREO URBANO,2,1,11308416;972865917,972865917
BPN29676,VGE3703,1159,1267,SETD BRAS DE PINA,SETD VIGARIO GERAL,15017,15062,BRAS DE PINA,VIGARIO GERAL AEREO,2,1,936650222;936650306,936650222
BRI001,ITG0007,18521208,310129856,SETD BRISAMAR,SETD ITAGUAI,15006,15694,BRISA MAR,ITAGUAI,2,1,133393159;498954290,498954290
BRR38521,PDG0006,345834478,10385916,SETD BARRA 2,SETD PORTA DAGUA,16902,16902,PORTA DAGUA AEREO,PORTA DAGUA AEREO,2,1,1004924862;11077506,1004924862
CAM009,CAM010,18520488,18520488,SETD CAMARA,SETD CAMARA,14991,14991,CAMARA,CAMARA,2,1,20694617;702279479,702279479
CAM009,JAB009,18520488,18520749,SETD CAMARA,SETD JABOATAO,14991,15029,CAMARA,JABOATAO AEREO,2,1,689865507;689865516,689865516
CAM017,JAB00021,18520488,18520749,SETD CAMARA,SETD JABOATAO,14991,15029,CAMARA,JABOATAO AEREO,2,1,450693963;720043704,720043704
CAM018,PMG010,18520488,18520479,SETD CAMARA,SETD PADRE MIGUEL,14991,15019,CAMARA,PADRE MIGUEL,2,1,20671762;716496929,716496929
CAM019,PMG002,18520488,18520479,SETD CAMARA,SETD PADRE MIGUEL,14991,14991,CAMARA,CAMARA,2,1,647518078;647518087,647518087
CAM019,PMG004,18520488,18520479,SETD CAMARA,SETD PADRE MIGUEL,14991,15019,CAMARA,PADRE MIGUEL,2,1,20680582;502720142,502720142
CBI24854,CBI34677,1141,1141,SETD CACHAMBI,SETD CACHAMBI,15027,15027,CACHAMBI AEREO,CACHAMBI AEREO,2,1,1601697;967592860,967592860
CBI24876,CBI24955,1141,1141,SETD CACHAMBI,SETD CACHAMBI,15027,15027,CACHAMBI AEREO,CACHAMBI AEREO,2,1,1617538;745249531,745249531
CBI24876,TRG282,1141,1204,SETD CACHAMBI,SETD TRIAGEM,15027,,CACHAMBI AEREO,,2,1,799800562;801200485,799800562
CBI24876,TRG959,1141,1204,SETD CACHAMBI,SETD TRIAGEM,15027,15024,CACHAMBI AEREO,TRIAGEM AEREO,2,1,799800562;801200485,799800562
CBI24896,CBI24982,1141,1141,SETD CACHAMBI,SETD CACHAMBI,15027,15027,CACHAMBI AEREO,CACHAMBI AEREO,2,1,139718427;1596545,139718427
CCD00001,VVQ9973,1186,1177,SETD CASCADURA,SETD VILA VALQUEIRE,15034,15032,CASCADURA AEREO,VILA VALQUEIRE,2,1,1584981;745133578,745133578
CCD237,PDG208,1186,10385916,SETD CASCADURA,SETD PORTA DAGUA,15034,,CASCADURA AEREO,,2,1,11100205;653795960,653795960
CCD255,PDG208,1186,10385916,SETD CASCADURA,SETD PORTA DAGUA,,,,,2,1,699260807;7331245,699260807
CCD277,CCD292,1186,1186,SETD CASCADURA,SETD CASCADURA,15034,,CASCADURA AEREO,,2,1,1006565195;489610507,1006565195
CCD3713,TUR008,1186,1294,SETD CASCADURA,SETD TURIACU,15034,15002,CASCADURA AEREO,TURIACU,2,1,1606674;692600816,692600816
CCD803,CCD826,1186,1186,SETD CASCADURA,SETD CASCADURA,15034,15034,CASCADURA AEREO,CASCADURA AEREO,2,1,1589944;740856782,740856782
CCD815,VVQ9951,1186,1177,SETD CASCADURA,SETD VILA VALQUEIRE,15034,15032,CASCADURA AEREO,VILA VALQUEIRE,2,1,1000141341;336211624,1000141341
CCD910,VVQ9892,1186,1177,SETD CASCADURA,SETD VILA VALQUEIRE,15034,15032,CASCADURA AEREO,VILA VALQUEIRE,2,1,106701654;7686287,7686287
CEN005,SRD004,18520353,18521154,SETD CENTENARIO,SETD SEROPEDICA,15089,15043,CENTENARIO AEREO MT/MT,SEROPEDICA AEREO,2,1,870166236;936796275,936796275
CHR0007,CHR018,18520758,18520758,SETD CACHAMORRA,SETD CACHAMORRA,15029,15011,JABOATAO AEREO,CACHAMORRA,2,1,20769319;756096174,756096174
CHR009,CHR021,18520758,18520758,SETD CACHAMORRA,SETD CACHAMORRA,15011,15011,CACHAMORRA,CACHAMORRA,2,1,20735868;709330228,709330228
CLG0009,TUR011,1249,1294,SETD COLEGIO,SETD TURIACU,15021,15002,COLEGIO AEREO,TURIACU,2,1,1588999;998385127,998385127
CLG0013,VGE33444,1249,1267,SETD COLEGIO,SETD VIGARIO GERAL,15021,15062,COLEGIO AEREO,VIGARIO GERAL AEREO,2,1,1600633;959318325,959318325
CMR1569,CMR33090,10386015,10386015,SETD CAMERINO,SETD CAMERINO,15068,15068,CAMERINO AEREO URBANO,CAMERINO AEREO URBANO,2,1,762893607;762893617,762893607
CMR33090,CMT29137,10386015,10386051,SETD CAMERINO,SETD CAMPO MARTE,15068,15047,CAMERINO AEREO URBANO,CAMPO MARTE AEREO,2,1,471846445;519063016,519063016
CMS003,CMS007,18520839,18520839,SETD COSMOS,SETD COSMOS,16897,16897,COSMOS,COSMOS,2,1,20709002;988272761,988272761
CMS003,JAB013,18520839,18520749,SETD COSMOS,SETD JABOATAO,16897,15029,COSMOS,JABOATAO AEREO,2,1,20814652;753798904,753798904
CMS004,PCI0006,18520839,450101398,SETD COSMOS,SETD PACIENCIA,16900,16900,PACIENCIA,PACIENCIA,2,1,20667653;766771071,766771071
CMS004,PCI0010,18520839,450101398,SETD COSMOS,SETD PACIENCIA,16900,16900,PACIENCIA,PACIENCIA,2,1,20717633;757878187,757878187
CMS008,CMS012,18520839,18520839,SETD COSMOS,SETD COSMOS,16897,16897,COSMOS,COSMOS,2,1,20690095;771670512,771670512
CMS008,JAB00017,18520839,18520749,SETD COSMOS,SETD JABOATAO,16897,15029,COSMOS,JABOATAO AEREO,2,1,480412737;963079850,963079850
CMS009,CMS015,18520839,18520839,SETD COSMOS,SETD COSMOS,16897,16897,COSMOS,COSMOS,2,1,20746763;688972373,688972373
CMS011,JAB00023,18520839,18520749,SETD COSMOS,SETD JABOATAO,16897,15029,COSMOS,JABOATAO AEREO,2,1,678018340;678018413,678018340
CMT29137,TRV705,10386051,10385898,SETD CAMPO MARTE,SETD TROVAO,15047,15020,CAMPO MARTE AEREO,TROVAO AEREO,2,1,445481035;746907047,746907047
CMT29278,CMT29359,10386051,10386051,SETD CAMPO MARTE,SETD CAMPO MARTE,15047,15047,CAMPO MARTE AEREO,CAMPO MARTE AEREO,2,1,770343605;770343666,770343605
CRM0003,CSO013,280389625,18520821,SETD CARMARI,SETD COMENDADOR SOARES,15691,15048,CARMARI,COMENDADOR SOARES,2,1,764821646;764821655,764821655
CRM0008,CSO005,280389625,18520821,SETD CARMARI,SETD COMENDADOR SOARES,15691,15048,CARMARI,COMENDADOR SOARES,2,1,926396232;926396252,926396232
CRM0008,CSO010,280389625,18520821,SETD CARMARI,SETD COMENDADOR SOARES,15691,15048,CARMARI,COMENDADOR SOARES,2,1,550047088;995284863,995284863
CRM0008,CSO013,280389625,18520821,SETD CARMARI,SETD COMENDADOR SOARES,15691,15048,CARMARI,COMENDADOR SOARES,2,1,20715806;970379767,970379767
CRM0012,RFR005,280389625,18520767,SETD CARMARI,SETD ROCHA FREIRE,15691,15693,CARMARI,ROCHA FREIRE AEREO AT/MT,2,1,60064739;780984212,780984212
CRO00010,ROS004,18521055,18519985,SETD COELHO DA ROCHA,SETD ROSALI,15035,14996,COELHO DA ROCHA,ROSALI,2,1,687675608;825989601,825989601
CRO001,CRO007,18521055,18521055,SETD COELHO DA ROCHA,SETD COELHO DA ROCHA,15035,15035,COELHO DA ROCHA,COELHO DA ROCHA,2,1,1007475524;20711151,1007475524
CRO0013,VTL001,18521055,18520794,SETD COELHO DA ROCHA,SETD VILAR DOS TELES,15054,15072,AREIA BRANCA AEREO,VILAR DOS TELES AEREO,2,1,693545531;693545543,693545543
CRO009,ROS007,18521055,18519985,SETD COELHO DA ROCHA,SETD ROSALI,15035,14996,COELHO DA ROCHA,ROSALI,2,1,935138813;935138831,935138831
CSO002,CSO014,18520821,18520821,SETD COMENDADOR SOARES,SETD COMENDADOR SOARES,15048,15048,COMENDADOR SOARES,COMENDADOR SOARES,2,1,697096643;702760414,702760414
CSO003,CSO014,18520821,18520821,SETD COMENDADOR SOARES,SETD COMENDADOR SOARES,15048,15048,COMENDADOR SOARES,COMENDADOR SOARES,2,1,20672175;975893167,975893167
CSO003,NIG005,18520821,18519976,SETD COMENDADOR SOARES,SETD NOVA IGUACU,15048,15692,COMENDADOR SOARES,NOVA IGUACU,2,1,744845871;744845942,744845871
CSO008,CSO010,18520821,18520821,SETD COMENDADOR SOARES,SETD COMENDADOR SOARES,15048,15048,COMENDADOR SOARES,COMENDADOR SOARES,2,1,20819524;761188874,761188874
CUR33119,TQR33839,10386042,10385871,SETD CURICICA,SETD TAQUARA,16901,15023,CURICICA AEREO,TAQUARA AEREO,2,1,11120185;628345391,628345391
CXS004,WLS00013,18520785,18519994,SETD CAXIAS,SETD WASHINGTON LUIS,15700,15073,CAXIAS AEREO,WASHINGTON LUIS AEREO,2,1,952971790;952971799,952971790
CXS006,CXS011,18520785,18520785,SETD CAXIAS,SETD CAXIAS,15700,15700,CAXIAS AEREO,CAXIAS AEREO,2,1,287324441;777085268,777085268
CXS007,CXS011,18520785,18520785,SETD CAXIAS,SETD CAXIAS,15700,15700,CAXIAS AEREO,CAXIAS AEREO,2,1,471923637;865159477,865159477
CXS008,CXS011,18520785,18520785,SETD CAXIAS,SETD CAXIAS,15700,15700,CAXIAS AEREO,CAXIAS AEREO,2,1,466097201;756109079,756109079
CXS009,WLS00011,18520785,18519994,SETD CAXIAS,SETD WASHINGTON LUIS,15700,15073,CAXIAS AEREO,WASHINGTON LUIS AEREO,2,1,111304811;941450993,941450993
DMC3149,TRG742,1168,1204,SETD DEMOCRATICOS,SETD TRIAGEM,15056,15024,DEMOCRATICOS AEREO,TRIAGEM AEREO,2,1,1604553;770274984,770274984
DMC631,RAM0001,1168,1132,SETD DEMOCRATICOS,SETD RAMOS,15056,15056,DEMOCRATICOS AEREO,DEMOCRATICOS AEREO,2,1,630191806;630191815,630191815
ESP001,PCI0004,18519958,450101398,SETD ESPERANCA,SETD PACIENCIA,16899,16900,ESPERANCA AEREO AT/MT,PACIENCIA,2,1,27494647;991630627,991630627
ESP011,PCI0007,18519958,450101398,SETD ESPERANCA,SETD PACIENCIA,16899,16900,ESPERANCA AEREO AT/MT,PACIENCIA,2,1,456508063;691961014,691961014
FCN3728,RCP9818,10386105,10386006,SETD FREI CANECA,SETD RIO COMPRIDO,15049,15058,FREI CANECA AEREO,RIO COMPRIDO AEREO,2,1,625120585;625120595,625120595
FCN604,FCN929,10386105,10386105,SETD FREI CANECA,SETD FREI CANECA,15049,15049,FREI CANECA AEREO,FREI CANECA AEREO,2,1,29164383;341572787,29164383
FCN611,FCN744,10386105,10386105,SETD FREI CANECA,SETD FREI CANECA,15049,15049,FREI CANECA AEREO,FREI CANECA AEREO,2,1,11151619;31350633,31350633
FND3262,GNB34726,1222,1150,SETD FUNDAO,SETD GUANABARA,15040,15037,GOVERNADOR AEREO,GUANABARA AEREO,2,1,1606989;941137501,941137501
FTL002,SDD001,18521064,18520398,SETD FONTINELE,SETD SAUDADE,15007,15001,FONTINELE,SAUDADE,2,1,697933960;803819709,697933960
FTL003,FTL014,18521064,18521064,SETD FONTINELE,SETD FONTINELE,15007,15007,FONTINELE,FONTINELE,2,1,860616431;860616440,860616440
FTL003,VRD017,18521064,18520470,SETD FONTINELE,SETD VOLTA REDONDA,15007,15086,FONTINELE,VOLTA REDONDA AEREO MT/MT,2,1,1003065529;20733775,1003065529
FTL004,FTL007,18521064,18521064,SETD FONTINELE,SETD FONTINELE,15007,15007,FONTINELE,FONTINELE,2,1,1003602355;687636885,1003602355
FTL006,VRD017,18521064,18520470,SETD FONTINELE,SETD VOLTA REDONDA,15007,15086,FONTINELE,VOLTA REDONDA AEREO MT/MT,2,1,32321114;474839307,474839307
FTL012,RTO013,18521064,18520875,SETD FONTINELE,SETD RETIRO,15007,14995,FONTINELE,RETIRO,2,1,264858350;625038995,625038995
FTL013,RTO010,18521064,18520875,SETD FONTINELE,SETD RETIRO,15007,14995,FONTINELE,RETIRO,2,1,653863263;653863272,653863263
GDL00002,VGE3890,1258,1267,SETD GUADALUPE,SETD VIGARIO GERAL,15036,15062,GUADALUPE AEREO,VIGARIO GERAL AEREO,2,1,932699791;932699801,932699801
GDL0003,GDL29969,1258,1258,SETD GUADALUPE,SETD GUADALUPE,15036,15036,GUADALUPE AEREO,GUADALUPE AEREO,2,1,1002451546;539974818,1002451546
GDL24901,PVN9815,1258,1303,SETD GUADALUPE,SETD PAVUNA,15036,14994,GUADALUPE AEREO,PAVUNA,2,1,45490810;458363736,458363736
GDL29585,PMG013,1258,18520479,SETD GUADALUPE,SETD PADRE MIGUEL,15036,15019,GUADALUPE AEREO,PADRE MIGUEL,2,1,1584442;538132727,538132727
GDL29721,TUR006,1258,1294,SETD GUADALUPE,SETD TURIACU,15036,15002,GUADALUPE AEREO,TURIACU,2,1,1588775;778472221,778472221
GDL29721,TUR012,1258,1294,SETD GUADALUPE,SETD TURIACU,15036,15002,GUADALUPE AEREO,TURIACU,2,1,1588705;969207387,969207387
GDL29792,PMG013,1258,18520479,SETD GUADALUPE,SETD PADRE MIGUEL,15036,15019,GUADALUPE AEREO,PADRE MIGUEL,2,1,1584435;538132727,538132727
GDN0012,PDG29857,457474244,10385916,SETD GARDENIA,SETD PORTA DAGUA,16903,16902,GARDENIA,PORTA DAGUA AEREO,2,1,693631368;7313364,693631368
GDN0012,PDG33434,457474244,10385916,SETD GARDENIA,SETD PORTA DAGUA,16903,16903,GARDENIA,GARDENIA,2,1,10917392;11102984,10917392
GDN0012,PDG33670,457474244,10385916,SETD GARDENIA,SETD PORTA DAGUA,16903,16902,GARDENIA,PORTA DAGUA AEREO,2,1,11117560;470068546,470068546
GNB29257,GNB29340,1150,1150,SETD GUANABARA,SETD GUANABARA,15037,15037,GUANABARA AEREO,GUANABARA AEREO,2,1,1629921;707522460,707522460
IMT010,IMT012,18520929,18520929,SETD INMETRO,SETD INMETRO,14997,14997,INMETRO,INMETRO,2,1,495643735;495643745,495643745
INF0003,INF0005,449886789,449886789,SETD INFLUENCIA,SETD INFLUENCIA,15091,15091,SAPUCAIA,SAPUCAIA,2,1,536179105;946324654,946324654
ITP000,ITP33172,10385988,10385988,SETD ITAPEBA,SETD ITAPEBA,15060,15066,ITAPEBA SUBTERRANEO,ITAPEBA AEREO URBANO,2,1,283365421;926984524,283365421
ITP000,REC00008,10385988,132097219,SETD ITAPEBA,SETD RECREIO,15060,14999,ITAPEBA SUBTERRANEO,RECREIO,2,1,132763040;960061157,960061157
ITP000,REC6,10385988,132097219,SETD ITAPEBA,SETD RECREIO,15060,14999,ITAPEBA SUBTERRANEO,RECREIO,2,1,155202367;960061157,960061157
ITP0006,ITP0100,10385988,10385988,SETD ITAPEBA,SETD ITAPEBA,15066,15066,ITAPEBA AEREO URBANO,ITAPEBA AEREO URBANO,2,1,114001509;25317914,25317914
ITP0100,ITP33147,10385988,10385988,SETD ITAPEBA,SETD ITAPEBA,15066,15066,ITAPEBA AEREO URBANO,ITAPEBA AEREO URBANO,2,1,135433284;587591034,587591034
JAB00016,JAB00022,18520749,18520749,SETD JABOATAO,SETD JABOATAO,15029,15029,JABOATAO AEREO,JABOATAO AEREO,2,1,56982503;756310885,756310885
JAB003,JAB012,18520749,18520749,SETD JABOATAO,SETD JABOATAO,15029,15029,JABOATAO AEREO,JABOATAO AEREO,2,1,20781068;685223719,685223719
JAB004,JAB013,18520749,18520749,SETD JABOATAO,SETD JABOATAO,15029,15029,JABOATAO AEREO,JABOATAO AEREO,2,1,20814743;692497749,692497749
JAB007,JAB015,18520749,18520749,SETD JABOATAO,SETD JABOATAO,15029,15029,JABOATAO AEREO,JABOATAO AEREO,2,1,486059348;971873988,971873988
JAB009,STS005,18520749,18521136,SETD JABOATAO,SETD SANTISSIMO,15029,15042,JABOATAO AEREO,SANTISSIMO AEREO,2,1,20738311;689865516,689865516
LPD29159,URG29718,10386033,10385979,SETD LEOPOLDO,SETD URUGUAI,15030,15025,LEOPOLDO AEREO,URUGUAI AEREO,2,1,11093916;998505392,998505392
LPD29168,LPD33251,10386033,10386033,SETD LEOPOLDO,SETD LEOPOLDO,15030,15030,LEOPOLDO AEREO,LEOPOLDO AEREO,2,1,739882027;739882036,739882027
MNB00008,MNB014,18520902,18520902,SETD MENA BARRETO,SETD MENA BARRETO,15057,15057,MENA BARRETO AEREO,MENA BARRETO AEREO,2,1,20727216;960207148,960207148
MNB014,NIG006,18520902,18519976,SETD MENA BARRETO,SETD NOVA IGUACU,15057,15692,MENA BARRETO AEREO,NOVA IGUACU,2,1,20727349;960082684,960082684
MNB016,NIG014,18520902,18519976,SETD MENA BARRETO,SETD NOVA IGUACU,15057,15692,MENA BARRETO AEREO,NOVA IGUACU,2,1,20726971;926786954,926786954
MNB017,PVN0004,18520902,1303,SETD MENA BARRETO,SETD PAVUNA,15057,14994,MENA BARRETO AEREO,PAVUNA,2,1,30032501;584928807,584928807
MRT29825,ROS005,1312,18519985,SETD MERITI,SETD ROSALI,14993,14996,MERITI,ROSALI,2,1,767050196;767050205,767050196
MRT3930,WLS00011,1312,18519994,SETD MERITI,SETD WASHINGTON LUIS,14993,15073,MERITI,WASHINGTON LUIS AEREO,2,1,1607591;941455300,941455300
MRT9928,ROS017,1312,18519985,SETD MERITI,SETD ROSALI,14993,14996,MERITI,ROSALI,2,1,746400357;746400367,746400367
MRT9954,ROS016,1312,18519985,SETD MERITI,SETD ROSALI,14993,14996,MERITI,ROSALI,2,1,25223422;621719771,621719771
MRT9954,VGE35061,1312,1267,SETD MERITI,SETD VIGARIO GERAL,14993,15062,MERITI,VIGARIO GERAL AEREO,2,1,1610279;990183590,990183590
MTO00001,PCI0005,29148432,450101398,SETD MATO ALTO,SETD PACIENCIA,16898,16900,MATO ALTO,PACIENCIA,2,1,22686664;988229752,988229752
NIG003,NIG012,18519976,18519976,SETD NOVA IGUACU,SETD NOVA IGUACU,15692,15692,NOVA IGUACU,NOVA IGUACU,2,1,697122427;702777580,702777580
NIG012,NIG013,18519976,18519976,SETD NOVA IGUACU,SETD NOVA IGUACU,15692,15692,NOVA IGUACU,NOVA IGUACU,2,1,755469277;755469286,755469277
NIG030,STC00008,18519976,34192093,SETD NOVA IGUACU,SETD SANTA CLARA,15692,15052,NOVA IGUACU,SANTA CLARA AEREO,2,1,1007694522;20748142,1007694522
PCI0006,PCI3620,450101398,450101398,SETD PACIENCIA,SETD PACIENCIA,16900,16897,PACIENCIA,COSMOS,2,1,20815828;771915285,771915285
PDD33543,PDD3984,1231,1231,SETD PIEDADE,SETD PIEDADE,14998,14998,PIEDADE,PIEDADE,2,1,1588425;988345752,988345752
PDD9873,TER913,1231,1123,SETD PIEDADE,SETD TERRA NOVA,14998,15044,PIEDADE,TERRA NOVA AEREO,2,1,1600500;869822754,869822754
PDG208,PDG280,10385916,10385916,SETD PORTA DAGUA,SETD PORTA DAGUA,,16902,,PORTA DAGUA AEREO,2,1,696727360;878294821,696727360
PDG208,TQR00001,10385916,10385871,SETD PORTA DAGUA,SETD TAQUARA,,15023,,TAQUARA AEREO,2,1,131940431;696727360,696727360
PDG29724,PDG33651,10385916,10385916,SETD PORTA DAGUA,SETD PORTA DAGUA,16902,16902,PORTA DAGUA AEREO,PORTA DAGUA AEREO,2,1,11102452;688882188,688882188
PDG29731,PDG29820,10385916,10385916,SETD PORTA DAGUA,SETD PORTA DAGUA,16902,16902,PORTA DAGUA AEREO,PORTA DAGUA AEREO,2,1,11064781;30946879,30946879
PDG29776,PDG33499,10385916,10385916,SETD PORTA DAGUA,SETD PORTA DAGUA,16902,16902,PORTA DAGUA AEREO,PORTA DAGUA AEREO,2,1,137451227;707818751,707818751
PDG29820,PDG33651,10385916,10385916,SETD PORTA DAGUA,SETD PORTA DAGUA,16902,16902,PORTA DAGUA AEREO,PORTA DAGUA AEREO,2,1,139366213;765062074,765062074
PDG33010,PDG33662,10385916,10385916,SETD PORTA DAGUA,SETD PORTA DAGUA,16902,16902,PORTA DAGUA AEREO,PORTA DAGUA AEREO,2,1,138928290;764718551,764718551
PMG00019,PMG0017,18520479,18520479,SETD PADRE MIGUEL,SETD PADRE MIGUEL,15019,15019,PADRE MIGUEL,PADRE MIGUEL,2,1,20777771;757861011,757861011
PMG001,PMG005,18520479,18520479,SETD PADRE MIGUEL,SETD PADRE MIGUEL,15019,15019,PADRE MIGUEL,PADRE MIGUEL,2,1,20659726;996508658,996508658
PMG005,PMG009,18520479,18520479,SETD PADRE MIGUEL,SETD PADRE MIGUEL,15019,15019,PADRE MIGUEL,PADRE MIGUEL,2,1,675060043;772542216,772542216
PVN0002,PVN0006,1303,1303,SETD PAVUNA,SETD PAVUNA,14994,15057,PAVUNA,MENA BARRETO AEREO,2,1,1007273715;261015118,1007273715
QMD004,SRD004,18520893,18521154,SETD QUEIMADOS,SETD SEROPEDICA,15698,15043,QUEIMADOS AEREO,SEROPEDICA AEREO,2,1,20721154;628560015,628560015
REC00001,REC00003,132097219,132097219,SETD RECREIO,SETD RECREIO,14999,14999,RECREIO,RECREIO,2,1,773224939;773224948,773224939
REC00005,REC9,132097219,132097219,SETD RECREIO,SETD RECREIO,14999,14999,RECREIO,RECREIO,2,1,11055762;921591233,921591233
ROS00020,ROS014,18519985,18519985,SETD ROSALI,SETD ROSALI,14996,14996,ROSALI,ROSALI,2,1,139739701;986808500,986808500
ROS001,VGE00002,18519985,1267,SETD ROSALI,SETD VIGARIO GERAL,14996,14996,ROSALI,ROSALI,2,1,955170331;955170340,955170331
ROS003,ROS018,18519985,18519985,SETD ROSALI,SETD ROSALI,14996,14996,ROSALI,ROSALI,2,1,474207972;537497157,537497157
ROS012,ROS013,18519985,18519985,SETD ROSALI,SETD ROSALI,14996,14996,ROSALI,ROSALI,2,1,20722820;782220810,782220810
RTO001,VRD014,18520875,18520470,SETD RETIRO,SETD VOLTA REDONDA,14995,15084,RETIRO,VOLTA REDONDA AEREO AT/MT,2,1,774568951;774568960,774568960
RTO002,RTO007,18520875,18520875,SETD RETIRO,SETD RETIRO,14995,14995,RETIRO,RETIRO,2,1,742338238;742338247,742338247
RTO003,VRD019,18520875,18520470,SETD RETIRO,SETD VOLTA REDONDA,14995,15086,RETIRO,VOLTA REDONDA AEREO MT/MT,2,1,702094835;702094844,702094844
RTO006,RTO007,18520875,18520875,SETD RETIRO,SETD RETIRO,14995,14995,RETIRO,RETIRO,2,1,685210835;685210846,685210846
RTO009,VRD006,18520875,18520470,SETD RETIRO,SETD VOLTA REDONDA,14995,15084,RETIRO,VOLTA REDONDA AEREO AT/MT,2,1,645624481;793239283,793239283
SAT1038,SAT9693,10385970,10385970,SETD SANTO ANTONIO,SETD SANTO ANTONIO,15083,15083,SANTO ANTONIO SUBTERRANEO,SANTO ANTONIO SUBTERRANEO,2,1,11178824;732384743,732384743
SCI001,VRD021,18520299,18520470,SETD SANTA CECILIA,SETD VOLTA REDONDA,15090,15086,SANTA CECILIA AEREO MT/MT,VOLTA REDONDA AEREO MT/MT,2,1,482702344;482702354,482702344
SCI007,VIG002,18520299,18520371,SETD SANTA CECILIA,SETD VIGARIO,15090,15003,SANTA CECILIA AEREO MT/MT,VIGARIO,2,1,1003469163;494875078,1003469163
SCO0001,SCO29909,10386060,10386060,SETD SAO CONRADO,SETD SAO CONRADO,15053,15053,SAO CONRADO AEREO,SAO CONRADO AEREO,2,1,11036762;496429537,496429537
SCO24005,SCO29085,10386060,10386060,SETD SAO CONRADO,SETD SAO CONRADO,15053,15053,SAO CONRADO AEREO,SAO CONRADO AEREO,2,1,11062086;999080752,999080752
SCO33618,SCO33654,10386060,10386060,SETD SAO CONRADO,SETD SAO CONRADO,15053,15053,SAO CONRADO AEREO,SAO CONRADO AEREO,2,1,754494572;754494590,754494572
SDD002,VRD015,18520398,18520470,SETD SAUDADE,SETD VOLTA REDONDA,15001,15086,SAUDADE,VOLTA REDONDA AEREO MT/MT,2,1,298280749;499117598,499117598
SJO0006,VTL005,310718139,18520794,SETD SAO JOAO,SETD VILAR DOS TELES,15699,15072,SAO JOAO,VILAR DOS TELES AEREO,2,1,761957519;761957529,761957529
SJO0011,SRP004,310718139,18520803,SETD SAO JOAO,SETD SARAPUI,15699,15000,SAO JOAO,SARAPUI,2,1,22505668;30900294,30900294
SMT0001,SMT33668,10385997,10385997,SETD SAMARITANO,SETD SAMARITANO,15076,15078,SAMARITANO SUBTERRANEO,SAMARITANO AEREO URBANO,2,1,732393294;732393397,732393294
SRP014,VTL010,18520803,18520794,SETD SARAPUI,SETD VILAR DOS TELES,15000,15072,SARAPUI,VILAR DOS TELES AEREO,2,1,20716814;762558671,762558671
TER928,TER950,1123,1123,SETD TERRA NOVA,SETD TERRA NOVA,15044,15044,TERRA NOVA AEREO,TERRA NOVA AEREO,2,1,469789390;937229962,937229962
TQR00002,TQR00004,10385871,10385871,SETD TAQUARA,SETD TAQUARA,15023,15023,TAQUARA AEREO,TAQUARA AEREO,2,1,498189914;703009466,703009466
TQR0007,TQR33859,10385871,10385871,SETD TAQUARA,SETD TAQUARA,15023,15023,TAQUARA AEREO,TAQUARA AEREO,2,1,456619686;625884927,625884927
TQR33842,TQR60111,10385871,10385871,SETD TAQUARA,SETD TAQUARA,15023,15023,TAQUARA AEREO,TAQUARA AEREO,2,1,11056406;998685703,998685703
TRG2H035,TRV607,1204,10385898,SETD TRIAGEM,SETD TROVAO,15024,15020,TRIAGEM AEREO,TROVAO AEREO,2,1,1611301;924876161,924876161
TRG742,TRG959,1204,1204,SETD TRIAGEM,SETD TRIAGEM,15024,15024,TRIAGEM AEREO,TRIAGEM AEREO,2,1,1007329492;1599989,1007329492
TRS002,TRS011,18520326,18520326,SETD TRES RIOS,SETD TRES RIOS,15087,15088,TRES RIOS AEREO AT/MT,TRES RIOS AEREO MT/MT,2,1,20687449;983648110,983648110
TRS007,TRS010,18520326,18520326,SETD TRES RIOS,SETD TRES RIOS,15087,15088,TRES RIOS AEREO AT/MT,TRES RIOS AEREO MT/MT,2,1,57187510;655865618,655865618
TUR001,TUR008,1294,1294,SETD TURIACU,SETD TURIACU,15002,15002,TURIACU,TURIACU,2,1,1622788;707470912,707470912
TUR004,TUR012,1294,1294,SETD TURIACU,SETD TURIACU,15002,15002,TURIACU,TURIACU,2,1,984137656;984137665,984137656
URG29718,URG29931,10385979,10385979,SETD URUGUAI,SETD URUGUAI,15025,15025,URUGUAI AEREO,URUGUAI AEREO,2,1,823645024;824211896,824211896
URG29944,URG29990,10385979,10385979,SETD URUGUAI,SETD URUGUAI,15025,15025,URUGUAI AEREO,URUGUAI AEREO,2,1,11138016;626065285,626065285
URG29970,URG29983,10385979,10385979,SETD URUGUAI,SETD URUGUAI,15025,15025,URUGUAI AEREO,URUGUAI AEREO,2,1,11006717;977477633,977477633
URG29975,URG29990,10385979,10385979,SETD URUGUAI,SETD URUGUAI,15025,15025,URUGUAI AEREO,URUGUAI AEREO,2,1,1029641095;11117637,1029641095
VGE00001,VGE3758,1267,1267,SETD VIGARIO GERAL,SETD VIGARIO GERAL,15062,15062,VIGARIO GERAL AEREO,VIGARIO GERAL AEREO,2,1,1632497;989359138,989359138
VGE3665,VGE3740,1267,1267,SETD VIGARIO GERAL,SETD VIGARIO GERAL,15062,15062,VIGARIO GERAL AEREO,VIGARIO GERAL AEREO,2,1,1599387;918735717,918735717
VRD003,VRD009,18520470,18520470,SETD VOLTA REDONDA,SETD VOLTA REDONDA,15084,15084,VOLTA REDONDA AEREO AT/MT,VOLTA REDONDA AEREO AT/MT,2,1,1009304762;135823734,1009304762
VRD004,VRD021,18520470,18520470,SETD VOLTA REDONDA,SETD VOLTA REDONDA,15084,15086,VOLTA REDONDA AEREO AT/MT,VOLTA REDONDA AEREO MT/MT,2,1,20718466;461223510,461223510
VVQ9922,VVQ9968,1177,1177,SETD VILA VALQUEIRE,SETD VILA VALQUEIRE,15032,15032,VILA VALQUEIRE,VILA VALQUEIRE,2,1,1582272;771936753,771936753
ABR00020,ABR001,18520731,18520731,SETD AREIA BRANCA,SETD AREIA BRANCA,15054,15054,AREIA BRANCA AEREO,AREIA BRANCA AEREO,2,0,20671258;20671265,
ABR00021,ABR002,18520731,18520731,SETD AREIA BRANCA,SETD AREIA BRANCA,15054,15054,AREIA BRANCA AEREO,AREIA BRANCA AEREO,2,0,20661651;710609789,
ABR00021,ABR013,18520731,18520731,SETD AREIA BRANCA,SETD AREIA BRANCA,15054,15054,AREIA BRANCA AEREO,AREIA BRANCA AEREO,2,0,134586939;20676816,
ABR002,ABR015,18520731,18520731,SETD AREIA BRANCA,SETD AREIA BRANCA,15054,15054,AREIA BRANCA AEREO,AREIA BRANCA AEREO,2,0,20661686;29311306,
ABR002,VTL004,18520731,18520794,SETD AREIA BRANCA,SETD VILAR DOS TELES,15054,15072,AREIA BRANCA AEREO,VILAR DOS TELES AEREO,2,0,571145007;571145036,
ABR003,CRO006,18520731,18521055,SETD AREIA BRANCA,SETD COELHO DA ROCHA,15054,15054,AREIA BRANCA AEREO,AREIA BRANCA AEREO,2,0,20747750;20747757,
ABR004,ABR009,18520731,18520731,SETD AREIA BRANCA,SETD AREIA BRANCA,15054,15054,AREIA BRANCA AEREO,AREIA BRANCA AEREO,2,0,20819657;20819706,
ABR004,ABR016,18520731,18520731,SETD AREIA BRANCA,SETD AREIA BRANCA,15054,15054,AREIA BRANCA AEREO,AREIA BRANCA AEREO,2,0,20686945;20819685,
ABR007,ABR015,18520731,18520731,SETD AREIA BRANCA,SETD AREIA BRANCA,15054,15054,AREIA BRANCA AEREO,AREIA BRANCA AEREO,2,0,111291997;20761105,
ABR007,VTL3781,18520731,18520794,SETD AREIA BRANCA,SETD VILAR DOS TELES,15054,15072,AREIA BRANCA AEREO,VILAR DOS TELES AEREO,2,0,20746987;20746994,
ABR008,NIG008,18520731,18519976,SETD AREIA BRANCA,SETD NOVA IGUACU,15054,15692,AREIA BRANCA AEREO,NOVA IGUACU,2,0,20714427;20714441,
ABR008,NIG016,18520731,18519976,SETD AREIA BRANCA,SETD NOVA IGUACU,15054,15692,AREIA BRANCA AEREO,NOVA IGUACU,2,0,20714441;20714469,
ABR011,ABR013,18520731,18520731,SETD AREIA BRANCA,SETD AREIA BRANCA,15054,15054,AREIA BRANCA AEREO,AREIA BRANCA AEREO,2,0,20671524;20676578,
ABR016,NIG013,18520731,18519976,SETD AREIA BRANCA,SETD NOVA IGUACU,15054,15692,AREIA BRANCA AEREO,NOVA IGUACU,2,0,20686791;20686910,
ABR017,NIG029,18520731,18519976,SETD AREIA BRANCA,SETD NOVA IGUACU,15054,15692,AREIA BRANCA AEREO,NOVA IGUACU,2,0,20766211;20766358,
AFR001,AFR008,18520461,18520461,SETD ARI FRANCO,SETD ARI FRANCO,15010,15010,ARI FRANCO,ARI FRANCO,2,0,20720902;20720916,
AFR001,CAM001,18520461,18520488,SETD ARI FRANCO,SETD CAMARA,15010,14991,ARI FRANCO,CAMARA,2,0,20805843;20805920,
AFR002,AFR010,18520461,18520461,SETD ARI FRANCO,SETD ARI FRANCO,15010,15010,ARI FRANCO,ARI FRANCO,2,0,20670775;20675402,
AFR002,CAM002,18520461,18520488,SETD ARI FRANCO,SETD CAMARA,15010,14991,ARI FRANCO,CAMARA,2,0,20675360;20675388,
AFR003,AFR007,18520461,18520461,SETD ARI FRANCO,SETD ARI FRANCO,15010,15010,ARI FRANCO,ARI FRANCO,2,0,20670754;915562557,
AFR005,AFR006,18520461,18520461,SETD ARI FRANCO,SETD ARI FRANCO,15010,15010,ARI FRANCO,ARI FRANCO,2,0,20694883;20694911,
AFR005,PMG002,18520461,18520479,SETD ARI FRANCO,SETD PADRE MIGUEL,15010,14991,ARI FRANCO,CAMARA,2,0,20695555;20805990,
AFR007,AFR010,18520461,18520461,SETD ARI FRANCO,SETD ARI FRANCO,15010,15010,ARI FRANCO,ARI FRANCO,2,0,20806851;470313264,
AFR014,CAM012,18520461,18520488,SETD ARI FRANCO,SETD CAMARA,15010,14991,ARI FRANCO,CAMARA,2,0,20231120;20231127,
AFR015,CAM001,18520461,18520488,SETD ARI FRANCO,SETD CAMARA,15010,14991,ARI FRANCO,CAMARA,2,0,131379336;20717920,
AGR002,AGR006,1285,1285,SETD AGUA GRANDE,SETD AGUA GRANDE,15045,15045,AGUA GRANDE AEREO,AGUA GRANDE AEREO,2,0,15033302;1611763,
AGR002,AGR008,1285,1285,SETD AGUA GRANDE,SETD AGUA GRANDE,15045,15045,AGUA GRANDE AEREO,AGUA GRANDE AEREO,2,0,1614647;1614710,
AGR004,VGE3154,1285,1267,SETD AGUA GRANDE,SETD VIGARIO GERAL,15045,15062,AGUA GRANDE AEREO,VIGARIO GERAL AEREO,2,0,1605057;1605176,
AGR008,VGE3703,1285,1267,SETD AGUA GRANDE,SETD VIGARIO GERAL,15045,15062,AGUA GRANDE AEREO,VIGARIO GERAL AEREO,2,0,1601242;1601340,
ALC0001,LPD29159,10385889,10386033,SETD ALDEIA CAMPISTA,SETD LEOPOLDO,15033,15030,ALDEIA CAMPISTA,LEOPOLDO AEREO,2,0,1006045574;656879033,
ALC3403,ALC734,10385889,10385889,SETD ALDEIA CAMPISTA,SETD ALDEIA CAMPISTA,15030,15033,LEOPOLDO AEREO,ALDEIA CAMPISTA,2,0,11026872;11057015,
ALC3403,LPD29168,10385889,10386033,SETD ALDEIA CAMPISTA,SETD LEOPOLDO,15030,15030,LEOPOLDO AEREO,LEOPOLDO AEREO,2,0,11008208;145862944,
ALC651,ALC9801,10385889,10385889,SETD ALDEIA CAMPISTA,SETD ALDEIA CAMPISTA,15033,15033,ALDEIA CAMPISTA,ALDEIA CAMPISTA,2,0,491328161;689036772,
ALC683,ALC718,10385889,10385889,SETD ALDEIA CAMPISTA,SETD ALDEIA CAMPISTA,15033,15033,ALDEIA CAMPISTA,ALDEIA CAMPISTA,2,0,11121256;489812358,
ALC683,ALC740,10385889,10385889,SETD ALDEIA CAMPISTA,SETD ALDEIA CAMPISTA,15033,15033,ALDEIA CAMPISTA,ALDEIA CAMPISTA,2,0,11121270;11154566,
ALC683,ALC868,10385889,10385889,SETD ALDEIA CAMPISTA,SETD ALDEIA CAMPISTA,15033,15033,ALDEIA CAMPISTA,ALDEIA CAMPISTA,2,0,11121256;11121319,
ALC718,ALC740,10385889,10385889,SETD ALDEIA CAMPISTA,SETD ALDEIA CAMPISTA,15033,15033,ALDEIA CAMPISTA,ALDEIA CAMPISTA,2,0,11036489;11154538,
ALC734,ALC9801,10385889,10385889,SETD ALDEIA CAMPISTA,SETD ALDEIA CAMPISTA,15033,15033,ALDEIA CAMPISTA,ALDEIA CAMPISTA,2,0,11026914;11153355,
ALC740,ALC9925,10385889,10385889,SETD ALDEIA CAMPISTA,SETD ALDEIA CAMPISTA,15033,15033,ALDEIA CAMPISTA,ALDEIA CAMPISTA,2,0,253542050;494303815,
ALC740,ALC9946,10385889,10385889,SETD ALDEIA CAMPISTA,SETD ALDEIA CAMPISTA,15033,15033,ALDEIA CAMPISTA,ALDEIA CAMPISTA,2,0,284978082;903994351,
AVD33340,AVD33625,10385943,10385943,SETD ALVORADA,SETD ALVORADA,15004,15004,ALVORADA,ALVORADA,2,0,11079564;29427437,
AVD33357,AVD33625,10385943,10385943,SETD ALVORADA,SETD ALVORADA,15004,15004,ALVORADA,ALVORADA,2,0,237643231;37992803,
BAR000,BAR3176,10385907,10385907,SETD BARRA,SETD BARRA,15013,15013,BARRA AEREO,BARRA AEREO,2,0,11079851;730529706,
BAR2477,BAR33368,10385907,10385907,SETD BARRA,SETD BARRA,15013,15013,BARRA AEREO,BARRA AEREO,2,0,11104048;532305372,
BAR2477,BAR4472,10385907,10385907,SETD BARRA,SETD BARRA,15013,15013,BARRA AEREO,BARRA AEREO,2,0,11065159;534358502,
BAR29386,BAR33398,10385907,10385907,SETD BARRA,SETD BARRA,15013,15013,BARRA AEREO,BARRA AEREO,2,0,54541314;702897801,
BAR29680,BAR3121,10385907,10385907,SETD BARRA,SETD BARRA,15689,15690,BARRA 2,BARRA SUBTERRANEO,2,0,37950517;40617132,
BAR30673,BAR4998,10385907,10385907,SETD BARRA,SETD BARRA,15013,15013,BARRA AEREO,BARRA AEREO,2,0,11092803;51292102,
BMT0001,PDD29513,1195,1231,SETD BOCA DO MATO,SETD PIEDADE,14998,14998,PIEDADE,PIEDADE,2,0,1607129;654263917,
BMT29737,BMT29953,1195,1195,SETD BOCA DO MATO,SETD BOCA DO MATO,15055,15055,BOCA DO MATO AEREO,BOCA DO MATO AEREO,2,0,1616670;1616831,
BMT29822,BMT29840,1195,1195,SETD BOCA DO MATO,SETD BOCA DO MATO,15055,15055,BOCA DO MATO AEREO,BOCA DO MATO AEREO,2,0,1589454;1589524,
BMT29840,CBI24955,1195,1141,SETD BOCA DO MATO,SETD CACHAMBI,15055,15027,BOCA DO MATO AEREO,CACHAMBI AEREO,2,0,1594592;1595866,
BPD4302,BPD4990,10385961,10385961,SETD BAEPENDI,SETD BAEPENDI,15063,15063,BAEPENDI SUBTERRANEO,BAEPENDI SUBTERRANEO,2,0,11255206;11255213,
BPN20131,TRG275,1159,1204,SETD BRAS DE PINA,SETD TRIAGEM,15024,,TRIAGEM AEREO,,2,0,1605743;1605862,
BPN29431,BPN29522,1159,1159,SETD BRAS DE PINA,SETD BRAS DE PINA,15017,15017,BRAS DE PINA,BRAS DE PINA,2,0,1626428;1626470,
BPN29522,PER0002,1159,1240,SETD BRAS DE PINA,SETD PEDRO ERNESTO,15017,15061,BRAS DE PINA,PEDRO ERNESTO AEREO,2,0,139293152;1626484,
BPN29575,BPN29590,1159,1159,SETD BRAS DE PINA,SETD BRAS DE PINA,15017,15017,BRAS DE PINA,BRAS DE PINA,2,0,1612918;1629158,
BPN29590,BPN29858,1159,1159,SETD BRAS DE PINA,SETD BRAS DE PINA,15017,15017,BRAS DE PINA,BRAS DE PINA,2,0,1629144;1629186,
BPN29858,VGE3703,1159,1267,SETD BRAS DE PINA,SETD VIGARIO GERAL,15017,15062,BRAS DE PINA,VIGARIO GERAL AEREO,2,0,1627177;1627331,
BPN29872,BPN29915,1159,1159,SETD BRAS DE PINA,SETD BRAS DE PINA,15017,15017,BRAS DE PINA,BRAS DE PINA,2,0,1581362;1581495,
BPN29872,PER763,1159,1240,SETD BRAS DE PINA,SETD PEDRO ERNESTO,15017,15061,BRAS DE PINA,PEDRO ERNESTO AEREO,2,0,1617293;1619715,
BPN29881,BPN29904,1159,1159,SETD BRAS DE PINA,SETD BRAS DE PINA,15017,15017,BRAS DE PINA,BRAS DE PINA,2,0,1606499;1628458,
BPN29904,BPN29920,1159,1159,SETD BRAS DE PINA,SETD BRAS DE PINA,15017,15045,BRAS DE PINA,AGUA GRANDE AEREO,2,0,1605344;35670395,
BRI00005,ITG0005,18521208,310129856,SETD BRISAMAR,SETD ITAGUAI,15006,15694,BRISA MAR,ITAGUAI,2,0,20800558;276640970,
BRI002,ITG0008,18521208,310129856,SETD BRISAMAR,SETD ITAGUAI,15006,15694,BRISA MAR,ITAGUAI,2,0,20782230;344670826,
BRI002,ITG0011,18521208,310129856,SETD BRISAMAR,SETD ITAGUAI,15006,15694,BRISA MAR,ITAGUAI,2,0,20708064;821648732,
CAM004,STS006,18520488,18521136,SETD CAMARA,SETD SANTISSIMO,14991,15042,CAMARA,SANTISSIMO AEREO,2,0,20802707;20804310,
CAM008,STS005,18520488,18521136,SETD CAMARA,SETD SANTISSIMO,14991,15042,CAMARA,SANTISSIMO AEREO,2,0,20813287;20813315,
CAM009,CAM017,18520488,18520488,SETD CAMARA,SETD CAMARA,14991,14991,CAMARA,CAMARA,2,0,138078009;20694596,
CAM013,CAM020,18520488,18520488,SETD CAMARA,SETD CAMARA,14991,14991,CAMARA,CAMARA,2,0,20673421;20673442,
CAM018,PMG004,18520488,18520479,SETD CAMARA,SETD PADRE MIGUEL,14991,15019,CAMARA,PADRE MIGUEL,2,0,20671804;20680785,
CBI24801,CBI33810,1141,1141,SETD CACHAMBI,SETD CACHAMBI,15027,15027,CACHAMBI AEREO,CACHAMBI AEREO,2,0,1625784;487884422,
CBI24826,CBI24833,1141,1141,SETD CACHAMBI,SETD CACHAMBI,15027,15027,CACHAMBI AEREO,CACHAMBI AEREO,2,0,1585044;1609593,
CBI24833,CBI24898,1141,1141,SETD CACHAMBI,SETD CACHAMBI,15027,15027,CACHAMBI AEREO,CACHAMBI AEREO,2,0,1596482;1609656,
CBI24854,CBI33550,1141,1141,SETD CACHAMBI,SETD CACHAMBI,15027,15027,CACHAMBI AEREO,CACHAMBI AEREO,2,0,1601690;643108157,
CBI24854,CBI33810,1141,1141,SETD CACHAMBI,SETD CACHAMBI,15027,15027,CACHAMBI AEREO,CACHAMBI AEREO,2,0,1601620;1601683,
CBI24898,CBI33791,1141,1141,SETD CACHAMBI,SETD CACHAMBI,15027,15027,CACHAMBI AEREO,CACHAMBI AEREO,2,0,1596321;1596363,
CBI24963,CBI24982,1141,1141,SETD CACHAMBI,SETD CACHAMBI,15027,15027,CACHAMBI AEREO,CACHAMBI AEREO,2,0,1595495;1620618,
CBI33803,TER870,1141,1123,SETD CACHAMBI,SETD TERRA NOVA,15027,15044,CACHAMBI AEREO,TERRA NOVA AEREO,2,0,1596916;1622998,
CCD205,CLG0012,1186,1249,SETD CASCADURA,SETD COLEGIO,,15021,,COLEGIO AEREO,2,0,138949629;1608200,
CCD213,CCD237,1186,1186,SETD CASCADURA,SETD CASCADURA,,15034,,CASCADURA AEREO,2,0,11100037;11100100,
CCD213,CCD255,1186,1186,SETD CASCADURA,SETD CASCADURA,,,,,2,0,1553626;1618056,
CCD213,TQR60096,1186,10385871,SETD CASCADURA,SETD TAQUARA,,15023,,TAQUARA AEREO,2,0,11007788;11100037,
CCD241,TUR001,1186,1294,SETD CASCADURA,SETD TURIACU,15034,15002,CASCADURA AEREO,TURIACU,2,0,1622900;704963225,
CCD268,MTC013,1186,1276,SETD CASCADURA,SETD MATURACA,,15031,,MATURACA AEREO,2,0,1584813;1585219,
CCD292,CLG0006,1186,1249,SETD CASCADURA,SETD COLEGIO,,15021,,COLEGIO AEREO,2,0,1605953;1605995,
CCD34454,CCD815,1186,1186,SETD CASCADURA,SETD CASCADURA,15034,15034,CASCADURA AEREO,CASCADURA AEREO,2,0,1598372;1598435,
CCD34455,CCD724,1186,1186,SETD CASCADURA,SETD CASCADURA,15034,15034,CASCADURA AEREO,CASCADURA AEREO,2,0,1586787;1622480,
CCD652,CCD70145,1186,1186,SETD CASCADURA,SETD CASCADURA,15034,15034,CASCADURA AEREO,CASCADURA AEREO,2,0,1582972;1582993,
CCD652,CCD757,1186,1186,SETD CASCADURA,SETD CASCADURA,15034,15034,CASCADURA AEREO,CASCADURA AEREO,2,0,1625336;1625399,
CCD757,PDD29513,1186,1231,SETD CASCADURA,SETD PIEDADE,15034,14998,CASCADURA AEREO,PIEDADE,2,0,1613156;1625371,
CCD803,PDD3800,1186,1231,SETD CASCADURA,SETD PIEDADE,15034,14998,CASCADURA AEREO,PIEDADE,2,0,1582405;486377153,
CCD803,PDD9873,1186,1231,SETD CASCADURA,SETD PIEDADE,15034,14998,CASCADURA AEREO,PIEDADE,2,0,136880196;1582363,
CCD826,PDD9873,1186,1231,SETD CASCADURA,SETD PIEDADE,15034,14998,CASCADURA AEREO,PIEDADE,2,0,1589958;1589979,
CEN001,SCI005,18520353,18520299,SETD CENTENARIO,SETD SANTA CECILIA,15074,15090,CENTENARIO AEREO AT/MT,SANTA CECILIA AEREO MT/MT,2,0,20817403;514210870,
CEN002,CEN003,18520353,18520353,SETD CENTENARIO,SETD CENTENARIO,15074,15089,CENTENARIO AEREO AT/MT,CENTENARIO AEREO MT/MT,2,0,455962832;661010230,
CEN003,SCI006,18520353,18520299,SETD CENTENARIO,SETD SANTA CECILIA,15089,15090,CENTENARIO AEREO MT/MT,SANTA CECILIA AEREO MT/MT,2,0,20746112;474410586,
CEN005,CEN006,18520353,18520353,SETD CENTENARIO,SETD CENTENARIO,15089,15089,CENTENARIO AEREO MT/MT,CENTENARIO AEREO MT/MT,2,0,20814113;641682501,
CHR0003,CHR010,18520758,18520758,SETD CACHAMORRA,SETD CACHAMORRA,15011,15011,CACHAMORRA,CACHAMORRA,2,0,20739725;430490677,
CHR0003,CHR016,18520758,18520758,SETD CACHAMORRA,SETD CACHAMORRA,15011,15011,CACHAMORRA,CACHAMORRA,2,0,20687526;755769765,
CHR0003,CHR024,18520758,18520758,SETD CACHAMORRA,SETD CACHAMORRA,15011,15011,CACHAMORRA,CACHAMORRA,2,0,20739669;20739732,
CHR0003,JAB00018,18520758,18520749,SETD CACHAMORRA,SETD JABOATAO,15011,15029,CACHAMORRA,JABOATAO AEREO,2,0,20788022;871102514,
CHR0014,CHR005,18520758,18520758,SETD CACHAMORRA,SETD CACHAMORRA,15011,15011,CACHAMORRA,CACHAMORRA,2,0,20723457;20723464,
CHR010,CHR017,18520758,18520758,SETD CACHAMORRA,SETD CACHAMORRA,15011,15011,CACHAMORRA,CACHAMORRA,2,0,20691509;20691530,
CHR013,CHR018,18520758,18520758,SETD CACHAMORRA,SETD CACHAMORRA,15011,15011,CACHAMORRA,CACHAMORRA,2,0,20769144;20769270,
CHR014,CHR020,18520758,18520758,SETD CACHAMORRA,SETD CACHAMORRA,,15011,,CACHAMORRA,2,0,811592631;811592965,
CLG0006,CLG0009,1249,1249,SETD COLEGIO,SETD COLEGIO,15021,15021,COLEGIO AEREO,COLEGIO AEREO,2,0,1589048;1605953,
CLG0006,TUR011,1249,1294,SETD COLEGIO,SETD TURIACU,15021,15002,COLEGIO AEREO,TURIACU,2,0,1587235;1589027,
CLG0011,CLG0012,1249,1249,SETD COLEGIO,SETD COLEGIO,15031,15021,MATURACA AEREO,COLEGIO AEREO,2,0,138949629;1584099,
CLG0011,CLG0016,1249,1249,SETD COLEGIO,SETD COLEGIO,15031,15021,MATURACA AEREO,COLEGIO AEREO,2,0,1567017;1590903,
CLG0012,CLG0013,1249,1249,SETD COLEGIO,SETD COLEGIO,15021,15021,COLEGIO AEREO,COLEGIO AEREO,2,0,1584148;1600773,
CLG0013,CLG0017,1249,1249,SETD COLEGIO,SETD COLEGIO,15021,15021,COLEGIO AEREO,COLEGIO AEREO,2,0,1600647;89499982,
CLG0017,VGE33444,1249,1267,SETD COLEGIO,SETD VIGARIO GERAL,15021,15062,COLEGIO AEREO,VIGARIO GERAL AEREO,2,0,1619589;1619666,
CMR33066,CMR33090,10386015,10386015,SETD CAMERINO,SETD CAMERINO,15065,15068,CAMERINO SUBTERRANEO,CAMERINO AEREO URBANO,2,0,11153943;11233896,
CMS001,CMS005,18520839,18520839,SETD COSMOS,SETD COSMOS,16897,16897,COSMOS,COSMOS,2,0,20713895;20737975,
CMS005,PCI3620,18520839,450101398,SETD COSMOS,SETD PACIENCIA,16897,16897,COSMOS,COSMOS,2,0,144802288;727167461,
CMS011,CMS014,18520839,18520839,SETD COSMOS,SETD COSMOS,16897,16897,COSMOS,COSMOS,2,0,20231498;20231512,
CMT1,CMT322,10386051,10386051,SETD CAMPO MARTE,SETD CAMPO MARTE,,,,,2,0,11308549;11308682,
CMT29126,CMT29131,10386051,10386051,SETD CAMPO MARTE,SETD CAMPO MARTE,15047,15047,CAMPO MARTE AEREO,CAMPO MARTE AEREO,2,0,11024345;11024380,
CMT29129,TRV907,10386051,10385898,SETD CAMPO MARTE,SETD TROVAO,15047,15020,CAMPO MARTE AEREO,TROVAO AEREO,2,0,11053193;11091921,
CMT29129,TRV964,10386051,10385898,SETD CAMPO MARTE,SETD TROVAO,15047,15020,CAMPO MARTE AEREO,TROVAO AEREO,2,0,11053214;762734796,
CRM0004,CRM0011,280389625,280389625,SETD CARMARI,SETD CARMARI,15691,15691,CARMARI,CARMARI,2,0,20682584;495871298,
CRM0004,NIG012,280389625,18519976,SETD CARMARI,SETD NOVA IGUACU,15691,15692,CARMARI,NOVA IGUACU,2,0,250778207;663612112,
CRM0008,CSO00017,280389625,18520821,SETD CARMARI,SETD COMENDADOR SOARES,15691,15048,CARMARI,COMENDADOR SOARES,2,0,152750498;20775083,
CRM0009,RFR007,280389625,18520767,SETD CARMARI,SETD ROCHA FREIRE,15691,15693,CARMARI,ROCHA FREIRE AEREO AT/MT,2,0,20704627;274773061,
CRO001,CRO002,18521055,18521055,SETD COELHO DA ROCHA,SETD COELHO DA ROCHA,15035,14996,COELHO DA ROCHA,ROSALI,2,0,20808720;20817823,
CRO002,CRO0035,18521055,18521055,SETD COELHO DA ROCHA,SETD COELHO DA ROCHA,14996,15035,ROSALI,COELHO DA ROCHA,2,0,20813063;393583762,
CRO003,CRO007,18521055,18521055,SETD COELHO DA ROCHA,SETD COELHO DA ROCHA,15035,15035,COELHO DA ROCHA,COELHO DA ROCHA,2,0,1016364592;919757723,
CRO0031,CRO006,18521055,18521055,SETD COELHO DA ROCHA,SETD COELHO DA ROCHA,15035,15054,COELHO DA ROCHA,AREIA BRANCA AEREO,2,0,20693721;405662785,
CRO011,CRO015,18521055,18521055,SETD COELHO DA ROCHA,SETD COELHO DA ROCHA,14996,15035,ROSALI,COELHO DA ROCHA,2,0,20808699;20813084,
CSO00017,CSO002,18520821,18520821,SETD COMENDADOR SOARES,SETD COMENDADOR SOARES,15048,15048,COMENDADOR SOARES,COMENDADOR SOARES,2,0,154833349;20715603,
CSO00017,CSO007,18520821,18520821,SETD COMENDADOR SOARES,SETD COMENDADOR SOARES,15048,15048,COMENDADOR SOARES,COMENDADOR SOARES,2,0,20678538;20678559,
CSO002,CSO004,18520821,18520821,SETD COMENDADOR SOARES,SETD COMENDADOR SOARES,15048,15048,COMENDADOR SOARES,COMENDADOR SOARES,2,0,20715729;20757885,
CSO002,CSO005,18520821,18520821,SETD COMENDADOR SOARES,SETD COMENDADOR SOARES,15048,15048,COMENDADOR SOARES,COMENDADOR SOARES,2,0,20661049;20661238,
CSO002,CSO007,18520821,18520821,SETD COMENDADOR SOARES,SETD COMENDADOR SOARES,15048,15048,COMENDADOR SOARES,COMENDADOR SOARES,2,0,20678545;20757836,
CSO002,CSO010,18520821,18520821,SETD COMENDADOR SOARES,SETD COMENDADOR SOARES,15048,15048,COMENDADOR SOARES,COMENDADOR SOARES,2,0,137884853;157868994,
CSO003,CSO008,18520821,18520821,SETD COMENDADOR SOARES,SETD COMENDADOR SOARES,15048,15048,COMENDADOR SOARES,COMENDADOR SOARES,2,0,20675094;20675101,
CSO006,CSO012,18520821,18520821,SETD COMENDADOR SOARES,SETD COMENDADOR SOARES,15048,15048,COMENDADOR SOARES,COMENDADOR SOARES,2,0,138108149;20672098,
CSO009,CSO014,18520821,18520821,SETD COMENDADOR SOARES,SETD COMENDADOR SOARES,15048,15048,COMENDADOR SOARES,COMENDADOR SOARES,2,0,20674996;20819412,
CSO009,NIG005,18520821,18519976,SETD COMENDADOR SOARES,SETD NOVA IGUACU,15048,15692,COMENDADOR SOARES,NOVA IGUACU,2,0,20694386;23982048,
CSO011,NIG030,18520821,18519976,SETD COMENDADOR SOARES,SETD NOVA IGUACU,15048,15692,COMENDADOR SOARES,NOVA IGUACU,2,0,134088905;20726236,
CSO014,NIG005,18520821,18519976,SETD COMENDADOR SOARES,SETD NOVA IGUACU,15048,15692,COMENDADOR SOARES,NOVA IGUACU,2,0,20675003;20709219,
CUR33119,CUR33133,10386042,10386042,SETD CURICICA,SETD CURICICA,16901,16901,CURICICA AEREO,CURICICA AEREO,2,0,11075084;11075280,
CUR33135,CUR33309,10386042,10386042,SETD CURICICA,SETD CURICICA,16901,16901,CURICICA AEREO,CURICICA AEREO,2,0,16596525;16597146,
CUR33144,CUR33326,10386042,10386042,SETD CURICICA,SETD CURICICA,16903,16901,GARDENIA,CURICICA AEREO,2,0,11093349;134956182,
CUR33144,CUR33801,10386042,10386042,SETD CURICICA,SETD CURICICA,16903,16901,GARDENIA,CURICICA AEREO,2,0,501084056;712610899,
CUR33311,PDG219,10386042,10385916,SETD CURICICA,SETD PORTA DAGUA,16901,16902,CURICICA AEREO,PORTA DAGUA AEREO,2,0,11036335;512214153,
CUR33326,ITP33370,10386042,10385988,SETD CURICICA,SETD ITAPEBA,16901,15066,CURICICA AEREO,ITAPEBA AEREO URBANO,2,0,11008649;684918765,
CUR33332,PDG280,10386042,10385916,SETD CURICICA,SETD PORTA DAGUA,16901,16902,CURICICA AEREO,PORTA DAGUA AEREO,2,0,11074405;979654686,
CXS006,CXS022,18520785,18520785,SETD CAXIAS,SETD CAXIAS,15700,15700,CAXIAS AEREO,CAXIAS AEREO,2,0,20729015;23326548,
CXS007,CXS018,18520785,18520785,SETD CAXIAS,SETD CAXIAS,15700,15700,CAXIAS AEREO,CAXIAS AEREO,2,0,133500479;20685720,
CXS009,WLS00012,18520785,18519994,SETD CAXIAS,SETD WASHINGTON LUIS,15700,15073,CAXIAS AEREO,WASHINGTON LUIS AEREO,2,0,112657409;20806123,
CXS023,SJO0008,18520785,310718139,SETD CAXIAS,SETD SAO JOAO,15700,15699,CAXIAS AEREO,SAO JOAO,2,0,282321945;285598256,
DMC3523,RAM33732,1168,1132,SETD DEMOCRATICOS,SETD RAMOS,15056,15015,DEMOCRATICOS AEREO,RAMOS AEREO,2,0,1592905;1622221,
DMC660,DMC871,1168,1168,SETD DEMOCRATICOS,SETD DEMOCRATICOS,15056,15056,DEMOCRATICOS AEREO,DEMOCRATICOS AEREO,2,0,1621311;1621339,
DMC772,RAM33284,1168,1132,SETD DEMOCRATICOS,SETD RAMOS,15056,15015,DEMOCRATICOS AEREO,RAMOS AEREO,2,0,460458743;630127400,
DMC925,TRG275,1168,1204,SETD DEMOCRATICOS,SETD TRIAGEM,15056,,DEMOCRATICOS AEREO,,2,0,1598197;1620947,
ELD001,IMT011,18521352,18520929,SETD ELDORADO,SETD INMETRO,15005,15005,ELDORADO,ELDORADO,2,0,20723681;496576073,
ELD001,SRP001,18521352,18520803,SETD ELDORADO,SETD SARAPUI,15005,15000,ELDORADO,SARAPUI,2,0,147288743;20694232,
ESP002,ESP013,18519958,18519958,SETD ESPERANCA,SETD ESPERANCA,16899,16899,ESPERANCA AEREO AT/MT,ESPERANCA AEREO AT/MT,2,0,20667422;453567712,
ESP003,ESP010,18519958,18519958,SETD ESPERANCA,SETD ESPERANCA,16899,16899,ESPERANCA AEREO AT/MT,ESPERANCA AEREO AT/MT,2,0,20714784;20714875,
ESP004,ESP013,18519958,18519958,SETD ESPERANCA,SETD ESPERANCA,16899,16899,ESPERANCA AEREO AT/MT,ESPERANCA AEREO AT/MT,2,0,20667443;20703871,
ESP004,PCI0004,18519958,450101398,SETD ESPERANCA,SETD PACIENCIA,16899,16900,ESPERANCA AEREO AT/MT,PACIENCIA,2,0,22931452;552517865,
ESP005,ESP010,18519958,18519958,SETD ESPERANCA,SETD ESPERANCA,16899,16899,ESPERANCA AEREO AT/MT,ESPERANCA AEREO AT/MT,2,0,145124367;20714861,
ESP007,ESP010,18519958,18519958,SETD ESPERANCA,SETD ESPERANCA,16899,16899,ESPERANCA AEREO AT/MT,ESPERANCA AEREO AT/MT,2,0,20732060;20732095,
ESP017,PCI0004,18519958,450101398,SETD ESPERANCA,SETD PACIENCIA,16900,16900,PACIENCIA,PACIENCIA,2,0,25227469;25227481,
FCN0001,FCN1350,10386105,10386105,SETD FREI CANECA,SETD FREI CANECA,15049,15049,FREI CANECA AEREO,FREI CANECA AEREO,2,0,11037567;38555909,
FCN33945,FCN929,10386105,10386105,SETD FREI CANECA,SETD FREI CANECA,15049,15049,FREI CANECA AEREO,FREI CANECA AEREO,2,0,11153642;11153789,
FCN3728,FCN611,10386105,10386105,SETD FREI CANECA,SETD FREI CANECA,15049,15049,FREI CANECA AEREO,FREI CANECA AEREO,2,0,11095428;11095554,
FCN3728,FCN830,10386105,10386105,SETD FREI CANECA,SETD FREI CANECA,15049,15049,FREI CANECA AEREO,FREI CANECA AEREO,2,0,11153831;30457935,
FCN758,FCN830,10386105,10386105,SETD FREI CANECA,SETD FREI CANECA,15049,15049,FREI CANECA AEREO,FREI CANECA AEREO,2,0,1016458559;11035705,
FND3262,FND3747,1222,1222,SETD FUNDAO,SETD FUNDAO,15040,15040,GOVERNADOR AEREO,GOVERNADOR AEREO,2,0,1606905;940497662,
FND3462,GVD29940,1222,1213,SETD FUNDAO,SETD GOVERNADOR,15040,15040,GOVERNADOR AEREO,GOVERNADOR AEREO,2,0,1592800;1597742,
FND3462,GVD9901,1222,1213,SETD FUNDAO,SETD GOVERNADOR,15040,15040,GOVERNADOR AEREO,GOVERNADOR AEREO,2,0,1603006;469970069,
FND3747,FND4304,1222,1222,SETD FUNDAO,SETD FUNDAO,15040,15040,GOVERNADOR AEREO,GOVERNADOR AEREO,2,0,1596965;1598687,
FND4286,FND4304,1222,1222,SETD FUNDAO,SETD FUNDAO,15061,15040,PEDRO ERNESTO AEREO,GOVERNADOR AEREO,2,0,1551918;1552023,
FTL001,FTL007,18521064,18521064,SETD FONTINELE,SETD FONTINELE,15007,15007,FONTINELE,FONTINELE,2,0,1004362317;20697144,
FTL001,FTL008,18521064,18521064,SETD FONTINELE,SETD FONTINELE,15007,15007,FONTINELE,FONTINELE,2,0,20689885;20689892,
FTL001,FTL011,18521064,18521064,SETD FONTINELE,SETD FONTINELE,15007,15007,FONTINELE,FONTINELE,2,0,20697081;37565169,
FTL001,FTL012,18521064,18521064,SETD FONTINELE,SETD FONTINELE,15007,15007,FONTINELE,FONTINELE,2,0,20715365;31204519,
FTL002,FTL008,18521064,18521064,SETD FONTINELE,SETD FONTINELE,15007,15007,FONTINELE,FONTINELE,2,0,20689808;20689857,
FTL002,FTL009,18521064,18521064,SETD FONTINELE,SETD FONTINELE,15007,15007,FONTINELE,FONTINELE,2,0,20745783;360369674,
FTL005,FTL009,18521064,18521064,SETD FONTINELE,SETD FONTINELE,15007,15007,FONTINELE,FONTINELE,2,0,20745727;20745769,
FTL008,FTL012,18521064,18521064,SETD FONTINELE,SETD FONTINELE,15007,15007,FONTINELE,FONTINELE,2,0,20689829;20689871,
FTL013,RTO014,18521064,18520875,SETD FONTINELE,SETD RETIRO,15007,14995,FONTINELE,RETIRO,2,0,20719488;20719537,
GDL0004,PMG0015,1258,18520479,SETD GUADALUPE,SETD PADRE MIGUEL,15036,15019,GUADALUPE AEREO,PADRE MIGUEL,2,0,565769564;565770665,
GDL29585,GDL29750,1258,1258,SETD GUADALUPE,SETD GUADALUPE,15036,15036,GUADALUPE AEREO,GUADALUPE AEREO,2,0,1581922;1581964,
GDL29792,GDL29969,1258,1258,SETD GUADALUPE,SETD GUADALUPE,15036,15036,GUADALUPE AEREO,GUADALUPE AEREO,2,0,1604154;1604350,
GDN0004,GDN0011,457474244,457474244,SETD GARDENIA,SETD GARDENIA,16903,16903,GARDENIA,GARDENIA,2,0,11137897;473203165,
GDN0012,GDN0020,457474244,457474244,SETD GARDENIA,SETD GARDENIA,16903,16903,GARDENIA,GARDENIA,2,0,1011662694;512356353,
GDN0013,GDN0020,457474244,457474244,SETD GARDENIA,SETD GARDENIA,16903,16903,GARDENIA,GARDENIA,2,0,459364213;512356353,
GDN0019,ITP0007,457474244,10385988,SETD GARDENIA,SETD ITAPEBA,15066,15066,ITAPEBA AEREO URBANO,ITAPEBA AEREO URBANO,2,0,571396596;805086923,
GNB29373,GNB29528,1150,1150,SETD GUANABARA,SETD GUANABARA,15037,15037,GUANABARA AEREO,GUANABARA AEREO,2,0,1608648;1608718,
GNB33401,GNB34726,1150,1150,SETD GUANABARA,SETD GUANABARA,15037,15037,GUANABARA AEREO,GUANABARA AEREO,2,0,1603832;1613751,
GNB33413,GVD9871,1150,1213,SETD GUANABARA,SETD GOVERNADOR,15037,15040,GUANABARA AEREO,GOVERNADOR AEREO,2,0,1602824;1602978,
IMT007,IMT011,18520929,18520929,SETD INMETRO,SETD INMETRO,14997,15005,INMETRO,ELDORADO,2,0,20688282;277821921,
INF0003,INF0004,449886789,449886789,SETD INFLUENCIA,SETD INFLUENCIA,15091,15091,SAPUCAIA,SAPUCAIA,2,0,257919342;25955413,
INF0005,SPC001,449886789,18520614,SETD INFLUENCIA,SETD SAPUCAIA,15091,15091,SAPUCAIA,SAPUCAIA,2,0,20736316;20769690,
ITG0005,ITG0007,310129856,310129856,SETD ITAGUAI,SETD ITAGUAI,15694,15694,ITAGUAI,ITAGUAI,2,0,276640970;294984935,
ITP000,ITP0006,10385988,10385988,SETD ITAPEBA,SETD ITAPEBA,15060,15066,ITAPEBA SUBTERRANEO,ITAPEBA AEREO URBANO,2,0,11100919;11100940,
ITP000,REC00003,10385988,132097219,SETD ITAPEBA,SETD RECREIO,15060,14999,ITAPEBA SUBTERRANEO,RECREIO,2,0,11025038;31878829,
ITP00005,ITP33172,10385988,10385988,SETD ITAPEBA,SETD ITAPEBA,15066,15066,ITAPEBA AEREO URBANO,ITAPEBA AEREO URBANO,2,0,456765966;642725946,
ITP0006,ITP33147,10385988,10385988,SETD ITAPEBA,SETD ITAPEBA,15066,15066,ITAPEBA AEREO URBANO,ITAPEBA AEREO URBANO,2,0,11100912;426325680,
ITP0100,ITP33172,10385988,10385988,SETD ITAPEBA,SETD ITAPEBA,15066,15066,ITAPEBA AEREO URBANO,ITAPEBA AEREO URBANO,2,0,122984587;306462800,
ITP33396,REC0015,10385988,132097219,SETD ITAPEBA,SETD RECREIO,15066,14999,ITAPEBA AEREO URBANO,RECREIO,2,0,11152725;131993322,
JAB00020,JAB004,18520749,18520749,SETD JABOATAO,SETD JABOATAO,15029,15029,JABOATAO AEREO,JABOATAO AEREO,2,0,20781124;20781201,
JAB00022,JAB013,18520749,18520749,SETD JABOATAO,SETD JABOATAO,15029,15029,JABOATAO AEREO,JABOATAO AEREO,2,0,20708890;20713727,
JAB002,JAB012,18520749,18520749,SETD JABOATAO,SETD JABOATAO,15029,15029,JABOATAO AEREO,JABOATAO AEREO,2,0,20713685;20713748,
JAB003,STS004,18520749,18521136,SETD JABOATAO,SETD SANTISSIMO,15029,15042,JABOATAO AEREO,SANTISSIMO AEREO,2,0,20722715;20781040,
JAB007,JAB014,18520749,18520749,SETD JABOATAO,SETD JABOATAO,15029,15029,JABOATAO AEREO,JABOATAO AEREO,2,0,20733257;40432713,
JDB29041,JDB29935,10385880,10385880,SETD JARDIM BOTANICO,SETD JARDIM BOTANICO,15071,15071,JARDIM BOTANICO AEREO,JARDIM BOTANICO AEREO,2,0,11138317;11138345,
LPD29211,LPD29304,10386033,10386033,SETD LEOPOLDO,SETD LEOPOLDO,15030,15030,LEOPOLDO AEREO,LEOPOLDO AEREO,2,0,11137225;11137386,
LPD29304,LPD33255,10386033,10386033,SETD LEOPOLDO,SETD LEOPOLDO,15030,15030,LEOPOLDO AEREO,LEOPOLDO AEREO,2,0,628706038;971994168,
LPD29480,LPD33246,10386033,10386033,SETD LEOPOLDO,SETD LEOPOLDO,15030,15030,LEOPOLDO AEREO,LEOPOLDO AEREO,2,0,471859199;646465995,
LPD29480,LPD33251,10386033,10386033,SETD LEOPOLDO,SETD LEOPOLDO,15030,15030,LEOPOLDO AEREO,LEOPOLDO AEREO,2,0,11037882;628688851,
MNB002,MNB013,18520902,18520902,SETD MENA BARRETO,SETD MENA BARRETO,14994,15057,PAVUNA,MENA BARRETO AEREO,2,0,20711655;20711746,
MNB004,NIG010,18520902,18519976,SETD MENA BARRETO,SETD NOVA IGUACU,15057,15692,MENA BARRETO AEREO,NOVA IGUACU,2,0,20709520;20709604,
MNB005,MNB006,18520902,18520902,SETD MENA BARRETO,SETD MENA BARRETO,15057,15057,MENA BARRETO AEREO,MENA BARRETO AEREO,2,0,20728091;20815373,
MNB006,MNB007,18520902,18520902,SETD MENA BARRETO,SETD MENA BARRETO,15057,15057,MENA BARRETO AEREO,MENA BARRETO AEREO,2,0,20728091;20820616,
MNB014,NIG014,18520902,18519976,SETD MENA BARRETO,SETD NOVA IGUACU,15057,15692,MENA BARRETO AEREO,NOVA IGUACU,2,0,20708575;20727272,
MNB019,PVN0006,18520902,1303,SETD MENA BARRETO,SETD PAVUNA,15057,15057,MENA BARRETO AEREO,MENA BARRETO AEREO,2,0,20675206;20675213,
MRT29650,MRT9954,1312,1312,SETD MERITI,SETD MERITI,14993,14993,MERITI,MERITI,2,0,1609957;1610342,
MRT29650,VGE3890,1312,1267,SETD MERITI,SETD VIGARIO GERAL,14993,15062,MERITI,VIGARIO GERAL AEREO,2,0,1595005;1610090,
MRT33313,MRT9954,1312,1312,SETD MERITI,SETD MERITI,14993,14993,MERITI,MERITI,2,0,115611752;517281009,
MRT3710,ROS017,1312,18519985,SETD MERITI,SETD ROSALI,14993,14996,MERITI,ROSALI,2,0,1623558;1623586,
MTC001,MTC008,1276,1276,SETD MATURACA,SETD MATURACA,15031,15031,MATURACA AEREO,MATURACA AEREO,2,0,1611119;1611154,
MTC003,MTC006,1276,1276,SETD MATURACA,SETD MATURACA,15031,15031,MATURACA AEREO,MATURACA AEREO,2,0,1580480;1604875,
MTC006,MTC007,1276,1276,SETD MATURACA,SETD MATURACA,15031,15031,MATURACA AEREO,MATURACA AEREO,2,0,1567010;1580550,
MTC010,MTC013,1276,1276,SETD MATURACA,SETD MATURACA,15031,15031,MATURACA AEREO,MATURACA AEREO,2,0,1584757;1585219,
MTO00001,MTO00002,29148432,29148432,SETD MATO ALTO,SETD MATO ALTO,16898,16900,MATO ALTO,PACIENCIA,2,0,23651131;54904423,
MTO00001,PCI0014,29148432,450101398,SETD MATO ALTO,SETD PACIENCIA,16898,16900,MATO ALTO,PACIENCIA,2,0,28338684;28440506,
MTO00001,STS001,29148432,18521136,SETD MATO ALTO,SETD SANTISSIMO,16898,15042,MATO ALTO,SANTISSIMO AEREO,2,0,29213480;775047989,
NIG003,NIG017,18519976,18519976,SETD NOVA IGUACU,SETD NOVA IGUACU,15692,15692,NOVA IGUACU,NOVA IGUACU,2,0,20807320;20807327,
NIG006,NIG014,18519976,18519976,SETD NOVA IGUACU,SETD NOVA IGUACU,15692,15692,NOVA IGUACU,NOVA IGUACU,2,0,20690557;20690571,
NIG009,NIG012,18519976,18519976,SETD NOVA IGUACU,SETD NOVA IGUACU,15692,15692,NOVA IGUACU,NOVA IGUACU,2,0,20803519;20803631,
NIG009,NIG018,18519976,18519976,SETD NOVA IGUACU,SETD NOVA IGUACU,15692,15692,NOVA IGUACU,NOVA IGUACU,2,0,20674961;310366167,
NIG010,NIG011,18519976,18519976,SETD NOVA IGUACU,SETD NOVA IGUACU,15692,15692,NOVA IGUACU,NOVA IGUACU,2,0,20698775;20698936,
NIG012,NIG017,18519976,18519976,SETD NOVA IGUACU,SETD NOVA IGUACU,15692,15692,NOVA IGUACU,NOVA IGUACU,2,0,310799748;310800003,
PCI0003,PCI0014,450101398,450101398,SETD PACIENCIA,SETD PACIENCIA,16900,16900,PACIENCIA,PACIENCIA,2,0,20688982;344082531,
PCI0007,PCI0009,450101398,450101398,SETD PACIENCIA,SETD PACIENCIA,16900,16900,PACIENCIA,PACIENCIA,2,0,425182188;425767378,
PCI0010,PCI0013,450101398,450101398,SETD PACIENCIA,SETD PACIENCIA,16900,16900,PACIENCIA,PACIENCIA,2,0,20717703;20717745,
PCI0011,PCI0013,450101398,450101398,SETD PACIENCIA,SETD PACIENCIA,16900,16900,PACIENCIA,PACIENCIA,2,0,20717731;22961172,
PDD29513,PDD3356,1231,1231,SETD PIEDADE,SETD PIEDADE,14998,,PIEDADE,,2,0,1553962;1625966,
PDD33543,PDD3800,1231,1231,SETD PIEDADE,SETD PIEDADE,14998,14998,PIEDADE,PIEDADE,2,0,1588558;161965403,
PDD9873,TER29223,1231,1123,SETD PIEDADE,SETD TERRA NOVA,14998,15044,PIEDADE,TERRA NOVA AEREO,2,0,14909013;1600584,
PDG00002,PDG29753,10385916,10385916,SETD PORTA DAGUA,SETD PORTA DAGUA,16902,16902,PORTA DAGUA AEREO,PORTA DAGUA AEREO,2,0,11023449;11023498,
PDG0006,PDG29023,10385916,10385916,SETD PORTA DAGUA,SETD PORTA DAGUA,16902,16902,PORTA DAGUA AEREO,PORTA DAGUA AEREO,2,0,11136091;11154258,
PDG0006,PDG33647,10385916,10385916,SETD PORTA DAGUA,SETD PORTA DAGUA,16902,16902,PORTA DAGUA AEREO,PORTA DAGUA AEREO,2,0,11077429;11077541,
PDG29023,PDG29776,10385916,10385916,SETD PORTA DAGUA,SETD PORTA DAGUA,16902,16902,PORTA DAGUA AEREO,PORTA DAGUA AEREO,2,0,11037294;11037511,
PDG29748,PDG33499,10385916,10385916,SETD PORTA DAGUA,SETD PORTA DAGUA,16902,16902,PORTA DAGUA AEREO,PORTA DAGUA AEREO,2,0,17227621;17236597,
PDG29776,PDG29857,10385916,10385916,SETD PORTA DAGUA,SETD PORTA DAGUA,16902,16902,PORTA DAGUA AEREO,PORTA DAGUA AEREO,2,0,11037231;500805320,
PDG33662,TQR00005,10385916,10385871,SETD PORTA DAGUA,SETD TAQUARA,16902,15023,PORTA DAGUA AEREO,TAQUARA AEREO,2,0,345233380;460931185,
PER0001,PER29500,1240,1240,SETD PEDRO ERNESTO,SETD PEDRO ERNESTO,15061,15015,PEDRO ERNESTO AEREO,RAMOS AEREO,2,0,1594886;278616382,
PER0002,PER828,1240,1240,SETD PEDRO ERNESTO,SETD PEDRO ERNESTO,15061,15061,PEDRO ERNESTO AEREO,PEDRO ERNESTO AEREO,2,0,1612267;1612351,
PER29452,PER874,1240,1240,SETD PEDRO ERNESTO,SETD PEDRO ERNESTO,15061,15015,PEDRO ERNESTO AEREO,RAMOS AEREO,2,0,1582573;1583826,
PER29478,PER70299,1240,1240,SETD PEDRO ERNESTO,SETD PEDRO ERNESTO,15015,15061,RAMOS AEREO,PEDRO ERNESTO AEREO,2,0,1584078;1594900,
PER33741,PER667,1240,1240,SETD PEDRO ERNESTO,SETD PEDRO ERNESTO,15061,15061,PEDRO ERNESTO AEREO,PEDRO ERNESTO AEREO,2,0,135175278;1621654,
PER616,PER763,1240,1240,SETD PEDRO ERNESTO,SETD PEDRO ERNESTO,15061,15061,PEDRO ERNESTO AEREO,PEDRO ERNESTO AEREO,2,0,1617335;1617377,
PER781,PER828,1240,1240,SETD PEDRO ERNESTO,SETD PEDRO ERNESTO,15061,15061,PEDRO ERNESTO AEREO,PEDRO ERNESTO AEREO,2,0,1623705;1623873,
PER794,PER828,1240,1240,SETD PEDRO ERNESTO,SETD PEDRO ERNESTO,15061,15061,PEDRO ERNESTO AEREO,PEDRO ERNESTO AEREO,2,0,1612281;1612456,
PER833,PER852,1240,1240,SETD PEDRO ERNESTO,SETD PEDRO ERNESTO,15061,15061,PEDRO ERNESTO AEREO,PEDRO ERNESTO AEREO,2,0,1630586;1630691,
PER874,RAM33315,1240,1132,SETD PEDRO ERNESTO,SETD RAMOS,15015,15015,RAMOS AEREO,RAMOS AEREO,2,0,1608515;1620247,
PMG0016,PMG009,18520479,18520479,SETD PADRE MIGUEL,SETD PADRE MIGUEL,15019,15019,PADRE MIGUEL,PADRE MIGUEL,2,0,20659698;20729876,
PMG003,PMG006,18520479,18520479,SETD PADRE MIGUEL,SETD PADRE MIGUEL,15019,15019,PADRE MIGUEL,PADRE MIGUEL,2,0,454056509;642227889,
PMG003,TQR33830,18520479,10385871,SETD PADRE MIGUEL,SETD TAQUARA,15019,15023,PADRE MIGUEL,TAQUARA AEREO,2,0,11038316;11038330,
PMG004,PMG007,18520479,18520479,SETD PADRE MIGUEL,SETD PADRE MIGUEL,15019,15019,PADRE MIGUEL,PADRE MIGUEL,2,0,20816332;20816465,
PMG005,PMG013,18520479,18520479,SETD PADRE MIGUEL,SETD PADRE MIGUEL,15019,15019,PADRE MIGUEL,PADRE MIGUEL,2,0,20660020;20660027,
PMG013,VVQ9898,18520479,1177,SETD PADRE MIGUEL,SETD VILA VALQUEIRE,15019,15032,PADRE MIGUEL,VILA VALQUEIRE,2,0,20818901;23217672,
PVN0001,PVN9935,1303,1303,SETD PAVUNA,SETD PAVUNA,14994,14994,PAVUNA,PAVUNA,2,0,456654044;96319266,
PVN0004,ROS004,1303,18519985,SETD PAVUNA,SETD ROSALI,14994,14996,PAVUNA,ROSALI,2,0,153373122;20698565,
PVN3632,PVN9857,1303,1303,SETD PAVUNA,SETD PAVUNA,14994,14994,PAVUNA,PAVUNA,2,0,1624811;1625035,
PVN70277,PVN9874,1303,1303,SETD PAVUNA,SETD PAVUNA,14994,14994,PAVUNA,PAVUNA,2,0,1615102;1615172,
PVN9828,PVN9891,1303,1303,SETD PAVUNA,SETD PAVUNA,14994,14994,PAVUNA,PAVUNA,2,0,1615249;47105528,
PVN9848,PVN9897,1303,1303,SETD PAVUNA,SETD PAVUNA,14994,14994,PAVUNA,PAVUNA,2,0,1624972;1625084,
QMD001,QMD009,18520893,18520893,SETD QUEIMADOS,SETD QUEIMADOS,15698,15698,QUEIMADOS AEREO,QUEIMADOS AEREO,2,0,20760517;463756329,
QMD002,QMD009,18520893,18520893,SETD QUEIMADOS,SETD QUEIMADOS,15043,15698,SEROPEDICA AEREO,QUEIMADOS AEREO,2,0,20690907;20690914,
QMD006,QMD007,18520893,18520893,SETD QUEIMADOS,SETD QUEIMADOS,,15698,,QUEIMADOS AEREO,2,0,20699097;57214597,
RAM33297,RAM33732,1132,1132,SETD RAMOS,SETD RAMOS,15015,15015,RAMOS AEREO,RAMOS AEREO,2,0,1622277;1622284,
RAM33354,RAM33389,1132,1132,SETD RAMOS,SETD RAMOS,15015,15015,RAMOS AEREO,RAMOS AEREO,2,0,1599457;1599576,
RCP29472,RCP33207,10386006,10386006,SETD RIO COMPRIDO,SETD RIO COMPRIDO,15058,15058,RIO COMPRIDO AEREO,RIO COMPRIDO AEREO,2,0,11154125;611036203,
RCP29472,RCP9958,10386006,10386006,SETD RIO COMPRIDO,SETD RIO COMPRIDO,15058,15058,RIO COMPRIDO AEREO,RIO COMPRIDO AEREO,2,0,11037077;769648081,
RCP33207,RCP9893,10386006,10386006,SETD RIO COMPRIDO,SETD RIO COMPRIDO,15058,15058,RIO COMPRIDO AEREO,RIO COMPRIDO AEREO,2,0,11076862;611066261,
RCP33211,RCP33216,10386006,10386006,SETD RIO COMPRIDO,SETD RIO COMPRIDO,15058,15058,RIO COMPRIDO AEREO,RIO COMPRIDO AEREO,2,0,11023120;11100604,
REC00001,REC0013,132097219,132097219,SETD RECREIO,SETD RECREIO,14999,14999,RECREIO,RECREIO,2,0,264377896;57947555,
REC00003,REC00004,132097219,132097219,SETD RECREIO,SETD RECREIO,14999,14999,RECREIO,RECREIO,2,0,10915621;161145575,
REC00003,REC0001,132097219,132097219,SETD RECREIO,SETD RECREIO,14999,14999,RECREIO,RECREIO,2,0,264378320;264378618,
REC00003,REC99999,132097219,132097219,SETD RECREIO,SETD RECREIO,14999,14999,RECREIO,RECREIO,2,0,149186459;370280469,
REC0001,REC0015,132097219,132097219,SETD RECREIO,SETD RECREIO,14999,14999,RECREIO,RECREIO,2,0,574279799;574279819,
REC0012,REC0014,132097219,132097219,SETD RECREIO,SETD RECREIO,14999,14999,RECREIO,RECREIO,2,0,486205966;862007790,
REC0012,REC7,132097219,132097219,SETD RECREIO,SETD RECREIO,14999,14999,RECREIO,RECREIO,2,0,264377913;264378574,
REC3710,REC99999,132097219,132097219,SETD RECREIO,SETD RECREIO,14999,14999,RECREIO,RECREIO,2,0,1002206755;963788661,
REC37476,REC7,132097219,132097219,SETD RECREIO,SETD RECREIO,15690,14999,BARRA SUBTERRANEO,RECREIO,2,0,264377913;264378562,
RFR004,RFR005,18520767,18520767,SETD ROCHA FREIRE,SETD ROCHA FREIRE,15693,15693,ROCHA FREIRE AEREO AT/MT,ROCHA FREIRE AEREO AT/MT,2,0,143595831;420880735,
ROS00020,ROS013,18519985,18519985,SETD ROSALI,SETD ROSALI,14996,14996,ROSALI,ROSALI,2,0,20731164;20731185,
ROS00021,ROS003,18519985,18519985,SETD ROSALI,SETD ROSALI,14996,14996,ROSALI,ROSALI,2,0,128820311;1615550,
ROS00021,ROS006,18519985,18519985,SETD ROSALI,SETD ROSALI,14996,14996,ROSALI,ROSALI,2,0,20707567;20707588,
ROS00021,ROS015,18519985,18519985,SETD ROSALI,SETD ROSALI,14996,14996,ROSALI,ROSALI,2,0,20801979;22927098,
ROS00022,ROS005,18519985,18519985,SETD ROSALI,SETD ROSALI,14996,14996,ROSALI,ROSALI,2,0,1004735960;20768843,
ROS002,ROS008,18519985,18519985,SETD ROSALI,SETD ROSALI,14996,14996,ROSALI,ROSALI,2,0,20700819;404370475,
ROS002,VTL002,18519985,18520794,SETD ROSALI,SETD VILAR DOS TELES,14996,15072,ROSALI,VILAR DOS TELES AEREO,2,0,20680351;20680358,
ROS003,ROS009,18519985,18519985,SETD ROSALI,SETD ROSALI,14996,14996,ROSALI,ROSALI,2,0,20801692;28069936,
ROS007,ROS011,18519985,18519985,SETD ROSALI,SETD ROSALI,14996,14996,ROSALI,ROSALI,2,0,20691768;20700938,
ROS015,ROS018,18519985,18519985,SETD ROSALI,SETD ROSALI,14996,14996,ROSALI,ROSALI,2,0,20768234;20807754,
RTO001,VRD012,18520875,18520470,SETD RETIRO,SETD VOLTA REDONDA,14995,15084,RETIRO,VOLTA REDONDA AEREO AT/MT,2,0,20710220;20803939,
RTO002,RTO003,18520875,18520875,SETD RETIRO,SETD RETIRO,14995,14995,RETIRO,RETIRO,2,0,20695156;29227382,
RTO002,RTO009,18520875,18520875,SETD RETIRO,SETD RETIRO,14995,14995,RETIRO,RETIRO,2,0,20661546;20661560,
RTO002,VRD005,18520875,18520470,SETD RETIRO,SETD VOLTA REDONDA,14995,15084,RETIRO,VOLTA REDONDA AEREO AT/MT,2,0,30281698;33468008,
RTO007,VRD001,18520875,18520470,SETD RETIRO,SETD VOLTA REDONDA,14995,15084,RETIRO,VOLTA REDONDA AEREO AT/MT,2,0,20661406;20700231,
RTO007,VRD009,18520875,18520470,SETD RETIRO,SETD VOLTA REDONDA,14995,15084,RETIRO,VOLTA REDONDA AEREO AT/MT,2,0,1011099675;20661476,
RTO010,RTO014,18520875,18520875,SETD RETIRO,SETD RETIRO,14995,14995,RETIRO,RETIRO,2,0,20719621;20719649,
SCI001,SCI006,18520299,18520299,SETD SANTA CECILIA,SETD SANTA CECILIA,15090,15090,SANTA CECILIA AEREO MT/MT,SANTA CECILIA AEREO MT/MT,2,0,20842119;20842140,
SCI004,SCI006,18520299,18520299,SETD SANTA CECILIA,SETD SANTA CECILIA,15082,15090,SANTA CECILIA AEREO AT/MT,SANTA CECILIA AEREO MT/MT,2,0,20718746;20842238,
SCI006,SCI008,18520299,18520299,SETD SANTA CECILIA,SETD SANTA CECILIA,15090,15090,SANTA CECILIA AEREO MT/MT,SANTA CECILIA AEREO MT/MT,2,0,20842077;20842126,
SDD001,VRD017,18520398,18520470,SETD SAUDADE,SETD VOLTA REDONDA,15001,15086,SAUDADE,VOLTA REDONDA AEREO MT/MT,2,0,20731248;20731262,
SJO0004,SJO0007,310718139,310718139,SETD SAO JOAO,SETD SAO JOAO,15699,15699,SAO JOAO,SAO JOAO,2,0,108440707;113520688,
SJO0005,SJO0007,310718139,310718139,SETD SAO JOAO,SETD SAO JOAO,15699,15699,SAO JOAO,SAO JOAO,2,0,278315645;45117302,
SJO0010,SJO0012,310718139,310718139,SETD SAO JOAO,SETD SAO JOAO,15699,15699,SAO JOAO,SAO JOAO,2,0,20682353;20682416,
SJO0012,SJO0013,310718139,310718139,SETD SAO JOAO,SETD SAO JOAO,15699,15699,SAO JOAO,SAO JOAO,2,0,20677236;37388406,
SPC001,SPC002,18520614,18520614,SETD SAPUCAIA,SETD SAPUCAIA,15091,15091,SAPUCAIA,SAPUCAIA,2,0,20774670;20776273,
SRD0005,SRD004,18521154,18521154,SETD SEROPEDICA,SETD SEROPEDICA,15043,15043,SEROPEDICA AEREO,SEROPEDICA AEREO,2,0,20818257;514957951,
SRP00016,SRP006,18520803,18520803,SETD SARAPUI,SETD SARAPUI,15000,15000,SARAPUI,SARAPUI,2,0,20776000;96186493,
SRP001,SRP008,18520803,18520803,SETD SARAPUI,SETD SARAPUI,15000,15000,SARAPUI,SARAPUI,2,0,20671202;39810114,
SRP002,SRP006,18520803,18520803,SETD SARAPUI,SETD SARAPUI,15000,15000,SARAPUI,SARAPUI,2,0,20729386;20729414,
SRP002,SRP010,18520803,18520803,SETD SARAPUI,SETD SARAPUI,15000,15000,SARAPUI,SARAPUI,2,0,20729246;20729379,
SRP005,VTL005,18520803,18520794,SETD SARAPUI,SETD VILAR DOS TELES,15000,15072,SARAPUI,VILAR DOS TELES AEREO,2,0,20681317;20789975,
SRP014,VTL005,18520803,18520794,SETD SARAPUI,SETD VILAR DOS TELES,15000,15072,SARAPUI,VILAR DOS TELES AEREO,2,0,20789961;20790094,
STS001,STS005,18521136,18521136,SETD SANTISSIMO,SETD SANTISSIMO,15042,15042,SANTISSIMO AEREO,SANTISSIMO AEREO,2,0,20687995;20724983,
STS005,STS006,18521136,18521136,SETD SANTISSIMO,SETD SANTISSIMO,15042,15042,SANTISSIMO AEREO,SANTISSIMO AEREO,2,0,20662239;20711949,
TER12912,TER822,1123,1123,SETD TERRA NOVA,SETD TERRA NOVA,15044,15044,TERRA NOVA AEREO,TERRA NOVA AEREO,2,0,1615963;697358498,
TQR00002,TQR00007,10385871,10385871,SETD TAQUARA,SETD TAQUARA,15023,15023,TAQUARA AEREO,TAQUARA AEREO,2,0,159118523;460269752,
TQR00002,TQR0009,10385871,10385871,SETD TAQUARA,SETD TAQUARA,15023,15023,TAQUARA AEREO,TAQUARA AEREO,2,0,258786514;457023343,
TQR00004,TQR00005,10385871,10385871,SETD TAQUARA,SETD TAQUARA,15023,15023,TAQUARA AEREO,TAQUARA AEREO,2,0,11025465;454051889,
TQR00004,TQR0009,10385871,10385871,SETD TAQUARA,SETD TAQUARA,15023,15023,TAQUARA AEREO,TAQUARA AEREO,2,0,11052885;255514506,
TQR0009,TQR60096,10385871,10385871,SETD TAQUARA,SETD TAQUARA,15023,15023,TAQUARA AEREO,TAQUARA AEREO,2,0,11007921;461755505,
TQR33830,TQR33862,10385871,10385871,SETD TAQUARA,SETD TAQUARA,15023,15023,TAQUARA AEREO,TAQUARA AEREO,2,0,137253951;23084918,
TQR33835,TQR60088,10385871,10385871,SETD TAQUARA,SETD TAQUARA,15023,15023,TAQUARA AEREO,TAQUARA AEREO,2,0,11052759;118759270,
TRG275,TRG316,1204,1204,SETD TRIAGEM,SETD TRIAGEM,,,,,2,0,1618567;1620947,
TRG678,TRG729,1204,1204,SETD TRIAGEM,SETD TRIAGEM,15024,15024,TRIAGEM AEREO,TRIAGEM AEREO,2,0,1586493;536410817,
TRG708,TRG872,1204,1204,SETD TRIAGEM,SETD TRIAGEM,15024,15024,TRIAGEM AEREO,TRIAGEM AEREO,2,0,1602138;1602215,
TRG729,TRG783,1204,1204,SETD TRIAGEM,SETD TRIAGEM,15024,15024,TRIAGEM AEREO,TRIAGEM AEREO,2,0,1600885;1607927,
TRG783,TRG904,1204,1204,SETD TRIAGEM,SETD TRIAGEM,15024,15024,TRIAGEM AEREO,TRIAGEM AEREO,2,0,1600836;654319726,
TRG813,TRG904,1204,1204,SETD TRIAGEM,SETD TRIAGEM,15024,15024,TRIAGEM AEREO,TRIAGEM AEREO,2,0,1587571;1587578,
TRS001,TRS009,18520326,18520326,SETD TRES RIOS,SETD TRES RIOS,15087,15088,TRES RIOS AEREO AT/MT,TRES RIOS AEREO MT/MT,2,0,20769900;20770012,
TRV607,TRV843,10385898,10385898,SETD TROVAO,SETD TROVAO,15020,15020,TROVAO AEREO,TROVAO AEREO,2,0,11118554;11118624,
TRV626,TRV843,10385898,10385898,SETD TROVAO,SETD TROVAO,15020,15020,TROVAO AEREO,TROVAO AEREO,2,0,11056007;11056112,
TRV626,TRV856,10385898,10385898,SETD TROVAO,SETD TROVAO,15020,15020,TROVAO AEREO,TROVAO AEREO,2,0,11056084;11094938,
TRV843,TRV856,10385898,10385898,SETD TROVAO,SETD TROVAO,15020,15020,TROVAO AEREO,TROVAO AEREO,2,0,11152116;248480941,
TRV875,TRV964,10385898,10385898,SETD TROVAO,SETD TROVAO,15020,15020,TROVAO AEREO,TROVAO AEREO,2,0,11136721;998312160,
TUR002,TUR009,1294,1294,SETD TURIACU,SETD TURIACU,15002,15002,TURIACU,TURIACU,2,0,1626638;1626680,
URG29944,URG29952,10385979,10385979,SETD URUGUAI,SETD URUGUAI,15025,15025,URUGUAI AEREO,URUGUAI AEREO,2,0,11137974;11137988,
URG29968,URG29975,10385979,10385979,SETD URUGUAI,SETD URUGUAI,15025,15025,URUGUAI AEREO,URUGUAI AEREO,2,0,11037217;11117252,
VGE3154,VGE3919,1267,1267,SETD VIGARIO GERAL,SETD VIGARIO GERAL,15062,15062,VIGARIO GERAL AEREO,VIGARIO GERAL AEREO,2,0,1609929;1609950,
VGE3154,VGE3947,1267,1267,SETD VIGARIO GERAL,SETD VIGARIO GERAL,15062,15062,VIGARIO GERAL AEREO,VIGARIO GERAL AEREO,2,0,1594522;1609929,
VGE35061,VGE3890,1267,1267,SETD VIGARIO GERAL,SETD VIGARIO GERAL,15062,15062,VIGARIO GERAL AEREO,VIGARIO GERAL AEREO,2,0,10365158;1629529,
VGE3665,VGE3758,1267,1267,SETD VIGARIO GERAL,SETD VIGARIO GERAL,15062,15062,VIGARIO GERAL AEREO,VIGARIO GERAL AEREO,2,0,1599289;1632553,
VGE3703,VGE3740,1267,1267,SETD VIGARIO GERAL,SETD VIGARIO GERAL,15062,15062,VIGARIO GERAL AEREO,VIGARIO GERAL AEREO,2,0,1594403;1594459,
VGE3703,VGE3834,1267,1267,SETD VIGARIO GERAL,SETD VIGARIO GERAL,15062,15062,VIGARIO GERAL AEREO,VIGARIO GERAL AEREO,2,0,1594354;1594494,
VRD001,VRD005,18520470,18520470,SETD VOLTA REDONDA,SETD VOLTA REDONDA,15084,15084,VOLTA REDONDA AEREO AT/MT,VOLTA REDONDA AEREO AT/MT,2,0,148619692;20739095,
VRD002,VRD007,18520470,18520470,SETD VOLTA REDONDA,SETD VOLTA REDONDA,15084,14995,VOLTA REDONDA AEREO AT/MT,RETIRO,2,0,20803729;230982883,
VRD0022,VRD012,18520470,18520470,SETD VOLTA REDONDA,SETD VOLTA REDONDA,15084,15084,VOLTA REDONDA AEREO AT/MT,VOLTA REDONDA AEREO AT/MT,2,0,486823890;710966219,
VRD007,VRD012,18520470,18520470,SETD VOLTA REDONDA,SETD VOLTA REDONDA,14995,15084,RETIRO,VOLTA REDONDA AEREO AT/MT,2,0,20710206;20803925,
VRD008,VRD014,18520470,18520470,SETD VOLTA REDONDA,SETD VOLTA REDONDA,15084,15084,VOLTA REDONDA AEREO AT/MT,VOLTA REDONDA AEREO AT/MT,2,0,20769578;801531029,
VRD009,VRD010,18520470,18520470,SETD VOLTA REDONDA,SETD VOLTA REDONDA,15084,15084,VOLTA REDONDA AEREO AT/MT,VOLTA REDONDA AEREO AT/MT,2,0,463275385;512987404,
VTL002,VTL006,18520794,18520794,SETD VILAR DOS TELES,SETD VILAR DOS TELES,15072,15072,VILAR DOS TELES AEREO,VILAR DOS TELES AEREO,2,0,329500203;492895482,
VTL005,VTL010,18520794,18520794,SETD VILAR DOS TELES,SETD VILAR DOS TELES,15072,15072,VILAR DOS TELES AEREO,VILAR DOS TELES AEREO,2,0,132294063;20716912,
VTL014,VTL3781,18520794,18520794,SETD VILAR DOS TELES,SETD VILAR DOS TELES,15072,15072,VILAR DOS TELES AEREO,VILAR DOS TELES AEREO,2,0,20732746;20732809,
VVQ33140,VVQ9892,1177,1177,SETD VILA VALQUEIRE,SETD VILA VALQUEIRE,15032,15032,VILA VALQUEIRE,VILA VALQUEIRE,2,0,117591230;1622088,
VVQ33140,VVQ9973,1177,1177,SETD VILA VALQUEIRE,SETD VILA VALQUEIRE,15032,15032,VILA VALQUEIRE,VILA VALQUEIRE,2,0,1014843970;1584869,
VVQ33460,VVQ9922,1177,1177,SETD VILA VALQUEIRE,SETD VILA VALQUEIRE,15032,15032,VILA VALQUEIRE,VILA VALQUEIRE,2,0,117531105;117586913,
VVQ9884,VVQ9951,1177,1177,SETD VILA VALQUEIRE,SETD VILA VALQUEIRE,15032,15032,VILA VALQUEIRE,VILA VALQUEIRE,2,0,1588033;1588103,
WLS00011,WLS00012,18519994,18519994,SETD WASHINGTON LUIS,SETD WASHINGTON LUIS,15073,15073,WASHINGTON LUIS AEREO,WASHINGTON LUIS AEREO,2,0,20806144;20806186,
WLS00014,WLS008,18519994,18519994,SETD WASHINGTON LUIS,SETD WASHINGTON LUIS,15073,15073,WASHINGTON LUIS AEREO,WASHINGTON LUIS AEREO,2,0,20728168;20728196,
WLS003,WLS009,18519994,18519994,SETD WASHINGTON LUIS,SETD WASHINGTON LUIS,15073,15073,WASHINGTON LUIS AEREO,WASHINGTON LUIS AEREO,2,0,25809429;561865658,
ABR00019,ABR001,18520731,18520731,SETD AREIA BRANCA,SETD AREIA BRANCA,15054,15054,AREIA BRANCA AEREO,AREIA BRANCA AEREO,1,1,689942855,689942855
ABR015,VTL014,18520731,18520794,SETD AREIA BRANCA,SETD VILAR DOS TELES,15054,15072,AREIA BRANCA AEREO,VILAR DOS TELES AEREO,1,1,690187599,690187599
AFR001,AFR014,18520461,18520461,SETD ARI FRANCO,SETD ARI FRANCO,15010,15010,ARI FRANCO,ARI FRANCO,1,1,646547639,646547639
AFR003,STS006,18520461,18521136,SETD ARI FRANCO,SETD SANTISSIMO,15010,15042,ARI FRANCO,SANTISSIMO AEREO,1,1,502900519,502900519
ALC33118,ALC868,10385889,10385889,SETD ALDEIA CAMPISTA,SETD ALDEIA CAMPISTA,15033,15033,ALDEIA CAMPISTA,ALDEIA CAMPISTA,1,1,671585961,671585961
AVD30282,ITP0003,10385943,10385988,SETD ALVORADA,SETD ITAPEBA,15004,15066,ALVORADA,ITAPEBA AEREO URBANO,1,1,51249109,51249109
BAR29680,BAR4472,10385907,10385907,SETD BARRA,SETD BARRA,15689,15013,BARRA 2,BARRA AEREO,1,1,32673308,32673308
BFG24750,BFG24942,10385934,10385934,SETD BOTAFOGO,SETD BOTAFOGO,15064,15064,BOTAFOGO SUBTERRANEO,BOTAFOGO SUBTERRANEO,1,1,25180968,25180968
BFG24750,BFG3931,10385934,10385934,SETD BOTAFOGO,SETD BOTAFOGO,15064,15064,BOTAFOGO SUBTERRANEO,BOTAFOGO SUBTERRANEO,1,1,10918561,10918561
BMT0001,CBI33798,1195,1141,SETD BOCA DO MATO,SETD CACHAMBI,14998,15027,PIEDADE,CACHAMBI AEREO,1,1,1005568994,1005568994
BMT29601,BMT29833,1195,1195,SETD BOCA DO MATO,SETD BOCA DO MATO,15055,15055,BOCA DO MATO AEREO,BOCA DO MATO AEREO,1,1,705929382,705929382
BMT29601,PDD3984,1195,1231,SETD BOCA DO MATO,SETD PIEDADE,15055,14998,BOCA DO MATO AEREO,PIEDADE,1,1,1005684936,1005684936
BMT29804,BMT29833,1195,1195,SETD BOCA DO MATO,SETD BOCA DO MATO,15055,15055,BOCA DO MATO AEREO,BOCA DO MATO AEREO,1,1,142947283,142947283
BPN33195,PER794,1159,1240,SETD BRAS DE PINA,SETD PEDRO ERNESTO,15017,15061,BRAS DE PINA,PEDRO ERNESTO AEREO,1,1,137940710,137940710
BRI00005,SRD002,18521208,18521154,SETD BRISAMAR,SETD SEROPEDICA,15006,15043,BRISA MAR,SEROPEDICA AEREO,1,1,1006337621,1006337621
CBI24876,CBI33795,1141,1141,SETD CACHAMBI,SETD CACHAMBI,15027,15027,CACHAMBI AEREO,CACHAMBI AEREO,1,1,745249531,745249531
CBI24955,TRG636,1141,1204,SETD CACHAMBI,SETD TRIAGEM,15027,15024,CACHAMBI AEREO,TRIAGEM AEREO,1,1,798774358,798774358
CCD237,TQR00002,1186,10385871,SETD CASCADURA,SETD TAQUARA,15034,15023,CASCADURA AEREO,TAQUARA AEREO,1,1,653795960,653795960
CCD255,TQR0009,1186,10385871,SETD CASCADURA,SETD TAQUARA,,15023,,TAQUARA AEREO,1,1,764658419,764658419
CCD292,CLG0003,1186,1249,SETD CASCADURA,SETD COLEGIO,,15021,,COLEGIO AEREO,1,1,964084648,964084648
CCD815,VVQ9884,1186,1177,SETD CASCADURA,SETD VILA VALQUEIRE,15034,15032,CASCADURA AEREO,VILA VALQUEIRE,1,1,514266727,514266727
CHR0003,CHR004,18520758,18520758,SETD CACHAMORRA,SETD CACHAMORRA,15011,15011,CACHAMORRA,CACHAMORRA,1,1,702816227,702816227
CHR0003,CHR017,18520758,18520758,SETD CACHAMORRA,SETD CACHAMORRA,15011,15011,CACHAMORRA,CACHAMORRA,1,1,23952824,23952824
CHR0006,CHR013,18520758,18520758,SETD CACHAMORRA,SETD CACHAMORRA,15011,15011,CACHAMORRA,CACHAMORRA,1,1,525589979,525589979
CHR0006,CHR020,18520758,18520758,SETD CACHAMORRA,SETD CACHAMORRA,15011,15011,CACHAMORRA,CACHAMORRA,1,1,741629698,741629698
CHR0007,STS001,18520758,18521136,SETD CACHAMORRA,SETD SANTISSIMO,15029,15042,JABOATAO AEREO,SANTISSIMO AEREO,1,1,756096174,756096174
CHR0014,JAB00005,18520758,18520749,SETD CACHAMORRA,SETD JABOATAO,15011,15029,CACHAMORRA,JABOATAO AEREO,1,1,933665958,933665958
CHR008,CHR021,18520758,18520758,SETD CACHAMORRA,SETD CACHAMORRA,15011,15011,CACHAMORRA,CACHAMORRA,1,1,25189932,25189932
CHR009,CHR024,18520758,18520758,SETD CACHAMORRA,SETD CACHAMORRA,15011,15011,CACHAMORRA,CACHAMORRA,1,1,611006143,611006143
CHR013,STS001,18520758,18521136,SETD CACHAMORRA,SETD SANTISSIMO,15011,15042,CACHAMORRA,SANTISSIMO AEREO,1,1,740972740,740972740
CLG0009,TUR002,1249,1294,SETD COLEGIO,SETD TURIACU,15021,15002,COLEGIO AEREO,TURIACU,1,1,992030044,992030044
CMS014,JAB00023,18520839,18520749,SETD COSMOS,SETD JABOATAO,16897,15029,COSMOS,JABOATAO AEREO,1,1,685610099,685610099
CMT29124,TRV634,10386051,10385898,SETD CAMPO MARTE,SETD TROVAO,15047,15020,CAMPO MARTE AEREO,TROVAO AEREO,1,1,482126207,482126207
CMT29137,CMT29278,10386051,10386051,SETD CAMPO MARTE,SETD CAMPO MARTE,15047,15047,CAMPO MARTE AEREO,CAMPO MARTE AEREO,1,1,1007248041,1007248041
CRO007,MNB013,18521055,18520902,SETD COELHO DA ROCHA,SETD MENA BARRETO,15035,15057,COELHO DA ROCHA,MENA BARRETO AEREO,1,1,631703293,631703293
CUR33332,TQR33826,10386042,10385871,SETD CURICICA,SETD TAQUARA,16901,15023,CURICICA AEREO,TAQUARA AEREO,1,1,512617965,512617965
ESP003,ESP018,18519958,18519958,SETD ESPERANCA,SETD ESPERANCA,16899,15070,ESPERANCA AEREO AT/MT,ESPERANCA AEREO MT/MT,1,1,776389613,776389613
ESP016,MTO0003,18519958,29148432,SETD ESPERANCA,SETD MATO ALTO,16899,16898,ESPERANCA AEREO AT/MT,MATO ALTO,1,1,702833405,702833405
ESP017,PCI0007,18519958,450101398,SETD ESPERANCA,SETD PACIENCIA,16900,16900,PACIENCIA,PACIENCIA,1,1,691961014,691961014
FCN646,FCN830,10386105,10386105,SETD FREI CANECA,SETD FREI CANECA,15049,15049,FREI CANECA AEREO,FREI CANECA AEREO,1,1,769588009,769588009
FCN646,FCN929,10386105,10386105,SETD FREI CANECA,SETD FREI CANECA,15049,15049,FREI CANECA AEREO,FREI CANECA AEREO,1,1,996474291,996474291
GDL29969,PVN0005,1258,1303,SETD GUADALUPE,SETD PAVUNA,15036,14994,GUADALUPE AEREO,PAVUNA,1,1,463262544,463262544
ITP0004,REC6,10385988,132097219,SETD ITAPEBA,SETD RECREIO,15066,14999,ITAPEBA AEREO URBANO,RECREIO,1,1,29463588,29463588
ITP33382,REC7,10385988,132097219,SETD ITAPEBA,SETD RECREIO,15066,14999,ITAPEBA AEREO URBANO,RECREIO,1,1,960597918,960597918
ITP33396,REC00008,10385988,132097219,SETD ITAPEBA,SETD RECREIO,15066,14999,ITAPEBA AEREO URBANO,RECREIO,1,1,587844307,587844307
JAB00005,JAB00016,18520749,18520749,SETD JABOATAO,SETD JABOATAO,15029,15029,JABOATAO AEREO,JABOATAO AEREO,1,1,25177309,25177309
JAB009,JAB015,18520749,18520749,SETD JABOATAO,SETD JABOATAO,15029,15029,JABOATAO AEREO,JABOATAO AEREO,1,1,765070682,765070682
JDB625,SCO33654,10385880,10386060,SETD JARDIM BOTANICO,SETD SAO CONRADO,15071,15053,JARDIM BOTANICO AEREO,SAO CONRADO AEREO,1,1,466122599,466122599
MNB013,MNB017,18520902,18520902,SETD MENA BARRETO,SETD MENA BARRETO,15057,15057,MENA BARRETO AEREO,MENA BARRETO AEREO,1,1,1002399969,1002399969
MRT0002,SJO0007,1312,310718139,SETD MERITI,SETD SAO JOAO,14993,15699,MERITI,SAO JOAO,1,1,759303880,759303880
MRT3930,MRT9941,1312,1312,SETD MERITI,SETD MERITI,14993,14993,MERITI,MERITI,1,1,941333378,941333378
MRT9954,VGE3890,1312,1267,SETD MERITI,SETD VIGARIO GERAL,14993,15062,MERITI,VIGARIO GERAL AEREO,1,1,987169132,987169132
MTC003,MTC007,1276,1276,SETD MATURACA,SETD MATURACA,15031,15031,MATURACA AEREO,MATURACA AEREO,1,1,534380347,534380347
NIG0004,NIG007,18519976,18519976,SETD NOVA IGUACU,SETD NOVA IGUACU,15692,15692,NOVA IGUACU,NOVA IGUACU,1,1,402128952,402128952
NIG025,RFR005,18519976,18520767,SETD NOVA IGUACU,SETD ROCHA FREIRE,15692,15693,NOVA IGUACU,ROCHA FREIRE AEREO AT/MT,1,1,23909071,23909071
PDG208,TQR0006,10385916,10385871,SETD PORTA DAGUA,SETD TAQUARA,,15023,,TAQUARA AEREO,1,1,971727982,971727982
PDG219,PDG33010,10385916,10385916,SETD PORTA DAGUA,SETD PORTA DAGUA,16902,16902,PORTA DAGUA AEREO,PORTA DAGUA AEREO,1,1,381526195,381526195
PDG222,PDG33670,10385916,10385916,SETD PORTA DAGUA,SETD PORTA DAGUA,16902,16902,PORTA DAGUA AEREO,PORTA DAGUA AEREO,1,1,470068546,470068546
PDG33010,TQR00005,10385916,10385871,SETD PORTA DAGUA,SETD TAQUARA,16902,15023,PORTA DAGUA AEREO,TAQUARA AEREO,1,1,990947932,990947932
PMG00019,PMG001,18520479,18520479,SETD PADRE MIGUEL,SETD PADRE MIGUEL,15019,15019,PADRE MIGUEL,PADRE MIGUEL,1,1,757843836,757843836
PMG00019,PMG013,18520479,18520479,SETD PADRE MIGUEL,SETD PADRE MIGUEL,15019,15019,PADRE MIGUEL,PADRE MIGUEL,1,1,581935834,581935834
PMG001,PMG011,18520479,18520479,SETD PADRE MIGUEL,SETD PADRE MIGUEL,15019,15019,PADRE MIGUEL,PADRE MIGUEL,1,1,580415748,580415748
REC0012,REC0013,132097219,132097219,SETD RECREIO,SETD RECREIO,14999,14999,RECREIO,RECREIO,1,1,688834950,688834950
REC0017,REC37476,132097219,132097219,SETD RECREIO,SETD RECREIO,,15690,,BARRA SUBTERRANEO,1,1,574279727,574279727
RTO006,VRD015,18520875,18520470,SETD RETIRO,SETD VOLTA REDONDA,14995,15086,RETIRO,VOLTA REDONDA AEREO MT/MT,1,1,793217826,793217826
RTO011,RTO014,18520875,18520875,SETD RETIRO,SETD RETIRO,14995,14995,RETIRO,RETIRO,1,1,490745678,490745678
STC00009,STC0014,34192093,34192093,SETD SANTA CLARA,SETD SANTA CLARA,15052,15052,SANTA CLARA AEREO,SANTA CLARA AEREO,1,1,668107889,668107889
VGE3825,VGE3834,1267,1267,SETD VIGARIO GERAL,SETD VIGARIO GERAL,15062,15062,VIGARIO GERAL AEREO,VIGARIO GERAL AEREO,1,1,109316711,109316711
VRD016,VRD018,18520470,18520470,SETD VOLTA REDONDA,SETD VOLTA REDONDA,,15084,,VOLTA REDONDA AEREO AT/MT,1,1,1004516954,1004516954
ABR00019,ABR005,18520731,18520731,SETD AREIA BRANCA,SETD AREIA BRANCA,15054,15054,AREIA BRANCA AEREO,AREIA BRANCA AEREO,1,0,107531080,
ABR00019,ABR016,18520731,18520731,SETD AREIA BRANCA,SETD AREIA BRANCA,15054,15054,AREIA BRANCA AEREO,AREIA BRANCA AEREO,1,0,111610156,
ABR00019,ABR017,18520731,18520731,SETD AREIA BRANCA,SETD AREIA BRANCA,15054,15054,AREIA BRANCA AEREO,AREIA BRANCA AEREO,1,0,20821078,
ABR00020,ABR002,18520731,18520731,SETD AREIA BRANCA,SETD AREIA BRANCA,15054,15054,AREIA BRANCA AEREO,AREIA BRANCA AEREO,1,0,20661721,
ABR00020,ABR017,18520731,18520731,SETD AREIA BRANCA,SETD AREIA BRANCA,15054,15054,AREIA BRANCA AEREO,AREIA BRANCA AEREO,1,0,112649041,
ABR00021,ABR010,18520731,18520731,SETD AREIA BRANCA,SETD AREIA BRANCA,15054,15054,AREIA BRANCA AEREO,AREIA BRANCA AEREO,1,0,684463666,
ABR001,ABR017,18520731,18520731,SETD AREIA BRANCA,SETD AREIA BRANCA,15054,15054,AREIA BRANCA AEREO,AREIA BRANCA AEREO,1,0,20702793,
ABR001,RFR007,18520731,18520767,SETD AREIA BRANCA,SETD ROCHA FREIRE,15054,15693,AREIA BRANCA AEREO,ROCHA FREIRE AEREO AT/MT,1,0,20703059,
ABR002,ABR007,18520731,18520731,SETD AREIA BRANCA,SETD AREIA BRANCA,15054,15054,AREIA BRANCA AEREO,AREIA BRANCA AEREO,1,0,20661875,
ABR003,ABR007,18520731,18520731,SETD AREIA BRANCA,SETD AREIA BRANCA,15054,15054,AREIA BRANCA AEREO,AREIA BRANCA AEREO,1,0,20747673,
ABR003,ABR010,18520731,18520731,SETD AREIA BRANCA,SETD AREIA BRANCA,15054,15054,AREIA BRANCA AEREO,AREIA BRANCA AEREO,1,0,20747666,
ABR003,NIG010,18520731,18519976,SETD AREIA BRANCA,SETD NOVA IGUACU,15054,15692,AREIA BRANCA AEREO,NOVA IGUACU,1,0,20709436,
ABR005,ABR008,18520731,18520731,SETD AREIA BRANCA,SETD AREIA BRANCA,15054,15054,AREIA BRANCA AEREO,AREIA BRANCA AEREO,1,0,20780711,
ABR005,ABR012,18520731,18520731,SETD AREIA BRANCA,SETD AREIA BRANCA,15054,15054,AREIA BRANCA AEREO,AREIA BRANCA AEREO,1,0,20821099,
ABR007,CRO0013,18520731,18521055,SETD AREIA BRANCA,SETD COELHO DA ROCHA,15054,15054,AREIA BRANCA AEREO,AREIA BRANCA AEREO,1,0,20761049,
ABR010,ABR015,18520731,18520731,SETD AREIA BRANCA,SETD AREIA BRANCA,15054,15054,AREIA BRANCA AEREO,AREIA BRANCA AEREO,1,0,20720636,
ABR012,ABR016,18520731,18520731,SETD AREIA BRANCA,SETD AREIA BRANCA,15054,15054,AREIA BRANCA AEREO,AREIA BRANCA AEREO,1,0,20821106,
ABR014,CRO006,18520731,18521055,SETD AREIA BRANCA,SETD COELHO DA ROCHA,15054,15054,AREIA BRANCA AEREO,AREIA BRANCA AEREO,1,0,20802931,
ABR014,NIG011,18520731,18519976,SETD AREIA BRANCA,SETD NOVA IGUACU,15054,15692,AREIA BRANCA AEREO,NOVA IGUACU,1,0,20745846,
AFR001,AFR003,18520461,18520461,SETD ARI FRANCO,SETD ARI FRANCO,15010,15010,ARI FRANCO,ARI FRANCO,1,0,20670747,
AFR001,AFR005,18520461,18520461,SETD ARI FRANCO,SETD ARI FRANCO,15010,15010,ARI FRANCO,ARI FRANCO,1,0,294972064,
AFR002,CAM001,18520461,18520488,SETD ARI FRANCO,SETD CAMARA,15010,14991,ARI FRANCO,CAMARA,1,0,20805948,
AFR003,AFR005,18520461,18520461,SETD ARI FRANCO,SETD ARI FRANCO,15010,15010,ARI FRANCO,ARI FRANCO,1,0,20774516,
AFR003,AFR009,18520461,18520461,SETD ARI FRANCO,SETD ARI FRANCO,15010,15010,ARI FRANCO,ARI FRANCO,1,0,424496323,
AFR003,AFR012,18520461,18520461,SETD ARI FRANCO,SETD ARI FRANCO,15010,15010,ARI FRANCO,ARI FRANCO,1,0,20774516,
AFR003,AFR014,18520461,18520461,SETD ARI FRANCO,SETD ARI FRANCO,15010,15010,ARI FRANCO,ARI FRANCO,1,0,20789058,
AFR003,AFR015,18520461,18520461,SETD ARI FRANCO,SETD ARI FRANCO,15010,15010,ARI FRANCO,ARI FRANCO,1,0,20717913,
AFR004,AFR009,18520461,18520461,SETD ARI FRANCO,SETD ARI FRANCO,15010,15010,ARI FRANCO,ARI FRANCO,1,0,20687946,
AFR005,AFR014,18520461,18520461,SETD ARI FRANCO,SETD ARI FRANCO,15010,15010,ARI FRANCO,ARI FRANCO,1,0,20806025,
AFR005,CAM002,18520461,18520488,SETD ARI FRANCO,SETD CAMARA,15010,14991,ARI FRANCO,CAMARA,1,0,295199711,
AFR005,PMG00019,18520461,18520479,SETD ARI FRANCO,SETD PADRE MIGUEL,15010,15019,ARI FRANCO,PADRE MIGUEL,1,0,20778408,
AFR007,AFR008,18520461,18520461,SETD ARI FRANCO,SETD ARI FRANCO,15010,15010,ARI FRANCO,ARI FRANCO,1,0,20670761,
AFR008,CAM001,18520461,18520488,SETD ARI FRANCO,SETD CAMARA,15010,14991,ARI FRANCO,CAMARA,1,0,20805885,
AFR010,CAM002,18520461,18520488,SETD ARI FRANCO,SETD CAMARA,15010,14991,ARI FRANCO,CAMARA,1,0,20744985,
AFR010,CAM020,18520461,18520488,SETD ARI FRANCO,SETD CAMARA,15010,14991,ARI FRANCO,CAMARA,1,0,530240410,
AFR011,CAM002,18520461,18520488,SETD ARI FRANCO,SETD CAMARA,15010,14991,ARI FRANCO,CAMARA,1,0,20675367,
AFR013,AFR015,18520461,18520461,SETD ARI FRANCO,SETD ARI FRANCO,15010,15010,ARI FRANCO,ARI FRANCO,1,0,39376039,
AFR014,CAM006,18520461,18520488,SETD ARI FRANCO,SETD CAMARA,15010,14991,ARI FRANCO,CAMARA,1,0,20789170,
AGR001,AGR002,1285,1285,SETD AGUA GRANDE,SETD AGUA GRANDE,15045,15045,AGUA GRANDE AEREO,AGUA GRANDE AEREO,1,0,1614570,
AGR001,CCD205,1285,1186,SETD AGUA GRANDE,SETD CASCADURA,15045,,AGUA GRANDE AEREO,,1,0,1631699,
AGR002,MTC001,1285,1276,SETD AGUA GRANDE,SETD MATURACA,15045,15031,AGUA GRANDE AEREO,MATURACA AEREO,1,0,1611721,
AGR003,AGR010,1285,1285,SETD AGUA GRANDE,SETD AGUA GRANDE,15045,15045,AGUA GRANDE AEREO,AGUA GRANDE AEREO,1,0,1631622,
AGR003,MTC007,1285,1276,SETD AGUA GRANDE,SETD MATURACA,15045,15031,AGUA GRANDE AEREO,MATURACA AEREO,1,0,430473531,
AGR003,MTC012,1285,1276,SETD AGUA GRANDE,SETD MATURACA,15045,15031,AGUA GRANDE AEREO,MATURACA AEREO,1,0,1631629,
AGR004,AGR009,1285,1285,SETD AGUA GRANDE,SETD AGUA GRANDE,15045,15045,AGUA GRANDE AEREO,AGUA GRANDE AEREO,1,0,1589426,
AGR004,MRT273,1285,1312,SETD AGUA GRANDE,SETD MERITI,15045,,AGUA GRANDE AEREO,,1,0,1589426,
AGR005,AGR010,1285,1285,SETD AGUA GRANDE,SETD AGUA GRANDE,15045,15045,AGUA GRANDE AEREO,AGUA GRANDE AEREO,1,0,1631636,
AGR005,VGE33444,1285,1267,SETD AGUA GRANDE,SETD VIGARIO GERAL,15045,15062,AGUA GRANDE AEREO,VIGARIO GERAL AEREO,1,0,1587739,
AGR008,BPN29920,1285,1159,SETD AGUA GRANDE,SETD BRAS DE PINA,15045,15045,AGUA GRANDE AEREO,AGUA GRANDE AEREO,1,0,1627191,
AGR008,MRT273,1285,1312,SETD AGUA GRANDE,SETD MERITI,15045,,AGUA GRANDE AEREO,,1,0,1601340,
AGR010,AGR012,1285,1285,SETD AGUA GRANDE,SETD AGUA GRANDE,15045,15045,AGUA GRANDE AEREO,AGUA GRANDE AEREO,1,0,1631657,
AGR010,CCD205,1285,1186,SETD AGUA GRANDE,SETD CASCADURA,15045,,AGUA GRANDE AEREO,,1,0,1631580,
AGR010,MTC012,1285,1276,SETD AGUA GRANDE,SETD MATURACA,15045,15031,AGUA GRANDE AEREO,MATURACA AEREO,1,0,1631867,
AGR011,MRT273,1285,1312,SETD AGUA GRANDE,SETD MERITI,15045,,AGUA GRANDE AEREO,,1,0,1613639,
AGR011,VGE3703,1285,1267,SETD AGUA GRANDE,SETD VIGARIO GERAL,15045,15062,AGUA GRANDE AEREO,VIGARIO GERAL AEREO,1,0,159805584,
AGR013,CCD205,1285,1186,SETD AGUA GRANDE,SETD CASCADURA,15045,,AGUA GRANDE AEREO,,1,0,1608193,
AGR013,CLG0004,1285,1249,SETD AGUA GRANDE,SETD COLEGIO,15045,15021,AGUA GRANDE AEREO,COLEGIO AEREO,1,0,1608193,
AGR013,CLG0012,1285,1249,SETD AGUA GRANDE,SETD COLEGIO,15045,15021,AGUA GRANDE AEREO,COLEGIO AEREO,1,0,1608200,
AGR013,MTC007,1285,1276,SETD AGUA GRANDE,SETD MATURACA,15045,15031,AGUA GRANDE AEREO,MATURACA AEREO,1,0,1608158,
ALC0001,ALC9993,10385889,10385889,SETD ALDEIA CAMPISTA,SETD ALDEIA CAMPISTA,15033,15033,ALDEIA CAMPISTA,ALDEIA CAMPISTA,1,0,11006829,
ALC0001,URG29706,10385889,10385979,SETD ALDEIA CAMPISTA,SETD URUGUAI,15033,15025,ALDEIA CAMPISTA,URUGUAI AEREO,1,0,11093895,
ALC3166,ALC734,10385889,10385889,SETD ALDEIA CAMPISTA,SETD ALDEIA CAMPISTA,15033,15033,ALDEIA CAMPISTA,ALDEIA CAMPISTA,1,0,11136322,
ALC3166,LPD29232,10385889,10386033,SETD ALDEIA CAMPISTA,SETD LEOPOLDO,15033,15030,ALDEIA CAMPISTA,LEOPOLDO AEREO,1,0,11056833,
ALC33118,ALC718,10385889,10385889,SETD ALDEIA CAMPISTA,SETD ALDEIA CAMPISTA,15033,15033,ALDEIA CAMPISTA,ALDEIA CAMPISTA,1,0,11136210,
ALC33118,RCP9821,10385889,10386006,SETD ALDEIA CAMPISTA,SETD RIO COMPRIDO,15033,15058,ALDEIA CAMPISTA,RIO COMPRIDO AEREO,1,0,11136189,
ALC3403,ALC3601,10385889,10385889,SETD ALDEIA CAMPISTA,SETD ALDEIA CAMPISTA,15030,15033,LEOPOLDO AEREO,ALDEIA CAMPISTA,1,0,11136399,
ALC3403,LPD29232,10385889,10386033,SETD ALDEIA CAMPISTA,SETD LEOPOLDO,15030,15030,LEOPOLDO AEREO,LEOPOLDO AEREO,1,0,1008248410,
ALC3403,LPD33251,10385889,10386033,SETD ALDEIA CAMPISTA,SETD LEOPOLDO,15030,15030,LEOPOLDO AEREO,LEOPOLDO AEREO,1,0,579093224,
ALC3601,ALC734,10385889,10385889,SETD ALDEIA CAMPISTA,SETD ALDEIA CAMPISTA,15033,15033,ALDEIA CAMPISTA,ALDEIA CAMPISTA,1,0,1022156737,
ALC651,ALC740,10385889,10385889,SETD ALDEIA CAMPISTA,SETD ALDEIA CAMPISTA,15033,15033,ALDEIA CAMPISTA,ALDEIA CAMPISTA,1,0,11080362,
ALC683,ALC9946,10385889,10385889,SETD ALDEIA CAMPISTA,SETD ALDEIA CAMPISTA,15033,15033,ALDEIA CAMPISTA,ALDEIA CAMPISTA,1,0,11136868,
ALC718,RCP33216,10385889,10386006,SETD ALDEIA CAMPISTA,SETD RIO COMPRIDO,15033,15058,ALDEIA CAMPISTA,RIO COMPRIDO AEREO,1,0,11036510,
ALC718,RCP9821,10385889,10386006,SETD ALDEIA CAMPISTA,SETD RIO COMPRIDO,15033,15058,ALDEIA CAMPISTA,RIO COMPRIDO AEREO,1,0,97946163,
ALC740,ALC9993,10385889,10385889,SETD ALDEIA CAMPISTA,SETD ALDEIA CAMPISTA,15033,15033,ALDEIA CAMPISTA,ALDEIA CAMPISTA,1,0,277194893,
ALC740,URG29706,10385889,10385979,SETD ALDEIA CAMPISTA,SETD URUGUAI,15033,15025,ALDEIA CAMPISTA,URUGUAI AEREO,1,0,11024107,
ALC740,URG29718,10385889,10385979,SETD ALDEIA CAMPISTA,SETD URUGUAI,15033,15025,ALDEIA CAMPISTA,URUGUAI AEREO,1,0,11006353,
ALC740,URG29970,10385889,10385979,SETD ALDEIA CAMPISTA,SETD URUGUAI,15033,15025,ALDEIA CAMPISTA,URUGUAI AEREO,1,0,11006283,
ALC9993,LPD29159,10385889,10386033,SETD ALDEIA CAMPISTA,SETD LEOPOLDO,15033,15030,ALDEIA CAMPISTA,LEOPOLDO AEREO,1,0,615454727,
ALC9993,LPD29232,10385889,10386033,SETD ALDEIA CAMPISTA,SETD LEOPOLDO,15033,15030,ALDEIA CAMPISTA,LEOPOLDO AEREO,1,0,11006836,
AVD0001,AVD30081,10385943,10385943,SETD ALVORADA,SETD ALVORADA,15004,15004,ALVORADA,ALVORADA,1,0,481168504,
AVD0001,ITP0003,10385943,10385988,SETD ALVORADA,SETD ITAPEBA,15004,15066,ALVORADA,ITAPEBA AEREO URBANO,1,0,11214035,
AVD30048,AVD33351,10385943,10385943,SETD ALVORADA,SETD ALVORADA,15004,15004,ALVORADA,ALVORADA,1,0,469175417,
AVD30048,ITP0002,10385943,10385988,SETD ALVORADA,SETD ITAPEBA,15004,15060,ALVORADA,ITAPEBA SUBTERRANEO,1,0,469175417,
AVD30048,ITP0003,10385943,10385988,SETD ALVORADA,SETD ITAPEBA,15004,15066,ALVORADA,ITAPEBA AEREO URBANO,1,0,984292170,
AVD30081,AVD30282,10385943,10385943,SETD ALVORADA,SETD ALVORADA,15004,15004,ALVORADA,ALVORADA,1,0,542942428,
AVD30081,AVD33351,10385943,10385943,SETD ALVORADA,SETD ALVORADA,15004,15004,ALVORADA,ALVORADA,1,0,481168504,
AVD33312,AVD33340,10385943,10385943,SETD ALVORADA,SETD ALVORADA,15004,15004,ALVORADA,ALVORADA,1,0,11101948,
AVD33320,AVD33340,10385943,10385943,SETD ALVORADA,SETD ALVORADA,15004,15004,ALVORADA,ALVORADA,1,0,11079571,
AVD33340,AVD33360,10385943,10385943,SETD ALVORADA,SETD ALVORADA,15004,15004,ALVORADA,ALVORADA,1,0,11102046,
AVD33340,BAR3515,10385943,10385907,SETD ALVORADA,SETD BARRA,15004,15690,ALVORADA,BARRA SUBTERRANEO,1,0,11079683,
AVD33357,ITP0003,10385943,10385988,SETD ALVORADA,SETD ITAPEBA,15004,15066,ALVORADA,ITAPEBA AEREO URBANO,1,0,11137008,
AVD33625,GDN0011,10385943,457474244,SETD ALVORADA,SETD GARDENIA,15004,16903,ALVORADA,GARDENIA,1,0,11138583,
BAR000,BAR29386,10385907,10385907,SETD BARRA,SETD BARRA,15013,15013,BARRA AEREO,BARRA AEREO,1,0,11061701,
BAR000,PDG29023,10385907,10385916,SETD BARRA,SETD PORTA DAGUA,15013,16902,BARRA AEREO,PORTA DAGUA AEREO,1,0,481928510,
BAR000,PDG33647,10385907,10385916,SETD BARRA,SETD PORTA DAGUA,15013,16902,BARRA AEREO,PORTA DAGUA AEREO,1,0,11077765,
BAR24135,BAR3515,10385907,10385907,SETD BARRA,SETD BARRA,15013,15690,BARRA AEREO,BARRA SUBTERRANEO,1,0,11009244,
BAR29386,BAR29407,10385907,10385907,SETD BARRA,SETD BARRA,15013,15013,BARRA AEREO,BARRA AEREO,1,0,11135762,
BAR29407,BAR33398,10385907,10385907,SETD BARRA,SETD BARRA,15013,15013,BARRA AEREO,BARRA AEREO,1,0,674643246,
BAR30673,BAR33368,10385907,10385907,SETD BARRA,SETD BARRA,15013,15013,BARRA AEREO,BARRA AEREO,1,0,61146800,
BAR33368,BAR4841,10385907,10385907,SETD BARRA,SETD BARRA,15013,15013,BARRA AEREO,BARRA AEREO,1,0,26253813,
BAR33398,BAR4472,10385907,10385907,SETD BARRA,SETD BARRA,15013,15013,BARRA AEREO,BARRA AEREO,1,0,11119625,
BAR33398,BAR4841,10385907,10385907,SETD BARRA,SETD BARRA,15013,15013,BARRA AEREO,BARRA AEREO,1,0,11026032,
BAR3462,BAR4841,10385907,10385907,SETD BARRA,SETD BARRA,15690,15013,BARRA SUBTERRANEO,BARRA AEREO,1,0,11120563,
BAR3515,BAR4998,10385907,10385907,SETD BARRA,SETD BARRA,15690,15013,BARRA SUBTERRANEO,BARRA AEREO,1,0,11009328,
BAR4472,BAR4841,10385907,10385907,SETD BARRA,SETD BARRA,15013,15013,BARRA AEREO,BARRA AEREO,1,0,11026032,
BAR99999,SCO0001,10385907,10386060,SETD BARRA,SETD SAO CONRADO,15013,15053,BARRA AEREO,SAO CONRADO AEREO,1,0,770064557,
BFG24599,BFG29289,10385934,10385934,SETD BOTAFOGO,SETD BOTAFOGO,15064,15067,BOTAFOGO SUBTERRANEO,BOTAFOGO AEREO URBANO,1,0,11307646,
BFG24849,HMT3386,10385934,10386096,SETD BOTAFOGO,SETD HUMAITA,15064,15059,BOTAFOGO SUBTERRANEO,HUMAITA SUBTERRANEO,1,0,503304038,
BFG29165,BFG29902,10385934,10385934,SETD BOTAFOGO,SETD BOTAFOGO,15067,15067,BOTAFOGO AEREO URBANO,BOTAFOGO AEREO URBANO,1,0,11308269,
BMT0001,BMT29601,1195,1195,SETD BOCA DO MATO,SETD BOCA DO MATO,14998,15055,PIEDADE,BOCA DO MATO AEREO,1,0,15179291,
BMT0001,PDD3984,1195,1231,SETD BOCA DO MATO,SETD PIEDADE,14998,14998,PIEDADE,PIEDADE,1,0,1613324,
BMT29737,BMT29822,1195,1195,SETD BOCA DO MATO,SETD BOCA DO MATO,15055,15055,BOCA DO MATO AEREO,BOCA DO MATO AEREO,1,0,1616698,
BMT29840,BMT33497,1195,1195,SETD BOCA DO MATO,SETD BOCA DO MATO,15055,15055,BOCA DO MATO AEREO,BOCA DO MATO AEREO,1,0,1595929,
BMT29884,BMT29985,1195,1195,SETD BOCA DO MATO,SETD BOCA DO MATO,15055,15055,BOCA DO MATO AEREO,BOCA DO MATO AEREO,1,0,1586710,
BPD1093,SLZ4500,10385961,10386069,SETD BAEPENDI,SETD SANTA LUZIA,15063,15016,BAEPENDI SUBTERRANEO,SANTA LUZIA,1,0,534989703,
BPD1093,SLZ4680,10385961,10386069,SETD BAEPENDI,SETD SANTA LUZIA,15063,15016,BAEPENDI SUBTERRANEO,SANTA LUZIA,1,0,531610178,
BPD24186,BPD24650,10385961,10385961,SETD BAEPENDI,SETD BAEPENDI,15063,15026,BAEPENDI SUBTERRANEO,BAEPENDI AEREO,1,0,1026098535,
BPD24650,BPD24726,10385961,10385961,SETD BAEPENDI,SETD BAEPENDI,15026,15063,BAEPENDI AEREO,BAEPENDI SUBTERRANEO,1,0,1026098535,
BPD4609,BPD4700,10385961,10385961,SETD BAEPENDI,SETD BAEPENDI,15063,15026,BAEPENDI SUBTERRANEO,BAEPENDI AEREO,1,0,11240602,
BPD4950,SLZ4500,10385961,10386069,SETD BAEPENDI,SETD SANTA LUZIA,15063,15016,BAEPENDI SUBTERRANEO,SANTA LUZIA,1,0,534989703,
BPD9400,SMT9110,10385961,10385997,SETD BAEPENDI,SETD SAMARITANO,15063,15076,BAEPENDI SUBTERRANEO,SAMARITANO SUBTERRANEO,1,0,473585378,
BPD9400,SMT9344,10385961,10385997,SETD BAEPENDI,SETD SAMARITANO,15063,15076,BAEPENDI SUBTERRANEO,SAMARITANO SUBTERRANEO,1,0,473585378,
BPD9612,SAT2891,10385961,10385970,SETD BAEPENDI,SETD SANTO ANTONIO,15063,15083,BAEPENDI SUBTERRANEO,SANTO ANTONIO SUBTERRANEO,1,0,477621734,
BPD9790,SAT2891,10385961,10385970,SETD BAEPENDI,SETD SANTO ANTONIO,15063,15083,BAEPENDI SUBTERRANEO,SANTO ANTONIO SUBTERRANEO,1,0,477621734,
BPN00001,BPN20131,1159,1159,SETD BRAS DE PINA,SETD BRAS DE PINA,15017,15024,BRAS DE PINA,TRIAGEM AEREO,1,0,1598862,
BPN00001,BPN29431,1159,1159,SETD BRAS DE PINA,SETD BRAS DE PINA,15017,15017,BRAS DE PINA,BRAS DE PINA,1,0,1581096,
BPN00001,PER33741,1159,1240,SETD BRAS DE PINA,SETD PEDRO ERNESTO,15017,15061,BRAS DE PINA,PEDRO ERNESTO AEREO,1,0,133084054,
BPN20131,BPN20135,1159,1159,SETD BRAS DE PINA,SETD BRAS DE PINA,15024,,TRIAGEM AEREO,,1,0,1605834,
BPN20131,CCD205,1159,1186,SETD BRAS DE PINA,SETD CASCADURA,15024,,TRIAGEM AEREO,,1,0,649124289,
BPN20131,CCD224,1159,1186,SETD BRAS DE PINA,SETD CASCADURA,15024,,TRIAGEM AEREO,,1,0,579264895,
BPN20131,CCD268,1159,1186,SETD BRAS DE PINA,SETD CASCADURA,15024,,TRIAGEM AEREO,,1,0,1588138,
BPN20131,MRT273,1159,1312,SETD BRAS DE PINA,SETD MERITI,15024,,TRIAGEM AEREO,,1,0,134738017,
BPN20131,PER33741,1159,1240,SETD BRAS DE PINA,SETD PEDRO ERNESTO,15024,15061,TRIAGEM AEREO,PEDRO ERNESTO AEREO,1,0,714706243,
BPN20131,PER70278,1159,1240,SETD BRAS DE PINA,SETD PEDRO ERNESTO,15024,15017,TRIAGEM AEREO,BRAS DE PINA,1,0,16416007,
BPN20131,TER12912,1159,1123,SETD BRAS DE PINA,SETD TERRA NOVA,15024,15044,TRIAGEM AEREO,TERRA NOVA AEREO,1,0,1615963,
BPN20131,TRG223,1159,1204,SETD BRAS DE PINA,SETD TRIAGEM,15024,,TRIAGEM AEREO,,1,0,1611917,
BPN20135,TRG275,1159,1204,SETD BRAS DE PINA,SETD TRIAGEM,,,,,1,0,1617958,
BPN29431,BPN29858,1159,1159,SETD BRAS DE PINA,SETD BRAS DE PINA,15017,15017,BRAS DE PINA,BRAS DE PINA,1,0,1627219,
BPN29431,BPN29920,1159,1159,SETD BRAS DE PINA,SETD BRAS DE PINA,15017,15045,BRAS DE PINA,AGUA GRANDE AEREO,1,0,1629221,
BPN29431,BPN33195,1159,1159,SETD BRAS DE PINA,SETD BRAS DE PINA,15017,15017,BRAS DE PINA,BRAS DE PINA,1,0,1581145,
BPN29522,BPN29872,1159,1159,SETD BRAS DE PINA,SETD BRAS DE PINA,15017,15017,BRAS DE PINA,BRAS DE PINA,1,0,1566709,
BPN29590,BPN314,1159,1159,SETD BRAS DE PINA,SETD BRAS DE PINA,15017,,BRAS DE PINA,,1,0,1624489,
BPN29590,MRT273,1159,1312,SETD BRAS DE PINA,SETD MERITI,15017,,BRAS DE PINA,,1,0,1629305,
BPN29858,BPN29920,1159,1159,SETD BRAS DE PINA,SETD BRAS DE PINA,15017,15045,BRAS DE PINA,AGUA GRANDE AEREO,1,0,1627394,
BPN29869,BPN29915,1159,1159,SETD BRAS DE PINA,SETD BRAS DE PINA,15017,15017,BRAS DE PINA,BRAS DE PINA,1,0,141556134,
BPN29869,BPN29920,1159,1159,SETD BRAS DE PINA,SETD BRAS DE PINA,15017,15045,BRAS DE PINA,AGUA GRANDE AEREO,1,0,1605316,
BPN29872,BPN29904,1159,1159,SETD BRAS DE PINA,SETD BRAS DE PINA,15017,15017,BRAS DE PINA,BRAS DE PINA,1,0,1619820,
BPN29872,PER0002,1159,1240,SETD BRAS DE PINA,SETD PEDRO ERNESTO,15017,15061,BRAS DE PINA,PEDRO ERNESTO AEREO,1,0,1566765,
BPN29881,MRT273,1159,1312,SETD BRAS DE PINA,SETD MERITI,15017,,BRAS DE PINA,,1,0,1625672,
BPN29915,BPN303,1159,1159,SETD BRAS DE PINA,SETD BRAS DE PINA,15017,15017,BRAS DE PINA,BRAS DE PINA,1,0,1581362,
BPN29915,PER763,1159,1240,SETD BRAS DE PINA,SETD PEDRO ERNESTO,15017,15061,BRAS DE PINA,PEDRO ERNESTO AEREO,1,0,1617370,
BPN307,MRT273,1159,1312,SETD BRAS DE PINA,SETD MERITI,,,,,1,0,721791344,
BPN314,MRT273,1159,1312,SETD BRAS DE PINA,SETD MERITI,,,,,1,0,134256395,
BPN33195,PER0002,1159,1240,SETD BRAS DE PINA,SETD PEDRO ERNESTO,15017,15061,BRAS DE PINA,PEDRO ERNESTO AEREO,1,0,1581138,
BPN33195,PER70278,1159,1240,SETD BRAS DE PINA,SETD PEDRO ERNESTO,15017,15017,BRAS DE PINA,BRAS DE PINA,1,0,239094249,
BRI00005,BRI003,18521208,18521208,SETD BRISAMAR,SETD BRISAMAR,15006,15006,BRISA MAR,BRISA MAR,1,0,135611175,
BRI00005,ESP019,18521208,18519958,SETD BRISAMAR,SETD ESPERANCA,15006,16899,BRISA MAR,ESPERANCA AEREO AT/MT,1,0,20789758,
BRI00005,ESP020,18521208,18519958,SETD BRISAMAR,SETD ESPERANCA,15006,16899,BRISA MAR,ESPERANCA AEREO AT/MT,1,0,161725091,
BRI00005,ITG0004,18521208,310129856,SETD BRISAMAR,SETD ITAGUAI,15006,15694,BRISA MAR,ITAGUAI,1,0,760493296,
BRI00005,ITG0011,18521208,310129856,SETD BRISAMAR,SETD ITAGUAI,15006,15694,BRISA MAR,ITAGUAI,1,0,20719194,
BRI001,ESP019,18521208,18519958,SETD BRISAMAR,SETD ESPERANCA,15006,16899,BRISA MAR,ESPERANCA AEREO AT/MT,1,0,359387604,
BRI001,ITG0010,18521208,310129856,SETD BRISAMAR,SETD ITAGUAI,15006,15694,BRISA MAR,ITAGUAI,1,0,20701827,
BRI001,SRD0005,18521208,18521154,SETD BRISAMAR,SETD SEROPEDICA,15006,15043,BRISA MAR,SEROPEDICA AEREO,1,0,725132092,
BRI001,SRD002,18521208,18521154,SETD BRISAMAR,SETD SEROPEDICA,15006,15043,BRISA MAR,SEROPEDICA AEREO,1,0,977979996,
BRI002,BRI003,18521208,18521208,SETD BRISAMAR,SETD BRISAMAR,15006,15006,BRISA MAR,BRISA MAR,1,0,344670826,
BRI003,ITG0007,18521208,310129856,SETD BRISAMAR,SETD ITAGUAI,15006,15694,BRISA MAR,ITAGUAI,1,0,22322738,
BRR38521,PDG33647,345834478,10385916,SETD BARRA 2,SETD PORTA DAGUA,16902,16902,PORTA DAGUA AEREO,PORTA DAGUA AEREO,1,0,481675211,
CAM001,CAM002,18520488,18520488,SETD CAMARA,SETD CAMARA,14991,14991,CAMARA,CAMARA,1,0,20805878,
CAM001,CAM004,18520488,18520488,SETD CAMARA,SETD CAMARA,14991,14991,CAMARA,CAMARA,1,0,20805969,
CAM002,CAM004,18520488,18520488,SETD CAMARA,SETD CAMARA,14991,14991,CAMARA,CAMARA,1,0,295388617,
CAM002,CAM020,18520488,18520488,SETD CAMARA,SETD CAMARA,14991,14991,CAMARA,CAMARA,1,0,530210360,
CAM003,CAM011,18520488,18520488,SETD CAMARA,SETD CAMARA,14991,14991,CAMARA,CAMARA,1,0,460922269,
CAM003,CAM014,18520488,18520488,SETD CAMARA,SETD CAMARA,14991,14991,CAMARA,CAMARA,1,0,20669088,
CAM003,PMG002,18520488,18520479,SETD CAMARA,SETD PADRE MIGUEL,14991,14991,CAMARA,CAMARA,1,0,978473804,
CAM005,CAM015,18520488,18520488,SETD CAMARA,SETD CAMARA,14991,14991,CAMARA,CAMARA,1,0,20690830,
CAM007,CAM019,18520488,18520488,SETD CAMARA,SETD CAMARA,14991,14991,CAMARA,CAMARA,1,0,466976858,
CAM007,STS005,18520488,18521136,SETD CAMARA,SETD SANTISSIMO,14991,15042,CAMARA,SANTISSIMO AEREO,1,0,20805514,
CAM008,CAM018,18520488,18520488,SETD CAMARA,SETD CAMARA,14991,14991,CAMARA,CAMARA,1,0,20813336,
CAM009,STS005,18520488,18521136,SETD CAMARA,SETD SANTISSIMO,14991,15042,CAMARA,SANTISSIMO AEREO,1,0,20694547,
CAM011,CAM012,18520488,18520488,SETD CAMARA,SETD CAMARA,14991,14991,CAMARA,CAMARA,1,0,20231225,
CAM011,CAM014,18520488,18520488,SETD CAMARA,SETD CAMARA,14991,14991,CAMARA,CAMARA,1,0,20720244,
CAM014,CAM019,18520488,18520488,SETD CAMARA,SETD CAMARA,14991,14991,CAMARA,CAMARA,1,0,20669088,
CAM015,CAM020,18520488,18520488,SETD CAMARA,SETD CAMARA,14991,14991,CAMARA,CAMARA,1,0,20690053,
CAM017,STS003,18520488,18521136,SETD CAMARA,SETD SANTISSIMO,14991,15042,CAMARA,SANTISSIMO AEREO,1,0,20733523,
CAM018,PMG0018,18520488,18520479,SETD CAMARA,SETD PADRE MIGUEL,14991,15019,CAMARA,PADRE MIGUEL,1,0,20680813,
CAM019,PMG009,18520488,18520479,SETD CAMARA,SETD PADRE MIGUEL,14991,15019,CAMARA,PADRE MIGUEL,1,0,54791501,
CBI00002,CBI24801,1141,1141,SETD CACHAMBI,SETD CACHAMBI,15027,15027,CACHAMBI AEREO,CACHAMBI AEREO,1,0,1625840,
CBI24801,CBI24854,1141,1141,SETD CACHAMBI,SETD CACHAMBI,15027,15027,CACHAMBI AEREO,CACHAMBI AEREO,1,0,1601690,
CBI24801,CBI33806,1141,1141,SETD CACHAMBI,SETD CACHAMBI,15027,15027,CACHAMBI AEREO,CACHAMBI AEREO,1,0,1625840,
CBI24833,CBI33798,1141,1141,SETD CACHAMBI,SETD CACHAMBI,15027,15027,CACHAMBI AEREO,CACHAMBI AEREO,1,0,1609523,
CBI24840,CBI33806,1141,1141,SETD CACHAMBI,SETD CACHAMBI,15027,15027,CACHAMBI AEREO,CACHAMBI AEREO,1,0,345752887,
CBI24854,CBI24896,1141,1141,SETD CACHAMBI,SETD CACHAMBI,15027,15027,CACHAMBI AEREO,CACHAMBI AEREO,1,0,478016669,
CBI24854,CBI33803,1141,1141,SETD CACHAMBI,SETD CACHAMBI,15027,15027,CACHAMBI AEREO,CACHAMBI AEREO,1,0,1601711,
CBI24876,CBI24970,1141,1141,SETD CACHAMBI,SETD CACHAMBI,15027,15027,CACHAMBI AEREO,CACHAMBI AEREO,1,0,1617559,
CBI24876,TRG783,1141,1204,SETD CACHAMBI,SETD TRIAGEM,15027,15024,CACHAMBI AEREO,TRIAGEM AEREO,1,0,1617503,
CBI24896,CBI33803,1141,1141,SETD CACHAMBI,SETD CACHAMBI,15027,15027,CACHAMBI AEREO,CACHAMBI AEREO,1,0,1596587,
CBI24955,CBI33795,1141,1141,SETD CACHAMBI,SETD CACHAMBI,15027,15027,CACHAMBI AEREO,CACHAMBI AEREO,1,0,1594627,
CBI24982,TRG959,1141,1204,SETD CACHAMBI,SETD TRIAGEM,15027,15024,CACHAMBI AEREO,TRIAGEM AEREO,1,0,1595537,
CBI33803,CBI33806,1141,1141,SETD CACHAMBI,SETD CACHAMBI,15027,15027,CACHAMBI AEREO,CACHAMBI AEREO,1,0,1623019,
CBI33803,CBI34677,1141,1141,SETD CACHAMBI,SETD CACHAMBI,15027,15027,CACHAMBI AEREO,CACHAMBI AEREO,1,0,359897363,
CBI33806,PDD3356,1141,1231,SETD CACHAMBI,SETD PIEDADE,15027,,CACHAMBI AEREO,,1,0,345752887,
CCD00001,CCD34454,1186,1186,SETD CASCADURA,SETD CASCADURA,15034,15034,CASCADURA AEREO,CASCADURA AEREO,1,0,1621815,
CCD00001,CCD34455,1186,1186,SETD CASCADURA,SETD CASCADURA,15034,15034,CASCADURA AEREO,CASCADURA AEREO,1,0,1622487,
CCD00001,CCD910,1186,1186,SETD CASCADURA,SETD CASCADURA,15034,15034,CASCADURA AEREO,CASCADURA AEREO,1,0,1554221,
CCD205,CCD250,1186,1186,SETD CASCADURA,SETD CASCADURA,,15034,,CASCADURA AEREO,1,0,1580606,
CCD205,CCD268,1186,1186,SETD CASCADURA,SETD CASCADURA,,,,,1,0,1588208,
CCD205,CCD292,1186,1186,SETD CASCADURA,SETD CASCADURA,,,,,1,0,776612870,
CCD205,CCD3713,1186,1186,SETD CASCADURA,SETD CASCADURA,,15034,,CASCADURA AEREO,1,0,1606660,
CCD205,MRT2492,1186,1312,SETD CASCADURA,SETD MERITI,,,,,1,0,490490857,
CCD205,MRT273,1186,1312,SETD CASCADURA,SETD MERITI,,,,,1,0,670834453,
CCD205,MTC007,1186,1276,SETD CASCADURA,SETD MATURACA,,15031,,MATURACA AEREO,1,0,1614416,
CCD213,CCD815,1186,1186,SETD CASCADURA,SETD CASCADURA,,15034,,CASCADURA AEREO,1,0,1618056,
CCD213,VVQ9884,1186,1177,SETD CASCADURA,SETD VILA VALQUEIRE,,15032,,VILA VALQUEIRE,1,0,29328908,
CCD224,CCD256,1186,1186,SETD CASCADURA,SETD CASCADURA,,,,,1,0,833860450,
CCD224,CCD815,1186,1186,SETD CASCADURA,SETD CASCADURA,,15034,,CASCADURA AEREO,1,0,1618840,
CCD224,PDD29513,1186,1231,SETD CASCADURA,SETD PIEDADE,,14998,,PIEDADE,1,0,1625966,
CCD224,TRG347,1186,1204,SETD CASCADURA,SETD TRIAGEM,,,,,1,0,1612050,
CCD237,CCD3787,1186,1186,SETD CASCADURA,SETD CASCADURA,15034,15034,CASCADURA AEREO,CASCADURA AEREO,1,0,1630075,
CCD237,TQR00003,1186,10385871,SETD CASCADURA,SETD TAQUARA,15034,15023,CASCADURA AEREO,TAQUARA AEREO,1,0,461360608,
CCD237,TQR33839,1186,10385871,SETD CASCADURA,SETD TAQUARA,15034,15023,CASCADURA AEREO,TAQUARA AEREO,1,0,11076099,
CCD241,GDL29746,1186,1258,SETD CASCADURA,SETD GUADALUPE,15034,15036,CASCADURA AEREO,GUADALUPE AEREO,1,0,141027934,
CCD241,TUR006,1186,1294,SETD CASCADURA,SETD TURIACU,15034,15002,CASCADURA AEREO,TURIACU,1,0,1588803,
CCD250,CCD268,1186,1186,SETD CASCADURA,SETD CASCADURA,15034,,CASCADURA AEREO,,1,0,1580606,
CCD277,CCD3348,1186,1186,SETD CASCADURA,SETD CASCADURA,15034,15034,CASCADURA AEREO,CASCADURA AEREO,1,0,1623320,
CCD277,GDL29746,1186,1258,SETD CASCADURA,SETD GUADALUPE,15034,15036,CASCADURA AEREO,GUADALUPE AEREO,1,0,352842375,
CCD277,TUR004,1186,1294,SETD CASCADURA,SETD TURIACU,15034,15002,CASCADURA AEREO,TURIACU,1,0,1607563,
CCD292,PVN9815,1186,1303,SETD CASCADURA,SETD PAVUNA,,14994,,PAVUNA,1,0,1614304,
CCD292,PVN9891,1186,1303,SETD CASCADURA,SETD PAVUNA,,14994,,PAVUNA,1,0,22935464,
CCD3348,TUR004,1186,1294,SETD CASCADURA,SETD TURIACU,15034,15002,CASCADURA AEREO,TURIACU,1,0,1607563,
CCD3348,TUR008,1186,1294,SETD CASCADURA,SETD TURIACU,15034,15002,CASCADURA AEREO,TURIACU,1,0,1606828,
CCD3348,TUR010,1186,1294,SETD CASCADURA,SETD TURIACU,15034,15002,CASCADURA AEREO,TURIACU,1,0,1607409,
CCD34455,CCD3787,1186,1186,SETD CASCADURA,SETD CASCADURA,15034,15034,CASCADURA AEREO,CASCADURA AEREO,1,0,1622438,
CCD34455,VVQ33140,1186,1177,SETD CASCADURA,SETD VILA VALQUEIRE,15034,15032,CASCADURA AEREO,VILA VALQUEIRE,1,0,1586780,
CCD34456,CCD70145,1186,1186,SETD CASCADURA,SETD CASCADURA,15034,15034,CASCADURA AEREO,CASCADURA AEREO,1,0,292172468,
CCD34456,MTC013,1186,1276,SETD CASCADURA,SETD MATURACA,15034,15031,CASCADURA AEREO,MATURACA AEREO,1,0,1584708,
CCD34456,PDD9861,1186,1231,SETD CASCADURA,SETD PIEDADE,15034,14998,CASCADURA AEREO,PIEDADE,1,0,1621115,
CCD3713,CLG0001,1186,1249,SETD CASCADURA,SETD COLEGIO,15034,15021,CASCADURA AEREO,COLEGIO AEREO,1,0,1606786,
CCD3787,CCD803,1186,1186,SETD CASCADURA,SETD CASCADURA,15034,15034,CASCADURA AEREO,CASCADURA AEREO,1,0,1605652,
CCD4079,TUR010,1186,1294,SETD CASCADURA,SETD TURIACU,15034,15002,CASCADURA AEREO,TURIACU,1,0,1607507,
CCD70145,CCD757,1186,1186,SETD CASCADURA,SETD CASCADURA,15034,15034,CASCADURA AEREO,CASCADURA AEREO,1,0,1583084,
CCD724,VVQ9892,1186,1177,SETD CASCADURA,SETD VILA VALQUEIRE,15034,15032,CASCADURA AEREO,VILA VALQUEIRE,1,0,1622123,
CCD815,CCD826,1186,1186,SETD CASCADURA,SETD CASCADURA,15034,15034,CASCADURA AEREO,CASCADURA AEREO,1,0,1618868,
CCD910,VVQ9939,1186,1177,SETD CASCADURA,SETD VILA VALQUEIRE,15034,15032,CASCADURA AEREO,VILA VALQUEIRE,1,0,1593108,
CEN001,SCI002,18520353,18520299,SETD CENTENARIO,SETD SANTA CECILIA,15074,15090,CENTENARIO AEREO AT/MT,SANTA CECILIA AEREO MT/MT,1,0,135175990,
CEN002,CEN004,18520353,18520353,SETD CENTENARIO,SETD CENTENARIO,15074,15074,CENTENARIO AEREO AT/MT,CENTENARIO AEREO AT/MT,1,0,138237450,
CEN002,CEN006,18520353,18520353,SETD CENTENARIO,SETD CENTENARIO,15074,15089,CENTENARIO AEREO AT/MT,CENTENARIO AEREO MT/MT,1,0,20801181,
CEN003,CEN006,18520353,18520353,SETD CENTENARIO,SETD CENTENARIO,15089,15089,CENTENARIO AEREO MT/MT,CENTENARIO AEREO MT/MT,1,0,20801167,
CEN003,SCI005,18520353,18520299,SETD CENTENARIO,SETD SANTA CECILIA,15089,15090,CENTENARIO AEREO MT/MT,SANTA CECILIA AEREO MT/MT,1,0,230609827,
CEN003,TRS011,18520353,18520326,SETD CENTENARIO,SETD TRES RIOS,15089,15088,CENTENARIO AEREO MT/MT,TRES RIOS AEREO MT/MT,1,0,31359946,
CEN005,SCI007,18520353,18520299,SETD CENTENARIO,SETD SANTA CECILIA,15089,15090,CENTENARIO AEREO MT/MT,SANTA CECILIA AEREO MT/MT,1,0,20681709,
CHR0001,CHR020,18520758,18520758,SETD CACHAMORRA,SETD CACHAMORRA,,15011,,CACHAMORRA,1,0,518170006,
CHR0001,CHR06,18520758,18520758,SETD CACHAMORRA,SETD CACHAMORRA,,,,,1,0,518170006,
CHR0001,STS004,18520758,18521136,SETD CACHAMORRA,SETD SANTISSIMO,,15042,,SANTISSIMO AEREO,1,0,518170006,
CHR0003,CHR005,18520758,18520758,SETD CACHAMORRA,SETD CACHAMORRA,15011,15011,CACHAMORRA,CACHAMORRA,1,0,20736540,
CHR0003,CHR008,18520758,18520758,SETD CACHAMORRA,SETD CACHAMORRA,15011,15011,CACHAMORRA,CACHAMORRA,1,0,20739690,
CHR0003,JAB001,18520758,18520749,SETD CACHAMORRA,SETD JABOATAO,15011,15029,CACHAMORRA,JABOATAO AEREO,1,0,20736603,
CHR0003,JAB009,18520758,18520749,SETD CACHAMORRA,SETD JABOATAO,15011,15029,CACHAMORRA,JABOATAO AEREO,1,0,20787959,
CHR0003,STS004,18520758,18521136,SETD CACHAMORRA,SETD SANTISSIMO,15011,15042,CACHAMORRA,SANTISSIMO AEREO,1,0,20788022,
CHR0006,CHR004,18520758,18520758,SETD CACHAMORRA,SETD CACHAMORRA,15011,15011,CACHAMORRA,CACHAMORRA,1,0,105430658,
CHR0006,CHR008,18520758,18520758,SETD CACHAMORRA,SETD CACHAMORRA,15011,15011,CACHAMORRA,CACHAMORRA,1,0,450818541,
CHR0006,CHR009,18520758,18520758,SETD CACHAMORRA,SETD CACHAMORRA,15011,15011,CACHAMORRA,CACHAMORRA,1,0,26626289,
CHR0006,CHR021,18520758,18520758,SETD CACHAMORRA,SETD CACHAMORRA,15011,15011,CACHAMORRA,CACHAMORRA,1,0,20735931,
CHR0006,CHR024,18520758,18520758,SETD CACHAMORRA,SETD CACHAMORRA,15011,15011,CACHAMORRA,CACHAMORRA,1,0,20669564,
CHR0007,CHR012,18520758,18520758,SETD CACHAMORRA,SETD CACHAMORRA,15029,15011,JABOATAO AEREO,CACHAMORRA,1,0,20723443,
CHR0007,CMS005,18520758,18520839,SETD CACHAMORRA,SETD COSMOS,15029,16897,JABOATAO AEREO,COSMOS,1,0,20670082,
CHR0007,CMS011,18520758,18520839,SETD CACHAMORRA,SETD COSMOS,15029,16897,JABOATAO AEREO,COSMOS,1,0,472752309,
CHR0014,CHR012,18520758,18520758,SETD CACHAMORRA,SETD CACHAMORRA,15011,15011,CACHAMORRA,CACHAMORRA,1,0,20669473,
CHR0014,JAB006,18520758,18520749,SETD CACHAMORRA,SETD JABOATAO,15011,15011,CACHAMORRA,CACHAMORRA,1,0,20737618,
CHR0014,JAB010,18520758,18520749,SETD CACHAMORRA,SETD JABOATAO,15011,15029,CACHAMORRA,JABOATAO AEREO,1,0,20737611,
CHR002,JAB00018,18520758,18520749,SETD CACHAMORRA,SETD JABOATAO,15011,15029,CACHAMORRA,JABOATAO AEREO,1,0,153630866,
CHR002,STS004,18520758,18521136,SETD CACHAMORRA,SETD SANTISSIMO,15011,15042,CACHAMORRA,SANTISSIMO AEREO,1,0,20738374,
CHR004,CHR016,18520758,18520758,SETD CACHAMORRA,SETD CACHAMORRA,15011,15011,CACHAMORRA,CACHAMORRA,1,0,20739760,
CHR004,CHR020,18520758,18520758,SETD CACHAMORRA,SETD CACHAMORRA,15011,15011,CACHAMORRA,CACHAMORRA,1,0,26623186,
CHR005,JAB010,18520758,18520749,SETD CACHAMORRA,SETD JABOATAO,15011,15029,CACHAMORRA,JABOATAO AEREO,1,0,20736694,
CHR008,CHR009,18520758,18520758,SETD CACHAMORRA,SETD CACHAMORRA,15011,15011,CACHAMORRA,CACHAMORRA,1,0,544569443,
CHR008,CHR024,18520758,18520758,SETD CACHAMORRA,SETD CACHAMORRA,15011,15011,CACHAMORRA,CACHAMORRA,1,0,275938238,
CHR009,MTO0003,18520758,29148432,SETD CACHAMORRA,SETD MATO ALTO,15011,16898,CACHAMORRA,MATO ALTO,1,0,23740335,
CHR010,CHR018,18520758,18520758,SETD CACHAMORRA,SETD CACHAMORRA,15011,15011,CACHAMORRA,CACHAMORRA,1,0,20769088,
CHR010,CHR024,18520758,18520758,SETD CACHAMORRA,SETD CACHAMORRA,15011,15011,CACHAMORRA,CACHAMORRA,1,0,20699188,
CHR012,JAB00005,18520758,18520749,SETD CACHAMORRA,SETD JABOATAO,15011,15029,CACHAMORRA,JABOATAO AEREO,1,0,20669571,
CHR013,CHR024,18520758,18520758,SETD CACHAMORRA,SETD CACHAMORRA,15011,15011,CACHAMORRA,CACHAMORRA,1,0,20746357,
CHR014,CHR06,18520758,18520758,SETD CACHAMORRA,SETD CACHAMORRA,,,,,1,0,811592965,
CHR014,STS001,18520758,18521136,SETD CACHAMORRA,SETD SANTISSIMO,,15042,,SANTISSIMO AEREO,1,0,811592965,
CHR016,CHR017,18520758,18520758,SETD CACHAMORRA,SETD CACHAMORRA,15011,15011,CACHAMORRA,CACHAMORRA,1,0,20687505,
CHR016,STS004,18520758,18521136,SETD CACHAMORRA,SETD SANTISSIMO,15011,15042,CACHAMORRA,SANTISSIMO AEREO,1,0,20739760,
CHR018,CMS001,18520758,18520839,SETD CACHAMORRA,SETD COSMOS,15011,16897,CACHAMORRA,COSMOS,1,0,20769179,
CHR018,PCI3354,18520758,450101398,SETD CACHAMORRA,SETD PACIENCIA,15011,16897,CACHAMORRA,COSMOS,1,0,20769186,
CHR020,CHR06,18520758,18520758,SETD CACHAMORRA,SETD CACHAMORRA,15011,,CACHAMORRA,,1,0,778335932,
CHR021,CHR024,18520758,18520758,SETD CACHAMORRA,SETD CACHAMORRA,15011,15011,CACHAMORRA,CACHAMORRA,1,0,20699202,
CHR06,STS001,18520758,18521136,SETD CACHAMORRA,SETD SANTISSIMO,,15042,,SANTISSIMO AEREO,1,0,778336685,
CLG0002,CLG0013,1249,1249,SETD COLEGIO,SETD COLEGIO,15021,15021,COLEGIO AEREO,COLEGIO AEREO,1,0,1600787,
CLG0002,CLG0017,1249,1249,SETD COLEGIO,SETD COLEGIO,15021,15021,COLEGIO AEREO,COLEGIO AEREO,1,0,455443478,
CLG0004,CLG0011,1249,1249,SETD COLEGIO,SETD COLEGIO,15021,15031,COLEGIO AEREO,MATURACA AEREO,1,0,455095420,
CLG0004,CLG0016,1249,1249,SETD COLEGIO,SETD COLEGIO,15021,15021,COLEGIO AEREO,COLEGIO AEREO,1,0,455095420,
CLG0005,CLG0017,1249,1249,SETD COLEGIO,SETD COLEGIO,15021,15021,COLEGIO AEREO,COLEGIO AEREO,1,0,454958107,
CLG0006,GDL00002,1249,1258,SETD COLEGIO,SETD GUADALUPE,15021,15036,COLEGIO AEREO,GUADALUPE AEREO,1,0,1587221,
CLG0007,CLG0014,1249,1249,SETD COLEGIO,SETD COLEGIO,15021,15021,COLEGIO AEREO,COLEGIO AEREO,1,0,1630768,
CLG0008,CLG0009,1249,1249,SETD COLEGIO,SETD COLEGIO,15021,15021,COLEGIO AEREO,COLEGIO AEREO,1,0,1589146,
CLG0011,MTC007,1249,1276,SETD COLEGIO,SETD MATURACA,15031,15031,MATURACA AEREO,MATURACA AEREO,1,0,1567073,
CLG0012,CLG0016,1249,1249,SETD COLEGIO,SETD COLEGIO,15021,15021,COLEGIO AEREO,COLEGIO AEREO,1,0,1584085,
CLG0013,CLG0016,1249,1249,SETD COLEGIO,SETD COLEGIO,15021,15021,COLEGIO AEREO,COLEGIO AEREO,1,0,1600773,
CLG0015,TUR002,1249,1294,SETD COLEGIO,SETD TURIACU,15002,15002,TURIACU,TURIACU,1,0,1589006,
CLG0015,TUR008,1249,1294,SETD COLEGIO,SETD TURIACU,15002,15002,TURIACU,TURIACU,1,0,1626645,
CLG0015,TUR009,1249,1294,SETD COLEGIO,SETD TURIACU,15002,15002,TURIACU,TURIACU,1,0,1626666,
CLG0016,MTC007,1249,1276,SETD COLEGIO,SETD MATURACA,15021,15031,COLEGIO AEREO,MATURACA AEREO,1,0,1590896,
CMR0003,FCN9490,10386015,10386105,SETD CAMERINO,SETD FREI CANECA,15065,15049,CAMERINO SUBTERRANEO,FREI CANECA AEREO,1,0,476415090,
CMR1569,CMR4922,10386015,10386015,SETD CAMERINO,SETD CAMERINO,15068,15065,CAMERINO AEREO URBANO,CAMERINO SUBTERRANEO,1,0,556128952,
CMR2405,FCN9490,10386015,10386105,SETD CAMERINO,SETD FREI CANECA,15065,15049,CAMERINO SUBTERRANEO,FREI CANECA AEREO,1,0,476415090,
CMR2770,FCN9320,10386015,10386105,SETD CAMERINO,SETD FREI CANECA,15065,15049,CAMERINO SUBTERRANEO,FREI CANECA AEREO,1,0,486317738,
CMS001,CMS004,18520839,18520839,SETD COSMOS,SETD COSMOS,16897,16900,COSMOS,PACIENCIA,1,0,20713811,
CMS001,PCI0010,18520839,450101398,SETD COSMOS,SETD PACIENCIA,16897,16900,COSMOS,PACIENCIA,1,0,20713888,
CMS003,CMS008,18520839,18520839,SETD COSMOS,SETD COSMOS,16897,16897,COSMOS,COSMOS,1,0,20672462,
CMS004,CMS009,18520839,18520839,SETD COSMOS,SETD COSMOS,16900,16897,PACIENCIA,COSMOS,1,0,20717647,
CMS004,PCI3620,18520839,450101398,SETD COSMOS,SETD PACIENCIA,16900,16897,PACIENCIA,COSMOS,1,0,699441508,
CMS005,CMS010,18520839,18520839,SETD COSMOS,SETD COSMOS,16897,16897,COSMOS,COSMOS,1,0,20815772,
CMS005,CMS011,18520839,18520839,SETD COSMOS,SETD COSMOS,16897,16897,COSMOS,COSMOS,1,0,20713517,
CMS007,CMS011,18520839,18520839,SETD COSMOS,SETD COSMOS,16897,16897,COSMOS,COSMOS,1,0,461119934,
CMS007,JAB013,18520839,18520749,SETD COSMOS,SETD JABOATAO,16897,15029,COSMOS,JABOATAO AEREO,1,0,20708995,
CMS008,ESP017,18520839,18519958,SETD COSMOS,SETD ESPERANCA,16897,16900,COSMOS,PACIENCIA,1,0,56728211,
CMS008,STS002,18520839,18521136,SETD COSMOS,SETD SANTISSIMO,16897,15042,COSMOS,SANTISSIMO AEREO,1,0,20672735,
CMS010,PCI3620,18520839,450101398,SETD COSMOS,SETD PACIENCIA,16897,16897,COSMOS,COSMOS,1,0,723916892,
CMS012,ESP006,18520839,18519958,SETD COSMOS,SETD ESPERANCA,16897,16899,COSMOS,ESPERANCA AEREO AT/MT,1,0,1004967878,
CMS014,JAB00016,18520839,18520749,SETD COSMOS,SETD JABOATAO,16897,15029,COSMOS,JABOATAO AEREO,1,0,20659208,
CMS015,JAB00017,18520839,18520749,SETD COSMOS,SETD JABOATAO,16897,15029,COSMOS,JABOATAO AEREO,1,0,20746791,
CMT0002,CMT29092,10386051,10386051,SETD CAMPO MARTE,SETD CAMPO MARTE,15047,15047,CAMPO MARTE AEREO,CAMPO MARTE AEREO,1,0,11081300,
CMT0002,CMT29117,10386051,10386051,SETD CAMPO MARTE,SETD CAMPO MARTE,15047,15047,CAMPO MARTE AEREO,CAMPO MARTE AEREO,1,0,11102193,
CMT0002,CMT29126,10386051,10386051,SETD CAMPO MARTE,SETD CAMPO MARTE,15047,15047,CAMPO MARTE AEREO,CAMPO MARTE AEREO,1,0,11024478,
CMT0002,CMT3164,10386051,10386051,SETD CAMPO MARTE,SETD CAMPO MARTE,15047,15047,CAMPO MARTE AEREO,CAMPO MARTE AEREO,1,0,11081279,
CMT1,CMT327,10386051,10386051,SETD CAMPO MARTE,SETD CAMPO MARTE,,15047,,CAMPO MARTE AEREO,1,0,11308549,
CMT1,CMT353,10386051,10386051,SETD CAMPO MARTE,SETD CAMPO MARTE,,15047,,CAMPO MARTE AEREO,1,0,11308549,
CMT234,CMT2518,10386051,10386051,SETD CAMPO MARTE,SETD CAMPO MARTE,,15047,,CAMPO MARTE AEREO,1,0,249223958,
CMT234,TRG398,10386051,1204,SETD CAMPO MARTE,SETD TRIAGEM,,15047,,CAMPO MARTE AEREO,1,0,32210591,
CMT234,TRV626,10386051,10385898,SETD CAMPO MARTE,SETD TROVAO,,15020,,TROVAO AEREO,1,0,11056084,
CMT2518,CMT288,10386051,10386051,SETD CAMPO MARTE,SETD CAMPO MARTE,15047,15047,CAMPO MARTE AEREO,CAMPO MARTE AEREO,1,0,11138170,
CMT29117,CMT29141,10386051,10386051,SETD CAMPO MARTE,SETD CAMPO MARTE,15047,15047,CAMPO MARTE AEREO,CAMPO MARTE AEREO,1,0,11102340,
CMT29117,CMT3164,10386051,10386051,SETD CAMPO MARTE,SETD CAMPO MARTE,15047,15047,CAMPO MARTE AEREO,CAMPO MARTE AEREO,1,0,11102207,
CMT29124,CMT29126,10386051,10386051,SETD CAMPO MARTE,SETD CAMPO MARTE,15047,15047,CAMPO MARTE AEREO,CAMPO MARTE AEREO,1,0,11074657,
CMT29129,CMT29137,10386051,10386051,SETD CAMPO MARTE,SETD CAMPO MARTE,15047,15047,CAMPO MARTE AEREO,CAMPO MARTE AEREO,1,0,11061757,
CMT29131,TRV0002,10386051,10385898,SETD CAMPO MARTE,SETD TROVAO,15047,15047,CAMPO MARTE AEREO,CAMPO MARTE AEREO,1,0,11006059,
CMT29131,TRV964,10386051,10385898,SETD CAMPO MARTE,SETD TROVAO,15047,15020,CAMPO MARTE AEREO,TROVAO AEREO,1,0,11005912,
CMT29141,TRV607,10386051,10385898,SETD CAMPO MARTE,SETD TROVAO,15047,15020,CAMPO MARTE AEREO,TROVAO AEREO,1,0,660301278,
CMT322,CMT327,10386051,10386051,SETD CAMPO MARTE,SETD CAMPO MARTE,,15047,,CAMPO MARTE AEREO,1,0,11308682,
CMT322,CMT353,10386051,10386051,SETD CAMPO MARTE,SETD CAMPO MARTE,,15047,,CAMPO MARTE AEREO,1,0,11308682,
COP2290,LEM2340,152677490,10385925,SETD COPACABANA,SETD LEME,15012,15041,COPACABANA,LEME SUBTERRANEO,1,0,493612524,
COP2450,LEM2340,152677490,10385925,SETD COPACABANA,SETD LEME,15012,15041,COPACABANA,LEME SUBTERRANEO,1,0,493612524,
COP3736,HMT3401,152677490,10386096,SETD COPACABANA,SETD HUMAITA,15012,15022,COPACABANA,HUMAITA AEREO,1,0,779884967,
CRM0003,CRM0007,280389625,280389625,SETD CARMARI,SETD CARMARI,15691,15691,CARMARI,CARMARI,1,0,246634501,
CRM0004,CRM0005,280389625,280389625,SETD CARMARI,SETD CARMARI,15691,15691,CARMARI,CARMARI,1,0,250688059,
CRM0006,CRM0010,280389625,280389625,SETD CARMARI,SETD CARMARI,15691,15691,CARMARI,CARMARI,1,0,253230415,
CRM0007,CSO013,280389625,18520821,SETD CARMARI,SETD COMENDADOR SOARES,15691,15048,CARMARI,COMENDADOR SOARES,1,0,20804800,
CRM0008,NIG028,280389625,18519976,SETD CARMARI,SETD NOVA IGUACU,15691,,CARMARI,,1,0,152750498,
CRM0009,RFR004,280389625,18520767,SETD CARMARI,SETD ROCHA FREIRE,15691,15693,CARMARI,ROCHA FREIRE AEREO AT/MT,1,0,273682400,
CRM0010,RFR005,280389625,18520767,SETD CARMARI,SETD ROCHA FREIRE,15691,15693,CARMARI,ROCHA FREIRE AEREO AT/MT,1,0,253230093,
CRM0010,STC00002,280389625,34192093,SETD CARMARI,SETD SANTA CLARA,15691,15052,CARMARI,SANTA CLARA AEREO,1,0,20808244,
CRM0011,NIG028,280389625,18519976,SETD CARMARI,SETD NOVA IGUACU,15691,,CARMARI,,1,0,457895156,
CRM0012,RFR002,280389625,18520767,SETD CARMARI,SETD ROCHA FREIRE,15691,15693,CARMARI,ROCHA FREIRE AEREO AT/MT,1,0,20767660,
CRO0013,CRO005,18521055,18521055,SETD COELHO DA ROCHA,SETD COELHO DA ROCHA,15054,15035,AREIA BRANCA AEREO,COELHO DA ROCHA,1,0,370546450,
CRO0013,CRO014,18521055,18521055,SETD COELHO DA ROCHA,SETD COELHO DA ROCHA,15054,15035,AREIA BRANCA AEREO,COELHO DA ROCHA,1,0,370546484,
CRO0016,CRO002,18521055,18521055,SETD COELHO DA ROCHA,SETD COELHO DA ROCHA,14996,14996,ROSALI,ROSALI,1,0,401948638,
CRO0016,CRO0035,18521055,18521055,SETD COELHO DA ROCHA,SETD COELHO DA ROCHA,14996,15035,ROSALI,COELHO DA ROCHA,1,0,20728735,
CRO0016,CRO011,18521055,18521055,SETD COELHO DA ROCHA,SETD COELHO DA ROCHA,14996,14996,ROSALI,ROSALI,1,0,395842628,
CRO0016,ROS007,18521055,18519985,SETD COELHO DA ROCHA,SETD ROSALI,14996,14996,ROSALI,ROSALI,1,0,20660279,
CRO002,CRO009,18521055,18521055,SETD COELHO DA ROCHA,SETD COELHO DA ROCHA,14996,15035,ROSALI,COELHO DA ROCHA,1,0,20690438,
CRO002,CRO011,18521055,18521055,SETD COELHO DA ROCHA,SETD COELHO DA ROCHA,14996,14996,ROSALI,ROSALI,1,0,20813042,
CRO003,CRO008,18521055,18521055,SETD COELHO DA ROCHA,SETD COELHO DA ROCHA,15035,15035,COELHO DA ROCHA,COELHO DA ROCHA,1,0,20718711,
CRO0031,CRO004,18521055,18521055,SETD COELHO DA ROCHA,SETD COELHO DA ROCHA,15035,15035,COELHO DA ROCHA,COELHO DA ROCHA,1,0,362070180,
CRO0035,ROS008,18521055,18519985,SETD COELHO DA ROCHA,SETD ROSALI,15035,14996,COELHO DA ROCHA,ROSALI,1,0,20660209,
CRO004,CRO006,18521055,18521055,SETD COELHO DA ROCHA,SETD COELHO DA ROCHA,15035,15054,COELHO DA ROCHA,AREIA BRANCA AEREO,1,0,20676354,
CRO004,CRO007,18521055,18521055,SETD COELHO DA ROCHA,SETD COELHO DA ROCHA,15035,15035,COELHO DA ROCHA,COELHO DA ROCHA,1,0,20711235,
CRO004,CRO008,18521055,18521055,SETD COELHO DA ROCHA,SETD COELHO DA ROCHA,15035,15035,COELHO DA ROCHA,COELHO DA ROCHA,1,0,20718655,
CRO004,NIG026,18521055,18519976,SETD COELHO DA ROCHA,SETD NOVA IGUACU,15035,14993,COELHO DA ROCHA,MERITI,1,0,687362181,
CRO005,VTL002,18521055,18520794,SETD COELHO DA ROCHA,SETD VILAR DOS TELES,15035,15072,COELHO DA ROCHA,VILAR DOS TELES AEREO,1,0,123383833,
CRO007,CRO008,18521055,18521055,SETD COELHO DA ROCHA,SETD COELHO DA ROCHA,15035,15035,COELHO DA ROCHA,COELHO DA ROCHA,1,0,20718669,
CRO007,MNB012,18521055,18520902,SETD COELHO DA ROCHA,SETD MENA BARRETO,15035,15057,COELHO DA ROCHA,MENA BARRETO AEREO,1,0,20679952,
CRO007,PVN0004,18521055,1303,SETD COELHO DA ROCHA,SETD PAVUNA,15035,14994,COELHO DA ROCHA,PAVUNA,1,0,20680022,
CRO008,ROS014,18521055,18519985,SETD COELHO DA ROCHA,SETD ROSALI,15035,14996,COELHO DA ROCHA,ROSALI,1,0,20705292,
CRO009,CRO011,18521055,18521055,SETD COELHO DA ROCHA,SETD COELHO DA ROCHA,15035,14996,COELHO DA ROCHA,ROSALI,1,0,20813133,
CRO009,CRO015,18521055,18521055,SETD COELHO DA ROCHA,SETD COELHO DA ROCHA,15035,15035,COELHO DA ROCHA,COELHO DA ROCHA,1,0,20728756,
CRO012,ROS004,18521055,18519985,SETD COELHO DA ROCHA,SETD ROSALI,15035,14996,COELHO DA ROCHA,ROSALI,1,0,20777477,
CRO012,ROS014,18521055,18519985,SETD COELHO DA ROCHA,SETD ROSALI,15035,14996,COELHO DA ROCHA,ROSALI,1,0,79608170,
CSO00015,CSO001,18520821,18520821,SETD COMENDADOR SOARES,SETD COMENDADOR SOARES,15048,15048,COMENDADOR SOARES,COMENDADOR SOARES,1,0,20726285,
CSO00017,CSO004,18520821,18520821,SETD COMENDADOR SOARES,SETD COMENDADOR SOARES,15048,15048,COMENDADOR SOARES,COMENDADOR SOARES,1,0,151844448,
CSO00017,NIG009,18520821,18519976,SETD COMENDADOR SOARES,SETD NOVA IGUACU,15048,15692,COMENDADOR SOARES,NOVA IGUACU,1,0,20775013,
CSO00017,NIG025,18520821,18519976,SETD COMENDADOR SOARES,SETD NOVA IGUACU,15048,15692,COMENDADOR SOARES,NOVA IGUACU,1,0,20673008,
CSO001,CSO013,18520821,18520821,SETD COMENDADOR SOARES,SETD COMENDADOR SOARES,15048,15048,COMENDADOR SOARES,COMENDADOR SOARES,1,0,20726313,
CSO002,CSO013,18520821,18520821,SETD COMENDADOR SOARES,SETD COMENDADOR SOARES,15048,15048,COMENDADOR SOARES,COMENDADOR SOARES,1,0,20709303,
CSO002,NIG017,18520821,18519976,SETD COMENDADOR SOARES,SETD NOVA IGUACU,15048,15692,COMENDADOR SOARES,NOVA IGUACU,1,0,20803540,
CSO002,STC00005,18520821,34192093,SETD COMENDADOR SOARES,SETD SANTA CLARA,15048,15052,COMENDADOR SOARES,SANTA CLARA AEREO,1,0,20817123,
CSO003,CSO006,18520821,18520821,SETD COMENDADOR SOARES,SETD COMENDADOR SOARES,15048,15048,COMENDADOR SOARES,COMENDADOR SOARES,1,0,134316386,
CSO004,CSO007,18520821,18520821,SETD COMENDADOR SOARES,SETD COMENDADOR SOARES,15048,15048,COMENDADOR SOARES,COMENDADOR SOARES,1,0,20678503,
CSO005,CSO008,18520821,18520821,SETD COMENDADOR SOARES,SETD COMENDADOR SOARES,15048,15048,COMENDADOR SOARES,COMENDADOR SOARES,1,0,20661056,
CSO005,CSO013,18520821,18520821,SETD COMENDADOR SOARES,SETD COMENDADOR SOARES,15048,15048,COMENDADOR SOARES,COMENDADOR SOARES,1,0,20709289,
CSO007,RFR002,18520821,18520767,SETD COMENDADOR SOARES,SETD ROCHA FREIRE,15048,15693,COMENDADOR SOARES,ROCHA FREIRE AEREO AT/MT,1,0,20678342,
CSO008,NIG005,18520821,18519976,SETD COMENDADOR SOARES,SETD NOVA IGUACU,15048,15692,COMENDADOR SOARES,NOVA IGUACU,1,0,20675003,
CSO009,NIG014,18520821,18519976,SETD COMENDADOR SOARES,SETD NOVA IGUACU,15048,15692,COMENDADOR SOARES,NOVA IGUACU,1,0,577972401,
CSO009,NIG015,18520821,18519976,SETD COMENDADOR SOARES,SETD NOVA IGUACU,15048,15692,COMENDADOR SOARES,NOVA IGUACU,1,0,20694421,
CSO010,NIG015,18520821,18519976,SETD COMENDADOR SOARES,SETD NOVA IGUACU,15048,15692,COMENDADOR SOARES,NOVA IGUACU,1,0,20712082,
CSO011,CSO013,18520821,18520821,SETD COMENDADOR SOARES,SETD COMENDADOR SOARES,15048,15048,COMENDADOR SOARES,COMENDADOR SOARES,1,0,20757913,
CSO012,CSO014,18520821,18520821,SETD COMENDADOR SOARES,SETD COMENDADOR SOARES,15048,15048,COMENDADOR SOARES,COMENDADOR SOARES,1,0,20709233,
CSO014,NIG015,18520821,18519976,SETD COMENDADOR SOARES,SETD NOVA IGUACU,15048,15692,COMENDADOR SOARES,NOVA IGUACU,1,0,20675080,
CUR00001,CUR00002,10386042,10386042,SETD CURICICA,SETD CURICICA,16901,16901,CURICICA AEREO,CURICICA AEREO,1,0,475702394,
CUR00001,CUR33309,10386042,10386042,SETD CURICICA,SETD CURICICA,16901,16901,CURICICA AEREO,CURICICA AEREO,1,0,96161197,
CUR00001,CUR33801,10386042,10386042,SETD CURICICA,SETD CURICICA,16901,16901,CURICICA AEREO,CURICICA AEREO,1,0,957325878,
CUR00002,GDN0011,10386042,457474244,SETD CURICICA,SETD GARDENIA,16901,16903,CURICICA AEREO,GARDENIA,1,0,999218425,
CUR24794,GDN0019,10386042,457474244,SETD CURICICA,SETD GARDENIA,16901,15066,CURICICA AEREO,ITAPEBA AEREO URBANO,1,0,543423140,
CUR24794,ITP33370,10386042,10385988,SETD CURICICA,SETD ITAPEBA,16901,15066,CURICICA AEREO,ITAPEBA AEREO URBANO,1,0,674437197,
CUR33119,CUR33764,10386042,10386042,SETD CURICICA,SETD CURICICA,16901,16901,CURICICA AEREO,CURICICA AEREO,1,0,11120143,
CUR33133,CUR33135,10386042,10386042,SETD CURICICA,SETD CURICICA,16901,16901,CURICICA AEREO,CURICICA AEREO,1,0,11075091,
CUR33135,CUR33144,10386042,10386042,SETD CURICICA,SETD CURICICA,16901,16903,CURICICA AEREO,GARDENIA,1,0,11093356,
CUR33135,CUR33311,10386042,10386042,SETD CURICICA,SETD CURICICA,16901,16901,CURICICA AEREO,CURICICA AEREO,1,0,11119191,
CUR33135,CUR33326,10386042,10386042,SETD CURICICA,SETD CURICICA,16901,16901,CURICICA AEREO,CURICICA AEREO,1,0,11119191,
CUR33144,CUR33311,10386042,10386042,SETD CURICICA,SETD CURICICA,16903,16901,GARDENIA,CURICICA AEREO,1,0,134956182,
CUR33144,PDG219,10386042,10385916,SETD CURICICA,SETD PORTA DAGUA,16903,16902,GARDENIA,PORTA DAGUA AEREO,1,0,11093349,
CUR33309,CUR33326,10386042,10386042,SETD CURICICA,SETD CURICICA,16901,16901,CURICICA AEREO,CURICICA AEREO,1,0,11137750,
CUR33309,GDN0009,10386042,457474244,SETD CURICICA,SETD GARDENIA,16901,,CURICICA AEREO,,1,0,464160233,
CUR33309,GDN0014,10386042,457474244,SETD CURICICA,SETD GARDENIA,16901,16903,CURICICA AEREO,GARDENIA,1,0,563441547,
CUR33311,CUR33332,10386042,10386042,SETD CURICICA,SETD CURICICA,16901,16901,CURICICA AEREO,CURICICA AEREO,1,0,11036258,
CUR33326,CUR33442,10386042,10386042,SETD CURICICA,SETD CURICICA,16901,15066,CURICICA AEREO,ITAPEBA AEREO URBANO,1,0,521429217,
CUR33326,CUR33777,10386042,10386042,SETD CURICICA,SETD CURICICA,16901,16901,CURICICA AEREO,CURICICA AEREO,1,0,11053956,
CUR33326,PDG219,10386042,10385916,SETD CURICICA,SETD PORTA DAGUA,16901,16902,CURICICA AEREO,PORTA DAGUA AEREO,1,0,11053956,
CUR33332,CUR33777,10386042,10386042,SETD CURICICA,SETD CURICICA,16901,16901,CURICICA AEREO,CURICICA AEREO,1,0,103730242,
CUR33332,PDG219,10386042,10385916,SETD CURICICA,SETD PORTA DAGUA,16901,16902,CURICICA AEREO,PORTA DAGUA AEREO,1,0,11036258,
CUR33332,TQR00001,10386042,10385871,SETD CURICICA,SETD TAQUARA,16901,15023,CURICICA AEREO,TAQUARA AEREO,1,0,11074405,
CUR33347,ITP33370,10386042,10385988,SETD CURICICA,SETD ITAPEBA,16901,15066,CURICICA AEREO,ITAPEBA AEREO URBANO,1,0,539064592,
CUR33442,GDN0019,10386042,457474244,SETD CURICICA,SETD GARDENIA,15066,15066,ITAPEBA AEREO URBANO,ITAPEBA AEREO URBANO,1,0,521429217,
CUR33800,TQR33826,10386042,10385871,SETD CURICICA,SETD TAQUARA,16901,15023,CURICICA AEREO,TAQUARA AEREO,1,0,11065600,
CXS001,CXS012,18520785,18520785,SETD CAXIAS,SETD CAXIAS,15700,15700,CAXIAS AEREO,CAXIAS AEREO,1,0,58286759,
CXS001,WLS002,18520785,18519994,SETD CAXIAS,SETD WASHINGTON LUIS,15700,15073,CAXIAS AEREO,WASHINGTON LUIS AEREO,1,0,138434308,
CXS0025,CXS017,18520785,18520785,SETD CAXIAS,SETD CAXIAS,15700,15700,CAXIAS AEREO,CAXIAS AEREO,1,0,20718949,
CXS0025,CXS018,18520785,18520785,SETD CAXIAS,SETD CAXIAS,15700,15700,CAXIAS AEREO,CAXIAS AEREO,1,0,106817674,
CXS0025,WLS00015,18520785,18519994,SETD CAXIAS,SETD WASHINGTON LUIS,15700,15073,CAXIAS AEREO,WASHINGTON LUIS AEREO,1,0,755228738,
CXS003,CXS017,18520785,18520785,SETD CAXIAS,SETD CAXIAS,15700,15700,CAXIAS AEREO,CAXIAS AEREO,1,0,758513784,
CXS003,CXS019,18520785,18520785,SETD CAXIAS,SETD CAXIAS,15700,15700,CAXIAS AEREO,CAXIAS AEREO,1,0,20718858,
CXS003,SJO0008,18520785,310718139,SETD CAXIAS,SETD SAO JOAO,15700,15699,CAXIAS AEREO,SAO JOAO,1,0,536496677,
CXS004,CXS022,18520785,18520785,SETD CAXIAS,SETD CAXIAS,15700,15700,CAXIAS AEREO,CAXIAS AEREO,1,0,26382503,
CXS005,CXS013,18520785,18520785,SETD CAXIAS,SETD CAXIAS,15700,15700,CAXIAS AEREO,CAXIAS AEREO,1,0,20659523,
CXS005,CXS020,18520785,18520785,SETD CAXIAS,SETD CAXIAS,15700,15700,CAXIAS AEREO,CAXIAS AEREO,1,0,20659502,
CXS005,MRT2929,18520785,1312,SETD CAXIAS,SETD MERITI,15700,14993,CAXIAS AEREO,MERITI,1,0,294452480,
CXS005,SJO0007,18520785,310718139,SETD CAXIAS,SETD SAO JOAO,15700,15699,CAXIAS AEREO,SAO JOAO,1,0,294452480,
CXS006,CXS018,18520785,18520785,SETD CAXIAS,SETD CAXIAS,15700,15700,CAXIAS AEREO,CAXIAS AEREO,1,0,111687135,
CXS008,WLS006,18520785,18519994,SETD CAXIAS,SETD WASHINGTON LUIS,15700,15073,CAXIAS AEREO,WASHINGTON LUIS AEREO,1,0,1009420702,
CXS009,CXS015,18520785,18520785,SETD CAXIAS,SETD CAXIAS,15700,15700,CAXIAS AEREO,CAXIAS AEREO,1,0,20760748,
CXS009,CXS016,18520785,18520785,SETD CAXIAS,SETD CAXIAS,15700,15700,CAXIAS AEREO,CAXIAS AEREO,1,0,20724647,
CXS009,WLS004,18520785,18519994,SETD CAXIAS,SETD WASHINGTON LUIS,15700,15073,CAXIAS AEREO,WASHINGTON LUIS AEREO,1,0,20760741,
CXS010,WLS00014,18520785,18519994,SETD CAXIAS,SETD WASHINGTON LUIS,15700,15073,CAXIAS AEREO,WASHINGTON LUIS AEREO,1,0,20744432,
CXS013,CXS020,18520785,18520785,SETD CAXIAS,SETD CAXIAS,15700,15700,CAXIAS AEREO,CAXIAS AEREO,1,0,20759523,
CXS013,MRT0002,18520785,1312,SETD CAXIAS,SETD MERITI,15700,14993,CAXIAS AEREO,MERITI,1,0,1632777,
CXS013,MRT29607,18520785,1312,SETD CAXIAS,SETD MERITI,15700,14993,CAXIAS AEREO,MERITI,1,0,1566611,
CXS013,SJO0007,18520785,310718139,SETD CAXIAS,SETD SAO JOAO,15700,15699,CAXIAS AEREO,SAO JOAO,1,0,20705117,
CXS014,CXS022,18520785,18520785,SETD CAXIAS,SETD CAXIAS,15700,15700,CAXIAS AEREO,CAXIAS AEREO,1,0,22927034,
CXS015,CXS017,18520785,18520785,SETD CAXIAS,SETD CAXIAS,15700,15700,CAXIAS AEREO,CAXIAS AEREO,1,0,97392298,
CXS015,CXS021,18520785,18520785,SETD CAXIAS,SETD CAXIAS,15700,15700,CAXIAS AEREO,CAXIAS AEREO,1,0,20760762,
CXS015,CXS023,18520785,18520785,SETD CAXIAS,SETD CAXIAS,15700,15700,CAXIAS AEREO,CAXIAS AEREO,1,0,20787854,
CXS015,CXS024,18520785,18520785,SETD CAXIAS,SETD CAXIAS,15700,15699,CAXIAS AEREO,SAO JOAO,1,0,58982893,
CXS017,CXS023,18520785,18520785,SETD CAXIAS,SETD CAXIAS,15700,15700,CAXIAS AEREO,CAXIAS AEREO,1,0,20718907,
CXS017,SRP004,18520785,18520803,SETD CAXIAS,SETD SARAPUI,15700,15000,CAXIAS AEREO,SARAPUI,1,0,20729281,
CXS019,SJO0007,18520785,310718139,SETD CAXIAS,SETD SAO JOAO,15700,15699,CAXIAS AEREO,SAO JOAO,1,0,282399223,
CXS019,SRP004,18520785,18520803,SETD CAXIAS,SETD SARAPUI,15700,15000,CAXIAS AEREO,SARAPUI,1,0,20698607,
CXS020,SJO0007,18520785,310718139,SETD CAXIAS,SETD SAO JOAO,15700,15699,CAXIAS AEREO,SAO JOAO,1,0,20759425,
CXS021,WLS00011,18520785,18519994,SETD CAXIAS,SETD WASHINGTON LUIS,15700,15073,CAXIAS AEREO,WASHINGTON LUIS AEREO,1,0,26501067,
CXS023,SJO0006,18520785,310718139,SETD CAXIAS,SETD SAO JOAO,15700,15699,CAXIAS AEREO,SAO JOAO,1,0,20787847,
CXS024,SJO0008,18520785,310718139,SETD CAXIAS,SETD SAO JOAO,15699,15699,SAO JOAO,SAO JOAO,1,0,269040600,
DMC3149,DMC660,1168,1168,SETD DEMOCRATICOS,SETD DEMOCRATICOS,15056,15056,DEMOCRATICOS AEREO,DEMOCRATICOS AEREO,1,0,1621304,
DMC3149,DMC925,1168,1168,SETD DEMOCRATICOS,SETD DEMOCRATICOS,15056,15056,DEMOCRATICOS AEREO,DEMOCRATICOS AEREO,1,0,1598197,
DMC3326,DMC3523,1168,1168,SETD DEMOCRATICOS,SETD DEMOCRATICOS,15056,15056,DEMOCRATICOS AEREO,DEMOCRATICOS AEREO,1,0,1627674,
DMC3326,DMC631,1168,1168,SETD DEMOCRATICOS,SETD DEMOCRATICOS,15056,15056,DEMOCRATICOS AEREO,DEMOCRATICOS AEREO,1,0,47231684,
DMC3326,DMC739,1168,1168,SETD DEMOCRATICOS,SETD DEMOCRATICOS,15056,15056,DEMOCRATICOS AEREO,DEMOCRATICOS AEREO,1,0,1624181,
DMC3326,DMC925,1168,1168,SETD DEMOCRATICOS,SETD DEMOCRATICOS,15056,15056,DEMOCRATICOS AEREO,DEMOCRATICOS AEREO,1,0,1608928,
DMC3326,PER0001,1168,1240,SETD DEMOCRATICOS,SETD PEDRO ERNESTO,15056,15061,DEMOCRATICOS AEREO,PEDRO ERNESTO AEREO,1,0,455979872,
DMC3326,PER29500,1168,1240,SETD DEMOCRATICOS,SETD PEDRO ERNESTO,15056,15015,DEMOCRATICOS AEREO,RAMOS AEREO,1,0,1608977,
DMC3326,RAM33535,1168,1132,SETD DEMOCRATICOS,SETD RAMOS,15056,15015,DEMOCRATICOS AEREO,RAMOS AEREO,1,0,1249270,
DMC3326,TRG275,1168,1204,SETD DEMOCRATICOS,SETD TRIAGEM,15056,,DEMOCRATICOS AEREO,,1,0,1627667,
DMC3523,DMC655,1168,1168,SETD DEMOCRATICOS,SETD DEMOCRATICOS,15056,15015,DEMOCRATICOS AEREO,RAMOS AEREO,1,0,47230162,
DMC3523,DMC739,1168,1168,SETD DEMOCRATICOS,SETD DEMOCRATICOS,15056,15056,DEMOCRATICOS AEREO,DEMOCRATICOS AEREO,1,0,1624076,
DMC3523,DMC753,1168,1168,SETD DEMOCRATICOS,SETD DEMOCRATICOS,15056,15056,DEMOCRATICOS AEREO,DEMOCRATICOS AEREO,1,0,1592856,
DMC3523,DMC9989,1168,1168,SETD DEMOCRATICOS,SETD DEMOCRATICOS,15056,15056,DEMOCRATICOS AEREO,DEMOCRATICOS AEREO,1,0,1597931,
DMC3523,RAM0001,1168,1132,SETD DEMOCRATICOS,SETD RAMOS,15056,15056,DEMOCRATICOS AEREO,DEMOCRATICOS AEREO,1,0,1592912,
DMC3523,RAM33297,1168,1132,SETD DEMOCRATICOS,SETD RAMOS,15056,15015,DEMOCRATICOS AEREO,RAMOS AEREO,1,0,1592982,
DMC3523,RAM33310,1168,1132,SETD DEMOCRATICOS,SETD RAMOS,15056,15015,DEMOCRATICOS AEREO,RAMOS AEREO,1,0,332102314,
DMC631,DMC655,1168,1168,SETD DEMOCRATICOS,SETD DEMOCRATICOS,15056,15015,DEMOCRATICOS AEREO,RAMOS AEREO,1,0,1621584,
DMC631,DMC772,1168,1168,SETD DEMOCRATICOS,SETD DEMOCRATICOS,15056,15056,DEMOCRATICOS AEREO,DEMOCRATICOS AEREO,1,0,1621430,
DMC739,DMC753,1168,1168,SETD DEMOCRATICOS,SETD DEMOCRATICOS,15056,15056,DEMOCRATICOS AEREO,DEMOCRATICOS AEREO,1,0,1623999,
DMC739,DMC772,1168,1168,SETD DEMOCRATICOS,SETD DEMOCRATICOS,15056,15056,DEMOCRATICOS AEREO,DEMOCRATICOS AEREO,1,0,1623999,
DMC753,RAM33297,1168,1132,SETD DEMOCRATICOS,SETD RAMOS,15056,15015,DEMOCRATICOS AEREO,RAMOS AEREO,1,0,1587963,
DMC772,TRG275,1168,1204,SETD DEMOCRATICOS,SETD TRIAGEM,15056,,DEMOCRATICOS AEREO,,1,0,1628885,
DMC772,TRV845,1168,10385898,SETD DEMOCRATICOS,SETD TROVAO,15056,15020,DEMOCRATICOS AEREO,TROVAO AEREO,1,0,1611574,
DMC871,TRG223,1168,1204,SETD DEMOCRATICOS,SETD TRIAGEM,15056,,DEMOCRATICOS AEREO,,1,0,1601011,
DMC925,TRG742,1168,1204,SETD DEMOCRATICOS,SETD TRIAGEM,15056,15024,DEMOCRATICOS AEREO,TRIAGEM AEREO,1,0,1616901,
DMC925,TRG872,1168,1204,SETD DEMOCRATICOS,SETD TRIAGEM,15056,15024,DEMOCRATICOS AEREO,TRIAGEM AEREO,1,0,1602229,
DMC925,TRG959,1168,1204,SETD DEMOCRATICOS,SETD TRIAGEM,15056,15024,DEMOCRATICOS AEREO,TRIAGEM AEREO,1,0,1598183,
ELD001,ELD002,18521352,18521352,SETD ELDORADO,SETD ELDORADO,15005,15005,ELDORADO,ELDORADO,1,0,428208807,
ELD001,IMT012,18521352,18520929,SETD ELDORADO,SETD INMETRO,15005,14997,ELDORADO,INMETRO,1,0,20723842,
ELD001,RFR007,18521352,18520767,SETD ELDORADO,SETD ROCHA FREIRE,15005,15693,ELDORADO,ROCHA FREIRE AEREO AT/MT,1,0,20723954,
ESP002,ESP004,18519958,18519958,SETD ESPERANCA,SETD ESPERANCA,16899,16899,ESPERANCA AEREO AT/MT,ESPERANCA AEREO AT/MT,1,0,20703850,
ESP002,PCI0012,18519958,450101398,SETD ESPERANCA,SETD PACIENCIA,16899,16900,ESPERANCA AEREO AT/MT,PACIENCIA,1,0,147988439,
ESP003,ESP015,18519958,18519958,SETD ESPERANCA,SETD ESPERANCA,16899,16899,ESPERANCA AEREO AT/MT,ESPERANCA AEREO AT/MT,1,0,20714973,
ESP003,ESP019,18519958,18519958,SETD ESPERANCA,SETD ESPERANCA,16899,16899,ESPERANCA AEREO AT/MT,ESPERANCA AEREO AT/MT,1,0,20714868,
ESP004,ESP007,18519958,18519958,SETD ESPERANCA,SETD ESPERANCA,16899,16899,ESPERANCA AEREO AT/MT,ESPERANCA AEREO AT/MT,1,0,29628733,
ESP004,PCI0014,18519958,450101398,SETD ESPERANCA,SETD PACIENCIA,16899,16900,ESPERANCA AEREO AT/MT,PACIENCIA,1,0,452815201,
ESP005,ESP009,18519958,18519958,SETD ESPERANCA,SETD ESPERANCA,16899,16899,ESPERANCA AEREO AT/MT,ESPERANCA AEREO AT/MT,1,0,20670565,
ESP005,ZIN004,18519958,18520911,SETD ESPERANCA,SETD ZONA INDUSTRIAL,16899,15696,ESPERANCA AEREO AT/MT,ZONA INDUSTRIAL,1,0,20721336,
ESP006,ZIN005,18519958,18520911,SETD ESPERANCA,SETD ZONA INDUSTRIAL,16899,15696,ESPERANCA AEREO AT/MT,ZONA INDUSTRIAL,1,0,22512398,
ESP007,ESP008,18519958,18519958,SETD ESPERANCA,SETD ESPERANCA,16899,16899,ESPERANCA AEREO AT/MT,ESPERANCA AEREO AT/MT,1,0,20704445,
ESP007,ESP013,18519958,18519958,SETD ESPERANCA,SETD ESPERANCA,16899,16899,ESPERANCA AEREO AT/MT,ESPERANCA AEREO AT/MT,1,0,20667443,
ESP008,ESP012,18519958,18519958,SETD ESPERANCA,SETD ESPERANCA,16899,16899,ESPERANCA AEREO AT/MT,ESPERANCA AEREO AT/MT,1,0,20704333,
ESP008,ESP016,18519958,18519958,SETD ESPERANCA,SETD ESPERANCA,16899,16899,ESPERANCA AEREO AT/MT,ESPERANCA AEREO AT/MT,1,0,20704228,
ESP008,PCI0004,18519958,450101398,SETD ESPERANCA,SETD PACIENCIA,16899,16900,ESPERANCA AEREO AT/MT,PACIENCIA,1,0,20704466,
ESP009,ESP018,18519958,18519958,SETD ESPERANCA,SETD ESPERANCA,16899,15070,ESPERANCA AEREO AT/MT,ESPERANCA AEREO MT/MT,1,0,20707105,
ESP009,ZIN005,18519958,18520911,SETD ESPERANCA,SETD ZONA INDUSTRIAL,16899,15696,ESPERANCA AEREO AT/MT,ZONA INDUSTRIAL,1,0,26601219,
ESP011,ESP013,18519958,18519958,SETD ESPERANCA,SETD ESPERANCA,16899,16899,ESPERANCA AEREO AT/MT,ESPERANCA AEREO AT/MT,1,0,463425999,
ESP011,ESP016,18519958,18519958,SETD ESPERANCA,SETD ESPERANCA,16899,16899,ESPERANCA AEREO AT/MT,ESPERANCA AEREO AT/MT,1,0,22415797,
ESP011,PCI0003,18519958,450101398,SETD ESPERANCA,SETD PACIENCIA,16899,16900,ESPERANCA AEREO AT/MT,PACIENCIA,1,0,605342372,
ESP013,ESP017,18519958,18519958,SETD ESPERANCA,SETD ESPERANCA,16899,16900,ESPERANCA AEREO AT/MT,PACIENCIA,1,0,20667422,
ESP016,PCI0015,18519958,450101398,SETD ESPERANCA,SETD PACIENCIA,16899,16899,ESPERANCA AEREO AT/MT,ESPERANCA AEREO AT/MT,1,0,545320841,
ESP017,ESP020,18519958,18519958,SETD ESPERANCA,SETD ESPERANCA,16900,16899,PACIENCIA,ESPERANCA AEREO AT/MT,1,0,22803447,
ESP017,PCI0006,18519958,450101398,SETD ESPERANCA,SETD PACIENCIA,16900,16900,PACIENCIA,PACIENCIA,1,0,20667618,
ESP017,PCI0008,18519958,450101398,SETD ESPERANCA,SETD PACIENCIA,16900,16900,PACIENCIA,PACIENCIA,1,0,20689038,
ESP017,STS001,18519958,18521136,SETD ESPERANCA,SETD SANTISSIMO,16900,15042,PACIENCIA,SANTISSIMO AEREO,1,0,23253911,
ESP018,ESP019,18519958,18519958,SETD ESPERANCA,SETD ESPERANCA,15070,16899,ESPERANCA AEREO MT/MT,ESPERANCA AEREO AT/MT,1,0,20707042,
ESP018,QMD002,18519958,18520893,SETD ESPERANCA,SETD QUEIMADOS,15070,15043,ESPERANCA AEREO MT/MT,SEROPEDICA AEREO,1,0,28672881,
ESP018,SRD002,18519958,18521154,SETD ESPERANCA,SETD SEROPEDICA,15070,15043,ESPERANCA AEREO MT/MT,SEROPEDICA AEREO,1,0,28671093,
ESP018,ZIN005,18519958,18520911,SETD ESPERANCA,SETD ZONA INDUSTRIAL,15070,15696,ESPERANCA AEREO MT/MT,ZONA INDUSTRIAL,1,0,26601219,
ESP019,ITG0006,18519958,310129856,SETD ESPERANCA,SETD ITAGUAI,16899,15694,ESPERANCA AEREO AT/MT,ITAGUAI,1,0,285071195,
ESP019,ZIN004,18519958,18520911,SETD ESPERANCA,SETD ZONA INDUSTRIAL,16899,15696,ESPERANCA AEREO AT/MT,ZONA INDUSTRIAL,1,0,20721336,
ESP019,ZIN010,18519958,18520911,SETD ESPERANCA,SETD ZONA INDUSTRIAL,16899,,ESPERANCA AEREO AT/MT,,1,0,736287887,
ESP020,STS003,18519958,18521136,SETD ESPERANCA,SETD SANTISSIMO,16899,15042,ESPERANCA AEREO AT/MT,SANTISSIMO AEREO,1,0,22804039,
FCN0001,FCN1322,10386105,10386105,SETD FREI CANECA,SETD FREI CANECA,15049,15049,FREI CANECA AEREO,FREI CANECA AEREO,1,0,11037595,
FCN0001,FCN1438,10386105,10386105,SETD FREI CANECA,SETD FREI CANECA,15049,15049,FREI CANECA AEREO,FREI CANECA AEREO,1,0,401232258,
FCN1077,FCN1169,10386105,10386105,SETD FREI CANECA,SETD FREI CANECA,15049,15049,FREI CANECA AEREO,FREI CANECA AEREO,1,0,11081097,
FCN1169,FCN646,10386105,10386105,SETD FREI CANECA,SETD FREI CANECA,15049,15049,FREI CANECA AEREO,FREI CANECA AEREO,1,0,499452582,
FCN33945,FCN3728,10386105,10386105,SETD FREI CANECA,SETD FREI CANECA,15049,15049,FREI CANECA AEREO,FREI CANECA AEREO,1,0,11055209,
FCN33945,FCN646,10386105,10386105,SETD FREI CANECA,SETD FREI CANECA,15049,15049,FREI CANECA AEREO,FREI CANECA AEREO,1,0,11120374,
FCN33945,SAT24350,10386105,10385970,SETD FREI CANECA,SETD SANTO ANTONIO,15049,15085,FREI CANECA AEREO,SANTO ANTONIO AEREO URBANO,1,0,472142477,
FCN3728,FCN604,10386105,10386105,SETD FREI CANECA,SETD FREI CANECA,15049,15049,FREI CANECA AEREO,FREI CANECA AEREO,1,0,11153068,
FCN3728,FCN929,10386105,10386105,SETD FREI CANECA,SETD FREI CANECA,15049,15049,FREI CANECA AEREO,FREI CANECA AEREO,1,0,25172318,
FCN604,FCN744,10386105,10386105,SETD FREI CANECA,SETD FREI CANECA,15049,15049,FREI CANECA AEREO,FREI CANECA AEREO,1,0,766530926,
FCN611,RCP9818,10386105,10386006,SETD FREI CANECA,SETD RIO COMPRIDO,15049,15058,FREI CANECA AEREO,RIO COMPRIDO AEREO,1,0,11022966,
FCN9100,FCN9490,10386105,10386105,SETD FREI CANECA,SETD FREI CANECA,15049,15049,FREI CANECA AEREO,FREI CANECA AEREO,1,0,476415090,
FCN9320,FCN9490,10386105,10386105,SETD FREI CANECA,SETD FREI CANECA,15049,15049,FREI CANECA AEREO,FREI CANECA AEREO,1,0,486317738,
FCN9320,FCN9550,10386105,10386105,SETD FREI CANECA,SETD FREI CANECA,15049,15049,FREI CANECA AEREO,FREI CANECA AEREO,1,0,486317738,
FCN9356,FCN9794,10386105,10386105,SETD FREI CANECA,SETD FREI CANECA,15049,15049,FREI CANECA AEREO,FREI CANECA AEREO,1,0,499860434,
FCN9460,FCN9490,10386105,10386105,SETD FREI CANECA,SETD FREI CANECA,15049,15049,FREI CANECA AEREO,FREI CANECA AEREO,1,0,476415090,
FND1239,FND33757,1222,1222,SETD FUNDAO,SETD FUNDAO,15061,15061,PEDRO ERNESTO AEREO,PEDRO ERNESTO AEREO,1,0,114937703,
FND1320,FND1570,1222,1222,SETD FUNDAO,SETD FUNDAO,15061,15061,PEDRO ERNESTO AEREO,PEDRO ERNESTO AEREO,1,0,1625280,
FND3262,FND3424,1222,1222,SETD FUNDAO,SETD FUNDAO,15040,,GOVERNADOR AEREO,,1,0,1024518466,
FND3262,FND4304,1222,1222,SETD FUNDAO,SETD FUNDAO,15040,15040,GOVERNADOR AEREO,GOVERNADOR AEREO,1,0,480790604,
FND3262,GNB33406,1222,1150,SETD FUNDAO,SETD GUANABARA,15040,15037,GOVERNADOR AEREO,GUANABARA AEREO,1,0,1617867,
FND3262,GVD3849,1222,1213,SETD FUNDAO,SETD GOVERNADOR,15040,15040,GOVERNADOR AEREO,GOVERNADOR AEREO,1,0,1613562,
FND3262,GVD9871,1222,1213,SETD FUNDAO,SETD GOVERNADOR,15040,15040,GOVERNADOR AEREO,GOVERNADOR AEREO,1,0,1585793,
FND33454,FND33757,1222,1222,SETD FUNDAO,SETD FUNDAO,15061,15061,PEDRO ERNESTO AEREO,PEDRO ERNESTO AEREO,1,0,1625245,
FND3424,FND3747,1222,1222,SETD FUNDAO,SETD FUNDAO,,15040,,GOVERNADOR AEREO,1,0,1024519465,
FND3462,FND3726,1222,1222,SETD FUNDAO,SETD FUNDAO,15040,,GOVERNADOR AEREO,,1,0,1024518818,
FND3462,GNB34723,1222,1150,SETD FUNDAO,SETD GUANABARA,15040,15037,GOVERNADOR AEREO,GUANABARA AEREO,1,0,1592730,
FND3462,GVD9937,1222,1213,SETD FUNDAO,SETD GOVERNADOR,15040,,GOVERNADOR AEREO,,1,0,1597077,
FND3726,FND3747,1222,1222,SETD FUNDAO,SETD FUNDAO,,15040,,GOVERNADOR AEREO,1,0,1024518848,
FND3747,GVD9937,1222,1213,SETD FUNDAO,SETD GOVERNADOR,15040,,GOVERNADOR AEREO,,1,0,1597077,
FTL003,FTL007,18521064,18521064,SETD FONTINELE,SETD FONTINELE,15007,15007,FONTINELE,FONTINELE,1,0,20686623,
FTL004,FTL011,18521064,18521064,SETD FONTINELE,SETD FONTINELE,15007,15007,FONTINELE,FONTINELE,1,0,20704718,
FTL004,FTL014,18521064,18521064,SETD FONTINELE,SETD FONTINELE,15007,15007,FONTINELE,FONTINELE,1,0,686103928,
FTL005,FTL013,18521064,18521064,SETD FONTINELE,SETD FONTINELE,15007,15007,FONTINELE,FONTINELE,1,0,20676158,
FTL009,FTL013,18521064,18521064,SETD FONTINELE,SETD FONTINELE,15007,15007,FONTINELE,FONTINELE,1,0,20676165,
FTL013,RTO001,18521064,18520875,SETD FONTINELE,SETD RETIRO,15007,14995,FONTINELE,RETIRO,1,0,20710164,
GDL00002,GDL24901,1258,1258,SETD GUADALUPE,SETD GUADALUPE,15036,15036,GUADALUPE AEREO,GUADALUPE AEREO,1,0,107719320,
GDL00002,GDL24956,1258,1258,SETD GUADALUPE,SETD GUADALUPE,15036,15036,GUADALUPE AEREO,GUADALUPE AEREO,1,0,1631916,
GDL00002,GDL29735,1258,1258,SETD GUADALUPE,SETD GUADALUPE,15036,15036,GUADALUPE AEREO,GUADALUPE AEREO,1,0,1631972,
GDL0003,GDL0004,1258,1258,SETD GUADALUPE,SETD GUADALUPE,15036,15036,GUADALUPE AEREO,GUADALUPE AEREO,1,0,576078819,
GDL0003,PMG020,1258,18520479,SETD GUADALUPE,SETD PADRE MIGUEL,15036,15019,GUADALUPE AEREO,PADRE MIGUEL,1,0,576671361,
GDL0004,PMG0012,1258,18520479,SETD GUADALUPE,SETD PADRE MIGUEL,15036,15019,GUADALUPE AEREO,PADRE MIGUEL,1,0,577096446,
GDL0005,GDL0006,1258,1258,SETD GUADALUPE,SETD GUADALUPE,15036,15036,GUADALUPE AEREO,GUADALUPE AEREO,1,0,681269169,
GDL0005,GDL24813,1258,1258,SETD GUADALUPE,SETD GUADALUPE,15036,15036,GUADALUPE AEREO,GUADALUPE AEREO,1,0,1619890,
GDL0005,GDL29594,1258,1258,SETD GUADALUPE,SETD GUADALUPE,15036,15036,GUADALUPE AEREO,GUADALUPE AEREO,1,0,362324401,
GDL0006,GDL29594,1258,1258,SETD GUADALUPE,SETD GUADALUPE,15036,15036,GUADALUPE AEREO,GUADALUPE AEREO,1,0,1621850,
GDL0006,PVN9815,1258,1303,SETD GUADALUPE,SETD PAVUNA,15036,14994,GUADALUPE AEREO,PAVUNA,1,0,1614220,
GDL0007,GDL29585,1258,1258,SETD GUADALUPE,SETD GUADALUPE,15036,15036,GUADALUPE AEREO,GUADALUPE AEREO,1,0,1582027,
GDL0007,GDL29750,1258,1258,SETD GUADALUPE,SETD GUADALUPE,15036,15036,GUADALUPE AEREO,GUADALUPE AEREO,1,0,1582041,
GDL0007,PVN3632,1258,1303,SETD GUADALUPE,SETD PAVUNA,15036,14994,GUADALUPE AEREO,PAVUNA,1,0,533297639,
GDL24901,ROS016,1258,18519985,SETD GUADALUPE,SETD ROSALI,15036,14996,GUADALUPE AEREO,ROSALI,1,0,1614122,
GDL24956,GDL29735,1258,1258,SETD GUADALUPE,SETD GUADALUPE,15036,15036,GUADALUPE AEREO,GUADALUPE AEREO,1,0,1632077,
GDL29585,GDL29721,1258,1258,SETD GUADALUPE,SETD GUADALUPE,15036,15036,GUADALUPE AEREO,GUADALUPE AEREO,1,0,1584337,
GDL29585,GDL29792,1258,1258,SETD GUADALUPE,SETD GUADALUPE,15036,15036,GUADALUPE AEREO,GUADALUPE AEREO,1,0,1584477,
GDL29585,VVQ9898,1258,1177,SETD GUADALUPE,SETD VILA VALQUEIRE,15036,15032,GUADALUPE AEREO,VILA VALQUEIRE,1,0,1592296,
GDL29594,GDL29792,1258,1258,SETD GUADALUPE,SETD GUADALUPE,15036,15036,GUADALUPE AEREO,GUADALUPE AEREO,1,0,1619855,
GDL29594,PVN9815,1258,1303,SETD GUADALUPE,SETD PAVUNA,15036,14994,GUADALUPE AEREO,PAVUNA,1,0,1616495,
GDL29594,PVN9891,1258,1303,SETD GUADALUPE,SETD PAVUNA,15036,14994,GUADALUPE AEREO,PAVUNA,1,0,1616474,
GDL29721,GDL29746,1258,1258,SETD GUADALUPE,SETD GUADALUPE,15036,15036,GUADALUPE AEREO,GUADALUPE AEREO,1,0,1601459,
GDL29735,TUR005,1258,1294,SETD GUADALUPE,SETD TURIACU,15036,15002,GUADALUPE AEREO,TURIACU,1,0,761330548,
GDL29746,GDL29750,1258,1258,SETD GUADALUPE,SETD GUADALUPE,15036,15036,GUADALUPE AEREO,GUADALUPE AEREO,1,0,141027934,
GDL29750,GDL29969,1258,1258,SETD GUADALUPE,SETD GUADALUPE,15036,15036,GUADALUPE AEREO,GUADALUPE AEREO,1,0,1582020,
GDL29792,PVN0001,1258,1303,SETD GUADALUPE,SETD PAVUNA,15036,14994,GUADALUPE AEREO,PAVUNA,1,0,1603531,
GDN0003,GDN0012,457474244,457474244,SETD GARDENIA,SETD GARDENIA,16903,16903,GARDENIA,GARDENIA,1,0,456334131,
GDN0011,GDN0012,457474244,457474244,SETD GARDENIA,SETD GARDENIA,16903,16903,GARDENIA,GARDENIA,1,0,465327992,
GDN0011,GDN0013,457474244,457474244,SETD GARDENIA,SETD GARDENIA,16903,16903,GARDENIA,GARDENIA,1,0,582155141,
GDN0013,GDN0014,457474244,457474244,SETD GARDENIA,SETD GARDENIA,16903,16903,GARDENIA,GARDENIA,1,0,550216075,
GDN0013,GDN0022,457474244,457474244,SETD GARDENIA,SETD GARDENIA,16903,16903,GARDENIA,GARDENIA,1,0,803141226,
GDN0019,ITP0004,457474244,10385988,SETD GARDENIA,SETD ITAPEBA,15066,15066,ITAPEBA AEREO URBANO,ITAPEBA AEREO URBANO,1,0,425420976,
GDN0019,ITP33143,457474244,10385988,SETD GARDENIA,SETD ITAPEBA,15066,15066,ITAPEBA AEREO URBANO,ITAPEBA AEREO URBANO,1,0,543423140,
GDN0019,ITP33370,457474244,10385988,SETD GARDENIA,SETD ITAPEBA,15066,15066,ITAPEBA AEREO URBANO,ITAPEBA AEREO URBANO,1,0,11008782,
GDN0020,GDN0022,457474244,457474244,SETD GARDENIA,SETD GARDENIA,16903,16903,GARDENIA,GARDENIA,1,0,783728005,
GNB0001,GVD29940,1150,1213,SETD GUANABARA,SETD GOVERNADOR,15040,15040,GOVERNADOR AEREO,GOVERNADOR AEREO,1,0,894126776,
GNB24905,GNB29176,1150,1150,SETD GUANABARA,SETD GUANABARA,15037,15037,GUANABARA AEREO,GUANABARA AEREO,1,0,1629683,
GNB24905,GNB29340,1150,1150,SETD GUANABARA,SETD GUANABARA,15037,15037,GUANABARA AEREO,GUANABARA AEREO,1,0,1591141,
GNB24905,GNB34723,1150,1150,SETD GUANABARA,SETD GUANABARA,15037,15037,GUANABARA AEREO,GUANABARA AEREO,1,0,1592765,
GNB24905,GVD9901,1150,1213,SETD GUANABARA,SETD GOVERNADOR,15037,15040,GUANABARA AEREO,GOVERNADOR AEREO,1,0,1603160,
GNB29069,GNB33406,1150,1150,SETD GUANABARA,SETD GUANABARA,15037,15037,GUANABARA AEREO,GUANABARA AEREO,1,0,1617888,
GNB29176,GNB29257,1150,1150,SETD GUANABARA,SETD GUANABARA,15037,15037,GUANABARA AEREO,GUANABARA AEREO,1,0,1629914,
GNB29224,GNB29257,1150,1150,SETD GUANABARA,SETD GUANABARA,15037,15037,GUANABARA AEREO,GUANABARA AEREO,1,0,1567234,
GNB29224,GNB29528,1150,1150,SETD GUANABARA,SETD GUANABARA,15037,15037,GUANABARA AEREO,GUANABARA AEREO,1,0,1580256,
GNB29257,GNB29528,1150,1150,SETD GUANABARA,SETD GUANABARA,15037,15037,GUANABARA AEREO,GUANABARA AEREO,1,0,1604035,
GNB29257,GNB33417,1150,1150,SETD GUANABARA,SETD GUANABARA,15037,15037,GUANABARA AEREO,GUANABARA AEREO,1,0,1603979,
GNB33406,GVD9871,1150,1213,SETD GUANABARA,SETD GOVERNADOR,15037,15040,GUANABARA AEREO,GOVERNADOR AEREO,1,0,1617860,
GNB33413,GVD9875,1150,1213,SETD GUANABARA,SETD GOVERNADOR,15037,15040,GUANABARA AEREO,GOVERNADOR AEREO,1,0,1602838,
GVD3629,GVD9875,1213,1213,SETD GOVERNADOR,SETD GOVERNADOR,15037,15040,GUANABARA AEREO,GOVERNADOR AEREO,1,0,1602908,
HMT3022,HMT3144,10386096,10386096,SETD HUMAITA,SETD HUMAITA,15022,15059,HUMAITA AEREO,HUMAITA SUBTERRANEO,1,0,11306512,
HMT3022,HMT3386,10386096,10386096,SETD HUMAITA,SETD HUMAITA,15022,15059,HUMAITA AEREO,HUMAITA SUBTERRANEO,1,0,11307268,
IMT004,IMT009,18520929,18520929,SETD INMETRO,SETD INMETRO,14997,14997,INMETRO,INMETRO,1,0,20662659,
IMT004,IMT011,18520929,18520929,SETD INMETRO,SETD INMETRO,14997,15005,INMETRO,ELDORADO,1,0,20667058,
IMT005,IMT009,18520929,18520929,SETD INMETRO,SETD INMETRO,14997,14997,INMETRO,INMETRO,1,0,27971170,
IMT005,IMT011,18520929,18520929,SETD INMETRO,SETD INMETRO,14997,15005,INMETRO,ELDORADO,1,0,20761350,
IMT006,IMT007,18520929,18520929,SETD INMETRO,SETD INMETRO,14997,14997,INMETRO,INMETRO,1,0,20701071,
IMT010,IMT011,18520929,18520929,SETD INMETRO,SETD INMETRO,14997,15005,INMETRO,ELDORADO,1,0,520720558,
INF0004,INF0005,449886789,449886789,SETD INFLUENCIA,SETD INFLUENCIA,15091,15091,SAPUCAIA,SAPUCAIA,1,0,20774761,
ITG0003,ZIN004,310129856,18520911,SETD ITAGUAI,SETD ZONA INDUSTRIAL,15694,15696,ITAGUAI,ZONA INDUSTRIAL,1,0,143462907,
ITG0005,ITG0006,310129856,310129856,SETD ITAGUAI,SETD ITAGUAI,15694,15694,ITAGUAI,ITAGUAI,1,0,20791144,
ITG0005,ZIN004,310129856,18520911,SETD ITAGUAI,SETD ZONA INDUSTRIAL,15694,15696,ITAGUAI,ZONA INDUSTRIAL,1,0,20791151,
ITG0006,ITG0007,310129856,310129856,SETD ITAGUAI,SETD ITAGUAI,15694,15694,ITAGUAI,ITAGUAI,1,0,20702121,
ITG0006,ITG0008,310129856,310129856,SETD ITAGUAI,SETD ITAGUAI,15694,15694,ITAGUAI,ITAGUAI,1,0,285071195,
ITG0006,ITG0011,310129856,310129856,SETD ITAGUAI,SETD ITAGUAI,15694,15694,ITAGUAI,ITAGUAI,1,0,20719460,
ITG0006,ZIN008,310129856,18520911,SETD ITAGUAI,SETD ZONA INDUSTRIAL,15694,15696,ITAGUAI,ZONA INDUSTRIAL,1,0,137841714,
ITG0007,ITG0008,310129856,310129856,SETD ITAGUAI,SETD ITAGUAI,15694,15694,ITAGUAI,ITAGUAI,1,0,20701960,
ITG0007,ITG0010,310129856,310129856,SETD ITAGUAI,SETD ITAGUAI,15694,15694,ITAGUAI,ITAGUAI,1,0,262896583,
ITP000,REC00001,10385988,132097219,SETD ITAPEBA,SETD RECREIO,15060,14999,ITAPEBA SUBTERRANEO,RECREIO,1,0,155202639,
ITP000,REC00004,10385988,132097219,SETD ITAPEBA,SETD RECREIO,15060,14999,ITAPEBA SUBTERRANEO,RECREIO,1,0,11024513,
ITP0004,ITP33172,10385988,10385988,SETD ITAPEBA,SETD ITAPEBA,15066,15066,ITAPEBA AEREO URBANO,ITAPEBA AEREO URBANO,1,0,11008754,
ITP0005,ITP33370,10385988,10385988,SETD ITAPEBA,SETD ITAPEBA,15066,15066,ITAPEBA AEREO URBANO,ITAPEBA AEREO URBANO,1,0,773267888,
ITP0100,ITP24007,10385988,10385988,SETD ITAPEBA,SETD ITAPEBA,15066,15060,ITAPEBA AEREO URBANO,ITAPEBA SUBTERRANEO,1,0,236337906,
ITP0100,ITP33370,10385988,10385988,SETD ITAPEBA,SETD ITAPEBA,15066,15066,ITAPEBA AEREO URBANO,ITAPEBA AEREO URBANO,1,0,306462800,
ITP33143,ITP33172,10385988,10385988,SETD ITAPEBA,SETD ITAPEBA,15066,15066,ITAPEBA AEREO URBANO,ITAPEBA AEREO URBANO,1,0,11008754,
ITP33147,REC00002,10385988,132097219,SETD ITAPEBA,SETD RECREIO,15066,14999,ITAPEBA AEREO URBANO,RECREIO,1,0,11064025,
ITP33172,ITP38330,10385988,10385988,SETD ITAPEBA,SETD ITAPEBA,15066,15066,ITAPEBA AEREO URBANO,ITAPEBA AEREO URBANO,1,0,11008754,
ITP33370,REC6,10385988,132097219,SETD ITAPEBA,SETD RECREIO,15066,14999,ITAPEBA AEREO URBANO,RECREIO,1,0,103987890,
ITP33382,ITP33396,10385988,10385988,SETD ITAPEBA,SETD ITAPEBA,15066,15066,ITAPEBA AEREO URBANO,ITAPEBA AEREO URBANO,1,0,804541018,
JAB00005,STS004,18520749,18521136,SETD JABOATAO,SETD SANTISSIMO,15029,15042,JABOATAO AEREO,SANTISSIMO AEREO,1,0,335344240,
JAB00017,JAB013,18520749,18520749,SETD JABOATAO,SETD JABOATAO,15029,15029,JABOATAO AEREO,JABOATAO AEREO,1,0,20713727,
JAB00017,STS003,18520749,18521136,SETD JABOATAO,SETD SANTISSIMO,15029,15042,JABOATAO AEREO,SANTISSIMO AEREO,1,0,1012684155,
JAB00018,JAB009,18520749,18520749,SETD JABOATAO,SETD JABOATAO,15029,15029,JABOATAO AEREO,JABOATAO AEREO,1,0,20816087,
JAB00018,STS004,18520749,18521136,SETD JABOATAO,SETD SANTISSIMO,15029,15042,JABOATAO AEREO,SANTISSIMO AEREO,1,0,20816108,
JAB00020,JAB007,18520749,18520749,SETD JABOATAO,SETD JABOATAO,15029,15029,JABOATAO AEREO,JABOATAO AEREO,1,0,20733292,
JAB00023,JAB007,18520749,18520749,SETD JABOATAO,SETD JABOATAO,15029,15029,JABOATAO AEREO,JABOATAO AEREO,1,0,20709765,
JAB002,STS004,18520749,18521136,SETD JABOATAO,SETD SANTISSIMO,15029,15042,JABOATAO AEREO,SANTISSIMO AEREO,1,0,20713685,
JAB003,JAB007,18520749,18520749,SETD JABOATAO,SETD JABOATAO,15029,15029,JABOATAO AEREO,JABOATAO AEREO,1,0,20733257,
JAB003,STS001,18520749,18521136,SETD JABOATAO,SETD SANTISSIMO,15029,15042,JABOATAO AEREO,SANTISSIMO AEREO,1,0,20687995,
JAB004,JAB007,18520749,18520749,SETD JABOATAO,SETD JABOATAO,15029,15029,JABOATAO AEREO,JABOATAO AEREO,1,0,20781019,
JAB004,STS001,18520749,18521136,SETD JABOATAO,SETD SANTISSIMO,15029,15042,JABOATAO AEREO,SANTISSIMO AEREO,1,0,20687995,
JAB006,JAB010,18520749,18520749,SETD JABOATAO,SETD JABOATAO,15011,15029,CACHAMORRA,JABOATAO AEREO,1,0,20736554,
JAB007,JAB009,18520749,18520749,SETD JABOATAO,SETD JABOATAO,15029,15029,JABOATAO AEREO,JABOATAO AEREO,1,0,138734907,
JAB007,JAB013,18520749,18520749,SETD JABOATAO,SETD JABOATAO,15029,15029,JABOATAO AEREO,JABOATAO AEREO,1,0,20659439,
JAB012,STS002,18520749,18521136,SETD JABOATAO,SETD SANTISSIMO,15029,15042,JABOATAO AEREO,SANTISSIMO AEREO,1,0,865412838,
JAB012,STS004,18520749,18521136,SETD JABOATAO,SETD SANTISSIMO,15029,15042,JABOATAO AEREO,SANTISSIMO AEREO,1,0,20819979,
JAB013,STS001,18520749,18521136,SETD JABOATAO,SETD SANTISSIMO,15029,15042,JABOATAO AEREO,SANTISSIMO AEREO,1,0,20659404,
JDB1024,JDB643,10385880,10385880,SETD JARDIM BOTANICO,SETD JARDIM BOTANICO,15071,15071,JARDIM BOTANICO AEREO,JARDIM BOTANICO AEREO,1,0,11137421,
JDB29041,JDB29436,10385880,10385880,SETD JARDIM BOTANICO,SETD JARDIM BOTANICO,15071,15071,JARDIM BOTANICO AEREO,JARDIM BOTANICO AEREO,1,0,11008551,
JDB29041,JDB29503,10385880,10385880,SETD JARDIM BOTANICO,SETD JARDIM BOTANICO,15071,15071,JARDIM BOTANICO AEREO,JARDIM BOTANICO AEREO,1,0,11103082,
JDB29041,JDB939,10385880,10385880,SETD JARDIM BOTANICO,SETD JARDIM BOTANICO,15071,15071,JARDIM BOTANICO AEREO,JARDIM BOTANICO AEREO,1,0,11094994,
JDB29436,JDB29935,10385880,10385880,SETD JARDIM BOTANICO,SETD JARDIM BOTANICO,15071,15071,JARDIM BOTANICO AEREO,JARDIM BOTANICO AEREO,1,0,350674183,
JDB29436,JDB3636,10385880,10385880,SETD JARDIM BOTANICO,SETD JARDIM BOTANICO,15071,15071,JARDIM BOTANICO AEREO,JARDIM BOTANICO AEREO,1,0,11008439,
JDB29436,JDB625,10385880,10385880,SETD JARDIM BOTANICO,SETD JARDIM BOTANICO,15071,15071,JARDIM BOTANICO AEREO,JARDIM BOTANICO AEREO,1,0,11100415,
JDB29436,JDB807,10385880,10385880,SETD JARDIM BOTANICO,SETD JARDIM BOTANICO,15071,15071,JARDIM BOTANICO AEREO,JARDIM BOTANICO AEREO,1,0,11008439,
JDB29436,JDB814,10385880,10385880,SETD JARDIM BOTANICO,SETD JARDIM BOTANICO,15071,15071,JARDIM BOTANICO AEREO,JARDIM BOTANICO AEREO,1,0,11008439,
JDB29503,JDB820,10385880,10385880,SETD JARDIM BOTANICO,SETD JARDIM BOTANICO,15071,15071,JARDIM BOTANICO AEREO,JARDIM BOTANICO AEREO,1,0,40247663,
JDB29503,JDB939,10385880,10385880,SETD JARDIM BOTANICO,SETD JARDIM BOTANICO,15071,15071,JARDIM BOTANICO AEREO,JARDIM BOTANICO AEREO,1,0,469948354,
JDB29935,LBN00004,10385880,55813421,SETD JARDIM BOTANICO,SETD LEBLON,15071,15071,JARDIM BOTANICO AEREO,JARDIM BOTANICO AEREO,1,0,11138380,
JDB3190,JDB3636,10385880,10385880,SETD JARDIM BOTANICO,SETD JARDIM BOTANICO,15071,15071,JARDIM BOTANICO AEREO,JARDIM BOTANICO AEREO,1,0,619989272,
JDB3190,JDB643,10385880,10385880,SETD JARDIM BOTANICO,SETD JARDIM BOTANICO,15071,15071,JARDIM BOTANICO AEREO,JARDIM BOTANICO AEREO,1,0,11137407,
JDB3716,JDB807,10385880,10385880,SETD JARDIM BOTANICO,SETD JARDIM BOTANICO,15071,15071,JARDIM BOTANICO AEREO,JARDIM BOTANICO AEREO,1,0,11100268,
JDB3716,JDB814,10385880,10385880,SETD JARDIM BOTANICO,SETD JARDIM BOTANICO,15071,15071,JARDIM BOTANICO AEREO,JARDIM BOTANICO AEREO,1,0,11240427,
JDB4727,JDB939,10385880,10385880,SETD JARDIM BOTANICO,SETD JARDIM BOTANICO,15071,15071,JARDIM BOTANICO AEREO,JARDIM BOTANICO AEREO,1,0,11094994,
JDB643,JDB820,10385880,10385880,SETD JARDIM BOTANICO,SETD JARDIM BOTANICO,15071,15071,JARDIM BOTANICO AEREO,JARDIM BOTANICO AEREO,1,0,11055279,
JDB771,JDB820,10385880,10385880,SETD JARDIM BOTANICO,SETD JARDIM BOTANICO,15071,15071,JARDIM BOTANICO AEREO,JARDIM BOTANICO AEREO,1,0,11053704,
JDB771,JDB932,10385880,10385880,SETD JARDIM BOTANICO,SETD JARDIM BOTANICO,15071,15071,JARDIM BOTANICO AEREO,JARDIM BOTANICO AEREO,1,0,11278633,
LEM2340,LEM2740,10385925,10385925,SETD LEME,SETD LEME,15041,15041,LEME SUBTERRANEO,LEME SUBTERRANEO,1,0,493612524,
LEM9591,LEM9694,10385925,10385925,SETD LEME,SETD LEME,15041,15050,LEME SUBTERRANEO,LEME AEREO URBANO,1,0,11009573,
LPD29027,LPD29480,10386033,10386033,SETD LEOPOLDO,SETD LEOPOLDO,15030,15030,LEOPOLDO AEREO,LEOPOLDO AEREO,1,0,628688851,
LPD29027,LPD33246,10386033,10386033,SETD LEOPOLDO,SETD LEOPOLDO,15030,15030,LEOPOLDO AEREO,LEOPOLDO AEREO,1,0,670851629,
LPD29145,LPD29159,10386033,10386033,SETD LEOPOLDO,SETD LEOPOLDO,15030,15030,LEOPOLDO AEREO,LEOPOLDO AEREO,1,0,11094028,
LPD29145,LPD29480,10386033,10386033,SETD LEOPOLDO,SETD LEOPOLDO,15030,15030,LEOPOLDO AEREO,LEOPOLDO AEREO,1,0,11076407,
LPD29159,LPD29232,10386033,10386033,SETD LEOPOLDO,SETD LEOPOLDO,15030,15030,LEOPOLDO AEREO,LEOPOLDO AEREO,1,0,11094042,
LPD29159,LPD29304,10386033,10386033,SETD LEOPOLDO,SETD LEOPOLDO,15030,15030,LEOPOLDO AEREO,LEOPOLDO AEREO,1,0,11093839,
LPD29304,LPD29480,10386033,10386033,SETD LEOPOLDO,SETD LEOPOLDO,15030,15030,LEOPOLDO AEREO,LEOPOLDO AEREO,1,0,628688851,
LPD29480,LPD33255,10386033,10386033,SETD LEOPOLDO,SETD LEOPOLDO,15030,15030,LEOPOLDO AEREO,LEOPOLDO AEREO,1,0,628688851,
LPD33251,LPD33255,10386033,10386033,SETD LEOPOLDO,SETD LEOPOLDO,15030,15030,LEOPOLDO AEREO,LEOPOLDO AEREO,1,0,11039240,
MNB00008,MNB001,18520902,18520902,SETD MENA BARRETO,SETD MENA BARRETO,15057,15057,MENA BARRETO AEREO,MENA BARRETO AEREO,1,0,20744621,
MNB00008,MNB016,18520902,18520902,SETD MENA BARRETO,SETD MENA BARRETO,15057,15057,MENA BARRETO AEREO,MENA BARRETO AEREO,1,0,97048833,
MNB001,MNB005,18520902,18520902,SETD MENA BARRETO,SETD MENA BARRETO,15057,15057,MENA BARRETO AEREO,MENA BARRETO AEREO,1,0,20815352,
MNB001,MNB006,18520902,18520902,SETD MENA BARRETO,SETD MENA BARRETO,15057,15057,MENA BARRETO AEREO,MENA BARRETO AEREO,1,0,20728091,
MNB001,MNB007,18520902,18520902,SETD MENA BARRETO,SETD MENA BARRETO,15057,15057,MENA BARRETO AEREO,MENA BARRETO AEREO,1,0,20790507,
MNB001,MNB009,18520902,18520902,SETD MENA BARRETO,SETD MENA BARRETO,15057,15057,MENA BARRETO AEREO,MENA BARRETO AEREO,1,0,20790521,
MNB001,MNB018,18520902,18520902,SETD MENA BARRETO,SETD MENA BARRETO,15057,15057,MENA BARRETO AEREO,MENA BARRETO AEREO,1,0,45155758,
MNB002,MNB015,18520902,18520902,SETD MENA BARRETO,SETD MENA BARRETO,14994,15057,PAVUNA,MENA BARRETO AEREO,1,0,20705796,
MNB002,PVN9848,18520902,1303,SETD MENA BARRETO,SETD PAVUNA,14994,14994,PAVUNA,PAVUNA,1,0,20781957,
MNB003,MNB015,18520902,18520902,SETD MENA BARRETO,SETD MENA BARRETO,15057,15057,MENA BARRETO AEREO,MENA BARRETO AEREO,1,0,20699601,
MNB003,MNB016,18520902,18520902,SETD MENA BARRETO,SETD MENA BARRETO,15057,15057,MENA BARRETO AEREO,MENA BARRETO AEREO,1,0,20726943,
MNB005,MNB014,18520902,18520902,SETD MENA BARRETO,SETD MENA BARRETO,15057,15057,MENA BARRETO AEREO,MENA BARRETO AEREO,1,0,20727265,
MNB006,MNB009,18520902,18520902,SETD MENA BARRETO,SETD MENA BARRETO,15057,15057,MENA BARRETO AEREO,MENA BARRETO AEREO,1,0,20728091,
MNB006,MNB013,18520902,18520902,SETD MENA BARRETO,SETD MENA BARRETO,15057,15057,MENA BARRETO AEREO,MENA BARRETO AEREO,1,0,20711725,
MNB006,MNB018,18520902,18520902,SETD MENA BARRETO,SETD MENA BARRETO,15057,15057,MENA BARRETO AEREO,MENA BARRETO AEREO,1,0,20728091,
MNB006,MNB019,18520902,18520902,SETD MENA BARRETO,SETD MENA BARRETO,15057,15057,MENA BARRETO AEREO,MENA BARRETO AEREO,1,0,20728091,
MNB006,MNB020,18520902,18520902,SETD MENA BARRETO,SETD MENA BARRETO,15057,15057,MENA BARRETO AEREO,MENA BARRETO AEREO,1,0,20728091,
MNB006,MNB021,18520902,18520902,SETD MENA BARRETO,SETD MENA BARRETO,15057,15057,MENA BARRETO AEREO,MENA BARRETO AEREO,1,0,20728091,
MNB007,MNB009,18520902,18520902,SETD MENA BARRETO,SETD MENA BARRETO,15057,15057,MENA BARRETO AEREO,MENA BARRETO AEREO,1,0,20727993,
MNB007,PVN0006,18520902,1303,SETD MENA BARRETO,SETD PAVUNA,15057,15057,MENA BARRETO AEREO,MENA BARRETO AEREO,1,0,20820602,
MNB010,PVN9848,18520902,1303,SETD MENA BARRETO,SETD PAVUNA,15057,14994,MENA BARRETO AEREO,PAVUNA,1,0,20708799,
MNB011,PVN9848,18520902,1303,SETD MENA BARRETO,SETD PAVUNA,15057,14994,MENA BARRETO AEREO,PAVUNA,1,0,20788092,
MNB012,NIG026,18520902,18519976,SETD MENA BARRETO,SETD NOVA IGUACU,15057,14993,MENA BARRETO AEREO,MERITI,1,0,20679952,
MNB013,MNB015,18520902,18520902,SETD MENA BARRETO,SETD MENA BARRETO,15057,15057,MENA BARRETO AEREO,MENA BARRETO AEREO,1,0,20705691,
MNB013,PVN70296,18520902,1303,SETD MENA BARRETO,SETD PAVUNA,15057,14994,MENA BARRETO AEREO,PAVUNA,1,0,334485768,
MNB019,MNB021,18520902,18520902,SETD MENA BARRETO,SETD MENA BARRETO,15057,15057,MENA BARRETO AEREO,MENA BARRETO AEREO,1,0,20675227,
MRP00008,MRP00011,224567922,224567922,SETD MARAPICU,SETD MARAPICU,15697,15697,MARAPICU,MARAPICU,1,0,23019777,
MRT0002,MRT29607,1312,1312,SETD MERITI,SETD MERITI,14993,14993,MERITI,MERITI,1,0,1566590,
MRT0002,MRT29629,1312,1312,SETD MERITI,SETD MERITI,14993,14993,MERITI,MERITI,1,0,1604469,
MRT2135,MRT2929,1312,1312,SETD MERITI,SETD MERITI,14993,14993,MERITI,MERITI,1,0,522481113,
MRT2135,MRT9979,1312,1312,SETD MERITI,SETD MERITI,14993,14993,MERITI,MERITI,1,0,1596195,
MRT2135,NIG026,1312,18519976,SETD MERITI,SETD NOVA IGUACU,14993,14993,MERITI,MERITI,1,0,877242818,
MRT2651,VGE3947,1312,1267,SETD MERITI,SETD VIGARIO GERAL,14993,15062,MERITI,VIGARIO GERAL AEREO,1,0,1629417,
MRT273,VGE3758,1312,1267,SETD MERITI,SETD VIGARIO GERAL,,15062,,VIGARIO GERAL AEREO,1,0,1632546,
MRT2903,MRT2929,1312,1312,SETD MERITI,SETD MERITI,,14993,,MERITI,1,0,764465132,
MRT2929,MRT29825,1312,1312,SETD MERITI,SETD MERITI,14993,14993,MERITI,MERITI,1,0,1604490,
MRT2929,NIG026,1312,18519976,SETD MERITI,SETD NOVA IGUACU,14993,14993,MERITI,MERITI,1,0,38508611,
MRT2929,SJO0011,1312,310718139,SETD MERITI,SETD SAO JOAO,14993,15699,MERITI,SAO JOAO,1,0,20729204,
MRT2929,SRP002,1312,18520803,SETD MERITI,SETD SARAPUI,14993,15000,MERITI,SARAPUI,1,0,20729218,
MRT29607,WLS00011,1312,18519994,SETD MERITI,SETD WASHINGTON LUIS,14993,15073,MERITI,WASHINGTON LUIS AEREO,1,0,1566604,
MRT29629,MRT9954,1312,1312,SETD MERITI,SETD MERITI,14993,14993,MERITI,MERITI,1,0,111266154,
MRT29629,SJO0005,1312,310718139,SETD MERITI,SETD SAO JOAO,14993,15699,MERITI,SAO JOAO,1,0,20759383,
MRT29825,ROS011,1312,18519985,SETD MERITI,SETD ROSALI,14993,14996,MERITI,ROSALI,1,0,20691754,
MRT3710,MRT3881,1312,1312,SETD MERITI,SETD MERITI,14993,14993,MERITI,MERITI,1,0,27469093,
MRT3710,ROS001,1312,18519985,SETD MERITI,SETD ROSALI,14993,14996,MERITI,ROSALI,1,0,20801839,
MRT9954,VGE00002,1312,1267,SETD MERITI,SETD VIGARIO GERAL,14993,14996,MERITI,ROSALI,1,0,114967587,
MRT9979,ROS001,1312,18519985,SETD MERITI,SETD ROSALI,14993,14996,MERITI,ROSALI,1,0,163734767,
MTC002,MTC005,1276,1276,SETD MATURACA,SETD MATURACA,15031,15031,MATURACA AEREO,MATURACA AEREO,1,0,1599723,
MTC002,MTC013,1276,1276,SETD MATURACA,SETD MATURACA,15031,15031,MATURACA AEREO,MATURACA AEREO,1,0,1591883,
MTC007,MTC013,1276,1276,SETD MATURACA,SETD MATURACA,15031,15031,MATURACA AEREO,MATURACA AEREO,1,0,461721011,
MTC011,MTC34958,1276,1276,SETD MATURACA,SETD MATURACA,,15031,,MATURACA AEREO,1,0,1583196,
MTO00001,PCI0016,29148432,450101398,SETD MATO ALTO,SETD PACIENCIA,16898,16900,MATO ALTO,PACIENCIA,1,0,135213795,
MTO00002,STS004,29148432,18521136,SETD MATO ALTO,SETD SANTISSIMO,16900,15042,PACIENCIA,SANTISSIMO AEREO,1,0,20711837,
NIG0004,NIG009,18519976,18519976,SETD NOVA IGUACU,SETD NOVA IGUACU,15692,15692,NOVA IGUACU,NOVA IGUACU,1,0,490271772,
NIG0004,NIG018,18519976,18519976,SETD NOVA IGUACU,SETD NOVA IGUACU,15692,15692,NOVA IGUACU,NOVA IGUACU,1,0,330921495,
NIG002,NIG006,18519976,18519976,SETD NOVA IGUACU,SETD NOVA IGUACU,15692,15692,NOVA IGUACU,NOVA IGUACU,1,0,20706846,
NIG002,NIG010,18519976,18519976,SETD NOVA IGUACU,SETD NOVA IGUACU,15692,15692,NOVA IGUACU,NOVA IGUACU,1,0,20706706,
NIG003,NIG008,18519976,18519976,SETD NOVA IGUACU,SETD NOVA IGUACU,15692,15692,NOVA IGUACU,NOVA IGUACU,1,0,464142772,
NIG003,NIG009,18519976,18519976,SETD NOVA IGUACU,SETD NOVA IGUACU,15692,15692,NOVA IGUACU,NOVA IGUACU,1,0,20807285,
NIG003,NIG016,18519976,18519976,SETD NOVA IGUACU,SETD NOVA IGUACU,15692,15692,NOVA IGUACU,NOVA IGUACU,1,0,20725102,
NIG008,NIG016,18519976,18519976,SETD NOVA IGUACU,SETD NOVA IGUACU,15692,15692,NOVA IGUACU,NOVA IGUACU,1,0,20714518,
NIG008,NIG023,18519976,18519976,SETD NOVA IGUACU,SETD NOVA IGUACU,15692,15692,NOVA IGUACU,NOVA IGUACU,1,0,20700007,
NIG009,NIG015,18519976,18519976,SETD NOVA IGUACU,SETD NOVA IGUACU,15692,15692,NOVA IGUACU,NOVA IGUACU,1,0,20675059,
NIG011,NIG023,18519976,18519976,SETD NOVA IGUACU,SETD NOVA IGUACU,15692,15692,NOVA IGUACU,NOVA IGUACU,1,0,20807264,
NIG012,NIG023,18519976,18519976,SETD NOVA IGUACU,SETD NOVA IGUACU,15692,15692,NOVA IGUACU,NOVA IGUACU,1,0,489499086,
NIG012,NIG029,18519976,18519976,SETD NOVA IGUACU,SETD NOVA IGUACU,15692,15692,NOVA IGUACU,NOVA IGUACU,1,0,20700112,
NIG013,NIG028,18519976,18519976,SETD NOVA IGUACU,SETD NOVA IGUACU,15692,,NOVA IGUACU,,1,0,20658886,
NIG015,NIG018,18519976,18519976,SETD NOVA IGUACU,SETD NOVA IGUACU,15692,15692,NOVA IGUACU,NOVA IGUACU,1,0,20232408,
NIG015,NIG025,18519976,18519976,SETD NOVA IGUACU,SETD NOVA IGUACU,15692,15692,NOVA IGUACU,NOVA IGUACU,1,0,20712082,
NIG018,NIG025,18519976,18519976,SETD NOVA IGUACU,SETD NOVA IGUACU,15692,15692,NOVA IGUACU,NOVA IGUACU,1,0,20674961,
NIG025,NIG028,18519976,18519976,SETD NOVA IGUACU,SETD NOVA IGUACU,15692,,NOVA IGUACU,,1,0,20679266,
NIG025,NIG030,18519976,18519976,SETD NOVA IGUACU,SETD NOVA IGUACU,15692,15692,NOVA IGUACU,NOVA IGUACU,1,0,20692272,
NIG028,NIG029,18519976,18519976,SETD NOVA IGUACU,SETD NOVA IGUACU,,15692,,NOVA IGUACU,1,0,20679252,
NIG029,RFR007,18519976,18520767,SETD NOVA IGUACU,SETD ROCHA FREIRE,15692,15693,NOVA IGUACU,ROCHA FREIRE AEREO AT/MT,1,0,20703472,
NIG030,QMD007,18519976,18520893,SETD NOVA IGUACU,SETD QUEIMADOS,15692,15698,NOVA IGUACU,QUEIMADOS AEREO,1,0,72882449,
NIG030,STC00005,18519976,34192093,SETD NOVA IGUACU,SETD SANTA CLARA,15692,15052,NOVA IGUACU,SANTA CLARA AEREO,1,0,20817144,
PCI0003,PCI0005,450101398,450101398,SETD PACIENCIA,SETD PACIENCIA,16900,16900,PACIENCIA,PACIENCIA,1,0,343966594,
PCI0003,PCI0007,450101398,450101398,SETD PACIENCIA,SETD PACIENCIA,16900,16900,PACIENCIA,PACIENCIA,1,0,453751319,
PCI0003,PCI0008,450101398,450101398,SETD PACIENCIA,SETD PACIENCIA,16900,16900,PACIENCIA,PACIENCIA,1,0,20731409,
PCI0003,PCI0009,450101398,450101398,SETD PACIENCIA,SETD PACIENCIA,16900,16900,PACIENCIA,PACIENCIA,1,0,37443700,
PCI0004,PCI0005,450101398,450101398,SETD PACIENCIA,SETD PACIENCIA,16900,16900,PACIENCIA,PACIENCIA,1,0,425226328,
PCI0005,PCI0011,450101398,450101398,SETD PACIENCIA,SETD PACIENCIA,16900,16900,PACIENCIA,PACIENCIA,1,0,488901975,
PCI0005,PCI0014,450101398,450101398,SETD PACIENCIA,SETD PACIENCIA,16900,16900,PACIENCIA,PACIENCIA,1,0,25258914,
PCI0006,PCI0008,450101398,450101398,SETD PACIENCIA,SETD PACIENCIA,16900,16900,PACIENCIA,PACIENCIA,1,0,20667737,
PCI0006,PCI0009,450101398,450101398,SETD PACIENCIA,SETD PACIENCIA,16900,16900,PACIENCIA,PACIENCIA,1,0,20688884,
PCI0008,PCI0009,450101398,450101398,SETD PACIENCIA,SETD PACIENCIA,16900,16900,PACIENCIA,PACIENCIA,1,0,20688940,
PCI0009,PCI0011,450101398,450101398,SETD PACIENCIA,SETD PACIENCIA,16900,16900,PACIENCIA,PACIENCIA,1,0,20688884,
PCI0010,PCI3620,450101398,450101398,SETD PACIENCIA,SETD PACIENCIA,16900,16897,PACIENCIA,COSMOS,1,0,20713846,
PCI0011,PCI3620,450101398,450101398,SETD PACIENCIA,SETD PACIENCIA,16900,16897,PACIENCIA,COSMOS,1,0,20737947,
PCI0013,PCI3354,450101398,450101398,SETD PACIENCIA,SETD PACIENCIA,16900,16897,PACIENCIA,COSMOS,1,0,679311768,
PDD33543,PDD9899,1231,1231,SETD PIEDADE,SETD PIEDADE,14998,14998,PIEDADE,PIEDADE,1,0,1588467,
PDD3800,PDD9873,1231,1231,SETD PIEDADE,SETD PIEDADE,14998,14998,PIEDADE,PIEDADE,1,0,1600192,
PDD9873,PDD9896,1231,1231,SETD PIEDADE,SETD PIEDADE,14998,14998,PIEDADE,PIEDADE,1,0,1593318,
PDD9873,TER895,1231,1123,SETD PIEDADE,SETD TERRA NOVA,14998,15044,PIEDADE,TERRA NOVA AEREO,1,0,1600493,
PDD9896,TER29223,1231,1123,SETD PIEDADE,SETD TERRA NOVA,14998,15044,PIEDADE,TERRA NOVA AEREO,1,0,1590833,
PDG00002,PDG0006,10385916,10385916,SETD PORTA DAGUA,SETD PORTA DAGUA,16902,16902,PORTA DAGUA AEREO,PORTA DAGUA AEREO,1,0,133372037,
PDG0005,PDG29748,10385916,10385916,SETD PORTA DAGUA,SETD PORTA DAGUA,16902,16902,PORTA DAGUA AEREO,PORTA DAGUA AEREO,1,0,11080047,
PDG0005,PDG29753,10385916,10385916,SETD PORTA DAGUA,SETD PORTA DAGUA,16902,16902,PORTA DAGUA AEREO,PORTA DAGUA AEREO,1,0,132603620,
PDG208,PDG219,10385916,10385916,SETD PORTA DAGUA,SETD PORTA DAGUA,,16902,,PORTA DAGUA AEREO,1,0,11103327,
PDG208,PDG33651,10385916,10385916,SETD PORTA DAGUA,SETD PORTA DAGUA,,16902,,PORTA DAGUA AEREO,1,0,11091795,
PDG208,PDG33662,10385916,10385916,SETD PORTA DAGUA,SETD PORTA DAGUA,,16902,,PORTA DAGUA AEREO,1,0,11062408,
PDG208,TQR00007,10385916,10385871,SETD PORTA DAGUA,SETD TAQUARA,,15023,,TAQUARA AEREO,1,0,11075126,
PDG219,PDG29748,10385916,10385916,SETD PORTA DAGUA,SETD PORTA DAGUA,16902,16902,PORTA DAGUA AEREO,PORTA DAGUA AEREO,1,0,17094607,
PDG222,PDG280,10385916,10385916,SETD PORTA DAGUA,SETD PORTA DAGUA,16902,16902,PORTA DAGUA AEREO,PORTA DAGUA AEREO,1,0,11121333,
PDG222,PDG29023,10385916,10385916,SETD PORTA DAGUA,SETD PORTA DAGUA,16902,16902,PORTA DAGUA AEREO,PORTA DAGUA AEREO,1,0,11154279,
PDG222,PDG29731,10385916,10385916,SETD PORTA DAGUA,SETD PORTA DAGUA,16902,16902,PORTA DAGUA AEREO,PORTA DAGUA AEREO,1,0,11121333,
PDG222,PDG33499,10385916,10385916,SETD PORTA DAGUA,SETD PORTA DAGUA,16902,16902,PORTA DAGUA AEREO,PORTA DAGUA AEREO,1,0,489881287,
PDG29015,PDG29724,10385916,10385916,SETD PORTA DAGUA,SETD PORTA DAGUA,16902,16902,PORTA DAGUA AEREO,PORTA DAGUA AEREO,1,0,11009398,
PDG29015,PDG29731,10385916,10385916,SETD PORTA DAGUA,SETD PORTA DAGUA,16902,16902,PORTA DAGUA AEREO,PORTA DAGUA AEREO,1,0,11009517,
PDG29015,PDG29748,10385916,10385916,SETD PORTA DAGUA,SETD PORTA DAGUA,16902,16902,PORTA DAGUA AEREO,PORTA DAGUA AEREO,1,0,11009433,
PDG29015,PDG33010,10385916,10385916,SETD PORTA DAGUA,SETD PORTA DAGUA,16902,16902,PORTA DAGUA AEREO,PORTA DAGUA AEREO,1,0,11009531,
PDG29023,PDG29753,10385916,10385916,SETD PORTA DAGUA,SETD PORTA DAGUA,16902,16902,PORTA DAGUA AEREO,PORTA DAGUA AEREO,1,0,987466141,
PDG29023,PDG29857,10385916,10385916,SETD PORTA DAGUA,SETD PORTA DAGUA,16902,16902,PORTA DAGUA AEREO,PORTA DAGUA AEREO,1,0,760824351,
PDG29023,PDG33434,10385916,10385916,SETD PORTA DAGUA,SETD PORTA DAGUA,16902,16903,PORTA DAGUA AEREO,GARDENIA,1,0,11154279,
PDG29731,PDG33010,10385916,10385916,SETD PORTA DAGUA,SETD PORTA DAGUA,16902,16902,PORTA DAGUA AEREO,PORTA DAGUA AEREO,1,0,11009440,
PDG29731,PDG33499,10385916,10385916,SETD PORTA DAGUA,SETD PORTA DAGUA,16902,16902,PORTA DAGUA AEREO,PORTA DAGUA AEREO,1,0,11054103,
PDG29731,PDG33678,10385916,10385916,SETD PORTA DAGUA,SETD PORTA DAGUA,16902,16902,PORTA DAGUA AEREO,PORTA DAGUA AEREO,1,0,11054026,
PDG29748,PDG29776,10385916,10385916,SETD PORTA DAGUA,SETD PORTA DAGUA,16902,16902,PORTA DAGUA AEREO,PORTA DAGUA AEREO,1,0,628289570,
PDG29776,PDG33434,10385916,10385916,SETD PORTA DAGUA,SETD PORTA DAGUA,16902,16903,PORTA DAGUA AEREO,GARDENIA,1,0,11102956,
PDG33010,PDG33499,10385916,10385916,SETD PORTA DAGUA,SETD PORTA DAGUA,16902,16902,PORTA DAGUA AEREO,PORTA DAGUA AEREO,1,0,11080166,
PDG33499,PDG33670,10385916,10385916,SETD PORTA DAGUA,SETD PORTA DAGUA,16902,16902,PORTA DAGUA AEREO,PORTA DAGUA AEREO,1,0,489881287,
PDG33662,PDG33678,10385916,10385916,SETD PORTA DAGUA,SETD PORTA DAGUA,16902,16902,PORTA DAGUA AEREO,PORTA DAGUA AEREO,1,0,30646293,
PDG33662,TQR0009,10385916,10385871,SETD PORTA DAGUA,SETD TAQUARA,16902,15023,PORTA DAGUA AEREO,TAQUARA AEREO,1,0,11052808,
PDG33670,PDG33678,10385916,10385916,SETD PORTA DAGUA,SETD PORTA DAGUA,16902,16902,PORTA DAGUA AEREO,PORTA DAGUA AEREO,1,0,11009454,
PDG33670,TQR00005,10385916,10385871,SETD PORTA DAGUA,SETD TAQUARA,16902,15023,PORTA DAGUA AEREO,TAQUARA AEREO,1,0,11053039,
PDG33678,TQR00004,10385916,10385871,SETD PORTA DAGUA,SETD TAQUARA,16902,15023,PORTA DAGUA AEREO,TAQUARA AEREO,1,0,11025500,
PER0001,PER711,1240,1240,SETD PEDRO ERNESTO,SETD PEDRO ERNESTO,15061,15061,PEDRO ERNESTO AEREO,PEDRO ERNESTO AEREO,1,0,1628038,
PER0001,TER12912,1240,1123,SETD PEDRO ERNESTO,SETD TERRA NOVA,15061,15044,PEDRO ERNESTO AEREO,TERRA NOVA AEREO,1,0,1615942,
PER0001,TER29152,1240,1123,SETD PEDRO ERNESTO,SETD TERRA NOVA,15061,15044,PEDRO ERNESTO AEREO,TERRA NOVA AEREO,1,0,1609075,
PER0002,PER70278,1240,1240,SETD PEDRO ERNESTO,SETD PEDRO ERNESTO,15061,15017,PEDRO ERNESTO AEREO,BRAS DE PINA,1,0,239094262,
PER0002,PER794,1240,1240,SETD PEDRO ERNESTO,SETD PEDRO ERNESTO,15061,15061,PEDRO ERNESTO AEREO,PEDRO ERNESTO AEREO,1,0,1566786,
PER29452,PER670,1240,1240,SETD PEDRO ERNESTO,SETD PEDRO ERNESTO,15061,15061,PEDRO ERNESTO AEREO,PEDRO ERNESTO AEREO,1,0,1600094,
PER29452,RAM33315,1240,1132,SETD PEDRO ERNESTO,SETD RAMOS,15061,15015,PEDRO ERNESTO AEREO,RAMOS AEREO,1,0,1620548,
PER29478,RAM33372,1240,1132,SETD PEDRO ERNESTO,SETD RAMOS,15015,15015,RAMOS AEREO,RAMOS AEREO,1,0,1632245,
PER29478,RAM33377,1240,1132,SETD PEDRO ERNESTO,SETD RAMOS,15015,15015,RAMOS AEREO,RAMOS AEREO,1,0,1620800,
PER29500,PER654,1240,1240,SETD PEDRO ERNESTO,SETD PEDRO ERNESTO,15015,15061,RAMOS AEREO,PEDRO ERNESTO AEREO,1,0,136133238,
PER29500,PER711,1240,1240,SETD PEDRO ERNESTO,SETD PEDRO ERNESTO,15015,15061,RAMOS AEREO,PEDRO ERNESTO AEREO,1,0,225173121,
PER33741,PER654,1240,1240,SETD PEDRO ERNESTO,SETD PEDRO ERNESTO,15061,15061,PEDRO ERNESTO AEREO,PEDRO ERNESTO AEREO,1,0,802535804,
PER33741,PER794,1240,1240,SETD PEDRO ERNESTO,SETD PEDRO ERNESTO,15061,15061,PEDRO ERNESTO AEREO,PEDRO ERNESTO AEREO,1,0,714706243,
PER33741,PER852,1240,1240,SETD PEDRO ERNESTO,SETD PEDRO ERNESTO,15061,15061,PEDRO ERNESTO AEREO,PEDRO ERNESTO AEREO,1,0,1630530,
PER616,PER809,1240,1240,SETD PEDRO ERNESTO,SETD PEDRO ERNESTO,15061,15061,PEDRO ERNESTO AEREO,PEDRO ERNESTO AEREO,1,0,1607801,
PER616,PER874,1240,1240,SETD PEDRO ERNESTO,SETD PEDRO ERNESTO,15061,15015,PEDRO ERNESTO AEREO,RAMOS AEREO,1,0,1607801,
PER70278,PER781,1240,1240,SETD PEDRO ERNESTO,SETD PEDRO ERNESTO,15017,15061,BRAS DE PINA,PEDRO ERNESTO AEREO,1,0,1623761,
PER70299,PER852,1240,1240,SETD PEDRO ERNESTO,SETD PEDRO ERNESTO,15061,15061,PEDRO ERNESTO AEREO,PEDRO ERNESTO AEREO,1,0,1630607,
PER70299,PER874,1240,1240,SETD PEDRO ERNESTO,SETD PEDRO ERNESTO,15061,15015,PEDRO ERNESTO AEREO,RAMOS AEREO,1,0,1608522,
PER711,PER852,1240,1240,SETD PEDRO ERNESTO,SETD PEDRO ERNESTO,15061,15061,PEDRO ERNESTO AEREO,PEDRO ERNESTO AEREO,1,0,1630705,
PER763,PER874,1240,1240,SETD PEDRO ERNESTO,SETD PEDRO ERNESTO,15061,15015,PEDRO ERNESTO AEREO,RAMOS AEREO,1,0,1620296,
PER781,PER794,1240,1240,SETD PEDRO ERNESTO,SETD PEDRO ERNESTO,15061,15061,PEDRO ERNESTO AEREO,PEDRO ERNESTO AEREO,1,0,1623663,
PER781,PER917,1240,1240,SETD PEDRO ERNESTO,SETD PEDRO ERNESTO,15061,,PEDRO ERNESTO AEREO,,1,0,1554102,
PER828,PER833,1240,1240,SETD PEDRO ERNESTO,SETD PEDRO ERNESTO,15061,15061,PEDRO ERNESTO AEREO,PEDRO ERNESTO AEREO,1,0,1612386,
PMG00019,PMG0016,18520479,18520479,SETD PADRE MIGUEL,SETD PADRE MIGUEL,15019,15019,PADRE MIGUEL,PADRE MIGUEL,1,0,20660118,
PMG00019,PMG002,18520479,18520479,SETD PADRE MIGUEL,SETD PADRE MIGUEL,15019,14991,PADRE MIGUEL,CAMARA,1,0,20777862,
PMG00019,PMG005,18520479,18520479,SETD PADRE MIGUEL,SETD PADRE MIGUEL,15019,15019,PADRE MIGUEL,PADRE MIGUEL,1,0,675059816,
PMG001,PMG013,18520479,18520479,SETD PADRE MIGUEL,SETD PADRE MIGUEL,15019,15019,PADRE MIGUEL,PADRE MIGUEL,1,0,20767933,
PMG0012,PMG0015,18520479,18520479,SETD PADRE MIGUEL,SETD PADRE MIGUEL,15019,15019,PADRE MIGUEL,PADRE MIGUEL,1,0,986952435,
PMG0012,PMG013,18520479,18520479,SETD PADRE MIGUEL,SETD PADRE MIGUEL,15019,15019,PADRE MIGUEL,PADRE MIGUEL,1,0,986952435,
PMG0015,PMG013,18520479,18520479,SETD PADRE MIGUEL,SETD PADRE MIGUEL,15019,15019,PADRE MIGUEL,PADRE MIGUEL,1,0,20659866,
PMG0016,PMG0017,18520479,18520479,SETD PADRE MIGUEL,SETD PADRE MIGUEL,15019,15019,PADRE MIGUEL,PADRE MIGUEL,1,0,20729834,
PMG0016,PMG005,18520479,18520479,SETD PADRE MIGUEL,SETD PADRE MIGUEL,15019,15019,PADRE MIGUEL,PADRE MIGUEL,1,0,20659733,
PMG0018,PMG004,18520479,18520479,SETD PADRE MIGUEL,SETD PADRE MIGUEL,15019,15019,PADRE MIGUEL,PADRE MIGUEL,1,0,20680799,
PMG002,PMG007,18520479,18520479,SETD PADRE MIGUEL,SETD PADRE MIGUEL,14991,15019,CAMARA,PADRE MIGUEL,1,0,288841217,
PMG003,PMG014,18520479,18520479,SETD PADRE MIGUEL,SETD PADRE MIGUEL,15019,15019,PADRE MIGUEL,PADRE MIGUEL,1,0,20705425,
PMG003,VVQ9922,18520479,1177,SETD PADRE MIGUEL,SETD VILA VALQUEIRE,15019,15032,PADRE MIGUEL,VILA VALQUEIRE,1,0,20781761,
PMG004,PMG009,18520479,18520479,SETD PADRE MIGUEL,SETD PADRE MIGUEL,15019,15019,PADRE MIGUEL,PADRE MIGUEL,1,0,20725445,
PMG004,PMG010,18520479,18520479,SETD PADRE MIGUEL,SETD PADRE MIGUEL,15019,15019,PADRE MIGUEL,PADRE MIGUEL,1,0,20725508,
PMG005,PMG010,18520479,18520479,SETD PADRE MIGUEL,SETD PADRE MIGUEL,15019,15019,PADRE MIGUEL,PADRE MIGUEL,1,0,288887600,
PMG006,PMG008,18520479,18520479,SETD PADRE MIGUEL,SETD PADRE MIGUEL,15019,15019,PADRE MIGUEL,PADRE MIGUEL,1,0,20768059,
PMG006,PMG013,18520479,18520479,SETD PADRE MIGUEL,SETD PADRE MIGUEL,15019,15019,PADRE MIGUEL,PADRE MIGUEL,1,0,20768059,
PMG007,PMG009,18520479,18520479,SETD PADRE MIGUEL,SETD PADRE MIGUEL,15019,15019,PADRE MIGUEL,PADRE MIGUEL,1,0,20816458,
PTS4022,PTS4871,10386087,10386087,SETD POSTO SEIS,SETD POSTO SEIS,15075,15075,POSTO SEIS SUBTERRANEO,POSTO SEIS SUBTERRANEO,1,0,11241428,
PTS9170,PTS9648,10386087,10386087,SETD POSTO SEIS,SETD POSTO SEIS,15075,15075,POSTO SEIS SUBTERRANEO,POSTO SEIS SUBTERRANEO,1,0,533521192,
PTS9494,PTS9648,10386087,10386087,SETD POSTO SEIS,SETD POSTO SEIS,15075,15075,POSTO SEIS SUBTERRANEO,POSTO SEIS SUBTERRANEO,1,0,533521192,
PVN0001,PVN3632,1303,1303,SETD PAVUNA,SETD PAVUNA,14994,14994,PAVUNA,PAVUNA,1,0,1603559,
PVN0001,PVN9857,1303,1303,SETD PAVUNA,SETD PAVUNA,14994,14994,PAVUNA,PAVUNA,1,0,1625119,
PVN0004,PVN29958,1303,1303,SETD PAVUNA,SETD PAVUNA,14994,14994,PAVUNA,PAVUNA,1,0,138503123,
PVN0004,PVN9828,1303,1303,SETD PAVUNA,SETD PAVUNA,14994,14994,PAVUNA,PAVUNA,1,0,1615452,
PVN0004,PVN9833,1303,1303,SETD PAVUNA,SETD PAVUNA,14994,14994,PAVUNA,PAVUNA,1,0,518049726,
PVN0004,ROS015,1303,18519985,SETD PAVUNA,SETD ROSALI,14994,14996,PAVUNA,ROSALI,1,0,229858037,
PVN3632,PVN70277,1303,1303,SETD PAVUNA,SETD PAVUNA,14994,14994,PAVUNA,PAVUNA,1,0,337955008,
PVN3632,PVN9897,1303,1303,SETD PAVUNA,SETD PAVUNA,14994,14994,PAVUNA,PAVUNA,1,0,116264416,
PVN70277,PVN9857,1303,1303,SETD PAVUNA,SETD PAVUNA,14994,14994,PAVUNA,PAVUNA,1,0,1624916,
PVN70296,PVN9848,1303,1303,SETD PAVUNA,SETD PAVUNA,14994,14994,PAVUNA,PAVUNA,1,0,27820892,
PVN70296,ROS015,1303,18519985,SETD PAVUNA,SETD ROSALI,14994,14996,PAVUNA,ROSALI,1,0,1623180,
PVN70308,PVN9815,1303,1303,SETD PAVUNA,SETD PAVUNA,14994,14994,PAVUNA,PAVUNA,1,0,161548976,
PVN9815,PVN9828,1303,1303,SETD PAVUNA,SETD PAVUNA,14994,14994,PAVUNA,PAVUNA,1,0,1615424,
PVN9815,PVN9891,1303,1303,SETD PAVUNA,SETD PAVUNA,14994,14994,PAVUNA,PAVUNA,1,0,1614304,
PVN9828,PVN9833,1303,1303,SETD PAVUNA,SETD PAVUNA,14994,14994,PAVUNA,PAVUNA,1,0,1615459,
PVN9828,PVN9935,1303,1303,SETD PAVUNA,SETD PAVUNA,14994,14994,PAVUNA,PAVUNA,1,0,1603566,
PVN9828,ROS00021,1303,18519985,SETD PAVUNA,SETD ROSALI,14994,14996,PAVUNA,ROSALI,1,0,136652280,
PVN9833,ROS018,1303,18519985,SETD PAVUNA,SETD ROSALI,14994,14996,PAVUNA,ROSALI,1,0,135394595,
PVN9891,PVN9935,1303,1303,SETD PAVUNA,SETD PAVUNA,14994,14994,PAVUNA,PAVUNA,1,0,550572416,
QMD001,QMD002,18520893,18520893,SETD QUEIMADOS,SETD QUEIMADOS,15698,15043,QUEIMADOS AEREO,SEROPEDICA AEREO,1,0,20760510,
QMD001,QMD010,18520893,18520893,SETD QUEIMADOS,SETD QUEIMADOS,15698,,QUEIMADOS AEREO,,1,0,261214038,
QMD001,STC0014,18520893,34192093,SETD QUEIMADOS,SETD SANTA CLARA,15698,15052,QUEIMADOS AEREO,SANTA CLARA AEREO,1,0,30307596,
QMD002,SRD003,18520893,18521154,SETD QUEIMADOS,SETD SEROPEDICA,15043,15043,SEROPEDICA AEREO,SEROPEDICA AEREO,1,0,673670001,
QMD002,STC0014,18520893,34192093,SETD QUEIMADOS,SETD SANTA CLARA,15043,15052,SEROPEDICA AEREO,SANTA CLARA AEREO,1,0,30307596,
QMD003,QMD004,18520893,18520893,SETD QUEIMADOS,SETD QUEIMADOS,15698,15698,QUEIMADOS AEREO,QUEIMADOS AEREO,1,0,20714686,
QMD003,QMD006,18520893,18520893,SETD QUEIMADOS,SETD QUEIMADOS,15698,,QUEIMADOS AEREO,,1,0,20232429,
QMD003,QMD008,18520893,18520893,SETD QUEIMADOS,SETD QUEIMADOS,15698,15043,QUEIMADOS AEREO,SEROPEDICA AEREO,1,0,20683109,
QMD004,STC00013,18520893,34192093,SETD QUEIMADOS,SETD SANTA CLARA,15698,15052,QUEIMADOS AEREO,SANTA CLARA AEREO,1,0,97886191,
QMD005,QMD010,18520893,18520893,SETD QUEIMADOS,SETD QUEIMADOS,15692,,NOVA IGUACU,,1,0,25721759,
QMD005,STC00009,18520893,34192093,SETD QUEIMADOS,SETD SANTA CLARA,15692,15052,NOVA IGUACU,SANTA CLARA AEREO,1,0,20682157,
QMD005,STC0014,18520893,34192093,SETD QUEIMADOS,SETD SANTA CLARA,15692,15052,NOVA IGUACU,SANTA CLARA AEREO,1,0,20682101,
QMD008,RFR006,18520893,18520767,SETD QUEIMADOS,SETD ROCHA FREIRE,15043,15693,SEROPEDICA AEREO,ROCHA FREIRE AEREO AT/MT,1,0,20660489,
QMD008,SRD003,18520893,18521154,SETD QUEIMADOS,SETD SEROPEDICA,15043,15043,SEROPEDICA AEREO,SEROPEDICA AEREO,1,0,673670001,
RAM0001,RAM33284,1132,1132,SETD RAMOS,SETD RAMOS,15056,15015,DEMOCRATICOS AEREO,RAMOS AEREO,1,0,1611595,
RAM33310,RAM33354,1132,1132,SETD RAMOS,SETD RAMOS,15015,15015,RAMOS AEREO,RAMOS AEREO,1,0,1599450,
RAM33310,RAM33377,1132,1132,SETD RAMOS,SETD RAMOS,15015,15015,RAMOS AEREO,RAMOS AEREO,1,0,1620779,
RAM33310,RAM33389,1132,1132,SETD RAMOS,SETD RAMOS,15015,15015,RAMOS AEREO,RAMOS AEREO,1,0,1620842,
RAM33315,RAM33377,1132,1132,SETD RAMOS,SETD RAMOS,15015,15015,RAMOS AEREO,RAMOS AEREO,1,0,528737804,
RAM33354,RAM33377,1132,1132,SETD RAMOS,SETD RAMOS,15015,15015,RAMOS AEREO,RAMOS AEREO,1,0,1620835,
RAM33354,RAM33732,1132,1132,SETD RAMOS,SETD RAMOS,15015,15015,RAMOS AEREO,RAMOS AEREO,1,0,1622361,
RAM33377,RAM33389,1132,1132,SETD RAMOS,SETD RAMOS,15015,15015,RAMOS AEREO,RAMOS AEREO,1,0,1620779,
RAM33389,RAM33732,1132,1132,SETD RAMOS,SETD RAMOS,15015,15015,RAMOS AEREO,RAMOS AEREO,1,0,1622270,
RCP0001,RCP1260,10386006,10386006,SETD RIO COMPRIDO,SETD RIO COMPRIDO,15058,15058,RIO COMPRIDO AEREO,RIO COMPRIDO AEREO,1,0,11081629,
RCP0001,RCP9882,10386006,10386006,SETD RIO COMPRIDO,SETD RIO COMPRIDO,15058,15058,RIO COMPRIDO AEREO,RIO COMPRIDO AEREO,1,0,611083437,
RCP1737,RCP9818,10386006,10386006,SETD RIO COMPRIDO,SETD RIO COMPRIDO,15058,15058,RIO COMPRIDO AEREO,RIO COMPRIDO AEREO,1,0,11023078,
RCP29399,RCP30123,10386006,10386006,SETD RIO COMPRIDO,SETD RIO COMPRIDO,15058,15058,RIO COMPRIDO AEREO,RIO COMPRIDO AEREO,1,0,11103614,
RCP29399,RCP3677,10386006,10386006,SETD RIO COMPRIDO,SETD RIO COMPRIDO,15058,15058,RIO COMPRIDO AEREO,RIO COMPRIDO AEREO,1,0,11056329,
RCP29399,RCP9821,10386006,10386006,SETD RIO COMPRIDO,SETD RIO COMPRIDO,15058,15058,RIO COMPRIDO AEREO,RIO COMPRIDO AEREO,1,0,11006451,
RCP33216,RCP9882,10386006,10386006,SETD RIO COMPRIDO,SETD RIO COMPRIDO,15058,15058,RIO COMPRIDO AEREO,RIO COMPRIDO AEREO,1,0,11100541,
RCP33308,RCP9882,10386006,10386006,SETD RIO COMPRIDO,SETD RIO COMPRIDO,15058,15058,RIO COMPRIDO AEREO,RIO COMPRIDO AEREO,1,0,757513244,
RCP9818,RCP9958,10386006,10386006,SETD RIO COMPRIDO,SETD RIO COMPRIDO,15058,15058,RIO COMPRIDO AEREO,RIO COMPRIDO AEREO,1,0,11022826,
RCP9821,RCP9882,10386006,10386006,SETD RIO COMPRIDO,SETD RIO COMPRIDO,15058,15058,RIO COMPRIDO AEREO,RIO COMPRIDO AEREO,1,0,11006416,
RCP9882,URG29983,10386006,10385979,SETD RIO COMPRIDO,SETD URUGUAI,15058,15025,RIO COMPRIDO AEREO,URUGUAI AEREO,1,0,11006682,
REC00001,REC0012,132097219,132097219,SETD RECREIO,SETD RECREIO,14999,14999,RECREIO,RECREIO,1,0,57947555,
REC00002,REC00008,132097219,132097219,SETD RECREIO,SETD RECREIO,14999,14999,RECREIO,RECREIO,1,0,161583329,
REC00003,REC0013,132097219,132097219,SETD RECREIO,SETD RECREIO,14999,14999,RECREIO,RECREIO,1,0,277105877,
REC00004,REC00008,132097219,132097219,SETD RECREIO,SETD RECREIO,14999,14999,RECREIO,RECREIO,1,0,11025192,
REC00008,REC0001,132097219,132097219,SETD RECREIO,SETD RECREIO,14999,14999,RECREIO,RECREIO,1,0,264378302,
REC00008,REC6,132097219,132097219,SETD RECREIO,SETD RECREIO,14999,14999,RECREIO,RECREIO,1,0,11025080,
REC00008,REC9,132097219,132097219,SETD RECREIO,SETD RECREIO,14999,14999,RECREIO,RECREIO,1,0,736623517,
REC0001,REC0012,132097219,132097219,SETD RECREIO,SETD RECREIO,14999,14999,RECREIO,RECREIO,1,0,264377922,
REC0001,REC37476,132097219,132097219,SETD RECREIO,SETD RECREIO,14999,15690,RECREIO,BARRA SUBTERRANEO,1,0,574279819,
REC37476,REC9,132097219,132097219,SETD RECREIO,SETD RECREIO,15690,14999,BARRA SUBTERRANEO,RECREIO,1,0,264378562,
RFR002,RFR005,18520767,18520767,SETD ROCHA FREIRE,SETD ROCHA FREIRE,15693,15693,ROCHA FREIRE AEREO AT/MT,ROCHA FREIRE AEREO AT/MT,1,0,20767660,
RFR002,STC00005,18520767,34192093,SETD ROCHA FREIRE,SETD SANTA CLARA,15693,15052,ROCHA FREIRE AEREO AT/MT,SANTA CLARA AEREO,1,0,20817690,
RFR002,STC00010,18520767,34192093,SETD ROCHA FREIRE,SETD SANTA CLARA,15693,15052,ROCHA FREIRE AEREO AT/MT,SANTA CLARA AEREO,1,0,20685832,
RFR005,STC00006,18520767,34192093,SETD ROCHA FREIRE,SETD SANTA CLARA,15693,15052,ROCHA FREIRE AEREO AT/MT,SANTA CLARA AEREO,1,0,20679343,
RFR006,STC00007,18520767,34192093,SETD ROCHA FREIRE,SETD SANTA CLARA,15693,15052,ROCHA FREIRE AEREO AT/MT,SANTA CLARA AEREO,1,0,215601756,
ROS00019,ROS002,18519985,18519985,SETD ROSALI,SETD ROSALI,14996,14996,ROSALI,ROSALI,1,0,20734020,
ROS00019,ROS008,18519985,18519985,SETD ROSALI,SETD ROSALI,14996,14996,ROSALI,ROSALI,1,0,401884065,
ROS00019,ROS011,18519985,18519985,SETD ROSALI,SETD ROSALI,14996,14996,ROSALI,ROSALI,1,0,124865437,
ROS00022,ROS001,18519985,18519985,SETD ROSALI,SETD ROSALI,14996,14996,ROSALI,ROSALI,1,0,20768829,
ROS00022,ROS008,18519985,18519985,SETD ROSALI,SETD ROSALI,14996,14996,ROSALI,ROSALI,1,0,398410464,
ROS001,ROS017,18519985,18519985,SETD ROSALI,SETD ROSALI,14996,14996,ROSALI,ROSALI,1,0,20768759,
ROS002,SJO0013,18519985,310718139,SETD ROSALI,SETD SAO JOAO,14996,15699,ROSALI,SAO JOAO,1,0,20733978,
ROS003,ROS006,18519985,18519985,SETD ROSALI,SETD ROSALI,14996,14996,ROSALI,ROSALI,1,0,32145132,
ROS003,ROS016,18519985,18519985,SETD ROSALI,SETD ROSALI,14996,14996,ROSALI,ROSALI,1,0,1615550,
ROS005,ROS011,18519985,18519985,SETD ROSALI,SETD ROSALI,14996,14996,ROSALI,ROSALI,1,0,20700868,
ROS006,ROS009,18519985,18519985,SETD ROSALI,SETD ROSALI,14996,14996,ROSALI,ROSALI,1,0,20801972,
ROS006,ROS010,18519985,18519985,SETD ROSALI,SETD ROSALI,14996,14996,ROSALI,ROSALI,1,0,20801993,
ROS007,ROS017,18519985,18519985,SETD ROSALI,SETD ROSALI,14996,14996,ROSALI,ROSALI,1,0,20804688,
ROS007,SJO0010,18519985,310718139,SETD ROSALI,SETD SAO JOAO,14996,15699,ROSALI,SAO JOAO,1,0,20680309,
ROS008,ROS012,18519985,18519985,SETD ROSALI,SETD ROSALI,14996,14996,ROSALI,ROSALI,1,0,20660216,
ROS009,ROS015,18519985,18519985,SETD ROSALI,SETD ROSALI,14996,14996,ROSALI,ROSALI,1,0,20801741,
ROS009,ROS018,18519985,18519985,SETD ROSALI,SETD ROSALI,14996,14996,ROSALI,ROSALI,1,0,56702693,
ROS010,ROS013,18519985,18519985,SETD ROSALI,SETD ROSALI,14996,14996,ROSALI,ROSALI,1,0,20731115,
ROS010,ROS014,18519985,18519985,SETD ROSALI,SETD ROSALI,14996,14996,ROSALI,ROSALI,1,0,20705264,
ROS010,ROS015,18519985,18519985,SETD ROSALI,SETD ROSALI,14996,14996,ROSALI,ROSALI,1,0,20807796,
ROS011,ROS017,18519985,18519985,SETD ROSALI,SETD ROSALI,14996,14996,ROSALI,ROSALI,1,0,20700882,
ROS011,SJO0007,18519985,310718139,SETD ROSALI,SETD SAO JOAO,14996,15699,ROSALI,SAO JOAO,1,0,37525578,
ROS011,SJO0010,18519985,310718139,SETD ROSALI,SETD SAO JOAO,14996,15699,ROSALI,SAO JOAO,1,0,20682381,
ROS013,ROS018,18519985,18519985,SETD ROSALI,SETD ROSALI,14996,14996,ROSALI,ROSALI,1,0,20731108,
ROS016,VGE00002,18519985,1267,SETD ROSALI,SETD VIGARIO GERAL,14996,14996,ROSALI,ROSALI,1,0,25360772,
RTO00014,RTO008,18520875,18520875,SETD RETIRO,SETD RETIRO,14995,14995,RETIRO,RETIRO,1,0,20678251,
RTO00014,RTO010,18520875,18520875,SETD RETIRO,SETD RETIRO,14995,14995,RETIRO,RETIRO,1,0,20719628,
RTO00014,VRD007,18520875,18520470,SETD RETIRO,SETD VOLTA REDONDA,14995,14995,RETIRO,RETIRO,1,0,277886251,
RTO001,RTO002,18520875,18520875,SETD RETIRO,SETD RETIRO,14995,14995,RETIRO,RETIRO,1,0,20710185,
RTO001,RTO007,18520875,18520875,SETD RETIRO,SETD RETIRO,14995,14995,RETIRO,RETIRO,1,0,20672966,
RTO001,RTO011,18520875,18520875,SETD RETIRO,SETD RETIRO,14995,14995,RETIRO,RETIRO,1,0,20701659,
RTO002,VRD001,18520875,18520470,SETD RETIRO,SETD VOLTA REDONDA,14995,15084,RETIRO,VOLTA REDONDA AEREO AT/MT,1,0,20739109,
RTO003,RTO006,18520875,18520875,SETD RETIRO,SETD RETIRO,14995,14995,RETIRO,RETIRO,1,0,20695009,
RTO003,VRD009,18520875,18520470,SETD RETIRO,SETD VOLTA REDONDA,14995,15084,RETIRO,VOLTA REDONDA AEREO AT/MT,1,0,20695002,
RTO003,VRD011,18520875,18520470,SETD RETIRO,SETD VOLTA REDONDA,14995,15084,RETIRO,VOLTA REDONDA AEREO AT/MT,1,0,119085911,
RTO003,VRD015,18520875,18520470,SETD RETIRO,SETD VOLTA REDONDA,14995,15086,RETIRO,VOLTA REDONDA AEREO MT/MT,1,0,20695086,
RTO006,RTO008,18520875,18520875,SETD RETIRO,SETD RETIRO,14995,14995,RETIRO,RETIRO,1,0,530669874,
RTO006,RTO013,18520875,18520875,SETD RETIRO,SETD RETIRO,14995,14995,RETIRO,RETIRO,1,0,20802119,
RTO007,RTO011,18520875,18520875,SETD RETIRO,SETD RETIRO,14995,14995,RETIRO,RETIRO,1,0,247059649,
RTO007,VRD005,18520875,18520470,SETD RETIRO,SETD VOLTA REDONDA,14995,15084,RETIRO,VOLTA REDONDA AEREO AT/MT,1,0,20700252,
RTO007,VRD006,18520875,18520470,SETD RETIRO,SETD VOLTA REDONDA,14995,15084,RETIRO,VOLTA REDONDA AEREO AT/MT,1,0,20232982,
RTO007,VRD015,18520875,18520470,SETD RETIRO,SETD VOLTA REDONDA,14995,15086,RETIRO,VOLTA REDONDA AEREO MT/MT,1,0,474203762,
RTO011,RTO013,18520875,18520875,SETD RETIRO,SETD RETIRO,14995,14995,RETIRO,RETIRO,1,0,20701652,
SCI001,SCI004,18520299,18520299,SETD SANTA CECILIA,SETD SANTA CECILIA,15090,15082,SANTA CECILIA AEREO MT/MT,SANTA CECILIA AEREO AT/MT,1,0,134432275,
SCI001,VRD015,18520299,18520470,SETD SANTA CECILIA,SETD VOLTA REDONDA,15090,15086,SANTA CECILIA AEREO MT/MT,VOLTA REDONDA AEREO MT/MT,1,0,20698299,
SCI001,VRD019,18520299,18520470,SETD SANTA CECILIA,SETD VOLTA REDONDA,15090,15086,SANTA CECILIA AEREO MT/MT,VOLTA REDONDA AEREO MT/MT,1,0,20698243,
SCI002,SCI004,18520299,18520299,SETD SANTA CECILIA,SETD SANTA CECILIA,15090,15082,SANTA CECILIA AEREO MT/MT,SANTA CECILIA AEREO AT/MT,1,0,20701337,
SCI002,SCI005,18520299,18520299,SETD SANTA CECILIA,SETD SANTA CECILIA,15090,15090,SANTA CECILIA AEREO MT/MT,SANTA CECILIA AEREO MT/MT,1,0,472769486,
SCI002,SCI007,18520299,18520299,SETD SANTA CECILIA,SETD SANTA CECILIA,15090,15090,SANTA CECILIA AEREO MT/MT,SANTA CECILIA AEREO MT/MT,1,0,377893861,
SCI003,SCI006,18520299,18520299,SETD SANTA CECILIA,SETD SANTA CECILIA,15082,15090,SANTA CECILIA AEREO AT/MT,SANTA CECILIA AEREO MT/MT,1,0,20842168,
SCI005,SCI007,18520299,18520299,SETD SANTA CECILIA,SETD SANTA CECILIA,15090,15090,SANTA CECILIA AEREO MT/MT,SANTA CECILIA AEREO MT/MT,1,0,20842287,
SCI006,SCI007,18520299,18520299,SETD SANTA CECILIA,SETD SANTA CECILIA,15090,15090,SANTA CECILIA AEREO MT/MT,SANTA CECILIA AEREO MT/MT,1,0,20842238,
SCI006,VRD015,18520299,18520470,SETD SANTA CECILIA,SETD VOLTA REDONDA,15090,15086,SANTA CECILIA AEREO MT/MT,VOLTA REDONDA AEREO MT/MT,1,0,20738955,
SCI007,VIG001,18520299,18520371,SETD SANTA CECILIA,SETD VIGARIO,15090,15003,SANTA CECILIA AEREO MT/MT,VIGARIO,1,0,490753018,
SCO0001,SCO24296,10386060,10386060,SETD SAO CONRADO,SETD SAO CONRADO,15053,15079,SAO CONRADO AEREO,SAO CONRADO SUBTERRANEO,1,0,673488321,
SCO24005,SCO29909,10386060,10386060,SETD SAO CONRADO,SETD SAO CONRADO,15053,15053,SAO CONRADO AEREO,SAO CONRADO AEREO,1,0,11036769,
SCO24365,SCO29085,10386060,10386060,SETD SAO CONRADO,SETD SAO CONRADO,15053,15053,SAO CONRADO AEREO,SAO CONRADO AEREO,1,0,754236876,
SCO24365,SCO33618,10386060,10386060,SETD SAO CONRADO,SETD SAO CONRADO,15053,15053,SAO CONRADO AEREO,SAO CONRADO AEREO,1,0,604548004,
SDD001,VRD016,18520398,18520470,SETD SAUDADE,SETD VOLTA REDONDA,15001,,SAUDADE,,1,0,20820084,
SJO0004,SJO0012,310718139,310718139,SETD SAO JOAO,SETD SAO JOAO,15699,15699,SAO JOAO,SAO JOAO,1,0,270019681,
SJO0004,SJO0013,310718139,310718139,SETD SAO JOAO,SETD SAO JOAO,15699,15699,SAO JOAO,SAO JOAO,1,0,20677264,
SJO0005,SJO0013,310718139,310718139,SETD SAO JOAO,SETD SAO JOAO,15699,15699,SAO JOAO,SAO JOAO,1,0,109398679,
SJO0006,SJO0011,310718139,310718139,SETD SAO JOAO,SETD SAO JOAO,15699,15699,SAO JOAO,SAO JOAO,1,0,20730996,
SJO0006,SRP007,310718139,18520803,SETD SAO JOAO,SETD SARAPUI,15699,15000,SAO JOAO,SARAPUI,1,0,20702730,
SJO0006,SRP009,310718139,18520803,SETD SAO JOAO,SETD SARAPUI,15699,15000,SAO JOAO,SARAPUI,1,0,282364888,
SJO0006,VTL013,310718139,18520794,SETD SAO JOAO,SETD VILAR DOS TELES,15699,15072,SAO JOAO,VILAR DOS TELES AEREO,1,0,20801510,
SJO0008,SJO0011,310718139,310718139,SETD SAO JOAO,SETD SAO JOAO,15699,15699,SAO JOAO,SAO JOAO,1,0,285692722,
SJO0010,VTL002,310718139,18520794,SETD SAO JOAO,SETD VILAR DOS TELES,15699,15072,SAO JOAO,VILAR DOS TELES AEREO,1,0,20680344,
SJO0011,SRP002,310718139,18520803,SETD SAO JOAO,SETD SARAPUI,15699,15000,SAO JOAO,SARAPUI,1,0,20729218,
SJO0012,VTL002,310718139,18520794,SETD SAO JOAO,SETD VILAR DOS TELES,15699,15072,SAO JOAO,VILAR DOS TELES AEREO,1,0,20682339,
SLZ2550,SLZ4500,10386069,10386069,SETD SANTA LUZIA,SETD SANTA LUZIA,15016,15016,SANTA LUZIA,SANTA LUZIA,1,0,534989703,
SLZ4500,SLZ4680,10386069,10386069,SETD SANTA LUZIA,SETD SANTA LUZIA,15016,15016,SANTA LUZIA,SANTA LUZIA,1,0,534989703,
SMT24276,SMT33668,10385997,10385997,SETD SAMARITANO,SETD SAMARITANO,15076,15078,SAMARITANO SUBTERRANEO,SAMARITANO AEREO URBANO,1,0,11180322,
SMT30371,SMT33668,10385997,10385997,SETD SAMARITANO,SETD SAMARITANO,15076,15078,SAMARITANO SUBTERRANEO,SAMARITANO AEREO URBANO,1,0,11180322,
SPC002,TRS009,18520614,18520326,SETD SAPUCAIA,SETD TRES RIOS,15091,15088,SAPUCAIA,TRES RIOS AEREO MT/MT,1,0,20801398,
SRD0005,SRD003,18521154,18521154,SETD SEROPEDICA,SETD SEROPEDICA,15043,15043,SEROPEDICA AEREO,SEROPEDICA AEREO,1,0,20782790,
SRD001,SRD003,18521154,18521154,SETD SEROPEDICA,SETD SEROPEDICA,15043,15043,SEROPEDICA AEREO,SEROPEDICA AEREO,1,0,632750963,
SRD002,SRD003,18521154,18521154,SETD SEROPEDICA,SETD SEROPEDICA,15043,15043,SEROPEDICA AEREO,SEROPEDICA AEREO,1,0,20729022,
SRP00012,SRP001,18520803,18520803,SETD SARAPUI,SETD SARAPUI,15000,15000,SARAPUI,SARAPUI,1,0,20671202,
SRP00016,SRP002,18520803,18520803,SETD SARAPUI,SETD SARAPUI,15000,15000,SARAPUI,SARAPUI,1,0,31144505,
SRP001,SRP014,18520803,18520803,SETD SARAPUI,SETD SARAPUI,15000,15000,SARAPUI,SARAPUI,1,0,134376527,
SRP005,SRP007,18520803,18520803,SETD SARAPUI,SETD SARAPUI,15000,15000,SARAPUI,SARAPUI,1,0,139477775,
SRP005,SRP009,18520803,18520803,SETD SARAPUI,SETD SARAPUI,15000,15000,SARAPUI,SARAPUI,1,0,20713930,
SRP005,SRP014,18520803,18520803,SETD SARAPUI,SETD SARAPUI,15000,15000,SARAPUI,SARAPUI,1,0,20790017,
SRP007,SRP010,18520803,18520803,SETD SARAPUI,SETD SARAPUI,15000,15000,SARAPUI,SARAPUI,1,0,20713972,
SRP011,SRP014,18520803,18520803,SETD SARAPUI,SETD SARAPUI,15000,15000,SARAPUI,SARAPUI,1,0,20696066,
SRP011,VTL010,18520803,18520794,SETD SARAPUI,SETD VILAR DOS TELES,15000,15072,SARAPUI,VILAR DOS TELES AEREO,1,0,621917212,
STC00002,STC00004,34192093,34192093,SETD SANTA CLARA,SETD SANTA CLARA,15052,15052,SANTA CLARA AEREO,SANTA CLARA AEREO,1,0,39449676,
STC00003,STC00011,34192093,34192093,SETD SANTA CLARA,SETD SANTA CLARA,15052,15052,SANTA CLARA AEREO,SANTA CLARA AEREO,1,0,30131196,
STC00009,STC00011,34192093,34192093,SETD SANTA CLARA,SETD SANTA CLARA,15052,15052,SANTA CLARA AEREO,SANTA CLARA AEREO,1,0,132101008,
STC00009,STC00013,34192093,34192093,SETD SANTA CLARA,SETD SANTA CLARA,15052,15052,SANTA CLARA AEREO,SANTA CLARA AEREO,1,0,219715408,
STC00011,STC00012,34192093,34192093,SETD SANTA CLARA,SETD SANTA CLARA,15052,15052,SANTA CLARA AEREO,SANTA CLARA AEREO,1,0,145072908,
STC00011,STC0014,34192093,34192093,SETD SANTA CLARA,SETD SANTA CLARA,15052,15052,SANTA CLARA AEREO,SANTA CLARA AEREO,1,0,105061337,
STC00012,STC00013,34192093,34192093,SETD SANTA CLARA,SETD SANTA CLARA,15052,15052,SANTA CLARA AEREO,SANTA CLARA AEREO,1,0,533164684,
STC00012,STC0014,34192093,34192093,SETD SANTA CLARA,SETD SANTA CLARA,15052,15052,SANTA CLARA AEREO,SANTA CLARA AEREO,1,0,20735553,
STS001,STS002,18521136,18521136,SETD SANTISSIMO,SETD SANTISSIMO,15042,15042,SANTISSIMO AEREO,SANTISSIMO AEREO,1,0,20688114,
STS001,STS003,18521136,18521136,SETD SANTISSIMO,SETD SANTISSIMO,15042,15042,SANTISSIMO AEREO,SANTISSIMO AEREO,1,0,20733439,
STS001,STS006,18521136,18521136,SETD SANTISSIMO,SETD SANTISSIMO,15042,15042,SANTISSIMO AEREO,SANTISSIMO AEREO,1,0,20734272,
STS002,STS004,18521136,18521136,SETD SANTISSIMO,SETD SANTISSIMO,15042,15042,SANTISSIMO AEREO,SANTISSIMO AEREO,1,0,20727160,
STS003,STS005,18521136,18521136,SETD SANTISSIMO,SETD SANTISSIMO,15042,15042,SANTISSIMO AEREO,SANTISSIMO AEREO,1,0,20711949,
TER12912,TER29152,1123,1123,SETD TERRA NOVA,SETD TERRA NOVA,15044,15044,TERRA NOVA AEREO,TERRA NOVA AEREO,1,0,1609054,
TER12912,TER850,1123,1123,SETD TERRA NOVA,SETD TERRA NOVA,15044,15044,TERRA NOVA AEREO,TERRA NOVA AEREO,1,0,1615921,
TER12912,TER913,1123,1123,SETD TERRA NOVA,SETD TERRA NOVA,15044,15044,TERRA NOVA AEREO,TERRA NOVA AEREO,1,0,697358498,
TER12912,TER928,1123,1123,SETD TERRA NOVA,SETD TERRA NOVA,15044,15044,TERRA NOVA AEREO,TERRA NOVA AEREO,1,0,1615998,
TER29079,TER846,1123,1123,SETD TERRA NOVA,SETD TERRA NOVA,15044,15044,TERRA NOVA AEREO,TERRA NOVA AEREO,1,0,1553465,
TER29134,TER822,1123,1123,SETD TERRA NOVA,SETD TERRA NOVA,15044,15044,TERRA NOVA AEREO,TERRA NOVA AEREO,1,0,1617230,
TER29134,TER895,1123,1123,SETD TERRA NOVA,SETD TERRA NOVA,15044,15044,TERRA NOVA AEREO,TERRA NOVA AEREO,1,0,1616376,
TER29134,TER913,1123,1123,SETD TERRA NOVA,SETD TERRA NOVA,15044,15044,TERRA NOVA AEREO,TERRA NOVA AEREO,1,0,1616362,
TER29223,TER846,1123,1123,SETD TERRA NOVA,SETD TERRA NOVA,15044,15044,TERRA NOVA AEREO,TERRA NOVA AEREO,1,0,1621213,
TER846,TER928,1123,1123,SETD TERRA NOVA,SETD TERRA NOVA,15044,15044,TERRA NOVA AEREO,TERRA NOVA AEREO,1,0,1621101,
TER850,TER913,1123,1123,SETD TERRA NOVA,SETD TERRA NOVA,15044,15044,TERRA NOVA AEREO,TERRA NOVA AEREO,1,0,1588880,
TER870,TER913,1123,1123,SETD TERRA NOVA,SETD TERRA NOVA,15044,15044,TERRA NOVA AEREO,TERRA NOVA AEREO,1,0,1623124,
TER870,TER928,1123,1123,SETD TERRA NOVA,SETD TERRA NOVA,15044,15044,TERRA NOVA AEREO,TERRA NOVA AEREO,1,0,1622935,
TER913,TER928,1123,1123,SETD TERRA NOVA,SETD TERRA NOVA,15044,15044,TERRA NOVA AEREO,TERRA NOVA AEREO,1,0,1600486,
TER936,TER950,1123,1123,SETD TERRA NOVA,SETD TERRA NOVA,15044,15044,TERRA NOVA AEREO,TERRA NOVA AEREO,1,0,727566782,
TQR00001,TQR00003,10385871,10385871,SETD TAQUARA,SETD TAQUARA,15023,15023,TAQUARA AEREO,TAQUARA AEREO,1,0,127446108,
TQR00001,TQR33826,10385871,10385871,SETD TAQUARA,SETD TAQUARA,15023,15023,TAQUARA AEREO,TAQUARA AEREO,1,0,131940431,
TQR00001,TQR60096,10385871,10385871,SETD TAQUARA,SETD TAQUARA,15023,15023,TAQUARA AEREO,TAQUARA AEREO,1,0,11007865,
TQR00001,TQR60111,10385871,10385871,SETD TAQUARA,SETD TAQUARA,15023,15023,TAQUARA AEREO,TAQUARA AEREO,1,0,11155259,
TQR00002,TQR0006,10385871,10385871,SETD TAQUARA,SETD TAQUARA,15023,15023,TAQUARA AEREO,TAQUARA AEREO,1,0,163854849,
TQR00002,TQR60088,10385871,10385871,SETD TAQUARA,SETD TAQUARA,15023,15023,TAQUARA AEREO,TAQUARA AEREO,1,0,270363159,
TQR00003,TQR00007,10385871,10385871,SETD TAQUARA,SETD TAQUARA,15023,15023,TAQUARA AEREO,TAQUARA AEREO,1,0,11075126,
TQR00003,TQR33862,10385871,10385871,SETD TAQUARA,SETD TAQUARA,15023,15023,TAQUARA AEREO,TAQUARA AEREO,1,0,11026389,
TQR00003,TQR60111,10385871,10385871,SETD TAQUARA,SETD TAQUARA,15023,15023,TAQUARA AEREO,TAQUARA AEREO,1,0,11155259,
TQR00004,TQR0006,10385871,10385871,SETD TAQUARA,SETD TAQUARA,15023,15023,TAQUARA AEREO,TAQUARA AEREO,1,0,11155133,
TQR00004,TQR33835,10385871,10385871,SETD TAQUARA,SETD TAQUARA,15023,15023,TAQUARA AEREO,TAQUARA AEREO,1,0,11052815,
TQR00004,TQR60096,10385871,10385871,SETD TAQUARA,SETD TAQUARA,15023,15023,TAQUARA AEREO,TAQUARA AEREO,1,0,132015319,
TQR00005,TQR00007,10385871,10385871,SETD TAQUARA,SETD TAQUARA,15023,15023,TAQUARA AEREO,TAQUARA AEREO,1,0,647311978,
TQR00005,TQR0006,10385871,10385871,SETD TAQUARA,SETD TAQUARA,15023,15023,TAQUARA AEREO,TAQUARA AEREO,1,0,11134579,
TQR00007,TQR60096,10385871,10385871,SETD TAQUARA,SETD TAQUARA,15023,15023,TAQUARA AEREO,TAQUARA AEREO,1,0,359429286,
TQR00007,TQR60111,10385871,10385871,SETD TAQUARA,SETD TAQUARA,15023,15023,TAQUARA AEREO,TAQUARA AEREO,1,0,647311978,
TQR00008,VVQ9884,10385871,1177,SETD TAQUARA,SETD VILA VALQUEIRE,15023,15032,TAQUARA AEREO,VILA VALQUEIRE,1,0,29328908,
TQR0006,TQR0009,10385871,10385871,SETD TAQUARA,SETD TAQUARA,15023,15023,TAQUARA AEREO,TAQUARA AEREO,1,0,172704909,
TQR33826,TQR33839,10385871,10385871,SETD TAQUARA,SETD TAQUARA,15023,15023,TAQUARA AEREO,TAQUARA AEREO,1,0,11093755,
TQR33826,TQR60111,10385871,10385871,SETD TAQUARA,SETD TAQUARA,15023,15023,TAQUARA AEREO,TAQUARA AEREO,1,0,11093762,
TQR33835,TQR33862,10385871,10385871,SETD TAQUARA,SETD TAQUARA,15023,15023,TAQUARA AEREO,TAQUARA AEREO,1,0,11022798,
TQR33835,TQR60096,10385871,10385871,SETD TAQUARA,SETD TAQUARA,15023,15023,TAQUARA AEREO,TAQUARA AEREO,1,0,11007788,
TQR33839,TQR33842,10385871,10385871,SETD TAQUARA,SETD TAQUARA,15023,15023,TAQUARA AEREO,TAQUARA AEREO,1,0,11056434,
TQR33839,TQR60111,10385871,10385871,SETD TAQUARA,SETD TAQUARA,15023,15023,TAQUARA AEREO,TAQUARA AEREO,1,0,11155259,
TQR33859,TQR60088,10385871,10385871,SETD TAQUARA,SETD TAQUARA,15023,15023,TAQUARA AEREO,TAQUARA AEREO,1,0,11052857,
TQR60096,TQR60111,10385871,10385871,SETD TAQUARA,SETD TAQUARA,15023,15023,TAQUARA AEREO,TAQUARA AEREO,1,0,11007802,
TRG223,TRG347,1204,1204,SETD TRIAGEM,SETD TRIAGEM,,,,,1,0,1612064,
TRG282,TRG347,1204,1204,SETD TRIAGEM,SETD TRIAGEM,,,,,1,0,1623278,
TRG282,TRG729,1204,1204,SETD TRIAGEM,SETD TRIAGEM,,15024,,TRIAGEM AEREO,1,0,1623278,
TRG282,TRG959,1204,1204,SETD TRIAGEM,SETD TRIAGEM,,15024,,TRIAGEM AEREO,1,0,1595537,
TRG2H035,TRG398,1204,1204,SETD TRIAGEM,SETD TRIAGEM,15024,15047,TRIAGEM AEREO,CAMPO MARTE AEREO,1,0,262788556,
TRG398,TRG848,1204,1204,SETD TRIAGEM,SETD TRIAGEM,15047,15024,CAMPO MARTE AEREO,TRIAGEM AEREO,1,0,1611266,
TRG636,TRG783,1204,1204,SETD TRIAGEM,SETD TRIAGEM,15024,15024,TRIAGEM AEREO,TRIAGEM AEREO,1,0,1600829,
TRG636,TRG904,1204,1204,SETD TRIAGEM,SETD TRIAGEM,15024,15024,TRIAGEM AEREO,TRIAGEM AEREO,1,0,1595698,
TRG665,TRG742,1204,1204,SETD TRIAGEM,SETD TRIAGEM,15024,15024,TRIAGEM AEREO,TRIAGEM AEREO,1,0,1616887,
TRG665,TRG872,1204,1204,SETD TRIAGEM,SETD TRIAGEM,15024,15024,TRIAGEM AEREO,TRIAGEM AEREO,1,0,535865789,
TRG665,TRG915,1204,1204,SETD TRIAGEM,SETD TRIAGEM,15024,15024,TRIAGEM AEREO,TRIAGEM AEREO,1,0,1611056,
TRG678,TRV607,1204,10385898,SETD TRIAGEM,SETD TROVAO,15024,15020,TRIAGEM AEREO,TROVAO AEREO,1,0,1586479,
TRG708,TRG848,1204,1204,SETD TRIAGEM,SETD TRIAGEM,15024,15024,TRIAGEM AEREO,TRIAGEM AEREO,1,0,1611273,
TRG848,TRG966,1204,1204,SETD TRIAGEM,SETD TRIAGEM,15024,15024,TRIAGEM AEREO,TRIAGEM AEREO,1,0,1627597,
TRG904,TRG915,1204,1204,SETD TRIAGEM,SETD TRIAGEM,15024,15024,TRIAGEM AEREO,TRIAGEM AEREO,1,0,1581775,
TRG915,TRG959,1204,1204,SETD TRIAGEM,SETD TRIAGEM,15024,15024,TRIAGEM AEREO,TRIAGEM AEREO,1,0,31840286,
TRG966,TRV607,1204,10385898,SETD TRIAGEM,SETD TROVAO,15024,15020,TRIAGEM AEREO,TROVAO AEREO,1,0,1627499,
TRS001,TRS010,18520326,18520326,SETD TRES RIOS,SETD TRES RIOS,15087,15088,TRES RIOS AEREO AT/MT,TRES RIOS AEREO MT/MT,1,0,313620894,
TRS002,TRS007,18520326,18520326,SETD TRES RIOS,SETD TRES RIOS,15087,15087,TRES RIOS AEREO AT/MT,TRES RIOS AEREO AT/MT,1,0,30467243,
TRS002,TRS010,18520326,18520326,SETD TRES RIOS,SETD TRES RIOS,15087,15088,TRES RIOS AEREO AT/MT,TRES RIOS AEREO MT/MT,1,0,185024182,
TRS003,TRS004,18520326,18520326,SETD TRES RIOS,SETD TRES RIOS,15087,15087,TRES RIOS AEREO AT/MT,TRES RIOS AEREO AT/MT,1,0,487785733,
TRS003,TRS005,18520326,18520326,SETD TRES RIOS,SETD TRES RIOS,15087,15087,TRES RIOS AEREO AT/MT,TRES RIOS AEREO AT/MT,1,0,20712649,
TRS005,TRS014,18520326,18520326,SETD TRES RIOS,SETD TRES RIOS,15087,15087,TRES RIOS AEREO AT/MT,TRES RIOS AEREO AT/MT,1,0,143174891,
TRS006,TRS008,18520326,18520326,SETD TRES RIOS,SETD TRES RIOS,15087,15087,TRES RIOS AEREO AT/MT,TRES RIOS AEREO AT/MT,1,0,20804079,
TRS006,TRS010,18520326,18520326,SETD TRES RIOS,SETD TRES RIOS,15087,15088,TRES RIOS AEREO AT/MT,TRES RIOS AEREO MT/MT,1,0,324574915,
TRS006,TRS011,18520326,18520326,SETD TRES RIOS,SETD TRES RIOS,15087,15088,TRES RIOS AEREO AT/MT,TRES RIOS AEREO MT/MT,1,0,116444852,
TRS008,TRS009,18520326,18520326,SETD TRES RIOS,SETD TRES RIOS,15087,15088,TRES RIOS AEREO AT/MT,TRES RIOS AEREO MT/MT,1,0,20804100,
TRS010,TRS011,18520326,18520326,SETD TRES RIOS,SETD TRES RIOS,15088,15088,TRES RIOS AEREO MT/MT,TRES RIOS AEREO MT/MT,1,0,20813840,
TRV705,TRV875,10385898,10385898,SETD TROVAO,SETD TROVAO,15020,15020,TROVAO AEREO,TROVAO AEREO,1,0,11077240,
TRV845,TRV964,10385898,10385898,SETD TROVAO,SETD TROVAO,15020,15020,TROVAO AEREO,TROVAO AEREO,1,0,11025255,
TRV907,TRV964,10385898,10385898,SETD TROVAO,SETD TROVAO,15020,15020,TROVAO AEREO,TROVAO AEREO,1,0,11092026,
TUR001,TUR010,1294,1294,SETD TURIACU,SETD TURIACU,15002,15002,TURIACU,TURIACU,1,0,1622802,
TUR001,TUR012,1294,1294,SETD TURIACU,SETD TURIACU,15002,15002,TURIACU,TURIACU,1,0,1624335,
TUR007,TUR010,1294,1294,SETD TURIACU,SETD TURIACU,15002,15002,TURIACU,TURIACU,1,0,1581670,
TUR012,VVQ9898,1294,1177,SETD TURIACU,SETD VILA VALQUEIRE,15002,15032,TURIACU,VILA VALQUEIRE,1,0,1592366,
URG29706,URG29970,10385979,10385979,SETD URUGUAI,SETD URUGUAI,15025,15025,URUGUAI AEREO,URUGUAI AEREO,1,0,11024191,
URG29706,URG29983,10385979,10385979,SETD URUGUAI,SETD URUGUAI,15025,15025,URUGUAI AEREO,URUGUAI AEREO,1,0,690505338,
URG29718,URG29952,10385979,10385979,SETD URUGUAI,SETD URUGUAI,15025,15025,URUGUAI AEREO,URUGUAI AEREO,1,0,459037252,
URG29931,URG29952,10385979,10385979,SETD URUGUAI,SETD URUGUAI,15025,15025,URUGUAI AEREO,URUGUAI AEREO,1,0,11061918,
URG29944,URG29975,10385979,10385979,SETD URUGUAI,SETD URUGUAI,15025,15025,URUGUAI AEREO,URUGUAI AEREO,1,0,11137995,
URG29983,URG30000,10385979,10385979,SETD URUGUAI,SETD URUGUAI,15025,15025,URUGUAI AEREO,URUGUAI AEREO,1,0,977464757,
VGE00001,VGE3237,1267,1267,SETD VIGARIO GERAL,SETD VIGARIO GERAL,15062,15062,VIGARIO GERAL AEREO,VIGARIO GERAL AEREO,1,0,99371901,
VGE00001,VGE33444,1267,1267,SETD VIGARIO GERAL,SETD VIGARIO GERAL,15062,15062,VIGARIO GERAL AEREO,VIGARIO GERAL AEREO,1,0,1590210,
VGE00001,VGE3947,1267,1267,SETD VIGARIO GERAL,SETD VIGARIO GERAL,15062,15062,VIGARIO GERAL AEREO,VIGARIO GERAL AEREO,1,0,99371875,
VGE00002,VGE3237,1267,1267,SETD VIGARIO GERAL,SETD VIGARIO GERAL,14996,15062,ROSALI,VIGARIO GERAL AEREO,1,0,1595075,
VGE00002,VGE35061,1267,1267,SETD VIGARIO GERAL,SETD VIGARIO GERAL,14996,15062,ROSALI,VIGARIO GERAL AEREO,1,0,267547345,
VGE3237,VGE3919,1267,1267,SETD VIGARIO GERAL,SETD VIGARIO GERAL,15062,15062,VIGARIO GERAL AEREO,VIGARIO GERAL AEREO,1,0,1590140,
VGE3237,VGE3947,1267,1267,SETD VIGARIO GERAL,SETD VIGARIO GERAL,15062,15062,VIGARIO GERAL AEREO,VIGARIO GERAL AEREO,1,0,1629480,
VGE33444,VGE3529,1267,1267,SETD VIGARIO GERAL,SETD VIGARIO GERAL,15062,15062,VIGARIO GERAL AEREO,VIGARIO GERAL AEREO,1,0,1590287,
VGE33444,VGE3947,1267,1267,SETD VIGARIO GERAL,SETD VIGARIO GERAL,15062,15062,VIGARIO GERAL AEREO,VIGARIO GERAL AEREO,1,0,772436425,
VGE3665,WLS010,1267,18519994,SETD VIGARIO GERAL,SETD WASHINGTON LUIS,15062,15073,VIGARIO GERAL AEREO,WASHINGTON LUIS AEREO,1,0,1599324,
VGE3703,VGE3947,1267,1267,SETD VIGARIO GERAL,SETD VIGARIO GERAL,15062,15062,VIGARIO GERAL AEREO,VIGARIO GERAL AEREO,1,0,158646157,
VGE3890,VGE3947,1267,1267,SETD VIGARIO GERAL,SETD VIGARIO GERAL,15062,15062,VIGARIO GERAL AEREO,VIGARIO GERAL AEREO,1,0,157122350,
VRD001,VRD006,18520470,18520470,SETD VOLTA REDONDA,SETD VOLTA REDONDA,15084,15084,VOLTA REDONDA AEREO AT/MT,VOLTA REDONDA AEREO AT/MT,1,0,20760433,
VRD001,VRD010,18520470,18520470,SETD VOLTA REDONDA,SETD VOLTA REDONDA,15084,15084,VOLTA REDONDA AEREO AT/MT,VOLTA REDONDA AEREO AT/MT,1,0,120201959,
VRD001,VRD014,18520470,18520470,SETD VOLTA REDONDA,SETD VOLTA REDONDA,15084,15084,VOLTA REDONDA AEREO AT/MT,VOLTA REDONDA AEREO AT/MT,1,0,300043352,
VRD002,VRD018,18520470,18520470,SETD VOLTA REDONDA,SETD VOLTA REDONDA,15084,15084,VOLTA REDONDA AEREO AT/MT,VOLTA REDONDA AEREO AT/MT,1,0,37538234,
VRD003,VRD010,18520470,18520470,SETD VOLTA REDONDA,SETD VOLTA REDONDA,15084,15084,VOLTA REDONDA AEREO AT/MT,VOLTA REDONDA AEREO AT/MT,1,0,20689528,
VRD007,VRD010,18520470,18520470,SETD VOLTA REDONDA,SETD VOLTA REDONDA,14995,15084,RETIRO,VOLTA REDONDA AEREO AT/MT,1,0,518904283,
VRD009,VRD012,18520470,18520470,SETD VOLTA REDONDA,SETD VOLTA REDONDA,15084,15084,VOLTA REDONDA AEREO AT/MT,VOLTA REDONDA AEREO AT/MT,1,0,501226862,
VRD015,VRD019,18520470,18520470,SETD VOLTA REDONDA,SETD VOLTA REDONDA,15086,15086,VOLTA REDONDA AEREO MT/MT,VOLTA REDONDA AEREO MT/MT,1,0,29376329,
VRD017,VRD018,18520470,18520470,SETD VOLTA REDONDA,SETD VOLTA REDONDA,15086,15084,VOLTA REDONDA AEREO MT/MT,VOLTA REDONDA AEREO AT/MT,1,0,539429552,
VRD019,VRD020,18520470,18520470,SETD VOLTA REDONDA,SETD VOLTA REDONDA,15086,,VOLTA REDONDA AEREO MT/MT,,1,0,20667317,
VTL001,VTL002,18520794,18520794,SETD VILAR DOS TELES,SETD VILAR DOS TELES,15072,15072,VILAR DOS TELES AEREO,VILAR DOS TELES AEREO,1,0,20747022,
VTL001,VTL006,18520794,18520794,SETD VILAR DOS TELES,SETD VILAR DOS TELES,15072,15072,VILAR DOS TELES AEREO,VILAR DOS TELES AEREO,1,0,20816773,
VTL001,VTL009,18520794,18520794,SETD VILAR DOS TELES,SETD VILAR DOS TELES,15072,15072,VILAR DOS TELES AEREO,VILAR DOS TELES AEREO,1,0,20816626,
VTL002,VTL009,18520794,18520794,SETD VILAR DOS TELES,SETD VILAR DOS TELES,15072,15072,VILAR DOS TELES AEREO,VILAR DOS TELES AEREO,1,0,20816689,
VTL002,VTL3781,18520794,18520794,SETD VILAR DOS TELES,SETD VILAR DOS TELES,15072,15072,VILAR DOS TELES AEREO,VILAR DOS TELES AEREO,1,0,20726033,
VTL006,VTL009,18520794,18520794,SETD VILAR DOS TELES,SETD VILAR DOS TELES,15072,15072,VILAR DOS TELES AEREO,VILAR DOS TELES AEREO,1,0,20816815,
VTL006,VTL013,18520794,18520794,SETD VILAR DOS TELES,SETD VILAR DOS TELES,15072,15072,VILAR DOS TELES AEREO,VILAR DOS TELES AEREO,1,0,20816598,
VTL006,VTL3781,18520794,18520794,SETD VILAR DOS TELES,SETD VILAR DOS TELES,15072,15072,VILAR DOS TELES AEREO,VILAR DOS TELES AEREO,1,0,20816759,
VVQ33140,VVQ9922,1177,1177,SETD VILA VALQUEIRE,SETD VILA VALQUEIRE,15032,15032,VILA VALQUEIRE,VILA VALQUEIRE,1,0,1622074,
VVQ33460,VVQ9968,1177,1177,SETD VILA VALQUEIRE,SETD VILA VALQUEIRE,15032,15032,VILA VALQUEIRE,VILA VALQUEIRE,1,0,1597441,
VVQ9892,VVQ9922,1177,1177,SETD VILA VALQUEIRE,SETD VILA VALQUEIRE,15032,15032,VILA VALQUEIRE,VILA VALQUEIRE,1,0,1622193,
VVQ9898,VVQ9922,1177,1177,SETD VILA VALQUEIRE,SETD VILA VALQUEIRE,15032,15032,VILA VALQUEIRE,VILA VALQUEIRE,1,0,1582132,
VVQ9898,VVQ9939,1177,1177,SETD VILA VALQUEIRE,SETD VILA VALQUEIRE,15032,15032,VILA VALQUEIRE,VILA VALQUEIRE,1,0,1593073,
VVQ9912,VVQ9922,1177,1177,SETD VILA VALQUEIRE,SETD VILA VALQUEIRE,15032,15032,VILA VALQUEIRE,VILA VALQUEIRE,1,0,1593122,
VVQ9922,VVQ9951,1177,1177,SETD VILA VALQUEIRE,SETD VILA VALQUEIRE,15032,15032,VILA VALQUEIRE,VILA VALQUEIRE,1,0,1598946,
WLS00012,WLS004,18519994,18519994,SETD WASHINGTON LUIS,SETD WASHINGTON LUIS,15073,15073,WASHINGTON LUIS AEREO,WASHINGTON LUIS AEREO,1,0,20760713,
WLS00012,WLS010,18519994,18519994,SETD WASHINGTON LUIS,SETD WASHINGTON LUIS,15073,15073,WASHINGTON LUIS AEREO,WASHINGTON LUIS AEREO,1,0,20806298,
WLS00014,WLS001,18519994,18519994,SETD WASHINGTON LUIS,SETD WASHINGTON LUIS,15073,15073,WASHINGTON LUIS AEREO,WASHINGTON LUIS AEREO,1,0,20744467,
WLS00015,WLS004,18519994,18519994,SETD WASHINGTON LUIS,SETD WASHINGTON LUIS,15073,15073,WASHINGTON LUIS AEREO,WASHINGTON LUIS AEREO,1,0,114620059,
WLS00017,WLS002,18519994,18519994,SETD WASHINGTON LUIS,SETD WASHINGTON LUIS,15073,15073,WASHINGTON LUIS AEREO,WASHINGTON LUIS AEREO,1,0,706655048,
WLS001,WLS008,18519994,18519994,SETD WASHINGTON LUIS,SETD WASHINGTON LUIS,15073,15073,WASHINGTON LUIS AEREO,WASHINGTON LUIS AEREO,1,0,20728182,
WLS002,WLS009,18519994,18519994,SETD WASHINGTON LUIS,SETD WASHINGTON LUIS,15073,15073,WASHINGTON LUIS AEREO,WASHINGTON LUIS AEREO,1,0,20725375,
WLS003,WLS005,18519994,18519994,SETD WASHINGTON LUIS,SETD WASHINGTON LUIS,15073,15073,WASHINGTON LUIS AEREO,WASHINGTON LUIS AEREO,1,0,426411396,
WLS004,WLS010,18519994,18519994,SETD WASHINGTON LUIS,SETD WASHINGTON LUIS,15073,15073,WASHINGTON LUIS AEREO,WASHINGTON LUIS AEREO,1,0,279535152,
ZIN001,ZIN003,18520911,18520911,SETD ZONA INDUSTRIAL,SETD ZONA INDUSTRIAL,15694,15696,ITAGUAI,ZONA INDUSTRIAL,1,0,133814004,
ZIN001,ZIN006,18520911,18520911,SETD ZONA INDUSTRIAL,SETD ZONA INDUSTRIAL,15694,15696,ITAGUAI,ZONA INDUSTRIAL,1,0,26597122,
ZIN002,ZIN004,18520911,18520911,SETD ZONA INDUSTRIAL,SETD ZONA INDUSTRIAL,15696,15696,ZONA INDUSTRIAL,ZONA INDUSTRIAL,1,0,20713195,
ZIN002,ZIN005,18520911,18520911,SETD ZONA INDUSTRIAL,SETD ZONA INDUSTRIAL,15696,15696,ZONA INDUSTRIAL,ZONA INDUSTRIAL,1,0,148293648,
ZIN003,ZIN004,18520911,18520911,SETD ZONA INDUSTRIAL,SETD ZONA INDUSTRIAL,15696,15696,ZONA INDUSTRIAL,ZONA INDUSTRIAL,1,0,32896650,
ZIN005,ZIN009,18520911,18520911,SETD ZONA INDUSTRIAL,SETD ZONA INDUSTRIAL,15696,15696,ZONA INDUSTRIAL,ZONA INDUSTRIAL,1,0,20713153,
