{"type": "FeatureCollection", "features": [{"type": "Feature", "geometry": {"type": "MultiLineString", "coordinates": [[[-43.41910906682995, -22.91234385608402], [-43.41925678317398, -22.91261446838297]]]}, "properties": {"camada": "SSDMT", "COD_ID": "288692749", "CTMT": "TQR0007", "COMP": 34.92, "TIP_CND": "105925005_13_3", "energizado": false, "fonte": null}}, {"type": "Feature", "geometry": {"type": "MultiLineString", "coordinates": [[[-43.42088209912953, -22.908414283692196], [-43.420772861178534, -22.908339283830855]]]}, "properties": {"camada": "SSDMT", "COD_ID": "11799443", "CTMT": "TQR0007", "COMP": 14.51, "TIP_CND": "105925006_13_3", "energizado": false, "fonte": null}}, {"type": "Feature", "geometry": {"type": "MultiLineString", "coordinates": [[[-43.42139991167653, -22.90598147546467], [-43.42136586873983, -22.905686574275933]]]}, "properties": {"camada": "SSDMT", "COD_ID": "670465298", "CTMT": "TQR0007", "COMP": 34.16, "TIP_CND": "105925010_11_3", "energizado": false, "fonte": null}}, {"type": "Feature", "geometry": {"type": "MultiLineString", "coordinates": [[[-43.42151471553166, -22.907047407711673], [-43.42150716122649, -22.906857677739595]]]}, "properties": {"camada": "SSDMT", "COD_ID": "12405651", "CTMT": "TQR0007", "COMP": 21.86, "TIP_CND": "105925006_13_3", "energizado": false, "fonte": null}}, {"type": "Feature", "geometry": {"type": "MultiLineString", "coordinates": [[[-43.42150716122649, -22.906857677739595], [-43.42152278065174, -22.90686848938924]]]}, "properties": {"camada": "SSDMT", "COD_ID": "12962081", "CTMT": "TQR0007", "COMP": 2.08, "TIP_CND": "105925006_13_3", "energizado": false, "fonte": null}}, {"type": "Feature", "geometry": {"type": "MultiLineString", "coordinates": [[[-43.419996465664326, -22.907664464043762], [-43.41963033187426, -22.907290533131572]]]}, "properties": {"camada": "SSDMT", "COD_ID": "11799455", "CTMT": "TQR0007", "COMP": 58.14, "TIP_CND": "105925006_13_3", "energizado": false, "fonte": null}}, {"type": "Feature", "geometry": {"type": "MultiLineString", "coordinates": [[[-43.421710200265466, -22.90723049439174], [-43.42170214593722, -22.907223938334027]]]}, "properties": {"camada": "SSDMT", "COD_ID": "444304531", "CTMT": "TQR0007", "COMP": 1.14, "TIP_CND": "105925006_13_3", "energizado": false, "fonte": null}}, {"type": "Feature", "geometry": {"type": "MultiLineString", "coordinates": [[[-43.42285982522071, -22.907241126176984], [-43.4231044156362, -22.90726842239974]]]}, "properties": {"camada": "SSDMT", "COD_ID": "288692936", "CTMT": "TQR0007", "COMP": 26.28, "TIP_CND": "105925006_13_3", "energizado": false, "fonte": null}}, {"type": "Feature", "geometry": {"type": "MultiLineString", "coordinates": [[[-43.41957151980972, -22.90938551193176], [-43.41994923147183, -22.90921736029287]]]}, "properties": {"camada": "SSDMT", "COD_ID": "11799431", "CTMT": "TQR0007", "COMP": 44.71, "TIP_CND": "105925006_13_3", "energizado": false, "fonte": null}}, {"type": "Feature", "geometry": {"type": "MultiLineString", "coordinates": [[[-43.42053923080084, -22.908154163783593], [-43.42045396248034, -22.908077767275074]]]}, "properties": {"camada": "SSDMT", "COD_ID": "288692828", "CTMT": "TQR0007", "COMP": 12.65, "TIP_CND": "105925006_13_3", "energizado": false, "fonte": null}}, {"type": "Feature", "geometry": {"type": "MultiLineString", "coordinates": [[[-43.42092338610536, -22.90844135508445], [-43.420907656962754, -22.908430686426982]]]}, "properties": {"camada": "SSDMT", "COD_ID": "12962075", "CTMT": "TQR0007", "COMP": 2.08, "TIP_CND": "105925006_13_3", "energizado": false, "fonte": null}}, {"type": "Feature", "geometry": {"type": "MultiLineString", "coordinates": [[[-43.42089978339823, -22.90842535164859], [-43.420890898096445, -22.908419790241055]]]}, "properties": {"camada": "SSDMT", "COD_ID": "444304476", "CTMT": "TQR0007", "COMP": 1.14, "TIP_CND": "105925006_13_3", "energizado": false, "fonte": null}}, {"type": "Feature", "geometry": {"type": "MultiLineString", "coordinates": [[[-43.41963033187426, -22.907290533131572], [-43.41915584686478, -22.907244085845832]]]}, "properties": {"camada": "SSDMT", "COD_ID": "288692848", "CTMT": "TQR0007", "COMP": 50.9, "TIP_CND": "105925006_13_3", "energizado": false, "fonte": null}}, {"type": "Feature", "geometry": {"type": "MultiLineString", "coordinates": [[[-43.42133136804813, -22.907753917809032], [-43.42145006237041, -22.907579605814135]]]}, "properties": {"camada": "SSDMT", "COD_ID": "288692868", "CTMT": "TQR0007", "COMP": 23.73, "TIP_CND": "105925006_13_3", "energizado": false, "fonte": null}}, {"type": "Feature", "geometry": {"type": "MultiLineString", "coordinates": [[[-43.42150716122649, -22.906857677739595], [-43.42145988476585, -22.906730769909075]]]}, "properties": {"camada": "SSDMT", "COD_ID": "11799479", "CTMT": "TQR0007", "COMP": 15.46, "TIP_CND": "105925006_13_3", "energizado": false, "fonte": null}}, {"type": "Feature", "geometry": {"type": "MultiLineString", "coordinates": [[[-43.42140306919623, -22.90658570386711], [-43.421419880223254, -22.906344413064176]]]}, "properties": {"camada": "SSDMT", "COD_ID": "670465286", "CTMT": "TQR0007", "COMP": 27.85, "TIP_CND": "105925010_11_3", "energizado": false, "fonte": null}}, {"type": "Feature", "geometry": {"type": "MultiLineString", "coordinates": [[[-43.42175862246239, -22.907031774796508], [-43.42203104239866, -22.90707964391038]]]}, "properties": {"camada": "SSDMT", "COD_ID": "288692898", "CTMT": "TQR0007", "COMP": 29.58, "TIP_CND": "105925006_13_3", "energizado": false, "fonte": null}}, {"type": "Feature", "geometry": {"type": "MultiLineString", "coordinates": [[[-43.42371935226623, -22.906559394200656], [-43.423749831189696, -22.906407141676198]]]}, "properties": {"camada": "SSDMT", "COD_ID": "288692958", "CTMT": "TQR0007", "COMP": 17.83, "TIP_CND": "105925006_13_3", "energizado": false, "fonte": null}}, {"type": "Feature", "geometry": {"type": "MultiLineString", "coordinates": [[[-43.42045396248034, -22.908077767275074], [-43.42027150982227, -22.907916783232906]]]}, "properties": {"camada": "SSDMT", "COD_ID": "288692834", "CTMT": "TQR0007", "COMP": 26.88, "TIP_CND": "105925006_13_3", "energizado": false, "fonte": null}}, {"type": "Feature", "geometry": {"type": "MultiLineString", "coordinates": [[[-43.420772861178534, -22.908339283830855], [-43.42053923080084, -22.908154163783593]]]}, "properties": {"camada": "SSDMT", "COD_ID": "288692822", "CTMT": "TQR0007", "COMP": 32.8, "TIP_CND": "105925006_13_3", "energizado": false, "fonte": null}}, {"type": "Feature", "geometry": {"type": "MultiLineString", "coordinates": [[[-43.422522620822235, -22.907166351146145], [-43.42264299687679, -22.90720223769307]]]}, "properties": {"camada": "SSDMT", "COD_ID": "11799497", "CTMT": "TQR0007", "COMP": 13.49, "TIP_CND": "105925006_13_3", "energizado": false, "fonte": null}}, {"type": "Feature", "geometry": {"type": "MultiLineString", "coordinates": [[[-43.42169402236118, -22.907217382276315], [-43.42151471553166, -22.907047407711673]]]}, "properties": {"camada": "SSDMT", "COD_ID": "11799473", "CTMT": "TQR0007", "COMP": 27.37, "TIP_CND": "105925006_13_3", "energizado": false, "fonte": null}}, {"type": "Feature", "geometry": {"type": "MultiLineString", "coordinates": [[[-43.422731262637626, -22.907231113125306], [-43.42285982522071, -22.907241126176984]]]}, "properties": {"camada": "SSDMT", "COD_ID": "11799503", "CTMT": "TQR0007", "COMP": 13.76, "TIP_CND": "105925006_13_3", "energizado": false, "fonte": null}}, {"type": "Feature", "geometry": {"type": "MultiLineString", "coordinates": [[[-43.421419880223254, -22.906344413064176], [-43.42139991167653, -22.90598147546467]]]}, "properties": {"camada": "SSDMT", "COD_ID": "670465292", "CTMT": "TQR0007", "COMP": 41.85, "TIP_CND": "105925010_11_3", "energizado": false, "fonte": null}}, {"type": "Feature", "geometry": {"type": "MultiLineString", "coordinates": [[[-43.42068577442893, -22.908755079982882], [-43.42092338610536, -22.90844135508445]]]}, "properties": {"camada": "SSDMT", "COD_ID": "12405645", "CTMT": "TQR0007", "COMP": 44.14, "TIP_CND": "105925006_13_3", "energizado": false, "fonte": null}}, {"type": "Feature", "geometry": {"type": "MultiLineString", "coordinates": [[[-43.421072532371454, -22.908189967592875], [-43.42115994917225, -22.908036151147428]]]}, "properties": {"camada": "SSDMT", "COD_ID": "495961430", "CTMT": "TQR0007", "COMP": 20.02, "TIP_CND": "105925006_13_3", "energizado": false, "fonte": null}}, {"type": "Feature", "geometry": {"type": "MultiLineString", "coordinates": [[[-43.41901994671315, -22.911451478602828], [-43.419459445397024, -22.911225360262108]]]}, "properties": {"camada": "SSDMT", "COD_ID": "330560768", "CTMT": "TQR0007", "COMP": 53.63, "TIP_CND": "105925010_11_3", "energizado": false, "fonte": null}}, {"type": "Feature", "geometry": {"type": "MultiLineString", "coordinates": [[[-43.41994923147183, -22.90921736029287], [-43.42034145549371, -22.90902258422483]]]}, "properties": {"camada": "SSDMT", "COD_ID": "32114843", "CTMT": "TQR0007", "COMP": 47.48, "TIP_CND": "105925006_13_3", "energizado": false, "fonte": null}}, {"type": "Feature", "geometry": {"type": "MultiLineString", "coordinates": [[[-43.423749831189696, -22.906407141676198], [-43.42368625721497, -22.906327070537827]]]}, "properties": {"camada": "SSDMT", "COD_ID": "288692964", "CTMT": "TQR0007", "COMP": 11.45, "TIP_CND": "105925006_13_3", "energizado": false, "fonte": null}}, {"type": "Feature", "geometry": {"type": "MultiLineString", "coordinates": [[[-43.42145988476585, -22.906730769909075], [-43.42140306919623, -22.90658570386711]]]}, "properties": {"camada": "SSDMT", "COD_ID": "670465280", "CTMT": "TQR0007", "COMP": 17.77, "TIP_CND": "105925010_11_3", "energizado": false, "fonte": null}}, {"type": "Feature", "geometry": {"type": "MultiLineString", "coordinates": [[[-43.42203104239866, -22.90707964391038], [-43.422313314407916, -22.907118578259713]]]}, "properties": {"camada": "SSDMT", "COD_ID": "11799491", "CTMT": "TQR0007", "COMP": 30.45, "TIP_CND": "105925006_13_3", "energizado": false, "fonte": null}}, {"type": "Feature", "geometry": {"type": "MultiLineString", "coordinates": [[[-43.4231044156362, -22.90726842239974], [-43.423294812005906, -22.907243386173263]]]}, "properties": {"camada": "SSDMT", "COD_ID": "11799509", "CTMT": "TQR0007", "COMP": 20.52, "TIP_CND": "105925006_13_3", "energizado": false, "fonte": null}}, {"type": "Feature", "geometry": {"type": "MultiLineString", "coordinates": [[[-43.42366036393463, -22.90686786436038], [-43.42371935226623, -22.906559394200656]]]}, "properties": {"camada": "SSDMT", "COD_ID": "11799527", "CTMT": "TQR0007", "COMP": 36.08, "TIP_CND": "105925006_13_3", "energizado": false, "fonte": null}}, {"type": "Feature", "geometry": {"type": "MultiLineString", "coordinates": [[[-43.4215305858678, -22.90687389611338], [-43.42175862246239, -22.907031774796508]]]}, "properties": {"camada": "SSDMT", "COD_ID": "11799485", "CTMT": "TQR0007", "COMP": 30.37, "TIP_CND": "105925006_13_3", "energizado": false, "fonte": null}}, {"type": "Feature", "geometry": {"type": "MultiLineString", "coordinates": [[[-43.423294812005906, -22.907243386173263], [-43.42348831283533, -22.907143781760055]]]}, "properties": {"camada": "SSDMT", "COD_ID": "11799515", "CTMT": "TQR0007", "COMP": 23.62, "TIP_CND": "105925006_13_3", "energizado": false, "fonte": null}}, {"type": "Feature", "geometry": {"type": "MultiLineString", "coordinates": [[[-43.42092338610536, -22.90844135508445], [-43.421072532371454, -22.908189967592875]]]}, "properties": {"camada": "SSDMT", "COD_ID": "11799437", "CTMT": "TQR0007", "COMP": 33.04, "TIP_CND": "105925006_13_3", "energizado": false, "fonte": null}}, {"type": "Feature", "geometry": {"type": "MultiLineString", "coordinates": [[[-43.42115994917225, -22.908036151147428], [-43.42105628881666, -22.907981247536497]]]}, "properties": {"camada": "SSDMT", "COD_ID": "495961470", "CTMT": "TQR0007", "COMP": 12.74, "TIP_CND": "105925010_11_3", "energizado": false, "fonte": null}}, {"type": "Feature", "geometry": {"type": "MultiLineString", "coordinates": [[[-43.42253879692788, -22.907188918733596], [-43.4226135171001, -22.907293160051267]]]}, "properties": {"camada": "SSDMT", "COD_ID": "139855831", "CTMT": "TQR0007", "COMP": 14.41, "TIP_CND": "105925006_13_3", "energizado": false, "fonte": null}}, {"type": "Feature", "geometry": {"type": "MultiLineString", "coordinates": [[[-43.42145006237041, -22.907579605814135], [-43.421710200265466, -22.90723049439174]]]}, "properties": {"camada": "SSDMT", "COD_ID": "11799467", "CTMT": "TQR0007", "COMP": 48.85, "TIP_CND": "105925006_13_3", "energizado": false, "fonte": null}}, {"type": "Feature", "geometry": {"type": "MultiLineString", "coordinates": [[[-43.41931384875505, -22.909526808915075], [-43.41957151980972, -22.90938551193176]]]}, "properties": {"camada": "SSDMT", "COD_ID": "11799425", "CTMT": "TQR0007", "COMP": 31.94, "TIP_CND": "105925006_13_3", "energizado": false, "fonte": null}}, {"type": "Feature", "geometry": {"type": "MultiLineString", "coordinates": [[[-43.42027150982227, -22.907916783232906], [-43.419996465664326, -22.907664464043762]]]}, "properties": {"camada": "SSDMT", "COD_ID": "11799449", "CTMT": "TQR0007", "COMP": 41.3, "TIP_CND": "105925006_13_3", "energizado": false, "fonte": null}}, {"type": "Feature", "geometry": {"type": "MultiLineString", "coordinates": [[[-43.41891548326288, -22.90976584691623], [-43.41931384875505, -22.909526808915075]]]}, "properties": {"camada": "SSDMT", "COD_ID": "288692773", "CTMT": "TQR0007", "COMP": 50.64, "TIP_CND": "105925006_13_3", "energizado": false, "fonte": null}}, {"type": "Feature", "geometry": {"type": "MultiLineString", "coordinates": [[[-43.42264299687679, -22.90720223769307], [-43.422731262637626, -22.907231113125306]]]}, "properties": {"camada": "SSDMT", "COD_ID": "288692926", "CTMT": "TQR0007", "COMP": 9.99, "TIP_CND": "105925006_13_3", "energizado": false, "fonte": null}}, {"type": "Feature", "geometry": {"type": "MultiLineString", "coordinates": [[[-43.422313314407916, -22.907118578259713], [-43.422522620822235, -22.907166351146145]]]}, "properties": {"camada": "SSDMT", "COD_ID": "288692908", "CTMT": "TQR0007", "COMP": 23.0, "TIP_CND": "105925006_13_3", "energizado": false, "fonte": null}}, {"type": "Feature", "geometry": {"type": "MultiLineString", "coordinates": [[[-43.422522620822235, -22.907166351146145], [-43.42253340459291, -22.907181395904672]]]}, "properties": {"camada": "SSDMT", "COD_ID": "139855897", "CTMT": "TQR0007", "COMP": 2.08, "TIP_CND": "105925006_13_3", "energizado": false, "fonte": null}}, {"type": "Feature", "geometry": {"type": "MultiLineString", "coordinates": [[[-43.42115994917225, -22.908036151147428], [-43.42133136804813, -22.907753917809032]]]}, "properties": {"camada": "SSDMT", "COD_ID": "11799461", "CTMT": "TQR0007", "COMP": 37.29, "TIP_CND": "105925006_13_3", "energizado": false, "fonte": null}}, {"type": "Feature", "geometry": {"type": "MultiLineString", "coordinates": [[[-43.42348831283533, -22.907143781760055], [-43.42366036393463, -22.90686786436038]]]}, "properties": {"camada": "SSDMT", "COD_ID": "11799521", "CTMT": "TQR0007", "COMP": 36.7, "TIP_CND": "105925006_13_3", "energizado": false, "fonte": null}}, {"type": "Feature", "geometry": {"type": "MultiLineString", "coordinates": [[[-43.42034145549371, -22.90902258422483], [-43.42068577442893, -22.908755079982882]]]}, "properties": {"camada": "SSDMT", "COD_ID": "12405633", "CTMT": "TQR0007", "COMP": 47.94, "TIP_CND": "105925006_13_3", "energizado": false, "fonte": null}}, {"type": "Feature", "geometry": {"type": "MultiLineString", "coordinates": [[[-43.41999085029744, -22.909238456589435], [-43.42009461587378, -22.909291059734585]]]}, "properties": {"camada": "SSDMT", "COD_ID": "11799767", "CTMT": "TQR0007", "COMP": 12.62, "TIP_CND": "105925006_13_3", "energizado": false, "fonte": null}}, {"type": "Feature", "geometry": {"type": "MultiLineString", "coordinates": [[[-43.419974887331136, -22.90923036808698], [-43.41999085029744, -22.909238456589435]]]}, "properties": {"camada": "SSDMT", "COD_ID": "29164749", "CTMT": "TQR0007", "COMP": 1.94, "TIP_CND": "105925006_13_3", "energizado": false, "fonte": null}}, {"type": "Feature", "geometry": {"type": "MultiLineString", "coordinates": [[[-43.41994923147183, -22.90921736029287], [-43.41996633837579, -22.909226029757406]]]}, "properties": {"camada": "SSDMT", "COD_ID": "11799755", "CTMT": "TQR0007", "COMP": 2.08, "TIP_CND": "105925006_13_3", "energizado": false, "fonte": null}}, {"type": "Feature", "geometry": {"type": "MultiLineString", "coordinates": [[[-43.39609409366744, -22.91071856980608], [-43.39643907180567, -22.910789758340627]]]}, "properties": {"camada": "SSDMT", "COD_ID": "254862066", "CTMT": "TQR0007", "COMP": 37.7, "TIP_CND": "105925005_13_3", "energizado": false, "fonte": null}}, {"type": "Feature", "geometry": {"type": "MultiLineString", "coordinates": [[[-43.39774182882229, -22.912435250586327], [-43.39824756347423, -22.912430610084527]]]}, "properties": {"camada": "SSDMT", "COD_ID": "11799833", "CTMT": "TQR0007", "COMP": 53.95, "TIP_CND": "105925005_13_3", "energizado": false, "fonte": null}}, {"type": "Feature", "geometry": {"type": "MultiLineString", "coordinates": [[[-43.391992275922746, -22.911475884404524], [-43.39176772779837, -22.911417432068788]]]}, "properties": {"camada": "SSDMT", "COD_ID": "11800115", "CTMT": "TQR0007", "COMP": 24.88, "TIP_CND": "105925005_13_3", "energizado": true, "fonte": "TQR0007"}}, {"type": "Feature", "geometry": {"type": "MultiLineString", "coordinates": [[[-43.4052371258926, -22.913357543116092], [-43.40574638948425, -22.91348506698222]]]}, "properties": {"camada": "SSDMT", "COD_ID": "11803259", "CTMT": "TQR0007", "COMP": 56.28, "TIP_CND": "105925005_13_3", "energizado": false, "fonte": null}}, {"type": "Feature", "geometry": {"type": "MultiLineString", "coordinates": [[[-43.393123382937745, -22.91165419028863], [-43.3935176394275, -22.911733218213385]]]}, "properties": {"camada": "SSDMT", "COD_ID": "254862222", "CTMT": "TQR0007", "COMP": 43.03, "TIP_CND": "105925005_13_3", "energizado": true, "fonte": "TQR0007"}}, {"type": "Feature", "geometry": {"type": "MultiLineString", "coordinates": [[[-43.39662895736046, -22.913146231213545], [-43.39689226806365, -22.913130598298437]]]}, "properties": {"camada": "SSDMT", "COD_ID": "11799815", "CTMT": "TQR0007", "COMP": 28.15, "TIP_CND": "105925005_13_3", "energizado": false, "fonte": null}}, {"type": "Feature", "geometry": {"type": "MultiLineString", "coordinates": [[[-43.3971125129321, -22.912911897565948], [-43.39728205852015, -22.912537330833118]]]}, "properties": {"camada": "SSDMT", "COD_ID": "11799827", "CTMT": "TQR0007", "COMP": 46.78, "TIP_CND": "105925005_13_3", "energizado": false, "fonte": null}}, {"type": "Feature", "geometry": {"type": "MultiLineString", "coordinates": [[[-43.41792545649457, -22.910302316798436], [-43.41793452975469, -22.910307600315434]]]}, "properties": {"camada": "SSDMT", "COD_ID": "444304503", "CTMT": "TQR0007", "COMP": 1.14, "TIP_CND": "105925005_13_3", "energizado": false, "fonte": null}}, {"type": "Feature", "geometry": {"type": "MultiLineString", "coordinates": [[[-43.39205364655851, -22.911621601555623], [-43.392150844385924, -22.91180213506044]]]}, "properties": {"camada": "SSDMT", "COD_ID": "11800271", "CTMT": "TQR0007", "COMP": 23.23, "TIP_CND": "105925005_13_3", "energizado": true, "fonte": "TQR0007"}}, {"type": "Feature", "geometry": {"type": "MultiLineString", "coordinates": [[[-43.40524693210017, -22.91216858091525], [-43.40522810209518, -22.91216391253448]]]}, "properties": {"camada": "SSDMT", "COD_ID": "254861868", "CTMT": "TQR0007", "COMP": 2.08, "TIP_CND": "105925005_13_3", "energizado": false, "fonte": null}}, {"type": "Feature", "geometry": {"type": "MultiLineString", "coordinates": [[[-43.4020402032927, -22.915134318394053], [-43.402028172162375, -22.91513186684216]]]}, "properties": {"camada": "SSDMT", "COD_ID": "460329825", "CTMT": "TQR0007", "COMP": 1.31, "TIP_CND": "105925005_13_3", "energizado": false, "fonte": null}}, {"type": "Feature", "geometry": {"type": "MultiLineString", "coordinates": [[[-43.41855710522617, -22.91130858352426], [-43.4187176378087, -22.911607140457136]]]}, "properties": {"camada": "SSDMT", "COD_ID": "288692733", "CTMT": "TQR0007", "COMP": 38.41, "TIP_CND": "105925005_13_3", "energizado": false, "fonte": null}}, {"type": "Feature", "geometry": {"type": "MultiLineString", "coordinates": [[[-43.39363271038121, -22.91075874342124], [-43.39370759872668, -22.910491775175217]]]}, "properties": {"camada": "SSDMT", "COD_ID": "11799305", "CTMT": "TQR0007", "COMP": 31.77, "TIP_CND": "105925005_13_3", "energizado": true, "fonte": "TQR0007"}}, {"type": "Feature", "geometry": {"type": "MultiLineString", "coordinates": [[[-43.395918429092205, -22.913754041615675], [-43.395916588179944, -22.913762999762582]]]}, "properties": {"camada": "SSDMT", "COD_ID": "1007642964", "CTMT": "TQR0007", "COMP": 1.05, "TIP_CND": "105925005_13_3", "energizado": false, "fonte": null}}, {"type": "Feature", "geometry": {"type": "MultiLineString", "coordinates": [[[-43.39645729566763, -22.912232602752397], [-43.39657899462486, -22.912082680371384]]]}, "properties": {"camada": "SSDMT", "COD_ID": "11799719", "CTMT": "TQR0007", "COMP": 21.6, "TIP_CND": "105925005_13_3", "energizado": false, "fonte": null}}, {"type": "Feature", "geometry": {"type": "MultiLineString", "coordinates": [[[-43.39545189948552, -22.910678102112684], [-43.39549274129695, -22.910446650792267]]]}, "properties": {"camada": "SSDMT", "COD_ID": "11799611", "CTMT": "TQR0007", "COMP": 27.01, "TIP_CND": "105925005_13_3", "energizado": false, "fonte": null}}, {"type": "Feature", "geometry": {"type": "MultiLineString", "coordinates": [[[-43.39728205852015, -22.912537330833118], [-43.39774182882229, -22.912435250586327]]]}, "properties": {"camada": "SSDMT", "COD_ID": "12958295", "CTMT": "TQR0007", "COMP": 50.44, "TIP_CND": "105925005_13_3", "energizado": false, "fonte": null}}, {"type": "Feature", "geometry": {"type": "MultiLineString", "coordinates": [[[-43.39555944761037, -22.911127035584173], [-43.395508215032066, -22.910969547206776]]]}, "properties": {"camada": "SSDMT", "COD_ID": "1011799526", "CTMT": "TQR0007", "COMP": 18.94, "TIP_CND": "105925005_13_3", "energizado": false, "fonte": null}}, {"type": "Feature", "geometry": {"type": "MultiLineString", "coordinates": [[[-43.39549274129695, -22.910446650792267], [-43.395555009456075, -22.91020049645573]]]}, "properties": {"camada": "SSDMT", "COD_ID": "254862114", "CTMT": "TQR0007", "COMP": 29.12, "TIP_CND": "105925005_13_3", "energizado": false, "fonte": null}}, {"type": "Feature", "geometry": {"type": "MultiLineString", "coordinates": [[[-43.39614889655428, -22.91026972626679], [-43.39626651528738, -22.91026519098574]]]}, "properties": {"camada": "SSDMT", "COD_ID": "11799635", "CTMT": "TQR0007", "COMP": 12.56, "TIP_CND": "105925005_13_3", "energizado": false, "fonte": null}}, {"type": "Feature", "geometry": {"type": "MultiLineString", "coordinates": [[[-43.392694837097, -22.91102086252272], [-43.39241978214716, -22.911128396258448]]]}, "properties": {"camada": "SSDMT", "COD_ID": "254862264", "CTMT": "TQR0007", "COMP": 31.85, "TIP_CND": "105925005_13_3", "energizado": true, "fonte": "TQR0007"}}, {"type": "Feature", "geometry": {"type": "MultiLineString", "coordinates": [[[-43.39624650986849, -22.91254319081554], [-43.3962560930442, -22.912527465270273]]]}, "properties": {"camada": "SSDMT", "COD_ID": "254863050", "CTMT": "TQR0007", "COMP": 2.08, "TIP_CND": "105925005_13_3", "energizado": false, "fonte": null}}, {"type": "Feature", "geometry": {"type": "MultiLineString", "coordinates": [[[-43.39614455192947, -22.91310533993942], [-43.3963885101216, -22.91310792638967]]]}, "properties": {"camada": "SSDMT", "COD_ID": "11799797", "CTMT": "TQR0007", "COMP": 26.03, "TIP_CND": "105925005_13_3", "energizado": false, "fonte": null}}, {"type": "Feature", "geometry": {"type": "MultiLineString", "coordinates": [[[-43.4020484914447, -22.915100110881383], [-43.40203611227673, -22.915097438995588]]]}, "properties": {"camada": "SSDMT", "COD_ID": "460329861", "CTMT": "TQR0007", "COMP": 1.36, "TIP_CND": "105925005_13_3", "energizado": false, "fonte": null}}, {"type": "Feature", "geometry": {"type": "MultiLineString", "coordinates": [[[-43.39202043369602, -22.911483214778514], [-43.39200166574426, -22.911478327862483]]]}, "properties": {"camada": "SSDMT", "COD_ID": "254863146", "CTMT": "TQR0007", "COMP": 2.08, "TIP_CND": "105925005_13_3", "energizado": true, "fonte": "TQR0007"}}, {"type": "Feature", "geometry": {"type": "MultiLineString", "coordinates": [[[-43.417338637168314, -22.910566219255543], [-43.417338027428, -22.910584275843632]]]}, "properties": {"camada": "SSDMT", "COD_ID": "34450802", "CTMT": "TQR0007", "COMP": 2.08, "TIP_CND": "105925005_13_3", "energizado": false, "fonte": null}}, {"type": "Feature", "geometry": {"type": "MultiLineString", "coordinates": [[[-43.395502082555026, -22.910951332338072], [-43.39545189948552, -22.910678102112684]]]}, "properties": {"camada": "SSDMT", "COD_ID": "11799569", "CTMT": "TQR0007", "COMP": 31.92, "TIP_CND": "105925005_13_3", "energizado": false, "fonte": null}}, {"type": "Feature", "geometry": {"type": "MultiLineString", "coordinates": [[[-43.393088231136915, -22.910037362134517], [-43.39315631431242, -22.909790292288108]]]}, "properties": {"camada": "SSDMT", "COD_ID": "11799143", "CTMT": "TQR0007", "COMP": 29.37, "TIP_CND": "105925005_13_3", "energizado": true, "fonte": "TQR0007"}}, {"type": "Feature", "geometry": {"type": "MultiLineString", "coordinates": [[[-43.40574638948425, -22.91348506698222], [-43.40596915065572, -22.913645560893883]]]}, "properties": {"camada": "SSDMT", "COD_ID": "11803271", "CTMT": "TQR0007", "COMP": 30.11, "TIP_CND": "105925005_13_3", "energizado": false, "fonte": null}}, {"type": "Feature", "geometry": {"type": "MultiLineString", "coordinates": [[[-43.392950930740824, -22.910952158815007], [-43.392694837097, -22.91102086252272]]]}, "properties": {"camada": "SSDMT", "COD_ID": "11800097", "CTMT": "TQR0007", "COMP": 28.44, "TIP_CND": "105925005_13_3", "energizado": true, "fonte": "TQR0007"}}, {"type": "Feature", "geometry": {"type": "MultiLineString", "coordinates": [[[-43.3921292039995, -22.91144944883297], [-43.392148186889244, -22.911453561432666]]]}, "properties": {"camada": "SSDMT", "COD_ID": "254863134", "CTMT": "TQR0007", "COMP": 2.08, "TIP_CND": "105925005_13_3", "energizado": true, "fonte": "TQR0007"}}, {"type": "Feature", "geometry": {"type": "MultiLineString", "coordinates": [[[-43.396115306875856, -22.913105035069293], [-43.39613480327853, -22.913105241014023]]]}, "properties": {"camada": "SSDMT", "COD_ID": "254492486", "CTMT": "TQR0007", "COMP": 2.08, "TIP_CND": "105925005_13_3", "energizado": false, "fonte": null}}, {"type": "Feature", "geometry": {"type": "MultiLineString", "coordinates": [[[-43.39241978214716, -22.911128396258448], [-43.392126104036436, -22.91124842067802]]]}, "properties": {"camada": "SSDMT", "COD_ID": "254862780", "CTMT": "TQR0007", "COMP": 34.24, "TIP_CND": "105925005_13_3", "energizado": true, "fonte": "TQR0007"}}, {"type": "Feature", "geometry": {"type": "MultiLineString", "coordinates": [[[-43.3963885101216, -22.91310792638967], [-43.39662895736046, -22.913146231213545]]]}, "properties": {"camada": "SSDMT", "COD_ID": "11799809", "CTMT": "TQR0007", "COMP": 26.03, "TIP_CND": "105925005_13_3", "energizado": false, "fonte": null}}, {"type": "Feature", "geometry": {"type": "MultiLineString", "coordinates": [[[-43.39707728109158, -22.910911299017187], [-43.39766725344094, -22.91103528405108]]]}, "properties": {"camada": "SSDMT", "COD_ID": "11799749", "CTMT": "TQR0007", "COMP": 64.54, "TIP_CND": "105925005_13_3", "energizado": false, "fonte": null}}, {"type": "Feature", "geometry": {"type": "MultiLineString", "coordinates": [[[-43.39355708459175, -22.91108837103144], [-43.3935593140111, -22.911078658353347]]]}, "properties": {"camada": "SSDMT", "COD_ID": "11799299", "CTMT": "TQR0007", "COMP": 1.14, "TIP_CND": "105925005_13_3", "energizado": true, "fonte": "TQR0007"}}, {"type": "Feature", "geometry": {"type": "MultiLineString", "coordinates": [[[-43.39202043369602, -22.911483214778514], [-43.3921292039995, -22.91144944883297]]]}, "properties": {"camada": "SSDMT", "COD_ID": "55200028", "CTMT": "TQR0007", "COMP": 12.24, "TIP_CND": "105925005_13_3", "energizado": true, "fonte": "TQR0007"}}, {"type": "Feature", "geometry": {"type": "MultiLineString", "coordinates": [[[-43.39460642884359, -22.911300164970612], [-43.394800858672625, -22.911083915790016]]]}, "properties": {"camada": "SSDMT", "COD_ID": "11799371", "CTMT": "TQR0007", "COMP": 32.41, "TIP_CND": "105925005_13_3", "energizado": true, "fonte": "TQR0007"}}, {"type": "Feature", "geometry": {"type": "MultiLineString", "coordinates": [[[-43.41758325995943, -22.91045242174181], [-43.417581014352265, -22.910470362317312]]]}, "properties": {"camada": "SSDMT", "COD_ID": "34450887", "CTMT": "TQR0007", "COMP": 2.08, "TIP_CND": "105925005_13_3", "energizado": false, "fonte": null}}, {"type": "Feature", "geometry": {"type": "MultiLineString", "coordinates": [[[-43.41794269649819, -22.91031292969791], [-43.418050300381026, -22.91037841383269]]]}, "properties": {"camada": "SSDMT", "COD_ID": "11799269", "CTMT": "TQR0007", "COMP": 13.73, "TIP_CND": "105925005_13_3", "energizado": false, "fonte": null}}, {"type": "Feature", "geometry": {"type": "MultiLineString", "coordinates": [[[-43.39590880005102, -22.913752128757665], [-43.395918429092205, -22.913754041615675]]]}, "properties": {"camada": "SSDMT", "COD_ID": "1007642954", "CTMT": "TQR0007", "COMP": 1.05, "TIP_CND": "105925005_13_3", "energizado": false, "fonte": null}}, {"type": "Feature", "geometry": {"type": "MultiLineString", "coordinates": [[[-43.41761888750159, -22.911264827010086], [-43.41781200971644, -22.91160627441002]]]}, "properties": {"camada": "SSDMT", "COD_ID": "288692669", "CTMT": "TQR0007", "COMP": 44.39, "TIP_CND": "105925005_13_3", "energizado": false, "fonte": null}}, {"type": "Feature", "geometry": {"type": "MultiLineString", "coordinates": [[[-43.395691229766385, -22.91063702288028], [-43.39609409366744, -22.91071856980608]]]}, "properties": {"camada": "SSDMT", "COD_ID": "254862060", "CTMT": "TQR0007", "COMP": 43.99, "TIP_CND": "105925005_13_3", "energizado": false, "fonte": null}}, {"type": "Feature", "geometry": {"type": "MultiLineString", "coordinates": [[[-43.39315631431242, -22.909790292288108], [-43.39326491014742, -22.90935982369689]]]}, "properties": {"camada": "SSDMT", "COD_ID": "254862234", "CTMT": "TQR0007", "COMP": 50.91, "TIP_CND": "105925005_13_3", "energizado": true, "fonte": "TQR0007"}}, {"type": "Feature", "geometry": {"type": "MultiLineString", "coordinates": [[[-43.405208896173576, -22.913350476243465], [-43.40522771538673, -22.913355190489597]]]}, "properties": {"camada": "SSDMT", "COD_ID": "254863140", "CTMT": "TQR0007", "COMP": 2.08, "TIP_CND": "105925005_13_3", "energizado": false, "fonte": null}}, {"type": "Feature", "geometry": {"type": "MultiLineString", "coordinates": [[[-43.39277918001511, -22.91158918819042], [-43.393123382937745, -22.91165419028863]]]}, "properties": {"camada": "SSDMT", "COD_ID": "11800211", "CTMT": "TQR0007", "COMP": 37.47, "TIP_CND": "105925005_13_3", "energizado": true, "fonte": "TQR0007"}}, {"type": "Feature", "geometry": {"type": "MultiLineString", "coordinates": [[[-43.41700486818007, -22.910770485869193], [-43.41704264779992, -22.910940098906394]]]}, "properties": {"camada": "SSDMT", "COD_ID": "11799233", "CTMT": "TQR0007", "COMP": 19.94, "TIP_CND": "105925005_13_3", "energizado": false, "fonte": null}}, {"type": "Feature", "geometry": {"type": "MultiLineString", "coordinates": [[[-43.39689226806365, -22.913130598298437], [-43.3971125129321, -22.912911897565948]]]}, "properties": {"camada": "SSDMT", "COD_ID": "11799821", "CTMT": "TQR0007", "COMP": 34.44, "TIP_CND": "105925005_13_3", "energizado": false, "fonte": null}}, {"type": "Feature", "geometry": {"type": "MultiLineString", "coordinates": [[[-43.39589907658109, -22.910205569531342], [-43.39614889655428, -22.91026972626679]]]}, "properties": {"camada": "SSDMT", "COD_ID": "11799629", "CTMT": "TQR0007", "COMP": 27.66, "TIP_CND": "105925005_13_3", "energizado": false, "fonte": null}}, {"type": "Feature", "geometry": {"type": "MultiLineString", "coordinates": [[[-43.39545189948552, -22.910678102112684], [-43.395691229766385, -22.91063702288028]]]}, "properties": {"camada": "SSDMT", "COD_ID": "11799575", "CTMT": "TQR0007", "COMP": 25.97, "TIP_CND": "105925005_13_3", "energizado": false, "fonte": null}}, {"type": "Feature", "geometry": {"type": "MultiLineString", "coordinates": [[[-43.417470683725014, -22.910987841215842], [-43.41761888750159, -22.911264827010086]]]}, "properties": {"camada": "SSDMT", "COD_ID": "288692663", "CTMT": "TQR0007", "COMP": 35.6, "TIP_CND": "105925005_13_3", "energizado": false, "fonte": null}}, {"type": "Feature", "geometry": {"type": "MultiLineString", "coordinates": [[[-43.39333862307893, -22.909170294273622], [-43.39360421356355, -22.909218684094924]]]}, "properties": {"camada": "SSDMT", "COD_ID": "254862228", "CTMT": "TQR0007", "COMP": 28.88, "TIP_CND": "105925005_13_3", "energizado": true, "fonte": "TQR0007"}}, {"type": "Feature", "geometry": {"type": "MultiLineString", "coordinates": [[[-43.392248755375704, -22.911993341719324], [-43.39213885732238, -22.912188843540264]]]}, "properties": {"camada": "SSDMT", "COD_ID": "11800283", "CTMT": "TQR0007", "COMP": 25.38, "TIP_CND": "105925005_13_3", "energizado": true, "fonte": "TQR0007"}}, {"type": "Feature", "geometry": {"type": "MultiLineString", "coordinates": [[[-43.396260884632056, -22.912519593504385], [-43.39634836708342, -22.912375998753305]]]}, "properties": {"camada": "SSDMT", "COD_ID": "12958283", "CTMT": "TQR0007", "COMP": 18.99, "TIP_CND": "105925005_13_3", "energizado": false, "fonte": null}}, {"type": "Feature", "geometry": {"type": "MultiLineString", "coordinates": [[[-43.4187176378087, -22.911607140457136], [-43.41889875947015, -22.911953009823492]]]}, "properties": {"camada": "SSDMT", "COD_ID": "288692739", "CTMT": "TQR0007", "COMP": 44.27, "TIP_CND": "105925005_13_3", "energizado": false, "fonte": null}}, {"type": "Feature", "geometry": {"type": "MultiLineString", "coordinates": [[[-43.41771672654568, -22.910892951048822], [-43.41784389787756, -22.91113572393448]]]}, "properties": {"camada": "SSDMT", "COD_ID": "288692691", "CTMT": "TQR0007", "COMP": 31.08, "TIP_CND": "105925005_13_3", "energizado": false, "fonte": null}}, {"type": "Feature", "geometry": {"type": "MultiLineString", "coordinates": [[[-43.39590880005102, -22.913752128757665], [-43.39590691956863, -22.913761077911374]]]}, "properties": {"camada": "SSDMT", "COD_ID": "1007642944", "CTMT": "TQR0007", "COMP": 1.05, "TIP_CND": "105925005_13_3", "energizado": false, "fonte": null}}, {"type": "Feature", "geometry": {"type": "MultiLineString", "coordinates": [[[-43.41819752929251, -22.91062681467571], [-43.41835542955937, -22.910931929464937]]]}, "properties": {"camada": "SSDMT", "COD_ID": "288692719", "CTMT": "TQR0007", "COMP": 38.97, "TIP_CND": "105925005_13_3", "energizado": false, "fonte": null}}, {"type": "Feature", "geometry": {"type": "MultiLineString", "coordinates": [[[-43.41835542955937, -22.910931929464937], [-43.41855710522617, -22.91130858352426]]]}, "properties": {"camada": "SSDMT", "COD_ID": "288692725", "CTMT": "TQR0007", "COMP": 48.42, "TIP_CND": "105925005_13_3", "energizado": false, "fonte": null}}, {"type": "Feature", "geometry": {"type": "MultiLineString", "coordinates": [[[-43.39556723933657, -22.911150893698732], [-43.395564388485695, -22.911142158583687]]]}, "properties": {"camada": "SSDMT", "COD_ID": "851349921", "CTMT": "TQR0007", "COMP": 1.05, "TIP_CND": "105925005_13_3", "energizado": false, "fonte": null}}, {"type": "Feature", "geometry": {"type": "MultiLineString", "coordinates": [[[-43.39671745064976, -22.91083540972636], [-43.39707728109158, -22.910911299017187]]]}, "properties": {"camada": "SSDMT", "COD_ID": "254862078", "CTMT": "TQR0007", "COMP": 39.37, "TIP_CND": "105925005_13_3", "energizado": false, "fonte": null}}, {"type": "Feature", "geometry": {"type": "MultiLineString", "coordinates": [[[-43.39657899462486, -22.912082680371384], [-43.396694754459304, -22.91193697850872]]]}, "properties": {"camada": "SSDMT", "COD_ID": "11799725", "CTMT": "TQR0007", "COMP": 20.83, "TIP_CND": "105925005_13_3", "energizado": false, "fonte": null}}, {"type": "Feature", "geometry": {"type": "MultiLineString", "coordinates": [[[-43.395505109673024, -22.910960864252445], [-43.395502082555026, -22.910951332338072]]]}, "properties": {"camada": "SSDMT", "COD_ID": "11799563", "CTMT": "TQR0007", "COMP": 1.14, "TIP_CND": "105925005_13_3", "energizado": false, "fonte": null}}, {"type": "Feature", "geometry": {"type": "MultiLineString", "coordinates": [[[-43.417579886602425, -22.91047933755135], [-43.41756832671689, -22.910571574718347]]]}, "properties": {"camada": "SSDMT", "COD_ID": "34450929", "CTMT": "TQR0007", "COMP": 10.69, "TIP_CND": "105925005_13_3", "energizado": false, "fonte": null}}, {"type": "Feature", "geometry": {"type": "MultiLineString", "coordinates": [[[-43.39213885732238, -22.912188843540264], [-43.39195664118603, -22.912350231378014]]]}, "properties": {"camada": "SSDMT", "COD_ID": "11800289", "CTMT": "TQR0007", "COMP": 26.9, "TIP_CND": "105925005_13_3", "energizado": true, "fonte": "TQR0007"}}, {"type": "Feature", "geometry": {"type": "MultiLineString", "coordinates": [[[-43.39326491014742, -22.90935982369689], [-43.39333862307893, -22.909170294273622]]]}, "properties": {"camada": "SSDMT", "COD_ID": "11799149", "CTMT": "TQR0007", "COMP": 23.2, "TIP_CND": "105925005_13_3", "energizado": true, "fonte": "TQR0007"}}, {"type": "Feature", "geometry": {"type": "MultiLineString", "coordinates": [[[-43.39360421356355, -22.909218684094924], [-43.39398266716631, -22.909303763557773]]]}, "properties": {"camada": "SSDMT", "COD_ID": "11799155", "CTMT": "TQR0007", "COMP": 41.55, "TIP_CND": "105925005_13_3", "energizado": true, "fonte": "TQR0007"}}, {"type": "Feature", "geometry": {"type": "MultiLineString", "coordinates": [[[-43.40521868259606, -22.912161577894437], [-43.40490198633756, -22.912083024811693]]]}, "properties": {"camada": "SSDMT", "COD_ID": "11803547", "CTMT": "TQR0007", "COMP": 34.98, "TIP_CND": "105925005_13_3", "energizado": false, "fonte": null}}, {"type": "Feature", "geometry": {"type": "MultiLineString", "coordinates": [[[-43.40205033325623, -22.915261642610687], [-43.402048897038924, -22.915243629190115]]]}, "properties": {"camada": "SSDMT", "COD_ID": "254862042", "CTMT": "TQR0007", "COMP": 2.08, "TIP_CND": "105925005_13_3", "energizado": false, "fonte": null}}, {"type": "Feature", "geometry": {"type": "MultiLineString", "coordinates": [[[-43.41704264779992, -22.910940098906394], [-43.416831577815, -22.911013825327757]]]}, "properties": {"camada": "SSDMT", "COD_ID": "11799239", "CTMT": "TQR0007", "COMP": 24.06, "TIP_CND": "105925005_13_3", "energizado": false, "fonte": null}}, {"type": "Feature", "geometry": {"type": "MultiLineString", "coordinates": [[[-43.39195664118603, -22.912350231378014], [-43.39176092802438, -22.912511094911054]]]}, "properties": {"camada": "SSDMT", "COD_ID": "11800337", "CTMT": "TQR0007", "COMP": 27.91, "TIP_CND": "105925005_13_3", "energizado": true, "fonte": "TQR0007"}}, {"type": "Feature", "geometry": {"type": "MultiLineString", "coordinates": [[[-43.41784389787756, -22.91113572393448], [-43.417996279005024, -22.911408984736795]]]}, "properties": {"camada": "SSDMT", "COD_ID": "288692697", "CTMT": "TQR0007", "COMP": 35.42, "TIP_CND": "105925005_13_3", "energizado": false, "fonte": null}}, {"type": "Feature", "geometry": {"type": "MultiLineString", "coordinates": [[[-43.41733306856622, -22.91073099214151], [-43.417470683725014, -22.910987841215842]]]}, "properties": {"camada": "SSDMT", "COD_ID": "34450847", "CTMT": "TQR0007", "COMP": 33.02, "TIP_CND": "105925005_13_3", "energizado": false, "fonte": null}}, {"type": "Feature", "geometry": {"type": "MultiLineString", "coordinates": [[[-43.39634836708342, -22.912375998753305], [-43.39645729566763, -22.912232602752397]]]}, "properties": {"camada": "SSDMT", "COD_ID": "11799713", "CTMT": "TQR0007", "COMP": 20.19, "TIP_CND": "105925005_13_3", "energizado": false, "fonte": null}}, {"type": "Feature", "geometry": {"type": "MultiLineString", "coordinates": [[[-43.39447244514719, -22.911937939883956], [-43.39487082682717, -22.91202535128889]]]}, "properties": {"camada": "SSDMT", "COD_ID": "11800259", "CTMT": "TQR0007", "COMP": 43.68, "TIP_CND": "105925005_13_3", "energizado": true, "fonte": "TQR0007"}}, {"type": "Feature", "geometry": {"type": "MultiLineString", "coordinates": [[[-43.39242953439543, -22.91151445812568], [-43.39277918001511, -22.91158918819042]]]}, "properties": {"camada": "SSDMT", "COD_ID": "254862576", "CTMT": "TQR0007", "COMP": 38.28, "TIP_CND": "105925005_13_3", "energizado": true, "fonte": "TQR0007"}}, {"type": "Feature", "geometry": {"type": "MultiLineString", "coordinates": [[[-43.395555009456075, -22.91020049645573], [-43.395657767791704, -22.910123254584505]]]}, "properties": {"camada": "SSDMT", "COD_ID": "11799617", "CTMT": "TQR0007", "COMP": 14.12, "TIP_CND": "105925005_13_3", "energizado": false, "fonte": null}}, {"type": "Feature", "geometry": {"type": "MultiLineString", "coordinates": [[[-43.3935176394275, -22.911733218213385], [-43.393886243655174, -22.911823246645497]]]}, "properties": {"camada": "SSDMT", "COD_ID": "254862216", "CTMT": "TQR0007", "COMP": 40.67, "TIP_CND": "105925005_13_3", "energizado": true, "fonte": "TQR0007"}}, {"type": "Feature", "geometry": {"type": "MultiLineString", "coordinates": [[[-43.416998956036934, -22.91074395586884], [-43.417002894168206, -22.910761642835496]]]}, "properties": {"camada": "SSDMT", "COD_ID": "12962039", "CTMT": "TQR0007", "COMP": 2.08, "TIP_CND": "105925005_13_3", "energizado": false, "fonte": null}}, {"type": "Feature", "geometry": {"type": "MultiLineString", "coordinates": [[[-43.402028172162375, -22.91513186684216], [-43.40203076131053, -22.91512059473962]]]}, "properties": {"camada": "SSDMT", "COD_ID": "460329835", "CTMT": "TQR0007", "COMP": 1.33, "TIP_CND": "105925005_13_3", "energizado": false, "fonte": null}}, {"type": "Feature", "geometry": {"type": "MultiLineString", "coordinates": [[[-43.40203611227673, -22.915097438995588], [-43.402033178688214, -22.915109818163558]]]}, "properties": {"camada": "SSDMT", "COD_ID": "460329871", "CTMT": "TQR0007", "COMP": 1.46, "TIP_CND": "105925005_13_3", "energizado": false, "fonte": null}}, {"type": "Feature", "geometry": {"type": "MultiLineString", "coordinates": [[[-43.392126104036436, -22.91124842067802], [-43.39202043369602, -22.911483214778514]]]}, "properties": {"camada": "SSDMT", "COD_ID": "11800103", "CTMT": "TQR0007", "COMP": 29.3, "TIP_CND": "105925005_13_3", "energizado": true, "fonte": "TQR0007"}}, {"type": "Feature", "geometry": {"type": "MultiLineString", "coordinates": [[[-43.41889875947015, -22.911953009823492], [-43.41910906682995, -22.91234385608402]]]}, "properties": {"camada": "SSDMT", "COD_ID": "11799281", "CTMT": "TQR0007", "COMP": 50.29, "TIP_CND": "105925005_13_3", "energizado": false, "fonte": null}}, {"type": "Feature", "geometry": {"type": "MultiLineString", "coordinates": [[[-43.41733771806122, -22.910593295144395], [-43.41733306856622, -22.91073099214151]]]}, "properties": {"camada": "SSDMT", "COD_ID": "34450831", "CTMT": "TQR0007", "COMP": 15.87, "TIP_CND": "105925005_13_3", "energizado": false, "fonte": null}}, {"type": "Feature", "geometry": {"type": "MultiLineString", "coordinates": [[[-43.396694754459304, -22.91193697850872], [-43.39686306707682, -22.911732085067626]]]}, "properties": {"camada": "SSDMT", "COD_ID": "254862084", "CTMT": "TQR0007", "COMP": 29.65, "TIP_CND": "105925005_13_3", "energizado": false, "fonte": null}}, {"type": "Feature", "geometry": {"type": "MultiLineString", "coordinates": [[[-43.39419630381633, -22.911881786215417], [-43.39447244514719, -22.911937939883956]]]}, "properties": {"camada": "SSDMT", "COD_ID": "254862204", "CTMT": "TQR0007", "COMP": 30.16, "TIP_CND": "105925005_13_3", "energizado": true, "fonte": "TQR0007"}}, {"type": "Feature", "geometry": {"type": "MultiLineString", "coordinates": [[[-43.39202043369602, -22.911483214778514], [-43.39205364655851, -22.911621601555623]]]}, "properties": {"camada": "SSDMT", "COD_ID": "11800121", "CTMT": "TQR0007", "COMP": 16.33, "TIP_CND": "105925005_13_3", "energizado": true, "fonte": "TQR0007"}}, {"type": "Feature", "geometry": {"type": "MultiLineString", "coordinates": [[[-43.397043070880954, -22.911667147720664], [-43.39732139576574, -22.91170850754156]]]}, "properties": {"camada": "SSDMT", "COD_ID": "11799737", "CTMT": "TQR0007", "COMP": 30.07, "TIP_CND": "105925005_13_3", "energizado": false, "fonte": null}}, {"type": "Feature", "geometry": {"type": "MultiLineString", "coordinates": [[[-43.39215768732737, -22.911455617282854], [-43.39242953439543, -22.91151445812568]]]}, "properties": {"camada": "SSDMT", "COD_ID": "11800127", "CTMT": "TQR0007", "COMP": 29.78, "TIP_CND": "105925005_13_3", "energizado": true, "fonte": "TQR0007"}}, {"type": "Feature", "geometry": {"type": "MultiLineString", "coordinates": [[[-43.402045437347, -22.915112867764606], [-43.4020484914447, -22.915100110881383]]]}, "properties": {"camada": "SSDMT", "COD_ID": "460329855", "CTMT": "TQR0007", "COMP": 1.5, "TIP_CND": "105925005_13_3", "energizado": false, "fonte": null}}, {"type": "Feature", "geometry": {"type": "MultiLineString", "coordinates": [[[-43.392150844385924, -22.91180213506044], [-43.392248755375704, -22.911993341719324]]]}, "properties": {"camada": "SSDMT", "COD_ID": "11800277", "CTMT": "TQR0007", "COMP": 24.37, "TIP_CND": "105925005_13_3", "energizado": true, "fonte": "TQR0007"}}, {"type": "Feature", "geometry": {"type": "MultiLineString", "coordinates": [[[-43.39463186436899, -22.910695418558703], [-43.394575924739115, -22.910543706526767]]]}, "properties": {"camada": "SSDMT", "COD_ID": "11799377", "CTMT": "TQR0007", "COMP": 18.46, "TIP_CND": "105925005_13_3", "energizado": true, "fonte": "TQR0007"}}, {"type": "Feature", "geometry": {"type": "MultiLineString", "coordinates": [[[-43.394800858672625, -22.911083915790016], [-43.39463186436899, -22.910695418558703]]]}, "properties": {"camada": "SSDMT", "COD_ID": "254862900", "CTMT": "TQR0007", "COMP": 48.24, "TIP_CND": "105925005_13_3", "energizado": true, "fonte": "TQR0007"}}, {"type": "Feature", "geometry": {"type": "MultiLineString", "coordinates": [[[-43.39686306707682, -22.911732085067626], [-43.397043070880954, -22.911667147720664]]]}, "properties": {"camada": "SSDMT", "COD_ID": "11799731", "CTMT": "TQR0007", "COMP": 20.61, "TIP_CND": "105925005_13_3", "energizado": false, "fonte": null}}, {"type": "Feature", "geometry": {"type": "MultiLineString", "coordinates": [[[-43.395657767791704, -22.910123254584505], [-43.39589907658109, -22.910205569531342]]]}, "properties": {"camada": "SSDMT", "COD_ID": "11799623", "CTMT": "TQR0007", "COMP": 27.43, "TIP_CND": "105925005_13_3", "energizado": false, "fonte": null}}, {"type": "Feature", "geometry": {"type": "MultiLineString", "coordinates": [[[-43.418050300381026, -22.91037841383269], [-43.41819752929251, -22.91062681467571]]]}, "properties": {"camada": "SSDMT", "COD_ID": "11799275", "CTMT": "TQR0007", "COMP": 32.63, "TIP_CND": "105925005_13_3", "energizado": false, "fonte": null}}, {"type": "Feature", "geometry": {"type": "MultiLineString", "coordinates": [[[-43.39643907180567, -22.910789758340627], [-43.39671745064976, -22.91083540972636]]]}, "properties": {"camada": "SSDMT", "COD_ID": "254862072", "CTMT": "TQR0007", "COMP": 30.16, "TIP_CND": "105925005_13_3", "energizado": false, "fonte": null}}, {"type": "Feature", "geometry": {"type": "MultiLineString", "coordinates": [[[-43.393886243655174, -22.911823246645497], [-43.39419630381633, -22.911881786215417]]]}, "properties": {"camada": "SSDMT", "COD_ID": "254862210", "CTMT": "TQR0007", "COMP": 33.76, "TIP_CND": "105925005_13_3", "energizado": true, "fonte": "TQR0007"}}, {"type": "Feature", "geometry": {"type": "MultiLineString", "coordinates": [[[-43.41790102191459, -22.91028742492466], [-43.41791731493208, -22.91029734984278]]]}, "properties": {"camada": "SSDMT", "COD_ID": "12962057", "CTMT": "TQR0007", "COMP": 2.08, "TIP_CND": "105925005_13_3", "energizado": false, "fonte": null}}, {"type": "Feature", "geometry": {"type": "MultiLineString", "coordinates": [[[-43.396016292417926, -22.913507110264902], [-43.39590880005102, -22.913752128757665]]]}, "properties": {"camada": "SSDMT", "COD_ID": "11799869", "CTMT": "TQR0007", "COMP": 30.46, "TIP_CND": "105925005_13_3", "energizado": false, "fonte": null}}, {"type": "Feature", "geometry": {"type": "MultiLineString", "coordinates": [[[-43.41756832671689, -22.910571574718347], [-43.41771672654568, -22.910892951048822]]]}, "properties": {"camada": "SSDMT", "COD_ID": "34450949", "CTMT": "TQR0007", "COMP": 40.25, "TIP_CND": "105925005_13_3", "energizado": false, "fonte": null}}, {"type": "Feature", "geometry": {"type": "MultiLineString", "coordinates": [[[-43.401452354242736, -22.91402378966609], [-43.40118878993064, -22.91363508469135]]]}, "properties": {"camada": "SSDMT", "COD_ID": "11795981", "CTMT": "TQR0007", "COMP": 52.86, "TIP_CND": "105925005_13_3", "energizado": false, "fonte": null}}, {"type": "Feature", "geometry": {"type": "MultiLineString", "coordinates": [[[-43.39356235641759, -22.911065404145063], [-43.39363271038121, -22.91075874342124]]]}, "properties": {"camada": "SSDMT", "COD_ID": "641068448", "CTMT": "TQR0007", "COMP": 36.11, "TIP_CND": "105925005_13_3", "energizado": true, "fonte": "TQR0007"}}, {"type": "Feature", "geometry": {"type": "MultiLineString", "coordinates": [[[-43.41451633166332, -22.91523469262694], [-43.41428925914198, -22.91535997718114]]]}, "properties": {"camada": "SSDMT", "COD_ID": "453734539", "CTMT": "TQR0007", "COMP": 28.2, "TIP_CND": "105925010_11_3", "energizado": false, "fonte": null}}, {"type": "Feature", "geometry": {"type": "MultiLineString", "coordinates": [[[-43.39060760505686, -22.909462031647422], [-43.390852941010394, -22.90918272470293]]]}, "properties": {"camada": "SSDMT", "COD_ID": "385747406", "CTMT": "TQR0007", "COMP": 41.47, "TIP_CND": "105925011_11_3", "energizado": true, "fonte": "TQR0007"}}, {"type": "Feature", "geometry": {"type": "MultiLineString", "coordinates": [[[-43.39616112463614, -22.912890666371084], [-43.396115306875856, -22.913105035069293]]]}, "properties": {"camada": "SSDMT", "COD_ID": "11799779", "CTMT": "TQR0007", "COMP": 25.17, "TIP_CND": "105925011_11_3", "energizado": false, "fonte": null}}, {"type": "Feature", "geometry": {"type": "MultiLineString", "coordinates": [[[-43.4068993068575, -22.9102591979036], [-43.40708655739866, -22.909948818483144]]]}, "properties": {"camada": "SSDMT", "COD_ID": "254862690", "CTMT": "TQR0007", "COMP": 40.95, "TIP_CND": "105925011_11_3", "energizado": false, "fonte": null}}, {"type": "Feature", "geometry": {"type": "MultiLineString", "coordinates": [[[-43.39769174827552, -22.914702525101404], [-43.397713163831384, -22.914786658477453]]]}, "properties": {"camada": "SSDMT", "COD_ID": "357784763", "CTMT": "TQR0007", "COMP": 9.95, "TIP_CND": "105925009_13_3", "energizado": false, "fonte": null}}, {"type": "Feature", "geometry": {"type": "MultiLineString", "coordinates": [[[-43.4024701268948, -22.915286069096794], [-43.402477282800305, -22.915275286225437]]]}, "properties": {"camada": "SSDMT", "COD_ID": "357784896", "CTMT": "TQR0007", "COMP": 1.46, "TIP_CND": "105925011_11_3", "energizado": false, "fonte": null}}, {"type": "Feature", "geometry": {"type": "MultiLineString", "coordinates": [[[-43.39742673515565, -22.914625472987154], [-43.39769174827552, -22.914702525101404]]]}, "properties": {"camada": "SSDMT", "COD_ID": "679989297", "CTMT": "TQR0007", "COMP": 29.63, "TIP_CND": "105925009_13_3", "energizado": false, "fonte": null}}, {"type": "Feature", "geometry": {"type": "MultiLineString", "coordinates": [[[-43.402521479082964, -22.914780698670256], [-43.40261069812516, -22.914541730816154]]]}, "properties": {"camada": "SSDMT", "COD_ID": "580842284", "CTMT": "TQR0007", "COMP": 29.12, "TIP_CND": "105925010_11_3", "energizado": false, "fonte": null}}, {"type": "Feature", "geometry": {"type": "MultiLineString", "coordinates": [[[-43.401840344256414, -22.914160271679123], [-43.40175311361526, -22.91408805432019]]]}, "properties": {"camada": "SSDMT", "COD_ID": "580843446", "CTMT": "TQR0007", "COMP": 12.48, "TIP_CND": "105925010_11_3", "energizado": false, "fonte": null}}, {"type": "Feature", "geometry": {"type": "MultiLineString", "coordinates": [[[-43.4037700267653, -22.91481638286973], [-43.4037786027003, -22.914811718985618]]]}, "properties": {"camada": "SSDMT", "COD_ID": "455357815", "CTMT": "TQR0007", "COMP": 1.06, "TIP_CND": "105925008_13_3", "energizado": false, "fonte": null}}, {"type": "Feature", "geometry": {"type": "MultiLineString", "coordinates": [[[-43.41585310463705, -22.91127836900148], [-43.41637435709089, -22.91100344894994]]]}, "properties": {"camada": "SSDMT", "COD_ID": "11798777", "CTMT": "TQR0007", "COMP": 63.99, "TIP_CND": "105925006_13_3", "energizado": false, "fonte": null}}, {"type": "Feature", "geometry": {"type": "MultiLineString", "coordinates": [[[-43.40132309828232, -22.911788415003286], [-43.40144493663445, -22.91109445314646]]]}, "properties": {"camada": "SSDMT", "COD_ID": "11796023", "CTMT": "TQR0007", "COMP": 80.97, "TIP_CND": "105925008_13_3", "energizado": false, "fonte": null}}, {"type": "Feature", "geometry": {"type": "MultiLineString", "coordinates": [[[-43.394992947566436, -22.911269590718973], [-43.39500326458892, -22.911266895450808]]]}, "properties": {"camada": "SSDMT", "COD_ID": "1013259541", "CTMT": "TQR0007", "COMP": 1.14, "TIP_CND": "105925011_11_3", "energizado": true, "fonte": "TQR0007"}}, {"type": "Feature", "geometry": {"type": "MultiLineString", "coordinates": [[[-43.40470480278435, -22.913905414603164], [-43.404697711630035, -22.913913218919845]]]}, "properties": {"camada": "SSDMT", "COD_ID": "752622304", "CTMT": "TQR0007", "COMP": 1.17, "TIP_CND": "105925009_13_3", "energizado": false, "fonte": null}}, {"type": "Feature", "geometry": {"type": "MultiLineString", "coordinates": [[[-43.41573051804892, -22.910943358948828], [-43.41596792288129, -22.911066010288096]]]}, "properties": {"camada": "SSDMT", "COD_ID": "145708403", "CTMT": "TQR0007", "COMP": 29.0, "TIP_CND": "105925011_11_3", "energizado": false, "fonte": null}}, {"type": "Feature", "geometry": {"type": "MultiLineString", "coordinates": [[[-43.40876675628073, -22.906954073371764], [-43.408810028959635, -22.9067871789851]]]}, "properties": {"camada": "SSDMT", "COD_ID": "11803949", "CTMT": "TQR0007", "COMP": 19.77, "TIP_CND": "105925006_13_3", "energizado": false, "fonte": null}}, {"type": "Feature", "geometry": {"type": "MultiLineString", "coordinates": [[[-43.402224825115525, -22.914404991597053], [-43.40199002561917, -22.91424702567963]]]}, "properties": {"camada": "SSDMT", "COD_ID": "580843420", "CTMT": "TQR0007", "COMP": 30.96, "TIP_CND": "105925010_11_3", "energizado": false, "fonte": null}}, {"type": "Feature", "geometry": {"type": "MultiLineString", "coordinates": [[[-43.41640053815428, -22.91099136475964], [-43.41677873185296, -22.910816778471485]]]}, "properties": {"camada": "SSDMT", "COD_ID": "11799107", "CTMT": "TQR0007", "COMP": 45.08, "TIP_CND": "105925006_13_3", "energizado": false, "fonte": null}}, {"type": "Feature", "geometry": {"type": "MultiLineString", "coordinates": [[[-43.39499652237157, -22.911278955359478], [-43.394992947566436, -22.911269590718973]]]}, "properties": {"camada": "SSDMT", "COD_ID": "1013259523", "CTMT": "TQR0007", "COMP": 1.14, "TIP_CND": "105925011_11_3", "energizado": true, "fonte": "TQR0007"}}, {"type": "Feature", "geometry": {"type": "MultiLineString", "coordinates": [[[-43.39946990131483, -22.91512490249221], [-43.39983801811002, -22.915162026506266]]]}, "properties": {"camada": "SSDMT", "COD_ID": "357784805", "CTMT": "TQR0007", "COMP": 39.5, "TIP_CND": "105925011_11_3", "energizado": false, "fonte": null}}, {"type": "Feature", "geometry": {"type": "MultiLineString", "coordinates": [[[-43.404489559045885, -22.914002509008526], [-43.40469699127311, -22.91377058194678]]]}, "properties": {"camada": "SSDMT", "COD_ID": "11803157", "CTMT": "TQR0007", "COMP": 34.69, "TIP_CND": "105925008_13_3", "energizado": false, "fonte": null}}, {"type": "Feature", "geometry": {"type": "MultiLineString", "coordinates": [[[-43.39031753322752, -22.909773278014313], [-43.39060760505686, -22.909462031647422]]]}, "properties": {"camada": "SSDMT", "COD_ID": "385747396", "CTMT": "TQR0007", "COMP": 47.36, "TIP_CND": "105925011_11_3", "energizado": true, "fonte": "TQR0007"}}, {"type": "Feature", "geometry": {"type": "MultiLineString", "coordinates": [[[-43.40780169559173, -22.90670401687686], [-43.40778252924031, -22.906700699277792]]]}, "properties": {"camada": "SSDMT", "COD_ID": "254863074", "CTMT": "TQR0007", "COMP": 2.08, "TIP_CND": "105925006_13_3", "energizado": false, "fonte": null}}, {"type": "Feature", "geometry": {"type": "MultiLineString", "coordinates": [[[-43.39502563522484, -22.91127135698747], [-43.39502235359868, -22.91126190511278]]]}, "properties": {"camada": "SSDMT", "COD_ID": "1013259529", "CTMT": "TQR0007", "COMP": 1.14, "TIP_CND": "105925011_11_3", "energizado": false, "fonte": null}}, {"type": "Feature", "geometry": {"type": "MultiLineString", "coordinates": [[[-43.402058232901084, -22.91527057287857], [-43.4024701268948, -22.915286069096794]]]}, "properties": {"camada": "SSDMT", "COD_ID": "357784886", "CTMT": "TQR0007", "COMP": 43.98, "TIP_CND": "105925011_11_3", "energizado": false, "fonte": null}}, {"type": "Feature", "geometry": {"type": "MultiLineString", "coordinates": [[[-43.414511612021215, -22.915326168068134], [-43.41452449391022, -22.91532759709088]]]}, "properties": {"camada": "SSDMT", "COD_ID": "483625112", "CTMT": "TQR0007", "COMP": 1.38, "TIP_CND": "105925011_11_3", "energizado": false, "fonte": null}}, {"type": "Feature", "geometry": {"type": "MultiLineString", "coordinates": [[[-43.391551873420156, -22.90956069267179], [-43.39155405337681, -22.9095751007103]]]}, "properties": {"camada": "SSDMT", "COD_ID": "385747452", "CTMT": "TQR0007", "COMP": 1.68, "TIP_CND": "105925011_11_3", "energizado": true, "fonte": "TQR0007"}}, {"type": "Feature", "geometry": {"type": "MultiLineString", "coordinates": [[[-43.39687973061501, -22.914472687164732], [-43.39708529495039, -22.914534435515748]]]}, "properties": {"camada": "SSDMT", "COD_ID": "357784734", "CTMT": "TQR0007", "COMP": 23.05, "TIP_CND": "105925011_11_3", "energizado": false, "fonte": null}}, {"type": "Feature", "geometry": {"type": "MultiLineString", "coordinates": [[[-43.39392003837901, -22.91115966658532], [-43.39429619241531, -22.911243449225765]]]}, "properties": {"camada": "SSDMT", "COD_ID": "254862276", "CTMT": "TQR0007", "COMP": 41.27, "TIP_CND": "105925011_11_3", "energizado": true, "fonte": "TQR0007"}}, {"type": "Feature", "geometry": {"type": "MultiLineString", "coordinates": [[[-43.40809682520825, -22.906705003433103], [-43.40780169559173, -22.90670401687686]]]}, "properties": {"camada": "SSDMT", "COD_ID": "254862354", "CTMT": "TQR0007", "COMP": 31.49, "TIP_CND": "105925006_13_3", "energizado": false, "fonte": null}}, {"type": "Feature", "geometry": {"type": "MultiLineString", "coordinates": [[[-43.4090992320439, -22.907130060803638], [-43.40910940247687, -22.907133196739608]]]}, "properties": {"camada": "SSDMT", "COD_ID": "481804094", "CTMT": "TQR0007", "COMP": 1.14, "TIP_CND": "105925011_11_3", "energizado": false, "fonte": null}}, {"type": "Feature", "geometry": {"type": "MultiLineString", "coordinates": [[[-43.41087995264763, -22.905584646014574], [-43.411050125962504, -22.90570556436029]]]}, "properties": {"camada": "SSDMT", "COD_ID": "11804105", "CTMT": "TQR0007", "COMP": 22.88, "TIP_CND": "105925006_13_3", "energizado": false, "fonte": null}}, {"type": "Feature", "geometry": {"type": "MultiLineString", "coordinates": [[[-43.41758325995943, -22.91045242174181], [-43.41790102191459, -22.91028742492466]]]}, "properties": {"camada": "SSDMT", "COD_ID": "11799191", "CTMT": "TQR0007", "COMP": 38.86, "TIP_CND": "105925006_13_3", "energizado": false, "fonte": null}}, {"type": "Feature", "geometry": {"type": "MultiLineString", "coordinates": [[[-43.41818920786562, -22.91013963393692], [-43.41851953964499, -22.909976711855734]]]}, "properties": {"camada": "SSDMT", "COD_ID": "288692761", "CTMT": "TQR0007", "COMP": 39.92, "TIP_CND": "105925006_13_3", "energizado": false, "fonte": null}}, {"type": "Feature", "geometry": {"type": "MultiLineString", "coordinates": [[[-43.39460642884359, -22.911300164970612], [-43.39499652237157, -22.911278955359478]]]}, "properties": {"camada": "SSDMT", "COD_ID": "11799407", "CTMT": "TQR0007", "COMP": 41.69, "TIP_CND": "105925011_11_3", "energizado": true, "fonte": "TQR0007"}}, {"type": "Feature", "geometry": {"type": "MultiLineString", "coordinates": [[[-43.41122004386989, -22.90534601990288], [-43.41099051440068, -22.904964409679735]]]}, "properties": {"camada": "SSDMT", "COD_ID": "11804129", "CTMT": "TQR0007", "COMP": 50.31, "TIP_CND": "105925006_13_3", "energizado": false, "fonte": null}}, {"type": "Feature", "geometry": {"type": "MultiLineString", "coordinates": [[[-43.41267174570447, -22.908388370626767], [-43.41301159051244, -22.908658239186366]]]}, "properties": {"camada": "SSDMT", "COD_ID": "11798819", "CTMT": "TQR0007", "COMP": 47.75, "TIP_CND": "105925011_11_3", "energizado": false, "fonte": null}}, {"type": "Feature", "geometry": {"type": "MultiLineString", "coordinates": [[[-43.41560983172832, -22.91356941619557], [-43.41535783719439, -22.913906730311282]]]}, "properties": {"camada": "SSDMT", "COD_ID": "11798609", "CTMT": "TQR0007", "COMP": 47.24, "TIP_CND": "105925011_11_3", "energizado": false, "fonte": null}}, {"type": "Feature", "geometry": {"type": "MultiLineString", "coordinates": [[[-43.413709496795775, -22.915423731919645], [-43.41342191518919, -22.915453671249907]]]}, "properties": {"camada": "SSDMT", "COD_ID": "453734557", "CTMT": "TQR0007", "COMP": 30.87, "TIP_CND": "105925010_11_3", "energizado": false, "fonte": null}}, {"type": "Feature", "geometry": {"type": "MultiLineString", "coordinates": [[[-43.409106235963975, -22.907146423068923], [-43.409096004377034, -22.907143457104837]]]}, "properties": {"camada": "SSDMT", "COD_ID": "481804112", "CTMT": "TQR0007", "COMP": 1.14, "TIP_CND": "105925011_11_3", "energizado": false, "fonte": null}}, {"type": "Feature", "geometry": {"type": "MultiLineString", "coordinates": [[[-43.39911662333344, -22.915099341961024], [-43.399127255118685, -22.915100623494936]]]}, "properties": {"camada": "SSDMT", "COD_ID": "479996494", "CTMT": "TQR0007", "COMP": 1.14, "TIP_CND": "105925011_11_3", "energizado": false, "fonte": null}}, {"type": "Feature", "geometry": {"type": "MultiLineString", "coordinates": [[[-43.41331332295147, -22.908934309470737], [-43.413515615553194, -22.90914405205632]]]}, "properties": {"camada": "SSDMT", "COD_ID": "11798813", "CTMT": "TQR0007", "COMP": 32.39, "TIP_CND": "105925011_11_3", "energizado": false, "fonte": null}}, {"type": "Feature", "geometry": {"type": "MultiLineString", "coordinates": [[[-43.417338637168314, -22.910566219255543], [-43.41758325995943, -22.91045242174181]]]}, "properties": {"camada": "SSDMT", "COD_ID": "11799185", "CTMT": "TQR0007", "COMP": 29.2, "TIP_CND": "105925006_13_3", "energizado": false, "fonte": null}}, {"type": "Feature", "geometry": {"type": "MultiLineString", "coordinates": [[[-43.40847852536359, -22.90750833993792], [-43.40848272249963, -22.907266355757656]]]}, "properties": {"camada": "SSDMT", "COD_ID": "11803829", "CTMT": "TQR0007", "COMP": 27.87, "TIP_CND": "105925011_11_3", "energizado": false, "fonte": null}}, {"type": "Feature", "geometry": {"type": "MultiLineString", "coordinates": [[[-43.39624650986849, -22.91254319081554], [-43.39616112463614, -22.912890666371084]]]}, "properties": {"camada": "SSDMT", "COD_ID": "254862912", "CTMT": "TQR0007", "COMP": 41.04, "TIP_CND": "105925011_11_3", "energizado": false, "fonte": null}}, {"type": "Feature", "geometry": {"type": "MultiLineString", "coordinates": [[[-43.407183741736276, -22.909725542899423], [-43.40742325637814, -22.90928074451068]]]}, "properties": {"camada": "SSDMT", "COD_ID": "11803757", "CTMT": "TQR0007", "COMP": 57.24, "TIP_CND": "105925011_11_3", "energizado": false, "fonte": null}}, {"type": "Feature", "geometry": {"type": "MultiLineString", "coordinates": [[[-43.401450536712844, -22.91447329600578], [-43.40118683210659, -22.914490757242618]]]}, "properties": {"camada": "SSDMT", "COD_ID": "520244074", "CTMT": "TQR0007", "COMP": 28.2, "TIP_CND": "105925010_11_3", "energizado": false, "fonte": null}}, {"type": "Feature", "geometry": {"type": "MultiLineString", "coordinates": [[[-43.41301159051244, -22.908658239186366], [-43.41331332295147, -22.908934309470737]]]}, "properties": {"camada": "SSDMT", "COD_ID": "288692551", "CTMT": "TQR0007", "COMP": 45.24, "TIP_CND": "105925011_11_3", "energizado": false, "fonte": null}}, {"type": "Feature", "geometry": {"type": "MultiLineString", "coordinates": [[[-43.40118683210659, -22.914490757242618], [-43.4010120551622, -22.914307603113343]]]}, "properties": {"camada": "SSDMT", "COD_ID": "520244080", "CTMT": "TQR0007", "COMP": 28.15, "TIP_CND": "105925010_11_3", "energizado": false, "fonte": null}}, {"type": "Feature", "geometry": {"type": "MultiLineString", "coordinates": [[[-43.413515615553194, -22.90914405205632], [-43.41374324025827, -22.909366998488167]]]}, "properties": {"camada": "SSDMT", "COD_ID": "11798807", "CTMT": "TQR0007", "COMP": 35.34, "TIP_CND": "105925011_11_3", "energizado": false, "fonte": null}}, {"type": "Feature", "geometry": {"type": "MultiLineString", "coordinates": [[[-43.40357984803154, -22.91259351687728], [-43.40339283491136, -22.91274516235933]]]}, "properties": {"camada": "SSDMT", "COD_ID": "11803307", "CTMT": "TQR0007", "COMP": 26.51, "TIP_CND": "105925006_13_3", "energizado": false, "fonte": null}}, {"type": "Feature", "geometry": {"type": "MultiLineString", "coordinates": [[[-43.413466753587784, -22.909517887640334], [-43.41317757208725, -22.90963693089958]]]}, "properties": {"camada": "SSDMT", "COD_ID": "783019653", "CTMT": "TQR0007", "COMP": 33.76, "TIP_CND": "105925010_11_3", "energizado": false, "fonte": null}}, {"type": "Feature", "geometry": {"type": "MultiLineString", "coordinates": [[[-43.40376823531574, -22.91232448019059], [-43.40357984803154, -22.91259351687728]]]}, "properties": {"camada": "SSDMT", "COD_ID": "11803301", "CTMT": "TQR0007", "COMP": 36.93, "TIP_CND": "105925006_13_3", "energizado": false, "fonte": null}}, {"type": "Feature", "geometry": {"type": "MultiLineString", "coordinates": [[[-43.406125878206694, -22.91109373908472], [-43.40638393956709, -22.91087449336311]]]}, "properties": {"camada": "SSDMT", "COD_ID": "11803739", "CTMT": "TQR0007", "COMP": 37.36, "TIP_CND": "105925011_11_3", "energizado": false, "fonte": null}}, {"type": "Feature", "geometry": {"type": "MultiLineString", "coordinates": [[[-43.408810028959635, -22.9067871789851], [-43.40896943828892, -22.906491752592274]]]}, "properties": {"camada": "SSDMT", "COD_ID": "11804021", "CTMT": "TQR0007", "COMP": 38.04, "TIP_CND": "105925006_13_3", "energizado": false, "fonte": null}}, {"type": "Feature", "geometry": {"type": "MultiLineString", "coordinates": [[[-43.41513163072011, -22.91062085486851], [-43.4154581718571, -22.91078799117281]]]}, "properties": {"camada": "SSDMT", "COD_ID": "288692523", "CTMT": "TQR0007", "COMP": 39.8, "TIP_CND": "105925011_11_3", "energizado": false, "fonte": null}}, {"type": "Feature", "geometry": {"type": "MultiLineString", "coordinates": [[[-43.4010120551622, -22.914307603113343], [-43.400807569113965, -22.91418453089136]]]}, "properties": {"camada": "SSDMT", "COD_ID": "520244086", "CTMT": "TQR0007", "COMP": 26.01, "TIP_CND": "105925010_11_3", "energizado": false, "fonte": null}}, {"type": "Feature", "geometry": {"type": "MultiLineString", "coordinates": [[[-43.40742325637814, -22.90928074451068], [-43.40759193861703, -22.90903922168269]]]}, "properties": {"camada": "SSDMT", "COD_ID": "11803769", "CTMT": "TQR0007", "COMP": 33.13, "TIP_CND": "105925011_11_3", "energizado": false, "fonte": null}}, {"type": "Feature", "geometry": {"type": "MultiLineString", "coordinates": [[[-43.4035264543823, -22.91495961069745], [-43.40342588229856, -22.9149042565262]]]}, "properties": {"camada": "SSDMT", "COD_ID": "580840850", "CTMT": "TQR0007", "COMP": 12.48, "TIP_CND": "105925010_11_3", "energizado": false, "fonte": null}}, {"type": "Feature", "geometry": {"type": "MultiLineString", "coordinates": [[[-43.4154581718571, -22.91078799117281], [-43.415704971906905, -22.91093016229712]]]}, "properties": {"camada": "SSDMT", "COD_ID": "11798783", "CTMT": "TQR0007", "COMP": 31.0, "TIP_CND": "105925006_13_3", "energizado": false, "fonte": null}}, {"type": "Feature", "geometry": {"type": "MultiLineString", "coordinates": [[[-43.41490647555338, -22.91445927737368], [-43.41482277565052, -22.914720200376905]]]}, "properties": {"camada": "SSDMT", "COD_ID": "483624749", "CTMT": "TQR0007", "COMP": 31.35, "TIP_CND": "105925011_11_3", "energizado": false, "fonte": null}}, {"type": "Feature", "geometry": {"type": "MultiLineString", "coordinates": [[[-43.40471258551736, -22.912934146793418], [-43.404348586717845, -22.91271866563386]]]}, "properties": {"camada": "SSDMT", "COD_ID": "11803289", "CTMT": "TQR0007", "COMP": 46.08, "TIP_CND": "105925006_13_3", "energizado": false, "fonte": null}}, {"type": "Feature", "geometry": {"type": "MultiLineString", "coordinates": [[[-43.40536706803573, -22.905657518079977], [-43.404990916697386, -22.905310548842692]]]}, "properties": {"camada": "SSDMT", "COD_ID": "11803931", "CTMT": "TQR0007", "COMP": 56.63, "TIP_CND": "105925006_13_3", "energizado": false, "fonte": null}}, {"type": "Feature", "geometry": {"type": "MultiLineString", "coordinates": [[[-43.39551206233176, -22.911139787071477], [-43.39556723933657, -22.911150893698732]]]}, "properties": {"camada": "SSDMT", "COD_ID": "11799545", "CTMT": "TQR0007", "COMP": 6.02, "TIP_CND": "105925011_11_3", "energizado": false, "fonte": null}}, {"type": "Feature", "geometry": {"type": "MultiLineString", "coordinates": [[[-43.392950930740824, -22.910952158815007], [-43.393252477020155, -22.9110197806383]]]}, "properties": {"camada": "SSDMT", "COD_ID": "11799221", "CTMT": "TQR0007", "COMP": 33.1, "TIP_CND": "105925011_11_3", "energizado": true, "fonte": "TQR0007"}}, {"type": "Feature", "geometry": {"type": "MultiLineString", "coordinates": [[[-43.40638393956709, -22.91087449336311], [-43.40668710912274, -22.91067118902413]]]}, "properties": {"camada": "SSDMT", "COD_ID": "11803751", "CTMT": "TQR0007", "COMP": 39.93, "TIP_CND": "105925011_11_3", "energizado": false, "fonte": null}}, {"type": "Feature", "geometry": {"type": "MultiLineString", "coordinates": [[[-43.40524693210017, -22.91216858091525], [-43.405409293004425, -22.911931304685936]]]}, "properties": {"camada": "SSDMT", "COD_ID": "11803589", "CTMT": "TQR0007", "COMP": 32.35, "TIP_CND": "105925011_11_3", "energizado": false, "fonte": null}}, {"type": "Feature", "geometry": {"type": "MultiLineString", "coordinates": [[[-43.40261069812516, -22.914541730816154], [-43.40237703717048, -22.914552894100723]]]}, "properties": {"camada": "SSDMT", "COD_ID": "580842297", "CTMT": "TQR0007", "COMP": 24.96, "TIP_CND": "105925010_11_3", "energizado": false, "fonte": null}}, {"type": "Feature", "geometry": {"type": "MultiLineString", "coordinates": [[[-43.40177130060499, -22.915258295334013], [-43.40178201063122, -22.915258745894334]]]}, "properties": {"camada": "SSDMT", "COD_ID": "1000485735", "CTMT": "TQR0007", "COMP": 1.14, "TIP_CND": "105925009_13_3", "energizado": false, "fonte": null}}, {"type": "Feature", "geometry": {"type": "MultiLineString", "coordinates": [[[-43.402918653872746, -22.915257166684853], [-43.40291798477716, -22.91524520300368]]]}, "properties": {"camada": "SSDMT", "COD_ID": "628723225", "CTMT": "TQR0007", "COMP": 1.38, "TIP_CND": "105925008_13_3", "energizado": false, "fonte": null}}, {"type": "Feature", "geometry": {"type": "MultiLineString", "coordinates": [[[-43.40290321790911, -22.9152581937106], [-43.402918653872746, -22.915257166684853]]]}, "properties": {"camada": "SSDMT", "COD_ID": "628723219", "CTMT": "TQR0007", "COMP": 1.65, "TIP_CND": "105925008_13_3", "energizado": false, "fonte": null}}, {"type": "Feature", "geometry": {"type": "MultiLineString", "coordinates": [[[-43.3953706394434, -22.91118212895202], [-43.39551206233176, -22.911139787071477]]]}, "properties": {"camada": "SSDMT", "COD_ID": "254862954", "CTMT": "TQR0007", "COMP": 15.86, "TIP_CND": "105925011_11_3", "energizado": false, "fonte": null}}, {"type": "Feature", "geometry": {"type": "MultiLineString", "coordinates": [[[-43.402918653872746, -22.915257166684853], [-43.403193958834095, -22.915264917941556]]]}, "properties": {"camada": "SSDMT", "COD_ID": "134733099", "CTMT": "TQR0007", "COMP": 29.38, "TIP_CND": "105925008_13_3", "energizado": false, "fonte": null}}, {"type": "Feature", "geometry": {"type": "MultiLineString", "coordinates": [[[-43.40377506206943, -22.914824327480687], [-43.4035264543823, -22.91495961069745]]]}, "properties": {"camada": "SSDMT", "COD_ID": "580840831", "CTMT": "TQR0007", "COMP": 30.76, "TIP_CND": "105925010_11_3", "energizado": false, "fonte": null}}, {"type": "Feature", "geometry": {"type": "MultiLineString", "coordinates": [[[-43.40852231065605, -22.906908025385007], [-43.408488322577966, -22.906811358157597]]]}, "properties": {"camada": "SSDMT", "COD_ID": "11803859", "CTMT": "TQR0007", "COMP": 11.71, "TIP_CND": "105925006_13_3", "energizado": false, "fonte": null}}, {"type": "Feature", "geometry": {"type": "MultiLineString", "coordinates": [[[-43.39130668315687, -22.90938038939339], [-43.39110731964706, -22.909219472800373]]]}, "properties": {"camada": "SSDMT", "COD_ID": "257936309", "CTMT": "TQR0007", "COMP": 28.21, "TIP_CND": "105925011_11_3", "energizado": true, "fonte": "TQR0007"}}, {"type": "Feature", "geometry": {"type": "MultiLineString", "coordinates": [[[-43.39708529495039, -22.914534435515748], [-43.39742673515565, -22.914625472987154]]]}, "properties": {"camada": "SSDMT", "COD_ID": "357784745", "CTMT": "TQR0007", "COMP": 37.9, "TIP_CND": "105925009_13_3", "energizado": false, "fonte": null}}, {"type": "Feature", "geometry": {"type": "MultiLineString", "coordinates": [[[-43.40910940247687, -22.907133196739608], [-43.409106235963975, -22.907146423068923]]]}, "properties": {"camada": "SSDMT", "COD_ID": "481804106", "CTMT": "TQR0007", "COMP": 1.56, "TIP_CND": "105925011_11_3", "energizado": false, "fonte": null}}, {"type": "Feature", "geometry": {"type": "MultiLineString", "coordinates": [[[-43.409068807079734, -22.907121546022495], [-43.40906529972375, -22.907134695909463]]]}, "properties": {"camada": "SSDMT", "COD_ID": "481804100", "CTMT": "TQR0007", "COMP": 1.56, "TIP_CND": "105925011_11_3", "energizado": false, "fonte": null}}, {"type": "Feature", "geometry": {"type": "MultiLineString", "coordinates": [[[-43.407297074300516, -22.906616708893978], [-43.407012533301724, -22.90656216321321]]]}, "properties": {"camada": "SSDMT", "COD_ID": "11803901", "CTMT": "TQR0007", "COMP": 31.0, "TIP_CND": "105925006_13_3", "energizado": false, "fonte": null}}, {"type": "Feature", "geometry": {"type": "MultiLineString", "coordinates": [[[-43.40759193861703, -22.90903922168269], [-43.40786164709732, -22.908849712044514]]]}, "properties": {"camada": "SSDMT", "COD_ID": "11803775", "CTMT": "TQR0007", "COMP": 36.11, "TIP_CND": "105925011_11_3", "energizado": false, "fonte": null}}, {"type": "Feature", "geometry": {"type": "MultiLineString", "coordinates": [[[-43.40628350687831, -22.906488572589524], [-43.40570391360467, -22.906031184591427]]]}, "properties": {"camada": "SSDMT", "COD_ID": "11803919", "CTMT": "TQR0007", "COMP": 81.23, "TIP_CND": "105925006_13_3", "energizado": false, "fonte": null}}, {"type": "Feature", "geometry": {"type": "MultiLineString", "coordinates": [[[-43.409582248022275, -22.906025166328334], [-43.40970532024431, -22.905972377023545]]]}, "properties": {"camada": "SSDMT", "COD_ID": "11804051", "CTMT": "TQR0007", "COMP": 14.47, "TIP_CND": "105925006_13_3", "energizado": false, "fonte": null}}, {"type": "Feature", "geometry": {"type": "MultiLineString", "coordinates": [[[-43.392840842031205, -22.90999300307459], [-43.393088231136915, -22.910037362134517]]]}, "properties": {"camada": "SSDMT", "COD_ID": "11799095", "CTMT": "TQR0007", "COMP": 26.88, "TIP_CND": "105925011_11_3", "energizado": true, "fonte": "TQR0007"}}, {"type": "Feature", "geometry": {"type": "MultiLineString", "coordinates": [[[-43.40342588229856, -22.9149042565262], [-43.40326824553307, -22.914816538452442]]]}, "properties": {"camada": "SSDMT", "COD_ID": "455571990", "CTMT": "TQR0007", "COMP": 19.62, "TIP_CND": "105925010_11_3", "energizado": false, "fonte": null}}, {"type": "Feature", "geometry": {"type": "MultiLineString", "coordinates": [[[-43.40199002561917, -22.91424702567963], [-43.401840344256414, -22.914160271679123]]]}, "properties": {"camada": "SSDMT", "COD_ID": "580843433", "CTMT": "TQR0007", "COMP": 18.84, "TIP_CND": "105925010_11_3", "energizado": false, "fonte": null}}, {"type": "Feature", "geometry": {"type": "MultiLineString", "coordinates": [[[-43.41068779720405, -22.90752915564599], [-43.411110104447744, -22.907639009632533]]]}, "properties": {"camada": "SSDMT", "COD_ID": "288692587", "CTMT": "TQR0007", "COMP": 46.8, "TIP_CND": "105925011_11_3", "energizado": false, "fonte": null}}, {"type": "Feature", "geometry": {"type": "MultiLineString", "coordinates": [[[-43.40316936507412, -22.912679692613665], [-43.40324145203135, -22.912512322485668]]]}, "properties": {"camada": "SSDMT", "COD_ID": "11803313", "CTMT": "TQR0007", "COMP": 20.75, "TIP_CND": "105925006_13_3", "energizado": false, "fonte": null}}, {"type": "Feature", "geometry": {"type": "MultiLineString", "coordinates": [[[-43.41099051440068, -22.904964409679735], [-43.41081046113385, -22.904520076240487]]]}, "properties": {"camada": "SSDMT", "COD_ID": "11804135", "CTMT": "TQR0007", "COMP": 54.66, "TIP_CND": "105925006_13_3", "energizado": false, "fonte": null}}, {"type": "Feature", "geometry": {"type": "MultiLineString", "coordinates": [[[-43.40582598847857, -22.911370896649544], [-43.406125878206694, -22.91109373908472]]]}, "properties": {"camada": "SSDMT", "COD_ID": "11803733", "CTMT": "TQR0007", "COMP": 45.19, "TIP_CND": "105925011_11_3", "energizado": false, "fonte": null}}, {"type": "Feature", "geometry": {"type": "MultiLineString", "coordinates": [[[-43.408162624105785, -22.908701698024913], [-43.408439617993906, -22.90843249766158]]]}, "properties": {"camada": "SSDMT", "COD_ID": "11803805", "CTMT": "TQR0007", "COMP": 42.83, "TIP_CND": "105925011_11_3", "energizado": false, "fonte": null}}, {"type": "Feature", "geometry": {"type": "MultiLineString", "coordinates": [[[-43.411050125962504, -22.90570556436029], [-43.41123638545076, -22.905617119634314]]]}, "properties": {"camada": "SSDMT", "COD_ID": "11804111", "CTMT": "TQR0007", "COMP": 22.33, "TIP_CND": "105925006_13_3", "energizado": false, "fonte": null}}, {"type": "Feature", "geometry": {"type": "MultiLineString", "coordinates": [[[-43.41915584686478, -22.907244085845832], [-43.41884119926192, -22.90720004514594]]]}, "properties": {"camada": "SSDMT", "COD_ID": "288692854", "CTMT": "TQR0007", "COMP": 33.95, "TIP_CND": "105925006_13_3", "energizado": false, "fonte": null}}, {"type": "Feature", "geometry": {"type": "MultiLineString", "coordinates": [[[-43.40138341491263, -22.91200241138216], [-43.400944416251775, -22.91197208984005]]]}, "properties": {"camada": "SSDMT", "COD_ID": "1015685962", "CTMT": "TQR0007", "COMP": 46.96, "TIP_CND": "105925008_13_3", "energizado": false, "fonte": null}}, {"type": "Feature", "geometry": {"type": "MultiLineString", "coordinates": [[[-43.396115306875856, -22.913105035069293], [-43.396016292417926, -22.913507110264902]]]}, "properties": {"camada": "SSDMT", "COD_ID": "12958301", "CTMT": "TQR0007", "COMP": 47.49, "TIP_CND": "105925011_11_3", "energizado": false, "fonte": null}}, {"type": "Feature", "geometry": {"type": "MultiLineString", "coordinates": [[[-43.40987770589135, -22.907300307862897], [-43.41027927566802, -22.907418472484494]]]}, "properties": {"camada": "SSDMT", "COD_ID": "11798843", "CTMT": "TQR0007", "COMP": 44.95, "TIP_CND": "105925011_11_3", "energizado": false, "fonte": null}}, {"type": "Feature", "geometry": {"type": "MultiLineString", "coordinates": [[[-43.405409293004425, -22.911931304685936], [-43.405643916233714, -22.91159303728881]]]}, "properties": {"camada": "SSDMT", "COD_ID": "11803709", "CTMT": "TQR0007", "COMP": 46.3, "TIP_CND": "105925011_11_3", "energizado": false, "fonte": null}}, {"type": "Feature", "geometry": {"type": "MultiLineString", "coordinates": [[[-43.39259208865394, -22.909926268882145], [-43.392840842031205, -22.90999300307459]]]}, "properties": {"camada": "SSDMT", "COD_ID": "11799089", "CTMT": "TQR0007", "COMP": 27.63, "TIP_CND": "105925011_11_3", "energizado": true, "fonte": "TQR0007"}}, {"type": "Feature", "geometry": {"type": "MultiLineString", "coordinates": [[[-43.40144493663445, -22.91109445314646], [-43.40163236164415, -22.910488285805684]]]}, "properties": {"camada": "SSDMT", "COD_ID": "576048752", "CTMT": "TQR0007", "COMP": 72.62, "TIP_CND": "105925008_13_3", "energizado": false, "fonte": null}}, {"type": "Feature", "geometry": {"type": "MultiLineString", "coordinates": [[[-43.39611369259279, -22.912430610084527], [-43.39624650986849, -22.91254319081554]]]}, "properties": {"camada": "SSDMT", "COD_ID": "11799707", "CTMT": "TQR0007", "COMP": 19.21, "TIP_CND": "105925011_11_3", "energizado": false, "fonte": null}}, {"type": "Feature", "geometry": {"type": "MultiLineString", "coordinates": [[[-43.400241292101896, -22.91520999904219], [-43.40064835853485, -22.915247171619626]]]}, "properties": {"camada": "SSDMT", "COD_ID": "357784828", "CTMT": "TQR0007", "COMP": 43.64, "TIP_CND": "105925011_11_3", "energizado": false, "fonte": null}}, {"type": "Feature", "geometry": {"type": "MultiLineString", "coordinates": [[[-43.41452449391022, -22.91532759709088], [-43.414521985701015, -22.915338716308668]]]}, "properties": {"camada": "SSDMT", "COD_ID": "483625102", "CTMT": "TQR0007", "COMP": 1.31, "TIP_CND": "105925011_11_3", "energizado": false, "fonte": null}}, {"type": "Feature", "geometry": {"type": "MultiLineString", "coordinates": [[[-43.40291798477716, -22.91524520300368], [-43.402902912139666, -22.915246007896883]]]}, "properties": {"camada": "SSDMT", "COD_ID": "628723235", "CTMT": "TQR0007", "COMP": 1.61, "TIP_CND": "105925008_13_3", "energizado": false, "fonte": null}}, {"type": "Feature", "geometry": {"type": "MultiLineString", "coordinates": [[[-43.41637435709089, -22.91100344894994], [-43.41639180483787, -22.91099539642039]]]}, "properties": {"camada": "SSDMT", "COD_ID": "11799161", "CTMT": "TQR0007", "COMP": 2.08, "TIP_CND": "105925006_13_3", "energizado": false, "fonte": null}}, {"type": "Feature", "geometry": {"type": "MultiLineString", "coordinates": [[[-43.409732622762306, -22.905962662546813], [-43.40999154297526, -22.905772913688963]]]}, "properties": {"camada": "SSDMT", "COD_ID": "11804057", "CTMT": "TQR0007", "COMP": 35.22, "TIP_CND": "105925006_13_3", "energizado": false, "fonte": null}}, {"type": "Feature", "geometry": {"type": "MultiLineString", "coordinates": [[[-43.40204818297724, -22.915234626976428], [-43.4020402032927, -22.915134318394053]]]}, "properties": {"camada": "SSDMT", "COD_ID": "14858470", "CTMT": "TQR0007", "COMP": 11.58, "TIP_CND": "105925006_13_3", "energizado": false, "fonte": null}}, {"type": "Feature", "geometry": {"type": "MultiLineString", "coordinates": [[[-43.4020402032927, -22.915134318394053], [-43.40204299838564, -22.91512296715115]]]}, "properties": {"camada": "SSDMT", "COD_ID": "254862024", "CTMT": "TQR0007", "COMP": 1.34, "TIP_CND": "105925006_13_3", "energizado": false, "fonte": null}}, {"type": "Feature", "geometry": {"type": "MultiLineString", "coordinates": [[[-43.41453566349003, -22.91523904084903], [-43.414511612021215, -22.915326168068134]]]}, "properties": {"camada": "SSDMT", "COD_ID": "453734288", "CTMT": "TQR0007", "COMP": 10.36, "TIP_CND": "105925011_11_3", "energizado": false, "fonte": null}}, {"type": "Feature", "geometry": {"type": "MultiLineString", "coordinates": [[[-43.40378363800443, -22.914819662697255], [-43.40377506206943, -22.914824327480687]]]}, "properties": {"camada": "SSDMT", "COD_ID": "455357767", "CTMT": "TQR0007", "COMP": 1.06, "TIP_CND": "105925010_11_3", "energizado": false, "fonte": null}}, {"type": "Feature", "geometry": {"type": "MultiLineString", "coordinates": [[[-43.40175311361526, -22.91408805432019], [-43.40182140813141, -22.913973280142727]]]}, "properties": {"camada": "SSDMT", "COD_ID": "580843459", "CTMT": "TQR0007", "COMP": 15.09, "TIP_CND": "105925010_11_3", "energizado": false, "fonte": null}}, {"type": "Feature", "geometry": {"type": "MultiLineString", "coordinates": [[[-43.41141703586749, -22.907705901206327], [-43.411841096789146, -22.907787467017954]]]}, "properties": {"camada": "SSDMT", "COD_ID": "11798831", "CTMT": "TQR0007", "COMP": 46.2, "TIP_CND": "105925011_11_3", "energizado": false, "fonte": null}}, {"type": "Feature", "geometry": {"type": "MultiLineString", "coordinates": [[[-43.41541949651253, -22.912260799196474], [-43.41536781787045, -22.91251315525784]]]}, "properties": {"camada": "SSDMT", "COD_ID": "11798639", "CTMT": "TQR0007", "COMP": 29.58, "TIP_CND": "105925011_11_3", "energizado": false, "fonte": null}}, {"type": "Feature", "geometry": {"type": "MultiLineString", "coordinates": [[[-43.40511073427291, -22.913472555613907], [-43.405208896173576, -22.913350476243465]]]}, "properties": {"camada": "SSDMT", "COD_ID": "11803235", "CTMT": "TQR0007", "COMP": 17.53, "TIP_CND": "105925011_11_3", "energizado": false, "fonte": null}}, {"type": "Feature", "geometry": {"type": "MultiLineString", "coordinates": [[[-43.40339283491136, -22.91274516235933], [-43.40316936507412, -22.912679692613665]]]}, "properties": {"camada": "SSDMT", "COD_ID": "12405735", "CTMT": "TQR0007", "COMP": 25.0, "TIP_CND": "105925006_13_3", "energizado": false, "fonte": null}}, {"type": "Feature", "geometry": {"type": "MultiLineString", "coordinates": [[[-43.406705370756185, -22.906641621013932], [-43.40628350687831, -22.906488572589524]]]}, "properties": {"camada": "SSDMT", "COD_ID": "11803913", "CTMT": "TQR0007", "COMP": 48.33, "TIP_CND": "105925006_13_3", "energizado": false, "fonte": null}}, {"type": "Feature", "geometry": {"type": "MultiLineString", "coordinates": [[[-43.40160737667907, -22.91413057516587], [-43.401452354242736, -22.91402378966609]]]}, "properties": {"camada": "SSDMT", "COD_ID": "11795975", "CTMT": "TQR0007", "COMP": 20.61, "TIP_CND": "105925006_13_3", "energizado": false, "fonte": null}}, {"type": "Feature", "geometry": {"type": "MultiLineString", "coordinates": [[[-43.40189940813116, -22.914585357827946], [-43.40168900634251, -22.914422057132185]]]}, "properties": {"camada": "SSDMT", "COD_ID": "520244062", "CTMT": "TQR0007", "COMP": 29.28, "TIP_CND": "105925010_11_3", "energizado": false, "fonte": null}}, {"type": "Feature", "geometry": {"type": "MultiLineString", "coordinates": [[[-43.405643916233714, -22.91159303728881], [-43.40582598847857, -22.911370896649544]]]}, "properties": {"camada": "SSDMT", "COD_ID": "11803715", "CTMT": "TQR0007", "COMP": 32.12, "TIP_CND": "105925011_11_3", "energizado": false, "fonte": null}}, {"type": "Feature", "geometry": {"type": "MultiLineString", "coordinates": [[[-43.41467549008178, -22.914911289224563], [-43.41456492383213, -22.91513148283161]]]}, "properties": {"camada": "SSDMT", "COD_ID": "483624723", "CTMT": "TQR0007", "COMP": 27.97, "TIP_CND": "105925011_11_3", "energizado": false, "fonte": null}}, {"type": "Feature", "geometry": {"type": "MultiLineString", "coordinates": [[[-43.41215312646557, -22.907971632884482], [-43.412305455432374, -22.908094041406855]]]}, "properties": {"camada": "SSDMT", "COD_ID": "288692567", "CTMT": "TQR0007", "COMP": 21.51, "TIP_CND": "105925011_11_3", "energizado": false, "fonte": null}}, {"type": "Feature", "geometry": {"type": "MultiLineString", "coordinates": [[[-43.415349596706506, -22.91285547230217], [-43.415450730866496, -22.913106142134723]]]}, "properties": {"camada": "SSDMT", "COD_ID": "11798627", "CTMT": "TQR0007", "COMP": 30.82, "TIP_CND": "105925011_11_3", "energizado": false, "fonte": null}}, {"type": "Feature", "geometry": {"type": "MultiLineString", "coordinates": [[[-43.40113208947429, -22.91265011750886], [-43.40135004287015, -22.912354289119094]]]}, "properties": {"camada": "SSDMT", "COD_ID": "11796005", "CTMT": "TQR0007", "COMP": 41.25, "TIP_CND": "105925008_13_3", "energizado": false, "fonte": null}}, {"type": "Feature", "geometry": {"type": "MultiLineString", "coordinates": [[[-43.401054747778346, -22.913426015698008], [-43.401025390309485, -22.912946373975956]]]}, "properties": {"camada": "SSDMT", "COD_ID": "11795993", "CTMT": "TQR0007", "COMP": 55.33, "TIP_CND": "105925008_13_3", "energizado": false, "fonte": null}}, {"type": "Feature", "geometry": {"type": "MultiLineString", "coordinates": [[[-43.39093561748473, -22.909078261252716], [-43.39112496884218, -22.90922091621229]]]}, "properties": {"camada": "SSDMT", "COD_ID": "385747426", "CTMT": "TQR0007", "COMP": 26.04, "TIP_CND": "105925011_11_3", "energizado": true, "fonte": "TQR0007"}}, {"type": "Feature", "geometry": {"type": "MultiLineString", "coordinates": [[[-43.402874060089744, -22.915260401546277], [-43.40288863899946, -22.91525929358147]]]}, "properties": {"camada": "SSDMT", "COD_ID": "260549917", "CTMT": "TQR0007", "COMP": 1.56, "TIP_CND": "105925008_13_3", "energizado": false, "fonte": null}}, {"type": "Feature", "geometry": {"type": "MultiLineString", "coordinates": [[[-43.39983801811002, -22.915162026506266], [-43.400241292101896, -22.91520999904219]]]}, "properties": {"camada": "SSDMT", "COD_ID": "357784815", "CTMT": "TQR0007", "COMP": 43.37, "TIP_CND": "105925011_11_3", "energizado": false, "fonte": null}}, {"type": "Feature", "geometry": {"type": "MultiLineString", "coordinates": [[[-43.40876383258478, -22.906974084186572], [-43.40876529847969, -22.90696452619187]]]}, "properties": {"camada": "SSDMT", "COD_ID": "556554357", "CTMT": "TQR0007", "COMP": 1.11, "TIP_CND": "105925006_13_3", "energizado": false, "fonte": null}}, {"type": "Feature", "geometry": {"type": "MultiLineString", "coordinates": [[[-43.395231069158456, -22.91121773401119], [-43.3953706394434, -22.91118212895202]]]}, "properties": {"camada": "SSDMT", "COD_ID": "11799539", "CTMT": "TQR0007", "COMP": 15.44, "TIP_CND": "105925011_11_3", "energizado": false, "fonte": null}}, {"type": "Feature", "geometry": {"type": "MultiLineString", "coordinates": [[[-43.40425232328607, -22.914280085657367], [-43.404489559045885, -22.914002509008526]]]}, "properties": {"camada": "SSDMT", "COD_ID": "11803151", "CTMT": "TQR0007", "COMP": 40.77, "TIP_CND": "105925008_13_3", "energizado": false, "fonte": null}}, {"type": "Feature", "geometry": {"type": "MultiLineString", "coordinates": [[[-43.40876383258478, -22.906974084186572], [-43.409068807079734, -22.907121546022495]]]}, "properties": {"camada": "SSDMT", "COD_ID": "11803955", "CTMT": "TQR0007", "COMP": 36.7, "TIP_CND": "105925011_11_3", "energizado": false, "fonte": null}}, {"type": "Feature", "geometry": {"type": "MultiLineString", "coordinates": [[[-43.39502563522484, -22.91127135698747], [-43.395231069158456, -22.91121773401119]]]}, "properties": {"camada": "SSDMT", "COD_ID": "11799533", "CTMT": "TQR0007", "COMP": 22.77, "TIP_CND": "105925011_11_3", "energizado": false, "fonte": null}}, {"type": "Feature", "geometry": {"type": "MultiLineString", "coordinates": [[[-43.41374324025827, -22.909366998488167], [-43.41400949444255, -22.909692049448495]]]}, "properties": {"camada": "SSDMT", "COD_ID": "11798801", "CTMT": "TQR0007", "COMP": 46.99, "TIP_CND": "105925011_11_3", "energizado": false, "fonte": null}}, {"type": "Feature", "geometry": {"type": "MultiLineString", "coordinates": [[[-43.40141265906692, -22.91200270635977], [-43.40132309828232, -22.911788415003286]]]}, "properties": {"camada": "SSDMT", "COD_ID": "11796017", "CTMT": "TQR0007", "COMP": 26.46, "TIP_CND": "105925008_13_3", "energizado": false, "fonte": null}}, {"type": "Feature", "geometry": {"type": "MultiLineString", "coordinates": [[[-43.402874060089744, -22.915260401546277], [-43.402874372154486, -22.915247878486753]]]}, "properties": {"camada": "SSDMT", "COD_ID": "628723186", "CTMT": "TQR0007", "COMP": 1.44, "TIP_CND": "105925008_13_3", "energizado": false, "fonte": null}}, {"type": "Feature", "geometry": {"type": "MultiLineString", "coordinates": [[[-43.406885040012526, -22.91028285187207], [-43.40689455394045, -22.91026708855526]]]}, "properties": {"camada": "SSDMT", "COD_ID": "254863056", "CTMT": "TQR0007", "COMP": 2.08, "TIP_CND": "105925011_11_3", "energizado": false, "fonte": null}}, {"type": "Feature", "geometry": {"type": "MultiLineString", "coordinates": [[[-43.40910940247687, -22.907133196739608], [-43.40930889998572, -22.907217374182437]]]}, "properties": {"camada": "SSDMT", "COD_ID": "259408843", "CTMT": "TQR0007", "COMP": 23.39, "TIP_CND": "105925011_11_3", "energizado": false, "fonte": null}}, {"type": "Feature", "geometry": {"type": "MultiLineString", "coordinates": [[[-43.390852941010394, -22.90918272470293], [-43.39093561748473, -22.909078261252716]]]}, "properties": {"camada": "SSDMT", "COD_ID": "385747416", "CTMT": "TQR0007", "COMP": 14.92, "TIP_CND": "105925011_11_3", "energizado": true, "fonte": "TQR0007"}}, {"type": "Feature", "geometry": {"type": "MultiLineString", "coordinates": [[[-43.402150568993534, -22.914552570344824], [-43.40202863980983, -22.914347986270514]]]}, "properties": {"camada": "SSDMT", "COD_ID": "11795963", "CTMT": "TQR0007", "COMP": 26.91, "TIP_CND": "105925006_13_3", "energizado": false, "fonte": null}}, {"type": "Feature", "geometry": {"type": "MultiLineString", "coordinates": [[[-43.401025390309485, -22.912946373975956], [-43.40113208947429, -22.91265011750886]]]}, "properties": {"camada": "SSDMT", "COD_ID": "11795999", "CTMT": "TQR0007", "COMP": 35.97, "TIP_CND": "105925008_13_3", "energizado": false, "fonte": null}}, {"type": "Feature", "geometry": {"type": "MultiLineString", "coordinates": [[[-43.40118878993064, -22.91363508469135], [-43.401054747778346, -22.913426015698008]]]}, "properties": {"camada": "SSDMT", "COD_ID": "11795987", "CTMT": "TQR0007", "COMP": 28.0, "TIP_CND": "105925008_13_3", "energizado": false, "fonte": null}}, {"type": "Feature", "geometry": {"type": "MultiLineString", "coordinates": [[[-43.41410925353915, -22.90993064947986], [-43.41434391813726, -22.91017299248955]]]}, "properties": {"camada": "SSDMT", "COD_ID": "11798789", "CTMT": "TQR0007", "COMP": 37.49, "TIP_CND": "105925011_11_3", "energizado": false, "fonte": null}}, {"type": "Feature", "geometry": {"type": "MultiLineString", "coordinates": [[[-43.4187176378087, -22.911607140457136], [-43.41901994671315, -22.911451478602828]]]}, "properties": {"camada": "SSDMT", "COD_ID": "330560761", "CTMT": "TQR0007", "COMP": 36.9, "TIP_CND": "105925010_11_3", "energizado": false, "fonte": null}}, {"type": "Feature", "geometry": {"type": "MultiLineString", "coordinates": [[[-43.411841096789146, -22.907787467017954], [-43.41215312646557, -22.907971632884482]]]}, "properties": {"camada": "SSDMT", "COD_ID": "11798825", "CTMT": "TQR0007", "COMP": 39.47, "TIP_CND": "105925011_11_3", "energizado": false, "fonte": null}}, {"type": "Feature", "geometry": {"type": "MultiLineString", "coordinates": [[[-43.40786164709732, -22.908849712044514], [-43.408162624105785, -22.908701698024913]]]}, "properties": {"camada": "SSDMT", "COD_ID": "11803799", "CTMT": "TQR0007", "COMP": 36.35, "TIP_CND": "105925011_11_3", "energizado": false, "fonte": null}}, {"type": "Feature", "geometry": {"type": "MultiLineString", "coordinates": [[[-43.39218634332502, -22.90981414051015], [-43.39259208865394, -22.909926268882145]]]}, "properties": {"camada": "SSDMT", "COD_ID": "254862756", "CTMT": "TQR0007", "COMP": 45.17, "TIP_CND": "105925011_11_3", "energizado": true, "fonte": "TQR0007"}}, {"type": "Feature", "geometry": {"type": "MultiLineString", "coordinates": [[[-43.39355708459175, -22.91108837103144], [-43.39392003837901, -22.91115966658532]]]}, "properties": {"camada": "SSDMT", "COD_ID": "254862270", "CTMT": "TQR0007", "COMP": 39.58, "TIP_CND": "105925011_11_3", "energizado": true, "fonte": "TQR0007"}}, {"type": "Feature", "geometry": {"type": "MultiLineString", "coordinates": [[[-43.40210027980402, -22.914890577837866], [-43.402162472420116, -22.914575114549848]]]}, "properties": {"camada": "SSDMT", "COD_ID": "11795873", "CTMT": "TQR0007", "COMP": 36.93, "TIP_CND": "105925006_13_3", "energizado": false, "fonte": null}}, {"type": "Feature", "geometry": {"type": "MultiLineString", "coordinates": [[[-43.410595556439716, -22.905393945674007], [-43.4108567474409, -22.905568157844186]]]}, "properties": {"camada": "SSDMT", "COD_ID": "11804099", "CTMT": "TQR0007", "COMP": 34.34, "TIP_CND": "105925006_13_3", "energizado": false, "fonte": null}}, {"type": "Feature", "geometry": {"type": "MultiLineString", "coordinates": [[[-43.41124802537604, -22.905454675093154], [-43.41122004386989, -22.90534601990288]]]}, "properties": {"camada": "SSDMT", "COD_ID": "11804123", "CTMT": "TQR0007", "COMP": 12.86, "TIP_CND": "105925006_13_3", "energizado": false, "fonte": null}}, {"type": "Feature", "geometry": {"type": "MultiLineString", "coordinates": [[[-43.41456492383213, -22.91513148283161], [-43.41453566349003, -22.91523904084903]]]}, "properties": {"camada": "SSDMT", "COD_ID": "483624710", "CTMT": "TQR0007", "COMP": 12.77, "TIP_CND": "105925011_11_3", "energizado": false, "fonte": null}}, {"type": "Feature", "geometry": {"type": "MultiLineString", "coordinates": [[[-43.39110731964706, -22.909219472800373], [-43.39109217776178, -22.909208092779238]]]}, "properties": {"camada": "SSDMT", "COD_ID": "254861958", "CTMT": "TQR0007", "COMP": 2.08, "TIP_CND": "105925011_11_3", "energizado": true, "fonte": "TQR0007"}}, {"type": "Feature", "geometry": {"type": "MultiLineString", "coordinates": [[[-43.4051734925626, -22.912340987246694], [-43.40524693210017, -22.91216858091525]]]}, "properties": {"camada": "SSDMT", "COD_ID": "11803541", "CTMT": "TQR0007", "COMP": 21.34, "TIP_CND": "105925011_11_3", "energizado": false, "fonte": null}}, {"type": "Feature", "geometry": {"type": "MultiLineString", "coordinates": [[[-43.407012533301724, -22.90656216321321], [-43.406705370756185, -22.906641621013932]]]}, "properties": {"camada": "SSDMT", "COD_ID": "11803907", "CTMT": "TQR0007", "COMP": 34.02, "TIP_CND": "105925006_13_3", "energizado": false, "fonte": null}}, {"type": "Feature", "geometry": {"type": "MultiLineString", "coordinates": [[[-43.40848272249963, -22.907266355757656], [-43.40852231065605, -22.906908025385007]]]}, "properties": {"camada": "SSDMT", "COD_ID": "11803835", "CTMT": "TQR0007", "COMP": 41.48, "TIP_CND": "105925011_11_3", "energizado": false, "fonte": null}}, {"type": "Feature", "geometry": {"type": "MultiLineString", "coordinates": [[[-43.40205033325623, -22.915261642610687], [-43.40180757835702, -22.915345730121317]]]}, "properties": {"camada": "SSDMT", "COD_ID": "11803139", "CTMT": "TQR0007", "COMP": 27.65, "TIP_CND": "105925008_13_3", "energizado": false, "fonte": null}}, {"type": "Feature", "geometry": {"type": "MultiLineString", "coordinates": [[[-43.4012989721698, -22.911810559909384], [-43.401264544323226, -22.911835752617833]]]}, "properties": {"camada": "SSDMT", "COD_ID": "576177546", "CTMT": "TQR0007", "COMP": 4.68, "TIP_CND": "105925008_13_3", "energizado": false, "fonte": null}}, {"type": "Feature", "geometry": {"type": "MultiLineString", "coordinates": [[[-43.402874372154486, -22.915247878486753], [-43.40288910394895, -22.915247052009818]]]}, "properties": {"camada": "SSDMT", "COD_ID": "628723198", "CTMT": "TQR0007", "COMP": 1.57, "TIP_CND": "105925008_13_3", "energizado": false, "fonte": null}}, {"type": "Feature", "geometry": {"type": "MultiLineString", "coordinates": [[[-43.39642114651866, -22.914335587317453], [-43.39669949658446, -22.91442006333523]]]}, "properties": {"camada": "SSDMT", "COD_ID": "357784713", "CTMT": "TQR0007", "COMP": 31.25, "TIP_CND": "105925011_11_3", "energizado": false, "fonte": null}}, {"type": "Feature", "geometry": {"type": "MultiLineString", "coordinates": [[[-43.40174499903242, -22.915257271006226], [-43.40175571895122, -22.915257641526864]]]}, "properties": {"camada": "SSDMT", "COD_ID": "564884288", "CTMT": "TQR0007", "COMP": 1.14, "TIP_CND": "105925011_11_3", "energizado": false, "fonte": null}}, {"type": "Feature", "geometry": {"type": "MultiLineString", "coordinates": [[[-43.405235614132266, -22.913245803251186], [-43.40522740422131, -22.913240934321607]]]}, "properties": {"camada": "SSDMT", "COD_ID": "254863116", "CTMT": "TQR0007", "COMP": 1.04, "TIP_CND": "105925006_13_3", "energizado": false, "fonte": null}}, {"type": "Feature", "geometry": {"type": "MultiLineString", "coordinates": [[[-43.39601667462978, -22.91220858186051], [-43.39611369259279, -22.912430610084527]]]}, "properties": {"camada": "SSDMT", "COD_ID": "254862930", "CTMT": "TQR0007", "COMP": 27.58, "TIP_CND": "105925011_11_3", "energizado": false, "fonte": null}}, {"type": "Feature", "geometry": {"type": "MultiLineString", "coordinates": [[[-43.40777294516522, -22.906699040927947], [-43.407297074300516, -22.906616708893978]]]}, "properties": {"camada": "SSDMT", "COD_ID": "11803895", "CTMT": "TQR0007", "COMP": 51.65, "TIP_CND": "105925006_13_3", "energizado": false, "fonte": null}}, {"type": "Feature", "geometry": {"type": "MultiLineString", "coordinates": [[[-43.41453566349003, -22.91523904084903], [-43.414525997576675, -22.915236867187616]]]}, "properties": {"camada": "SSDMT", "COD_ID": "453734533", "CTMT": "TQR0007", "COMP": 1.06, "TIP_CND": "105925010_11_3", "energizado": false, "fonte": null}}, {"type": "Feature", "geometry": {"type": "MultiLineString", "coordinates": [[[-43.4052602465631, -22.913260401945934], [-43.40522532498869, -22.91290345473061]]]}, "properties": {"camada": "SSDMT", "COD_ID": "254862708", "CTMT": "TQR0007", "COMP": 41.28, "TIP_CND": "105925011_11_3", "energizado": false, "fonte": null}}, {"type": "Feature", "geometry": {"type": "MultiLineString", "coordinates": [[[-43.402162472420116, -22.914575114549848], [-43.402151762393885, -22.914575530935963]]]}, "properties": {"camada": "SSDMT", "COD_ID": "1002872610", "CTMT": "TQR0007", "COMP": 1.14, "TIP_CND": "105925010_11_3", "energizado": false, "fonte": null}}, {"type": "Feature", "geometry": {"type": "MultiLineString", "coordinates": [[[-43.396016292417926, -22.913507110264902], [-43.396004433058124, -22.91351571407887]]]}, "properties": {"camada": "SSDMT", "COD_ID": "357784972", "CTMT": "TQR0007", "COMP": 1.61, "TIP_CND": "105925011_11_3", "energizado": false, "fonte": null}}, {"type": "Feature", "geometry": {"type": "MultiLineString", "coordinates": [[[-43.402477282800305, -22.915275286225437], [-43.40205033325623, -22.915261642610687]]]}, "properties": {"camada": "SSDMT", "COD_ID": "11803145", "CTMT": "TQR0007", "COMP": 45.57, "TIP_CND": "105925008_13_3", "energizado": false, "fonte": null}}, {"type": "Feature", "geometry": {"type": "MultiLineString", "coordinates": [[[-43.397888631455146, -22.914835177801194], [-43.39804987809936, -22.91489665815419]]]}, "properties": {"camada": "SSDMT", "COD_ID": "479996351", "CTMT": "TQR0007", "COMP": 18.6, "TIP_CND": "105925009_13_3", "energizado": false, "fonte": null}}, {"type": "Feature", "geometry": {"type": "MultiLineString", "coordinates": [[[-43.409068807079734, -22.907121546022495], [-43.40908286348332, -22.907125841184552]]]}, "properties": {"camada": "SSDMT", "COD_ID": "288692609", "CTMT": "TQR0007", "COMP": 1.58, "TIP_CND": "105925011_11_3", "energizado": false, "fonte": null}}, {"type": "Feature", "geometry": {"type": "MultiLineString", "coordinates": [[[-43.40135004287015, -22.912354289119094], [-43.401381507450594, -22.912177614605184]]]}, "properties": {"camada": "SSDMT", "COD_ID": "11796011", "CTMT": "TQR0007", "COMP": 20.62, "TIP_CND": "105925008_13_3", "energizado": false, "fonte": null}}, {"type": "Feature", "geometry": {"type": "MultiLineString", "coordinates": [[[-43.405208896173576, -22.913350476243465], [-43.4052602465631, -22.913260401945934]]]}, "properties": {"camada": "SSDMT", "COD_ID": "11803241", "CTMT": "TQR0007", "COMP": 11.73, "TIP_CND": "105925011_11_3", "energizado": false, "fonte": null}}, {"type": "Feature", "geometry": {"type": "MultiLineString", "coordinates": [[[-43.416998956036934, -22.91074395586884], [-43.417338637168314, -22.910566219255543]]]}, "properties": {"camada": "SSDMT", "COD_ID": "11799179", "CTMT": "TQR0007", "COMP": 41.62, "TIP_CND": "105925006_13_3", "energizado": false, "fonte": null}}, {"type": "Feature", "geometry": {"type": "MultiLineString", "coordinates": [[[-43.41677873185296, -22.910816778471485], [-43.416998956036934, -22.91074395586884]]]}, "properties": {"camada": "SSDMT", "COD_ID": "11799173", "CTMT": "TQR0007", "COMP": 24.95, "TIP_CND": "105925006_13_3", "energizado": false, "fonte": null}}, {"type": "Feature", "geometry": {"type": "MultiLineString", "coordinates": [[[-43.39556723933657, -22.911150893698732], [-43.39577316519939, -22.91160918641475]]]}, "properties": {"camada": "SSDMT", "COD_ID": "254862942", "CTMT": "TQR0007", "COMP": 57.17, "TIP_CND": "105925011_11_3", "energizado": false, "fonte": null}}, {"type": "Feature", "geometry": {"type": "MultiLineString", "coordinates": [[[-43.41482277565052, -22.914720200376905], [-43.41467549008178, -22.914911289224563]]]}, "properties": {"camada": "SSDMT", "COD_ID": "483624736", "CTMT": "TQR0007", "COMP": 27.04, "TIP_CND": "105925011_11_3", "energizado": false, "fonte": null}}, {"type": "Feature", "geometry": {"type": "MultiLineString", "coordinates": [[[-43.41040007440387, -22.90543714101119], [-43.410595556439716, -22.905393945674007]]]}, "properties": {"camada": "SSDMT", "COD_ID": "11804087", "CTMT": "TQR0007", "COMP": 21.44, "TIP_CND": "105925006_13_3", "energizado": false, "fonte": null}}, {"type": "Feature", "geometry": {"type": "MultiLineString", "coordinates": [[[-43.41449867977019, -22.91028181405443], [-43.41473903078162, -22.910411630292458]]]}, "properties": {"camada": "SSDMT", "COD_ID": "288692535", "CTMT": "TQR0007", "COMP": 29.68, "TIP_CND": "105925011_11_3", "energizado": false, "fonte": null}}, {"type": "Feature", "geometry": {"type": "MultiLineString", "coordinates": [[[-43.40924513265668, -22.906170400543488], [-43.409582248022275, -22.906025166328334]]]}, "properties": {"camada": "SSDMT", "COD_ID": "11804033", "CTMT": "TQR0007", "COMP": 39.66, "TIP_CND": "105925006_13_3", "energizado": false, "fonte": null}}, {"type": "Feature", "geometry": {"type": "MultiLineString", "coordinates": [[[-43.411110104447744, -22.907639009632533], [-43.41141703586749, -22.907705901206327]]]}, "properties": {"camada": "SSDMT", "COD_ID": "288692581", "CTMT": "TQR0007", "COMP": 33.64, "TIP_CND": "105925011_11_3", "energizado": false, "fonte": null}}, {"type": "Feature", "geometry": {"type": "MultiLineString", "coordinates": [[[-43.391811075120984, -22.909773116136364], [-43.39218634332502, -22.90981414051015]]]}, "properties": {"camada": "SSDMT", "COD_ID": "11799035", "CTMT": "TQR0007", "COMP": 40.31, "TIP_CND": "105925011_11_3", "energizado": true, "fonte": "TQR0007"}}, {"type": "Feature", "geometry": {"type": "MultiLineString", "coordinates": [[[-43.408470264191294, -22.90776603347564], [-43.40847852536359, -22.90750833993792]]]}, "properties": {"camada": "SSDMT", "COD_ID": "11803823", "CTMT": "TQR0007", "COMP": 29.69, "TIP_CND": "105925011_11_3", "energizado": false, "fonte": null}}, {"type": "Feature", "geometry": {"type": "MultiLineString", "coordinates": [[[-43.40570391360467, -22.906031184591427], [-43.40536706803573, -22.905657518079977]]]}, "properties": {"camada": "SSDMT", "COD_ID": "11803925", "CTMT": "TQR0007", "COMP": 56.06, "TIP_CND": "105925006_13_3", "energizado": false, "fonte": null}}, {"type": "Feature", "geometry": {"type": "MultiLineString", "coordinates": [[[-43.403193958834095, -22.915264917941556], [-43.403522682625635, -22.915138597368355]]]}, "properties": {"camada": "SSDMT", "COD_ID": "134733111", "CTMT": "TQR0007", "COMP": 37.97, "TIP_CND": "105925008_13_3", "energizado": false, "fonte": null}}, {"type": "Feature", "geometry": {"type": "MultiLineString", "coordinates": [[[-43.41317757208725, -22.90963693089958], [-43.41285469928488, -22.90970633517918]]]}, "properties": {"camada": "SSDMT", "COD_ID": "783019659", "CTMT": "TQR0007", "COMP": 35.36, "TIP_CND": "105925010_11_3", "energizado": false, "fonte": null}}, {"type": "Feature", "geometry": {"type": "MultiLineString", "coordinates": [[[-43.40163236164415, -22.910488285805684], [-43.401750956141655, -22.9102307847229]]]}, "properties": {"camada": "SSDMT", "COD_ID": "11796035", "CTMT": "TQR0007", "COMP": 32.24, "TIP_CND": "105925008_13_3", "energizado": false, "fonte": null}}, {"type": "Feature", "geometry": {"type": "MultiLineString", "coordinates": [[[-43.402477282800305, -22.915275286225437], [-43.402874060089744, -22.915260401546277]]]}, "properties": {"camada": "SSDMT", "COD_ID": "134733087", "CTMT": "TQR0007", "COMP": 42.36, "TIP_CND": "105925008_13_3", "energizado": false, "fonte": null}}, {"type": "Feature", "geometry": {"type": "MultiLineString", "coordinates": [[[-43.40178201063122, -22.915258745894334], [-43.402058232901084, -22.91527057287857]]]}, "properties": {"camada": "SSDMT", "COD_ID": "1000485724", "CTMT": "TQR0007", "COMP": 29.5, "TIP_CND": "105925009_13_3", "energizado": false, "fonte": null}}, {"type": "Feature", "geometry": {"type": "MultiLineString", "coordinates": [[[-43.39577316519939, -22.91160918641475], [-43.39601667462978, -22.91220858186051]]]}, "properties": {"camada": "SSDMT", "COD_ID": "254862936", "CTMT": "TQR0007", "COMP": 73.75, "TIP_CND": "105925011_11_3", "energizado": false, "fonte": null}}, {"type": "Feature", "geometry": {"type": "MultiLineString", "coordinates": [[[-43.40380078897516, -22.914810334928973], [-43.403795753671034, -22.914802391217336]]]}, "properties": {"camada": "SSDMT", "COD_ID": "455357797", "CTMT": "TQR0007", "COMP": 1.06, "TIP_CND": "105925008_13_3", "energizado": false, "fonte": null}}, {"type": "Feature", "geometry": {"type": "MultiLineString", "coordinates": [[[-43.39155405337681, -22.9095751007103], [-43.391811075120984, -22.909773116136364]]]}, "properties": {"camada": "SSDMT", "COD_ID": "11799029", "CTMT": "TQR0007", "COMP": 35.66, "TIP_CND": "105925011_11_3", "energizado": true, "fonte": "TQR0007"}}, {"type": "Feature", "geometry": {"type": "MultiLineString", "coordinates": [[[-43.403024406950806, -22.91467849611564], [-43.40291456645406, -22.914842686240945]]]}, "properties": {"camada": "SSDMT", "COD_ID": "580842258", "CTMT": "TQR0007", "COMP": 22.25, "TIP_CND": "105925010_11_3", "energizado": false, "fonte": null}}, {"type": "Feature", "geometry": {"type": "MultiLineString", "coordinates": [[[-43.40175311361526, -22.91408805432019], [-43.40188896340487, -22.913975695721717]]]}, "properties": {"camada": "SSDMT", "COD_ID": "580843472", "CTMT": "TQR0007", "COMP": 19.43, "TIP_CND": "105925010_11_3", "energizado": false, "fonte": null}}, {"type": "Feature", "geometry": {"type": "MultiLineString", "coordinates": [[[-43.414511612021215, -22.915326168068134], [-43.41450852644732, -22.915337452761207]]]}, "properties": {"camada": "SSDMT", "COD_ID": "483625088", "CTMT": "TQR0007", "COMP": 1.34, "TIP_CND": "105925011_11_3", "energizado": false, "fonte": null}}, {"type": "Feature", "geometry": {"type": "MultiLineString", "coordinates": [[[-43.403110979288215, -22.914727956130207], [-43.403024406950806, -22.91467849611564]]]}, "properties": {"camada": "SSDMT", "COD_ID": "580841264", "CTMT": "TQR0007", "COMP": 10.85, "TIP_CND": "105925010_11_3", "energizado": false, "fonte": null}}, {"type": "Feature", "geometry": {"type": "MultiLineString", "coordinates": [[[-43.41585310463705, -22.91127836900148], [-43.41559221760673, -22.911588501108383]]]}, "properties": {"camada": "SSDMT", "COD_ID": "11798705", "CTMT": "TQR0007", "COMP": 45.28, "TIP_CND": "105925011_11_3", "energizado": false, "fonte": null}}, {"type": "Feature", "geometry": {"type": "MultiLineString", "coordinates": [[[-43.395811347715494, -22.914128155989545], [-43.395884136143934, -22.914202063174628]]]}, "properties": {"camada": "SSDMT", "COD_ID": "357784679", "CTMT": "TQR0007", "COMP": 11.52, "TIP_CND": "105925011_11_3", "energizado": false, "fonte": null}}, {"type": "Feature", "geometry": {"type": "MultiLineString", "coordinates": [[[-43.403024406950806, -22.91467849611564], [-43.40316878141408, -22.91446001571711]]]}, "properties": {"camada": "SSDMT", "COD_ID": "580841277", "CTMT": "TQR0007", "COMP": 29.5, "TIP_CND": "105925010_11_3", "energizado": false, "fonte": null}}, {"type": "Feature", "geometry": {"type": "MultiLineString", "coordinates": [[[-43.412305455432374, -22.908094041406855], [-43.41267174570447, -22.908388370626767]]]}, "properties": {"camada": "SSDMT", "COD_ID": "288692561", "CTMT": "TQR0007", "COMP": 51.73, "TIP_CND": "105925011_11_3", "energizado": false, "fonte": null}}, {"type": "Feature", "geometry": {"type": "MultiLineString", "coordinates": [[[-43.41851953964499, -22.909976711855734], [-43.41891548326288, -22.90976584691623]]]}, "properties": {"camada": "SSDMT", "COD_ID": "288692767", "CTMT": "TQR0007", "COMP": 48.72, "TIP_CND": "105925006_13_3", "energizado": false, "fonte": null}}, {"type": "Feature", "geometry": {"type": "MultiLineString", "coordinates": [[[-43.41285469928488, -22.90970633517918], [-43.41256593327114, -22.909751064759803]]]}, "properties": {"camada": "SSDMT", "COD_ID": "783019665", "CTMT": "TQR0007", "COMP": 31.23, "TIP_CND": "105925010_11_3", "energizado": false, "fonte": null}}, {"type": "Feature", "geometry": {"type": "MultiLineString", "coordinates": [[[-43.40422270411449, -22.912645148754564], [-43.40376823531574, -22.91232448019059]]]}, "properties": {"camada": "SSDMT", "COD_ID": "11803295", "CTMT": "TQR0007", "COMP": 60.94, "TIP_CND": "105925006_13_3", "energizado": false, "fonte": null}}, {"type": "Feature", "geometry": {"type": "MultiLineString", "coordinates": [[[-43.392989489173544, -22.91044229177828], [-43.39291087583621, -22.91077130245361]]]}, "properties": {"camada": "SSDMT", "COD_ID": "254862258", "CTMT": "TQR0007", "COMP": 38.81, "TIP_CND": "105925011_11_3", "energizado": true, "fonte": "TQR0007"}}, {"type": "Feature", "geometry": {"type": "MultiLineString", "coordinates": [[[-43.415614572054835, -22.9133317352713], [-43.41560983172832, -22.91356941619557]]]}, "properties": {"camada": "SSDMT", "COD_ID": "11798615", "CTMT": "TQR0007", "COMP": 27.38, "TIP_CND": "105925011_11_3", "energizado": false, "fonte": null}}, {"type": "Feature", "geometry": {"type": "MultiLineString", "coordinates": [[[-43.41535783719439, -22.913906730311282], [-43.415116919610114, -22.9142051496479]]]}, "properties": {"camada": "SSDMT", "COD_ID": "288691762", "CTMT": "TQR0007", "COMP": 42.91, "TIP_CND": "105925011_11_3", "energizado": false, "fonte": null}}, {"type": "Feature", "geometry": {"type": "MultiLineString", "coordinates": [[[-43.40999154297526, -22.905772913688963], [-43.41009786262623, -22.9056861524939]]]}, "properties": {"camada": "SSDMT", "COD_ID": "11804063", "CTMT": "TQR0007", "COMP": 15.12, "TIP_CND": "105925006_13_3", "energizado": false, "fonte": null}}, {"type": "Feature", "geometry": {"type": "MultiLineString", "coordinates": [[[-43.40519048974926, -22.912533233521856], [-43.4051734925626, -22.912340987246694]]]}, "properties": {"camada": "SSDMT", "COD_ID": "11803487", "CTMT": "TQR0007", "COMP": 22.21, "TIP_CND": "105925011_11_3", "energizado": false, "fonte": null}}, {"type": "Feature", "geometry": {"type": "MultiLineString", "coordinates": [[[-43.41536781787045, -22.91251315525784], [-43.415349596706506, -22.91285547230217]]]}, "properties": {"camada": "SSDMT", "COD_ID": "11798633", "CTMT": "TQR0007", "COMP": 39.47, "TIP_CND": "105925011_11_3", "energizado": false, "fonte": null}}, {"type": "Feature", "geometry": {"type": "MultiLineString", "coordinates": [[[-43.41473903078162, -22.910411630292458], [-43.41513163072011, -22.91062085486851]]]}, "properties": {"camada": "SSDMT", "COD_ID": "288692529", "CTMT": "TQR0007", "COMP": 48.32, "TIP_CND": "105925011_11_3", "energizado": false, "fonte": null}}, {"type": "Feature", "geometry": {"type": "MultiLineString", "coordinates": [[[-43.393088231136915, -22.910037362134517], [-43.392989489173544, -22.91044229177828]]]}, "properties": {"camada": "SSDMT", "COD_ID": "11799101", "CTMT": "TQR0007", "COMP": 47.81, "TIP_CND": "105925011_11_3", "energizado": true, "fonte": "TQR0007"}}, {"type": "Feature", "geometry": {"type": "MultiLineString", "coordinates": [[[-43.40708655739866, -22.909948818483144], [-43.407183741736276, -22.909725542899423]]]}, "properties": {"camada": "SSDMT", "COD_ID": "254862684", "CTMT": "TQR0007", "COMP": 27.73, "TIP_CND": "105925011_11_3", "energizado": false, "fonte": null}}, {"type": "Feature", "geometry": {"type": "MultiLineString", "coordinates": [[[-43.40326824553307, -22.914816538452442], [-43.403110979288215, -22.914727956130207]]]}, "properties": {"camada": "SSDMT", "COD_ID": "580841251", "CTMT": "TQR0007", "COMP": 19.63, "TIP_CND": "105925010_11_3", "energizado": false, "fonte": null}}, {"type": "Feature", "geometry": {"type": "MultiLineString", "coordinates": [[[-43.41374324025827, -22.909366998488167], [-43.413466753587784, -22.909517887640334]]]}, "properties": {"camada": "SSDMT", "COD_ID": "783019647", "CTMT": "TQR0007", "COMP": 34.23, "TIP_CND": "105925010_11_3", "energizado": false, "fonte": null}}, {"type": "Feature", "geometry": {"type": "MultiLineString", "coordinates": [[[-43.397713163831384, -22.914786658477453], [-43.397888631455146, -22.914835177801194]]]}, "properties": {"camada": "SSDMT", "COD_ID": "357785027", "CTMT": "TQR0007", "COMP": 19.53, "TIP_CND": "105925009_13_3", "energizado": false, "fonte": null}}, {"type": "Feature", "geometry": {"type": "MultiLineString", "coordinates": [[[-43.39804987809936, -22.91489665815419], [-43.398060140263226, -22.914899534186134]]]}, "properties": {"camada": "SSDMT", "COD_ID": "479996603", "CTMT": "TQR0007", "COMP": 1.14, "TIP_CND": "105925009_13_3", "energizado": false, "fonte": null}}, {"type": "Feature", "geometry": {"type": "MultiLineString", "coordinates": [[[-43.403522682625635, -22.915138597368355], [-43.40380078897516, -22.914810334928973]]]}, "properties": {"camada": "SSDMT", "COD_ID": "134733105", "CTMT": "TQR0007", "COMP": 48.06, "TIP_CND": "105925008_13_3", "energizado": false, "fonte": null}}, {"type": "Feature", "geometry": {"type": "MultiLineString", "coordinates": [[[-43.4020484914447, -22.915100110881383], [-43.40210027980402, -22.914890577837866]]]}, "properties": {"camada": "SSDMT", "COD_ID": "14858372", "CTMT": "TQR0007", "COMP": 24.76, "TIP_CND": "105925006_13_3", "energizado": false, "fonte": null}}, {"type": "Feature", "geometry": {"type": "MultiLineString", "coordinates": [[[-43.396004433058124, -22.91351571407887], [-43.39589197913148, -22.9137821679127]]]}, "properties": {"camada": "SSDMT", "COD_ID": "357784966", "CTMT": "TQR0007", "COMP": 32.95, "TIP_CND": "105925011_11_3", "energizado": false, "fonte": null}}, {"type": "Feature", "geometry": {"type": "MultiLineString", "coordinates": [[[-43.41596792288129, -22.911066010288096], [-43.41585310463705, -22.91127836900148]]]}, "properties": {"camada": "SSDMT", "COD_ID": "41686233", "CTMT": "TQR0007", "COMP": 27.35, "TIP_CND": "105925011_11_3", "energizado": false, "fonte": null}}, {"type": "Feature", "geometry": {"type": "MultiLineString", "coordinates": [[[-43.40132309828232, -22.911788415003286], [-43.40131044841843, -22.91180215934213]]]}, "properties": {"camada": "SSDMT", "COD_ID": "576177508", "CTMT": "TQR0007", "COMP": 2.08, "TIP_CND": "105925008_13_3", "energizado": false, "fonte": null}}, {"type": "Feature", "geometry": {"type": "MultiLineString", "coordinates": [[[-43.403795753671034, -22.914802391217336], [-43.403787178635355, -22.91480705510145]]]}, "properties": {"camada": "SSDMT", "COD_ID": "455357803", "CTMT": "TQR0007", "COMP": 1.06, "TIP_CND": "105925008_13_3", "energizado": false, "fonte": null}}, {"type": "Feature", "geometry": {"type": "MultiLineString", "coordinates": [[[-43.40971442408136, -22.905969135866883], [-43.409732622762306, -22.905962662546813]]]}, "properties": {"camada": "SSDMT", "COD_ID": "254863032", "CTMT": "TQR0007", "COMP": 2.08, "TIP_CND": "105925006_13_3", "energizado": false, "fonte": null}}, {"type": "Feature", "geometry": {"type": "MultiLineString", "coordinates": [[[-43.40380078897516, -22.914810334928973], [-43.40401024107973, -22.914564368550714]]]}, "properties": {"camada": "SSDMT", "COD_ID": "134733093", "CTMT": "TQR0007", "COMP": 36.08, "TIP_CND": "105925008_13_3", "energizado": false, "fonte": null}}, {"type": "Feature", "geometry": {"type": "MultiLineString", "coordinates": [[[-43.40852231065605, -22.906908025385007], [-43.40876383258478, -22.906974084186572]]]}, "properties": {"camada": "SSDMT", "COD_ID": "11803853", "CTMT": "TQR0007", "COMP": 26.87, "TIP_CND": "105925011_11_3", "energizado": false, "fonte": null}}, {"type": "Feature", "geometry": {"type": "MultiLineString", "coordinates": [[[-43.399127255118685, -22.915100623494936], [-43.39946990131483, -22.91512490249221]]]}, "properties": {"camada": "SSDMT", "COD_ID": "357784795", "CTMT": "TQR0007", "COMP": 36.66, "TIP_CND": "105925011_11_3", "energizado": false, "fonte": null}}, {"type": "Feature", "geometry": {"type": "MultiLineString", "coordinates": [[[-43.391318850084815, -22.909379591694744], [-43.391551873420156, -22.90956069267179]]]}, "properties": {"camada": "SSDMT", "COD_ID": "385747446", "CTMT": "TQR0007", "COMP": 32.45, "TIP_CND": "105925011_11_3", "energizado": true, "fonte": "TQR0007"}}, {"type": "Feature", "geometry": {"type": "MultiLineString", "coordinates": [[[-43.40906529972375, -22.907134695909463], [-43.4090806916206, -22.90713903244034]]]}, "properties": {"camada": "SSDMT", "COD_ID": "481804118", "CTMT": "TQR0007", "COMP": 1.72, "TIP_CND": "105925011_11_3", "energizado": false, "fonte": null}}, {"type": "Feature", "geometry": {"type": "MultiLineString", "coordinates": [[[-43.39501541622843, -22.911274026175306], [-43.39502563522484, -22.91127135698747]]]}, "properties": {"camada": "SSDMT", "COD_ID": "1013259512", "CTMT": "TQR0007", "COMP": 1.13, "TIP_CND": "105925011_11_3", "energizado": false, "fonte": null}}, {"type": "Feature", "geometry": {"type": "MultiLineString", "coordinates": [[[-43.39502235359868, -22.91126190511278], [-43.39501203657619, -22.911264599481626]]]}, "properties": {"camada": "SSDMT", "COD_ID": "1013259535", "CTMT": "TQR0007", "COMP": 1.14, "TIP_CND": "105925011_11_3", "energizado": false, "fonte": null}}, {"type": "Feature", "geometry": {"type": "MultiLineString", "coordinates": [[[-43.41434391813726, -22.91017299248955], [-43.41449867977019, -22.91028181405443]]]}, "properties": {"camada": "SSDMT", "COD_ID": "288692541", "CTMT": "TQR0007", "COMP": 20.73, "TIP_CND": "105925011_11_3", "energizado": false, "fonte": null}}, {"type": "Feature", "geometry": {"type": "MultiLineString", "coordinates": [[[-43.41256593327114, -22.909751064759803], [-43.41227427593702, -22.909730992791026]]]}, "properties": {"camada": "SSDMT", "COD_ID": "783019671", "CTMT": "TQR0007", "COMP": 31.2, "TIP_CND": "105925010_11_3", "energizado": false, "fonte": null}}, {"type": "Feature", "geometry": {"type": "MultiLineString", "coordinates": [[[-43.41027927566802, -22.907418472484494], [-43.41068779720405, -22.90752915564599]]]}, "properties": {"camada": "SSDMT", "COD_ID": "11798837", "CTMT": "TQR0007", "COMP": 45.41, "TIP_CND": "105925011_11_3", "energizado": false, "fonte": null}}, {"type": "Feature", "geometry": {"type": "MultiLineString", "coordinates": [[[-43.40237703717048, -22.914552894100723], [-43.402224825115525, -22.914404991597053]]]}, "properties": {"camada": "SSDMT", "COD_ID": "580843405", "CTMT": "TQR0007", "COMP": 23.53, "TIP_CND": "105925010_11_3", "energizado": false, "fonte": null}}, {"type": "Feature", "geometry": {"type": "MultiLineString", "coordinates": [[[-43.408439617993906, -22.90843249766158], [-43.408548460243196, -22.908177294346615]]]}, "properties": {"camada": "SSDMT", "COD_ID": "11803811", "CTMT": "TQR0007", "COMP": 31.6, "TIP_CND": "105925011_11_3", "energizado": false, "fonte": null}}, {"type": "Feature", "geometry": {"type": "MultiLineString", "coordinates": [[[-43.415116919610114, -22.9142051496479], [-43.41490647555338, -22.91445927737368]]]}, "properties": {"camada": "SSDMT", "COD_ID": "288691756", "CTMT": "TQR0007", "COMP": 36.89, "TIP_CND": "105925011_11_3", "energizado": false, "fonte": null}}, {"type": "Feature", "geometry": {"type": "MultiLineString", "coordinates": [[[-43.4120248453703, -22.909677078434356], [-43.41179556771124, -22.90960051734993]]]}, "properties": {"camada": "SSDMT", "COD_ID": "783019683", "CTMT": "TQR0007", "COMP": 26.0, "TIP_CND": "105925010_11_3", "energizado": false, "fonte": null}}, {"type": "Feature", "geometry": {"type": "MultiLineString", "coordinates": [[[-43.408488322577966, -22.906811358157597], [-43.408332960197924, -22.906756369111122]]]}, "properties": {"camada": "SSDMT", "COD_ID": "11803865", "CTMT": "TQR0007", "COMP": 17.74, "TIP_CND": "105925006_13_3", "energizado": false, "fonte": null}}, {"type": "Feature", "geometry": {"type": "MultiLineString", "coordinates": [[[-43.393252477020155, -22.9110197806383], [-43.39355708459175, -22.91108837103144]]]}, "properties": {"camada": "SSDMT", "COD_ID": "11799227", "CTMT": "TQR0007", "COMP": 33.44, "TIP_CND": "105925011_11_3", "energizado": true, "fonte": "TQR0007"}}, {"type": "Feature", "geometry": {"type": "MultiLineString", "coordinates": [[[-43.40324145203135, -22.912512322485668], [-43.403270759138195, -22.91234656214408]]]}, "properties": {"camada": "SSDMT", "COD_ID": "11803319", "CTMT": "TQR0007", "COMP": 19.34, "TIP_CND": "105925006_13_3", "energizado": false, "fonte": null}}, {"type": "Feature", "geometry": {"type": "MultiLineString", "coordinates": [[[-43.404348586717845, -22.91271866563386], [-43.40422270411449, -22.912645148754564]]]}, "properties": {"camada": "SSDMT", "COD_ID": "254862714", "CTMT": "TQR0007", "COMP": 15.87, "TIP_CND": "105925006_13_3", "energizado": false, "fonte": null}}, {"type": "Feature", "geometry": {"type": "MultiLineString", "coordinates": [[[-43.40522532498869, -22.91290345473061], [-43.40519048974926, -22.912533233521856]]]}, "properties": {"camada": "SSDMT", "COD_ID": "254862702", "CTMT": "TQR0007", "COMP": 42.8, "TIP_CND": "105925011_11_3", "energizado": false, "fonte": null}}, {"type": "Feature", "geometry": {"type": "MultiLineString", "coordinates": [[[-43.412769865337, -22.91591480222627], [-43.41289273970813, -22.91608326323194]]]}, "properties": {"camada": "SSDMT", "COD_ID": "453734587", "CTMT": "TQR0007", "COMP": 23.41, "TIP_CND": "105925010_11_3", "energizado": false, "fonte": null}}, {"type": "Feature", "geometry": {"type": "MultiLineString", "coordinates": [[[-43.408548460243196, -22.908177294346615], [-43.408470264191294, -22.90776603347564]]]}, "properties": {"camada": "SSDMT", "COD_ID": "11803817", "CTMT": "TQR0007", "COMP": 48.09, "TIP_CND": "105925011_11_3", "energizado": false, "fonte": null}}, {"type": "Feature", "geometry": {"type": "MultiLineString", "coordinates": [[[-43.41025329515338, -22.9055258276548], [-43.41040007440387, -22.90543714101119]]]}, "properties": {"camada": "SSDMT", "COD_ID": "11804081", "CTMT": "TQR0007", "COMP": 18.7, "TIP_CND": "105925006_13_3", "energizado": false, "fonte": null}}, {"type": "Feature", "geometry": {"type": "MultiLineString", "coordinates": [[[-43.41123638545076, -22.905617119634314], [-43.41124802537604, -22.905454675093154]]]}, "properties": {"camada": "SSDMT", "COD_ID": "11804117", "CTMT": "TQR0007", "COMP": 18.75, "TIP_CND": "105925006_13_3", "energizado": false, "fonte": null}}, {"type": "Feature", "geometry": {"type": "MultiLineString", "coordinates": [[[-43.408332960197924, -22.906756369111122], [-43.40809682520825, -22.906705003433103]]]}, "properties": {"camada": "SSDMT", "COD_ID": "254862348", "CTMT": "TQR0007", "COMP": 25.88, "TIP_CND": "105925006_13_3", "energizado": false, "fonte": null}}, {"type": "Feature", "geometry": {"type": "MultiLineString", "coordinates": [[[-43.40380078897516, -22.914810334928973], [-43.40379221393948, -22.914814998813085]]]}, "properties": {"camada": "SSDMT", "COD_ID": "580840817", "CTMT": "TQR0007", "COMP": 1.06, "TIP_CND": "105925006_13_3", "energizado": false, "fonte": null}}, {"type": "Feature", "geometry": {"type": "MultiLineString", "coordinates": [[[-43.40521919341103, -22.913236064492764], [-43.40507474250529, -22.913150440040738]]]}, "properties": {"camada": "SSDMT", "COD_ID": "11803475", "CTMT": "TQR0007", "COMP": 18.29, "TIP_CND": "105925006_13_3", "energizado": false, "fonte": null}}, {"type": "Feature", "geometry": {"type": "MultiLineString", "coordinates": [[[-43.404716159423174, -22.913913946471382], [-43.40470480278435, -22.913905414603164]]]}, "properties": {"camada": "SSDMT", "COD_ID": "752622298", "CTMT": "TQR0007", "COMP": 1.56, "TIP_CND": "105925009_13_3", "energizado": false, "fonte": null}}, {"type": "Feature", "geometry": {"type": "MultiLineString", "coordinates": [[[-43.40507474250529, -22.913150440040738], [-43.40471258551736, -22.912934146793418]]]}, "properties": {"camada": "SSDMT", "COD_ID": "11803247", "CTMT": "TQR0007", "COMP": 45.97, "TIP_CND": "105925006_13_3", "energizado": false, "fonte": null}}, {"type": "Feature", "geometry": {"type": "MultiLineString", "coordinates": [[[-43.404716159423174, -22.913913946471382], [-43.404709077262055, -22.9139217498888]]]}, "properties": {"camada": "SSDMT", "COD_ID": "254862006", "CTMT": "TQR0007", "COMP": 1.17, "TIP_CND": "105925009_13_3", "energizado": false, "fonte": null}}, {"type": "Feature", "geometry": {"type": "MultiLineString", "coordinates": [[[-43.39669949658446, -22.91442006333523], [-43.39687973061501, -22.914472687164732]]]}, "properties": {"camada": "SSDMT", "COD_ID": "357784724", "CTMT": "TQR0007", "COMP": 20.16, "TIP_CND": "105925011_11_3", "energizado": false, "fonte": null}}, {"type": "Feature", "geometry": {"type": "MultiLineString", "coordinates": [[[-43.40101584850254, -22.915286337094756], [-43.40124367735376, -22.915299554430874]]]}, "properties": {"camada": "SSDMT", "COD_ID": "357784849", "CTMT": "TQR0007", "COMP": 24.35, "TIP_CND": "105925011_11_3", "energizado": false, "fonte": null}}, {"type": "Feature", "geometry": {"type": "MultiLineString", "coordinates": [[[-43.39602185652342, -22.91423524635951], [-43.39642114651866, -22.914335587317453]]]}, "properties": {"camada": "SSDMT", "COD_ID": "357784702", "CTMT": "TQR0007", "COMP": 44.13, "TIP_CND": "105925011_11_3", "energizado": false, "fonte": null}}, {"type": "Feature", "geometry": {"type": "MultiLineString", "coordinates": [[[-43.402141052367654, -22.914575946422758], [-43.40189940813116, -22.914585357827946]]]}, "properties": {"camada": "SSDMT", "COD_ID": "520244056", "CTMT": "TQR0007", "COMP": 25.8, "TIP_CND": "105925010_11_3", "energizado": false, "fonte": null}}, {"type": "Feature", "geometry": {"type": "MultiLineString", "coordinates": [[[-43.39155405337681, -22.9095751007103], [-43.39130668315687, -22.90938038939339]]]}, "properties": {"camada": "SSDMT", "COD_ID": "11799023", "CTMT": "TQR0007", "COMP": 34.63, "TIP_CND": "105925011_11_3", "energizado": true, "fonte": "TQR0007"}}, {"type": "Feature", "geometry": {"type": "MultiLineString", "coordinates": [[[-43.395884136143934, -22.914202063174628], [-43.39602185652342, -22.91423524635951]]]}, "properties": {"camada": "SSDMT", "COD_ID": "357784689", "CTMT": "TQR0007", "COMP": 15.18, "TIP_CND": "105925011_11_3", "energizado": false, "fonte": null}}, {"type": "Feature", "geometry": {"type": "MultiLineString", "coordinates": [[[-43.39112496884218, -22.90922091621229], [-43.391318850084815, -22.909379591694744]]]}, "properties": {"camada": "SSDMT", "COD_ID": "385747436", "CTMT": "TQR0007", "COMP": 27.6, "TIP_CND": "105925011_11_3", "energizado": true, "fonte": "TQR0007"}}, {"type": "Feature", "geometry": {"type": "MultiLineString", "coordinates": [[[-43.40141265906692, -22.91200270635977], [-43.40139803698975, -22.912002558870938]]]}, "properties": {"camada": "SSDMT", "COD_ID": "1015685948", "CTMT": "TQR0007", "COMP": 1.56, "TIP_CND": "105925008_13_3", "energizado": false, "fonte": null}}, {"type": "Feature", "geometry": {"type": "MultiLineString", "coordinates": [[[-43.40124367735376, -22.915299554430874], [-43.40138323684687, -22.915318320583992]]]}, "properties": {"camada": "SSDMT", "COD_ID": "989960567", "CTMT": "TQR0007", "COMP": 15.04, "TIP_CND": "105925011_11_3", "energizado": false, "fonte": null}}, {"type": "Feature", "geometry": {"type": "MultiLineString", "coordinates": [[[-43.41227427593702, -22.909730992791026], [-43.4120248453703, -22.909677078434356]]]}, "properties": {"camada": "SSDMT", "COD_ID": "783019677", "CTMT": "TQR0007", "COMP": 27.32, "TIP_CND": "105925010_11_3", "energizado": false, "fonte": null}}, {"type": "Feature", "geometry": {"type": "MultiLineString", "coordinates": [[[-43.40168900634251, -22.914422057132185], [-43.401450536712844, -22.91447329600578]]]}, "properties": {"camada": "SSDMT", "COD_ID": "520244068", "CTMT": "TQR0007", "COMP": 26.12, "TIP_CND": "105925010_11_3", "energizado": false, "fonte": null}}, {"type": "Feature", "geometry": {"type": "MultiLineString", "coordinates": [[[-43.40930889998572, -22.907217374182437], [-43.409529975827695, -22.907203354651074]]]}, "properties": {"camada": "SSDMT", "COD_ID": "461588108", "CTMT": "TQR0007", "COMP": 23.64, "TIP_CND": "105925011_11_3", "energizado": false, "fonte": null}}, {"type": "Feature", "geometry": {"type": "MultiLineString", "coordinates": [[[-43.40896943828892, -22.906491752592274], [-43.40924513265668, -22.906170400543488]]]}, "properties": {"camada": "SSDMT", "COD_ID": "11804027", "CTMT": "TQR0007", "COMP": 47.27, "TIP_CND": "105925006_13_3", "energizado": false, "fonte": null}}, {"type": "Feature", "geometry": {"type": "MultiLineString", "coordinates": [[[-43.415450730866496, -22.913106142134723], [-43.415614572054835, -22.9133317352713]]]}, "properties": {"camada": "SSDMT", "COD_ID": "11798621", "CTMT": "TQR0007", "COMP": 31.31, "TIP_CND": "105925011_11_3", "energizado": false, "fonte": null}}, {"type": "Feature", "geometry": {"type": "MultiLineString", "coordinates": [[[-43.40469699127311, -22.91377058194678], [-43.40496661791502, -22.913642606620954]]]}, "properties": {"camada": "SSDMT", "COD_ID": "11803169", "CTMT": "TQR0007", "COMP": 32.32, "TIP_CND": "105925008_13_3", "energizado": false, "fonte": null}}, {"type": "Feature", "geometry": {"type": "MultiLineString", "coordinates": [[[-43.415451363989234, -22.912035338260182], [-43.41541949651253, -22.912260799196474]]]}, "properties": {"camada": "SSDMT", "COD_ID": "11798699", "CTMT": "TQR0007", "COMP": 26.19, "TIP_CND": "105925011_11_3", "energizado": false, "fonte": null}}, {"type": "Feature", "geometry": {"type": "MultiLineString", "coordinates": [[[-43.41285355354859, -22.915508758322517], [-43.41274971332854, -22.915616571747364]]]}, "properties": {"camada": "SSDMT", "COD_ID": "453734575", "CTMT": "TQR0007", "COMP": 16.64, "TIP_CND": "105925010_11_3", "energizado": false, "fonte": null}}, {"type": "Feature", "geometry": {"type": "MultiLineString", "coordinates": [[[-43.41289273970813, -22.91608326323194], [-43.41308225024562, -22.91606427224832]]]}, "properties": {"camada": "SSDMT", "COD_ID": "453734593", "CTMT": "TQR0007", "COMP": 20.33, "TIP_CND": "105925010_11_3", "energizado": false, "fonte": null}}, {"type": "Feature", "geometry": {"type": "MultiLineString", "coordinates": [[[-43.41009786262623, -22.9056861524939], [-43.41025329515338, -22.9055258276548]]]}, "properties": {"camada": "SSDMT", "COD_ID": "11804069", "CTMT": "TQR0007", "COMP": 24.82, "TIP_CND": "105925006_13_3", "energizado": false, "fonte": null}}, {"type": "Feature", "geometry": {"type": "MultiLineString", "coordinates": [[[-43.41400949444255, -22.909692049448495], [-43.41410925353915, -22.90993064947986]]]}, "properties": {"camada": "SSDMT", "COD_ID": "11798795", "CTMT": "TQR0007", "COMP": 29.47, "TIP_CND": "105925011_11_3", "energizado": false, "fonte": null}}, {"type": "Feature", "geometry": {"type": "MultiLineString", "coordinates": [[[-43.41428925914198, -22.91535997718114], [-43.41400689360319, -22.915389030679194]]]}, "properties": {"camada": "SSDMT", "COD_ID": "453734545", "CTMT": "TQR0007", "COMP": 30.31, "TIP_CND": "105925010_11_3", "energizado": false, "fonte": null}}, {"type": "Feature", "geometry": {"type": "MultiLineString", "coordinates": [[[-43.41274971332854, -22.915616571747364], [-43.412769865337, -22.91591480222627]]]}, "properties": {"camada": "SSDMT", "COD_ID": "453734581", "CTMT": "TQR0007", "COMP": 34.41, "TIP_CND": "105925010_11_3", "energizado": false, "fonte": null}}, {"type": "Feature", "geometry": {"type": "MultiLineString", "coordinates": [[[-43.409529975827695, -22.907203354651074], [-43.40987770589135, -22.907300307862897]]]}, "properties": {"camada": "SSDMT", "COD_ID": "11798879", "CTMT": "TQR0007", "COMP": 38.74, "TIP_CND": "105925011_11_3", "energizado": false, "fonte": null}}, {"type": "Feature", "geometry": {"type": "MultiLineString", "coordinates": [[[-43.41790102191459, -22.91028742492466], [-43.41818920786562, -22.91013963393692]]]}, "properties": {"camada": "SSDMT", "COD_ID": "288692755", "CTMT": "TQR0007", "COMP": 35.14, "TIP_CND": "105925006_13_3", "energizado": false, "fonte": null}}, {"type": "Feature", "geometry": {"type": "MultiLineString", "coordinates": [[[-43.40496661791502, -22.913642606620954], [-43.40511073427291, -22.913472555613907]]]}, "properties": {"camada": "SSDMT", "COD_ID": "11803187", "CTMT": "TQR0007", "COMP": 24.9, "TIP_CND": "105925011_11_3", "energizado": false, "fonte": null}}, {"type": "Feature", "geometry": {"type": "MultiLineString", "coordinates": [[[-43.4052602465631, -22.913260401945934], [-43.405243824942545, -22.91325066318751]]]}, "properties": {"camada": "SSDMT", "COD_ID": "254861964", "CTMT": "TQR0007", "COMP": 2.08, "TIP_CND": "105925006_13_3", "energizado": false, "fonte": null}}, {"type": "Feature", "geometry": {"type": "MultiLineString", "coordinates": [[[-43.39499652237157, -22.911278955359478], [-43.39500603719881, -22.91127647862652]]]}, "properties": {"camada": "SSDMT", "COD_ID": "254863092", "CTMT": "TQR0007", "COMP": 1.05, "TIP_CND": "105925011_11_3", "energizado": true, "fonte": "TQR0007"}}, {"type": "Feature", "geometry": {"type": "MultiLineString", "coordinates": [[[-43.39589197913148, -22.9137821679127], [-43.395811347715494, -22.914128155989545]]]}, "properties": {"camada": "SSDMT", "COD_ID": "357784668", "CTMT": "TQR0007", "COMP": 40.76, "TIP_CND": "105925011_11_3", "energizado": false, "fonte": null}}, {"type": "Feature", "geometry": {"type": "MultiLineString", "coordinates": [[[-43.39291087583621, -22.91077130245361], [-43.392950930740824, -22.910952158815007]]]}, "properties": {"camada": "SSDMT", "COD_ID": "11799209", "CTMT": "TQR0007", "COMP": 21.26, "TIP_CND": "105925011_11_3", "energizado": true, "fonte": "TQR0007"}}, {"type": "Feature", "geometry": {"type": "MultiLineString", "coordinates": [[[-43.40496661791502, -22.913642606620954], [-43.404716159423174, -22.913913946471382]]]}, "properties": {"camada": "SSDMT", "COD_ID": "11803181", "CTMT": "TQR0007", "COMP": 41.11, "TIP_CND": "105925009_13_3", "energizado": false, "fonte": null}}, {"type": "Feature", "geometry": {"type": "MultiLineString", "coordinates": [[[-43.402162472420116, -22.914575114549848], [-43.402150568993534, -22.914552570344824]]]}, "properties": {"camada": "SSDMT", "COD_ID": "1000485158", "CTMT": "TQR0007", "COMP": 2.89, "TIP_CND": "105925006_13_3", "energizado": false, "fonte": null}}, {"type": "Feature", "geometry": {"type": "MultiLineString", "coordinates": [[[-43.39429619241531, -22.911243449225765], [-43.39460642884359, -22.911300164970612]]]}, "properties": {"camada": "SSDMT", "COD_ID": "11799335", "CTMT": "TQR0007", "COMP": 33.73, "TIP_CND": "105925011_11_3", "energizado": true, "fonte": "TQR0007"}}, {"type": "Feature", "geometry": {"type": "MultiLineString", "coordinates": [[[-43.40377506206943, -22.914824327480687], [-43.4037700267653, -22.91481638286973]]]}, "properties": {"camada": "SSDMT", "COD_ID": "455357809", "CTMT": "TQR0007", "COMP": 1.06, "TIP_CND": "105925008_13_3", "energizado": false, "fonte": null}}, {"type": "Feature", "geometry": {"type": "MultiLineString", "coordinates": [[[-43.4108567474409, -22.905568157844186], [-43.41087221757874, -22.90557915025755]]]}, "properties": {"camada": "SSDMT", "COD_ID": "254492450", "CTMT": "TQR0007", "COMP": 2.08, "TIP_CND": "105925006_13_3", "energizado": false, "fonte": null}}, {"type": "Feature", "geometry": {"type": "MultiLineString", "coordinates": [[[-43.40138323684687, -22.915318320583992], [-43.40174499903242, -22.915257271006226]]]}, "properties": {"camada": "SSDMT", "COD_ID": "357784860", "CTMT": "TQR0007", "COMP": 39.23, "TIP_CND": "105925009_13_3", "energizado": false, "fonte": null}}, {"type": "Feature", "geometry": {"type": "MultiLineString", "coordinates": [[[-43.40064835853485, -22.915247171619626], [-43.40101584850254, -22.915286337094756]]]}, "properties": {"camada": "SSDMT", "COD_ID": "357784838", "CTMT": "TQR0007", "COMP": 39.46, "TIP_CND": "105925011_11_3", "energizado": false, "fonte": null}}, {"type": "Feature", "geometry": {"type": "MultiLineString", "coordinates": [[[-43.415704971906905, -22.91093016229712], [-43.415721999670495, -22.91093895676738]]]}, "properties": {"camada": "SSDMT", "COD_ID": "288693039", "CTMT": "TQR0007", "COMP": 2.08, "TIP_CND": "105925011_11_3", "energizado": false, "fonte": null}}, {"type": "Feature", "geometry": {"type": "MultiLineString", "coordinates": [[[-43.40202863980983, -22.914347986270514], [-43.40160737667907, -22.91413057516587]]]}, "properties": {"camada": "SSDMT", "COD_ID": "11795969", "CTMT": "TQR0007", "COMP": 51.44, "TIP_CND": "105925006_13_3", "energizado": false, "fonte": null}}, {"type": "Feature", "geometry": {"type": "MultiLineString", "coordinates": [[[-43.41342191518919, -22.915453671249907], [-43.41311536328334, -22.915485849892036]]]}, "properties": {"camada": "SSDMT", "COD_ID": "453734563", "CTMT": "TQR0007", "COMP": 32.91, "TIP_CND": "105925010_11_3", "energizado": false, "fonte": null}}, {"type": "Feature", "geometry": {"type": "MultiLineString", "coordinates": [[[-43.40401024107973, -22.914564368550714], [-43.40425232328607, -22.914280085657367]]]}, "properties": {"camada": "SSDMT", "COD_ID": "1000485210", "CTMT": "TQR0007", "COMP": 41.7, "TIP_CND": "105925008_13_3", "energizado": false, "fonte": null}}, {"type": "Feature", "geometry": {"type": "MultiLineString", "coordinates": [[[-43.40668710912274, -22.91067118902413], [-43.406885040012526, -22.91028285187207]]]}, "properties": {"camada": "SSDMT", "COD_ID": "254862696", "CTMT": "TQR0007", "COMP": 49.46, "TIP_CND": "105925011_11_3", "energizado": false, "fonte": null}}, {"type": "Feature", "geometry": {"type": "MultiLineString", "coordinates": [[[-43.41311536328334, -22.915485849892036], [-43.41285355354859, -22.915508758322517]]]}, "properties": {"camada": "SSDMT", "COD_ID": "453734569", "CTMT": "TQR0007", "COMP": 28.05, "TIP_CND": "105925010_11_3", "energizado": false, "fonte": null}}, {"type": "Feature", "geometry": {"type": "MultiLineString", "coordinates": [[[-43.41559221760673, -22.911588501108383], [-43.415451363989234, -22.912035338260182]]]}, "properties": {"camada": "SSDMT", "COD_ID": "12962033", "CTMT": "TQR0007", "COMP": 53.61, "TIP_CND": "105925011_11_3", "energizado": false, "fonte": null}}, {"type": "Feature", "geometry": {"type": "MultiLineString", "coordinates": [[[-43.41400689360319, -22.915389030679194], [-43.413709496795775, -22.915423731919645]]]}, "properties": {"camada": "SSDMT", "COD_ID": "453734551", "CTMT": "TQR0007", "COMP": 31.98, "TIP_CND": "105925010_11_3", "energizado": false, "fonte": null}}, {"type": "Feature", "geometry": {"type": "MultiLineString", "coordinates": [[[-43.401381507450594, -22.912177614605184], [-43.40141265906692, -22.91200270635977]]]}, "properties": {"camada": "SSDMT", "COD_ID": "1000485125", "CTMT": "TQR0007", "COMP": 20.42, "TIP_CND": "105925008_13_3", "energizado": false, "fonte": null}}, {"type": "Feature", "geometry": {"type": "MultiLineString", "coordinates": [[[-43.4051734925626, -22.912340987246694], [-43.4051927434503, -22.912343854285382]]]}, "properties": {"camada": "SSDMT", "COD_ID": "254863080", "CTMT": "TQR0007", "COMP": 2.08, "TIP_CND": "105925005_13_3", "energizado": false, "fonte": null}}, {"type": "Feature", "geometry": {"type": "MultiLineString", "coordinates": [[[-43.40124865959791, -22.91183605299142], [-43.40102948402341, -22.911740431675526]]]}, "properties": {"camada": "SSDMT", "COD_ID": "576177634", "CTMT": "TQR0007", "COMP": 25.84, "TIP_CND": "105924965_34_3", "energizado": false, "fonte": null}}, {"type": "Feature", "geometry": {"type": "MultiLineString", "coordinates": [[[-43.41456492383213, -22.91513148283161], [-43.414554702137764, -22.915128490787197]]]}, "properties": {"camada": "SSDMT", "COD_ID": "454859269", "CTMT": "TQR0007", "COMP": 1.14, "TIP_CND": "105925011_11_3", "energizado": false, "fonte": null}}, {"type": "Feature", "geometry": {"type": "MultiLineString", "coordinates": [[[-43.40520236889415, -22.912345287804726], [-43.405396803219844, -22.912374238780046]]]}, "properties": {"camada": "SSDMT", "COD_ID": "11803523", "CTMT": "TQR0007", "COMP": 21.01, "TIP_CND": "105925005_13_3", "energizado": false, "fonte": null}}, {"type": "Feature", "geometry": {"type": "MultiLineString", "coordinates": [[[-43.40102948402341, -22.911740431675526], [-43.401012382515376, -22.911733052738157]]]}, "properties": {"camada": "SSDMT", "COD_ID": "576177640", "CTMT": "TQR0007", "COMP": 2.01, "TIP_CND": "105924965_34_3", "energizado": false, "fonte": null}}, {"type": "Feature", "geometry": {"type": "MultiLineString", "coordinates": [[[-43.41454443008132, -22.91512564263428], [-43.41430991656938, -22.915064159583267]]]}, "properties": {"camada": "SSDMT", "COD_ID": "454859283", "CTMT": "TQR0007", "COMP": 26.0, "TIP_CND": "105925010_11_3", "energizado": false, "fonte": null}}, {"type": "Feature", "geometry": {"type": "MultiLineString", "coordinates": [[[-43.401264544323226, -22.911835752617833], [-43.40125366432511, -22.91183823474671]]]}, "properties": {"camada": "SSDMT", "COD_ID": "576177622", "CTMT": "TQR0007", "COMP": 1.2, "TIP_CND": "105924965_35_3", "energizado": false, "fonte": null}}, {"type": "Feature", "geometry": {"type": "MultiLineString", "coordinates": [[[-43.3985130262551, -22.915028968212255], [-43.398835584294716, -22.91507685081598]]]}, "properties": {"camada": "SSDMT", "COD_ID": "479996687", "CTMT": "TQR0007", "COMP": 34.85, "TIP_CND": "105924968_35_3", "energizado": false, "fonte": null}}, {"type": "Feature", "geometry": {"type": "MultiLineString", "coordinates": [[[-43.398835584294716, -22.91507685081598], [-43.398848733282364, -22.915078753781415]]]}, "properties": {"camada": "SSDMT", "COD_ID": "479996669", "CTMT": "TQR0007", "COMP": 1.42, "TIP_CND": "105924968_35_3", "energizado": false, "fonte": null}}, {"type": "Feature", "geometry": {"type": "MultiLineString", "coordinates": [[[-43.39910054525393, -22.915095332783324], [-43.399101121719355, -22.915097713288787]]]}, "properties": {"camada": "SSDMT", "COD_ID": "479996657", "CTMT": "TQR0007", "COMP": 0.28, "TIP_CND": "105924968_35_3", "energizado": false, "fonte": null}}, {"type": "Feature", "geometry": {"type": "MultiLineString", "coordinates": [[[-43.3988670102043, -22.915079850055008], [-43.39908913735377, -22.91509456656098]]]}, "properties": {"camada": "SSDMT", "COD_ID": "479996879", "CTMT": "TQR0007", "COMP": 23.76, "TIP_CND": "105924968_35_3", "energizado": false, "fonte": null}}, {"type": "Feature", "geometry": {"type": "MultiLineString", "coordinates": [[[-43.398492770824646, -22.915024527360004], [-43.39850325332242, -22.915026872791884]]]}, "properties": {"camada": "SSDMT", "COD_ID": "479996699", "CTMT": "TQR0007", "COMP": 1.15, "TIP_CND": "105924968_35_3", "energizado": false, "fonte": null}}, {"type": "Feature", "geometry": {"type": "MultiLineString", "coordinates": [[[-43.39908913735377, -22.91509456656098], [-43.39910054525393, -22.915095332783324]]]}, "properties": {"camada": "SSDMT", "COD_ID": "479996873", "CTMT": "TQR0007", "COMP": 1.22, "TIP_CND": "105924968_35_3", "energizado": false, "fonte": null}}, {"type": "Feature", "geometry": {"type": "MultiLineString", "coordinates": [[[-43.398075340604464, -22.914902785235313], [-43.39830079524546, -22.914973638322692]]]}, "properties": {"camada": "SSDMT", "COD_ID": "479996705", "CTMT": "TQR0007", "COMP": 25.4, "TIP_CND": "105924968_35_3", "energizado": false, "fonte": null}}, {"type": "Feature", "geometry": {"type": "MultiLineString", "coordinates": [[[-43.40291456645406, -22.914842686240945], [-43.402521479082964, -22.914780698670256]]]}, "properties": {"camada": "SSDMT", "COD_ID": "580842271", "CTMT": "TQR0007", "COMP": 42.54, "TIP_CND": "105925010_15_3", "energizado": false, "fonte": null}}, {"type": "Feature", "geometry": {"type": "MultiLineString", "coordinates": [[[-43.39850325332242, -22.915026872791884], [-43.3985130262551, -22.915028968212255]]]}, "properties": {"camada": "SSDMT", "COD_ID": "479996693", "CTMT": "TQR0007", "COMP": 1.07, "TIP_CND": "105924968_35_3", "energizado": false, "fonte": null}}, {"type": "Feature", "geometry": {"type": "MultiLineString", "coordinates": [[[-43.39831322567477, -22.91497366440302], [-43.398492770824646, -22.915024527360004]]]}, "properties": {"camada": "SSDMT", "COD_ID": "479996833", "CTMT": "TQR0007", "COMP": 20.03, "TIP_CND": "105924968_35_3", "energizado": false, "fonte": null}}, {"type": "Feature", "geometry": {"type": "MultiLineString", "coordinates": [[[-43.39830079524546, -22.914973638322692], [-43.39831322567477, -22.91497366440302]]]}, "properties": {"camada": "SSDMT", "COD_ID": "479996827", "CTMT": "TQR0007", "COMP": 1.33, "TIP_CND": "105924968_35_3", "energizado": false, "fonte": null}}, {"type": "Feature", "geometry": {"type": "MultiLineString", "coordinates": [[[-43.398848733282364, -22.915078753781415], [-43.3988670102043, -22.915079850055008]]]}, "properties": {"camada": "SSDMT", "COD_ID": "479996663", "CTMT": "TQR0007", "COMP": 1.95, "TIP_CND": "105924968_35_3", "energizado": false, "fonte": null}}, {"type": "Feature", "geometry": {"type": "MultiLineString", "coordinates": [[[-43.40125366432511, -22.91183823474671], [-43.40124865959791, -22.91183605299142]]]}, "properties": {"camada": "SSDMT", "COD_ID": "576177628", "CTMT": "TQR0007", "COMP": 0.59, "TIP_CND": "105924965_35_3", "energizado": false, "fonte": null}}, {"type": "Feature", "geometry": {"type": "MultiLineString", "coordinates": [[[-43.385780053306746, -22.911555235185915], [-43.385770105006316, -22.9115515218852]]]}, "properties": {"camada": "SSDMT", "COD_ID": "275326240", "CTMT": "TQR0007", "COMP": 1.14, "TIP_CND": "105925005_13_3", "energizado": true, "fonte": "TQR0007"}}, {"type": "Feature", "geometry": {"type": "MultiLineString", "coordinates": [[[-43.38539552748159, -22.91141154330802], [-43.38515628353559, -22.911539848685038]]]}, "properties": {"camada": "SSDMT", "COD_ID": "11794925", "CTMT": "TQR0007", "COMP": 29.49, "TIP_CND": "105925005_13_3", "energizado": true, "fonte": "TQR0007"}}, {"type": "Feature", "geometry": {"type": "MultiLineString", "coordinates": [[[-43.38575654502847, -22.91154645240681], [-43.38574298505068, -22.91154138382774]]]}, "properties": {"camada": "SSDMT", "COD_ID": "641055581", "CTMT": "TQR0007", "COMP": 1.56, "TIP_CND": "105925005_13_3", "energizado": true, "fonte": "TQR0007"}}, {"type": "Feature", "geometry": {"type": "MultiLineString", "coordinates": [[[-43.38572942507284, -22.911536314349405], [-43.38539552748159, -22.91141154330802]]]}, "properties": {"camada": "SSDMT", "COD_ID": "11794919", "CTMT": "TQR0007", "COMP": 38.41, "TIP_CND": "105925005_13_3", "energizado": true, "fonte": "TQR0007"}}, {"type": "Feature", "geometry": {"type": "MultiLineString", "coordinates": [[[-43.38515628353559, -22.911539848685038], [-43.38497501438536, -22.911630525528267]]]}, "properties": {"camada": "SSDMT", "COD_ID": "11794931", "CTMT": "TQR0007", "COMP": 21.98, "TIP_CND": "105925005_13_3", "energizado": true, "fonte": "TQR0007"}}, {"type": "Feature", "geometry": {"type": "MultiLineString", "coordinates": [[[-43.38862187320086, -22.912224825415308], [-43.38887295852015, -22.911927545519745]]]}, "properties": {"camada": "SSDMT", "COD_ID": "385747296", "CTMT": "TQR0007", "COMP": 43.47, "TIP_CND": "105925011_11_3", "energizado": true, "fonte": "TQR0007"}}, {"type": "Feature", "geometry": {"type": "MultiLineString", "coordinates": [[[-43.385484731235294, -22.9111679178651], [-43.385780053306746, -22.911555235185915]]]}, "properties": {"camada": "SSDMT", "COD_ID": "11794895", "CTMT": "TQR0007", "COMP": 54.61, "TIP_CND": "105925009_13_3", "energizado": true, "fonte": "TQR0007"}}, {"type": "Feature", "geometry": {"type": "MultiLineString", "coordinates": [[[-43.386036414948535, -22.91213583749885], [-43.386228695397904, -22.912386755544276]]]}, "properties": {"camada": "SSDMT", "COD_ID": "11794913", "CTMT": "TQR0007", "COMP": 35.44, "TIP_CND": "105925009_13_3", "energizado": true, "fonte": "TQR0007"}}, {"type": "Feature", "geometry": {"type": "MultiLineString", "coordinates": [[[-43.384614288218756, -22.91051352258097], [-43.38490522519595, -22.910735708186337]]]}, "properties": {"camada": "SSDMT", "COD_ID": "11794877", "CTMT": "TQR0007", "COMP": 40.22, "TIP_CND": "105925009_13_3", "energizado": true, "fonte": "TQR0007"}}, {"type": "Feature", "geometry": {"type": "MultiLineString", "coordinates": [[[-43.38987256126967, -22.910429310963877], [-43.38981294341255, -22.91031126505277]]]}, "properties": {"camada": "SSDMT", "COD_ID": "385747366", "CTMT": "TQR0007", "COMP": 15.01, "TIP_CND": "105925011_11_3", "energizado": true, "fonte": "TQR0007"}}, {"type": "Feature", "geometry": {"type": "MultiLineString", "coordinates": [[[-43.38657917558845, -22.912753410941093], [-43.386797944669354, -22.91269954604718]]]}, "properties": {"camada": "SSDMT", "COD_ID": "385747226", "CTMT": "TQR0007", "COMP": 24.15, "TIP_CND": "105925011_11_3", "energizado": true, "fonte": "TQR0007"}}, {"type": "Feature", "geometry": {"type": "MultiLineString", "coordinates": [[[-43.386228695397904, -22.912386755544276], [-43.38646301285769, -22.912649481688163]]]}, "properties": {"camada": "SSDMT", "COD_ID": "11794967", "CTMT": "TQR0007", "COMP": 39.25, "TIP_CND": "105925009_13_3", "energizado": true, "fonte": "TQR0007"}}, {"type": "Feature", "geometry": {"type": "MultiLineString", "coordinates": [[[-43.38974716699812, -22.91096863079764], [-43.389892798713674, -22.910806150283577]]]}, "properties": {"camada": "SSDMT", "COD_ID": "385747336", "CTMT": "TQR0007", "COMP": 24.32, "TIP_CND": "105925011_11_3", "energizado": true, "fonte": "TQR0007"}}, {"type": "Feature", "geometry": {"type": "MultiLineString", "coordinates": [[[-43.386797944669354, -22.91269954604718], [-43.387139538658744, -22.912558028730018]]]}, "properties": {"camada": "SSDMT", "COD_ID": "385747236", "CTMT": "TQR0007", "COMP": 39.92, "TIP_CND": "105925011_11_3", "energizado": true, "fonte": "TQR0007"}}, {"type": "Feature", "geometry": {"type": "MultiLineString", "coordinates": [[[-43.38367371696842, -22.909800039140464], [-43.38396517105576, -22.91003757617318]]]}, "properties": {"camada": "SSDMT", "COD_ID": "275325700", "CTMT": "TQR0007", "COMP": 41.41, "TIP_CND": "105925009_13_3", "energizado": true, "fonte": "TQR0007"}}, {"type": "Feature", "geometry": {"type": "MultiLineString", "coordinates": [[[-43.38810821642102, -22.912252438199403], [-43.38837969386776, -22.912261702115813]]]}, "properties": {"camada": "SSDMT", "COD_ID": "385747276", "CTMT": "TQR0007", "COMP": 28.98, "TIP_CND": "105925011_11_3", "energizado": true, "fonte": "TQR0007"}}, {"type": "Feature", "geometry": {"type": "MultiLineString", "coordinates": [[[-43.387139538658744, -22.912558028730018], [-43.387492609796084, -22.912438519621958]]]}, "properties": {"camada": "SSDMT", "COD_ID": "385747246", "CTMT": "TQR0007", "COMP": 40.1, "TIP_CND": "105925011_11_3", "energizado": true, "fonte": "TQR0007"}}, {"type": "Feature", "geometry": {"type": "MultiLineString", "coordinates": [[[-43.389892798713674, -22.910806150283577], [-43.390074211755405, -22.91059877921026]]]}, "properties": {"camada": "SSDMT", "COD_ID": "385747346", "CTMT": "TQR0007", "COMP": 30.74, "TIP_CND": "105925011_11_3", "energizado": true, "fonte": "TQR0007"}}, {"type": "Feature", "geometry": {"type": "MultiLineString", "coordinates": [[[-43.3858939326588, -22.911818297676234], [-43.386036414948535, -22.91213583749885]]]}, "properties": {"camada": "SSDMT", "COD_ID": "11794907", "CTMT": "TQR0007", "COMP": 39.6, "TIP_CND": "105925009_13_3", "energizado": true, "fonte": "TQR0007"}}, {"type": "Feature", "geometry": {"type": "MultiLineString", "coordinates": [[[-43.38887295852015, -22.911927545519745], [-43.38916241611258, -22.91160375181164]]]}, "properties": {"camada": "SSDMT", "COD_ID": "385747306", "CTMT": "TQR0007", "COMP": 48.42, "TIP_CND": "105925011_11_3", "energizado": true, "fonte": "TQR0007"}}, {"type": "Feature", "geometry": {"type": "MultiLineString", "coordinates": [[[-43.38646301285769, -22.912649481688163], [-43.386458078277656, -22.912666951918254]]]}, "properties": {"camada": "SSDMT", "COD_ID": "275427936", "CTMT": "TQR0007", "COMP": 2.08, "TIP_CND": "105925009_13_3", "energizado": true, "fonte": "TQR0007"}}, {"type": "Feature", "geometry": {"type": "MultiLineString", "coordinates": [[[-43.38916241611258, -22.91160375181164], [-43.38940410891246, -22.911345399070854]]]}, "properties": {"camada": "SSDMT", "COD_ID": "385747316", "CTMT": "TQR0007", "COMP": 39.37, "TIP_CND": "105925011_11_3", "energizado": true, "fonte": "TQR0007"}}, {"type": "Feature", "geometry": {"type": "MultiLineString", "coordinates": [[[-43.387846539785926, -22.912306473065257], [-43.38810821642102, -22.912252438199403]]]}, "properties": {"camada": "SSDMT", "COD_ID": "385747266", "CTMT": "TQR0007", "COMP": 28.6, "TIP_CND": "105925011_11_3", "energizado": true, "fonte": "TQR0007"}}, {"type": "Feature", "geometry": {"type": "MultiLineString", "coordinates": [[[-43.38437116369818, -22.910330711093422], [-43.384614288218756, -22.91051352258097]]]}, "properties": {"camada": "SSDMT", "COD_ID": "11794871", "CTMT": "TQR0007", "COMP": 33.41, "TIP_CND": "105925009_13_3", "energizado": true, "fonte": "TQR0007"}}, {"type": "Feature", "geometry": {"type": "MultiLineString", "coordinates": [[[-43.38396517105576, -22.91003757617318], [-43.38437116369818, -22.910330711093422]]]}, "properties": {"camada": "SSDMT", "COD_ID": "275325694", "CTMT": "TQR0007", "COMP": 54.91, "TIP_CND": "105925009_13_3", "energizado": true, "fonte": "TQR0007"}}, {"type": "Feature", "geometry": {"type": "MultiLineString", "coordinates": [[[-43.387492609796084, -22.912438519621958], [-43.387846539785926, -22.912306473065257]]]}, "properties": {"camada": "SSDMT", "COD_ID": "385747256", "CTMT": "TQR0007", "COMP": 40.71, "TIP_CND": "105925011_11_3", "energizado": true, "fonte": "TQR0007"}}, {"type": "Feature", "geometry": {"type": "MultiLineString", "coordinates": [[[-43.38837969386776, -22.912261702115813], [-43.38862187320086, -22.912224825415308]]]}, "properties": {"camada": "SSDMT", "COD_ID": "385747286", "CTMT": "TQR0007", "COMP": 26.18, "TIP_CND": "105925011_11_3", "energizado": true, "fonte": "TQR0007"}}, {"type": "Feature", "geometry": {"type": "MultiLineString", "coordinates": [[[-43.38625221626671, -22.91238714854802], [-43.386475083558196, -22.912645341209497]]]}, "properties": {"camada": "SSDMT", "COD_ID": "385747206", "CTMT": "TQR0007", "COMP": 38.07, "TIP_CND": "105925011_11_3", "energizado": true, "fonte": "TQR0007"}}, {"type": "Feature", "geometry": {"type": "MultiLineString", "coordinates": [[[-43.386475083558196, -22.912645341209497], [-43.38657917558845, -22.912753410941093]]]}, "properties": {"camada": "SSDMT", "COD_ID": "385747216", "CTMT": "TQR0007", "COMP": 16.68, "TIP_CND": "105925011_11_3", "energizado": true, "fonte": "TQR0007"}}, {"type": "Feature", "geometry": {"type": "MultiLineString", "coordinates": [[[-43.385780053306746, -22.911555235185915], [-43.3858939326588, -22.911818297676234]]]}, "properties": {"camada": "SSDMT", "COD_ID": "11794901", "CTMT": "TQR0007", "COMP": 32.64, "TIP_CND": "105925009_13_3", "energizado": true, "fonte": "TQR0007"}}, {"type": "Feature", "geometry": {"type": "MultiLineString", "coordinates": [[[-43.38338564343263, -22.909580110833417], [-43.38367371696842, -22.909800039140464]]]}, "properties": {"camada": "SSDMT", "COD_ID": "275325706", "CTMT": "TQR0007", "COMP": 39.82, "TIP_CND": "105925009_13_3", "energizado": true, "fonte": "TQR0007"}}, {"type": "Feature", "geometry": {"type": "MultiLineString", "coordinates": [[[-43.390074211755405, -22.91059877921026], [-43.38987256126967, -22.910429310963877]]]}, "properties": {"camada": "SSDMT", "COD_ID": "385747356", "CTMT": "TQR0007", "COMP": 29.05, "TIP_CND": "105925011_11_3", "energizado": true, "fonte": "TQR0007"}}, {"type": "Feature", "geometry": {"type": "MultiLineString", "coordinates": [[[-43.39008071565246, -22.91002944180525], [-43.39031753322752, -22.909773278014313]]]}, "properties": {"camada": "SSDMT", "COD_ID": "385747386", "CTMT": "TQR0007", "COMP": 38.84, "TIP_CND": "105925011_11_3", "energizado": true, "fonte": "TQR0007"}}, {"type": "Feature", "geometry": {"type": "MultiLineString", "coordinates": [[[-43.386228695397904, -22.912386755544276], [-43.38625221626671, -22.91238714854802]]]}, "properties": {"camada": "SSDMT", "COD_ID": "385747196", "CTMT": "TQR0007", "COMP": 2.51, "TIP_CND": "105925011_11_3", "energizado": true, "fonte": "TQR0007"}}, {"type": "Feature", "geometry": {"type": "MultiLineString", "coordinates": [[[-43.38940410891246, -22.911345399070854], [-43.38974716699812, -22.91096863079764]]]}, "properties": {"camada": "SSDMT", "COD_ID": "385747326", "CTMT": "TQR0007", "COMP": 56.76, "TIP_CND": "105925011_11_3", "energizado": true, "fonte": "TQR0007"}}, {"type": "Feature", "geometry": {"type": "MultiLineString", "coordinates": [[[-43.38981294341255, -22.91031126505277], [-43.39008071565246, -22.91002944180525]]]}, "properties": {"camada": "SSDMT", "COD_ID": "385747376", "CTMT": "TQR0007", "COMP": 43.24, "TIP_CND": "105925011_11_3", "energizado": true, "fonte": "TQR0007"}}, {"type": "Feature", "geometry": {"type": "MultiLineString", "coordinates": [[[-43.38490522519595, -22.910735708186337], [-43.38518576601024, -22.910943438089134]]]}, "properties": {"camada": "SSDMT", "COD_ID": "11794883", "CTMT": "TQR0007", "COMP": 38.31, "TIP_CND": "105925009_13_3", "energizado": true, "fonte": "TQR0007"}}, {"type": "Feature", "geometry": {"type": "MultiLineString", "coordinates": [[[-43.38518576601024, -22.910943438089134], [-43.385484731235294, -22.9111679178651]]]}, "properties": {"camada": "SSDMT", "COD_ID": "11794889", "CTMT": "TQR0007", "COMP": 41.05, "TIP_CND": "105925009_13_3", "energizado": true, "fonte": "TQR0007"}}, {"type": "Feature", "geometry": {"type": "MultiLineString", "coordinates": [[[-43.376988822376234, -22.91225582054966], [-43.37699154372473, -22.91227370266921]]]}, "properties": {"camada": "SSDMT", "COD_ID": "275325640", "CTMT": "TQR0007", "COMP": 2.08, "TIP_CND": "105925005_13_3", "energizado": true, "fonte": "TQR0007"}}, {"type": "Feature", "geometry": {"type": "MultiLineString", "coordinates": [[[-43.37625036835976, -22.912767379211118], [-43.3765066130897, -22.912535197641205]]]}, "properties": {"camada": "SSDMT", "COD_ID": "11795885", "CTMT": "TQR0007", "COMP": 38.24, "TIP_CND": "105925005_13_3", "energizado": true, "fonte": "TQR0007"}}, {"type": "Feature", "geometry": {"type": "MultiLineString", "coordinates": [[[-43.380195926201, -22.90824440895227], [-43.380221277190174, -22.90829009451221]]]}, "properties": {"camada": "SSDMT", "COD_ID": "12958493", "CTMT": "TQR0007", "COMP": 5.92, "TIP_CND": "105925005_13_3", "energizado": true, "fonte": "TQR0007"}}, {"type": "Feature", "geometry": {"type": "MultiLineString", "coordinates": [[[-43.380221277190174, -22.90829009451221], [-43.3802566763045, -22.908411599215867]]]}, "properties": {"camada": "SSDMT", "COD_ID": "11794751", "CTMT": "TQR0007", "COMP": 14.49, "TIP_CND": "105925005_13_3", "energizado": true, "fonte": "TQR0007"}}, {"type": "Feature", "geometry": {"type": "MultiLineString", "coordinates": [[[-43.37608773406163, -22.913325638767162], [-43.376165604558935, -22.912970748301348]]]}, "properties": {"camada": "SSDMT", "COD_ID": "11795891", "CTMT": "TQR0007", "COMP": 41.71, "TIP_CND": "105925005_13_3", "energizado": true, "fonte": "TQR0007"}}, {"type": "Feature", "geometry": {"type": "MultiLineString", "coordinates": [[[-43.376165604558935, -22.912970748301348], [-43.37625036835976, -22.912767379211118]]]}, "properties": {"camada": "SSDMT", "COD_ID": "11795921", "CTMT": "TQR0007", "COMP": 25.11, "TIP_CND": "105925005_13_3", "energizado": true, "fonte": "TQR0007"}}, {"type": "Feature", "geometry": {"type": "MultiLineString", "coordinates": [[[-43.37904547117154, -22.909075318671], [-43.37930133368957, -22.90909018176643]]]}, "properties": {"camada": "SSDMT", "COD_ID": "11795315", "CTMT": "TQR0007", "COMP": 27.35, "TIP_CND": "105925005_13_3", "energizado": true, "fonte": "TQR0007"}}, {"type": "Feature", "geometry": {"type": "MultiLineString", "coordinates": [[[-43.37850783666727, -22.909086228346723], [-43.378515711131115, -22.909080745180177]]]}, "properties": {"camada": "SSDMT", "COD_ID": "476157373", "CTMT": "TQR0007", "COMP": 1.05, "TIP_CND": "105925005_13_3", "energizado": true, "fonte": "TQR0007"}}, {"type": "Feature", "geometry": {"type": "MultiLineString", "coordinates": [[[-43.38018255418149, -22.908220312517358], [-43.380191469160934, -22.908236379805032]]]}, "properties": {"camada": "SSDMT", "COD_ID": "275326084", "CTMT": "TQR0007", "COMP": 2.08, "TIP_CND": "105925005_13_3", "energizado": true, "fonte": "TQR0007"}}, {"type": "Feature", "geometry": {"type": "MultiLineString", "coordinates": [[[-43.37761569031181, -22.911092553778303], [-43.37737577367295, -22.911199833905187]]]}, "properties": {"camada": "SSDMT", "COD_ID": "121378556", "CTMT": "TQR0007", "COMP": 28.42, "TIP_CND": "105925005_13_3", "energizado": true, "fonte": "TQR0007"}}, {"type": "Feature", "geometry": {"type": "MultiLineString", "coordinates": [[[-43.37852925132387, -22.909071003723795], [-43.37863040077235, -22.90899441655904]]]}, "properties": {"camada": "SSDMT", "COD_ID": "11795219", "CTMT": "TQR0007", "COMP": 13.94, "TIP_CND": "105925005_13_3", "energizado": true, "fonte": "TQR0007"}}, {"type": "Feature", "geometry": {"type": "MultiLineString", "coordinates": [[[-43.37863040077235, -22.90899441655904], [-43.37904547117154, -22.909075318671]]]}, "properties": {"camada": "SSDMT", "COD_ID": "11795225", "CTMT": "TQR0007", "COMP": 45.25, "TIP_CND": "105925005_13_3", "energizado": true, "fonte": "TQR0007"}}, {"type": "Feature", "geometry": {"type": "MultiLineString", "coordinates": [[[-43.38033613320596, -22.90867424082353], [-43.38028742322598, -22.908731198485953]]]}, "properties": {"camada": "SSDMT", "COD_ID": "11794763", "CTMT": "TQR0007", "COMP": 8.37, "TIP_CND": "105925005_13_3", "energizado": true, "fonte": "TQR0007"}}, {"type": "Feature", "geometry": {"type": "MultiLineString", "coordinates": [[[-43.3802566763045, -22.908411599215867], [-43.38033613320596, -22.90867424082353]]]}, "properties": {"camada": "SSDMT", "COD_ID": "11794757", "CTMT": "TQR0007", "COMP": 31.41, "TIP_CND": "105925005_13_3", "energizado": true, "fonte": "TQR0007"}}, {"type": "Feature", "geometry": {"type": "MultiLineString", "coordinates": [[[-43.377886613776184, -22.91116284299079], [-43.37761569031181, -22.911092553778303]]]}, "properties": {"camada": "SSDMT", "COD_ID": "121378550", "CTMT": "TQR0007", "COMP": 30.01, "TIP_CND": "105925005_13_3", "energizado": true, "fonte": "TQR0007"}}, {"type": "Feature", "geometry": {"type": "MultiLineString", "coordinates": [[[-43.37849567963184, -22.90881471942373], [-43.37849062094534, -22.908694843392254]]]}, "properties": {"camada": "SSDMT", "COD_ID": "275325880", "CTMT": "TQR0007", "COMP": 13.82, "TIP_CND": "167644426_13_3", "energizado": true, "fonte": "TQR0007"}}, {"type": "Feature", "geometry": {"type": "MultiLineString", "coordinates": [[[-43.3765066130897, -22.912535197641205], [-43.376988822376234, -22.91225582054966]]]}, "properties": {"camada": "SSDMT", "COD_ID": "11795843", "CTMT": "TQR0007", "COMP": 60.68, "TIP_CND": "105925008_13_3", "energizado": true, "fonte": "TQR0007"}}, {"type": "Feature", "geometry": {"type": "MultiLineString", "coordinates": [[[-43.378488518330414, -22.908592039191205], [-43.3784919762237, -22.908371608163122]]]}, "properties": {"camada": "SSDMT", "COD_ID": "385734344", "CTMT": "TQR0007", "COMP": 25.39, "TIP_CND": "105925011_11_3", "energizado": true, "fonte": "TQR0007"}}, {"type": "Feature", "geometry": {"type": "MultiLineString", "coordinates": [[[-43.37767968516931, -22.91156309526059], [-43.377902038048546, -22.911166848571156]]]}, "properties": {"camada": "SSDMT", "COD_ID": "12405783", "CTMT": "TQR0007", "COMP": 51.43, "TIP_CND": "105925008_13_3", "energizado": true, "fonte": "TQR0007"}}, {"type": "Feature", "geometry": {"type": "MultiLineString", "coordinates": [[[-43.37703268860764, -22.91256767935488], [-43.37704157750676, -22.912640019021637]]]}, "properties": {"camada": "SSDMT", "COD_ID": "275909170", "CTMT": "TQR0007", "COMP": 8.38, "TIP_CND": "105925006_13_3", "energizado": true, "fonte": "TQR0007"}}, {"type": "Feature", "geometry": {"type": "MultiLineString", "coordinates": [[[-43.3765066130897, -22.912535197641205], [-43.37648791168772, -22.912540297696523]]]}, "properties": {"camada": "SSDMT", "COD_ID": "275326078", "CTMT": "TQR0007", "COMP": 2.08, "TIP_CND": "105925010_11_3", "energizado": true, "fonte": "TQR0007"}}, {"type": "Feature", "geometry": {"type": "MultiLineString", "coordinates": [[[-43.377364309115535, -22.91197358001665], [-43.377371320230225, -22.91196606528166]]]}, "properties": {"camada": "SSDMT", "COD_ID": "804176028", "CTMT": "TQR0007", "COMP": 1.14, "TIP_CND": "105925008_13_3", "energizado": true, "fonte": "TQR0007"}}, {"type": "Feature", "geometry": {"type": "MultiLineString", "coordinates": [[[-43.378590690308044, -22.907939605328465], [-43.37884248878976, -22.90817904802458]]]}, "properties": {"camada": "SSDMT", "COD_ID": "11794655", "CTMT": "TQR0007", "COMP": 38.5, "TIP_CND": "105925008_13_3", "energizado": true, "fonte": "TQR0007"}}, {"type": "Feature", "geometry": {"type": "MultiLineString", "coordinates": [[[-43.37844827366888, -22.910151511283175], [-43.37850948152732, -22.90995687730799]]]}, "properties": {"camada": "SSDMT", "COD_ID": "11795345", "CTMT": "TQR0007", "COMP": 23.35, "TIP_CND": "167644426_13_3", "energizado": true, "fonte": "TQR0007"}}, {"type": "Feature", "geometry": {"type": "MultiLineString", "coordinates": [[[-43.379444913152156, -22.90840767187649], [-43.37987169182509, -22.908297936600434]]]}, "properties": {"camada": "SSDMT", "COD_ID": "12400433", "CTMT": "TQR0007", "COMP": 47.25, "TIP_CND": "105925008_13_3", "energizado": true, "fonte": "TQR0007"}}, {"type": "Feature", "geometry": {"type": "MultiLineString", "coordinates": [[[-43.37760780055953, -22.91167078637767], [-43.37767968516931, -22.91156309526059]]]}, "properties": {"camada": "SSDMT", "COD_ID": "1000485287", "CTMT": "TQR0007", "COMP": 14.58, "TIP_CND": "105925008_13_3", "energizado": true, "fonte": "TQR0007"}}, {"type": "Feature", "geometry": {"type": "MultiLineString", "coordinates": [[[-43.381965514097146, -22.909037181120993], [-43.38238663783301, -22.90914545499868]]]}, "properties": {"camada": "SSDMT", "COD_ID": "11794865", "CTMT": "TQR0007", "COMP": 46.62, "TIP_CND": "105925009_13_3", "energizado": true, "fonte": "TQR0007"}}, {"type": "Feature", "geometry": {"type": "MultiLineString", "coordinates": [[[-43.37752860985739, -22.911789429438556], [-43.37760780055953, -22.91167078637767]]]}, "properties": {"camada": "SSDMT", "COD_ID": "11795717", "CTMT": "TQR0007", "COMP": 16.06, "TIP_CND": "105925008_13_3", "energizado": true, "fonte": "TQR0007"}}, {"type": "Feature", "geometry": {"type": "MultiLineString", "coordinates": [[[-43.38166974865993, -22.90900828770225], [-43.381965514097146, -22.909037181120993]]]}, "properties": {"camada": "SSDMT", "COD_ID": "11794859", "CTMT": "TQR0007", "COMP": 31.73, "TIP_CND": "105925009_13_3", "energizado": true, "fonte": "TQR0007"}}, {"type": "Feature", "geometry": {"type": "MultiLineString", "coordinates": [[[-43.38115612965163, -22.90867459875369], [-43.38146831401144, -22.908893214949842]]]}, "properties": {"camada": "SSDMT", "COD_ID": "11794847", "CTMT": "TQR0007", "COMP": 41.75, "TIP_CND": "105925009_13_3", "energizado": true, "fonte": "TQR0007"}}, {"type": "Feature", "geometry": {"type": "MultiLineString", "coordinates": [[[-43.37847021173087, -22.91169182331896], [-43.37853432799682, -22.911978484919075]]]}, "properties": {"camada": "SSDMT", "COD_ID": "275325610", "CTMT": "TQR0007", "COMP": 33.71, "TIP_CND": "105925010_11_3", "energizado": true, "fonte": "TQR0007"}}, {"type": "Feature", "geometry": {"type": "MultiLineString", "coordinates": [[[-43.383088296987296, -22.909398938809943], [-43.38338564343263, -22.909580110833417]]]}, "properties": {"camada": "SSDMT", "COD_ID": "275325712", "CTMT": "TQR0007", "COMP": 37.97, "TIP_CND": "105925009_13_3", "energizado": true, "fonte": "TQR0007"}}, {"type": "Feature", "geometry": {"type": "MultiLineString", "coordinates": [[[-43.377163825050445, -22.912143288382026], [-43.37735874680868, -22.911978914795043]]]}, "properties": {"camada": "SSDMT", "COD_ID": "275325604", "CTMT": "TQR0007", "COMP": 28.12, "TIP_CND": "105925008_13_3", "energizado": true, "fonte": "TQR0007"}}, {"type": "Feature", "geometry": {"type": "MultiLineString", "coordinates": [[[-43.38146831401144, -22.908893214949842], [-43.38166974865993, -22.90900828770225]]]}, "properties": {"camada": "SSDMT", "COD_ID": "11794853", "CTMT": "TQR0007", "COMP": 25.25, "TIP_CND": "105925009_13_3", "energizado": true, "fonte": "TQR0007"}}, {"type": "Feature", "geometry": {"type": "MultiLineString", "coordinates": [[[-43.378550186641746, -22.912269131415258], [-43.37842774214653, -22.912491650669097]]]}, "properties": {"camada": "SSDMT", "COD_ID": "11795645", "CTMT": "TQR0007", "COMP": 28.76, "TIP_CND": "105925010_11_3", "energizado": true, "fonte": "TQR0007"}}, {"type": "Feature", "geometry": {"type": "MultiLineString", "coordinates": [[[-43.37849062094534, -22.908694843392254], [-43.37848882589856, -22.90867686234725]]]}, "properties": {"camada": "SSDMT", "COD_ID": "275326174", "CTMT": "TQR0007", "COMP": 2.08, "TIP_CND": "105925008_13_3", "energizado": true, "fonte": "TQR0007"}}, {"type": "Feature", "geometry": {"type": "MultiLineString", "coordinates": [[[-43.37850948152732, -22.90995687730799], [-43.378539792277536, -22.90967621238724]]]}, "properties": {"camada": "SSDMT", "COD_ID": "11795333", "CTMT": "TQR0007", "COMP": 32.48, "TIP_CND": "167644426_13_3", "energizado": true, "fonte": "TQR0007"}}, {"type": "Feature", "geometry": {"type": "MultiLineString", "coordinates": [[[-43.37849567963184, -22.90881471942373], [-43.378505334753356, -22.908803728809005]]]}, "properties": {"camada": "SSDMT", "COD_ID": "385734314", "CTMT": "TQR0007", "COMP": 1.63, "TIP_CND": "105925011_11_3", "energizado": true, "fonte": "TQR0007"}}, {"type": "Feature", "geometry": {"type": "MultiLineString", "coordinates": [[[-43.376988822376234, -22.91225582054966], [-43.377163825050445, -22.912143288382026]]]}, "properties": {"camada": "SSDMT", "COD_ID": "11795723", "CTMT": "TQR0007", "COMP": 22.73, "TIP_CND": "105925008_13_3", "energizado": true, "fonte": "TQR0007"}}, {"type": "Feature", "geometry": {"type": "MultiLineString", "coordinates": [[[-43.37824653325089, -22.91055605331917], [-43.37833555983815, -22.910404529245568]]]}, "properties": {"camada": "SSDMT", "COD_ID": "12518426", "CTMT": "TQR0007", "COMP": 19.87, "TIP_CND": "167644426_13_3", "energizado": true, "fonte": "TQR0007"}}, {"type": "Feature", "geometry": {"type": "MultiLineString", "coordinates": [[[-43.37842774214653, -22.912491650669097], [-43.37841478921109, -22.912479055663823]]]}, "properties": {"camada": "SSDMT", "COD_ID": "275908931", "CTMT": "TQR0007", "COMP": 2.0, "TIP_CND": "105925010_11_3", "energizado": true, "fonte": "TQR0007"}}, {"type": "Feature", "geometry": {"type": "MultiLineString", "coordinates": [[[-43.37850783666727, -22.909086228346723], [-43.37849567963184, -22.90881471942373]]]}, "properties": {"camada": "SSDMT", "COD_ID": "270431828", "CTMT": "TQR0007", "COMP": 31.3, "TIP_CND": "167644426_13_3", "energizado": true, "fonte": "TQR0007"}}, {"type": "Feature", "geometry": {"type": "MultiLineString", "coordinates": [[[-43.37987169182509, -22.908297936600434], [-43.38018255418149, -22.908220312517358]]]}, "properties": {"camada": "SSDMT", "COD_ID": "11794733", "CTMT": "TQR0007", "COMP": 34.35, "TIP_CND": "105925009_13_3", "energizado": true, "fonte": "TQR0007"}}, {"type": "Feature", "geometry": {"type": "MultiLineString", "coordinates": [[[-43.378539792277536, -22.90967621238724], [-43.37853867981619, -22.909457278730372]]]}, "properties": {"camada": "SSDMT", "COD_ID": "11795327", "CTMT": "TQR0007", "COMP": 25.21, "TIP_CND": "167644426_13_3", "energizado": true, "fonte": "TQR0007"}}, {"type": "Feature", "geometry": {"type": "MultiLineString", "coordinates": [[[-43.37792660662757, -22.911181549788637], [-43.37793110773441, -22.911184241459523]]]}, "properties": {"camada": "SSDMT", "COD_ID": "803725218", "CTMT": "TQR0007", "COMP": 0.57, "TIP_CND": "105925010_11_3", "energizado": true, "fonte": "TQR0007"}}, {"type": "Feature", "geometry": {"type": "MultiLineString", "coordinates": [[[-43.37647856143644, -22.912542857167068], [-43.37619070463728, -22.912621421941026]]]}, "properties": {"camada": "SSDMT", "COD_ID": "12958487", "CTMT": "TQR0007", "COMP": 32.01, "TIP_CND": "105925010_11_3", "energizado": true, "fonte": "TQR0007"}}, {"type": "Feature", "geometry": {"type": "MultiLineString", "coordinates": [[[-43.378550186641746, -22.912269131415258], [-43.378537632105974, -22.912274665843086]]]}, "properties": {"camada": "SSDMT", "COD_ID": "275427978", "CTMT": "TQR0007", "COMP": 1.48, "TIP_CND": "105925010_11_3", "energizado": true, "fonte": "TQR0007"}}, {"type": "Feature", "geometry": {"type": "MultiLineString", "coordinates": [[[-43.37853867981619, -22.909457278730372], [-43.37850783666727, -22.909086228346723]]]}, "properties": {"camada": "SSDMT", "COD_ID": "12405771", "CTMT": "TQR0007", "COMP": 42.86, "TIP_CND": "167644426_13_3", "energizado": true, "fonte": "TQR0007"}}, {"type": "Feature", "geometry": {"type": "MultiLineString", "coordinates": [[[-43.37853432799682, -22.911978484919075], [-43.378550186641746, -22.912269131415258]]]}, "properties": {"camada": "SSDMT", "COD_ID": "11795639", "CTMT": "TQR0007", "COMP": 33.51, "TIP_CND": "105925010_11_3", "energizado": true, "fonte": "TQR0007"}}, {"type": "Feature", "geometry": {"type": "MultiLineString", "coordinates": [[[-43.378158128994414, -22.91129324918404], [-43.37846398932163, -22.9114549652744]]]}, "properties": {"camada": "SSDMT", "COD_ID": "11795627", "CTMT": "TQR0007", "COMP": 37.57, "TIP_CND": "105925010_11_3", "energizado": true, "fonte": "TQR0007"}}, {"type": "Feature", "geometry": {"type": "MultiLineString", "coordinates": [[[-43.3784919762237, -22.908371608163122], [-43.37850763611846, -22.908203184928993]]]}, "properties": {"camada": "SSDMT", "COD_ID": "385734354", "CTMT": "TQR0007", "COMP": 19.47, "TIP_CND": "105925011_11_3", "energizado": true, "fonte": "TQR0007"}}, {"type": "Feature", "geometry": {"type": "MultiLineString", "coordinates": [[[-43.377902038048546, -22.911166848571156], [-43.3779184165017, -22.91117665208077]]]}, "properties": {"camada": "SSDMT", "COD_ID": "275326204", "CTMT": "TQR0007", "COMP": 2.08, "TIP_CND": "105925010_11_3", "energizado": true, "fonte": "TQR0007"}}, {"type": "Feature", "geometry": {"type": "MultiLineString", "coordinates": [[[-43.38075777944795, -22.908388271701313], [-43.38115612965163, -22.90867459875369]]]}, "properties": {"camada": "SSDMT", "COD_ID": "11794841", "CTMT": "TQR0007", "COMP": 53.79, "TIP_CND": "105925009_13_3", "energizado": true, "fonte": "TQR0007"}}, {"type": "Feature", "geometry": {"type": "MultiLineString", "coordinates": [[[-43.37884248878976, -22.90817904802458], [-43.37908913775345, -22.908344898298367]]]}, "properties": {"camada": "SSDMT", "COD_ID": "11794661", "CTMT": "TQR0007", "COMP": 32.51, "TIP_CND": "105925008_13_3", "energizado": true, "fonte": "TQR0007"}}, {"type": "Feature", "geometry": {"type": "MultiLineString", "coordinates": [[[-43.37823993942163, -22.910566985477942], [-43.37824653325089, -22.91055605331917]]]}, "properties": {"camada": "SSDMT", "COD_ID": "275908680", "CTMT": "TQR0007", "COMP": 1.44, "TIP_CND": "105925008_13_3", "energizado": true, "fonte": "TQR0007"}}, {"type": "Feature", "geometry": {"type": "MultiLineString", "coordinates": [[[-43.377371320230225, -22.91196606528166], [-43.37752860985739, -22.911789429438556]]]}, "properties": {"camada": "SSDMT", "COD_ID": "275325664", "CTMT": "TQR0007", "COMP": 26.37, "TIP_CND": "105925008_13_3", "energizado": true, "fonte": "TQR0007"}}, {"type": "Feature", "geometry": {"type": "MultiLineString", "coordinates": [[[-43.37850763611846, -22.908203184928993], [-43.378590690308044, -22.907939605328465]]]}, "properties": {"camada": "SSDMT", "COD_ID": "385734364", "CTMT": "TQR0007", "COMP": 31.62, "TIP_CND": "105925011_11_3", "energizado": true, "fonte": "TQR0007"}}, {"type": "Feature", "geometry": {"type": "MultiLineString", "coordinates": [[[-43.38238663783301, -22.90914545499868], [-43.38270159210475, -22.90923341768803]]]}, "properties": {"camada": "SSDMT", "COD_ID": "275325724", "CTMT": "TQR0007", "COMP": 35.09, "TIP_CND": "105925009_13_3", "energizado": true, "fonte": "TQR0007"}}, {"type": "Feature", "geometry": {"type": "MultiLineString", "coordinates": [[[-43.37704157750676, -22.912640019021637], [-43.37705832378259, -22.912651750677696]]]}, "properties": {"camada": "SSDMT", "COD_ID": "275909039", "CTMT": "TQR0007", "COMP": 2.24, "TIP_CND": "105925006_13_3", "energizado": true, "fonte": "TQR0007"}}, {"type": "Feature", "geometry": {"type": "MultiLineString", "coordinates": [[[-43.37833555983815, -22.910404529245568], [-43.37844827366888, -22.910151511283175]]]}, "properties": {"camada": "SSDMT", "COD_ID": "11795339", "CTMT": "TQR0007", "COMP": 31.52, "TIP_CND": "167644426_13_3", "energizado": true, "fonte": "TQR0007"}}, {"type": "Feature", "geometry": {"type": "MultiLineString", "coordinates": [[[-43.37908913775345, -22.908344898298367], [-43.379444913152156, -22.90840767187649]]]}, "properties": {"camada": "SSDMT", "COD_ID": "12400397", "CTMT": "TQR0007", "COMP": 38.64, "TIP_CND": "105925008_13_3", "energizado": true, "fonte": "TQR0007"}}, {"type": "Feature", "geometry": {"type": "MultiLineString", "coordinates": [[[-43.378505334753356, -22.908803728809005], [-43.37849938034208, -22.908687870948427]]]}, "properties": {"camada": "SSDMT", "COD_ID": "385734324", "CTMT": "TQR0007", "COMP": 13.36, "TIP_CND": "105925011_11_3", "energizado": true, "fonte": "TQR0007"}}, {"type": "Feature", "geometry": {"type": "MultiLineString", "coordinates": [[[-43.37703268860764, -22.91256767935488], [-43.37704647611395, -22.912579813907257]]]}, "properties": {"camada": "SSDMT", "COD_ID": "275908938", "CTMT": "TQR0007", "COMP": 2.03, "TIP_CND": "105925006_13_3", "energizado": true, "fonte": "TQR0007"}}, {"type": "Feature", "geometry": {"type": "MultiLineString", "coordinates": [[[-43.37699290979492, -22.912282649124904], [-43.377023907627176, -22.912486309595465]]]}, "properties": {"camada": "SSDMT", "COD_ID": "12958481", "CTMT": "TQR0007", "COMP": 23.69, "TIP_CND": "105925006_13_3", "energizado": true, "fonte": "TQR0007"}}, {"type": "Feature", "geometry": {"type": "MultiLineString", "coordinates": [[[-43.377023907627176, -22.912486309595465], [-43.37703268860764, -22.91256767935488]]]}, "properties": {"camada": "SSDMT", "COD_ID": "11795729", "CTMT": "TQR0007", "COMP": 9.42, "TIP_CND": "105925006_13_3", "energizado": true, "fonte": "TQR0007"}}, {"type": "Feature", "geometry": {"type": "MultiLineString", "coordinates": [[[-43.38044082508395, -22.90824657811703], [-43.38075777944795, -22.908388271701313]]]}, "properties": {"camada": "SSDMT", "COD_ID": "11794835", "CTMT": "TQR0007", "COMP": 37.55, "TIP_CND": "105925009_13_3", "energizado": true, "fonte": "TQR0007"}}, {"type": "Feature", "geometry": {"type": "MultiLineString", "coordinates": [[[-43.378064729003995, -22.910880937005572], [-43.3782345039192, -22.910576440050647]]]}, "properties": {"camada": "SSDMT", "COD_ID": "12823091", "CTMT": "TQR0007", "COMP": 39.47, "TIP_CND": "105925008_13_3", "energizado": true, "fonte": "TQR0007"}}, {"type": "Feature", "geometry": {"type": "MultiLineString", "coordinates": [[[-43.377902038048546, -22.911166848571156], [-43.378064729003995, -22.910880937005572]]]}, "properties": {"camada": "SSDMT", "COD_ID": "11795549", "CTMT": "TQR0007", "COMP": 37.22, "TIP_CND": "105925008_13_3", "energizado": true, "fonte": "TQR0007"}}, {"type": "Feature", "geometry": {"type": "MultiLineString", "coordinates": [[[-43.37849938034208, -22.908687870948427], [-43.378488518330414, -22.908592039191205]]]}, "properties": {"camada": "SSDMT", "COD_ID": "385734334", "CTMT": "TQR0007", "COMP": 11.1, "TIP_CND": "105925011_11_3", "energizado": true, "fonte": "TQR0007"}}, {"type": "Feature", "geometry": {"type": "MultiLineString", "coordinates": [[[-43.38018255418149, -22.908220312517358], [-43.38044082508395, -22.90824657811703]]]}, "properties": {"camada": "SSDMT", "COD_ID": "11794829", "CTMT": "TQR0007", "COMP": 27.72, "TIP_CND": "105925009_13_3", "energizado": true, "fonte": "TQR0007"}}, {"type": "Feature", "geometry": {"type": "MultiLineString", "coordinates": [[[-43.37793110773441, -22.911184241459523], [-43.378158128994414, -22.91129324918404]]]}, "properties": {"camada": "SSDMT", "COD_ID": "11795621", "CTMT": "TQR0007", "COMP": 27.28, "TIP_CND": "105925006_13_3", "energizado": true, "fonte": "TQR0007"}}, {"type": "Feature", "geometry": {"type": "MultiLineString", "coordinates": [[[-43.38270159210475, -22.90923341768803], [-43.383088296987296, -22.909398938809943]]]}, "properties": {"camada": "SSDMT", "COD_ID": "275325718", "CTMT": "TQR0007", "COMP": 45.45, "TIP_CND": "105925009_13_3", "energizado": true, "fonte": "TQR0007"}}, {"type": "Feature", "geometry": {"type": "MultiLineString", "coordinates": [[[-43.37846398932163, -22.9114549652744], [-43.37847021173087, -22.91169182331896]]]}, "properties": {"camada": "SSDMT", "COD_ID": "11795633", "CTMT": "TQR0007", "COMP": 27.29, "TIP_CND": "105925010_11_3", "energizado": true, "fonte": "TQR0007"}}, {"type": "Feature", "geometry": {"type": "MultiLineString", "coordinates": [[[-43.37741811465423, -22.912924488074623], [-43.37741666224912, -22.91292447368545]]]}, "properties": {"camada": "SSDMT", "COD_ID": "12322121", "CTMT": "TQR0007", "COMP": 0.15, "TIP_CND": "105924993_35_3", "energizado": true, "fonte": "TQR0007"}}, {"type": "Feature", "geometry": {"type": "MultiLineString", "coordinates": [[[-43.37743123216558, -22.912927395582813], [-43.37740723285748, -22.91292708621603]]]}, "properties": {"camada": "SSDMT", "COD_ID": "12780715", "CTMT": "TQR0007", "COMP": 2.56, "TIP_CND": "105924993_35_3", "energizado": true, "fonte": "TQR0007"}}, {"type": "Feature", "geometry": {"type": "MultiLineString", "coordinates": [[[-43.37741675667792, -22.912918153250132], [-43.377418218975606, -22.91291815864605]]]}, "properties": {"camada": "SSDMT", "COD_ID": "12445537", "CTMT": "TQR0007", "COMP": 0.16, "TIP_CND": "105924993_35_3", "energizado": true, "fonte": "TQR0007"}}, {"type": "Feature", "geometry": {"type": "MultiLineString", "coordinates": [[[-43.378244561936924, -22.912298218188198], [-43.37824459521187, -22.912295382625757]]]}, "properties": {"camada": "SSDMT", "COD_ID": "12447097", "CTMT": "TQR0007", "COMP": 0.33, "TIP_CND": "105924963_35_3", "energizado": true, "fonte": "TQR0007"}}, {"type": "Feature", "geometry": {"type": "MultiLineString", "coordinates": [[[-43.378253351910644, -22.91229356689456], [-43.37826421212367, -22.91229364153827]]]}, "properties": {"camada": "SSDMT", "COD_ID": "12447019", "CTMT": "TQR0007", "COMP": 1.16, "TIP_CND": "105924993_35_3", "energizado": true, "fonte": "TQR0007"}}, {"type": "Feature", "geometry": {"type": "MultiLineString", "coordinates": [[[-43.37827350571769, -22.912300826222122], [-43.3782532736696, -22.912301006985842]]]}, "properties": {"camada": "SSDMT", "COD_ID": "12447007", "CTMT": "TQR0007", "COMP": 2.16, "TIP_CND": "105924993_35_3", "energizado": true, "fonte": "TQR0007"}}, {"type": "Feature", "geometry": {"type": "MultiLineString", "coordinates": [[[-43.37746156180157, -22.91290772021506], [-43.377461140019534, -22.912935016437814]]]}, "properties": {"camada": "SSDMT", "COD_ID": "12445675", "CTMT": "TQR0007", "COMP": 3.14, "TIP_CND": "105924963_35_3", "energizado": true, "fonte": "TQR0007"}}, {"type": "Feature", "geometry": {"type": "MultiLineString", "coordinates": [[[-43.37827349312715, -22.912290376999238], [-43.37827350571769, -22.912300826222122]]]}, "properties": {"camada": "SSDMT", "COD_ID": "12446989", "CTMT": "TQR0007", "COMP": 1.2, "TIP_CND": "105924993_35_3", "energizado": true, "fonte": "TQR0007"}}, {"type": "Feature", "geometry": {"type": "MultiLineString", "coordinates": [[[-43.37740401148591, -22.912902046392276], [-43.3774383053335, -22.91290237914143]]]}, "properties": {"camada": "SSDMT", "COD_ID": "12445465", "CTMT": "TQR0007", "COMP": 3.66, "TIP_CND": "105924993_35_3", "energizado": true, "fonte": "TQR0007"}}, {"type": "Feature", "geometry": {"type": "MultiLineString", "coordinates": [[[-43.3782532736696, -22.912301006985842], [-43.378253351910644, -22.91229356689456]]]}, "properties": {"camada": "SSDMT", "COD_ID": "12447013", "CTMT": "TQR0007", "COMP": 0.86, "TIP_CND": "105924993_35_3", "energizado": true, "fonte": "TQR0007"}}, {"type": "Feature", "geometry": {"type": "MultiLineString", "coordinates": [[[-43.37743798067822, -22.912924764166462], [-43.377419488818305, -22.912924502463795]]]}, "properties": {"camada": "SSDMT", "COD_ID": "12445519", "CTMT": "TQR0007", "COMP": 1.97, "TIP_CND": "105924993_35_3", "energizado": true, "fonte": "TQR0007"}}, {"type": "Feature", "geometry": {"type": "MultiLineString", "coordinates": [[[-43.37827735301738, -22.912290425562617], [-43.37827349312715, -22.912290376999238]]]}, "properties": {"camada": "SSDMT", "COD_ID": "12446983", "CTMT": "TQR0007", "COMP": 0.41, "TIP_CND": "105924993_35_3", "energizado": true, "fonte": "TQR0007"}}, {"type": "Feature", "geometry": {"type": "MultiLineString", "coordinates": [[[-43.378264512497196, -22.91229048401857], [-43.378249627818036, -22.912290286167718]]]}, "properties": {"camada": "SSDMT", "COD_ID": "12447079", "CTMT": "TQR0007", "COMP": 1.59, "TIP_CND": "105924963_35_3", "energizado": true, "fonte": "TQR0007"}}, {"type": "Feature", "geometry": {"type": "MultiLineString", "coordinates": [[[-43.37743133918491, -22.912918356496903], [-43.37743123216558, -22.912927395582813]]]}, "properties": {"camada": "SSDMT", "COD_ID": "12445513", "CTMT": "TQR0007", "COMP": 1.04, "TIP_CND": "105924993_35_3", "energizado": true, "fonte": "TQR0007"}}, {"type": "Feature", "geometry": {"type": "MultiLineString", "coordinates": [[[-43.37744107884265, -22.912921626431853], [-43.377441266800986, -22.91290746750559]]]}, "properties": {"camada": "SSDMT", "COD_ID": "12445663", "CTMT": "TQR0007", "COMP": 1.63, "TIP_CND": "105924963_35_3", "energizado": true, "fonte": "TQR0007"}}, {"type": "Feature", "geometry": {"type": "MultiLineString", "coordinates": [[[-43.377461140019534, -22.912935016437814], [-43.377454462553374, -22.912934948089344]]]}, "properties": {"camada": "SSDMT", "COD_ID": "12445681", "CTMT": "TQR0007", "COMP": 0.71, "TIP_CND": "105924963_35_3", "energizado": true, "fonte": "TQR0007"}}, {"type": "Feature", "geometry": {"type": "MultiLineString", "coordinates": [[[-43.37740748196967, -22.91290938845748], [-43.37743669644635, -22.912909740991722]]]}, "properties": {"camada": "SSDMT", "COD_ID": "12445507", "CTMT": "TQR0007", "COMP": 3.12, "TIP_CND": "105924993_35_3", "energizado": true, "fonte": "TQR0007"}}, {"type": "Feature", "geometry": {"type": "MultiLineString", "coordinates": [[[-43.37743669644635, -22.912909740991722], [-43.37743679087515, -22.912903492502153]]]}, "properties": {"camada": "SSDMT", "COD_ID": "12445477", "CTMT": "TQR0007", "COMP": 0.72, "TIP_CND": "105924993_35_3", "energizado": true, "fonte": "TQR0007"}}, {"type": "Feature", "geometry": {"type": "MultiLineString", "coordinates": [[[-43.37741670991318, -22.91292131346779], [-43.37741817221081, -22.912921327856964]]]}, "properties": {"camada": "SSDMT", "COD_ID": "12780727", "CTMT": "TQR0007", "COMP": 0.16, "TIP_CND": "105924963_35_3", "energizado": true, "fonte": "TQR0007"}}, {"type": "Feature", "geometry": {"type": "MultiLineString", "coordinates": [[[-43.37741958414642, -22.91291818202842], [-43.37743133918491, -22.912918356496903]]]}, "properties": {"camada": "SSDMT", "COD_ID": "12445543", "CTMT": "TQR0007", "COMP": 1.25, "TIP_CND": "105924993_35_3", "energizado": true, "fonte": "TQR0007"}}, {"type": "Feature", "geometry": {"type": "MultiLineString", "coordinates": [[[-43.378276762162784, -22.91233608054563], [-43.37840726098625, -22.912471835007125]]]}, "properties": {"camada": "SSDMT", "COD_ID": "12322157", "CTMT": "TQR0007", "COMP": 20.93, "TIP_CND": "105924993_35_3", "energizado": true, "fonte": "TQR0007"}}, {"type": "Feature", "geometry": {"type": "MultiLineString", "coordinates": [[[-43.3774383053335, -22.91290237914143], [-43.37743798067822, -22.912924764166462]]]}, "properties": {"camada": "SSDMT", "COD_ID": "12445495", "CTMT": "TQR0007", "COMP": 2.58, "TIP_CND": "105924993_35_3", "energizado": true, "fonte": "TQR0007"}}, {"type": "Feature", "geometry": {"type": "MultiLineString", "coordinates": [[[-43.378265908245055, -22.9122936586254], [-43.378268140362366, -22.91229368200777]]]}, "properties": {"camada": "SSDMT", "COD_ID": "12447025", "CTMT": "TQR0007", "COMP": 0.24, "TIP_CND": "105924993_35_3", "energizado": true, "fonte": "TQR0007"}}, {"type": "Feature", "geometry": {"type": "MultiLineString", "coordinates": [[[-43.37743679087515, -22.912903492502153], [-43.377403997996055, -22.912903148061787]]]}, "properties": {"camada": "SSDMT", "COD_ID": "12445483", "CTMT": "TQR0007", "COMP": 3.5, "TIP_CND": "105924993_35_3", "energizado": true, "fonte": "TQR0007"}}, {"type": "Feature", "geometry": {"type": "MultiLineString", "coordinates": [[[-43.378249513604146, -22.912298268550217], [-43.378244561936924, -22.912298218188198]]]}, "properties": {"camada": "SSDMT", "COD_ID": "12447091", "CTMT": "TQR0007", "COMP": 0.53, "TIP_CND": "105924963_35_3", "energizado": true, "fonte": "TQR0007"}}, {"type": "Feature", "geometry": {"type": "MultiLineString", "coordinates": [[[-43.378251545172645, -22.912287262647], [-43.37825136171091, -22.912302739979395]]]}, "properties": {"camada": "SSDMT", "COD_ID": "12446977", "CTMT": "TQR0007", "COMP": 1.78, "TIP_CND": "105924993_35_3", "energizado": true, "fonte": "TQR0007"}}, {"type": "Feature", "geometry": {"type": "MultiLineString", "coordinates": [[[-43.377441266800986, -22.91290746750559], [-43.37746156180157, -22.91290772021506]]]}, "properties": {"camada": "SSDMT", "COD_ID": "12445669", "CTMT": "TQR0007", "COMP": 2.17, "TIP_CND": "105924963_35_3", "energizado": true, "fonte": "TQR0007"}}, {"type": "Feature", "geometry": {"type": "MultiLineString", "coordinates": [[[-43.37825136171091, -22.912302739979395], [-43.37827219360679, -22.91230295311874]]]}, "properties": {"camada": "SSDMT", "COD_ID": "12446971", "CTMT": "TQR0007", "COMP": 2.22, "TIP_CND": "105924993_35_3", "energizado": true, "fonte": "TQR0007"}}, {"type": "Feature", "geometry": {"type": "MultiLineString", "coordinates": [[[-43.378268188026425, -22.912290521790112], [-43.37826628685963, -22.91229054697112]]]}, "properties": {"camada": "SSDMT", "COD_ID": "12447073", "CTMT": "TQR0007", "COMP": 0.2, "TIP_CND": "105924963_35_3", "energizado": true, "fonte": "TQR0007"}}, {"type": "Feature", "geometry": {"type": "MultiLineString", "coordinates": [[[-43.37826460782537, -22.91228739664598], [-43.378251545172645, -22.912287262647]]]}, "properties": {"camada": "SSDMT", "COD_ID": "12446995", "CTMT": "TQR0007", "COMP": 1.39, "TIP_CND": "105924993_35_3", "energizado": true, "fonte": "TQR0007"}}, {"type": "Feature", "geometry": {"type": "MultiLineString", "coordinates": [[[-43.378271800603045, -22.912336021190356], [-43.378276762162784, -22.91233608054563]]]}, "properties": {"camada": "SSDMT", "COD_ID": "12446935", "CTMT": "TQR0007", "COMP": 0.53, "TIP_CND": "105924993_35_3", "energizado": true, "fonte": "TQR0007"}}, {"type": "Feature", "geometry": {"type": "MultiLineString", "coordinates": [[[-43.377057191536096, -22.912588782846], [-43.37740401148591, -22.912902046392276]]]}, "properties": {"camada": "SSDMT", "COD_ID": "12445471", "CTMT": "TQR0007", "COMP": 51.68, "TIP_CND": "105924993_35_3", "energizado": true, "fonte": "TQR0007"}}, {"type": "Feature", "geometry": {"type": "MultiLineString", "coordinates": [[[-43.37852699942147, -22.912279244291653], [-43.37827735301738, -22.912290425562617]]]}, "properties": {"camada": "SSDMT", "COD_ID": "12446929", "CTMT": "TQR0007", "COMP": 26.66, "TIP_CND": "105924993_35_3", "energizado": true, "fonte": "TQR0007"}}, {"type": "Feature", "geometry": {"type": "MultiLineString", "coordinates": [[[-43.377403997996055, -22.912903148061787], [-43.37707004644545, -22.912660413846993]]]}, "properties": {"camada": "SSDMT", "COD_ID": "12322127", "CTMT": "TQR0007", "COMP": 45.28, "TIP_CND": "105924993_35_3", "energizado": true, "fonte": "TQR0007"}}, {"type": "Feature", "geometry": {"type": "MultiLineString", "coordinates": [[[-43.37827219360679, -22.91230295311874], [-43.378271800603045, -22.912336021190356]]]}, "properties": {"camada": "SSDMT", "COD_ID": "12446965", "CTMT": "TQR0007", "COMP": 3.81, "TIP_CND": "105924993_35_3", "energizado": true, "fonte": "TQR0007"}}, {"type": "Feature", "geometry": {"type": "MultiLineString", "coordinates": [[[-43.37740723285748, -22.91292708621603], [-43.37740748196967, -22.91290938845748]]]}, "properties": {"camada": "SSDMT", "COD_ID": "12445657", "CTMT": "TQR0007", "COMP": 2.04, "TIP_CND": "105924993_35_3", "energizado": true, "fonte": "TQR0007"}}, {"type": "Feature", "geometry": {"type": "MultiLineString", "coordinates": [[[-43.377454462553374, -22.912934948089344], [-43.37745445176148, -22.912935851008683]]]}, "properties": {"camada": "SSDMT", "COD_ID": "12445687", "CTMT": "TQR0007", "COMP": 0.1, "TIP_CND": "105924963_35_3", "energizado": true, "fonte": "TQR0007"}}, {"type": "Feature", "geometry": {"type": "MultiLineString", "coordinates": [[[-43.37745443017775, -22.91293765774668], [-43.37745438071505, -22.912941847688103]]]}, "properties": {"camada": "SSDMT", "COD_ID": "12445693", "CTMT": "TQR0007", "COMP": 0.48, "TIP_CND": "105924963_35_3", "energizado": true, "fonte": "TQR0007"}}, {"type": "Feature", "geometry": {"type": "MultiLineString", "coordinates": [[[-43.378268234791165, -22.912287360673133], [-43.378266294953505, -22.91228736786769]]]}, "properties": {"camada": "SSDMT", "COD_ID": "12447001", "CTMT": "TQR0007", "COMP": 0.21, "TIP_CND": "105924987_35_3", "energizado": true, "fonte": "TQR0007"}}, {"type": "Feature", "geometry": {"type": "MultiLineString", "coordinates": [[[-43.377419536482364, -22.91292134224608], [-43.37744107884265, -22.912921626431853]]]}, "properties": {"camada": "SSDMT", "COD_ID": "12445639", "CTMT": "TQR0007", "COMP": 2.3, "TIP_CND": "105924963_35_3", "energizado": true, "fonte": "TQR0007"}}, {"type": "Feature", "geometry": {"type": "MultiLineString", "coordinates": [[[-43.378249627818036, -22.912290286167718], [-43.378249513604146, -22.912298268550217]]]}, "properties": {"camada": "SSDMT", "COD_ID": "12447085", "CTMT": "TQR0007", "COMP": 0.92, "TIP_CND": "105924963_35_3", "energizado": true, "fonte": "TQR0007"}}, {"type": "Feature", "geometry": {"type": "MultiLineString", "coordinates": [[[-43.378244606003705, -22.912294479706418], [-43.378244670754896, -22.912289043304668]]]}, "properties": {"camada": "SSDMT", "COD_ID": "12447103", "CTMT": "TQR0007", "COMP": 0.63, "TIP_CND": "105924963_35_3", "energizado": true, "fonte": "TQR0007"}}, {"type": "Feature", "geometry": {"type": "MultiLineString", "coordinates": [[[-43.376007168296155, -22.913541558795885], [-43.37608773406163, -22.913325638767162]]]}, "properties": {"camada": "SSDMT", "COD_ID": "11795897", "CTMT": "TQR0007", "COMP": 26.31, "TIP_CND": "105925005_13_3", "energizado": true, "fonte": "TQR0007"}}, {"type": "Feature", "geometry": {"type": "MultiLineString", "coordinates": [[[-43.3745127774427, -22.914039751733128], [-43.37488043468426, -22.914040812933138]]]}, "properties": {"camada": "SSDMT", "COD_ID": "385704323", "CTMT": "TQR0007", "COMP": 39.22, "TIP_CND": "105925011_11_3", "energizado": true, "fonte": "TQR0007"}}, {"type": "Feature", "geometry": {"type": "MultiLineString", "coordinates": [[[-43.37417833306358, -22.914045576642025], [-43.37428783271724, -22.914043593636904]]]}, "properties": {"camada": "SSDMT", "COD_ID": "385704293", "CTMT": "TQR0007", "COMP": 11.68, "TIP_CND": "105925011_11_3", "energizado": true, "fonte": "TQR0007"}}, {"type": "Feature", "geometry": {"type": "MultiLineString", "coordinates": [[[-43.37586832916003, -22.913738819690707], [-43.37566655546709, -22.91390918995711]]]}, "properties": {"camada": "SSDMT", "COD_ID": "11795909", "CTMT": "TQR0007", "COMP": 29.13, "TIP_CND": "105925011_11_3", "energizado": true, "fonte": "TQR0007"}}, {"type": "Feature", "geometry": {"type": "MultiLineString", "coordinates": [[[-43.37428783271724, -22.914043593636904], [-43.374474019360434, -22.91404096132129]]]}, "properties": {"camada": "SSDMT", "COD_ID": "385704303", "CTMT": "TQR0007", "COMP": 19.86, "TIP_CND": "105925011_11_3", "energizado": true, "fonte": "TQR0007"}}, {"type": "Feature", "geometry": {"type": "MultiLineString", "coordinates": [[[-43.37488043468426, -22.914040812933138], [-43.375305330176786, -22.914022999162057]]]}, "properties": {"camada": "SSDMT", "COD_ID": "385704333", "CTMT": "TQR0007", "COMP": 45.37, "TIP_CND": "105925011_11_3", "energizado": true, "fonte": "TQR0007"}}, {"type": "Feature", "geometry": {"type": "MultiLineString", "coordinates": [[[-43.37563852629688, -22.913936953827317], [-43.37586408435999, -22.913753018187208]]]}, "properties": {"camada": "SSDMT", "COD_ID": "385704353", "CTMT": "TQR0007", "COMP": 32.06, "TIP_CND": "105925008_13_3", "energizado": true, "fonte": "TQR0007"}}, {"type": "Feature", "geometry": {"type": "MultiLineString", "coordinates": [[[-43.37619070463728, -22.912621421941026], [-43.37587830983608, -22.912567185627097]]]}, "properties": {"camada": "SSDMT", "COD_ID": "11795933", "CTMT": "TQR0007", "COMP": 33.91, "TIP_CND": "105925010_11_3", "energizado": true, "fonte": "TQR0007"}}, {"type": "Feature", "geometry": {"type": "MultiLineString", "coordinates": [[[-43.374474019360434, -22.91404096132129], [-43.3745127774427, -22.914039751733128]]]}, "properties": {"camada": "SSDMT", "COD_ID": "385704313", "CTMT": "TQR0007", "COMP": 4.14, "TIP_CND": "105925011_11_3", "energizado": true, "fonte": "TQR0007"}}, {"type": "Feature", "geometry": {"type": "MultiLineString", "coordinates": [[[-43.375305330176786, -22.914022999162057], [-43.37563852629688, -22.913936953827317]]]}, "properties": {"camada": "SSDMT", "COD_ID": "385704343", "CTMT": "TQR0007", "COMP": 36.9, "TIP_CND": "105925011_11_3", "energizado": true, "fonte": "TQR0007"}}, {"type": "Feature", "geometry": {"type": "MultiLineString", "coordinates": [[[-43.37373438183619, -22.914035999761552], [-43.373812897147445, -22.91404232379415]]]}, "properties": {"camada": "SSDMT", "COD_ID": "385704273", "CTMT": "TQR0007", "COMP": 8.41, "TIP_CND": "105925011_11_3", "energizado": true, "fonte": "TQR0007"}}, {"type": "Feature", "geometry": {"type": "MultiLineString", "coordinates": [[[-43.373812897147445, -22.91404232379415], [-43.37417833306358, -22.914045576642025]]]}, "properties": {"camada": "SSDMT", "COD_ID": "385704283", "CTMT": "TQR0007", "COMP": 38.99, "TIP_CND": "105925011_11_3", "energizado": true, "fonte": "TQR0007"}}, {"type": "Feature", "geometry": {"type": "MultiLineString", "coordinates": [[[-43.37374904887946, -22.914043890413154], [-43.37373438183619, -22.914035999761552]]]}, "properties": {"camada": "SSDMT", "COD_ID": "310744046", "CTMT": "TQR0007", "COMP": 1.81, "TIP_CND": "105925011_11_3", "energizado": true, "fonte": "TQR0007"}}, {"type": "Feature", "geometry": {"type": "MultiLineString", "coordinates": [[[-43.37586408435999, -22.913753018187208], [-43.37586832916003, -22.913738819690707]]]}, "properties": {"camada": "SSDMT", "COD_ID": "385704363", "CTMT": "TQR0007", "COMP": 1.7, "TIP_CND": "105925011_11_3", "energizado": true, "fonte": "TQR0007"}}, {"type": "Feature", "geometry": {"type": "MultiLineString", "coordinates": [[[-43.37586832916003, -22.913738819690707], [-43.376007168296155, -22.913541558795885]]]}, "properties": {"camada": "SSDMT", "COD_ID": "11795903", "CTMT": "TQR0007", "COMP": 27.12, "TIP_CND": "105925008_13_3", "energizado": true, "fonte": "TQR0007"}}, {"type": "Feature", "geometry": {"type": "MultiLineString", "coordinates": [[[-43.37587830983608, -22.912567185627097], [-43.37550106851944, -22.912513286558863]]]}, "properties": {"camada": "SSDMT", "COD_ID": "11795939", "CTMT": "TQR0007", "COMP": 40.72, "TIP_CND": "105925010_11_3", "energizado": true, "fonte": "TQR0007"}}, {"type": "Feature", "geometry": {"type": "MultiLineString", "coordinates": [[[-43.37355349759582, -22.91309593393015], [-43.37356371659223, -22.91311131953171]]]}, "properties": {"camada": "SSDMT", "COD_ID": "501535074", "CTMT": "TQR0007", "COMP": 2.08, "TIP_CND": "105924969_35_3", "energizado": true, "fonte": "TQR0007"}}, {"type": "Feature", "geometry": {"type": "MultiLineString", "coordinates": [[[-43.37355623153479, -22.91310380030012], [-43.373561077082, -22.91311112977479]]]}, "properties": {"camada": "SSDMT", "COD_ID": "310743988", "CTMT": "TQR0007", "COMP": 0.99, "TIP_CND": "105924968_35_3", "energizado": true, "fonte": "TQR0007"}}, {"type": "Feature", "geometry": {"type": "MultiLineString", "coordinates": [[[-43.37398319456872, -22.914019000776193], [-43.373765001053926, -22.914055974603514]]]}, "properties": {"camada": "SSDMT", "COD_ID": "501535113", "CTMT": "TQR0007", "COMP": 23.66, "TIP_CND": "105924969_35_3", "energizado": true, "fonte": "TQR0007"}}, {"type": "Feature", "geometry": {"type": "MultiLineString", "coordinates": [[[-43.37398396258976, -22.91401756365957], [-43.3737653347024, -22.91405413548989]]]}, "properties": {"camada": "SSDMT", "COD_ID": "310744018", "CTMT": "TQR0007", "COMP": 23.7, "TIP_CND": "105924968_35_3", "energizado": true, "fonte": "TQR0007"}}, {"type": "Feature", "geometry": {"type": "MultiLineString", "coordinates": [[[-43.37399132264136, -22.914015950275825], [-43.37398319456872, -22.914019000776193]]]}, "properties": {"camada": "SSDMT", "COD_ID": "501535104", "CTMT": "TQR0007", "COMP": 0.94, "TIP_CND": "105924969_35_3", "energizado": true, "fonte": "TQR0007"}}, {"type": "Feature", "geometry": {"type": "MultiLineString", "coordinates": [[[-43.373561077082, -22.91311112977479], [-43.37367023769127, -22.913286341991068]]]}, "properties": {"camada": "SSDMT", "COD_ID": "310743994", "CTMT": "TQR0007", "COMP": 23.3, "TIP_CND": "105924968_35_3", "energizado": true, "fonte": "TQR0007"}}, {"type": "Feature", "geometry": {"type": "MultiLineString", "coordinates": [[[-43.37355206317716, -22.91309357051182], [-43.37355349759582, -22.91309593393015]]]}, "properties": {"camada": "SSDMT", "COD_ID": "501535067", "CTMT": "TQR0007", "COMP": 0.31, "TIP_CND": "105924969_35_3", "energizado": true, "fonte": "TQR0007"}}, {"type": "Feature", "geometry": {"type": "MultiLineString", "coordinates": [[[-43.373765001053926, -22.914055974603514], [-43.37376404327591, -22.914056136481463]]]}, "properties": {"camada": "SSDMT", "COD_ID": "501535125", "CTMT": "TQR0007", "COMP": 0.1, "TIP_CND": "105924969_35_3", "energizado": true, "fonte": "TQR0007"}}, {"type": "Feature", "geometry": {"type": "MultiLineString", "coordinates": [[[-43.373988807237595, -22.914015943081267], [-43.37398396258976, -22.91401756365957]]]}, "properties": {"camada": "SSDMT", "COD_ID": "310744012", "CTMT": "TQR0007", "COMP": 0.55, "TIP_CND": "105924968_35_3", "energizado": true, "fonte": "TQR0007"}}, {"type": "Feature", "geometry": {"type": "MultiLineString", "coordinates": [[[-43.37376437782376, -22.914054306361095], [-43.37376377527795, -22.914054914302824]]]}, "properties": {"camada": "SSDMT", "COD_ID": "501535137", "CTMT": "TQR0007", "COMP": 0.1, "TIP_CND": "105924969_35_3", "energizado": true, "fonte": "TQR0007"}}, {"type": "Feature", "geometry": {"type": "MultiLineString", "coordinates": [[[-43.37301300774408, -22.912296229787103], [-43.373551936372735, -22.913096847641384]]]}, "properties": {"camada": "SSDMT", "COD_ID": "310743976", "CTMT": "TQR0007", "COMP": 108.66, "TIP_CND": "105924968_35_3", "energizado": true, "fonte": "TQR0007"}}, {"type": "Feature", "geometry": {"type": "MultiLineString", "coordinates": [[[-43.37301595931905, -22.912296423141356], [-43.37355206317716, -22.91309357051182]]]}, "properties": {"camada": "SSDMT", "COD_ID": "501535061", "CTMT": "TQR0007", "COMP": 108.16, "TIP_CND": "105924969_35_3", "energizado": true, "fonte": "TQR0007"}}, {"type": "Feature", "geometry": {"type": "MultiLineString", "coordinates": [[[-43.3739873080678, -22.914006743016728], [-43.37399132264136, -22.914015950275825]]]}, "properties": {"camada": "SSDMT", "COD_ID": "501535098", "CTMT": "TQR0007", "COMP": 1.14, "TIP_CND": "105924969_35_3", "energizado": true, "fonte": "TQR0007"}}, {"type": "Feature", "geometry": {"type": "MultiLineString", "coordinates": [[[-43.37356371659223, -22.91311131953171], [-43.373670863619395, -22.913286167522585]]]}, "properties": {"camada": "SSDMT", "COD_ID": "501535086", "CTMT": "TQR0007", "COMP": 23.15, "TIP_CND": "105924969_35_3", "energizado": true, "fonte": "TQR0007"}}, {"type": "Feature", "geometry": {"type": "MultiLineString", "coordinates": [[[-43.373670863619395, -22.913286167522585], [-43.3739873080678, -22.914006743016728]]]}, "properties": {"camada": "SSDMT", "COD_ID": "501535092", "CTMT": "TQR0007", "COMP": 89.59, "TIP_CND": "105924969_35_3", "energizado": true, "fonte": "TQR0007"}}, {"type": "Feature", "geometry": {"type": "MultiLineString", "coordinates": [[[-43.373985311572824, -22.914008212508975], [-43.373988807237595, -22.914015943081267]]]}, "properties": {"camada": "SSDMT", "COD_ID": "310744006", "CTMT": "TQR0007", "COMP": 0.97, "TIP_CND": "105924968_35_3", "energizado": true, "fonte": "TQR0007"}}, {"type": "Feature", "geometry": {"type": "MultiLineString", "coordinates": [[[-43.3737653347024, -22.91405413548989], [-43.37376437782376, -22.914054306361095]]]}, "properties": {"camada": "SSDMT", "COD_ID": "310744040", "CTMT": "TQR0007", "COMP": 0.1, "TIP_CND": "105924968_35_3", "energizado": true, "fonte": "TQR0007"}}, {"type": "Feature", "geometry": {"type": "MultiLineString", "coordinates": [[[-43.37376437782376, -22.914054306361095], [-43.37376605056272, -22.91405461302992]]]}, "properties": {"camada": "SSDMT", "COD_ID": "501535131", "CTMT": "TQR0007", "COMP": 0.18, "TIP_CND": "105924969_35_3", "energizado": true, "fonte": "TQR0007"}}, {"type": "Feature", "geometry": {"type": "MultiLineString", "coordinates": [[[-43.37367023769127, -22.913286341991068], [-43.373985311572824, -22.914008212508975]]]}, "properties": {"camada": "SSDMT", "COD_ID": "310744000", "CTMT": "TQR0007", "COMP": 89.67, "TIP_CND": "105924968_35_3", "energizado": true, "fonte": "TQR0007"}}, {"type": "Feature", "geometry": {"type": "MultiLineString", "coordinates": [[[-43.373551936372735, -22.913096847641384], [-43.37355623153479, -22.91310380030012]]]}, "properties": {"camada": "SSDMT", "COD_ID": "310743982", "CTMT": "TQR0007", "COMP": 0.92, "TIP_CND": "105924968_35_3", "energizado": true, "fonte": "TQR0007"}}, {"type": "Feature", "geometry": {"type": "MultiLineString", "coordinates": [[[-43.37301261294169, -22.912290915693177], [-43.37301595931905, -22.912296423141356]]]}, "properties": {"camada": "SSDMT", "COD_ID": "501535053", "CTMT": "TQR0007", "COMP": 0.73, "TIP_CND": "105924969_35_3", "energizado": true, "fonte": "TQR0007"}}, {"type": "Feature", "geometry": {"type": "MultiLineString", "coordinates": [[[-43.37315557367077, -22.911940379744692], [-43.37315968716979, -22.911937965964285]]]}, "properties": {"camada": "SSDMT", "COD_ID": "310743928", "CTMT": "TQR0007", "COMP": 0.52, "TIP_CND": "105924968_35_3", "energizado": true, "fonte": "TQR0007"}}, {"type": "Feature", "geometry": {"type": "MultiLineString", "coordinates": [[[-43.37301157782201, -22.912288538784992], [-43.37300914335725, -22.912289994787386]]]}, "properties": {"camada": "SSDMT", "COD_ID": "338096696", "CTMT": "TQR0007", "COMP": 0.31, "TIP_CND": "105924968_35_3", "energizado": true, "fonte": "TQR0007"}}, {"type": "Feature", "geometry": {"type": "MultiLineString", "coordinates": [[[-43.37315968716979, -22.911937965964285], [-43.373158413729755, -22.91193603781784]]]}, "properties": {"camada": "SSDMT", "COD_ID": "501535018", "CTMT": "TQR0007", "COMP": 0.26, "TIP_CND": "105924969_35_3", "energizado": true, "fonte": "TQR0007"}}, {"type": "Feature", "geometry": {"type": "MultiLineString", "coordinates": [[[-43.37332179266656, -22.912122372849183], [-43.3730143099624, -22.91229002986097]]]}, "properties": {"camada": "SSDMT", "COD_ID": "501535040", "CTMT": "TQR0007", "COMP": 38.06, "TIP_CND": "105924969_35_3", "energizado": true, "fonte": "TQR0007"}}, {"type": "Feature", "geometry": {"type": "MultiLineString", "coordinates": [[[-43.37320879195215, -22.912183382856767], [-43.373200798777816, -22.912187374048017]]]}, "properties": {"camada": "SSDMT", "COD_ID": "310743952", "CTMT": "TQR0007", "COMP": 0.97, "TIP_CND": "105924968_35_3", "energizado": true, "fonte": "TQR0007"}}, {"type": "Feature", "geometry": {"type": "MultiLineString", "coordinates": [[[-43.373185741428756, -22.911925291818704], [-43.373320697292286, -22.912121819766128]]]}, "properties": {"camada": "SSDMT", "COD_ID": "310743934", "CTMT": "TQR0007", "COMP": 26.82, "TIP_CND": "105924968_35_3", "energizado": true, "fonte": "TQR0007"}}, {"type": "Feature", "geometry": {"type": "MultiLineString", "coordinates": [[[-43.37315968716979, -22.911937965964285], [-43.37316096060982, -22.911939893211468]]]}, "properties": {"camada": "SSDMT", "COD_ID": "501534998", "CTMT": "TQR0007", "COMP": 0.26, "TIP_CND": "105924968_35_3", "energizado": true, "fonte": "TQR0007"}}, {"type": "Feature", "geometry": {"type": "MultiLineString", "coordinates": [[[-43.373158413729755, -22.91193603781784], [-43.37318352819722, -22.91192128623834]]]}, "properties": {"camada": "SSDMT", "COD_ID": "501535028", "CTMT": "TQR0007", "COMP": 3.17, "TIP_CND": "105924969_35_3", "energizado": true, "fonte": "TQR0007"}}, {"type": "Feature", "geometry": {"type": "MultiLineString", "coordinates": [[[-43.3730143099624, -22.91229002986097], [-43.37301261294169, -22.912290915693177]]]}, "properties": {"camada": "SSDMT", "COD_ID": "501535046", "CTMT": "TQR0007", "COMP": 0.21, "TIP_CND": "105924969_35_3", "energizado": true, "fonte": "TQR0007"}}, {"type": "Feature", "geometry": {"type": "MultiLineString", "coordinates": [[[-43.3732142688234, -22.91218030537675], [-43.37320879195215, -22.912183382856767]]]}, "properties": {"camada": "SSDMT", "COD_ID": "310743946", "CTMT": "TQR0007", "COMP": 0.68, "TIP_CND": "105924968_35_3", "energizado": true, "fonte": "TQR0007"}}, {"type": "Feature", "geometry": {"type": "MultiLineString", "coordinates": [[[-43.37316096060982, -22.911939893211468], [-43.373185741428756, -22.911925291818704]]]}, "properties": {"camada": "SSDMT", "COD_ID": "501535004", "CTMT": "TQR0007", "COMP": 3.13, "TIP_CND": "105924968_35_3", "energizado": true, "fonte": "TQR0007"}}, {"type": "Feature", "geometry": {"type": "MultiLineString", "coordinates": [[[-43.373200798777816, -22.912187374048017], [-43.37301337466744, -22.912287527947]]]}, "properties": {"camada": "SSDMT", "COD_ID": "310743958", "CTMT": "TQR0007", "COMP": 23.08, "TIP_CND": "105924968_35_3", "energizado": true, "fonte": "TQR0007"}}, {"type": "Feature", "geometry": {"type": "MultiLineString", "coordinates": [[[-43.373320697292286, -22.912121819766128], [-43.3732142688234, -22.91218030537675]]]}, "properties": {"camada": "SSDMT", "COD_ID": "310743940", "CTMT": "TQR0007", "COMP": 13.2, "TIP_CND": "105924968_35_3", "energizado": true, "fonte": "TQR0007"}}, {"type": "Feature", "geometry": {"type": "MultiLineString", "coordinates": [[[-43.37300914335725, -22.912289994787386], [-43.37301300774408, -22.912296229787103]]]}, "properties": {"camada": "SSDMT", "COD_ID": "310743970", "CTMT": "TQR0007", "COMP": 0.83, "TIP_CND": "105924968_35_3", "energizado": true, "fonte": "TQR0007"}}, {"type": "Feature", "geometry": {"type": "MultiLineString", "coordinates": [[[-43.37301337466744, -22.912287527947], [-43.37301157782201, -22.912288538784992]]]}, "properties": {"camada": "SSDMT", "COD_ID": "310743964", "CTMT": "TQR0007", "COMP": 0.22, "TIP_CND": "105924968_35_3", "energizado": true, "fonte": "TQR0007"}}, {"type": "Feature", "geometry": {"type": "MultiLineString", "coordinates": [[[-43.37318352819722, -22.91192128623834], [-43.37332179266656, -22.912122372849183]]]}, "properties": {"camada": "SSDMT", "COD_ID": "501535034", "CTMT": "TQR0007", "COMP": 27.46, "TIP_CND": "105924969_35_3", "energizado": true, "fonte": "TQR0007"}}, {"type": "Feature", "geometry": {"type": "Point", "coordinates": [-43.41996633837579, -22.909226029757406]}, "properties": {"camada": "UNSEMT", "COD_ID": "11053382", "CTMT": "TQR0007", "PAC_1": "TQR0007_MT_481920", "PAC_2": "TQR0007_MT_481921", "normal": "NF", "aberta": false, "TLCD": false, "TIP_UNID": "22", "tie": false, "externa": false, "energizado": false, "fonte": null}}, {"type": "Feature", "geometry": {"type": "Point", "coordinates": [-43.42169807920294, -22.9072206558086]}, "properties": {"camada": "UNSEMT", "COD_ID": "444304545", "CTMT": "TQR0007", "PAC_1": "TQR0007_MT_581104", "PAC_2": "TQR0007_MT_581105", "normal": "NF", "aberta": false, "TLCD": false, "TIP_UNID": "22", "tie": false, "externa": false, "energizado": false, "fonte": null}}, {"type": "Feature", "geometry": {"type": "Point", "coordinates": [-43.42088649411636, -22.908417036516994]}, "properties": {"camada": "UNSEMT", "COD_ID": "444304492", "CTMT": "TQR0007", "PAC_1": "TQR0007_MT_581100", "PAC_2": "TQR0007_MT_581101", "normal": "NF", "aberta": false, "TLCD": false, "TIP_UNID": "22", "tie": false, "externa": false, "energizado": false, "fonte": null}}, {"type": "Feature", "geometry": {"type": "Point", "coordinates": [-43.39910887297606, -22.915098523577967]}, "properties": {"camada": "UNSEMT", "COD_ID": "479996510", "CTMT": "TQR0007", "PAC_1": "TQR0007_MT_47720", "PAC_2": "TQR0007_MT_591147", "normal": "NF", "aberta": false, "TLCD": false, "TIP_UNID": "19", "tie": false, "externa": false, "energizado": false, "fonte": null}}, {"type": "Feature", "geometry": {"type": "Point", "coordinates": [-43.40177063330805, -22.91524782093012]}, "properties": {"camada": "UNSEMT", "COD_ID": "564884354", "CTMT": "TQR0007", "PAC_1": "TQR0007_MT_604283", "PAC_2": "TQR0007_MT_604284", "normal": "NF", "aberta": false, "TLCD": false, "TIP_UNID": "19", "tie": false, "externa": false, "energizado": false, "fonte": null}}, {"type": "Feature", "geometry": {"type": "Point", "coordinates": [-43.41451173972496, -22.915251409225107]}, "properties": {"camada": "UNSEMT", "COD_ID": "453734751", "CTMT": "TQR0007", "PAC_1": "TQR0007_MT_582272", "PAC_2": "TQR0007_MT_582273", "normal": "NF", "aberta": false, "TLCD": false, "TIP_UNID": "19", "tie": false, "externa": false, "energizado": false, "fonte": null}}, {"type": "Feature", "geometry": {"type": "Point", "coordinates": [-43.414520514410185, -22.915343686861604]}, "properties": {"camada": "UNSEMT", "COD_ID": "456619686", "CTMT": "TQR0007", "PAC_1": "TQR0007_MT_583747", "PAC_2": "TQR0007_MT_583748", "normal": "NA", "aberta": true, "TLCD": false, "TIP_UNID": "19", "tie": true, "externa": false, "energizado": true, "fonte": "TQR33859"}}, {"type": "Feature", "geometry": {"type": "Point", "coordinates": [-43.40289600354771, -22.915246525007092]}, "properties": {"camada": "UNSEMT", "COD_ID": "11053557", "CTMT": "TQR0007", "PAC_1": "TQR0007_MT_481956", "PAC_2": "TQR0007_MT_481957", "normal": "NA", "aberta": true, "TLCD": false, "TIP_UNID": "19", "tie": false, "externa": false, "energizado": false, "fonte": null}}, {"type": "Feature", "geometry": {"type": "Point", "coordinates": [-43.402011801803155, -22.91513109702248]}, "properties": {"camada": "UNSEMT", "COD_ID": "460329877", "CTMT": "TQR0007", "PAC_1": "TQR0007_MT_585480", "PAC_2": "TQR0007_MT_585481", "normal": "NA", "aberta": true, "TLCD": false, "TIP_UNID": "19", "tie": false, "externa": false, "energizado": false, "fonte": null}}, {"type": "Feature", "geometry": {"type": "Point", "coordinates": [-43.402895928004625, -22.915258744095695]}, "properties": {"camada": "UNSEMT", "COD_ID": "628723259", "CTMT": "TQR0007", "PAC_1": "TQR0007_MT_646168", "PAC_2": "TQR0007_MT_646169", "normal": "NF", "aberta": false, "TLCD": true, "TIP_UNID": "32", "tie": false, "externa": false, "energizado": false, "fonte": null}}, {"type": "Feature", "geometry": {"type": "Point", "coordinates": [-43.40209848115995, -22.915089000656792]}, "properties": {"camada": "UNSEMT", "COD_ID": "460329886", "CTMT": "TQR0007", "PAC_1": "TQR0007_MT_35630", "PAC_2": "TQR0007_MT_35631", "normal": "NF", "aberta": false, "TLCD": false, "TIP_UNID": "35", "tie": false, "externa": false, "energizado": false, "fonte": null}}, {"type": "Feature", "geometry": {"type": "Point", "coordinates": [-43.414549561612944, -22.91512706716037]}, "properties": {"camada": "UNSEMT", "COD_ID": "454859301", "CTMT": "TQR0007", "PAC_1": "TQR0007_MT_582847", "PAC_2": "TQR0007_MT_582848", "normal": "NF", "aberta": false, "TLCD": false, "TIP_UNID": "22", "tie": false, "externa": false, "energizado": false, "fonte": null}}, {"type": "Feature", "geometry": {"type": "Point", "coordinates": [-43.41639180483787, -22.91099539642039]}, "properties": {"camada": "UNSEMT", "COD_ID": "11053389", "CTMT": "TQR0007", "PAC_1": "TQR0007_MT_481922", "PAC_2": "TQR0007_MT_481923", "normal": "NF", "aberta": false, "TLCD": false, "TIP_UNID": "19", "tie": false, "externa": false, "energizado": false, "fonte": null}}, {"type": "Feature", "geometry": {"type": "Point", "coordinates": [-43.41087221757874, -22.90557915025755]}, "properties": {"camada": "UNSEMT", "COD_ID": "11026501", "CTMT": "TQR0007", "PAC_1": "TQR0007_MT_480920", "PAC_2": "TQR0007_MT_480921", "normal": "NF", "aberta": false, "TLCD": false, "TIP_UNID": "19", "tie": false, "externa": false, "energizado": false, "fonte": null}}, {"type": "Feature", "geometry": {"type": "Point", "coordinates": [-43.409709872612495, -22.905970751948587]}, "properties": {"camada": "UNSEMT", "COD_ID": "11026508", "CTMT": "TQR0007", "PAC_1": "TQR0007_MT_480922", "PAC_2": "TQR0007_MT_480923", "normal": "NF", "aberta": false, "TLCD": false, "TIP_UNID": "19", "tie": false, "externa": false, "energizado": false, "fonte": null}}, {"type": "Feature", "geometry": {"type": "Point", "coordinates": [-43.378168751786404, -22.910552927275717]}, "properties": {"camada": "UNSEMT", "COD_ID": "11038470", "CTMT": "TQR0007", "PAC_1": "TQR0007_MT_481541", "PAC_2": "TQR0007_MT_481542", "normal": "NF", "aberta": false, "TLCD": false, "TIP_UNID": "19", "tie": false, "externa": false, "energizado": true, "fonte": "TQR0007"}}, {"type": "Feature", "geometry": {"type": "Point", "coordinates": [-43.3980677350379, -22.914901155663756]}, "properties": {"camada": "UNSEMT", "COD_ID": "479996611", "CTMT": "TQR0007", "PAC_1": "TQR0007_MT_591150", "PAC_2": "TQR0007_MT_47718", "normal": "NF", "aberta": true, "TLCD": false, "TIP_UNID": "19", "tie": false, "externa": false, "energizado": false, "fonte": null}}, {"type": "Feature", "geometry": {"type": "Point", "coordinates": [-43.41572625346379, -22.910941158307764]}, "properties": {"camada": "UNSEMT", "COD_ID": "145708425", "CTMT": "TQR0007", "PAC_1": "TQR0007_MT_552923", "PAC_2": "TQR0007_MT_552924", "normal": "NF", "aberta": false, "TLCD": false, "TIP_UNID": "19", "tie": false, "externa": false, "energizado": false, "fonte": null}}, {"type": "Feature", "geometry": {"type": "Point", "coordinates": [-43.401314700413025, -22.91179287294267]}, "properties": {"camada": "UNSEMT", "COD_ID": "576177613", "CTMT": "TQR0007", "PAC_1": "TQR0007_MT_605658", "PAC_2": "TQR0007_MT_605659", "normal": "NF", "aberta": false, "TLCD": false, "TIP_UNID": "19", "tie": false, "externa": false, "energizado": false, "fonte": null}}, {"type": "Feature", "geometry": {"type": "Point", "coordinates": [-43.40688884054754, -22.91025716903306]}, "properties": {"camada": "UNSEMT", "COD_ID": "11026522", "CTMT": "TQR0007", "PAC_1": "TQR0007_MT_480926", "PAC_2": "TQR0007_MT_480927", "normal": "NF", "aberta": false, "TLCD": false, "TIP_UNID": "19", "tie": false, "externa": false, "energizado": false, "fonte": null}}, {"type": "Feature", "geometry": {"type": "Point", "coordinates": [-43.373756412528394, -22.91404940235799]}, "properties": {"camada": "UNSEMT", "COD_ID": "310744064", "CTMT": "TQR0007", "PAC_1": "TQR0007_MT_45741", "PAC_2": "TQR0007_MT_570443", "normal": "NF", "aberta": false, "TLCD": false, "TIP_UNID": "19", "tie": false, "externa": false, "energizado": true, "fonte": "TQR0007"}}, {"type": "Feature", "geometry": {"type": "Point", "coordinates": [-43.37736152841177, -22.911976242909248]}, "properties": {"camada": "UNSEMT", "COD_ID": "804176038", "CTMT": "TQR0007", "PAC_1": "TQR0007_MT_621651", "PAC_2": "TQR0007_MT_621652", "normal": "NF", "aberta": false, "TLCD": false, "TIP_UNID": "19", "tie": false, "externa": false, "energizado": true, "fonte": "TQR0007"}}, {"type": "Feature", "geometry": {"type": "Point", "coordinates": [-43.40376757071675, -22.914798034002047]}, "properties": {"camada": "UNSEMT", "COD_ID": "455571955", "CTMT": "TQR0007", "PAC_1": "TQR0007_MT_583219", "PAC_2": "TQR0007_MT_583220", "normal": "NA", "aberta": true, "TLCD": false, "TIP_UNID": "19", "tie": false, "externa": false, "energizado": false, "fonte": null}}, {"type": "Feature", "geometry": {"type": "Point", "coordinates": [-43.409088348448506, -22.907141240275962]}, "properties": {"camada": "UNSEMT", "COD_ID": "481804141", "CTMT": "TQR0007", "PAC_1": "TQR0007_MT_591734", "PAC_2": "TQR0007_MT_591735", "normal": "NA", "aberta": true, "TLCD": false, "TIP_UNID": "19", "tie": false, "externa": false, "energizado": false, "fonte": null}}, {"type": "Feature", "geometry": {"type": "Point", "coordinates": [-43.40469395875914, -22.913917344110075]}, "properties": {"camada": "UNSEMT", "COD_ID": "134733185", "CTMT": "TQR0007", "PAC_1": "TQR0007_MT_549172", "PAC_2": "TQR0007_MT_549173", "normal": "NA", "aberta": true, "TLCD": false, "TIP_UNID": "19", "tie": true, "externa": false, "energizado": true, "fonte": "TQR33862"}}, {"type": "Feature", "geometry": {"type": "Point", "coordinates": [-43.39501186300703, -22.911254518980797]}, "properties": {"camada": "UNSEMT", "COD_ID": "11026452", "CTMT": "TQR0007", "PAC_1": "TQR0007_MT_480908", "PAC_2": "TQR0007_MT_480909", "normal": "NA", "aberta": true, "TLCD": false, "TIP_UNID": "19", "tie": false, "externa": false, "energizado": true, "fonte": "TQR0007"}}, {"type": "Feature", "geometry": {"type": "Point", "coordinates": [-43.40909104731395, -22.907127946497496]}, "properties": {"camada": "UNSEMT", "COD_ID": "1008948307", "CTMT": "TQR0007", "PAC_1": "TQR0007_MT_649773", "PAC_2": "TQR0007_MT_649774", "normal": "NF", "aberta": false, "TLCD": true, "TIP_UNID": "32", "tie": false, "externa": false, "energizado": false, "fonte": null}}, {"type": "Feature", "geometry": {"type": "Point", "coordinates": [-43.37315190713474, -22.91194451482744]}, "properties": {"camada": "UNSEMT", "COD_ID": "358368825", "CTMT": "TQR0007", "PAC_1": "TQR0007_MT_52737", "PAC_2": "TQR0007_MT_52738", "normal": "NF", "aberta": false, "TLCD": true, "TIP_UNID": "29", "tie": false, "externa": false, "energizado": true, "fonte": "TQR0007"}}, {"type": "Feature", "geometry": {"type": "Point", "coordinates": [-43.395023981371594, -22.911282638982584]}, "properties": {"camada": "UNSEMT", "COD_ID": "564884363", "CTMT": "TQR0007", "PAC_1": "TQR0007_MT_645872", "PAC_2": "TQR0007_MT_645873", "normal": "NF", "aberta": true, "TLCD": true, "TIP_UNID": "32", "tie": false, "externa": false, "energizado": true, "fonte": "TQR0007"}}, {"type": "Feature", "geometry": {"type": "Point", "coordinates": [-43.40470532439116, -22.91392587507903]}, "properties": {"camada": "UNSEMT", "COD_ID": "752622332", "CTMT": "TQR0007", "PAC_1": "TQR0007_MT_647171", "PAC_2": "TQR0007_MT_647172", "normal": "NA", "aberta": true, "TLCD": true, "TIP_UNID": "32", "tie": true, "externa": false, "energizado": true, "fonte": "TQR33862"}}, {"type": "Feature", "geometry": {"type": "Point", "coordinates": [-43.40383679333331, -22.914846253851465]}, "properties": {"camada": "UNSEMT", "COD_ID": "455357841", "CTMT": "TQR0007", "PAC_1": "TQR0007_MT_35504", "PAC_2": "TQR0007_MT_35505", "normal": "NF", "aberta": false, "TLCD": false, "TIP_UNID": "35", "tie": false, "externa": false, "energizado": false, "fonte": null}}, {"type": "Feature", "geometry": {"type": "Point", "coordinates": [-43.4052420811571, -22.91321722099792]}, "properties": {"camada": "UNSEMT", "COD_ID": "11026424", "CTMT": "TQR0007", "PAC_1": "TQR0007_MT_480904", "PAC_2": "TQR0007_MT_480905", "normal": "NF", "aberta": false, "TLCD": false, "TIP_UNID": "22", "tie": false, "externa": false, "energizado": false, "fonte": null}}, {"type": "Feature", "geometry": {"type": "Point", "coordinates": [-43.37648791168772, -22.912540297696523]}, "properties": {"camada": "UNSEMT", "COD_ID": "11038393", "CTMT": "TQR0007", "PAC_1": "TQR0007_MT_481519", "PAC_2": "TQR0007_MT_481520", "normal": "NF", "aberta": false, "TLCD": false, "TIP_UNID": "22", "tie": false, "externa": false, "energizado": true, "fonte": "TQR0007"}}, {"type": "Feature", "geometry": {"type": "Point", "coordinates": [-43.3962560930442, -22.912527465270273]}, "properties": {"camada": "UNSEMT", "COD_ID": "11026102", "CTMT": "TQR0007", "PAC_1": "TQR0007_MT_480834", "PAC_2": "TQR0007_MT_480835", "normal": "NF", "aberta": true, "TLCD": false, "TIP_UNID": "22", "tie": false, "externa": false, "energizado": false, "fonte": null}}, {"type": "Feature", "geometry": {"type": "Point", "coordinates": [-43.39613480327853, -22.913105241014023]}, "properties": {"camada": "UNSEMT", "COD_ID": "11026109", "CTMT": "TQR0007", "PAC_1": "TQR0007_MT_480836", "PAC_2": "TQR0007_MT_480837", "normal": "NF", "aberta": true, "TLCD": false, "TIP_UNID": "22", "tie": false, "externa": false, "energizado": false, "fonte": null}}, {"type": "Feature", "geometry": {"type": "Point", "coordinates": [-43.37741427275046, -22.912921279293585]}, "properties": {"camada": "UNSEMT", "COD_ID": "514850740", "CTMT": "TQR0007", "PAC_1": "TQR0007_MT_635954", "PAC_2": "TQR0007_MT_29679", "normal": "NF", "aberta": false, "TLCD": true, "TIP_UNID": "16", "tie": false, "externa": false, "energizado": true, "fonte": "TQR0007"}}, {"type": "Feature", "geometry": {"type": "Point", "coordinates": [-43.378270625189145, -22.9122905460718]}, "properties": {"camada": "UNSEMT", "COD_ID": "519406554", "CTMT": "TQR0007", "PAC_1": "TQR0007_MT_636167", "PAC_2": "TQR0007_MT_29887", "normal": "NF", "aberta": false, "TLCD": true, "TIP_UNID": "16", "tie": false, "externa": false, "energizado": true, "fonte": "TQR0007"}}, {"type": "Feature", "geometry": {"type": "Point", "coordinates": [-43.378532310817434, -22.91227695012111]}, "properties": {"camada": "UNSEMT", "COD_ID": "11038169", "CTMT": "TQR0007", "PAC_1": "TQR0007_MT_481466", "PAC_2": "TQR0007_MT_45304", "normal": "NF", "aberta": false, "TLCD": false, "TIP_UNID": "22", "tie": false, "externa": false, "energizado": true, "fonte": "TQR0007"}}, {"type": "Feature", "geometry": {"type": "Point", "coordinates": [-43.40520681514238, -22.912334350250035]}, "properties": {"camada": "UNSEMT", "COD_ID": "25185502", "CTMT": "TQR0007", "PAC_1": "TQR0007_MT_529097", "PAC_2": "TQR0007_MT_529098", "normal": "NF", "aberta": false, "TLCD": false, "TIP_UNID": "22", "tie": false, "externa": false, "energizado": false, "fonte": null}}, {"type": "Feature", "geometry": {"type": "Point", "coordinates": [-43.39352682420355, -22.91103938675826]}, "properties": {"camada": "UNSEMT", "COD_ID": "641068454", "CTMT": "TQR0007", "PAC_1": "TQR0007_MT_611387", "PAC_2": "TQR0007_MT_611388", "normal": "NF", "aberta": false, "TLCD": false, "TIP_UNID": "22", "tie": false, "externa": false, "energizado": true, "fonte": "TQR0007"}}, {"type": "Feature", "geometry": {"type": "Point", "coordinates": [-43.392148186889244, -22.911453561432666]}, "properties": {"camada": "UNSEMT", "COD_ID": "55200043", "CTMT": "TQR0007", "PAC_1": "TQR0007_MT_541566", "PAC_2": "TQR0007_MT_541567", "normal": "NF", "aberta": false, "TLCD": false, "TIP_UNID": "22", "tie": false, "externa": false, "energizado": true, "fonte": "TQR0007"}}, {"type": "Feature", "geometry": {"type": "Point", "coordinates": [-43.40876602243395, -22.90695929573485]}, "properties": {"camada": "UNSEMT", "COD_ID": "15357169", "CTMT": "TQR0007", "PAC_1": "TQR0007_MT_498244", "PAC_2": "TQR0007_MT_498245", "normal": "NF", "aberta": false, "TLCD": false, "TIP_UNID": "22", "tie": false, "externa": false, "energizado": false, "fonte": null}}, {"type": "Feature", "geometry": {"type": "Point", "coordinates": [-43.37705183337539, -22.91258429432969]}, "properties": {"camada": "UNSEMT", "COD_ID": "11038246", "CTMT": "TQR0007", "PAC_1": "TQR0007_MT_481484", "PAC_2": "TQR0007_MT_45309", "normal": "NF", "aberta": false, "TLCD": false, "TIP_UNID": "22", "tie": false, "externa": false, "energizado": true, "fonte": "TQR0007"}}, {"type": "Feature", "geometry": {"type": "Point", "coordinates": [-43.40138765611539, -22.911992374948113]}, "properties": {"camada": "UNSEMT", "COD_ID": "1015685954", "CTMT": "TQR0007", "PAC_1": "TQR0007_MT_627552", "PAC_2": "TQR0007_MT_627553", "normal": "NF", "aberta": false, "TLCD": false, "TIP_UNID": "22", "tie": false, "externa": false, "energizado": false, "fonte": null}}, {"type": "Feature", "geometry": {"type": "Point", "coordinates": [-43.39550665740626, -22.91096520527998]}, "properties": {"camada": "UNSEMT", "COD_ID": "1011799532", "CTMT": "TQR0007", "PAC_1": "TQR0007_MT_627342", "PAC_2": "TQR0007_MT_627343", "normal": "NF", "aberta": true, "TLCD": false, "TIP_UNID": "22", "tie": false, "externa": false, "energizado": false, "fonte": null}}, {"type": "Feature", "geometry": {"type": "Point", "coordinates": [-43.37841102015244, -22.912475440389244]}, "properties": {"camada": "UNSEMT", "COD_ID": "11038176", "CTMT": "TQR0007", "PAC_1": "TQR0007_MT_481467", "PAC_2": "TQR0007_MT_42767", "normal": "NA", "aberta": true, "TLCD": false, "TIP_UNID": "22", "tie": false, "externa": false, "energizado": true, "fonte": "TQR0007"}}, {"type": "Feature", "geometry": {"type": "Point", "coordinates": [-43.4179386135761, -22.910310260510073]}, "properties": {"camada": "UNSEMT", "COD_ID": "444304518", "CTMT": "TQR0007", "PAC_1": "TQR0007_MT_581102", "PAC_2": "TQR0007_MT_581103", "normal": "NF", "aberta": false, "TLCD": false, "TIP_UNID": "22", "tie": false, "externa": false, "energizado": false, "fonte": null}}, {"type": "Feature", "geometry": {"type": "Point", "coordinates": [-43.38573310240071, -22.91150161850487]}, "properties": {"camada": "UNSEMT", "COD_ID": "641055587", "CTMT": "TQR0007", "PAC_1": "TQR0007_MT_611385", "PAC_2": "TQR0007_MT_611386", "normal": "NF", "aberta": false, "TLCD": false, "TIP_UNID": "22", "tie": false, "externa": false, "energizado": true, "fonte": "TQR0007"}}, {"type": "Feature", "geometry": {"type": "Point", "coordinates": [-43.40778301757217, -22.906691420072946]}, "properties": {"camada": "UNSEMT", "COD_ID": "11026515", "CTMT": "TQR0007", "PAC_1": "TQR0007_MT_480924", "PAC_2": "TQR0007_MT_480925", "normal": "NF", "aberta": false, "TLCD": false, "TIP_UNID": "22", "tie": false, "externa": false, "energizado": false, "fonte": null}}, {"type": "Feature", "geometry": {"type": "Point", "coordinates": [-43.377064180167736, -22.912656081812656]}, "properties": {"camada": "UNSEMT", "COD_ID": "11038239", "CTMT": "TQR0007", "PAC_1": "TQR0007_MT_481483", "PAC_2": "TQR0007_MT_42766", "normal": "NA", "aberta": true, "TLCD": false, "TIP_UNID": "22", "tie": false, "externa": false, "energizado": true, "fonte": "TQR0007"}}, {"type": "Feature", "geometry": {"type": "Point", "coordinates": [-43.39590562004827, -22.913767187905364]}, "properties": {"camada": "UNSEMT", "COD_ID": "1007642983", "CTMT": "TQR33862", "PAC_1": "TQR0007_MT_649698", "PAC_2": "EXT:TQR33862", "normal": "NA", "aberta": true, "TLCD": true, "TIP_UNID": "32", "tie": true, "externa": true, "energizado": false, "fonte": "TQR33862"}}, {"type": "Feature", "geometry": {"type": "Point", "coordinates": [-43.375659536258524, -22.91391405798737]}, "properties": {"camada": "UNSEMT", "COD_ID": "11026081", "CTMT": "TQR33862", "PAC_1": "TQR0007_MT_480829", "PAC_2": "EXT:TQR33862", "normal": "NA", "aberta": true, "TLCD": false, "TIP_UNID": "19", "tie": true, "externa": true, "energizado": true, "fonte": "TQR0007"}}, {"type": "Feature", "geometry": {"type": "Point", "coordinates": [-43.39175363272392, -22.91251708079858]}, "properties": {"camada": "UNSEMT", "COD_ID": "11026438", "CTMT": "TQR33862", "PAC_1": "TQR0007_MT_480907", "PAC_2": "EXT:TQR33862", "normal": "NA", "aberta": true, "TLCD": false, "TIP_UNID": "19", "tie": true, "externa": true, "energizado": true, "fonte": "TQR0007"}}, {"type": "Feature", "geometry": {"type": "Point", "coordinates": [-43.39591537859178, -22.913768875932817]}, "properties": {"camada": "UNSEMT", "COD_ID": "11026494", "CTMT": "TQR33862", "PAC_1": "TQR0007_MT_480919", "PAC_2": "EXT:TQR33862", "normal": "NA", "aberta": true, "TLCD": false, "TIP_UNID": "19", "tie": true, "externa": true, "energizado": false, "fonte": "TQR33862"}}, {"type": "Feature", "geometry": {"type": "Point", "coordinates": [-43.386456837213245, -22.912671319026117]}, "properties": {"camada": "UNSEMT", "COD_ID": "11038232", "CTMT": "TQR33862", "PAC_1": "TQR0007_MT_481482", "PAC_2": "EXT:TQR33862", "normal": "NA", "aberta": true, "TLCD": false, "TIP_UNID": "19", "tie": true, "externa": true, "energizado": true, "fonte": "TQR0007"}}, {"type": "Feature", "geometry": {"type": "Point", "coordinates": [-43.388618170691984, -22.912240348613125]}, "properties": {"camada": "UNSEMT", "COD_ID": "137253951", "CTMT": "TQR33830", "PAC_1": "TQR0007_MT_1249396", "PAC_2": "EXT:TQR33830", "normal": "NA", "aberta": true, "TLCD": false, "TIP_UNID": "19", "tie": true, "externa": true, "energizado": true, "fonte": "TQR0007"}}, {"type": "Feature", "geometry": {"type": "Point", "coordinates": [-43.39108838891798, -22.90920524552564]}, "properties": {"camada": "UNSEMT", "COD_ID": "257936323", "CTMT": "TQR33830", "PAC_1": "TQR0007_MT_561531", "PAC_2": "EXT:TQR33830", "normal": "NA", "aberta": true, "TLCD": false, "TIP_UNID": "19", "tie": true, "externa": true, "energizado": true, "fonte": "TQR0007"}}, {"type": "Feature", "geometry": {"type": "Point", "coordinates": [-43.40180257542846, -22.915347449625074]}, "properties": {"camada": "UNSEMT", "COD_ID": "258481641", "CTMT": "TQR33862", "PAC_1": "TQR0007_MT_561612", "PAC_2": "EXT:TQR33862", "normal": "NA", "aberta": true, "TLCD": false, "TIP_UNID": "19", "tie": true, "externa": true, "energizado": false, "fonte": "TQR33862"}}, {"type": "Feature", "geometry": {"type": "Point", "coordinates": [-43.37848837264022, -22.908672360341086]}, "properties": {"camada": "UNSEMT", "COD_ID": "270431842", "CTMT": "TQR33830", "PAC_1": "TQR0007_MT_564410", "PAC_2": "EXT:TQR33830", "normal": "NA", "aberta": true, "TLCD": false, "TIP_UNID": "19", "tie": true, "externa": true, "energizado": true, "fonte": "TQR0007"}}, {"type": "Feature", "geometry": {"type": "Point", "coordinates": [-43.41450779170117, -22.915341094116172]}, "properties": {"camada": "UNSEMT", "COD_ID": "625884927", "CTMT": "TQR33859", "PAC_1": "TQR0007_MT_646111", "PAC_2": "EXT:TQR33859", "normal": "NA", "aberta": true, "TLCD": true, "TIP_UNID": "32", "tie": true, "externa": true, "energizado": false, "fonte": "TQR33859"}}, {"type": "Feature", "geometry": {"type": "Point", "coordinates": [-43.41925678317398, -22.91261446838297]}, "properties": {"camada": "UNTRMT", "COD_ID": "11072319", "CTMT": "TQR0007", "PAC": "TQR0007_MT_443737", "POT_NOM": 112.5, "n_UCBT": 44, "energizado": false, "fonte": null}}, {"type": "Feature", "geometry": {"type": "Point", "coordinates": [-43.419996465664326, -22.907664464043762]}, "properties": {"camada": "UNTRMT", "COD_ID": "11072373", "CTMT": "TQR0007", "PAC": "TQR0007_MT_392887", "POT_NOM": 112.5, "n_UCBT": 113, "energizado": false, "fonte": null}}, {"type": "Feature", "geometry": {"type": "Point", "coordinates": [-43.4226135171001, -22.907293160051267]}, "properties": {"camada": "UNTRMT", "COD_ID": "139855852", "CTMT": "TQR0007", "PAC": "TQR0007_MT_382849", "POT_NOM": 112.5, "n_UCBT": 27, "energizado": false, "fonte": null}}, {"type": "Feature", "geometry": {"type": "Point", "coordinates": [-43.42145006237041, -22.907579605814135]}, "properties": {"camada": "UNTRMT", "COD_ID": "11072367", "CTMT": "TQR0007", "PAC": "TQR0007_MT_392865", "POT_NOM": 150.0, "n_UCBT": 53, "energizado": false, "fonte": null}}, {"type": "Feature", "geometry": {"type": "Point", "coordinates": [-43.42105628881666, -22.907981247536497]}, "properties": {"camada": "UNTRMT", "COD_ID": "495961506", "CTMT": "TQR0007", "PAC": "TQR0007_MT_410161", "POT_NOM": 225.0, "n_UCBT": 75, "energizado": false, "fonte": null}}, {"type": "Feature", "geometry": {"type": "Point", "coordinates": [-43.42136586873983, -22.905686574275933]}, "properties": {"camada": "UNTRMT", "COD_ID": "670465309", "CTMT": "TQR0007", "PAC": "TQR0007_MT_415114", "POT_NOM": 300.0, "n_UCBT": 58, "energizado": false, "fonte": null}}, {"type": "Feature", "geometry": {"type": "Point", "coordinates": [-43.41957151980972, -22.90938551193176]}, "properties": {"camada": "UNTRMT", "COD_ID": "11072421", "CTMT": "TQR0007", "PAC": "TQR0007_MT_360030", "POT_NOM": 112.5, "n_UCBT": 278, "energizado": false, "fonte": null}}, {"type": "Feature", "geometry": {"type": "Point", "coordinates": [-43.42264299687679, -22.90720223769307]}, "properties": {"camada": "UNTRMT", "COD_ID": "11072343", "CTMT": "TQR0007", "PAC": "TQR0007_MT_360035", "POT_NOM": 75.0, "n_UCBT": 78, "energizado": false, "fonte": null}}, {"type": "Feature", "geometry": {"type": "Point", "coordinates": [-43.419459445397024, -22.911225360262108]}, "properties": {"camada": "UNTRMT", "COD_ID": "330560775", "CTMT": "TQR0007", "PAC": "TQR0007_MT_402978", "POT_NOM": 75.0, "n_UCBT": 1, "energizado": false, "fonte": null}}, {"type": "Feature", "geometry": {"type": "Point", "coordinates": [-43.42368625721497, -22.906327070537827]}, "properties": {"camada": "UNTRMT", "COD_ID": "11072337", "CTMT": "TQR0007", "PAC": "TQR0007_MT_360037", "POT_NOM": 75.0, "n_UCBT": 30, "energizado": false, "fonte": null}}, {"type": "Feature", "geometry": {"type": "Point", "coordinates": [-43.42145988476585, -22.906730769909075]}, "properties": {"camada": "UNTRMT", "COD_ID": "11072355AP112524", "CTMT": "TQR0007", "PAC": "TQR0007_MT_360033", "POT_NOM": 112.5, "n_UCBT": 78, "energizado": false, "fonte": null}}, {"type": "Feature", "geometry": {"type": "Point", "coordinates": [-43.42145988476585, -22.906730769909075]}, "properties": {"camada": "UNTRMT", "COD_ID": "11072355AP112532", "CTMT": "TQR0007", "PAC": "TQR0007_MT_360033", "POT_NOM": 112.5, "n_UCBT": 29, "energizado": false, "fonte": null}}, {"type": "Feature", "geometry": {"type": "Point", "coordinates": [-43.38338564343263, -22.909580110833417]}, "properties": {"camada": "UNTRMT", "COD_ID": "11071521", "CTMT": "TQR0007", "PAC": "TQR0007_MT_360052", "POT_NOM": 112.5, "n_UCBT": 50, "energizado": true, "fonte": "TQR0007"}}, {"type": "Feature", "geometry": {"type": "Point", "coordinates": [-43.39130668315687, -22.90938038939339]}, "properties": {"camada": "UNTRMT", "COD_ID": "11072217", "CTMT": "TQR0007", "PAC": "TQR0007_MT_359894", "POT_NOM": 150.0, "n_UCBT": 40, "energizado": true, "fonte": "TQR0007"}}, {"type": "Feature", "geometry": {"type": "Point", "coordinates": [-43.416831577815, -22.911013825327757]}, "properties": {"camada": "UNTRMT", "COD_ID": "11072283", "CTMT": "TQR0007", "PAC": "TQR0007_MT_443735", "POT_NOM": 75.0, "n_UCBT": 165, "energizado": false, "fonte": null}}, {"type": "Feature", "geometry": {"type": "Point", "coordinates": [-43.38075777944795, -22.908388271701313]}, "properties": {"camada": "UNTRMT", "COD_ID": "660322742", "CTMT": "TQR0007", "PAC": "TQR0007_MT_414959", "POT_NOM": 112.5, "n_UCBT": 37, "energizado": true, "fonte": "TQR0007"}}, {"type": "Feature", "geometry": {"type": "Point", "coordinates": [-43.41855710522617, -22.91130858352426]}, "properties": {"camada": "UNTRMT", "COD_ID": "11072313", "CTMT": "TQR0007", "PAC": "TQR0007_MT_392883", "POT_NOM": 75.0, "n_UCBT": 57, "energizado": false, "fonte": null}}, {"type": "Feature", "geometry": {"type": "Point", "coordinates": [-43.39824756347423, -22.912430610084527]}, "properties": {"camada": "UNTRMT", "COD_ID": "11072433", "CTMT": "TQR0007", "PAC": "TQR0007_MT_390771", "POT_NOM": 112.5, "n_UCBT": 31, "energizado": false, "fonte": null}}, {"type": "Feature", "geometry": {"type": "Point", "coordinates": [-43.394575924739115, -22.910543706526767]}, "properties": {"camada": "UNTRMT", "COD_ID": "11072325", "CTMT": "TQR0007", "PAC": "TQR0007_MT_359904", "POT_NOM": 112.5, "n_UCBT": 105, "energizado": true, "fonte": "TQR0007"}}, {"type": "Feature", "geometry": {"type": "Point", "coordinates": [-43.39487082682717, -22.91202535128889]}, "properties": {"camada": "UNTRMT", "COD_ID": "11072535", "CTMT": "TQR0007", "PAC": "TQR0007_MT_359944", "POT_NOM": 112.5, "n_UCBT": 289, "energizado": true, "fonte": "TQR0007"}}, {"type": "Feature", "geometry": {"type": "Point", "coordinates": [-43.39398266716631, -22.909303763557773]}, "properties": {"camada": "UNTRMT", "COD_ID": "11072247", "CTMT": "TQR0007", "PAC": "TQR0007_MT_359896", "POT_NOM": 112.5, "n_UCBT": 89, "energizado": true, "fonte": "TQR0007"}}, {"type": "Feature", "geometry": {"type": "Point", "coordinates": [-43.400807569113965, -22.91418453089136]}, "properties": {"camada": "UNTRMT", "COD_ID": "520244094", "CTMT": "TQR0007", "PAC": "TQR0007_MT_411254", "POT_NOM": 112.5, "n_UCBT": 59, "energizado": false, "fonte": null}}, {"type": "Feature", "geometry": {"type": "Point", "coordinates": [-43.393123382937745, -22.91165419028863]}, "properties": {"camada": "UNTRMT", "COD_ID": "11072523", "CTMT": "TQR0007", "PAC": "TQR0007_MT_390777", "POT_NOM": 75.0, "n_UCBT": 78, "energizado": true, "fonte": "TQR0007"}}, {"type": "Feature", "geometry": {"type": "Point", "coordinates": [-43.39176772779837, -22.911417432068788]}, "properties": {"camada": "UNTRMT", "COD_ID": "11072487", "CTMT": "TQR0007", "PAC": "TQR0007_MT_359902", "POT_NOM": 150.0, "n_UCBT": 57, "energizado": true, "fonte": "TQR0007"}}, {"type": "Feature", "geometry": {"type": "Point", "coordinates": [-43.41410925353915, -22.90993064947986]}, "properties": {"camada": "UNTRMT", "COD_ID": "11072229", "CTMT": "TQR0007", "PAC": "TQR0007_MT_392855", "POT_NOM": 75.0, "n_UCBT": 68, "energizado": false, "fonte": null}}, {"type": "Feature", "geometry": {"type": "Point", "coordinates": [-43.404489559045885, -22.914002509008526]}, "properties": {"camada": "UNTRMT", "COD_ID": "473585262", "CTMT": "TQR0007", "PAC": "TQR0007_MT_157685", "POT_NOM": 150.0, "n_UCBT": 1, "energizado": false, "fonte": null}}, {"type": "Feature", "geometry": {"type": "Point", "coordinates": [-43.40596915065572, -22.913645560893883]}, "properties": {"camada": "UNTRMT", "COD_ID": "11073099", "CTMT": "TQR0007", "PAC": "TQR0007_MT_360034", "POT_NOM": 150.0, "n_UCBT": 117, "energizado": false, "fonte": null}}, {"type": "Feature", "geometry": {"type": "Point", "coordinates": [-43.40135004287015, -22.912354289119094]}, "properties": {"camada": "UNTRMT", "COD_ID": "11071443", "CTMT": "TQR0007", "PAC": "TQR0007_MT_390784", "POT_NOM": 75.0, "n_UCBT": 158, "energizado": false, "fonte": null}}, {"type": "Feature", "geometry": {"type": "Point", "coordinates": [-43.393252477020155, -22.9110197806383]}, "properties": {"camada": "UNTRMT", "COD_ID": "11072871", "CTMT": "TQR0007", "PAC": "TQR0007_MT_359900", "POT_NOM": 150.0, "n_UCBT": 136, "energizado": true, "fonte": "TQR0007"}}, {"type": "Feature", "geometry": {"type": "Point", "coordinates": [-43.41400689360319, -22.915389030679194]}, "properties": {"camada": "UNTRMT", "COD_ID": "453734624", "CTMT": "TQR0007", "PAC": "TQR0007_MT_407500", "POT_NOM": 112.5, "n_UCBT": 61, "energizado": false, "fonte": null}}, {"type": "Feature", "geometry": {"type": "Point", "coordinates": [-43.40210027980402, -22.914890577837866]}, "properties": {"camada": "UNTRMT", "COD_ID": "11071455", "CTMT": "TQR0007", "PAC": "TQR0007_MT_359945", "POT_NOM": 150.0, "n_UCBT": 69, "energizado": false, "fonte": null}}, {"type": "Feature", "geometry": {"type": "Point", "coordinates": [-43.392989489173544, -22.91044229177828]}, "properties": {"camada": "UNTRMT", "COD_ID": "11072265", "CTMT": "TQR0007", "PAC": "TQR0007_MT_359895", "POT_NOM": 150.0, "n_UCBT": 151, "energizado": true, "fonte": "TQR0007"}}, {"type": "Feature", "geometry": {"type": "Point", "coordinates": [-43.392150844385924, -22.91180213506044]}, "properties": {"camada": "UNTRMT", "COD_ID": "11072547", "CTMT": "TQR0007", "PAC": "TQR0007_MT_390792", "POT_NOM": 150.0, "n_UCBT": 142, "energizado": true, "fonte": "TQR0007"}}, {"type": "Feature", "geometry": {"type": "Point", "coordinates": [-43.38028742322598, -22.908731198485953]}, "properties": {"camada": "UNTRMT", "COD_ID": "11071485", "CTMT": "TQR0007", "PAC": "TQR0007_MT_359890", "POT_NOM": 150.0, "n_UCBT": 48, "energizado": true, "fonte": "TQR0007"}}, {"type": "Feature", "geometry": {"type": "Point", "coordinates": [-43.40490198633756, -22.912083024811693]}, "properties": {"camada": "UNTRMT", "COD_ID": "11073165", "CTMT": "TQR0007", "PAC": "TQR0007_MT_390757", "POT_NOM": 150.0, "n_UCBT": 33, "energizado": false, "fonte": null}}, {"type": "Feature", "geometry": {"type": "Point", "coordinates": [-43.39626651528738, -22.91026519098574]}, "properties": {"camada": "UNTRMT", "COD_ID": "11072385", "CTMT": "TQR0007", "PAC": "TQR0007_MT_359910", "POT_NOM": 150.0, "n_UCBT": 51, "energizado": false, "fonte": null}}, {"type": "Feature", "geometry": {"type": "Point", "coordinates": [-43.37550106851944, -22.912513286558863]}, "properties": {"camada": "UNTRMT", "COD_ID": "11071437", "CTMT": "TQR0007", "PAC": "TQR0007_MT_443720", "POT_NOM": 150.0, "n_UCBT": 138, "energizado": true, "fonte": "TQR0007"}}, {"type": "Feature", "geometry": {"type": "Point", "coordinates": [-43.41535783719439, -22.913906730311282]}, "properties": {"camada": "UNTRMT", "COD_ID": "11072133", "CTMT": "TQR0007", "PAC": "TQR0007_MT_360007", "POT_NOM": 150.0, "n_UCBT": 16, "energizado": false, "fonte": null}}, {"type": "Feature", "geometry": {"type": "Point", "coordinates": [-43.41311536328334, -22.915485849892036]}, "properties": {"camada": "UNTRMT", "COD_ID": "453734646", "CTMT": "TQR0007", "PAC": "TQR0007_MT_407499", "POT_NOM": 150.0, "n_UCBT": 159, "energizado": false, "fonte": null}}, {"type": "Feature", "geometry": {"type": "Point", "coordinates": [-43.40425232328607, -22.914280085657367]}, "properties": {"camada": "UNTRMT", "COD_ID": "624128782", "CTMT": "TQR0007", "PAC": "TQR0007_MT_421546", "POT_NOM": 75.0, "n_UCBT": 1, "energizado": false, "fonte": null}}, {"type": "Feature", "geometry": {"type": "Point", "coordinates": [-43.41884119926192, -22.90720004514594]}, "properties": {"camada": "UNTRMT", "COD_ID": "11072409", "CTMT": "TQR0007", "PAC": "TQR0007_MT_360032", "POT_NOM": 75.0, "n_UCBT": 1, "energizado": false, "fonte": null}}, {"type": "Feature", "geometry": {"type": "Point", "coordinates": [-43.40638393956709, -22.91087449336311]}, "properties": {"camada": "UNTRMT", "COD_ID": "11073225", "CTMT": "TQR0007", "PAC": "TQR0007_MT_360046", "POT_NOM": 75.0, "n_UCBT": 16, "energizado": false, "fonte": null}}, {"type": "Feature", "geometry": {"type": "Point", "coordinates": [-43.401750956141655, -22.9102307847229]}, "properties": {"camada": "UNTRMT", "COD_ID": "11071431", "CTMT": "TQR0007", "PAC": "TQR0007_MT_345631", "POT_NOM": 225.0, "n_UCBT": 7, "energizado": false, "fonte": null}}, {"type": "Feature", "geometry": {"type": "Point", "coordinates": [-43.38490522519595, -22.910735708186337]}, "properties": {"camada": "UNTRMT", "COD_ID": "11071545", "CTMT": "TQR0007", "PAC": "TQR0007_MT_360053", "POT_NOM": 225.0, "n_UCBT": 128, "energizado": true, "fonte": "TQR0007"}}, {"type": "Feature", "geometry": {"type": "Point", "coordinates": [-43.41308225024562, -22.91606427224832]}, "properties": {"camada": "UNTRMT", "COD_ID": "453734688", "CTMT": "TQR0007", "PAC": "TQR0007_MT_407501", "POT_NOM": 300.0, "n_UCBT": 204, "energizado": false, "fonte": null}}, {"type": "Feature", "geometry": {"type": "Point", "coordinates": [-43.40759193861703, -22.90903922168269]}, "properties": {"camada": "UNTRMT", "COD_ID": "11073231", "CTMT": "TQR0007", "PAC": "TQR0007_MT_360051", "POT_NOM": 75.0, "n_UCBT": 72, "energizado": false, "fonte": null}}, {"type": "Feature", "geometry": {"type": "Point", "coordinates": [-43.37767968516931, -22.91156309526059]}, "properties": {"camada": "UNTRMT", "COD_ID": "11071449", "CTMT": "TQR0007", "PAC": "TQR0007_MT_415704", "POT_NOM": 75.0, "n_UCBT": 29, "energizado": true, "fonte": "TQR0007"}}, {"type": "Feature", "geometry": {"type": "Point", "coordinates": [-43.39370759872668, -22.910491775175217]}, "properties": {"camada": "UNTRMT", "COD_ID": "11072295", "CTMT": "TQR0007", "PAC": "TQR0007_MT_421547", "POT_NOM": 75.0, "n_UCBT": 99, "energizado": true, "fonte": "TQR0007"}}, {"type": "Feature", "geometry": {"type": "Point", "coordinates": [-43.39766725344094, -22.91103528405108]}, "properties": {"camada": "UNTRMT", "COD_ID": "11072415", "CTMT": "TQR0007", "PAC": "TQR0007_MT_359909", "POT_NOM": 75.0, "n_UCBT": 35, "energizado": false, "fonte": null}}, {"type": "Feature", "geometry": {"type": "Point", "coordinates": [-43.412305455432374, -22.908094041406855]}, "properties": {"camada": "UNTRMT", "COD_ID": "11072211", "CTMT": "TQR0007", "PAC": "TQR0007_MT_392873", "POT_NOM": 75.0, "n_UCBT": 225, "energizado": false, "fonte": null}}, {"type": "Feature", "geometry": {"type": "Point", "coordinates": [-43.39732139576574, -22.91170850754156]}, "properties": {"camada": "UNTRMT", "COD_ID": "11072397", "CTMT": "TQR0007", "PAC": "TQR0007_MT_359916", "POT_NOM": 75.0, "n_UCBT": 28, "energizado": false, "fonte": null}}, {"type": "Feature", "geometry": {"type": "Point", "coordinates": [-43.37908913775345, -22.908344898298367]}, "properties": {"camada": "UNTRMT", "COD_ID": "11071491", "CTMT": "TQR0007", "PAC": "TQR0007_MT_359887", "POT_NOM": 75.0, "n_UCBT": 43, "energizado": true, "fonte": "TQR0007"}}, {"type": "Feature", "geometry": {"type": "Point", "coordinates": [-43.38515628353559, -22.911539848685038]}, "properties": {"camada": "UNTRMT", "COD_ID": "11071551", "CTMT": "TQR0007", "PAC": "TQR0007_MT_360055", "POT_NOM": 112.5, "n_UCBT": 38, "energizado": true, "fonte": "TQR0007"}}, {"type": "Feature", "geometry": {"type": "Point", "coordinates": [-43.39634836708342, -22.912375998753305]}, "properties": {"camada": "UNTRMT", "COD_ID": "11072403", "CTMT": "TQR0007", "PAC": "TQR0007_MT_390769", "POT_NOM": 112.5, "n_UCBT": 29, "energizado": false, "fonte": null}}, {"type": "Feature", "geometry": {"type": "Point", "coordinates": [-43.409529975827695, -22.907203354651074]}, "properties": {"camada": "UNTRMT", "COD_ID": "11072175", "CTMT": "TQR0007", "PAC": "TQR0007_MT_392871", "POT_NOM": 112.5, "n_UCBT": 29, "energizado": false, "fonte": null}}, {"type": "Feature", "geometry": {"type": "Point", "coordinates": [-43.40511073427291, -22.913472555613907]}, "properties": {"camada": "UNTRMT", "COD_ID": "11073081", "CTMT": "TQR0007", "PAC": "TQR0007_MT_360031", "POT_NOM": 75.0, "n_UCBT": 36, "energizado": false, "fonte": null}}, {"type": "Feature", "geometry": {"type": "Point", "coordinates": [-43.37930133368957, -22.90909018176643]}, "properties": {"camada": "UNTRMT", "COD_ID": "11071479", "CTMT": "TQR0007", "PAC": "TQR0007_MT_359970", "POT_NOM": 45.0, "n_UCBT": 69, "energizado": true, "fonte": "TQR0007"}}, {"type": "Feature", "geometry": {"type": "Point", "coordinates": [-43.41541949651253, -22.912260799196474]}, "properties": {"camada": "UNTRMT", "COD_ID": "11072145", "CTMT": "TQR0007", "PAC": "TQR0007_MT_360008", "POT_NOM": 30.0, "n_UCBT": 48, "energizado": false, "fonte": null}}, {"type": "Feature", "geometry": {"type": "Point", "coordinates": [-43.40188896340487, -22.913975695721717]}, "properties": {"camada": "UNTRMT", "COD_ID": "455572644", "CTMT": "TQR0007", "PAC": "TQR0007_MT_413478", "POT_NOM": 112.5, "n_UCBT": 76, "energizado": false, "fonte": null}}, {"type": "Feature", "geometry": {"type": "Point", "coordinates": [-43.40261069812516, -22.914541730816154]}, "properties": {"camada": "UNTRMT", "COD_ID": "455572634", "CTMT": "TQR0007", "PAC": "TQR0007_MT_454977", "POT_NOM": 112.5, "n_UCBT": 131, "energizado": false, "fonte": null}}, {"type": "Feature", "geometry": {"type": "Point", "coordinates": [-43.41781200971644, -22.91160627441002]}, "properties": {"camada": "UNTRMT", "COD_ID": "34450860", "CTMT": "TQR0007", "PAC": "TQR0007_MT_453069", "POT_NOM": 112.5, "n_UCBT": 19, "energizado": false, "fonte": null}}, {"type": "Feature", "geometry": {"type": "Point", "coordinates": [-43.40316878141408, -22.91446001571711]}, "properties": {"camada": "UNTRMT", "COD_ID": "455572375", "CTMT": "TQR0007", "PAC": "TQR0007_MT_413476", "POT_NOM": 112.5, "n_UCBT": 124, "energizado": false, "fonte": null}}, {"type": "Feature", "geometry": {"type": "Point", "coordinates": [-43.40182140813141, -22.913973280142727]}, "properties": {"camada": "UNTRMT", "COD_ID": "455572654", "CTMT": "TQR0007", "PAC": "TQR0007_MT_413477", "POT_NOM": 112.5, "n_UCBT": 61, "energizado": false, "fonte": null}}, {"type": "Feature", "geometry": {"type": "Point", "coordinates": [-43.37737577367295, -22.911199833905187]}, "properties": {"camada": "UNTRMT", "COD_ID": "121378498", "CTMT": "TQR0007", "PAC": "TQR0007_MT_381218", "POT_NOM": 112.5, "n_UCBT": 24, "energizado": true, "fonte": "TQR0007"}}, {"type": "Feature", "geometry": {"type": "Point", "coordinates": [-43.41179556771124, -22.90960051734993]}, "properties": {"camada": "UNTRMT", "COD_ID": "783019707", "CTMT": "TQR0007", "PAC": "TQR0007_MT_417294", "POT_NOM": 112.5, "n_UCBT": 16, "energizado": false, "fonte": null}}, {"type": "Feature", "geometry": {"type": "Point", "coordinates": [-43.40326824553307, -22.914816538452442]}, "properties": {"camada": "UNTRMT", "COD_ID": "455572339", "CTMT": "TQR0007", "PAC": "TQR0007_MT_454976", "POT_NOM": 75.0, "n_UCBT": 75, "energizado": false, "fonte": null}}, {"type": "Feature", "geometry": {"type": "Point", "coordinates": [-43.417996279005024, -22.911408984736795]}, "properties": {"camada": "UNTRMT", "COD_ID": "34450955", "CTMT": "TQR0007", "PAC": "TQR0007_MT_379781", "POT_NOM": 75.0, "n_UCBT": 142, "energizado": false, "fonte": null}}, {"type": "Feature", "geometry": {"type": "Point", "coordinates": [-43.405643916233714, -22.91159303728881]}, "properties": {"camada": "UNTRMT", "COD_ID": "11073195", "CTMT": "TQR0007", "PAC": "TQR0007_MT_360045", "POT_NOM": 30.0, "n_UCBT": 0, "energizado": false, "fonte": null}}, {"type": "Feature", "geometry": {"type": "Point", "coordinates": [-43.378244670754896, -22.912289043304668]}, "properties": {"camada": "UNTRMT", "COD_ID": "11331987", "CTMT": "TQR0007", "PAC": "TQR0007_MT_446921", "POT_NOM": 500.0, "n_UCBT": 222, "energizado": true, "fonte": "TQR0007"}}, {"type": "Feature", "geometry": {"type": "Point", "coordinates": [-43.37745438071505, -22.912941847688103]}, "properties": {"camada": "UNTRMT", "COD_ID": "11331891", "CTMT": "TQR0007", "PAC": "TQR0007_MT_446912", "POT_NOM": 500.0, "n_UCBT": 166, "energizado": true, "fonte": "TQR0007"}}, {"type": "Feature", "geometry": {"type": "Point", "coordinates": [-43.395502082555026, -22.910951332338072]}, "properties": {"camada": "UNTRMT", "COD_ID": "11072391", "CTMT": "TQR0007", "PAC": "TQR0007_MT_390766", "POT_NOM": 112.5, "n_UCBT": 19, "energizado": false, "fonte": null}}, {"type": "Feature", "geometry": {"type": "Point", "coordinates": [-43.411110104447744, -22.907639009632533]}, "properties": {"camada": "UNTRMT", "COD_ID": "11072199", "CTMT": "TQR0007", "PAC": "TQR0007_MT_392872", "POT_NOM": 75.0, "n_UCBT": 108, "energizado": false, "fonte": null}}, {"type": "Feature", "geometry": {"type": "Point", "coordinates": [-43.41677873185296, -22.910816778471485]}, "properties": {"camada": "UNTRMT", "COD_ID": "263432640AP80675", "CTMT": "TQR0007", "PAC": "TQR0007_MT_392867", "POT_NOM": 75.0, "n_UCBT": 13, "energizado": false, "fonte": null}}, {"type": "Feature", "geometry": {"type": "Point", "coordinates": [-43.41677873185296, -22.910816778471485]}, "properties": {"camada": "UNTRMT", "COD_ID": "263432640AP116154", "CTMT": "TQR0007", "PAC": "TQR0007_MT_392867", "POT_NOM": 75.0, "n_UCBT": 52, "energizado": false, "fonte": null}}, {"type": "Feature", "geometry": {"type": "Point", "coordinates": [-43.41400689360319, -22.915389030679194]}, "properties": {"camada": "UNTRMT", "COD_ID": "453734624_2", "CTMT": "TQR0007", "PAC": "TQR0007_MT_407500", "POT_NOM": 112.5, "n_UCBT": 0, "energizado": false, "fonte": null}}, {"type": "Feature", "geometry": {"type": "Point", "coordinates": [-43.393252477020155, -22.9110197806383]}, "properties": {"camada": "UNTRMT", "COD_ID": "11072871_2", "CTMT": "TQR0007", "PAC": "TQR0007_MT_359900", "POT_NOM": 150.0, "n_UCBT": 3, "energizado": true, "fonte": "TQR0007"}}, {"type": "Feature", "geometry": {"type": "Point", "coordinates": [-43.403270759138195, -22.91234656214408]}, "properties": {"camada": "UNTRMT", "COD_ID": "11073117TZ116407", "CTMT": "TQR0007", "PAC": "TQR0007_MT_360042", "POT_NOM": 150.0, "n_UCBT": 19, "energizado": false, "fonte": null}}, {"type": "Feature", "geometry": {"type": "Point", "coordinates": [-43.403270759138195, -22.91234656214408]}, "properties": {"camada": "UNTRMT", "COD_ID": "11073117TZ112599", "CTMT": "TQR0007", "PAC": "TQR0007_MT_360042", "POT_NOM": 150.0, "n_UCBT": 150, "energizado": false, "fonte": null}}, {"type": "Feature", "geometry": {"type": "Point", "coordinates": [-43.404990916697386, -22.905310548842692]}, "properties": {"camada": "UNTRMT", "COD_ID": "11073255", "CTMT": "TQR0007", "PAC": "TQR0007_MT_360065", "POT_NOM": 75.0, "n_UCBT": 88, "energizado": false, "fonte": null}}, {"type": "Feature", "geometry": {"type": "Point", "coordinates": [-43.40471258551736, -22.912934146793418]}, "properties": {"camada": "UNTRMT", "COD_ID": "11073123", "CTMT": "TQR0007", "PAC": "TQR0007_MT_360029", "POT_NOM": 150.0, "n_UCBT": 162, "energizado": false, "fonte": null}}, {"type": "Feature", "geometry": {"type": "Point", "coordinates": [-43.41081046113385, -22.904520076240487]}, "properties": {"camada": "UNTRMT", "COD_ID": "11073279", "CTMT": "TQR0007", "PAC": "TQR0007_MT_360070", "POT_NOM": 75.0, "n_UCBT": 9, "energizado": false, "fonte": null}}, {"type": "Feature", "geometry": {"type": "Point", "coordinates": [-43.39742673515565, -22.914625472987154]}, "properties": {"camada": "UNTRMT", "COD_ID": "504180063", "CTMT": "TQR0007", "PAC": "TQR0007_MT_455438", "POT_NOM": 300.0, "n_UCBT": 183, "energizado": false, "fonte": null}}]}