{"type": "FeatureCollection", "features": [{"type": "Feature", "geometry": {"type": "MultiLineString", "coordinates": [[[-43.2098620185173, -22.982823550366504], [-43.20986950357468, -22.982823237402442]]]}, "properties": {"camada": "SSDMT", "COD_ID": "11658084", "CTMT": "PTS0001", "COMP": 0.8, "TIP_CND": "105924968_35_3", "energizado": false, "fonte": null}}, {"type": "Feature", "geometry": {"type": "MultiLineString", "coordinates": [[[-43.20922556111071, -22.982850271922473], [-43.2098620185173, -22.982823550366504]]]}, "properties": {"camada": "SSDMT", "COD_ID": "11660418", "CTMT": "PTS0001", "COMP": 67.94, "TIP_CND": "105924968_35_3", "energizado": false, "fonte": null}}, {"type": "Feature", "geometry": {"type": "MultiLineString", "coordinates": [[[-43.210555774429395, -22.98278145400087], [-43.21055569618841, -22.98278069407371]]]}, "properties": {"camada": "SSDMT", "COD_ID": "116343938", "CTMT": "PTS0001", "COMP": 0.09, "TIP_CND": "105924968_35_3", "energizado": false, "fonte": null}}, {"type": "Feature", "geometry": {"type": "MultiLineString", "coordinates": [[[-43.210554983925306, -22.98278145400087], [-43.210555774429395, -22.98278145400087]]]}, "properties": {"camada": "SSDMT", "COD_ID": "116343915", "CTMT": "PTS0001", "COMP": 0.08, "TIP_CND": "105924968_35_3", "energizado": false, "fonte": null}}, {"type": "Feature", "geometry": {"type": "MultiLineString", "coordinates": [[[-43.21096410710783, -22.982752700876404], [-43.21098261875284, -22.982751211599066]]]}, "properties": {"camada": "SSDMT", "COD_ID": "87168267", "CTMT": "PTS0001", "COMP": 1.98, "TIP_CND": "105924968_35_3", "energizado": false, "fonte": null}}, {"type": "Feature", "geometry": {"type": "MultiLineString", "coordinates": [[[-43.20986950357468, -22.982823237402442], [-43.209870372319756, -22.98282320232886]]]}, "properties": {"camada": "SSDMT", "COD_ID": "245902459", "CTMT": "PTS0001", "COMP": 0.09, "TIP_CND": "105924968_35_3", "energizado": false, "fonte": null}}, {"type": "Feature", "geometry": {"type": "MultiLineString", "coordinates": [[[-43.2105784031707, -22.982781402739477], [-43.21096410710783, -22.982752700876404]]]}, "properties": {"camada": "SSDMT", "COD_ID": "268633091", "CTMT": "PTS0001", "COMP": 41.26, "TIP_CND": "105924967_35_3", "energizado": false, "fonte": null}}, {"type": "Feature", "geometry": {"type": "MultiLineString", "coordinates": [[[-43.21005674242468, -22.982795535585467], [-43.21013623170171, -22.98279562192039]]]}, "properties": {"camada": "SSDMT", "COD_ID": "117282490", "CTMT": "PTS0001", "COMP": 8.48, "TIP_CND": "105924968_35_3", "energizado": false, "fonte": null}}, {"type": "Feature", "geometry": {"type": "MultiLineString", "coordinates": [[[-43.209870372319756, -22.98282320232886], [-43.20987024011947, -22.982821340732244]]]}, "properties": {"camada": "SSDMT", "COD_ID": "117284263", "CTMT": "PTS0001", "COMP": 0.21, "TIP_CND": "105924968_35_3", "energizado": false, "fonte": null}}, {"type": "Feature", "geometry": {"type": "MultiLineString", "coordinates": [[[-43.209887916294235, -22.98282114288139], [-43.21005674242468, -22.982795535585467]]]}, "properties": {"camada": "SSDMT", "COD_ID": "245902574", "CTMT": "PTS0001", "COMP": 18.24, "TIP_CND": "105924968_35_3", "energizado": false, "fonte": null}}, {"type": "Feature", "geometry": {"type": "MultiLineString", "coordinates": [[[-43.21055569618841, -22.98278069407371], [-43.21057293349406, -22.982779715611343]]]}, "properties": {"camada": "SSDMT", "COD_ID": "116343928", "CTMT": "PTS0001", "COMP": 1.84, "TIP_CND": "105924968_35_3", "energizado": false, "fonte": null}}, {"type": "Feature", "geometry": {"type": "MultiLineString", "coordinates": [[[-43.20987024011947, -22.982821340732244], [-43.20988709161594, -22.98282006819153]]]}, "properties": {"camada": "SSDMT", "COD_ID": "117284286", "CTMT": "PTS0001", "COMP": 1.8, "TIP_CND": "105924968_35_3", "energizado": false, "fonte": null}}, {"type": "Feature", "geometry": {"type": "MultiLineString", "coordinates": [[[-43.21057293349406, -22.982779715611343], [-43.21057308278148, -22.982781757971736]]]}, "properties": {"camada": "SSDMT", "COD_ID": "11655564", "CTMT": "PTS0001", "COMP": 0.24, "TIP_CND": "105924967_35_3", "energizado": false, "fonte": null}}, {"type": "Feature", "geometry": {"type": "MultiLineString", "coordinates": [[[-43.20988709161594, -22.98282006819153], [-43.20988715456849, -22.982821242706166]]]}, "properties": {"camada": "SSDMT", "COD_ID": "117284276", "CTMT": "PTS0001", "COMP": 0.14, "TIP_CND": "105924968_35_3", "energizado": false, "fonte": null}}, {"type": "Feature", "geometry": {"type": "MultiLineString", "coordinates": [[[-43.21013623170171, -22.98279562192039], [-43.210554983925306, -22.98278145400087]]]}, "properties": {"camada": "SSDMT", "COD_ID": "116344379", "CTMT": "PTS0001", "COMP": 44.68, "TIP_CND": "105924968_35_3", "energizado": false, "fonte": null}}, {"type": "Feature", "geometry": {"type": "MultiLineString", "coordinates": [[[-43.20988715456849, -22.982821242706166], [-43.209887916294235, -22.98282114288139]]]}, "properties": {"camada": "SSDMT", "COD_ID": "117282919", "CTMT": "PTS0001", "COMP": 0.08, "TIP_CND": "105924968_35_3", "energizado": false, "fonte": null}}, {"type": "Feature", "geometry": {"type": "MultiLineString", "coordinates": [[[-43.21057308278148, -22.982781757971736], [-43.2105784031707, -22.982781402739477]]]}, "properties": {"camada": "SSDMT", "COD_ID": "39247334", "CTMT": "PTS0001", "COMP": 0.57, "TIP_CND": "105924968_35_3", "energizado": false, "fonte": null}}, {"type": "Feature", "geometry": {"type": "MultiLineString", "coordinates": [[[-43.20882713176667, -22.98287356975942], [-43.20889716737031, -22.982868618991517]]]}, "properties": {"camada": "SSDMT", "COD_ID": "39247288", "CTMT": "PTS0001", "COMP": 7.49, "TIP_CND": "105924966_35_3", "energizado": false, "fonte": null}}, {"type": "Feature", "geometry": {"type": "MultiLineString", "coordinates": [[[-43.20848697219594, -22.98289359856068], [-43.20849244726861, -22.982893317072865]]]}, "properties": {"camada": "SSDMT", "COD_ID": "249156363", "CTMT": "PTS0001", "COMP": 0.58, "TIP_CND": "105924966_35_3", "energizado": false, "fonte": null}}, {"type": "Feature", "geometry": {"type": "MultiLineString", "coordinates": [[[-43.20922284066154, -22.982850223359094], [-43.20922556111071, -22.982850271922473]]]}, "properties": {"camada": "SSDMT", "COD_ID": "245902326", "CTMT": "PTS0001", "COMP": 0.29, "TIP_CND": "105924968_35_3", "energizado": false, "fonte": null}}, {"type": "Feature", "geometry": {"type": "MultiLineString", "coordinates": [[[-43.208480667049116, -22.982893924115274], [-43.20848697219594, -22.98289359856068]]]}, "properties": {"camada": "SSDMT", "COD_ID": "11662620", "CTMT": "PTS0001", "COMP": 0.67, "TIP_CND": "105924966_35_3", "energizado": false, "fonte": null}}, {"type": "Feature", "geometry": {"type": "MultiLineString", "coordinates": [[[-43.2078118601292, -22.98293380185345], [-43.208480962926046, -22.982898857795988]]]}, "properties": {"camada": "SSDMT", "COD_ID": "39247262", "CTMT": "PTS0001", "COMP": 71.47, "TIP_CND": "105924966_35_3", "energizado": false, "fonte": null}}, {"type": "Feature", "geometry": {"type": "MultiLineString", "coordinates": [[[-43.208570233229636, -22.982891623649493], [-43.208666004732265, -22.982884760023637]]]}, "properties": {"camada": "SSDMT", "COD_ID": "39247276", "CTMT": "PTS0001", "COMP": 10.24, "TIP_CND": "105924966_35_3", "energizado": false, "fonte": null}}, {"type": "Feature", "geometry": {"type": "MultiLineString", "coordinates": [[[-43.2077998056165, -22.982933728109003], [-43.20780058622802, -22.982933683142903]]]}, "properties": {"camada": "SSDMT", "COD_ID": "55834629", "CTMT": "PTS0001", "COMP": 0.08, "TIP_CND": "105924966_35_3", "energizado": false, "fonte": null}}, {"type": "Feature", "geometry": {"type": "MultiLineString", "coordinates": [[[-43.20889716737031, -22.982868618991517], [-43.209045185886566, -22.982858120305934]]]}, "properties": {"camada": "SSDMT", "COD_ID": "39247294", "CTMT": "PTS0001", "COMP": 15.83, "TIP_CND": "105924966_35_3", "energizado": false, "fonte": null}}, {"type": "Feature", "geometry": {"type": "MultiLineString", "coordinates": [[[-43.20921974879235, -22.98285023325161], [-43.20922284066154, -22.982850223359094]]]}, "properties": {"camada": "SSDMT", "COD_ID": "245902332", "CTMT": "PTS0001", "COMP": 0.33, "TIP_CND": "105924968_35_3", "energizado": false, "fonte": null}}, {"type": "Feature", "geometry": {"type": "MultiLineString", "coordinates": [[[-43.20849244726861, -22.982893317072865], [-43.20850494964367, -22.98289270013794]]]}, "properties": {"camada": "SSDMT", "COD_ID": "249156375", "CTMT": "PTS0001", "COMP": 1.34, "TIP_CND": "105924966_35_3", "energizado": false, "fonte": null}}, {"type": "Feature", "geometry": {"type": "MultiLineString", "coordinates": [[[-43.20921652292412, -22.98284933033227], [-43.20921957342455, -22.98284944544548]]]}, "properties": {"camada": "SSDMT", "COD_ID": "11660454", "CTMT": "PTS0001", "COMP": 0.33, "TIP_CND": "105924968_35_3", "energizado": false, "fonte": null}}, {"type": "Feature", "geometry": {"type": "MultiLineString", "coordinates": [[[-43.20779370551503, -22.98293404736836], [-43.2077998056165, -22.982933728109003]]]}, "properties": {"camada": "SSDMT", "COD_ID": "11663142", "CTMT": "PTS0001", "COMP": 0.65, "TIP_CND": "105924966_35_3", "energizado": false, "fonte": null}}, {"type": "Feature", "geometry": {"type": "MultiLineString", "coordinates": [[[-43.20780058622802, -22.982933683142903], [-43.20780063569072, -22.982934397204644]]]}, "properties": {"camada": "SSDMT", "COD_ID": "55834642", "CTMT": "PTS0001", "COMP": 0.08, "TIP_CND": "105924966_35_3", "energizado": false, "fonte": null}}, {"type": "Feature", "geometry": {"type": "MultiLineString", "coordinates": [[[-43.20921957342455, -22.98284944544548], [-43.20921974879235, -22.98285023325161]]]}, "properties": {"camada": "SSDMT", "COD_ID": "245902338", "CTMT": "PTS0001", "COMP": 0.09, "TIP_CND": "105924968_35_3", "energizado": false, "fonte": null}}, {"type": "Feature", "geometry": {"type": "MultiLineString", "coordinates": [[[-43.20850494964367, -22.98289270013794], [-43.208570233229636, -22.982891623649493]]]}, "properties": {"camada": "SSDMT", "COD_ID": "39247270", "CTMT": "PTS0001", "COMP": 6.96, "TIP_CND": "105924966_35_3", "energizado": false, "fonte": null}}, {"type": "Feature", "geometry": {"type": "MultiLineString", "coordinates": [[[-43.20780063569072, -22.982934397204644], [-43.2078118601292, -22.98293380185345]]]}, "properties": {"camada": "SSDMT", "COD_ID": "39247248", "CTMT": "PTS0001", "COMP": 1.2, "TIP_CND": "105924966_35_3", "energizado": false, "fonte": null}}, {"type": "Feature", "geometry": {"type": "MultiLineString", "coordinates": [[[-43.209045185886566, -22.982858120305934], [-43.20921652292412, -22.98284933033227]]]}, "properties": {"camada": "SSDMT", "COD_ID": "39247300", "CTMT": "PTS0001", "COMP": 18.3, "TIP_CND": "105924966_35_3", "energizado": false, "fonte": null}}, {"type": "Feature", "geometry": {"type": "MultiLineString", "coordinates": [[[-43.208480962926046, -22.982898857795988], [-43.208480667049116, -22.982893924115274]]]}, "properties": {"camada": "SSDMT", "COD_ID": "95002653", "CTMT": "PTS0001", "COMP": 0.57, "TIP_CND": "105924966_35_3", "energizado": false, "fonte": null}}, {"type": "Feature", "geometry": {"type": "MultiLineString", "coordinates": [[[-43.208666004732265, -22.982884760023637], [-43.20882713176667, -22.98287356975942]]]}, "properties": {"camada": "SSDMT", "COD_ID": "39247282", "CTMT": "PTS0001", "COMP": 17.23, "TIP_CND": "105924966_35_3", "energizado": false, "fonte": null}}, {"type": "Feature", "geometry": {"type": "MultiLineString", "coordinates": [[[-43.21121978526486, -22.982728769017456], [-43.21121954334723, -22.982725623188912]]]}, "properties": {"camada": "SSDMT", "COD_ID": "12391823", "CTMT": "PTS0001", "COMP": 0.36, "TIP_CND": "105924967_35_3", "energizado": false, "fonte": null}}, {"type": "Feature", "geometry": {"type": "MultiLineString", "coordinates": [[[-43.211203879855134, -22.982633643227985], [-43.21120351473036, -22.982620634534612]]]}, "properties": {"camada": "SSDMT", "COD_ID": "12391853", "CTMT": "PTS0001", "COMP": 1.5, "TIP_CND": "105924967_35_3", "energizado": false, "fonte": null}}, {"type": "Feature", "geometry": {"type": "MultiLineString", "coordinates": [[[-43.21120351473036, -22.982620634534612], [-43.21122902759748, -22.982620011304448]]]}, "properties": {"camada": "SSDMT", "COD_ID": "12902009", "CTMT": "PTS0001", "COMP": 2.72, "TIP_CND": "105924967_35_3", "energizado": false, "fonte": null}}, {"type": "Feature", "geometry": {"type": "MultiLineString", "coordinates": [[[-43.211208074293154, -22.982657305290388], [-43.211203879855134, -22.982633643227985]]]}, "properties": {"camada": "SSDMT", "COD_ID": "268633200", "CTMT": "PTS0001", "COMP": 2.76, "TIP_CND": "105924967_35_3", "energizado": false, "fonte": null}}, {"type": "Feature", "geometry": {"type": "MultiLineString", "coordinates": [[[-43.21121905141803, -22.9827192964583], [-43.211208074293154, -22.982657305290388]]]}, "properties": {"camada": "SSDMT", "COD_ID": "12885809", "CTMT": "PTS0001", "COMP": 7.24, "TIP_CND": "105924967_35_3", "energizado": false, "fonte": null}}, {"type": "Feature", "geometry": {"type": "MultiLineString", "coordinates": [[[-43.211215442438686, -22.982733369949017], [-43.21121514836034, -22.98272903251882]]]}, "properties": {"camada": "SSDMT", "COD_ID": "114675455", "CTMT": "PTS0001", "COMP": 0.5, "TIP_CND": "105924967_35_3", "energizado": false, "fonte": null}}, {"type": "Feature", "geometry": {"type": "MultiLineString", "coordinates": [[[-43.2112138812156, -22.98273345178734], [-43.211215442438686, -22.982733369949017]]]}, "properties": {"camada": "SSDMT", "COD_ID": "268640837", "CTMT": "PTS0001", "COMP": 0.17, "TIP_CND": "105924968_35_3", "energizado": false, "fonte": null}}, {"type": "Feature", "geometry": {"type": "MultiLineString", "coordinates": [[[-43.21121954334723, -22.982725623188912], [-43.21121905141803, -22.9827192964583]]]}, "properties": {"camada": "SSDMT", "COD_ID": "268633218", "CTMT": "PTS0001", "COMP": 0.73, "TIP_CND": "105924967_35_3", "energizado": false, "fonte": null}}, {"type": "Feature", "geometry": {"type": "MultiLineString", "coordinates": [[[-43.21121514836034, -22.98272903251882], [-43.21121978526486, -22.982728769017456]]]}, "properties": {"camada": "SSDMT", "COD_ID": "114675468", "CTMT": "PTS0001", "COMP": 0.5, "TIP_CND": "105924967_35_3", "energizado": false, "fonte": null}}, {"type": "Feature", "geometry": {"type": "MultiLineString", "coordinates": [[[-43.21098261875284, -22.982751211599066], [-43.2112138812156, -22.98273345178734]]]}, "properties": {"camada": "SSDMT", "COD_ID": "12391829", "CTMT": "PTS0001", "COMP": 24.75, "TIP_CND": "105924968_35_3", "energizado": false, "fonte": null}}, {"type": "Feature", "geometry": {"type": "MultiLineString", "coordinates": [[[-43.21122902759748, -22.982620011304448], [-43.211228836941245, -22.98260262561064]]]}, "properties": {"camada": "SSDMT", "COD_ID": "12902015", "CTMT": "PTS0001", "COMP": 2.0, "TIP_CND": "105924967_35_3", "energizado": false, "fonte": null}}, {"type": "Feature", "geometry": {"type": "MultiLineString", "coordinates": [[[-43.211228836941245, -22.98260262561064], [-43.21124269369534, -22.98260282705877]]]}, "properties": {"camada": "SSDMT", "COD_ID": "471060563", "CTMT": "PTS0001", "COMP": 1.48, "TIP_CND": "105924967_35_3", "energizado": false, "fonte": null}}, {"type": "Feature", "geometry": {"type": "MultiLineString", "coordinates": [[[-43.21124405886616, -22.982602860333714], [-43.21124628288959, -22.98260286752827]]]}, "properties": {"camada": "SSDMT", "COD_ID": "12902021", "CTMT": "PTS0001", "COMP": 0.24, "TIP_CND": "105924967_35_3", "energizado": false, "fonte": null}}, {"type": "Feature", "geometry": {"type": "MultiLineString", "coordinates": [[[-43.2071096766702, -22.98296032196123], [-43.20710929355903, -22.98295459238051]]]}, "properties": {"camada": "SSDMT", "COD_ID": "11422290", "CTMT": "PTS0001", "COMP": 0.66, "TIP_CND": "105924968_35_3", "energizado": false, "fonte": null}}, {"type": "Feature", "geometry": {"type": "MultiLineString", "coordinates": [[[-43.20697965178948, -22.98298713255008], [-43.20709774896193, -22.982960999150748]]]}, "properties": {"camada": "SSDMT", "COD_ID": "11421888", "CTMT": "PTS0001", "COMP": 12.95, "TIP_CND": "105924968_35_3", "energizado": false, "fonte": null}}, {"type": "Feature", "geometry": {"type": "MultiLineString", "coordinates": [[[-43.2071096766702, -22.98296032196123], [-43.20711908537743, -22.982959804851077]]]}, "properties": {"camada": "SSDMT", "COD_ID": "11422134", "CTMT": "PTS0001", "COMP": 1.01, "TIP_CND": "105924966_35_3", "energizado": false, "fonte": null}}, {"type": "Feature", "geometry": {"type": "MultiLineString", "coordinates": [[[-43.20710067715447, -22.982960833675463], [-43.2071096766702, -22.98296032196123]]]}, "properties": {"camada": "SSDMT", "COD_ID": "270282275", "CTMT": "PTS0001", "COMP": 0.96, "TIP_CND": "105924968_35_3", "energizado": false, "fonte": null}}, {"type": "Feature", "geometry": {"type": "MultiLineString", "coordinates": [[[-43.20597888711592, -22.983041123349096], [-43.20639160129133, -22.983013776764324]]]}, "properties": {"camada": "SSDMT", "COD_ID": "11421702", "CTMT": "PTS0001", "COMP": 44.12, "TIP_CND": "105924968_35_3", "energizado": false, "fonte": null}}, {"type": "Feature", "geometry": {"type": "MultiLineString", "coordinates": [[[-43.20712423219754, -22.982971873752945], [-43.207480105622324, -22.98295174602623]]]}, "properties": {"camada": "SSDMT", "COD_ID": "12171429", "CTMT": "PTS0001", "COMP": 38.02, "TIP_CND": "105924966_35_3", "energizado": false, "fonte": null}}, {"type": "Feature", "geometry": {"type": "MultiLineString", "coordinates": [[[-43.20641648912965, -22.983011755987718], [-43.20669097031197, -22.9830027366869]]]}, "properties": {"camada": "SSDMT", "COD_ID": "12171699", "CTMT": "PTS0001", "COMP": 29.29, "TIP_CND": "105924968_35_3", "energizado": false, "fonte": null}}, {"type": "Feature", "geometry": {"type": "MultiLineString", "coordinates": [[[-43.20711908537743, -22.982959804851077], [-43.207123419210404, -22.982959564732084]]]}, "properties": {"camada": "SSDMT", "COD_ID": "270282281", "CTMT": "PTS0001", "COMP": 0.46, "TIP_CND": "105924966_35_3", "energizado": false, "fonte": null}}, {"type": "Feature", "geometry": {"type": "MultiLineString", "coordinates": [[[-43.207480105622324, -22.98295174602623], [-43.20779370551503, -22.98293404736836]]]}, "properties": {"camada": "SSDMT", "COD_ID": "11422674", "CTMT": "PTS0001", "COMP": 33.5, "TIP_CND": "105924966_35_3", "energizado": false, "fonte": null}}, {"type": "Feature", "geometry": {"type": "MultiLineString", "coordinates": [[[-43.20709774896193, -22.982960999150748], [-43.20710067715447, -22.982960833675463]]]}, "properties": {"camada": "SSDMT", "COD_ID": "11422128", "CTMT": "PTS0001", "COMP": 0.31, "TIP_CND": "105924968_35_3", "energizado": false, "fonte": null}}, {"type": "Feature", "geometry": {"type": "MultiLineString", "coordinates": [[[-43.20669097031197, -22.9830027366869], [-43.20697965178948, -22.98298713255008]]]}, "properties": {"camada": "SSDMT", "COD_ID": "12171627", "CTMT": "PTS0001", "COMP": 30.84, "TIP_CND": "105924968_35_3", "energizado": false, "fonte": null}}, {"type": "Feature", "geometry": {"type": "MultiLineString", "coordinates": [[[-43.20639160129133, -22.983013776764324], [-43.20641648912965, -22.983011755987718]]]}, "properties": {"camada": "SSDMT", "COD_ID": "11421882", "CTMT": "PTS0001", "COMP": 2.66, "TIP_CND": "105924968_35_3", "energizado": false, "fonte": null}}, {"type": "Feature", "geometry": {"type": "MultiLineString", "coordinates": [[[-43.207123419210404, -22.982959564732084], [-43.20712423219754, -22.982971873752945]]]}, "properties": {"camada": "SSDMT", "COD_ID": "55834648", "CTMT": "PTS0001", "COMP": 1.42, "TIP_CND": "105924966_35_3", "energizado": false, "fonte": null}}, {"type": "Feature", "geometry": {"type": "MultiLineString", "coordinates": [[[-43.20413647301979, -22.983104735095424], [-43.20415347290441, -22.98310253445436]]]}, "properties": {"camada": "SSDMT", "COD_ID": "297599499", "CTMT": "PTS0001", "COMP": 1.83, "TIP_CND": "105924968_35_3", "energizado": false, "fonte": null}}, {"type": "Feature", "geometry": {"type": "MultiLineString", "coordinates": [[[-43.204157293224455, -22.983102795257764], [-43.20427862166105, -22.98309495946478]]]}, "properties": {"camada": "SSDMT", "COD_ID": "39247354", "CTMT": "PTS0001", "COMP": 12.97, "TIP_CND": "105924968_35_3", "energizado": false, "fonte": null}}, {"type": "Feature", "geometry": {"type": "MultiLineString", "coordinates": [[[-43.205613173309246, -22.983041196194222], [-43.20562197317548, -22.98304032025453]]]}, "properties": {"camada": "SSDMT", "COD_ID": "11421696", "CTMT": "PTS0001", "COMP": 0.94, "TIP_CND": "105924968_35_3", "energizado": false, "fonte": null}}, {"type": "Feature", "geometry": {"type": "MultiLineString", "coordinates": [[[-43.20485836961802, -22.98307446031805], [-43.20498212352612, -22.9830860318948]]]}, "properties": {"camada": "SSDMT", "COD_ID": "11419392", "CTMT": "PTS0001", "COMP": 13.26, "TIP_CND": "105924968_35_3", "energizado": false, "fonte": null}}, {"type": "Feature", "geometry": {"type": "MultiLineString", "coordinates": [[[-43.20498212352612, -22.9830860318948], [-43.20557174873716, -22.98305615102049]]]}, "properties": {"camada": "SSDMT", "COD_ID": "287617714", "CTMT": "PTS0001", "COMP": 62.97, "TIP_CND": "105924968_35_3", "energizado": false, "fonte": null}}, {"type": "Feature", "geometry": {"type": "MultiLineString", "coordinates": [[[-43.20485503493188, -22.98301601427761], [-43.20485198982743, -22.98295260397947]]]}, "properties": {"camada": "SSDMT", "COD_ID": "11617936", "CTMT": "PTS0001", "COMP": 7.31, "TIP_CND": "105924968_35_3", "energizado": false, "fonte": null}}, {"type": "Feature", "geometry": {"type": "MultiLineString", "coordinates": [[[-43.204879127769516, -22.98302027886274], [-43.204878929918664, -22.98301529122267]]]}, "properties": {"camada": "SSDMT", "COD_ID": "11617924", "CTMT": "PTS0001", "COMP": 0.57, "TIP_CND": "105924968_35_3", "energizado": false, "fonte": null}}, {"type": "Feature", "geometry": {"type": "MultiLineString", "coordinates": [[[-43.20562197317548, -22.98304032025453], [-43.20597888711592, -22.983041123349096]]]}, "properties": {"camada": "SSDMT", "COD_ID": "12172221", "CTMT": "PTS0001", "COMP": 38.06, "TIP_CND": "105924968_35_3", "energizado": false, "fonte": null}}, {"type": "Feature", "geometry": {"type": "MultiLineString", "coordinates": [[[-43.20478187418411, -22.9830743973655], [-43.20483389546786, -22.98307245842716]]]}, "properties": {"camada": "SSDMT", "COD_ID": "39247385", "CTMT": "PTS0001", "COMP": 5.55, "TIP_CND": "105924968_35_3", "energizado": false, "fonte": null}}, {"type": "Feature", "geometry": {"type": "MultiLineString", "coordinates": [[[-43.20557174873716, -22.98305615102049], [-43.205613173309246, -22.983041196194222]]]}, "properties": {"camada": "SSDMT", "COD_ID": "287617750", "CTMT": "PTS0001", "COMP": 4.74, "TIP_CND": "105924968_35_3", "energizado": false, "fonte": null}}, {"type": "Feature", "geometry": {"type": "MultiLineString", "coordinates": [[[-43.20484853013551, -22.983068388994923], [-43.20483283067057, -22.982726770723843]]]}, "properties": {"camada": "SSDMT", "COD_ID": "11419572", "CTMT": "PTS0001", "COMP": 39.38, "TIP_CND": "105924968_35_3", "energizado": false, "fonte": null}}, {"type": "Feature", "geometry": {"type": "MultiLineString", "coordinates": [[[-43.20485198982743, -22.98295260397947], [-43.20486234372214, -22.982952161513026]]]}, "properties": {"camada": "SSDMT", "COD_ID": "11617942", "CTMT": "PTS0001", "COMP": 1.11, "TIP_CND": "105924968_35_3", "energizado": false, "fonte": null}}, {"type": "Feature", "geometry": {"type": "MultiLineString", "coordinates": [[[-43.20485195385453, -22.983070568052256], [-43.20484883050909, -22.983065593002664]]]}, "properties": {"camada": "SSDMT", "COD_ID": "11419788", "CTMT": "PTS0001", "COMP": 0.66, "TIP_CND": "105924968_35_3", "energizado": false, "fonte": null}}, {"type": "Feature", "geometry": {"type": "MultiLineString", "coordinates": [[[-43.204852073464394, -22.983071887357653], [-43.20485195385453, -22.983070568052256]]]}, "properties": {"camada": "SSDMT", "COD_ID": "11419692", "CTMT": "PTS0001", "COMP": 0.15, "TIP_CND": "105924968_35_3", "energizado": false, "fonte": null}}, {"type": "Feature", "geometry": {"type": "MultiLineString", "coordinates": [[[-43.204849413269756, -22.98307020472612], [-43.20484853013551, -22.983068388994923]]]}, "properties": {"camada": "SSDMT", "COD_ID": "287617792", "CTMT": "PTS0001", "COMP": 0.23, "TIP_CND": "105924968_35_3", "energizado": false, "fonte": null}}, {"type": "Feature", "geometry": {"type": "MultiLineString", "coordinates": [[[-43.20447017815616, -22.983086828694127], [-43.20448358884653, -22.983086041787374]]]}, "properties": {"camada": "SSDMT", "COD_ID": "39247379", "CTMT": "PTS0001", "COMP": 1.43, "TIP_CND": "105924968_35_3", "energizado": false, "fonte": null}}, {"type": "Feature", "geometry": {"type": "MultiLineString", "coordinates": [[[-43.20483995330119, -22.98307233701871], [-43.204852073464394, -22.983071887357653]]]}, "properties": {"camada": "SSDMT", "COD_ID": "11419380", "CTMT": "PTS0001", "COMP": 1.29, "TIP_CND": "105924968_35_3", "energizado": false, "fonte": null}}, {"type": "Feature", "geometry": {"type": "MultiLineString", "coordinates": [[[-43.20483389546786, -22.98307245842716], [-43.20483995330119, -22.98307233701871]]]}, "properties": {"camada": "SSDMT", "COD_ID": "39247391", "CTMT": "PTS0001", "COMP": 0.65, "TIP_CND": "105924968_35_3", "energizado": false, "fonte": null}}, {"type": "Feature", "geometry": {"type": "MultiLineString", "coordinates": [[[-43.204878929918664, -22.98301529122267], [-43.20485503493188, -22.98301601427761]]]}, "properties": {"camada": "SSDMT", "COD_ID": "11617930", "CTMT": "PTS0001", "COMP": 2.55, "TIP_CND": "105924968_35_3", "energizado": false, "fonte": null}}, {"type": "Feature", "geometry": {"type": "MultiLineString", "coordinates": [[[-43.20484883050909, -22.983065593002664], [-43.204879127769516, -22.98302027886274]]]}, "properties": {"camada": "SSDMT", "COD_ID": "11419794", "CTMT": "PTS0001", "COMP": 6.14, "TIP_CND": "105924968_35_3", "energizado": false, "fonte": null}}, {"type": "Feature", "geometry": {"type": "MultiLineString", "coordinates": [[[-43.204852073464394, -22.983071887357653], [-43.20485836961802, -22.98307446031805]]]}, "properties": {"camada": "SSDMT", "COD_ID": "11419386", "CTMT": "PTS0001", "COMP": 0.73, "TIP_CND": "105924968_35_3", "energizado": false, "fonte": null}}, {"type": "Feature", "geometry": {"type": "MultiLineString", "coordinates": [[[-43.20427862166105, -22.98309495946478], [-43.20447017815616, -22.983086828694127]]]}, "properties": {"camada": "SSDMT", "COD_ID": "39247360", "CTMT": "PTS0001", "COMP": 20.45, "TIP_CND": "105924968_35_3", "energizado": false, "fonte": null}}, {"type": "Feature", "geometry": {"type": "MultiLineString", "coordinates": [[[-43.20486234372214, -22.982952161513026], [-43.20486281946353, -22.982963446206043]]]}, "properties": {"camada": "SSDMT", "COD_ID": "475307187", "CTMT": "PTS0001", "COMP": 1.3, "TIP_CND": "105924966_35_3", "energizado": false, "fonte": null}}, {"type": "Feature", "geometry": {"type": "MultiLineString", "coordinates": [[[-43.20486287072487, -22.982964710652823], [-43.20486315221268, -22.98297145916547]]]}, "properties": {"camada": "SSDMT", "COD_ID": "11617990", "CTMT": "PTS0001", "COMP": 0.78, "TIP_CND": "105924966_35_3", "energizado": false, "fonte": null}}, {"type": "Feature", "geometry": {"type": "MultiLineString", "coordinates": [[[-43.20448358884653, -22.983086041787374], [-43.20478187418411, -22.9830743973655]]]}, "properties": {"camada": "SSDMT", "COD_ID": "39247368", "CTMT": "PTS0001", "COMP": 31.84, "TIP_CND": "105924968_35_3", "energizado": false, "fonte": null}}, {"type": "Feature", "geometry": {"type": "MultiLineString", "coordinates": [[[-43.20415347290441, -22.98310253445436], [-43.204157293224455, -22.983102795257764]]]}, "properties": {"camada": "SSDMT", "COD_ID": "297599505", "CTMT": "PTS0001", "COMP": 0.41, "TIP_CND": "105924968_35_3", "energizado": false, "fonte": null}}, {"type": "Feature", "geometry": {"type": "MultiLineString", "coordinates": [[[-43.204852073464394, -22.983071887357653], [-43.204849413269756, -22.98307020472612]]]}, "properties": {"camada": "SSDMT", "COD_ID": "11419566", "CTMT": "PTS0001", "COMP": 0.34, "TIP_CND": "105924968_35_3", "energizado": false, "fonte": null}}, {"type": "Feature", "geometry": {"type": "MultiLineString", "coordinates": [[[-43.20702740309213, -22.982027675536756], [-43.20702726009995, -22.98199782883671]]]}, "properties": {"camada": "SSDMT", "COD_ID": "23376706", "CTMT": "PTS0001", "COMP": 3.44, "TIP_CND": "105924968_35_3", "energizado": false, "fonte": null}}, {"type": "Feature", "geometry": {"type": "MultiLineString", "coordinates": [[[-43.20478147758308, -22.982000522306237], [-43.2047812086858, -22.981995814355287]]]}, "properties": {"camada": "SSDMT", "COD_ID": "273328459", "CTMT": "PTS0001", "COMP": 0.54, "TIP_CND": "105924979_35_3", "energizado": false, "fonte": null}}, {"type": "Feature", "geometry": {"type": "MultiLineString", "coordinates": [[[-43.2047578137221, -22.981600279029635], [-43.20475059486404, -22.98148288332834]]]}, "properties": {"camada": "SSDMT", "COD_ID": "11420784", "CTMT": "PTS0001", "COMP": 13.54, "TIP_CND": "105924963_35_3", "energizado": false, "fonte": null}}, {"type": "Feature", "geometry": {"type": "MultiLineString", "coordinates": [[[-43.204834731837366, -22.98271793398544], [-43.204834619422115, -22.982713878043]]]}, "properties": {"camada": "SSDMT", "COD_ID": "11420214", "CTMT": "PTS0001", "COMP": 0.47, "TIP_CND": "105924968_35_3", "energizado": false, "fonte": null}}, {"type": "Feature", "geometry": {"type": "MultiLineString", "coordinates": [[[-43.20481170109906, -22.982459538077194], [-43.20480096319386, -22.982141094435917]]]}, "properties": {"camada": "SSDMT", "COD_ID": "11420226", "CTMT": "PTS0001", "COMP": 36.69, "TIP_CND": "105924968_35_3", "energizado": false, "fonte": null}}, {"type": "Feature", "geometry": {"type": "MultiLineString", "coordinates": [[[-43.207020754404255, -22.981875807922165], [-43.20702125892393, -22.981873809628553]]]}, "properties": {"camada": "SSDMT", "COD_ID": "23376696", "CTMT": "PTS0001", "COMP": 0.24, "TIP_CND": "105924968_35_3", "energizado": false, "fonte": null}}, {"type": "Feature", "geometry": {"type": "MultiLineString", "coordinates": [[[-43.20525392652746, -22.981429999594752], [-43.20525408750609, -22.981436322728086]]]}, "properties": {"camada": "SSDMT", "COD_ID": "11624890", "CTMT": "PTS0001", "COMP": 0.73, "TIP_CND": "105924963_35_3", "energizado": false, "fonte": null}}, {"type": "Feature", "geometry": {"type": "MultiLineString", "coordinates": [[[-43.2048116129655, -22.982464747849804], [-43.20481170109906, -22.982459538077194]]]}, "properties": {"camada": "SSDMT", "COD_ID": "23376656", "CTMT": "PTS0001", "COMP": 0.6, "TIP_CND": "105924968_35_3", "energizado": false, "fonte": null}}, {"type": "Feature", "geometry": {"type": "MultiLineString", "coordinates": [[[-43.20527945917968, -22.98147228032144], [-43.205277345772856, -22.981429136245595]]]}, "properties": {"camada": "SSDMT", "COD_ID": "11624878", "CTMT": "PTS0001", "COMP": 4.97, "TIP_CND": "105924963_35_3", "energizado": false, "fonte": null}}, {"type": "Feature", "geometry": {"type": "MultiLineString", "coordinates": [[[-43.204832429572946, -22.982726107024178], [-43.204828692889805, -22.98272617267469]]]}, "properties": {"camada": "SSDMT", "COD_ID": "23376648", "CTMT": "PTS0001", "COMP": 0.4, "TIP_CND": "105924968_35_3", "energizado": false, "fonte": null}}, {"type": "Feature", "geometry": {"type": "MultiLineString", "coordinates": [[[-43.20481149245637, -22.982473162806173], [-43.20481155990552, -22.98246879300035]]]}, "properties": {"camada": "SSDMT", "COD_ID": "264654050", "CTMT": "PTS0001", "COMP": 0.5, "TIP_CND": "105924968_35_3", "energizado": false, "fonte": null}}, {"type": "Feature", "geometry": {"type": "MultiLineString", "coordinates": [[[-43.204781581005136, -22.982008262771046], [-43.204790158738774, -22.98200789045171]]]}, "properties": {"camada": "SSDMT", "COD_ID": "273328465", "CTMT": "PTS0001", "COMP": 0.92, "TIP_CND": "105924979_35_3", "energizado": false, "fonte": null}}, {"type": "Feature", "geometry": {"type": "MultiLineString", "coordinates": [[[-43.20478986825776, -22.982001096073702], [-43.20478155312611, -22.98200146209774]]]}, "properties": {"camada": "SSDMT", "COD_ID": "273328483", "CTMT": "PTS0001", "COMP": 0.89, "TIP_CND": "105924979_35_3", "energizado": false, "fonte": null}}, {"type": "Feature", "geometry": {"type": "MultiLineString", "coordinates": [[[-43.20526164720724, -22.98147320662315], [-43.20527945917968, -22.98147228032144]]]}, "properties": {"camada": "SSDMT", "COD_ID": "11624872", "CTMT": "PTS0001", "COMP": 1.9, "TIP_CND": "105924963_35_3", "energizado": false, "fonte": null}}, {"type": "Feature", "geometry": {"type": "MultiLineString", "coordinates": [[[-43.20481155990552, -22.98246879300035], [-43.2048116129655, -22.982464747849804]]]}, "properties": {"camada": "SSDMT", "COD_ID": "11420220", "CTMT": "PTS0001", "COMP": 0.47, "TIP_CND": "105924968_35_3", "energizado": false, "fonte": null}}, {"type": "Feature", "geometry": {"type": "MultiLineString", "coordinates": [[[-43.20526153389261, -22.981463271812515], [-43.20526164720724, -22.98147320662315]]]}, "properties": {"camada": "SSDMT", "COD_ID": "11624866", "CTMT": "PTS0001", "COMP": 1.14, "TIP_CND": "105924963_35_3", "energizado": false, "fonte": null}}, {"type": "Feature", "geometry": {"type": "MultiLineString", "coordinates": [[[-43.2047812086858, -22.981995814355287], [-43.20475548267933, -22.981609870299224]]]}, "properties": {"camada": "SSDMT", "COD_ID": "11420772", "CTMT": "PTS0001", "COMP": 44.54, "TIP_CND": "105924967_35_3", "energizado": false, "fonte": null}}, {"type": "Feature", "geometry": {"type": "MultiLineString", "coordinates": [[[-43.20702164293442, -22.981858001345643], [-43.207016852245886, -22.981744190342056]]]}, "properties": {"camada": "SSDMT", "COD_ID": "11422308", "CTMT": "PTS0001", "COMP": 13.12, "TIP_CND": "105924968_35_3", "energizado": false, "fonte": null}}, {"type": "Feature", "geometry": {"type": "MultiLineString", "coordinates": [[[-43.20479171186798, -22.982015836861365], [-43.204783617070234, -22.982010606404344]]]}, "properties": {"camada": "SSDMT", "COD_ID": "268926083", "CTMT": "PTS0001", "COMP": 1.05, "TIP_CND": "105924979_35_3", "energizado": false, "fonte": null}}, {"type": "Feature", "geometry": {"type": "MultiLineString", "coordinates": [[[-43.20702726009995, -22.98199782883671], [-43.207020754404255, -22.981875807922165]]]}, "properties": {"camada": "SSDMT", "COD_ID": "11428974", "CTMT": "PTS0001", "COMP": 14.07, "TIP_CND": "105924968_35_3", "energizado": false, "fonte": null}}, {"type": "Feature", "geometry": {"type": "MultiLineString", "coordinates": [[[-43.204834619422115, -22.982713878043], [-43.20481770227508, -22.982531018891336]]]}, "properties": {"camada": "SSDMT", "COD_ID": "264637406", "CTMT": "PTS0001", "COMP": 21.14, "TIP_CND": "105924968_35_3", "energizado": false, "fonte": null}}, {"type": "Feature", "geometry": {"type": "MultiLineString", "coordinates": [[[-43.20704166274248, -22.981734673716176], [-43.20704081288318, -22.981688157182646]]]}, "properties": {"camada": "SSDMT", "COD_ID": "11665392", "CTMT": "PTS0001", "COMP": 5.36, "TIP_CND": "105924968_35_3", "energizado": false, "fonte": null}}, {"type": "Feature", "geometry": {"type": "MultiLineString", "coordinates": [[[-43.205277345772856, -22.981429136245595], [-43.20525392652746, -22.981429999594752]]]}, "properties": {"camada": "SSDMT", "COD_ID": "11624884", "CTMT": "PTS0001", "COMP": 2.5, "TIP_CND": "105924963_35_3", "energizado": false, "fonte": null}}, {"type": "Feature", "geometry": {"type": "MultiLineString", "coordinates": [[[-43.20525408750609, -22.981436322728086], [-43.20524578946157, -22.98143690548875]]]}, "properties": {"camada": "SSDMT", "COD_ID": "11624896", "CTMT": "PTS0001", "COMP": 0.89, "TIP_CND": "105924963_35_3", "energizado": false, "fonte": null}}, {"type": "Feature", "geometry": {"type": "MultiLineString", "coordinates": [[[-43.20475478390608, -22.981602195484868], [-43.2047578137221, -22.981600279029635]]]}, "properties": {"camada": "SSDMT", "COD_ID": "23376680", "CTMT": "PTS0001", "COMP": 0.39, "TIP_CND": "105924990_35_3", "energizado": false, "fonte": null}}, {"type": "Feature", "geometry": {"type": "MultiLineString", "coordinates": [[[-43.20527495177754, -22.98146274660843], [-43.205269750998184, -22.9814629498552]]]}, "properties": {"camada": "SSDMT", "COD_ID": "11624854", "CTMT": "PTS0001", "COMP": 0.56, "TIP_CND": "105924963_35_3", "energizado": false, "fonte": null}}, {"type": "Feature", "geometry": {"type": "MultiLineString", "coordinates": [[[-43.205199689314156, -22.98144547692715], [-43.205204992616245, -22.981446431107884]]]}, "properties": {"camada": "SSDMT", "COD_ID": "11624830", "CTMT": "PTS0001", "COMP": 0.58, "TIP_CND": "105924963_35_3", "energizado": false, "fonte": null}}, {"type": "Feature", "geometry": {"type": "MultiLineString", "coordinates": [[[-43.20527551924977, -22.98147516984318], [-43.20527495177754, -22.98146274660843]]]}, "properties": {"camada": "SSDMT", "COD_ID": "11624848", "CTMT": "PTS0001", "COMP": 1.43, "TIP_CND": "105924963_35_3", "energizado": false, "fonte": null}}, {"type": "Feature", "geometry": {"type": "MultiLineString", "coordinates": [[[-43.20512392412974, -22.981453783964923], [-43.20514289802628, -22.98145273445607]]]}, "properties": {"camada": "SSDMT", "COD_ID": "23376688", "CTMT": "PTS0001", "COMP": 2.03, "TIP_CND": "105924963_35_3", "energizado": false, "fonte": null}}, {"type": "Feature", "geometry": {"type": "MultiLineString", "coordinates": [[[-43.20702935192298, -22.98168825341014], [-43.20702954257928, -22.9816923192451]]]}, "properties": {"camada": "SSDMT", "COD_ID": "11665404", "CTMT": "PTS0001", "COMP": 0.47, "TIP_CND": "105924968_35_3", "energizado": false, "fonte": null}}, {"type": "Feature", "geometry": {"type": "MultiLineString", "coordinates": [[[-43.204790158738774, -22.98200789045171], [-43.20478986825776, -22.982001096073702]]]}, "properties": {"camada": "SSDMT", "COD_ID": "273328471", "CTMT": "PTS0001", "COMP": 0.78, "TIP_CND": "105924979_35_3", "energizado": false, "fonte": null}}, {"type": "Feature", "geometry": {"type": "MultiLineString", "coordinates": [[[-43.20704081288318, -22.981688157182646], [-43.20702935192298, -22.98168825341014]]]}, "properties": {"camada": "SSDMT", "COD_ID": "11665398", "CTMT": "PTS0001", "COMP": 1.22, "TIP_CND": "105924968_35_3", "energizado": false, "fonte": null}}, {"type": "Feature", "geometry": {"type": "MultiLineString", "coordinates": [[[-43.20702125892393, -22.981873809628553], [-43.20702164293442, -22.981858001345643]]]}, "properties": {"camada": "SSDMT", "COD_ID": "11422302", "CTMT": "PTS0001", "COMP": 1.82, "TIP_CND": "105924968_35_3", "energizado": false, "fonte": null}}, {"type": "Feature", "geometry": {"type": "MultiLineString", "coordinates": [[[-43.20482847705256, -22.98271892863562], [-43.204834731837366, -22.98271793398544]]]}, "properties": {"camada": "SSDMT", "COD_ID": "264637197", "CTMT": "PTS0001", "COMP": 0.68, "TIP_CND": "105924968_35_3", "energizado": false, "fonte": null}}, {"type": "Feature", "geometry": {"type": "MultiLineString", "coordinates": [[[-43.205210872383816, -22.981477598012702], [-43.20527551924977, -22.98147516984318]]]}, "properties": {"camada": "SSDMT", "COD_ID": "11624842", "CTMT": "PTS0001", "COMP": 6.9, "TIP_CND": "105924963_35_3", "energizado": false, "fonte": null}}, {"type": "Feature", "geometry": {"type": "MultiLineString", "coordinates": [[[-43.204750107431494, -22.98147397374487], [-43.20475538555257, -22.981473148167197]]]}, "properties": {"camada": "SSDMT", "COD_ID": "11421306", "CTMT": "PTS0001", "COMP": 0.57, "TIP_CND": "105924963_35_3", "energizado": false, "fonte": null}}, {"type": "Feature", "geometry": {"type": "MultiLineString", "coordinates": [[[-43.20706276983094, -22.9824145602837], [-43.20702740309213, -22.982027675536756]]]}, "properties": {"camada": "SSDMT", "COD_ID": "11428902", "CTMT": "PTS0001", "COMP": 44.72, "TIP_CND": "105924968_35_3", "energizado": false, "fonte": null}}, {"type": "Feature", "geometry": {"type": "MultiLineString", "coordinates": [[[-43.204804492133576, -22.982135309097202], [-43.20480504161935, -22.982132841357497]]]}, "properties": {"camada": "SSDMT", "COD_ID": "11420754", "CTMT": "PTS0001", "COMP": 0.29, "TIP_CND": "105924979_35_3", "energizado": false, "fonte": null}}, {"type": "Feature", "geometry": {"type": "MultiLineString", "coordinates": [[[-43.20701702761369, -22.98173529784566], [-43.20704166274248, -22.981734673716176]]]}, "properties": {"camada": "SSDMT", "COD_ID": "11665386", "CTMT": "PTS0001", "COMP": 2.63, "TIP_CND": "105924968_35_3", "energizado": false, "fonte": null}}, {"type": "Feature", "geometry": {"type": "MultiLineString", "coordinates": [[[-43.20481770227508, -22.982531018891336], [-43.20481149245637, -22.982473162806173]]]}, "properties": {"camada": "SSDMT", "COD_ID": "264637263", "CTMT": "PTS0001", "COMP": 6.7, "TIP_CND": "105924968_35_3", "energizado": false, "fonte": null}}, {"type": "Feature", "geometry": {"type": "MultiLineString", "coordinates": [[[-43.20483283067057, -22.982726770723843], [-43.204832429572946, -22.982726107024178]]]}, "properties": {"camada": "SSDMT", "COD_ID": "11420208", "CTMT": "PTS0001", "COMP": 0.09, "TIP_CND": "105924968_35_3", "energizado": false, "fonte": null}}, {"type": "Feature", "geometry": {"type": "MultiLineString", "coordinates": [[[-43.20710929355903, -22.98295459238051], [-43.20706302433905, -22.98242259122958]]]}, "properties": {"camada": "SSDMT", "COD_ID": "11422296", "CTMT": "PTS0001", "COMP": 61.47, "TIP_CND": "105924968_35_3", "energizado": false, "fonte": null}}, {"type": "Feature", "geometry": {"type": "MultiLineString", "coordinates": [[[-43.20478155312611, -22.98200146209774], [-43.20478147758308, -22.982000522306237]]]}, "properties": {"camada": "SSDMT", "COD_ID": "273328477", "CTMT": "PTS0001", "COMP": 0.11, "TIP_CND": "105924979_35_3", "energizado": false, "fonte": null}}, {"type": "Feature", "geometry": {"type": "MultiLineString", "coordinates": [[[-43.20475059486404, -22.98148288332834], [-43.204750107431494, -22.98147397374487]]]}, "properties": {"camada": "SSDMT", "COD_ID": "11421300", "CTMT": "PTS0001", "COMP": 1.03, "TIP_CND": "105924963_35_3", "energizado": false, "fonte": null}}, {"type": "Feature", "geometry": {"type": "MultiLineString", "coordinates": [[[-43.20478941679812, -22.9814722425499], [-43.20512392412974, -22.981453783964923]]]}, "properties": {"camada": "SSDMT", "COD_ID": "11421318", "CTMT": "PTS0001", "COMP": 35.73, "TIP_CND": "105924963_35_3", "energizado": false, "fonte": null}}, {"type": "Feature", "geometry": {"type": "MultiLineString", "coordinates": [[[-43.20475548267933, -22.981609870299224], [-43.20475478390608, -22.981602195484868]]]}, "properties": {"camada": "SSDMT", "COD_ID": "11420778", "CTMT": "PTS0001", "COMP": 0.89, "TIP_CND": "105924979_35_3", "energizado": false, "fonte": null}}, {"type": "Feature", "geometry": {"type": "MultiLineString", "coordinates": [[[-43.207016852245886, -22.981744190342056], [-43.20701702761369, -22.98173529784566]]]}, "properties": {"camada": "SSDMT", "COD_ID": "11665380", "CTMT": "PTS0001", "COMP": 1.02, "TIP_CND": "105924968_35_3", "energizado": false, "fonte": null}}, {"type": "Feature", "geometry": {"type": "MultiLineString", "coordinates": [[[-43.20480096319386, -22.982141094435917], [-43.204804492133576, -22.982135309097202]]]}, "properties": {"camada": "SSDMT", "COD_ID": "23376664", "CTMT": "PTS0001", "COMP": 0.77, "TIP_CND": "105924979_35_3", "energizado": false, "fonte": null}}, {"type": "Feature", "geometry": {"type": "MultiLineString", "coordinates": [[[-43.20475538555257, -22.981473148167197], [-43.20478941679812, -22.9814722425499]]]}, "properties": {"camada": "SSDMT", "COD_ID": "11421312", "CTMT": "PTS0001", "COMP": 3.63, "TIP_CND": "105924963_35_3", "energizado": false, "fonte": null}}, {"type": "Feature", "geometry": {"type": "MultiLineString", "coordinates": [[[-43.20480504161935, -22.982132841357497], [-43.20479171186798, -22.982015836861365]]]}, "properties": {"camada": "SSDMT", "COD_ID": "11420760", "CTMT": "PTS0001", "COMP": 13.55, "TIP_CND": "105924968_35_3", "energizado": false, "fonte": null}}, {"type": "Feature", "geometry": {"type": "MultiLineString", "coordinates": [[[-43.204828692889805, -22.98272617267469], [-43.20482847705256, -22.98271892863562]]]}, "properties": {"camada": "SSDMT", "COD_ID": "264637203", "CTMT": "PTS0001", "COMP": 0.83, "TIP_CND": "105924968_35_3", "energizado": false, "fonte": null}}, {"type": "Feature", "geometry": {"type": "MultiLineString", "coordinates": [[[-43.204783617070234, -22.982010606404344], [-43.204781581005136, -22.982008262771046]]]}, "properties": {"camada": "SSDMT", "COD_ID": "268926089", "CTMT": "PTS0001", "COMP": 0.35, "TIP_CND": "105924979_35_3", "energizado": false, "fonte": null}}, {"type": "Feature", "geometry": {"type": "MultiLineString", "coordinates": [[[-43.205268375035416, -22.981463006512513], [-43.20526153389261, -22.981463271812515]]]}, "properties": {"camada": "SSDMT", "COD_ID": "11624860", "CTMT": "PTS0001", "COMP": 0.73, "TIP_CND": "105924963_35_3", "energizado": false, "fonte": null}}, {"type": "Feature", "geometry": {"type": "MultiLineString", "coordinates": [[[-43.20514289802628, -22.98145273445607], [-43.205199689314156, -22.98144547692715]]]}, "properties": {"camada": "SSDMT", "COD_ID": "11421324", "CTMT": "PTS0001", "COMP": 6.11, "TIP_CND": "105924963_35_3", "energizado": false, "fonte": null}}, {"type": "Feature", "geometry": {"type": "MultiLineString", "coordinates": [[[-43.205204992616245, -22.981446431107884], [-43.205210872383816, -22.981477598012702]]]}, "properties": {"camada": "SSDMT", "COD_ID": "11624836", "CTMT": "PTS0001", "COMP": 3.64, "TIP_CND": "105924963_35_3", "energizado": false, "fonte": null}}, {"type": "Feature", "geometry": {"type": "MultiLineString", "coordinates": [[[-43.2070295884447, -22.981693223063758], [-43.20702970265859, -22.981698642378376]]]}, "properties": {"camada": "SSDMT", "COD_ID": "11665410", "CTMT": "PTS0001", "COMP": 0.62, "TIP_CND": "105924966_35_3", "energizado": false, "fonte": null}}, {"type": "Feature", "geometry": {"type": "MultiLineString", "coordinates": [[[-43.20706302433905, -22.98242259122958], [-43.20706276983094, -22.9824145602837]]]}, "properties": {"camada": "SSDMT", "COD_ID": "453708605", "CTMT": "PTS0001", "COMP": 0.93, "TIP_CND": "105924968_35_3", "energizado": false, "fonte": null}}, {"type": "Feature", "geometry": {"type": "MultiLineString", "coordinates": [[[-43.198648262207485, -22.98573425473205], [-43.19864560920746, -22.985723252426112]]]}, "properties": {"camada": "SSDMT", "COD_ID": "499010915", "CTMT": "PTS0001", "COMP": 1.3, "TIP_CND": "105924969_35_3", "energizado": false, "fonte": null}}, {"type": "Feature", "geometry": {"type": "MultiLineString", "coordinates": [[[-43.19867038822781, -22.985964321096503], [-43.198648262207485, -22.98573425473205]]]}, "properties": {"camada": "SSDMT", "COD_ID": "499010909", "CTMT": "PTS0001", "COMP": 26.6, "TIP_CND": "105924969_35_3", "energizado": false, "fonte": null}}, {"type": "Feature", "geometry": {"type": "MultiLineString", "coordinates": [[[-43.19679541507628, -22.987084372745585], [-43.1973950893119, -22.986846613580326]]]}, "properties": {"camada": "SSDMT", "COD_ID": "11413500", "CTMT": "PTS0001", "COMP": 69.56, "TIP_CND": "105924968_35_3", "energizado": false, "fonte": null}}, {"type": "Feature", "geometry": {"type": "MultiLineString", "coordinates": [[[-43.19864236535284, -22.98571037413444], [-43.198641805974546, -22.985701807192584]]]}, "properties": {"camada": "SSDMT", "COD_ID": "12342561", "CTMT": "PTS0001", "COMP": 0.99, "TIP_CND": "105924968_35_3", "energizado": false, "fonte": null}}, {"type": "Feature", "geometry": {"type": "MultiLineString", "coordinates": [[[-43.1974028855347, -22.986842756388057], [-43.19822245750038, -22.986695200123336]]]}, "properties": {"camada": "SSDMT", "COD_ID": "11413710", "CTMT": "PTS0001", "COMP": 89.03, "TIP_CND": "105924969_35_3", "energizado": false, "fonte": null}}, {"type": "Feature", "geometry": {"type": "MultiLineString", "coordinates": [[[-43.19869628060883, -22.986641984539915], [-43.1986976592695, -22.98663218462758]]]}, "properties": {"camada": "SSDMT", "COD_ID": "11413980", "CTMT": "PTS0001", "COMP": 1.14, "TIP_CND": "105924969_35_3", "energizado": false, "fonte": null}}, {"type": "Feature", "geometry": {"type": "MultiLineString", "coordinates": [[[-43.19739879991465, -22.986844859002986], [-43.1974028855347, -22.986842756388057]]]}, "properties": {"camada": "SSDMT", "COD_ID": "11413506", "CTMT": "PTS0001", "COMP": 0.5, "TIP_CND": "105924968_35_3", "energizado": false, "fonte": null}}, {"type": "Feature", "geometry": {"type": "MultiLineString", "coordinates": [[[-43.198700486738005, -22.986407658086932], [-43.19867038822781, -22.985964321096503]]]}, "properties": {"camada": "SSDMT", "COD_ID": "499010903", "CTMT": "PTS0001", "COMP": 51.16, "TIP_CND": "105924969_35_3", "energizado": false, "fonte": null}}, {"type": "Feature", "geometry": {"type": "MultiLineString", "coordinates": [[[-43.1973950893119, -22.986846613580326], [-43.19739879991465, -22.986844859002986]]]}, "properties": {"camada": "SSDMT", "COD_ID": "288896943", "CTMT": "PTS0001", "COMP": 0.44, "TIP_CND": "105924968_35_3", "energizado": false, "fonte": null}}, {"type": "Feature", "geometry": {"type": "MultiLineString", "coordinates": [[[-43.1986976592695, -22.98663218462758], [-43.19870100924413, -22.98662147639999]]]}, "properties": {"camada": "SSDMT", "COD_ID": "11413986", "CTMT": "PTS0001", "COMP": 1.28, "TIP_CND": "105924969_35_3", "energizado": false, "fonte": null}}, {"type": "Feature", "geometry": {"type": "MultiLineString", "coordinates": [[[-43.19868936841959, -22.986646159192844], [-43.19869628060883, -22.986641984539915]]]}, "properties": {"camada": "SSDMT", "COD_ID": "11413974", "CTMT": "PTS0001", "COMP": 0.88, "TIP_CND": "105924969_35_3", "energizado": false, "fonte": null}}, {"type": "Feature", "geometry": {"type": "MultiLineString", "coordinates": [[[-43.19822245750038, -22.986695200123336], [-43.19868936841959, -22.986646159192844]]]}, "properties": {"camada": "SSDMT", "COD_ID": "288595795", "CTMT": "PTS0001", "COMP": 50.11, "TIP_CND": "105924969_35_3", "energizado": false, "fonte": null}}, {"type": "Feature", "geometry": {"type": "MultiLineString", "coordinates": [[[-43.19870100924413, -22.98662147639999], [-43.198700486738005, -22.986407658086932]]]}, "properties": {"camada": "SSDMT", "COD_ID": "12555694", "CTMT": "PTS0001", "COMP": 24.63, "TIP_CND": "105924969_35_3", "energizado": false, "fonte": null}}, {"type": "Feature", "geometry": {"type": "MultiLineString", "coordinates": [[[-43.19864560920746, -22.985723252426112], [-43.19864309110574, -22.98572335045219]]]}, "properties": {"camada": "SSDMT", "COD_ID": "499010921", "CTMT": "PTS0001", "COMP": 0.27, "TIP_CND": "105924969_35_3", "energizado": false, "fonte": null}}, {"type": "Feature", "geometry": {"type": "MultiLineString", "coordinates": [[[-43.19864309110574, -22.98572335045219], [-43.19864236535284, -22.98571037413444]]]}, "properties": {"camada": "SSDMT", "COD_ID": "268178129", "CTMT": "PTS0001", "COMP": 1.5, "TIP_CND": "105924968_35_3", "energizado": false, "fonte": null}}, {"type": "Feature", "geometry": {"type": "MultiLineString", "coordinates": [[[-43.19433896726946, -22.987742900414503], [-43.194349256413034, -22.987747388031494]]]}, "properties": {"camada": "SSDMT", "COD_ID": "102313282", "CTMT": "PTS4022", "COMP": 1.21, "TIP_CND": "105924969_35_3", "energizado": true, "fonte": "PTS4022"}}, {"type": "Feature", "geometry": {"type": "MultiLineString", "coordinates": [[[-43.19643763239077, -22.98720421190484], [-43.19643320322973, -22.98719986278337]]]}, "properties": {"camada": "SSDMT", "COD_ID": "102313159", "CTMT": "PTS4022", "COMP": 0.69, "TIP_CND": "105924967_35_3", "energizado": true, "fonte": "PTS4022"}}, {"type": "Feature", "geometry": {"type": "MultiLineString", "coordinates": [[[-43.195129025284245, -22.987592929470054], [-43.19514378225972, -22.987588583046602]]]}, "properties": {"camada": "SSDMT", "COD_ID": "25329873", "CTMT": "PTS4022", "COMP": 1.65, "TIP_CND": "105924963_35_3", "energizado": true, "fonte": "PTS4022"}}, {"type": "Feature", "geometry": {"type": "MultiLineString", "coordinates": [[[-43.19609597005291, -22.987071310992178], [-43.19610767203142, -22.987031783090288]]]}, "properties": {"camada": "SSDMT", "COD_ID": "102313295", "CTMT": "PTS4022", "COMP": 4.72, "TIP_CND": "105924967_35_3", "energizado": true, "fonte": "PTS4022"}}, {"type": "Feature", "geometry": {"type": "MultiLineString", "coordinates": [[[-43.19635519243815, -22.987134560311688], [-43.19627256272855, -22.98714238801074]]]}, "properties": {"camada": "SSDMT", "COD_ID": "102313252", "CTMT": "PTS4022", "COMP": 8.86, "TIP_CND": "105924967_35_3", "energizado": true, "fonte": "PTS4022"}}, {"type": "Feature", "geometry": {"type": "MultiLineString", "coordinates": [[[-43.196150111038776, -22.98711110239543], [-43.19610214569741, -22.987083663180442]]]}, "properties": {"camada": "SSDMT", "COD_ID": "464194483", "CTMT": "PTS4022", "COMP": 6.01, "TIP_CND": "105924967_35_3", "energizado": true, "fonte": "PTS4022"}}, {"type": "Feature", "geometry": {"type": "MultiLineString", "coordinates": [[[-43.19610214569741, -22.987083663180442], [-43.19609597005291, -22.987071310992178]]]}, "properties": {"camada": "SSDMT", "COD_ID": "102313228", "CTMT": "PTS4022", "COMP": 1.57, "TIP_CND": "105924967_35_3", "energizado": true, "fonte": "PTS4022"}}, {"type": "Feature", "geometry": {"type": "MultiLineString", "coordinates": [[[-43.1951261465544, -22.987593782027375], [-43.195129025284245, -22.987592929470054]]]}, "properties": {"camada": "SSDMT", "COD_ID": "46001709", "CTMT": "PTS4022", "COMP": 0.32, "TIP_CND": "105924969_35_3", "energizado": true, "fonte": "PTS4022"}}, {"type": "Feature", "geometry": {"type": "MultiLineString", "coordinates": [[[-43.196359306836484, -22.98713539308386], [-43.19635519243815, -22.987134560311688]]]}, "properties": {"camada": "SSDMT", "COD_ID": "464194466", "CTMT": "PTS4022", "COMP": 0.45, "TIP_CND": "105924967_35_3", "energizado": true, "fonte": "PTS4022"}}, {"type": "Feature", "geometry": {"type": "MultiLineString", "coordinates": [[[-43.19310896001048, -22.98740388208347], [-43.19433251193584, -22.987740596351387]]]}, "properties": {"camada": "SSDMT", "COD_ID": "11405318", "CTMT": "PTS4022", "COMP": 136.11, "TIP_CND": "105924963_35_3", "energizado": true, "fonte": "PTS4022"}}, {"type": "Feature", "geometry": {"type": "MultiLineString", "coordinates": [[[-43.196108040753415, -22.987030442201103], [-43.196108672976834, -22.987028362968545]]]}, "properties": {"camada": "SSDMT", "COD_ID": "102313190", "CTMT": "PTS4022", "COMP": 0.25, "TIP_CND": "105924967_35_3", "energizado": true, "fonte": "PTS4022"}}, {"type": "Feature", "geometry": {"type": "MultiLineString", "coordinates": [[[-43.19642722363744, -22.987208039419443], [-43.19643763239077, -22.98720421190484]]]}, "properties": {"camada": "SSDMT", "COD_ID": "102313196", "CTMT": "PTS4022", "COMP": 1.19, "TIP_CND": "105924963_35_3", "energizado": true, "fonte": "PTS4022"}}, {"type": "Feature", "geometry": {"type": "MultiLineString", "coordinates": [[[-43.19637169229969, -22.987139164840528], [-43.19636485565354, -22.987136937219816]]]}, "properties": {"camada": "SSDMT", "COD_ID": "102313234", "CTMT": "PTS4022", "COMP": 0.77, "TIP_CND": "105924967_35_3", "energizado": true, "fonte": "PTS4022"}}, {"type": "Feature", "geometry": {"type": "MultiLineString", "coordinates": [[[-43.19433251193584, -22.987740596351387], [-43.19433896726946, -22.987742900414503]]]}, "properties": {"camada": "SSDMT", "COD_ID": "102313172", "CTMT": "PTS4022", "COMP": 0.74, "TIP_CND": "105924963_35_3", "energizado": true, "fonte": "PTS4022"}}, {"type": "Feature", "geometry": {"type": "MultiLineString", "coordinates": [[[-43.194349256413034, -22.987747388031494], [-43.19450727539038, -22.98777529759184]]]}, "properties": {"camada": "SSDMT", "COD_ID": "11405300", "CTMT": "PTS4022", "COMP": 17.15, "TIP_CND": "105924969_35_3", "energizado": true, "fonte": "PTS4022"}}, {"type": "Feature", "geometry": {"type": "MultiLineString", "coordinates": [[[-43.19636485565354, -22.987136937219816], [-43.196359306836484, -22.98713539308386]]]}, "properties": {"camada": "SSDMT", "COD_ID": "318760291", "CTMT": "PTS4022", "COMP": 0.62, "TIP_CND": "105924967_35_3", "energizado": true, "fonte": "PTS4022"}}, {"type": "Feature", "geometry": {"type": "MultiLineString", "coordinates": [[[-43.19514378225972, -22.987588583046602], [-43.19642722363744, -22.987208039419443]]]}, "properties": {"camada": "SSDMT", "COD_ID": "46001654", "CTMT": "PTS4022", "COMP": 143.71, "TIP_CND": "105924963_35_3", "energizado": true, "fonte": "PTS4022"}}, {"type": "Feature", "geometry": {"type": "MultiLineString", "coordinates": [[[-43.19627256272855, -22.98714238801074], [-43.196150111038776, -22.98711110239543]]]}, "properties": {"camada": "SSDMT", "COD_ID": "464194477", "CTMT": "PTS4022", "COMP": 13.55, "TIP_CND": "105924967_35_3", "energizado": true, "fonte": "PTS4022"}}, {"type": "Feature", "geometry": {"type": "MultiLineString", "coordinates": [[[-43.19643320322973, -22.98719986278337], [-43.19637169229969, -22.987139164840528]]]}, "properties": {"camada": "SSDMT", "COD_ID": "102313184", "CTMT": "PTS4022", "COMP": 9.59, "TIP_CND": "105924967_35_3", "energizado": true, "fonte": "PTS4022"}}, {"type": "Feature", "geometry": {"type": "MultiLineString", "coordinates": [[[-43.19450727539038, -22.98777529759184], [-43.1951261465544, -22.987593782027375]]]}, "properties": {"camada": "SSDMT", "COD_ID": "102313240", "CTMT": "PTS4022", "COMP": 69.23, "TIP_CND": "105924969_35_3", "energizado": true, "fonte": "PTS4022"}}, {"type": "Feature", "geometry": {"type": "MultiLineString", "coordinates": [[[-43.19380188225102, -22.98767236029113], [-43.19379949365168, -22.987681055835992]]]}, "properties": {"camada": "SSDMT", "COD_ID": "11379260", "CTMT": "PTS9088", "COMP": 1.03, "TIP_CND": "105924962_35_3", "energizado": true, "fonte": "PTS9088"}}, {"type": "Feature", "geometry": {"type": "MultiLineString", "coordinates": [[[-43.1935485216469, -22.987683322127566], [-43.193560200242985, -22.98768085438786]]]}, "properties": {"camada": "SSDMT", "COD_ID": "11903955", "CTMT": "PTS9088", "COMP": 1.28, "TIP_CND": "105924962_35_3", "energizado": true, "fonte": "PTS9088"}}, {"type": "Feature", "geometry": {"type": "MultiLineString", "coordinates": [[[-43.19380379061238, -22.987682153008905], [-43.1938099176935, -22.987683477710277]]]}, "properties": {"camada": "SSDMT", "COD_ID": "11697850", "CTMT": "PTS9088", "COMP": 0.67, "TIP_CND": "105924962_35_3", "energizado": true, "fonte": "PTS9088"}}, {"type": "Feature", "geometry": {"type": "MultiLineString", "coordinates": [[[-43.193560200242985, -22.98768085438786], [-43.19380188225102, -22.98767236029113]]]}, "properties": {"camada": "SSDMT", "COD_ID": "11379266", "CTMT": "PTS9088", "COMP": 25.79, "TIP_CND": "105924962_35_3", "energizado": true, "fonte": "PTS9088"}}, {"type": "Feature", "geometry": {"type": "MultiLineString", "coordinates": [[[-43.19354214005767, -22.98767909531398], [-43.1935485216469, -22.987683322127566]]]}, "properties": {"camada": "SSDMT", "COD_ID": "11697844", "CTMT": "PTS9088", "COMP": 0.84, "TIP_CND": "105924962_35_3", "energizado": true, "fonte": "PTS9088"}}, {"type": "Feature", "geometry": {"type": "MultiLineString", "coordinates": [[[-43.19400526932765, -22.986578646187525], [-43.19401175254029, -22.986580336013674]]]}, "properties": {"camada": "SSDMT", "COD_ID": "11219506", "CTMT": "PTS9924", "COMP": 0.72, "TIP_CND": "105924967_35_3", "energizado": true, "fonte": "PTS9924"}}, {"type": "Feature", "geometry": {"type": "MultiLineString", "coordinates": [[[-43.19401032711488, -22.986598019383052], [-43.19403657832538, -22.986684378581174]]]}, "properties": {"camada": "SSDMT", "COD_ID": "11219518", "CTMT": "PTS9924", "COMP": 10.33, "TIP_CND": "105924967_35_3", "energizado": true, "fonte": "PTS9924"}}, {"type": "Feature", "geometry": {"type": "MultiLineString", "coordinates": [[[-43.19405369961851, -22.98673255256523], [-43.194048676005536, -22.986731149622813]]]}, "properties": {"camada": "SSDMT", "COD_ID": "11679406", "CTMT": "PTS9924", "COMP": 0.56, "TIP_CND": "105924993_35_3", "energizado": true, "fonte": "PTS9924"}}, {"type": "Feature", "geometry": {"type": "MultiLineString", "coordinates": [[[-43.19339942124623, -22.986421829603728], [-43.193573391498774, -22.98646697107381]]]}, "properties": {"camada": "SSDMT", "COD_ID": "11862815", "CTMT": "PTS9924", "COMP": 19.27, "TIP_CND": "105924967_35_3", "energizado": true, "fonte": "PTS9924"}}, {"type": "Feature", "geometry": {"type": "MultiLineString", "coordinates": [[[-43.19401152141455, -22.9865940776545], [-43.19401032711488, -22.986598019383052]]]}, "properties": {"camada": "SSDMT", "COD_ID": "256892615", "CTMT": "PTS9924", "COMP": 0.47, "TIP_CND": "105924967_35_3", "energizado": true, "fonte": "PTS9924"}}, {"type": "Feature", "geometry": {"type": "MultiLineString", "coordinates": [[[-43.19403657832538, -22.986684378581174], [-43.19403356020058, -22.986694277418906]]]}, "properties": {"camada": "SSDMT", "COD_ID": "11679322", "CTMT": "PTS9924", "COMP": 1.18, "TIP_CND": "105924967_35_3", "energizado": true, "fonte": "PTS9924"}}, {"type": "Feature", "geometry": {"type": "MultiLineString", "coordinates": [[[-43.194044374548184, -22.986743643903992], [-43.19401879153395, -22.986736958343897]]]}, "properties": {"camada": "SSDMT", "COD_ID": "11679424", "CTMT": "PTS9924", "COMP": 2.83, "TIP_CND": "105924963_35_3", "energizado": true, "fonte": "PTS9924"}}, {"type": "Feature", "geometry": {"type": "MultiLineString", "coordinates": [[[-43.193395882413995, -22.986433447045897], [-43.19339942124623, -22.986421829603728]]]}, "properties": {"camada": "SSDMT", "COD_ID": "95550243", "CTMT": "PTS9924", "COMP": 1.39, "TIP_CND": "105924967_35_3", "energizado": true, "fonte": "PTS9924"}}, {"type": "Feature", "geometry": {"type": "MultiLineString", "coordinates": [[[-43.1940471327689, -22.98673571008493], [-43.194044374548184, -22.986743643903992]]]}, "properties": {"camada": "SSDMT", "COD_ID": "256902420", "CTMT": "PTS9924", "COMP": 0.96, "TIP_CND": "105924993_35_3", "energizado": true, "fonte": "PTS9924"}}, {"type": "Feature", "geometry": {"type": "MultiLineString", "coordinates": [[[-43.193573391498774, -22.98646697107381], [-43.1939644643885, -22.98656803958329]]]}, "properties": {"camada": "SSDMT", "COD_ID": "11863301", "CTMT": "PTS9924", "COMP": 43.3, "TIP_CND": "105924967_35_3", "energizado": true, "fonte": "PTS9924"}}, {"type": "Feature", "geometry": {"type": "MultiLineString", "coordinates": [[[-43.194062973427435, -22.98670189107935], [-43.19405369961851, -22.98673255256523]]]}, "properties": {"camada": "SSDMT", "COD_ID": "11679400", "CTMT": "PTS9924", "COMP": 3.67, "TIP_CND": "105924967_35_3", "energizado": true, "fonte": "PTS9924"}}, {"type": "Feature", "geometry": {"type": "MultiLineString", "coordinates": [[[-43.19338381980742, -22.9864303299957], [-43.193391848954604, -22.986432408328938]]]}, "properties": {"camada": "SSDMT", "COD_ID": "256892603", "CTMT": "PTS9924", "COMP": 0.89, "TIP_CND": "105924993_35_3", "energizado": true, "fonte": "PTS9924"}}, {"type": "Feature", "geometry": {"type": "MultiLineString", "coordinates": [[[-43.19401175254029, -22.986580336013674], [-43.19401536781493, -22.986581280301777]]]}, "properties": {"camada": "SSDMT", "COD_ID": "256892627", "CTMT": "PTS9924", "COMP": 0.4, "TIP_CND": "105924967_35_3", "energizado": true, "fonte": "PTS9924"}}, {"type": "Feature", "geometry": {"type": "MultiLineString", "coordinates": [[[-43.1939644643885, -22.98656803958329], [-43.19400526932765, -22.986578646187525]]]}, "properties": {"camada": "SSDMT", "COD_ID": "11219500", "CTMT": "PTS9924", "COMP": 4.52, "TIP_CND": "105924967_35_3", "energizado": true, "fonte": "PTS9924"}}, {"type": "Feature", "geometry": {"type": "MultiLineString", "coordinates": [[[-43.19403356020058, -22.986694277418906], [-43.194062973427435, -22.98670189107935]]]}, "properties": {"camada": "SSDMT", "COD_ID": "11679394", "CTMT": "PTS9924", "COMP": 3.26, "TIP_CND": "105924967_35_3", "energizado": true, "fonte": "PTS9924"}}, {"type": "Feature", "geometry": {"type": "MultiLineString", "coordinates": [[[-43.19401536781493, -22.986581280301777], [-43.19401152141455, -22.9865940776545]]]}, "properties": {"camada": "SSDMT", "COD_ID": "11219512", "CTMT": "PTS9924", "COMP": 1.53, "TIP_CND": "105924967_35_3", "energizado": true, "fonte": "PTS9924"}}, {"type": "Feature", "geometry": {"type": "MultiLineString", "coordinates": [[[-43.194048676005536, -22.986731149622813], [-43.194047730818056, -22.98673399237981]]]}, "properties": {"camada": "SSDMT", "COD_ID": "11679412", "CTMT": "PTS9924", "COMP": 0.34, "TIP_CND": "105924993_35_3", "energizado": true, "fonte": "PTS9924"}}, {"type": "Feature", "geometry": {"type": "MultiLineString", "coordinates": [[[-43.193391848954604, -22.986432408328938], [-43.193395882413995, -22.986433447045897]]]}, "properties": {"camada": "SSDMT", "COD_ID": "256902222", "CTMT": "PTS9924", "COMP": 0.45, "TIP_CND": "105924967_35_3", "energizado": true, "fonte": "PTS9924"}}, {"type": "Feature", "geometry": {"type": "MultiLineString", "coordinates": [[[-43.19310770815417, -22.987407813919447], [-43.19433134011922, -22.98774437530261]]]}, "properties": {"camada": "SSDMT", "COD_ID": "11408696", "CTMT": "PTS0001", "COMP": 136.12, "TIP_CND": "105924969_35_3", "energizado": false, "fonte": null}}, {"type": "Feature", "geometry": {"type": "MultiLineString", "coordinates": [[[-43.196443499567806, -22.987200115492897], [-43.19679541507628, -22.987084372745585]]]}, "properties": {"camada": "SSDMT", "COD_ID": "12279715", "CTMT": "PTS0001", "COMP": 39.82, "TIP_CND": "105924968_35_3", "energizado": false, "fonte": null}}, {"type": "Feature", "geometry": {"type": "MultiLineString", "coordinates": [[[-43.196442398797615, -22.98719857675286], [-43.196443499567806, -22.987200115492897]]]}, "properties": {"camada": "SSDMT", "COD_ID": "315872429", "CTMT": "PTS0001", "COMP": 0.21, "TIP_CND": "105924969_35_3", "energizado": false, "fonte": null}}, {"type": "Feature", "geometry": {"type": "MultiLineString", "coordinates": [[[-43.195126770683885, -22.98759451137755], [-43.195134393337526, -22.987592674961945]]]}, "properties": {"camada": "SSDMT", "COD_ID": "11409050", "CTMT": "PTS0001", "COMP": 0.84, "TIP_CND": "105924969_35_3", "energizado": false, "fonte": null}}, {"type": "Feature", "geometry": {"type": "MultiLineString", "coordinates": [[[-43.195134393337526, -22.987592674961945], [-43.19514395852684, -22.98758928002121]]]}, "properties": {"camada": "SSDMT", "COD_ID": "11409062", "CTMT": "PTS0001", "COMP": 1.09, "TIP_CND": "105924969_35_3", "energizado": false, "fonte": null}}, {"type": "Feature", "geometry": {"type": "MultiLineString", "coordinates": [[[-43.19434902079064, -22.98774820731387], [-43.194507324853134, -22.987775993667128]]]}, "properties": {"camada": "SSDMT", "COD_ID": "11409056", "CTMT": "PTS0001", "COMP": 17.18, "TIP_CND": "105924969_35_3", "energizado": false, "fonte": null}}, {"type": "Feature", "geometry": {"type": "MultiLineString", "coordinates": [[[-43.19643990767554, -22.9871981243939], [-43.196442398797615, -22.98719857675286]]]}, "properties": {"camada": "SSDMT", "COD_ID": "11409044", "CTMT": "PTS0001", "COMP": 0.27, "TIP_CND": "105924969_35_3", "energizado": false, "fonte": null}}, {"type": "Feature", "geometry": {"type": "MultiLineString", "coordinates": [[[-43.19433134011922, -22.98774437530261], [-43.194334869958254, -22.987745878969122]]]}, "properties": {"camada": "SSDMT", "COD_ID": "137790757", "CTMT": "PTS0001", "COMP": 0.41, "TIP_CND": "105924969_35_3", "energizado": false, "fonte": null}}, {"type": "Feature", "geometry": {"type": "MultiLineString", "coordinates": [[[-43.194507324853134, -22.987775993667128], [-43.195126770683885, -22.98759451137755]]]}, "properties": {"camada": "SSDMT", "COD_ID": "12521078", "CTMT": "PTS0001", "COMP": 69.28, "TIP_CND": "105924969_35_3", "energizado": false, "fonte": null}}, {"type": "Feature", "geometry": {"type": "MultiLineString", "coordinates": [[[-43.196427629231664, -22.987209055653352], [-43.19643990767554, -22.9871981243939]]]}, "properties": {"camada": "SSDMT", "COD_ID": "11413494", "CTMT": "PTS0001", "COMP": 1.82, "TIP_CND": "105924969_35_3", "energizado": false, "fonte": null}}, {"type": "Feature", "geometry": {"type": "MultiLineString", "coordinates": [[[-43.19514395852684, -22.98758928002121], [-43.196427629231664, -22.987209055653352]]]}, "properties": {"camada": "SSDMT", "COD_ID": "11409068", "CTMT": "PTS0001", "COMP": 143.72, "TIP_CND": "105924969_35_3", "energizado": false, "fonte": null}}, {"type": "Feature", "geometry": {"type": "MultiLineString", "coordinates": [[[-43.194334869958254, -22.987745878969122], [-43.19434902079064, -22.98774820731387]]]}, "properties": {"camada": "SSDMT", "COD_ID": "11408582", "CTMT": "PTS0001", "COMP": 1.53, "TIP_CND": "105924969_35_3", "energizado": false, "fonte": null}}, {"type": "Feature", "geometry": {"type": "MultiLineString", "coordinates": [[[-43.19304953191033, -22.987931507133283], [-43.19305269212799, -22.98793227515432]]]}, "properties": {"camada": "SSDMT", "COD_ID": "11969475", "CTMT": "PTS9088", "COMP": 0.35, "TIP_CND": "105924993_35_3", "energizado": true, "fonte": "PTS9088"}}, {"type": "Feature", "geometry": {"type": "MultiLineString", "coordinates": [[[-43.19305269212799, -22.98793227515432], [-43.193062471355915, -22.98790391323496]]]}, "properties": {"camada": "SSDMT", "COD_ID": "12447337", "CTMT": "PTS9088", "COMP": 3.43, "TIP_CND": "105924993_35_3", "energizado": true, "fonte": "PTS9088"}}, {"type": "Feature", "geometry": {"type": "MultiLineString", "coordinates": [[[-43.193045851884506, -22.987953751864097], [-43.19309913221912, -22.98796655101546]]]}, "properties": {"camada": "SSDMT", "COD_ID": "12521228", "CTMT": "PTS9088", "COMP": 5.87, "TIP_CND": "105924993_35_3", "energizado": true, "fonte": "PTS9088"}}, {"type": "Feature", "geometry": {"type": "MultiLineString", "coordinates": [[[-43.19305269212799, -22.98793227515432], [-43.193045851884506, -22.987953751864097]]]}, "properties": {"camada": "SSDMT", "COD_ID": "12447343", "CTMT": "PTS9088", "COMP": 2.58, "TIP_CND": "105924993_35_3", "energizado": true, "fonte": "PTS9088"}}, {"type": "Feature", "geometry": {"type": "MultiLineString", "coordinates": [[[-43.193062471355915, -22.98790391323496], [-43.19306448403864, -22.98790440606342]]]}, "properties": {"camada": "SSDMT", "COD_ID": "12447331", "CTMT": "PTS9088", "COMP": 0.22, "TIP_CND": "105924993_35_3", "energizado": true, "fonte": "PTS9088"}}, {"type": "Feature", "geometry": {"type": "MultiLineString", "coordinates": [[[-43.19300058091204, -22.987943808060265], [-43.193139045030875, -22.98797752724107]]]}, "properties": {"camada": "SSDMT", "COD_ID": "12521252", "CTMT": "PTS9924", "COMP": 15.27, "TIP_CND": "105924993_35_3", "energizado": true, "fonte": "PTS9924"}}, {"type": "Feature", "geometry": {"type": "MultiLineString", "coordinates": [[[-43.19301589816513, -22.98789286146632], [-43.193018841646165, -22.987893725714798]]]}, "properties": {"camada": "SSDMT", "COD_ID": "12447265", "CTMT": "PTS9924", "COMP": 0.33, "TIP_CND": "105924993_35_3", "energizado": true, "fonte": "PTS9924"}}, {"type": "Feature", "geometry": {"type": "MultiLineString", "coordinates": [[[-43.19300636175416, -22.987920583967707], [-43.19301589816513, -22.98789286146632]]]}, "properties": {"camada": "SSDMT", "COD_ID": "12447271", "CTMT": "PTS9924", "COMP": 3.35, "TIP_CND": "105924993_35_3", "energizado": true, "fonte": "PTS9924"}}, {"type": "Feature", "geometry": {"type": "MultiLineString", "coordinates": [[[-43.19299912311101, -22.987942707290074], [-43.192998927958115, -22.987943400667348]]]}, "properties": {"camada": "SSDMT", "COD_ID": "463790730", "CTMT": "PTS9924", "COMP": 0.08, "TIP_CND": "105924993_35_3", "energizado": true, "fonte": "PTS9924"}}, {"type": "Feature", "geometry": {"type": "MultiLineString", "coordinates": [[[-43.193004046899205, -22.987920088441285], [-43.19300636175416, -22.987920583967707]]]}, "properties": {"camada": "SSDMT", "COD_ID": "11969487", "CTMT": "PTS9924", "COMP": 0.25, "TIP_CND": "105924993_35_3", "energizado": true, "fonte": "PTS9924"}}, {"type": "Feature", "geometry": {"type": "MultiLineString", "coordinates": [[[-43.19300636175416, -22.987920583967707], [-43.19300135073172, -22.987935083737057]]]}, "properties": {"camada": "SSDMT", "COD_ID": "12447277", "CTMT": "PTS9924", "COMP": 1.75, "TIP_CND": "105924993_35_3", "energizado": true, "fonte": "PTS9924"}}, {"type": "Feature", "geometry": {"type": "MultiLineString", "coordinates": [[[-43.19300085250728, -22.987936595497445], [-43.19300060699237, -22.98793746873912]]]}, "properties": {"camada": "SSDMT", "COD_ID": "463790704", "CTMT": "PTS9924", "COMP": 0.1, "TIP_CND": "105924993_35_3", "energizado": true, "fonte": "PTS9924"}}, {"type": "Feature", "geometry": {"type": "MultiLineString", "coordinates": [[[-43.193078837218536, -22.98795976383201], [-43.19307438377575, -22.98797266190877]]]}, "properties": {"camada": "SSDMT", "COD_ID": "278673710", "CTMT": "PTS0001", "COMP": 1.56, "TIP_CND": "105924972_35_3", "energizado": false, "fonte": null}}, {"type": "Feature", "geometry": {"type": "MultiLineString", "coordinates": [[[-43.19285324588054, -22.98789358811854], [-43.19284909640862, -22.987905631839396]]]}, "properties": {"camada": "SSDMT", "COD_ID": "278673652", "CTMT": "PTS0001", "COMP": 1.46, "TIP_CND": "105924972_35_3", "energizado": false, "fonte": null}}, {"type": "Feature", "geometry": {"type": "MultiLineString", "coordinates": [[[-43.192877051834444, -22.9878020749058], [-43.192871792599135, -22.98781766465345]]]}, "properties": {"camada": "SSDMT", "COD_ID": "12492068", "CTMT": "PTS0001", "COMP": 1.88, "TIP_CND": "105924968_35_3", "energizado": false, "fonte": null}}, {"type": "Feature", "geometry": {"type": "MultiLineString", "coordinates": [[[-43.192871792599135, -22.98781766465345], [-43.193163040741695, -22.987888544720533]]]}, "properties": {"camada": "SSDMT", "COD_ID": "12492074", "CTMT": "PTS0001", "COMP": 32.11, "TIP_CND": "105924968_35_3", "energizado": false, "fonte": null}}, {"type": "Feature", "geometry": {"type": "MultiLineString", "coordinates": [[[-43.1929153512624, -22.987868379222277], [-43.192912181152224, -22.98786764807346]]]}, "properties": {"camada": "SSDMT", "COD_ID": "12033033", "CTMT": "PTS4022", "COMP": 0.35, "TIP_CND": "105924993_35_3", "energizado": true, "fonte": "PTS4022"}}, {"type": "Feature", "geometry": {"type": "MultiLineString", "coordinates": [[[-43.19290611792297, -22.987895238374506], [-43.192897863945234, -22.98791893011446]]]}, "properties": {"camada": "SSDMT", "COD_ID": "12492170", "CTMT": "PTS4022", "COMP": 2.87, "TIP_CND": "105924993_35_3", "energizado": true, "fonte": "PTS4022"}}, {"type": "Feature", "geometry": {"type": "MultiLineString", "coordinates": [[[-43.19289789362284, -22.98789322119518], [-43.19290611792297, -22.987895238374506]]]}, "properties": {"camada": "SSDMT", "COD_ID": "12492158", "CTMT": "PTS4022", "COMP": 0.91, "TIP_CND": "105924993_35_3", "energizado": true, "fonte": "PTS4022"}}, {"type": "Feature", "geometry": {"type": "MultiLineString", "coordinates": [[[-43.19290611792297, -22.987895238374506], [-43.1929153512624, -22.987868379222277]]]}, "properties": {"camada": "SSDMT", "COD_ID": "12492164", "CTMT": "PTS4022", "COMP": 3.25, "TIP_CND": "105924993_35_3", "energizado": true, "fonte": "PTS4022"}}, {"type": "Feature", "geometry": {"type": "MultiLineString", "coordinates": [[[-43.192897863945234, -22.98791893011446], [-43.19278319858569, -22.987891099694423]]]}, "properties": {"camada": "SSDMT", "COD_ID": "12525612", "CTMT": "PTS4022", "COMP": 12.64, "TIP_CND": "105924993_35_3", "energizado": true, "fonte": "PTS4022"}}, {"type": "Feature", "geometry": {"type": "MultiLineString", "coordinates": [[[-43.19291600417023, -22.987587361767282], [-43.192956375636186, -22.987598261550488]]]}, "properties": {"camada": "SSDMT", "COD_ID": "315872531", "CTMT": "PTS4022", "COMP": 4.48, "TIP_CND": "105924994_35_3", "energizado": true, "fonte": "PTS4022"}}, {"type": "Feature", "geometry": {"type": "MultiLineString", "coordinates": [[[-43.19278319858569, -22.987891099694423], [-43.19289338442212, -22.987581541354984]]]}, "properties": {"camada": "SSDMT", "COD_ID": "12529062", "CTMT": "PTS4022", "COMP": 37.54, "TIP_CND": "105924993_35_3", "energizado": true, "fonte": "PTS4022"}}, {"type": "Feature", "geometry": {"type": "MultiLineString", "coordinates": [[[-43.1932065022782, -22.987655190434623], [-43.193208836018925, -22.987647712571857]]]}, "properties": {"camada": "SSDMT", "COD_ID": "550851579", "CTMT": "PTS9088", "COMP": 0.9, "TIP_CND": "105924993_35_3", "energizado": true, "fonte": "PTS9088"}}, {"type": "Feature", "geometry": {"type": "MultiLineString", "coordinates": [[[-43.193084457081966, -22.987608771927228], [-43.19307777421989, -22.987628734178713]]]}, "properties": {"camada": "SSDMT", "COD_ID": "315897772", "CTMT": "PTS9088", "COMP": 2.41, "TIP_CND": "105924993_35_3", "energizado": true, "fonte": "PTS9088"}}, {"type": "Feature", "geometry": {"type": "MultiLineString", "coordinates": [[[-43.19307777421989, -22.987628734178713], [-43.192956127423315, -22.987600796739343]]]}, "properties": {"camada": "SSDMT", "COD_ID": "315872621", "CTMT": "PTS9088", "COMP": 13.36, "TIP_CND": "105924993_35_3", "energizado": true, "fonte": "PTS9088"}}, {"type": "Feature", "geometry": {"type": "MultiLineString", "coordinates": [[[-43.193208836018925, -22.987647712571857], [-43.19321164460166, -22.987638922598137]]]}, "properties": {"camada": "SSDMT", "COD_ID": "550851585", "CTMT": "PTS9088", "COMP": 1.06, "TIP_CND": "105924993_35_3", "energizado": true, "fonte": "PTS9088"}}, {"type": "Feature", "geometry": {"type": "MultiLineString", "coordinates": [[[-43.19309913221912, -22.98796655101546], [-43.193185883521664, -22.98771393235205]]]}, "properties": {"camada": "SSDMT", "COD_ID": "12529002", "CTMT": "PTS9088", "COMP": 30.53, "TIP_CND": "105924993_35_3", "energizado": true, "fonte": "PTS9088"}}, {"type": "Feature", "geometry": {"type": "MultiLineString", "coordinates": [[[-43.19298590757353, -22.987541174385626], [-43.19354214005767, -22.98767909531398]]]}, "properties": {"camada": "SSDMT", "COD_ID": "11379242", "CTMT": "PTS9088", "COMP": 61.4, "TIP_CND": "105924962_35_3", "energizado": true, "fonte": "PTS9088"}}, {"type": "Feature", "geometry": {"type": "MultiLineString", "coordinates": [[[-43.19318831259051, -22.98770802740347], [-43.1932065022782, -22.987655190434623]]]}, "properties": {"camada": "SSDMT", "COD_ID": "550851573", "CTMT": "PTS9088", "COMP": 6.39, "TIP_CND": "105924993_35_3", "energizado": true, "fonte": "PTS9088"}}, {"type": "Feature", "geometry": {"type": "MultiLineString", "coordinates": [[[-43.19321164460166, -22.987638922598137], [-43.193084457081966, -22.987608771927228]]]}, "properties": {"camada": "SSDMT", "COD_ID": "12521276", "CTMT": "PTS9088", "COMP": 14.0, "TIP_CND": "105924993_35_3", "energizado": true, "fonte": "PTS9088"}}, {"type": "Feature", "geometry": {"type": "MultiLineString", "coordinates": [[[-43.193185883521664, -22.98771393235205], [-43.19318831259051, -22.98770802740347]]]}, "properties": {"camada": "SSDMT", "COD_ID": "550851567", "CTMT": "PTS9088", "COMP": 0.73, "TIP_CND": "105924993_35_3", "energizado": true, "fonte": "PTS9088"}}, {"type": "Feature", "geometry": {"type": "MultiLineString", "coordinates": [[[-43.193139045030875, -22.98797752724107], [-43.19325096206222, -22.98765282611697]]]}, "properties": {"camada": "SSDMT", "COD_ID": "12529050", "CTMT": "PTS9924", "COMP": 39.26, "TIP_CND": "105924993_35_3", "energizado": true, "fonte": "PTS9924"}}, {"type": "Feature", "geometry": {"type": "MultiLineString", "coordinates": [[[-43.19325096206222, -22.98765282611697], [-43.19308990967153, -22.987613891767637]]]}, "properties": {"camada": "SSDMT", "COD_ID": "12521288", "CTMT": "PTS9924", "COMP": 17.75, "TIP_CND": "105924993_35_3", "energizado": true, "fonte": "PTS9924"}}, {"type": "Feature", "geometry": {"type": "MultiLineString", "coordinates": [[[-43.19308990967153, -22.987613891767637], [-43.19308293632838, -22.987634454766237]]]}, "properties": {"camada": "SSDMT", "COD_ID": "315897502", "CTMT": "PTS9924", "COMP": 2.48, "TIP_CND": "105924993_35_3", "energizado": true, "fonte": "PTS9924"}}, {"type": "Feature", "geometry": {"type": "MultiLineString", "coordinates": [[[-43.19308293632838, -22.987634454766237], [-43.19295425323617, -22.987603105299]]]}, "properties": {"camada": "SSDMT", "COD_ID": "315872519", "CTMT": "PTS9924", "COMP": 14.19, "TIP_CND": "105924993_35_3", "energizado": true, "fonte": "PTS9924"}}, {"type": "Feature", "geometry": {"type": "MultiLineString", "coordinates": [[[-43.193163040741695, -22.987888544720533], [-43.19325054028019, -22.98763467060354]]]}, "properties": {"camada": "SSDMT", "COD_ID": "12525930", "CTMT": "PTS0001", "COMP": 30.69, "TIP_CND": "105924968_35_3", "energizado": false, "fonte": null}}, {"type": "Feature", "geometry": {"type": "MultiLineString", "coordinates": [[[-43.19325054028019, -22.98763467060354], [-43.192972927658445, -22.987565236646333]]]}, "properties": {"camada": "SSDMT", "COD_ID": "315897358", "CTMT": "PTS0001", "COMP": 30.66, "TIP_CND": "105924968_35_3", "energizado": false, "fonte": null}}, {"type": "Feature", "geometry": {"type": "MultiLineString", "coordinates": [[[-43.192690545931896, -22.987901573198997], [-43.19269114488037, -22.98789984650068]]]}, "properties": {"camada": "SSDMT", "COD_ID": "278673734", "CTMT": "PTS0001", "COMP": 0.21, "TIP_CND": "105924972_35_3", "energizado": false, "fonte": null}}, {"type": "Feature", "geometry": {"type": "MultiLineString", "coordinates": [[[-43.19268936871936, -22.98790500950855], [-43.192689957775315, -22.987903291803434]]]}, "properties": {"camada": "SSDMT", "COD_ID": "532293089", "CTMT": "PTS0001", "COMP": 0.21, "TIP_CND": "105924972_35_3", "energizado": false, "fonte": null}}, {"type": "Feature", "geometry": {"type": "MultiLineString", "coordinates": [[[-43.19270778323755, -22.987909491729624], [-43.19268936871936, -22.98790500950855]]]}, "properties": {"camada": "SSDMT", "COD_ID": "278673728", "CTMT": "PTS0001", "COMP": 2.03, "TIP_CND": "105924972_35_3", "energizado": false, "fonte": null}}, {"type": "Feature", "geometry": {"type": "MultiLineString", "coordinates": [[[-43.19307438377575, -22.98797266190877], [-43.19271603002073, -22.98788558235367]]]}, "properties": {"camada": "SSDMT", "COD_ID": "278673716", "CTMT": "PTS0001", "COMP": 39.51, "TIP_CND": "105924972_35_3", "energizado": false, "fonte": null}}, {"type": "Feature", "geometry": {"type": "MultiLineString", "coordinates": [[[-43.19269277804921, -22.987895115167362], [-43.192693366205845, -22.9878933974623]]]}, "properties": {"camada": "SSDMT", "COD_ID": "532293099", "CTMT": "PTS0001", "COMP": 0.21, "TIP_CND": "105924972_35_3", "energizado": false, "fonte": null}}, {"type": "Feature", "geometry": {"type": "MultiLineString", "coordinates": [[[-43.19271603002073, -22.98788558235367], [-43.19270778323755, -22.987909491729624]]]}, "properties": {"camada": "SSDMT", "COD_ID": "278673722", "CTMT": "PTS0001", "COMP": 2.89, "TIP_CND": "105924972_35_3", "energizado": false, "fonte": null}}, {"type": "Feature", "geometry": {"type": "MultiLineString", "coordinates": [[[-43.192693964255, -22.987891678857864], [-43.19269623684181, -22.98788508592793]]]}, "properties": {"camada": "SSDMT", "COD_ID": "12491882", "CTMT": "PTS0001", "COMP": 0.8, "TIP_CND": "105924972_35_3", "energizado": false, "fonte": null}}, {"type": "Feature", "geometry": {"type": "MultiLineString", "coordinates": [[[-43.19262217137606, -22.98789067881171], [-43.19263529698134, -22.987893799459243]]]}, "properties": {"camada": "SSDMT", "COD_ID": "278673670", "CTMT": "PTS0001", "COMP": 1.45, "TIP_CND": "105924972_35_3", "energizado": false, "fonte": null}}, {"type": "Feature", "geometry": {"type": "MultiLineString", "coordinates": [[[-43.19284909640862, -22.987905631839396], [-43.19263495344029, -22.987853592569195]]]}, "properties": {"camada": "SSDMT", "COD_ID": "278673658", "CTMT": "PTS0001", "COMP": 23.61, "TIP_CND": "105924972_35_3", "energizado": false, "fonte": null}}, {"type": "Feature", "geometry": {"type": "MultiLineString", "coordinates": [[[-43.19263529698134, -22.987893799459243], [-43.19263620889387, -22.987891227398165]]]}, "properties": {"camada": "SSDMT", "COD_ID": "532272058", "CTMT": "PTS0001", "COMP": 0.31, "TIP_CND": "105924972_35_3", "energizado": false, "fonte": null}}, {"type": "Feature", "geometry": {"type": "MultiLineString", "coordinates": [[[-43.1926390777312, -22.98788306964792], [-43.192639676679676, -22.987881351942804]]]}, "properties": {"camada": "SSDMT", "COD_ID": "532272069", "CTMT": "PTS0001", "COMP": 0.21, "TIP_CND": "105924972_35_3", "energizado": false, "fonte": null}}, {"type": "Feature", "geometry": {"type": "MultiLineString", "coordinates": [[[-43.19263680784235, -22.987889509693048], [-43.19263741578408, -22.987887791987987]]]}, "properties": {"camada": "SSDMT", "COD_ID": "278673676", "CTMT": "PTS0001", "COMP": 0.21, "TIP_CND": "105924972_35_3", "energizado": false, "fonte": null}}, {"type": "Feature", "geometry": {"type": "MultiLineString", "coordinates": [[[-43.19264027472883, -22.987879634237686], [-43.192643490704484, -22.987870324455855]]]}, "properties": {"camada": "SSDMT", "COD_ID": "12445075", "CTMT": "PTS0001", "COMP": 1.13, "TIP_CND": "105924972_35_3", "energizado": false, "fonte": null}}, {"type": "Feature", "geometry": {"type": "MultiLineString", "coordinates": [[[-43.19263495344029, -22.987853592569195], [-43.19262217137606, -22.98789067881171]]]}, "properties": {"camada": "SSDMT", "COD_ID": "278673664", "CTMT": "PTS0001", "COMP": 4.48, "TIP_CND": "105924972_35_3", "energizado": false, "fonte": null}}, {"type": "Feature", "geometry": {"type": "MultiLineString", "coordinates": [[[-43.19288968371188, -22.987348488342036], [-43.19261826292245, -22.987270411000623]]]}, "properties": {"camada": "SSDMT", "COD_ID": "11405312", "CTMT": "PTS4022", "COMP": 30.31, "TIP_CND": "105924994_35_3", "energizado": true, "fonte": "PTS4022"}}, {"type": "Feature", "geometry": {"type": "MultiLineString", "coordinates": [[[-43.19213767871088, -22.986511402978806], [-43.19235507722499, -22.986300028123765]]]}, "properties": {"camada": "SSDMT", "COD_ID": "11405984", "CTMT": "PTS4022", "COMP": 33.62, "TIP_CND": "105924993_35_3", "energizado": true, "fonte": "PTS4022"}}, {"type": "Feature", "geometry": {"type": "MultiLineString", "coordinates": [[[-43.19309172810074, -22.987399269460695], [-43.193105561472464, -22.987402018688158]]]}, "properties": {"camada": "SSDMT", "COD_ID": "46001699", "CTMT": "PTS4022", "COMP": 1.51, "TIP_CND": "105924963_35_3", "energizado": true, "fonte": "PTS4022"}}, {"type": "Feature", "geometry": {"type": "MultiLineString", "coordinates": [[[-43.19289338442212, -22.987581541354984], [-43.19291600417023, -22.987587361767282]]]}, "properties": {"camada": "SSDMT", "COD_ID": "12525624", "CTMT": "PTS4022", "COMP": 2.5, "TIP_CND": "105924993_35_3", "energizado": true, "fonte": "PTS4022"}}, {"type": "Feature", "geometry": {"type": "MultiLineString", "coordinates": [[[-43.19178092215179, -22.987059327525913], [-43.19178157955622, -22.98705678873978]]]}, "properties": {"camada": "SSDMT", "COD_ID": "11405978", "CTMT": "PTS4022", "COMP": 0.3, "TIP_CND": "105924993_35_3", "energizado": true, "fonte": "PTS4022"}}, {"type": "Feature", "geometry": {"type": "MultiLineString", "coordinates": [[[-43.192479555087345, -22.987249276033197], [-43.192478271754794, -22.98724897296171]]]}, "properties": {"camada": "SSDMT", "COD_ID": "102313298", "CTMT": "PTS4022", "COMP": 0.14, "TIP_CND": "105924993_35_3", "energizado": true, "fonte": "PTS4022"}}, {"type": "Feature", "geometry": {"type": "MultiLineString", "coordinates": [[[-43.19260461840838, -22.987267464821628], [-43.19260113533409, -22.987273358078994]]]}, "properties": {"camada": "SSDMT", "COD_ID": "102313178", "CTMT": "PTS4022", "COMP": 0.77, "TIP_CND": "105924993_35_3", "energizado": true, "fonte": "PTS4022"}}, {"type": "Feature", "geometry": {"type": "MultiLineString", "coordinates": [[[-43.19257280938763, -22.98722356621454], [-43.19257977643548, -22.987202108390534]]]}, "properties": {"camada": "SSDMT", "COD_ID": "12501942", "CTMT": "PTS4022", "COMP": 2.58, "TIP_CND": "105924992_35_3", "energizado": true, "fonte": "PTS4022"}}, {"type": "Feature", "geometry": {"type": "MultiLineString", "coordinates": [[[-43.19261826292245, -22.987270411000623], [-43.19260461840838, -22.987267464821628]]]}, "properties": {"camada": "SSDMT", "COD_ID": "102313270", "CTMT": "PTS4022", "COMP": 1.49, "TIP_CND": "105924994_35_3", "energizado": true, "fonte": "PTS4022"}}, {"type": "Feature", "geometry": {"type": "MultiLineString", "coordinates": [[[-43.19290042341578, -22.987353550625812], [-43.19288968371188, -22.987348488342036]]]}, "properties": {"camada": "SSDMT", "COD_ID": "102313146", "CTMT": "PTS4022", "COMP": 1.29, "TIP_CND": "105924994_35_3", "energizado": true, "fonte": "PTS4022"}}, {"type": "Feature", "geometry": {"type": "MultiLineString", "coordinates": [[[-43.193105561472464, -22.987402018688158], [-43.19310896001048, -22.98740388208347]]]}, "properties": {"camada": "SSDMT", "COD_ID": "137545562", "CTMT": "PTS4022", "COMP": 0.42, "TIP_CND": "105924963_35_3", "energizado": true, "fonte": "PTS4022"}}, {"type": "Feature", "geometry": {"type": "MultiLineString", "coordinates": [[[-43.1919166073655, -22.98678475551202], [-43.19192084227302, -22.98677952145772]]]}, "properties": {"camada": "SSDMT", "COD_ID": "261024099", "CTMT": "PTS4022", "COMP": 0.75, "TIP_CND": "105924993_35_3", "energizado": true, "fonte": "PTS4022"}}, {"type": "Feature", "geometry": {"type": "MultiLineString", "coordinates": [[[-43.19290042341578, -22.987353550625812], [-43.19290697137956, -22.987354040756315]]]}, "properties": {"camada": "SSDMT", "COD_ID": "102313246", "CTMT": "PTS4022", "COMP": 0.7, "TIP_CND": "105924963_35_3", "energizado": true, "fonte": "PTS4022"}}, {"type": "Feature", "geometry": {"type": "MultiLineString", "coordinates": [[[-43.19258695842137, -22.98724221275785], [-43.19257280938763, -22.98722356621454]]]}, "properties": {"camada": "SSDMT", "COD_ID": "46001667", "CTMT": "PTS4022", "COMP": 2.62, "TIP_CND": "105924992_35_3", "energizado": true, "fonte": "PTS4022"}}, {"type": "Feature", "geometry": {"type": "MultiLineString", "coordinates": [[[-43.19246241221049, -22.987245260560258], [-43.19244535386997, -22.98724299786602]]]}, "properties": {"camada": "SSDMT", "COD_ID": "315872174", "CTMT": "PTS4022", "COMP": 1.84, "TIP_CND": "105924963_35_3", "energizado": true, "fonte": "PTS4022"}}, {"type": "Feature", "geometry": {"type": "MultiLineString", "coordinates": [[[-43.19260113533409, -22.987273358078994], [-43.192593562143145, -22.987279583186194]]]}, "properties": {"camada": "SSDMT", "COD_ID": "11405306", "CTMT": "PTS4022", "COMP": 1.08, "TIP_CND": "105924993_35_3", "energizado": true, "fonte": "PTS4022"}}, {"type": "Feature", "geometry": {"type": "MultiLineString", "coordinates": [[[-43.192956375636186, -22.987598261550488], [-43.19285992424608, -22.987481373066885]]]}, "properties": {"camada": "SSDMT", "COD_ID": "102313264", "CTMT": "PTS4022", "COMP": 16.94, "TIP_CND": "105924994_35_3", "energizado": true, "fonte": "PTS4022"}}, {"type": "Feature", "geometry": {"type": "MultiLineString", "coordinates": [[[-43.192478271754794, -22.98724897296171], [-43.19246241221049, -22.987245260560258]]]}, "properties": {"camada": "SSDMT", "COD_ID": "46001648", "CTMT": "PTS4022", "COMP": 1.74, "TIP_CND": "105924993_35_3", "energizado": true, "fonte": "PTS4022"}}, {"type": "Feature", "geometry": {"type": "MultiLineString", "coordinates": [[[-43.192593562143145, -22.987279583186194], [-43.192479555087345, -22.987249276033197]]]}, "properties": {"camada": "SSDMT", "COD_ID": "102313152", "CTMT": "PTS4022", "COMP": 12.65, "TIP_CND": "105924993_35_3", "energizado": true, "fonte": "PTS4022"}}, {"type": "Feature", "geometry": {"type": "MultiLineString", "coordinates": [[[-43.19285992424608, -22.987481373066885], [-43.192898944930334, -22.98735833771707]]]}, "properties": {"camada": "SSDMT", "COD_ID": "46001670", "CTMT": "PTS4022", "COMP": 14.77, "TIP_CND": "105924994_35_3", "energizado": true, "fonte": "PTS4022"}}, {"type": "Feature", "geometry": {"type": "MultiLineString", "coordinates": [[[-43.192603936722264, -22.9872651445707], [-43.19258695842137, -22.98724221275785]]]}, "properties": {"camada": "SSDMT", "COD_ID": "102313140", "CTMT": "PTS4022", "COMP": 3.2, "TIP_CND": "105924992_35_3", "energizado": true, "fonte": "PTS4022"}}, {"type": "Feature", "geometry": {"type": "MultiLineString", "coordinates": [[[-43.192898944930334, -22.98735833771707], [-43.19290042341578, -22.987353550625812]]]}, "properties": {"camada": "SSDMT", "COD_ID": "102313222", "CTMT": "PTS4022", "COMP": 0.57, "TIP_CND": "105924994_35_3", "energizado": true, "fonte": "PTS4022"}}, {"type": "Feature", "geometry": {"type": "MultiLineString", "coordinates": [[[-43.19178157955622, -22.98705678873978], [-43.1919166073655, -22.98678475551202]]]}, "properties": {"camada": "SSDMT", "COD_ID": "11765525", "CTMT": "PTS4022", "COMP": 34.48, "TIP_CND": "105924993_35_3", "energizado": true, "fonte": "PTS4022"}}, {"type": "Feature", "geometry": {"type": "MultiLineString", "coordinates": [[[-43.191786327077295, -22.98705918183572], [-43.19178092215179, -22.987059327525913]]]}, "properties": {"camada": "SSDMT", "COD_ID": "11405972", "CTMT": "PTS4022", "COMP": 0.58, "TIP_CND": "105924993_35_3", "energizado": true, "fonte": "PTS4022"}}, {"type": "Feature", "geometry": {"type": "MultiLineString", "coordinates": [[[-43.19244535386997, -22.98724299786602], [-43.191786327077295, -22.98705918183572]]]}, "properties": {"camada": "SSDMT", "COD_ID": "11405324", "CTMT": "PTS4022", "COMP": 73.39, "TIP_CND": "105924993_35_3", "energizado": true, "fonte": "PTS4022"}}, {"type": "Feature", "geometry": {"type": "MultiLineString", "coordinates": [[[-43.19192084227302, -22.98677952145772], [-43.19213767871088, -22.986511402978806]]]}, "properties": {"camada": "SSDMT", "COD_ID": "11765939", "CTMT": "PTS4022", "COMP": 38.58, "TIP_CND": "105924993_35_3", "energizado": true, "fonte": "PTS4022"}}, {"type": "Feature", "geometry": {"type": "MultiLineString", "coordinates": [[[-43.19260461840838, -22.987267464821628], [-43.192603936722264, -22.9872651445707]]]}, "properties": {"camada": "SSDMT", "COD_ID": "46001683", "CTMT": "PTS4022", "COMP": 0.28, "TIP_CND": "105924992_35_3", "energizado": true, "fonte": "PTS4022"}}, {"type": "Feature", "geometry": {"type": "MultiLineString", "coordinates": [[[-43.192581164988724, -22.987197419325412], [-43.19258215784026, -22.987193926358543]]]}, "properties": {"camada": "SSDMT", "COD_ID": "102313210", "CTMT": "PTS4022", "COMP": 0.42, "TIP_CND": "105924992_35_3", "energizado": true, "fonte": "PTS4022"}}, {"type": "Feature", "geometry": {"type": "MultiLineString", "coordinates": [[[-43.19290697137956, -22.987354040756315], [-43.19309172810074, -22.987399269460695]]]}, "properties": {"camada": "SSDMT", "COD_ID": "102313258", "CTMT": "PTS4022", "COMP": 20.38, "TIP_CND": "105924963_35_3", "energizado": true, "fonte": "PTS4022"}}, {"type": "Feature", "geometry": {"type": "MultiLineString", "coordinates": [[[-43.19260750433284, -22.98727337606539], [-43.19260360307379, -22.98727334998506]]]}, "properties": {"camada": "SSDMT", "COD_ID": "318756646", "CTMT": "PTS9088", "COMP": 0.42, "TIP_CND": "105924993_35_3", "energizado": true, "fonte": "PTS9088"}}, {"type": "Feature", "geometry": {"type": "MultiLineString", "coordinates": [[[-43.19241877710482, -22.987242134516862], [-43.19178258859557, -22.98707042695861]]]}, "properties": {"camada": "SSDMT", "COD_ID": "11903967", "CTMT": "PTS9088", "COMP": 70.66, "TIP_CND": "105924993_35_3", "energizado": true, "fonte": "PTS9088"}}, {"type": "Feature", "geometry": {"type": "MultiLineString", "coordinates": [[[-43.19247372748049, -22.98725032913933], [-43.19246179617494, -22.987246879339978]]]}, "properties": {"camada": "SSDMT", "COD_ID": "11379236", "CTMT": "PTS9088", "COMP": 1.33, "TIP_CND": "105924993_35_3", "energizado": true, "fonte": "PTS9088"}}, {"type": "Feature", "geometry": {"type": "MultiLineString", "coordinates": [[[-43.19176836132078, -22.987053296672286], [-43.1918954490157, -22.986772477068143]]]}, "properties": {"camada": "SSDMT", "COD_ID": "11765561", "CTMT": "PTS9088", "COMP": 35.07, "TIP_CND": "105924993_35_3", "energizado": true, "fonte": "PTS9088"}}, {"type": "Feature", "geometry": {"type": "MultiLineString", "coordinates": [[[-43.192617374392285, -22.98727344351454], [-43.19260750433284, -22.98727337606539]]]}, "properties": {"camada": "SSDMT", "COD_ID": "11697856", "CTMT": "PTS9088", "COMP": 1.05, "TIP_CND": "105924993_35_3", "energizado": true, "fonte": "PTS9088"}}, {"type": "Feature", "geometry": {"type": "MultiLineString", "coordinates": [[[-43.19260360307379, -22.98727334998506], [-43.19259398752246, -22.987281340461436]]]}, "properties": {"camada": "SSDMT", "COD_ID": "11904033", "CTMT": "PTS9088", "COMP": 1.38, "TIP_CND": "105924993_35_3", "energizado": true, "fonte": "PTS9088"}}, {"type": "Feature", "geometry": {"type": "MultiLineString", "coordinates": [[[-43.19190131799138, -22.98676241185575], [-43.19211988202687, -22.98649790685289]]]}, "properties": {"camada": "SSDMT", "COD_ID": "11765945", "CTMT": "PTS9088", "COMP": 38.36, "TIP_CND": "105924993_35_3", "energizado": true, "fonte": "PTS9088"}}, {"type": "Feature", "geometry": {"type": "MultiLineString", "coordinates": [[[-43.19289729287573, -22.987357930324208], [-43.19289002995089, -22.987352511009533]]]}, "properties": {"camada": "SSDMT", "COD_ID": "11697838", "CTMT": "PTS9088", "COMP": 0.99, "TIP_CND": "105924993_35_3", "energizado": true, "fonte": "PTS9088"}}, {"type": "Feature", "geometry": {"type": "MultiLineString", "coordinates": [[[-43.19174875250286, -22.987220811591158], [-43.19176029080472, -22.987181950086892]]]}, "properties": {"camada": "SSDMT", "COD_ID": "71775058", "CTMT": "PTS9088", "COMP": 4.64, "TIP_CND": "105924993_35_3", "energizado": true, "fonte": "PTS9088"}}, {"type": "Feature", "geometry": {"type": "MultiLineString", "coordinates": [[[-43.19136079666339, -22.987122238700294], [-43.19174875250286, -22.987220811591158]]]}, "properties": {"camada": "SSDMT", "COD_ID": "11379152", "CTMT": "PTS9088", "COMP": 42.9, "TIP_CND": "105924993_35_3", "energizado": true, "fonte": "PTS9088"}}, {"type": "Feature", "geometry": {"type": "MultiLineString", "coordinates": [[[-43.19176029080472, -22.987181950086892], [-43.19177481845304, -22.98718606178727]]]}, "properties": {"camada": "SSDMT", "COD_ID": "23390912", "CTMT": "PTS9088", "COMP": 1.62, "TIP_CND": "105924993_35_3", "energizado": true, "fonte": "PTS9088"}}, {"type": "Feature", "geometry": {"type": "MultiLineString", "coordinates": [[[-43.19288871514203, -22.987351601794956], [-43.192617374392285, -22.98727344351454]]]}, "properties": {"camada": "SSDMT", "COD_ID": "11904057", "CTMT": "PTS9088", "COMP": 30.3, "TIP_CND": "105924993_35_3", "energizado": true, "fonte": "PTS9088"}}, {"type": "Feature", "geometry": {"type": "MultiLineString", "coordinates": [[[-43.1918954490157, -22.986772477068143], [-43.19190131799138, -22.98676241185575]]]}, "properties": {"camada": "SSDMT", "COD_ID": "261024011", "CTMT": "PTS9088", "COMP": 1.32, "TIP_CND": "105924993_35_3", "energizado": true, "fonte": "PTS9088"}}, {"type": "Feature", "geometry": {"type": "MultiLineString", "coordinates": [[[-43.19177481845304, -22.98718606178727], [-43.192968691851604, -22.987536075229627]]]}, "properties": {"camada": "SSDMT", "COD_ID": "11379212", "CTMT": "PTS9088", "COMP": 133.54, "TIP_CND": "105924993_35_3", "energizado": true, "fonte": "PTS9088"}}, {"type": "Feature", "geometry": {"type": "MultiLineString", "coordinates": [[[-43.19211988202687, -22.98649790685289], [-43.19234537803675, -22.98629228675958]]]}, "properties": {"camada": "SSDMT", "COD_ID": "11377004", "CTMT": "PTS9088", "COMP": 33.75, "TIP_CND": "105924993_35_3", "energizado": true, "fonte": "PTS9088"}}, {"type": "Feature", "geometry": {"type": "MultiLineString", "coordinates": [[[-43.19178258859557, -22.98707042695861], [-43.19176501584275, -22.98706212621613]]]}, "properties": {"camada": "SSDMT", "COD_ID": "11376908", "CTMT": "PTS9088", "COMP": 2.1, "TIP_CND": "105924993_35_3", "energizado": true, "fonte": "PTS9088"}}, {"type": "Feature", "geometry": {"type": "MultiLineString", "coordinates": [[[-43.192450355899155, -22.987249755371863], [-43.19241877710482, -22.987242134516862]]]}, "properties": {"camada": "SSDMT", "COD_ID": "137880365", "CTMT": "PTS9088", "COMP": 3.48, "TIP_CND": "105924993_35_3", "energizado": true, "fonte": "PTS9088"}}, {"type": "Feature", "geometry": {"type": "MultiLineString", "coordinates": [[[-43.19247902628598, -22.987250886718982], [-43.19247372748049, -22.98725032913933]]]}, "properties": {"camada": "SSDMT", "COD_ID": "11376572", "CTMT": "PTS9088", "COMP": 0.57, "TIP_CND": "105924993_35_3", "energizado": true, "fonte": "PTS9088"}}, {"type": "Feature", "geometry": {"type": "MultiLineString", "coordinates": [[[-43.192956127423315, -22.987600796739343], [-43.1928580374684, -22.987481713010595]]]}, "properties": {"camada": "SSDMT", "COD_ID": "12501594", "CTMT": "PTS9088", "COMP": 17.25, "TIP_CND": "105924993_35_3", "energizado": true, "fonte": "PTS9088"}}, {"type": "Feature", "geometry": {"type": "MultiLineString", "coordinates": [[[-43.19289002995089, -22.987352511009533], [-43.19288871514203, -22.987351601794956]]]}, "properties": {"camada": "SSDMT", "COD_ID": "23390920", "CTMT": "PTS9088", "COMP": 0.17, "TIP_CND": "105924993_35_3", "energizado": true, "fonte": "PTS9088"}}, {"type": "Feature", "geometry": {"type": "MultiLineString", "coordinates": [[[-43.192976981802246, -22.987538337024603], [-43.19298590757353, -22.987541174385626]]]}, "properties": {"camada": "SSDMT", "COD_ID": "315872294", "CTMT": "PTS9088", "COMP": 1.01, "TIP_CND": "105924962_35_3", "energizado": true, "fonte": "PTS9088"}}, {"type": "Feature", "geometry": {"type": "MultiLineString", "coordinates": [[[-43.1928580374684, -22.987481713010595], [-43.19289729287573, -22.987357930324208]]]}, "properties": {"camada": "SSDMT", "COD_ID": "23390928", "CTMT": "PTS9088", "COMP": 14.86, "TIP_CND": "105924993_35_3", "energizado": true, "fonte": "PTS9088"}}, {"type": "Feature", "geometry": {"type": "MultiLineString", "coordinates": [[[-43.192968691851604, -22.987536075229627], [-43.192976981802246, -22.987538337024603]]]}, "properties": {"camada": "SSDMT", "COD_ID": "315872252", "CTMT": "PTS9088", "COMP": 0.92, "TIP_CND": "105924962_35_3", "energizado": true, "fonte": "PTS9088"}}, {"type": "Feature", "geometry": {"type": "MultiLineString", "coordinates": [[[-43.19259398752246, -22.987281340461436], [-43.19247902628598, -22.987250886718982]]]}, "properties": {"camada": "SSDMT", "COD_ID": "11376662", "CTMT": "PTS9088", "COMP": 12.75, "TIP_CND": "105924993_35_3", "energizado": true, "fonte": "PTS9088"}}, {"type": "Feature", "geometry": {"type": "MultiLineString", "coordinates": [[[-43.19176501584275, -22.98706212621613], [-43.19176836132078, -22.987053296672286]]]}, "properties": {"camada": "SSDMT", "COD_ID": "11376914", "CTMT": "PTS9088", "COMP": 1.08, "TIP_CND": "105924993_35_3", "energizado": true, "fonte": "PTS9088"}}, {"type": "Feature", "geometry": {"type": "MultiLineString", "coordinates": [[[-43.19246179617494, -22.987246879339978], [-43.192450355899155, -22.987249755371863]]]}, "properties": {"camada": "SSDMT", "COD_ID": "315872375", "CTMT": "PTS9088", "COMP": 1.26, "TIP_CND": "105924993_35_3", "energizado": true, "fonte": "PTS9088"}}, {"type": "Feature", "geometry": {"type": "MultiLineString", "coordinates": [[[-43.19177776283345, -22.98705994176288], [-43.19177788604054, -22.987055843552298]]]}, "properties": {"camada": "SSDMT", "COD_ID": "11219392", "CTMT": "PTS9924", "COMP": 0.47, "TIP_CND": "105924993_35_3", "energizado": true, "fonte": "PTS9924"}}, {"type": "Feature", "geometry": {"type": "MultiLineString", "coordinates": [[[-43.19249703970655, -22.987445471231467], [-43.19248527027895, -22.98748629865372]]]}, "properties": {"camada": "SSDMT", "COD_ID": "576954826", "CTMT": "PTS9924", "COMP": 4.87, "TIP_CND": "105924963_35_3", "energizado": true, "fonte": "PTS9924"}}, {"type": "Feature", "geometry": {"type": "MultiLineString", "coordinates": [[[-43.19260415166025, -22.98729521879926], [-43.192603171399185, -22.987300734341375]]]}, "properties": {"camada": "SSDMT", "COD_ID": "576955158", "CTMT": "PTS9924", "COMP": 0.64, "TIP_CND": "105924963_35_3", "energizado": true, "fonte": "PTS9924"}}, {"type": "Feature", "geometry": {"type": "MultiLineString", "coordinates": [[[-43.192603171399185, -22.987300734341375], [-43.19260187637548, -22.987308629489632]]]}, "properties": {"camada": "SSDMT", "COD_ID": "576955164", "CTMT": "PTS9924", "COMP": 0.92, "TIP_CND": "105924963_35_3", "energizado": true, "fonte": "PTS9924"}}, {"type": "Feature", "geometry": {"type": "MultiLineString", "coordinates": [[[-43.191911139487445, -22.986781514355357], [-43.19191589959905, -22.98677566336613]]]}, "properties": {"camada": "SSDMT", "COD_ID": "261024075", "CTMT": "PTS9924", "COMP": 0.84, "TIP_CND": "105924993_35_3", "energizado": true, "fonte": "PTS9924"}}, {"type": "Feature", "geometry": {"type": "MultiLineString", "coordinates": [[[-43.19258175224604, -22.9874371911734], [-43.19258089249416, -22.98744390910906]]]}, "properties": {"camada": "SSDMT", "COD_ID": "576954744", "CTMT": "PTS9924", "COMP": 0.78, "TIP_CND": "105924963_35_3", "energizado": true, "fonte": "PTS9924"}}, {"type": "Feature", "geometry": {"type": "MultiLineString", "coordinates": [[[-43.19256067933185, -22.98745522797634], [-43.19249983120221, -22.987440184117133]]]}, "properties": {"camada": "SSDMT", "COD_ID": "576954774", "CTMT": "PTS9924", "COMP": 6.72, "TIP_CND": "105924963_35_3", "energizado": true, "fonte": "PTS9924"}}, {"type": "Feature", "geometry": {"type": "MultiLineString", "coordinates": [[[-43.19258089249416, -22.98744390910906], [-43.19257225270724, -22.987442302020554]]]}, "properties": {"camada": "SSDMT", "COD_ID": "576954750", "CTMT": "PTS9924", "COMP": 0.94, "TIP_CND": "105924963_35_3", "energizado": true, "fonte": "PTS9924"}}, {"type": "Feature", "geometry": {"type": "MultiLineString", "coordinates": [[[-43.192469951227224, -22.987253429102452], [-43.19246076375322, -22.987249721197657]]]}, "properties": {"camada": "SSDMT", "COD_ID": "315872126", "CTMT": "PTS9924", "COMP": 1.07, "TIP_CND": "105924993_35_3", "energizado": true, "fonte": "PTS9924"}}, {"type": "Feature", "geometry": {"type": "MultiLineString", "coordinates": [[[-43.19160819656099, -22.987011570827292], [-43.191605487802974, -22.987010591465605]]]}, "properties": {"camada": "SSDMT", "COD_ID": "137257794", "CTMT": "PTS9924", "COMP": 0.31, "TIP_CND": "105924993_35_3", "energizado": true, "fonte": "PTS9924"}}, {"type": "Feature", "geometry": {"type": "MultiLineString", "coordinates": [[[-43.192133430313504, -22.986508130345896], [-43.1923525204524, -22.9862979219115]]]}, "properties": {"camada": "SSDMT", "COD_ID": "11219398", "CTMT": "PTS9924", "COMP": 33.65, "TIP_CND": "105924993_35_3", "energizado": true, "fonte": "PTS9924"}}, {"type": "Feature", "geometry": {"type": "MultiLineString", "coordinates": [[[-43.19177776283345, -22.98705994176288], [-43.191761065121, -22.987055543178712]]]}, "properties": {"camada": "SSDMT", "COD_ID": "11218912", "CTMT": "PTS9924", "COMP": 1.85, "TIP_CND": "105924993_35_3", "energizado": true, "fonte": "PTS9924"}}, {"type": "Feature", "geometry": {"type": "MultiLineString", "coordinates": [[[-43.19289448609163, -22.987351848209187], [-43.192889519135974, -22.987349127760012]]]}, "properties": {"camada": "SSDMT", "COD_ID": "137257802", "CTMT": "PTS9924", "COMP": 0.62, "TIP_CND": "105924993_35_3", "energizado": true, "fonte": "PTS9924"}}, {"type": "Feature", "geometry": {"type": "MultiLineString", "coordinates": [[[-43.19260780290773, -22.98727438240678], [-43.19259497767604, -22.987285361330294]]]}, "properties": {"camada": "SSDMT", "COD_ID": "11218804", "CTMT": "PTS9924", "COMP": 1.86, "TIP_CND": "105924993_35_3", "energizado": true, "fonte": "PTS9924"}}, {"type": "Feature", "geometry": {"type": "MultiLineString", "coordinates": [[[-43.19285372611853, -22.987482476535035], [-43.192893822391966, -22.987357068773633]]]}, "properties": {"camada": "SSDMT", "COD_ID": "315872675", "CTMT": "PTS9924", "COMP": 15.06, "TIP_CND": "105924993_35_3", "energizado": true, "fonte": "PTS9924"}}, {"type": "Feature", "geometry": {"type": "MultiLineString", "coordinates": [[[-43.19177788604054, -22.987055843552298], [-43.191911139487445, -22.986781514355357]]]}, "properties": {"camada": "SSDMT", "COD_ID": "11765705", "CTMT": "PTS9924", "COMP": 34.64, "TIP_CND": "105924993_35_3", "energizado": true, "fonte": "PTS9924"}}, {"type": "Feature", "geometry": {"type": "MultiLineString", "coordinates": [[[-43.192477684497476, -22.98725420341873], [-43.192469951227224, -22.987253429102452]]]}, "properties": {"camada": "SSDMT", "COD_ID": "315873032", "CTMT": "PTS9924", "COMP": 0.83, "TIP_CND": "105924993_35_3", "energizado": true, "fonte": "PTS9924"}}, {"type": "Feature", "geometry": {"type": "MultiLineString", "coordinates": [[[-43.19260780290773, -22.98727438240678], [-43.19260748454775, -22.98727631954648]]]}, "properties": {"camada": "SSDMT", "COD_ID": "576954729", "CTMT": "PTS9924", "COMP": 0.23, "TIP_CND": "105924963_35_3", "energizado": true, "fonte": "PTS9924"}}, {"type": "Feature", "geometry": {"type": "MultiLineString", "coordinates": [[[-43.19259497767604, -22.987285361330294], [-43.192477684497476, -22.98725420341873]]]}, "properties": {"camada": "SSDMT", "COD_ID": "11218846", "CTMT": "PTS9924", "COMP": 13.01, "TIP_CND": "105924993_35_3", "energizado": true, "fonte": "PTS9924"}}, {"type": "Feature", "geometry": {"type": "MultiLineString", "coordinates": [[[-43.19257225270724, -22.987442302020554], [-43.192566681407186, -22.98745200030953]]]}, "properties": {"camada": "SSDMT", "COD_ID": "576954756", "CTMT": "PTS9924", "COMP": 1.27, "TIP_CND": "105924963_35_3", "energizado": true, "fonte": "PTS9924"}}, {"type": "Feature", "geometry": {"type": "MultiLineString", "coordinates": [[[-43.19261817568821, -22.987271105277216], [-43.19261422586578, -22.987271809446383]]]}, "properties": {"camada": "SSDMT", "COD_ID": "11218870", "CTMT": "PTS9924", "COMP": 0.43, "TIP_CND": "105924993_35_3", "energizado": true, "fonte": "PTS9924"}}, {"type": "Feature", "geometry": {"type": "MultiLineString", "coordinates": [[[-43.19244964273679, -22.98724618056673], [-43.1917856013244, -22.987060970587265]]]}, "properties": {"camada": "SSDMT", "COD_ID": "11218900", "CTMT": "PTS9924", "COMP": 73.95, "TIP_CND": "105924993_35_3", "energizado": true, "fonte": "PTS9924"}}, {"type": "Feature", "geometry": {"type": "MultiLineString", "coordinates": [[[-43.192498744821194, -22.9874440907721], [-43.192501428398145, -22.987444753572447]]]}, "properties": {"camada": "SSDMT", "COD_ID": "576954800", "CTMT": "PTS9924", "COMP": 0.3, "TIP_CND": "105924963_35_3", "energizado": true, "fonte": "PTS9924"}}, {"type": "Feature", "geometry": {"type": "MultiLineString", "coordinates": [[[-43.192889519135974, -22.987349127760012], [-43.19261817568821, -22.987271105277216]]]}, "properties": {"camada": "SSDMT", "COD_ID": "11218858", "CTMT": "PTS9924", "COMP": 30.3, "TIP_CND": "105924993_35_3", "energizado": true, "fonte": "PTS9924"}}, {"type": "Feature", "geometry": {"type": "MultiLineString", "coordinates": [[[-43.19246076375322, -22.987249721197657], [-43.19244964273679, -22.98724618056673]]]}, "properties": {"camada": "SSDMT", "COD_ID": "315872393", "CTMT": "PTS9924", "COMP": 1.25, "TIP_CND": "105924993_35_3", "energizado": true, "fonte": "PTS9924"}}, {"type": "Feature", "geometry": {"type": "MultiLineString", "coordinates": [[[-43.19161323366376, -22.9870133982497], [-43.19160819656099, -22.987011570827292]]]}, "properties": {"camada": "SSDMT", "COD_ID": "11218924", "CTMT": "PTS9924", "COMP": 0.58, "TIP_CND": "105924993_35_3", "energizado": true, "fonte": "PTS9924"}}, {"type": "Feature", "geometry": {"type": "MultiLineString", "coordinates": [[[-43.1917856013244, -22.987060970587265], [-43.19177776283345, -22.98705994176288]]]}, "properties": {"camada": "SSDMT", "COD_ID": "11218906", "CTMT": "PTS9924", "COMP": 0.84, "TIP_CND": "105924993_35_3", "energizado": true, "fonte": "PTS9924"}}, {"type": "Feature", "geometry": {"type": "MultiLineString", "coordinates": [[[-43.192566681407186, -22.98745200030953], [-43.192563164158685, -22.987453188313964]]]}, "properties": {"camada": "SSDMT", "COD_ID": "576954762", "CTMT": "PTS9924", "COMP": 0.4, "TIP_CND": "105924963_35_3", "energizado": true, "fonte": "PTS9924"}}, {"type": "Feature", "geometry": {"type": "MultiLineString", "coordinates": [[[-43.19295425323617, -22.987603105299], [-43.19285372611853, -22.987482476535035]]]}, "properties": {"camada": "SSDMT", "COD_ID": "11218840", "CTMT": "PTS9924", "COMP": 17.55, "TIP_CND": "105924993_35_3", "energizado": true, "fonte": "PTS9924"}}, {"type": "Feature", "geometry": {"type": "MultiLineString", "coordinates": [[[-43.19261422586578, -22.987271809446383], [-43.19260780290773, -22.98727438240678]]]}, "properties": {"camada": "SSDMT", "COD_ID": "318756616", "CTMT": "PTS9924", "COMP": 0.75, "TIP_CND": "105924993_35_3", "energizado": true, "fonte": "PTS9924"}}, {"type": "Feature", "geometry": {"type": "MultiLineString", "coordinates": [[[-43.191761065121, -22.987055543178712], [-43.19161323366376, -22.9870133982497]]]}, "properties": {"camada": "SSDMT", "COD_ID": "11218918", "CTMT": "PTS9924", "COMP": 16.49, "TIP_CND": "105924993_35_3", "energizado": true, "fonte": "PTS9924"}}, {"type": "Feature", "geometry": {"type": "MultiLineString", "coordinates": [[[-43.19260187637548, -22.987308629489632], [-43.19258175224604, -22.9874371911734]]]}, "properties": {"camada": "SSDMT", "COD_ID": "576955170", "CTMT": "PTS9924", "COMP": 14.96, "TIP_CND": "105924963_35_3", "energizado": true, "fonte": "PTS9924"}}, {"type": "Feature", "geometry": {"type": "MultiLineString", "coordinates": [[[-43.193207866549756, -22.98638473256932], [-43.19338381980742, -22.9864303299957]]]}, "properties": {"camada": "SSDMT", "COD_ID": "11219494", "CTMT": "PTS9924", "COMP": 19.48, "TIP_CND": "105924993_35_3", "energizado": true, "fonte": "PTS9924"}}, {"type": "Feature", "geometry": {"type": "MultiLineString", "coordinates": [[[-43.192893822391966, -22.987357068773633], [-43.19289448609163, -22.987351848209187]]]}, "properties": {"camada": "SSDMT", "COD_ID": "12501714", "CTMT": "PTS9924", "COMP": 0.61, "TIP_CND": "105924993_35_3", "energizado": true, "fonte": "PTS9924"}}, {"type": "Feature", "geometry": {"type": "MultiLineString", "coordinates": [[[-43.19191589959905, -22.98677566336613], [-43.192133430313504, -22.986508130345896]]]}, "properties": {"camada": "SSDMT", "COD_ID": "11766023", "CTMT": "PTS9924", "COMP": 38.57, "TIP_CND": "105924993_35_3", "energizado": true, "fonte": "PTS9924"}}, {"type": "Feature", "geometry": {"type": "MultiLineString", "coordinates": [[[-43.19248715615731, -22.987486762703895], [-43.19249750015945, -22.987489309583907]]]}, "properties": {"camada": "SSDMT", "COD_ID": "576954878", "CTMT": "PTS9924", "COMP": 1.14, "TIP_CND": "105924963_35_3", "energizado": true, "fonte": "PTS9924"}}, {"type": "Feature", "geometry": {"type": "MultiLineString", "coordinates": [[[-43.192561408682025, -22.987454630826505], [-43.19256067933185, -22.98745522797634]]]}, "properties": {"camada": "SSDMT", "COD_ID": "634210971", "CTMT": "PTS9924", "COMP": 0.1, "TIP_CND": "105924963_35_3", "energizado": true, "fonte": "PTS9924"}}, {"type": "Feature", "geometry": {"type": "MultiLineString", "coordinates": [[[-43.19249983120221, -22.987440184117133], [-43.192499236750336, -22.987442344288695]]]}, "properties": {"camada": "SSDMT", "COD_ID": "576954794", "CTMT": "PTS9924", "COMP": 0.26, "TIP_CND": "105924963_35_3", "energizado": true, "fonte": "PTS9924"}}, {"type": "Feature", "geometry": {"type": "MultiLineString", "coordinates": [[[-43.19250709682501, -22.98744611874332], [-43.19250803931453, -22.987446346271838]]]}, "properties": {"camada": "SSDMT", "COD_ID": "576954806", "CTMT": "PTS9924", "COMP": 0.1, "TIP_CND": "105924963_35_3", "energizado": true, "fonte": "PTS9924"}}, {"type": "Feature", "geometry": {"type": "MultiLineString", "coordinates": [[[-43.193190126523064, -22.986380168509925], [-43.193207866549756, -22.98638473256932]]]}, "properties": {"camada": "SSDMT", "COD_ID": "11219488", "CTMT": "PTS9924", "COMP": 1.96, "TIP_CND": "105924993_35_3", "energizado": true, "fonte": "PTS9924"}}, {"type": "Feature", "geometry": {"type": "MultiLineString", "coordinates": [[[-43.19260748454775, -22.98727631954648], [-43.19260415166025, -22.98729521879926]]]}, "properties": {"camada": "SSDMT", "COD_ID": "576954738", "CTMT": "PTS9924", "COMP": 2.21, "TIP_CND": "105924963_35_3", "energizado": true, "fonte": "PTS9924"}}, {"type": "Feature", "geometry": {"type": "MultiLineString", "coordinates": [[[-43.192563164158685, -22.987453188313964], [-43.192561408682025, -22.987454630826505]]]}, "properties": {"camada": "SSDMT", "COD_ID": "576954768", "CTMT": "PTS9924", "COMP": 0.25, "TIP_CND": "105924963_35_3", "energizado": true, "fonte": "PTS9924"}}, {"type": "Feature", "geometry": {"type": "MultiLineString", "coordinates": [[[-43.192507558177226, -22.987448092755244], [-43.19249703970655, -22.987445471231467]]]}, "properties": {"camada": "SSDMT", "COD_ID": "576954820", "CTMT": "PTS9924", "COMP": 1.16, "TIP_CND": "105924963_35_3", "energizado": true, "fonte": "PTS9924"}}, {"type": "Feature", "geometry": {"type": "MultiLineString", "coordinates": [[[-43.193046546161156, -22.987582277899776], [-43.193095210275715, -22.987405901061436]]]}, "properties": {"camada": "SSDMT", "COD_ID": "11408714", "CTMT": "PTS0001", "COMP": 20.97, "TIP_CND": "105924969_35_3", "energizado": false, "fonte": null}}, {"type": "Feature", "geometry": {"type": "MultiLineString", "coordinates": [[[-43.192972927658445, -22.987565236646333], [-43.19296247663692, -22.987595703878583]]]}, "properties": {"camada": "SSDMT", "COD_ID": "315872579", "CTMT": "PTS0001", "COMP": 3.68, "TIP_CND": "105924969_35_3", "energizado": false, "fonte": null}}, {"type": "Feature", "geometry": {"type": "MultiLineString", "coordinates": [[[-43.19296247663692, -22.987595703878583], [-43.193046546161156, -22.987582277899776]]]}, "properties": {"camada": "SSDMT", "COD_ID": "12279985", "CTMT": "PTS0001", "COMP": 9.1, "TIP_CND": "105924969_35_3", "energizado": false, "fonte": null}}, {"type": "Feature", "geometry": {"type": "MultiLineString", "coordinates": [[[-43.193095210275715, -22.987405901061436], [-43.193093317202795, -22.98740445315292]]]}, "properties": {"camada": "SSDMT", "COD_ID": "12521174", "CTMT": "PTS0001", "COMP": 0.26, "TIP_CND": "105924969_35_3", "energizado": false, "fonte": null}}, {"type": "Feature", "geometry": {"type": "MultiLineString", "coordinates": [[[-43.193093317202795, -22.98740445315292], [-43.19310770815417, -22.987407813919447]]]}, "properties": {"camada": "SSDMT", "COD_ID": "11408690", "CTMT": "PTS0001", "COMP": 1.58, "TIP_CND": "105924969_35_3", "energizado": false, "fonte": null}}, {"type": "Feature", "geometry": {"type": "MultiLineString", "coordinates": [[[-43.193060172688774, -22.985426522915645], [-43.193061960541, -22.985423337516977]]]}, "properties": {"camada": "SSDMT", "COD_ID": "11406002", "CTMT": "PTS4022", "COMP": 0.41, "TIP_CND": "105924993_35_3", "energizado": true, "fonte": "PTS4022"}}, {"type": "Feature", "geometry": {"type": "MultiLineString", "coordinates": [[[-43.193061960541, -22.985423337516977], [-43.1930632708532, -22.985420137729136]]]}, "properties": {"camada": "SSDMT", "COD_ID": "256892016", "CTMT": "PTS4022", "COMP": 0.39, "TIP_CND": "105924993_35_3", "energizado": true, "fonte": "PTS4022"}}, {"type": "Feature", "geometry": {"type": "MultiLineString", "coordinates": [[[-43.193051669598844, -22.98543740651104], [-43.193060172688774, -22.985426522915645]]]}, "properties": {"camada": "SSDMT", "COD_ID": "256892345", "CTMT": "PTS4022", "COMP": 1.55, "TIP_CND": "105924993_35_3", "energizado": true, "fonte": "PTS4022"}}, {"type": "Feature", "geometry": {"type": "MultiLineString", "coordinates": [[[-43.19235941645388, -22.986289863985974], [-43.192361308627426, -22.98628540604659]]]}, "properties": {"camada": "SSDMT", "COD_ID": "256892489", "CTMT": "PTS4022", "COMP": 0.55, "TIP_CND": "105924993_35_3", "energizado": true, "fonte": "PTS4022"}}, {"type": "Feature", "geometry": {"type": "MultiLineString", "coordinates": [[[-43.19295663913755, -22.985540288953132], [-43.19295846026466, -22.98553831404189]]]}, "properties": {"camada": "SSDMT", "COD_ID": "261024481", "CTMT": "PTS4022", "COMP": 0.3, "TIP_CND": "105924993_35_3", "energizado": true, "fonte": "PTS4022"}}, {"type": "Feature", "geometry": {"type": "MultiLineString", "coordinates": [[[-43.19277861474126, -22.98571886373452], [-43.19278348546942, -22.98571346510431]]]}, "properties": {"camada": "SSDMT", "COD_ID": "261024489", "CTMT": "PTS4022", "COMP": 0.81, "TIP_CND": "105924993_35_3", "energizado": true, "fonte": "PTS4022"}}, {"type": "Feature", "geometry": {"type": "MultiLineString", "coordinates": [[[-43.19235647657007, -22.986296765383372], [-43.19235941645388, -22.986289863985974]]]}, "properties": {"camada": "SSDMT", "COD_ID": "256892495", "CTMT": "PTS4022", "COMP": 0.85, "TIP_CND": "105924993_35_3", "energizado": true, "fonte": "PTS4022"}}, {"type": "Feature", "geometry": {"type": "MultiLineString", "coordinates": [[[-43.192946703427594, -22.985551074522448], [-43.19295663913755, -22.985540288953132]]]}, "properties": {"camada": "SSDMT", "COD_ID": "11405996", "CTMT": "PTS4022", "COMP": 1.63, "TIP_CND": "105924993_35_3", "energizado": true, "fonte": "PTS4022"}}, {"type": "Feature", "geometry": {"type": "MultiLineString", "coordinates": [[[-43.19235507722499, -22.986300028123765], [-43.19235647657007, -22.986296765383372]]]}, "properties": {"camada": "SSDMT", "COD_ID": "11405990", "CTMT": "PTS4022", "COMP": 0.4, "TIP_CND": "105924993_35_3", "energizado": true, "fonte": "PTS4022"}}, {"type": "Feature", "geometry": {"type": "MultiLineString", "coordinates": [[[-43.19278348546942, -22.98571346510431], [-43.192946703427594, -22.985551074522448]]]}, "properties": {"camada": "SSDMT", "COD_ID": "11492666", "CTMT": "PTS4022", "COMP": 25.55, "TIP_CND": "105924993_35_3", "energizado": true, "fonte": "PTS4022"}}, {"type": "Feature", "geometry": {"type": "MultiLineString", "coordinates": [[[-43.192361308627426, -22.98628540604659], [-43.19252186099504, -22.985988361773423]]]}, "properties": {"camada": "SSDMT", "COD_ID": "11766947", "CTMT": "PTS4022", "COMP": 38.26, "TIP_CND": "105924993_35_3", "energizado": true, "fonte": "PTS4022"}}, {"type": "Feature", "geometry": {"type": "MultiLineString", "coordinates": [[[-43.19252186099504, -22.985988361773423], [-43.19277861474126, -22.98571886373452]]]}, "properties": {"camada": "SSDMT", "COD_ID": "11766557", "CTMT": "PTS4022", "COMP": 41.39, "TIP_CND": "105924993_35_3", "energizado": true, "fonte": "PTS4022"}}, {"type": "Feature", "geometry": {"type": "MultiLineString", "coordinates": [[[-43.19295846026466, -22.98553831404189], [-43.193051669598844, -22.98543740651104]]]}, "properties": {"camada": "SSDMT", "COD_ID": "256901976", "CTMT": "PTS4022", "COMP": 15.29, "TIP_CND": "105924993_35_3", "energizado": true, "fonte": "PTS4022"}}, {"type": "Feature", "geometry": {"type": "MultiLineString", "coordinates": [[[-43.19224756147577, -22.985989103714132], [-43.192248542636094, -22.985985024389322]]]}, "properties": {"camada": "SSDMT", "COD_ID": "11709964", "CTMT": "PTS9088", "COMP": 0.48, "TIP_CND": "105924993_35_3", "energizado": true, "fonte": "PTS9088"}}, {"type": "Feature", "geometry": {"type": "MultiLineString", "coordinates": [[[-43.192062693238654, -22.986223814177663], [-43.19206309163832, -22.986222482281676]]]}, "properties": {"camada": "SSDMT", "COD_ID": "11377784", "CTMT": "PTS9088", "COMP": 0.16, "TIP_CND": "105924993_35_3", "energizado": true, "fonte": "PTS9088"}}, {"type": "Feature", "geometry": {"type": "MultiLineString", "coordinates": [[[-43.19206309163832, -22.986222482281676], [-43.19206466365324, -22.986217208657195]]]}, "properties": {"camada": "SSDMT", "COD_ID": "256902180", "CTMT": "PTS9088", "COMP": 0.63, "TIP_CND": "105924993_35_3", "energizado": true, "fonte": "PTS9088"}}, {"type": "Feature", "geometry": {"type": "MultiLineString", "coordinates": [[[-43.19224145417974, -22.98601201664121], [-43.19224179052617, -22.986010900582528]]]}, "properties": {"camada": "SSDMT", "COD_ID": "679581391", "CTMT": "PTS9088", "COMP": 0.13, "TIP_CND": "105924993_35_3", "energizado": true, "fonte": "PTS9088"}}, {"type": "Feature", "geometry": {"type": "MultiLineString", "coordinates": [[[-43.19166854646619, -22.986117215736897], [-43.19167120935879, -22.986117895624318]]]}, "properties": {"camada": "SSDMT", "COD_ID": "517208094", "CTMT": "PTS9088", "COMP": 0.29, "TIP_CND": "105924993_35_3", "energizado": true, "fonte": "PTS9088"}}, {"type": "Feature", "geometry": {"type": "MultiLineString", "coordinates": [[[-43.19294326621872, -22.985544786462697], [-43.19295154447815, -22.985536139481212]]]}, "properties": {"camada": "SSDMT", "COD_ID": "11377076", "CTMT": "PTS9088", "COMP": 1.33, "TIP_CND": "105924993_35_3", "energizado": true, "fonte": "PTS9088"}}, {"type": "Feature", "geometry": {"type": "MultiLineString", "coordinates": [[[-43.19224435988923, -22.986001791349565], [-43.19224494264995, -22.98599972920408]]]}, "properties": {"camada": "SSDMT", "COD_ID": "11709958", "CTMT": "PTS9088", "COMP": 0.25, "TIP_CND": "105924963_35_3", "energizado": true, "fonte": "PTS9088"}}, {"type": "Feature", "geometry": {"type": "MultiLineString", "coordinates": [[[-43.19226701561024, -22.985210248554097], [-43.192264411173596, -22.985209550680167]]]}, "properties": {"camada": "SSDMT", "COD_ID": "23390888", "CTMT": "PTS9088", "COMP": 0.29, "TIP_CND": "105924993_35_3", "energizado": true, "fonte": "PTS9088"}}, {"type": "Feature", "geometry": {"type": "MultiLineString", "coordinates": [[[-43.193049710875414, -22.985429184908924], [-43.19228092992091, -22.985213522985646]]]}, "properties": {"camada": "SSDMT", "COD_ID": "11377142", "CTMT": "PTS9088", "COMP": 85.66, "TIP_CND": "105924993_35_3", "energizado": true, "fonte": "PTS9088"}}, {"type": "Feature", "geometry": {"type": "MultiLineString", "coordinates": [[[-43.19165631748501, -22.986120679026044], [-43.19165834995283, -22.986121189841015]]]}, "properties": {"camada": "SSDMT", "COD_ID": "70344412", "CTMT": "PTS9088", "COMP": 0.22, "TIP_CND": "105924993_35_3", "energizado": true, "fonte": "PTS9088"}}, {"type": "Feature", "geometry": {"type": "MultiLineString", "coordinates": [[[-43.19295154447815, -22.985536139481212], [-43.192953384491034, -22.985534219428644]]]}, "properties": {"camada": "SSDMT", "COD_ID": "261024460", "CTMT": "PTS9088", "COMP": 0.3, "TIP_CND": "105924993_35_3", "energizado": true, "fonte": "PTS9088"}}, {"type": "Feature", "geometry": {"type": "MultiLineString", "coordinates": [[[-43.19205897993794, -22.98622287798338], [-43.192062693238654, -22.986223814177663]]]}, "properties": {"camada": "SSDMT", "COD_ID": "11377766", "CTMT": "PTS9088", "COMP": 0.41, "TIP_CND": "105924993_35_3", "energizado": true, "fonte": "PTS9088"}}, {"type": "Feature", "geometry": {"type": "MultiLineString", "coordinates": [[[-43.19305230721818, -22.985429024829614], [-43.19305066865337, -22.98542899695059]]]}, "properties": {"camada": "SSDMT", "COD_ID": "11377100", "CTMT": "PTS9088", "COMP": 0.17, "TIP_CND": "105924993_35_3", "energizado": true, "fonte": "PTS9088"}}, {"type": "Feature", "geometry": {"type": "MultiLineString", "coordinates": [[[-43.19166937294318, -22.98612397054478], [-43.19205897993794, -22.98622287798338]]]}, "properties": {"camada": "SSDMT", "COD_ID": "11377712", "CTMT": "PTS9088", "COMP": 43.08, "TIP_CND": "105924993_35_3", "energizado": true, "fonte": "PTS9088"}}, {"type": "Feature", "geometry": {"type": "MultiLineString", "coordinates": [[[-43.192347345753376, -22.986290222815512], [-43.192352895469696, -22.98628438891336]]]}, "properties": {"camada": "SSDMT", "COD_ID": "256892333", "CTMT": "PTS9088", "COMP": 0.9, "TIP_CND": "105924993_35_3", "energizado": true, "fonte": "PTS9088"}}, {"type": "Feature", "geometry": {"type": "MultiLineString", "coordinates": [[[-43.19166017647592, -22.986115087940902], [-43.19166315143326, -22.986115844270728]]]}, "properties": {"camada": "SSDMT", "COD_ID": "517208080", "CTMT": "PTS9088", "COMP": 0.33, "TIP_CND": "105924993_35_3", "energizado": true, "fonte": "PTS9088"}}, {"type": "Feature", "geometry": {"type": "MultiLineString", "coordinates": [[[-43.192953384491034, -22.985534219428644], [-43.193045903145844, -22.985437521624306]]]}, "properties": {"camada": "SSDMT", "COD_ID": "256901612", "CTMT": "PTS9088", "COMP": 14.88, "TIP_CND": "105924993_35_3", "energizado": true, "fonte": "PTS9088"}}, {"type": "Feature", "geometry": {"type": "MultiLineString", "coordinates": [[[-43.19276623287533, -22.98571042359714], [-43.19294326621872, -22.985544786462697]]]}, "properties": {"camada": "SSDMT", "COD_ID": "11492684", "CTMT": "PTS9088", "COMP": 26.84, "TIP_CND": "105924993_35_3", "energizado": true, "fonte": "PTS9088"}}, {"type": "Feature", "geometry": {"type": "MultiLineString", "coordinates": [[[-43.19166315143326, -22.986115844270728], [-43.19166854646619, -22.986117215736897]]]}, "properties": {"camada": "SSDMT", "COD_ID": "70344435", "CTMT": "PTS9088", "COMP": 0.6, "TIP_CND": "105924993_35_3", "energizado": true, "fonte": "PTS9088"}}, {"type": "Feature", "geometry": {"type": "MultiLineString", "coordinates": [[[-43.19225979495354, -22.98602343263525], [-43.19226106119896, -22.98601770305453]]]}, "properties": {"camada": "SSDMT", "COD_ID": "11709946", "CTMT": "PTS9088", "COMP": 0.67, "TIP_CND": "105924993_35_3", "energizado": true, "fonte": "PTS9088"}}, {"type": "Feature", "geometry": {"type": "MultiLineString", "coordinates": [[[-43.191463921023114, -22.986072146212507], [-43.19165631748501, -22.986120679026044]]]}, "properties": {"camada": "SSDMT", "COD_ID": "12279631", "CTMT": "PTS9088", "COMP": 21.26, "TIP_CND": "105924993_35_3", "energizado": true, "fonte": "PTS9088"}}, {"type": "Feature", "geometry": {"type": "MultiLineString", "coordinates": [[[-43.19234537803675, -22.98629228675958], [-43.192347345753376, -22.986290222815512]]]}, "properties": {"camada": "SSDMT", "COD_ID": "11377010", "CTMT": "PTS9088", "COMP": 0.32, "TIP_CND": "105924993_35_3", "energizado": true, "fonte": "PTS9088"}}, {"type": "Feature", "geometry": {"type": "MultiLineString", "coordinates": [[[-43.19249918908628, -22.98597989375702], [-43.19276233791152, -22.985714352735158]]]}, "properties": {"camada": "SSDMT", "COD_ID": "12420495", "CTMT": "PTS9088", "COMP": 41.51, "TIP_CND": "105924993_35_3", "energizado": true, "fonte": "PTS9088"}}, {"type": "Feature", "geometry": {"type": "MultiLineString", "coordinates": [[[-43.19228092992091, -22.985213522985646], [-43.19227004362756, -22.98521069012122]]]}, "properties": {"camada": "SSDMT", "COD_ID": "11377184", "CTMT": "PTS9088", "COMP": 1.21, "TIP_CND": "105924993_35_3", "energizado": true, "fonte": "PTS9088"}}, {"type": "Feature", "geometry": {"type": "MultiLineString", "coordinates": [[[-43.192352895469696, -22.98628438891336], [-43.19235588301757, -22.98628123589026]]]}, "properties": {"camada": "SSDMT", "COD_ID": "256892273", "CTMT": "PTS9088", "COMP": 0.48, "TIP_CND": "105924993_35_3", "energizado": true, "fonte": "PTS9088"}}, {"type": "Feature", "geometry": {"type": "MultiLineString", "coordinates": [[[-43.19235588301757, -22.98628123589026], [-43.19249918908628, -22.98597989375702]]]}, "properties": {"camada": "SSDMT", "COD_ID": "11767043", "CTMT": "PTS9088", "COMP": 37.92, "TIP_CND": "105924993_35_3", "energizado": true, "fonte": "PTS9088"}}, {"type": "Feature", "geometry": {"type": "MultiLineString", "coordinates": [[[-43.19227004362756, -22.98521069012122], [-43.19226701561024, -22.985210248554097]]]}, "properties": {"camada": "SSDMT", "COD_ID": "256892537", "CTMT": "PTS9088", "COMP": 0.33, "TIP_CND": "105924993_35_3", "energizado": true, "fonte": "PTS9088"}}, {"type": "Feature", "geometry": {"type": "MultiLineString", "coordinates": [[[-43.19304729709506, -22.98543541541204], [-43.19305230721818, -22.985429024829614]]]}, "properties": {"camada": "SSDMT", "COD_ID": "256892064", "CTMT": "PTS9088", "COMP": 0.91, "TIP_CND": "105924993_35_3", "energizado": true, "fonte": "PTS9088"}}, {"type": "Feature", "geometry": {"type": "MultiLineString", "coordinates": [[[-43.19226106119896, -22.98601770305453], [-43.19224145417974, -22.98601201664121]]]}, "properties": {"camada": "SSDMT", "COD_ID": "11709952", "CTMT": "PTS9088", "COMP": 2.19, "TIP_CND": "105924993_35_3", "energizado": true, "fonte": "PTS9088"}}, {"type": "Feature", "geometry": {"type": "MultiLineString", "coordinates": [[[-43.19305066865337, -22.98542899695059], [-43.193049710875414, -22.985429184908924]]]}, "properties": {"camada": "SSDMT", "COD_ID": "256892052", "CTMT": "PTS9088", "COMP": 0.1, "TIP_CND": "105924993_35_3", "energizado": true, "fonte": "PTS9088"}}, {"type": "Feature", "geometry": {"type": "MultiLineString", "coordinates": [[[-43.193045903145844, -22.985437521624306], [-43.19304729709506, -22.98543541541204]]]}, "properties": {"camada": "SSDMT", "COD_ID": "11377088", "CTMT": "PTS9088", "COMP": 0.28, "TIP_CND": "105924993_35_3", "energizado": true, "fonte": "PTS9088"}}, {"type": "Feature", "geometry": {"type": "MultiLineString", "coordinates": [[[-43.19167120935879, -22.986117895624318], [-43.19166937294318, -22.98612397054478]]]}, "properties": {"camada": "SSDMT", "COD_ID": "70344425", "CTMT": "PTS9088", "COMP": 0.73, "TIP_CND": "105924993_35_3", "energizado": true, "fonte": "PTS9088"}}, {"type": "Feature", "geometry": {"type": "MultiLineString", "coordinates": [[[-43.19276233791152, -22.985714352735158], [-43.19276623287533, -22.98571042359714]]]}, "properties": {"camada": "SSDMT", "COD_ID": "261024528", "CTMT": "PTS9088", "COMP": 0.61, "TIP_CND": "105924993_35_3", "energizado": true, "fonte": "PTS9088"}}, {"type": "Feature", "geometry": {"type": "MultiLineString", "coordinates": [[[-43.19165834995283, -22.986121189841015], [-43.19166017647592, -22.986115087940902]]]}, "properties": {"camada": "SSDMT", "COD_ID": "70344445", "CTMT": "PTS9088", "COMP": 0.73, "TIP_CND": "105924993_35_3", "energizado": true, "fonte": "PTS9088"}}, {"type": "Feature", "geometry": {"type": "MultiLineString", "coordinates": [[[-43.192245414794, -22.98599797372748], [-43.192246914863176, -22.98599226573043]]]}, "properties": {"camada": "SSDMT", "COD_ID": "259993128", "CTMT": "PTS9088", "COMP": 0.68, "TIP_CND": "105924993_35_3", "energizado": true, "fonte": "PTS9088"}}, {"type": "Feature", "geometry": {"type": "MultiLineString", "coordinates": [[[-43.19206466365324, -22.986217208657195], [-43.19225979495354, -22.98602343263525]]]}, "properties": {"camada": "SSDMT", "COD_ID": "11377790", "CTMT": "PTS9088", "COMP": 30.51, "TIP_CND": "105924993_35_3", "energizado": true, "fonte": "PTS9088"}}, {"type": "Feature", "geometry": {"type": "MultiLineString", "coordinates": [[[-43.192242311233656, -22.986009163092376], [-43.19224294345702, -22.986007048786234]]]}, "properties": {"camada": "SSDMT", "COD_ID": "259993149", "CTMT": "PTS9088", "COMP": 0.25, "TIP_CND": "105924993_35_3", "energizado": true, "fonte": "PTS9088"}}, {"type": "Feature", "geometry": {"type": "MultiLineString", "coordinates": [[[-43.192346263868956, -22.98628432236353], [-43.19235714206843, -22.98629147287312]]]}, "properties": {"camada": "SSDMT", "COD_ID": "256892573", "CTMT": "PTS9924", "COMP": 1.42, "TIP_CND": "105924993_35_3", "energizado": true, "fonte": "PTS9924"}}, {"type": "Feature", "geometry": {"type": "MultiLineString", "coordinates": [[[-43.192358693398944, -22.986289178702577], [-43.192360027093514, -22.986287197496097]]]}, "properties": {"camada": "SSDMT", "COD_ID": "256892519", "CTMT": "PTS9924", "COMP": 0.27, "TIP_CND": "105924993_35_3", "energizado": true, "fonte": "PTS9924"}}, {"type": "Feature", "geometry": {"type": "MultiLineString", "coordinates": [[[-43.192360027093514, -22.986287197496097], [-43.19246948717705, -22.98617083601522]]]}, "properties": {"camada": "SSDMT", "COD_ID": "11219470", "CTMT": "PTS9924", "COMP": 17.77, "TIP_CND": "105924993_35_3", "energizado": true, "fonte": "PTS9924"}}, {"type": "Feature", "geometry": {"type": "MultiLineString", "coordinates": [[[-43.19247077320756, -22.986162868021893], [-43.19247859730939, -22.98616497063682]]]}, "properties": {"camada": "SSDMT", "COD_ID": "11219482", "CTMT": "PTS9924", "COMP": 0.87, "TIP_CND": "105924993_35_3", "energizado": true, "fonte": "PTS9924"}}, {"type": "Feature", "geometry": {"type": "MultiLineString", "coordinates": [[[-43.19235522741178, -22.986293834492812], [-43.192358130423315, -22.98628826858868]]]}, "properties": {"camada": "SSDMT", "COD_ID": "11219410", "CTMT": "PTS9924", "COMP": 0.71, "TIP_CND": "105924993_35_3", "energizado": true, "fonte": "PTS9924"}}, {"type": "Feature", "geometry": {"type": "MultiLineString", "coordinates": [[[-43.19235714206843, -22.98629147287312], [-43.192358693398944, -22.986289178702577]]]}, "properties": {"camada": "SSDMT", "COD_ID": "11219458", "CTMT": "PTS9924", "COMP": 0.31, "TIP_CND": "105924993_35_3", "energizado": true, "fonte": "PTS9924"}}, {"type": "Feature", "geometry": {"type": "MultiLineString", "coordinates": [[[-43.19247227957203, -22.986166922165694], [-43.192479100030425, -22.98615430287873]]]}, "properties": {"camada": "SSDMT", "COD_ID": "22565289", "CTMT": "PTS9924", "COMP": 1.63, "TIP_CND": "105924993_35_3", "energizado": true, "fonte": "PTS9924"}}, {"type": "Feature", "geometry": {"type": "MultiLineString", "coordinates": [[[-43.192468799195694, -22.986170503266067], [-43.19246934418487, -22.98616839615454]]]}, "properties": {"camada": "SSDMT", "COD_ID": "11219476", "CTMT": "PTS9924", "COMP": 0.25, "TIP_CND": "105924993_35_3", "energizado": true, "fonte": "PTS9924"}}, {"type": "Feature", "geometry": {"type": "MultiLineString", "coordinates": [[[-43.19247859730939, -22.98616497063682], [-43.192481201746034, -22.98616566941007]]]}, "properties": {"camada": "SSDMT", "COD_ID": "256902264", "CTMT": "PTS9924", "COMP": 0.29, "TIP_CND": "105924993_35_3", "energizado": true, "fonte": "PTS9924"}}, {"type": "Feature", "geometry": {"type": "MultiLineString", "coordinates": [[[-43.19234349125907, -22.986283767481837], [-43.192071120785556, -22.986230439483165]]]}, "properties": {"camada": "SSDMT", "COD_ID": "11219422", "CTMT": "PTS9924", "COMP": 29.69, "TIP_CND": "105924993_35_3", "energizado": true, "fonte": "PTS9924"}}, {"type": "Feature", "geometry": {"type": "MultiLineString", "coordinates": [[[-43.19246934418487, -22.98616839615454], [-43.19247077320756, -22.986162868021893]]]}, "properties": {"camada": "SSDMT", "COD_ID": "256902294", "CTMT": "PTS9924", "COMP": 0.65, "TIP_CND": "105924993_35_3", "energizado": true, "fonte": "PTS9924"}}, {"type": "Feature", "geometry": {"type": "MultiLineString", "coordinates": [[[-43.19247108797032, -22.986168524757545], [-43.19247227957203, -22.986166922165694]]]}, "properties": {"camada": "SSDMT", "COD_ID": "256902312", "CTMT": "PTS9924", "COMP": 0.22, "TIP_CND": "105924993_35_3", "energizado": true, "fonte": "PTS9924"}}, {"type": "Feature", "geometry": {"type": "MultiLineString", "coordinates": [[[-43.19234523684315, -22.98628526845033], [-43.19234349125907, -22.986283767481837]]]}, "properties": {"camada": "SSDMT", "COD_ID": "256892579", "CTMT": "PTS9924", "COMP": 0.25, "TIP_CND": "105924993_35_3", "energizado": true, "fonte": "PTS9924"}}, {"type": "Feature", "geometry": {"type": "MultiLineString", "coordinates": [[[-43.192551106048654, -22.986039400997527], [-43.192548714751354, -22.98603804571917]]]}, "properties": {"camada": "SSDMT", "COD_ID": "11658858", "CTMT": "PTS9924", "COMP": 0.3, "TIP_CND": "105924993_35_3", "energizado": true, "fonte": "PTS9924"}}, {"type": "Feature", "geometry": {"type": "MultiLineString", "coordinates": [[[-43.19206317887256, -22.986227666873276], [-43.19206461868714, -22.986222824923402]]]}, "properties": {"camada": "SSDMT", "COD_ID": "11219446", "CTMT": "PTS9924", "COMP": 0.58, "TIP_CND": "105924993_35_3", "energizado": true, "fonte": "PTS9924"}}, {"type": "Feature", "geometry": {"type": "MultiLineString", "coordinates": [[[-43.19226302531831, -22.98521107952763], [-43.192017771203155, -22.98514308898234]]]}, "properties": {"camada": "SSDMT", "COD_ID": "11219560", "CTMT": "PTS9924", "COMP": 27.3, "TIP_CND": "105924993_35_3", "energizado": true, "fonte": "PTS9924"}}, {"type": "Feature", "geometry": {"type": "MultiLineString", "coordinates": [[[-43.192062963934575, -22.986228395324133], [-43.19206317887256, -22.986227666873276]]]}, "properties": {"camada": "SSDMT", "COD_ID": "70344815", "CTMT": "PTS9924", "COMP": 0.09, "TIP_CND": "105924993_35_3", "energizado": true, "fonte": "PTS9924"}}, {"type": "Feature", "geometry": {"type": "MultiLineString", "coordinates": [[[-43.192481201746034, -22.98616566941007], [-43.1924726312069, -22.986194052913163]]]}, "properties": {"camada": "SSDMT", "COD_ID": "95550335", "CTMT": "PTS9924", "COMP": 3.39, "TIP_CND": "105924993_35_3", "energizado": true, "fonte": "PTS9924"}}, {"type": "Feature", "geometry": {"type": "MultiLineString", "coordinates": [[[-43.192359101691125, -22.986286383609695], [-43.192468799195694, -22.986170503266067]]]}, "properties": {"camada": "SSDMT", "COD_ID": "11219464", "CTMT": "PTS9924", "COMP": 17.75, "TIP_CND": "105924993_35_3", "energizado": true, "fonte": "PTS9924"}}, {"type": "Feature", "geometry": {"type": "MultiLineString", "coordinates": [[[-43.19235522741178, -22.986293834492812], [-43.19234523684315, -22.98628526845033]]]}, "properties": {"camada": "SSDMT", "COD_ID": "11219416", "CTMT": "PTS9924", "COMP": 1.45, "TIP_CND": "105924993_35_3", "energizado": true, "fonte": "PTS9924"}}, {"type": "Feature", "geometry": {"type": "MultiLineString", "coordinates": [[[-43.1924726312069, -22.986194052913163], [-43.193190126523064, -22.986380168509925]]]}, "properties": {"camada": "SSDMT", "COD_ID": "11862617", "CTMT": "PTS9924", "COMP": 79.46, "TIP_CND": "105924993_35_3", "energizado": true, "fonte": "PTS9924"}}, {"type": "Feature", "geometry": {"type": "MultiLineString", "coordinates": [[[-43.1920658327719, -22.986228346760754], [-43.192071324931646, -22.986229746105835]]]}, "properties": {"camada": "SSDMT", "COD_ID": "256902354", "CTMT": "PTS9924", "COMP": 0.61, "TIP_CND": "105924993_35_3", "energizado": true, "fonte": "PTS9924"}}, {"type": "Feature", "geometry": {"type": "MultiLineString", "coordinates": [[[-43.192284910320325, -22.985457027020118], [-43.19228581593762, -22.985453425235335]]]}, "properties": {"camada": "SSDMT", "COD_ID": "11219542", "CTMT": "PTS9924", "COMP": 0.43, "TIP_CND": "105924993_35_3", "energizado": true, "fonte": "PTS9924"}}, {"type": "Feature", "geometry": {"type": "MultiLineString", "coordinates": [[[-43.19206317887256, -22.986227666873276], [-43.1920658327719, -22.986228346760754]]]}, "properties": {"camada": "SSDMT", "COD_ID": "11219428", "CTMT": "PTS9924", "COMP": 0.29, "TIP_CND": "105924993_35_3", "energizado": true, "fonte": "PTS9924"}}, {"type": "Feature", "geometry": {"type": "MultiLineString", "coordinates": [[[-43.19246948717705, -22.98617083601522], [-43.19247108797032, -22.986168524757545]]]}, "properties": {"camada": "SSDMT", "COD_ID": "11219524", "CTMT": "PTS9924", "COMP": 0.32, "TIP_CND": "105924993_35_3", "energizado": true, "fonte": "PTS9924"}}, {"type": "Feature", "geometry": {"type": "MultiLineString", "coordinates": [[[-43.192358130423315, -22.98628826858868], [-43.192359101691125, -22.986286383609695]]]}, "properties": {"camada": "SSDMT", "COD_ID": "256892399", "CTMT": "PTS9924", "COMP": 0.24, "TIP_CND": "105924993_35_3", "energizado": true, "fonte": "PTS9924"}}, {"type": "Feature", "geometry": {"type": "MultiLineString", "coordinates": [[[-43.1923525204524, -22.9862979219115], [-43.19235426243921, -22.98629530488438]]]}, "properties": {"camada": "SSDMT", "COD_ID": "11219404", "CTMT": "PTS9924", "COMP": 0.35, "TIP_CND": "105924993_35_3", "energizado": true, "fonte": "PTS9924"}}, {"type": "Feature", "geometry": {"type": "MultiLineString", "coordinates": [[[-43.19235426243921, -22.98629530488438], [-43.19235522741178, -22.986293834492812]]]}, "properties": {"camada": "SSDMT", "COD_ID": "256892507", "CTMT": "PTS9924", "COMP": 0.2, "TIP_CND": "105924993_35_3", "energizado": true, "fonte": "PTS9924"}}, {"type": "Feature", "geometry": {"type": "MultiLineString", "coordinates": [[[-43.19228609472742, -22.985452282197002], [-43.19228762987018, -22.985446113747116]]]}, "properties": {"camada": "SSDMT", "COD_ID": "22565297", "CTMT": "PTS9924", "COMP": 0.73, "TIP_CND": "105924993_35_3", "energizado": true, "fonte": "PTS9924"}}, {"type": "Feature", "geometry": {"type": "MultiLineString", "coordinates": [[[-43.1922885678631, -22.98544232220536], [-43.1922722568591, -22.985213676769717]]]}, "properties": {"camada": "SSDMT", "COD_ID": "11219548", "CTMT": "PTS9924", "COMP": 26.39, "TIP_CND": "105924967_35_3", "energizado": true, "fonte": "PTS9924"}}, {"type": "Feature", "geometry": {"type": "MultiLineString", "coordinates": [[[-43.1922722568591, -22.985213676769717], [-43.19226302531831, -22.98521107952763]]]}, "properties": {"camada": "SSDMT", "COD_ID": "11219554", "CTMT": "PTS9924", "COMP": 1.03, "TIP_CND": "105924967_35_3", "energizado": true, "fonte": "PTS9924"}}, {"type": "Feature", "geometry": {"type": "MultiLineString", "coordinates": [[[-43.192071324931646, -22.986229746105835], [-43.19234420442143, -22.986282962588632]]]}, "properties": {"camada": "SSDMT", "COD_ID": "11219434", "CTMT": "PTS9924", "COMP": 29.74, "TIP_CND": "105924993_35_3", "energizado": true, "fonte": "PTS9924"}}, {"type": "Feature", "geometry": {"type": "MultiLineString", "coordinates": [[[-43.19206569607496, -22.986229086003448], [-43.192062963934575, -22.986228395324133]]]}, "properties": {"camada": "SSDMT", "COD_ID": "256902348", "CTMT": "PTS9924", "COMP": 0.3, "TIP_CND": "105924993_35_3", "energizado": true, "fonte": "PTS9924"}}, {"type": "Feature", "geometry": {"type": "MultiLineString", "coordinates": [[[-43.19228762987018, -22.985446113747116], [-43.192287774661054, -22.985445528288437]]]}, "properties": {"camada": "SSDMT", "COD_ID": "256892657", "CTMT": "PTS9924", "COMP": 0.07, "TIP_CND": "105924993_35_3", "energizado": true, "fonte": "PTS9924"}}, {"type": "Feature", "geometry": {"type": "MultiLineString", "coordinates": [[[-43.19254182774313, -22.986057211171328], [-43.192551106048654, -22.986039400997527]]]}, "properties": {"camada": "SSDMT", "COD_ID": "11658852", "CTMT": "PTS9924", "COMP": 2.28, "TIP_CND": "105924993_35_3", "energizado": true, "fonte": "PTS9924"}}, {"type": "Feature", "geometry": {"type": "MultiLineString", "coordinates": [[[-43.19228581593762, -22.985453425235335], [-43.19228609472742, -22.985452282197002]]]}, "properties": {"camada": "SSDMT", "COD_ID": "256892375", "CTMT": "PTS9924", "COMP": 0.14, "TIP_CND": "105924993_35_3", "energizado": true, "fonte": "PTS9924"}}, {"type": "Feature", "geometry": {"type": "MultiLineString", "coordinates": [[[-43.192480368074484, -22.98615205097633], [-43.19254182774313, -22.986057211171328]]]}, "properties": {"camada": "SSDMT", "COD_ID": "11219530", "CTMT": "PTS9924", "COMP": 12.74, "TIP_CND": "105924993_35_3", "energizado": true, "fonte": "PTS9924"}}, {"type": "Feature", "geometry": {"type": "MultiLineString", "coordinates": [[[-43.192479100030425, -22.98615430287873], [-43.192480368074484, -22.98615205097633]]]}, "properties": {"camada": "SSDMT", "COD_ID": "256902240", "CTMT": "PTS9924", "COMP": 0.29, "TIP_CND": "105924993_35_3", "energizado": true, "fonte": "PTS9924"}}, {"type": "Feature", "geometry": {"type": "MultiLineString", "coordinates": [[[-43.19206617091703, -22.986217586372447], [-43.192284910320325, -22.985457027020118]]]}, "properties": {"camada": "SSDMT", "COD_ID": "11219536", "CTMT": "PTS9924", "COMP": 90.65, "TIP_CND": "105924993_35_3", "energizado": true, "fonte": "PTS9924"}}, {"type": "Feature", "geometry": {"type": "MultiLineString", "coordinates": [[[-43.192287774661054, -22.985445528288437], [-43.1922885678631, -22.98544232220536]]]}, "properties": {"camada": "SSDMT", "COD_ID": "256892369", "CTMT": "PTS9924", "COMP": 0.38, "TIP_CND": "105924967_35_3", "energizado": true, "fonte": "PTS9924"}}, {"type": "Feature", "geometry": {"type": "MultiLineString", "coordinates": [[[-43.192071120785556, -22.986230439483165], [-43.19206569607496, -22.986229086003448]]]}, "properties": {"camada": "SSDMT", "COD_ID": "11219440", "CTMT": "PTS9924", "COMP": 0.6, "TIP_CND": "105924993_35_3", "energizado": true, "fonte": "PTS9924"}}, {"type": "Feature", "geometry": {"type": "MultiLineString", "coordinates": [[[-43.19206461868714, -22.986222824923402], [-43.19206617091703, -22.986217586372447]]]}, "properties": {"camada": "SSDMT", "COD_ID": "256902408", "CTMT": "PTS9924", "COMP": 0.63, "TIP_CND": "105924993_35_3", "energizado": true, "fonte": "PTS9924"}}, {"type": "Feature", "geometry": {"type": "MultiLineString", "coordinates": [[[-43.19234420442143, -22.986282962588632], [-43.192346263868956, -22.98628432236353]]]}, "properties": {"camada": "SSDMT", "COD_ID": "11219452", "CTMT": "PTS9924", "COMP": 0.27, "TIP_CND": "105924993_35_3", "energizado": true, "fonte": "PTS9924"}}, {"type": "Feature", "geometry": {"type": "MultiLineString", "coordinates": [[[-43.18980373835183, -22.98609511040098], [-43.189744553967955, -22.986079768866205]]]}, "properties": {"camada": "SSDMT", "COD_ID": "12891875", "CTMT": "PTS4022", "COMP": 6.55, "TIP_CND": "105924968_34_3", "energizado": true, "fonte": "PTS4022"}}, {"type": "Feature", "geometry": {"type": "MultiLineString", "coordinates": [[[-43.18982510354567, -22.986100664613957], [-43.18980373835183, -22.98609511040098]]]}, "properties": {"camada": "SSDMT", "COD_ID": "12891869", "CTMT": "PTS4022", "COMP": 2.37, "TIP_CND": "105924968_34_3", "energizado": true, "fonte": "PTS4022"}}, {"type": "Feature", "geometry": {"type": "MultiLineString", "coordinates": [[[-43.18984279500893, -22.986220185413174], [-43.18986554695738, -22.98614490586266]]]}, "properties": {"camada": "SSDMT", "COD_ID": "11414640", "CTMT": "PTS4022", "COMP": 9.0, "TIP_CND": "105924992_35_3", "energizado": true, "fonte": "PTS4022"}}, {"type": "Feature", "geometry": {"type": "MultiLineString", "coordinates": [[[-43.19002641049042, -22.985669472967743], [-43.19002572790498, -22.985671650226436]]]}, "properties": {"camada": "SSDMT", "COD_ID": "11414514", "CTMT": "PTS4022", "COMP": 0.26, "TIP_CND": "105924993_35_3", "energizado": true, "fonte": "PTS4022"}}, {"type": "Feature", "geometry": {"type": "MultiLineString", "coordinates": [[[-43.18986554695738, -22.98614490586266], [-43.18986961818831, -22.98613146099808]]]}, "properties": {"camada": "SSDMT", "COD_ID": "11770937", "CTMT": "PTS4022", "COMP": 1.61, "TIP_CND": "105924992_35_3", "energizado": true, "fonte": "PTS4022"}}, {"type": "Feature", "geometry": {"type": "MultiLineString", "coordinates": [[[-43.18983570385461, -22.986065612637844], [-43.18982510354567, -22.986100664613957]]]}, "properties": {"camada": "SSDMT", "COD_ID": "11770991", "CTMT": "PTS4022", "COMP": 4.19, "TIP_CND": "105924968_35_3", "energizado": true, "fonte": "PTS4022"}}, {"type": "Feature", "geometry": {"type": "MultiLineString", "coordinates": [[[-43.189846070339854, -22.98622102627928], [-43.18984279500893, -22.986220185413174]]]}, "properties": {"camada": "SSDMT", "COD_ID": "263632697", "CTMT": "PTS4022", "COMP": 0.36, "TIP_CND": "105924992_35_3", "energizado": true, "fonte": "PTS4022"}}, {"type": "Feature", "geometry": {"type": "MultiLineString", "coordinates": [[[-43.19028822292313, -22.98483770799379], [-43.190054104213516, -22.985573931691533]]]}, "properties": {"camada": "SSDMT", "COD_ID": "11414346", "CTMT": "PTS4022", "COMP": 88.39, "TIP_CND": "105924993_35_3", "energizado": true, "fonte": "PTS4022"}}, {"type": "Feature", "geometry": {"type": "MultiLineString", "coordinates": [[[-43.190054104213516, -22.985573931691533], [-43.19002641049042, -22.985669472967743]]]}, "properties": {"camada": "SSDMT", "COD_ID": "23441190", "CTMT": "PTS4022", "COMP": 11.39, "TIP_CND": "105924993_35_3", "energizado": true, "fonte": "PTS4022"}}, {"type": "Feature", "geometry": {"type": "MultiLineString", "coordinates": [[[-43.1898844839817, -22.986088141554433], [-43.18988747242889, -22.986079045811266]]]}, "properties": {"camada": "SSDMT", "COD_ID": "11770979", "CTMT": "PTS4022", "COMP": 1.09, "TIP_CND": "105924968_35_3", "energizado": true, "fonte": "PTS4022"}}, {"type": "Feature", "geometry": {"type": "MultiLineString", "coordinates": [[[-43.189883822080674, -22.986084367999126], [-43.18988103238371, -22.98608364044759]]]}, "properties": {"camada": "SSDMT", "COD_ID": "11770955", "CTMT": "PTS4022", "COMP": 0.31, "TIP_CND": "105924992_35_3", "energizado": true, "fonte": "PTS4022"}}, {"type": "Feature", "geometry": {"type": "MultiLineString", "coordinates": [[[-43.18988008359895, -22.986086735914114], [-43.1898844839817, -22.986088141554433]]]}, "properties": {"camada": "SSDMT", "COD_ID": "11770973", "CTMT": "PTS4022", "COMP": 0.5, "TIP_CND": "105924968_35_3", "energizado": true, "fonte": "PTS4022"}}, {"type": "Feature", "geometry": {"type": "MultiLineString", "coordinates": [[[-43.18985848278271, -22.986224238657655], [-43.189846070339854, -22.98622102627928]]]}, "properties": {"camada": "SSDMT", "COD_ID": "11414634", "CTMT": "PTS4022", "COMP": 1.37, "TIP_CND": "105924992_35_3", "energizado": true, "fonte": "PTS4022"}}, {"type": "Feature", "geometry": {"type": "MultiLineString", "coordinates": [[[-43.18987970138704, -22.98608325553778], [-43.18987820401588, -22.986082858936754]]]}, "properties": {"camada": "SSDMT", "COD_ID": "11770961", "CTMT": "PTS4022", "COMP": 0.17, "TIP_CND": "105924992_35_3", "energizado": true, "fonte": "PTS4022"}}, {"type": "Feature", "geometry": {"type": "MultiLineString", "coordinates": [[[-43.18987726692228, -22.98608589145067], [-43.18987878227995, -22.98608634201105]]]}, "properties": {"camada": "SSDMT", "COD_ID": "11770967", "CTMT": "PTS4022", "COMP": 0.17, "TIP_CND": "105924968_35_3", "energizado": true, "fonte": "PTS4022"}}, {"type": "Feature", "geometry": {"type": "MultiLineString", "coordinates": [[[-43.189859177059304, -22.986221925601342], [-43.18985848278271, -22.986224238657655]]]}, "properties": {"camada": "SSDMT", "COD_ID": "11414586", "CTMT": "PTS4022", "COMP": 0.28, "TIP_CND": "105924993_35_3", "energizado": true, "fonte": "PTS4022"}}, {"type": "Feature", "geometry": {"type": "MultiLineString", "coordinates": [[[-43.19002572790498, -22.985671650226436], [-43.189859177059304, -22.986221925601342]]]}, "properties": {"camada": "SSDMT", "COD_ID": "11414580", "CTMT": "PTS4022", "COMP": 65.82, "TIP_CND": "105924993_35_3", "energizado": true, "fonte": "PTS4022"}}, {"type": "Feature", "geometry": {"type": "MultiLineString", "coordinates": [[[-43.18986961818831, -22.98613146099808], [-43.189883822080674, -22.986084367999126]]]}, "properties": {"camada": "SSDMT", "COD_ID": "11770949", "CTMT": "PTS4022", "COMP": 5.63, "TIP_CND": "105924992_35_3", "energizado": true, "fonte": "PTS4022"}}, {"type": "Feature", "geometry": {"type": "MultiLineString", "coordinates": [[[-43.18988747242889, -22.986079045811266], [-43.18983570385461, -22.986065612637844]]]}, "properties": {"camada": "SSDMT", "COD_ID": "11770985", "CTMT": "PTS4022", "COMP": 5.73, "TIP_CND": "105924968_35_3", "energizado": true, "fonte": "PTS4022"}}, {"type": "Feature", "geometry": {"type": "MultiLineString", "coordinates": [[[-43.19110747652877, -22.986990950272116], [-43.19108762489395, -22.98698528724117]]]}, "properties": {"camada": "SSDMT", "COD_ID": "11698402", "CTMT": "PTS9088", "COMP": 2.22, "TIP_CND": "105924993_35_3", "energizado": true, "fonte": "PTS9088"}}, {"type": "Feature", "geometry": {"type": "MultiLineString", "coordinates": [[[-43.191056168407385, -22.987034477459133], [-43.191054652150456, -22.98702311812235]]]}, "properties": {"camada": "SSDMT", "COD_ID": "11378804", "CTMT": "PTS9088", "COMP": 1.32, "TIP_CND": "105924963_35_3", "energizado": true, "fonte": "PTS9088"}}, {"type": "Feature", "geometry": {"type": "MultiLineString", "coordinates": [[[-43.191073599966614, -22.98595368841194], [-43.19115936741082, -22.985991421267045]]]}, "properties": {"camada": "SSDMT", "COD_ID": "12279607", "CTMT": "PTS9088", "COMP": 10.13, "TIP_CND": "105924993_35_3", "energizado": true, "fonte": "PTS9088"}}, {"type": "Feature", "geometry": {"type": "MultiLineString", "coordinates": [[[-43.19117177715577, -22.985984582822198], [-43.191174577644574, -22.985985246521864]]]}, "properties": {"camada": "SSDMT", "COD_ID": "70344732", "CTMT": "PTS9088", "COMP": 0.31, "TIP_CND": "105924993_35_3", "energizado": true, "fonte": "PTS9088"}}, {"type": "Feature", "geometry": {"type": "MultiLineString", "coordinates": [[[-43.19097314659342, -22.986194996302004], [-43.19079032791126, -22.98680254680005]]]}, "properties": {"camada": "SSDMT", "COD_ID": "263632582", "CTMT": "PTS9088", "COMP": 72.64, "TIP_CND": "105924993_35_3", "energizado": true, "fonte": "PTS9088"}}, {"type": "Feature", "geometry": {"type": "MultiLineString", "coordinates": [[[-43.189845282533724, -22.98622382586882], [-43.189838945011275, -22.986222190901344]]]}, "properties": {"camada": "SSDMT", "COD_ID": "263632721", "CTMT": "PTS9088", "COMP": 0.7, "TIP_CND": "105924963_35_3", "energizado": true, "fonte": "PTS9088"}}, {"type": "Feature", "geometry": {"type": "MultiLineString", "coordinates": [[[-43.19111251453086, -22.98697588213122], [-43.191111457827446, -22.98697907562382]]]}, "properties": {"camada": "SSDMT", "COD_ID": "11698390", "CTMT": "PTS9088", "COMP": 0.38, "TIP_CND": "105924993_35_3", "energizado": true, "fonte": "PTS9088"}}, {"type": "Feature", "geometry": {"type": "MultiLineString", "coordinates": [[[-43.191056168407385, -22.987034477459133], [-43.19106260485529, -22.98703748569136]]]}, "properties": {"camada": "SSDMT", "COD_ID": "11378810", "CTMT": "PTS9088", "COMP": 0.77, "TIP_CND": "105924968_35_3", "energizado": true, "fonte": "PTS9088"}}, {"type": "Feature", "geometry": {"type": "MultiLineString", "coordinates": [[[-43.191182348686425, -22.985997192216587], [-43.19118599363867, -22.985998137404067]]]}, "properties": {"camada": "SSDMT", "COD_ID": "70344712", "CTMT": "PTS9088", "COMP": 0.4, "TIP_CND": "105924993_35_3", "energizado": true, "fonte": "PTS9088"}}, {"type": "Feature", "geometry": {"type": "MultiLineString", "coordinates": [[[-43.191111032448134, -22.986980262728878], [-43.19111058548509, -22.986981603618062]]]}, "properties": {"camada": "SSDMT", "COD_ID": "310237230", "CTMT": "PTS9088", "COMP": 0.16, "TIP_CND": "105924993_35_3", "energizado": true, "fonte": "PTS9088"}}, {"type": "Feature", "geometry": {"type": "MultiLineString", "coordinates": [[[-43.189857816385086, -22.98607797471874], [-43.18985733704642, -22.986079495472268]]]}, "properties": {"camada": "SSDMT", "COD_ID": "104133811", "CTMT": "PTS9088", "COMP": 0.18, "TIP_CND": "105924963_35_3", "energizado": true, "fonte": "PTS9088"}}, {"type": "Feature", "geometry": {"type": "MultiLineString", "coordinates": [[[-43.19097617371142, -22.986181539746212], [-43.19097592819651, -22.98618681966593]]]}, "properties": {"camada": "SSDMT", "COD_ID": "263632637", "CTMT": "PTS9088", "COMP": 0.61, "TIP_CND": "105924967_35_3", "energizado": true, "fonte": "PTS9088"}}, {"type": "Feature", "geometry": {"type": "MultiLineString", "coordinates": [[[-43.1898296918867, -22.98612598412683], [-43.18985159037857, -22.986131679533344]]]}, "properties": {"camada": "SSDMT", "COD_ID": "11771111", "CTMT": "PTS9088", "COMP": 2.43, "TIP_CND": "105924963_35_3", "energizado": true, "fonte": "PTS9088"}}, {"type": "Feature", "geometry": {"type": "MultiLineString", "coordinates": [[[-43.190214882310954, -22.98574242507283], [-43.19019335793706, -22.985738620940538]]]}, "properties": {"camada": "SSDMT", "COD_ID": "11377946", "CTMT": "PTS9088", "COMP": 2.34, "TIP_CND": "105924967_35_3", "energizado": true, "fonte": "PTS9088"}}, {"type": "Feature", "geometry": {"type": "MultiLineString", "coordinates": [[[-43.19106260485529, -22.98703748569136], [-43.19107130489675, -22.987039707016834]]]}, "properties": {"camada": "SSDMT", "COD_ID": "263632492", "CTMT": "PTS9088", "COMP": 0.96, "TIP_CND": "105924968_35_3", "energizado": true, "fonte": "PTS9088"}}, {"type": "Feature", "geometry": {"type": "MultiLineString", "coordinates": [[[-43.19019335793706, -22.985738620940538], [-43.190169404494384, -22.985734897747307]]]}, "properties": {"camada": "SSDMT", "COD_ID": "23390896", "CTMT": "PTS9088", "COMP": 2.59, "TIP_CND": "105924967_35_3", "energizado": true, "fonte": "PTS9088"}}, {"type": "Feature", "geometry": {"type": "MultiLineString", "coordinates": [[[-43.19111900403874, -22.986977825566157], [-43.19111251453086, -22.98697588213122]]]}, "properties": {"camada": "SSDMT", "COD_ID": "11698384", "CTMT": "PTS9088", "COMP": 0.73, "TIP_CND": "105924993_35_3", "energizado": true, "fonte": "PTS9088"}}, {"type": "Feature", "geometry": {"type": "MultiLineString", "coordinates": [[[-43.191184992693195, -22.98600149457326], [-43.191449467119185, -22.98606845989144]]]}, "properties": {"camada": "SSDMT", "COD_ID": "70344513", "CTMT": "PTS9088", "COMP": 29.24, "TIP_CND": "105924993_35_3", "energizado": true, "fonte": "PTS9088"}}, {"type": "Feature", "geometry": {"type": "MultiLineString", "coordinates": [[[-43.19006038417933, -22.98568029990588], [-43.19003571847361, -22.985672152947473]]]}, "properties": {"camada": "SSDMT", "COD_ID": "11377958", "CTMT": "PTS9088", "COMP": 2.79, "TIP_CND": "105924967_35_3", "energizado": true, "fonte": "PTS9088"}}, {"type": "Feature", "geometry": {"type": "MultiLineString", "coordinates": [[[-43.190169404494384, -22.985734897747307], [-43.19006038417933, -22.98568029990588]]]}, "properties": {"camada": "SSDMT", "COD_ID": "11377952", "CTMT": "PTS9088", "COMP": 13.22, "TIP_CND": "105924967_35_3", "energizado": true, "fonte": "PTS9088"}}, {"type": "Feature", "geometry": {"type": "MultiLineString", "coordinates": [[[-43.19118539828747, -22.985987898622568], [-43.191182348686425, -22.985997192216587]]]}, "properties": {"camada": "SSDMT", "COD_ID": "70344722", "CTMT": "PTS9088", "COMP": 1.12, "TIP_CND": "105924993_35_3", "energizado": true, "fonte": "PTS9088"}}, {"type": "Feature", "geometry": {"type": "MultiLineString", "coordinates": [[[-43.19104664188899, -22.986959543248304], [-43.19105456041956, -22.98696180953982]]]}, "properties": {"camada": "SSDMT", "COD_ID": "11698360", "CTMT": "PTS9088", "COMP": 0.88, "TIP_CND": "105924963_35_3", "energizado": true, "fonte": "PTS9088"}}, {"type": "Feature", "geometry": {"type": "MultiLineString", "coordinates": [[[-43.191449467119185, -22.98606845989144], [-43.191450846679174, -22.986068809727726]]]}, "properties": {"camada": "SSDMT", "COD_ID": "70344556", "CTMT": "PTS9088", "COMP": 0.15, "TIP_CND": "105924993_35_3", "energizado": true, "fonte": "PTS9088"}}, {"type": "Feature", "geometry": {"type": "MultiLineString", "coordinates": [[[-43.19146695353703, -22.986061976678855], [-43.191463921023114, -22.986072146212507]]]}, "properties": {"camada": "SSDMT", "COD_ID": "70344526", "CTMT": "PTS9088", "COMP": 1.22, "TIP_CND": "105924993_35_3", "energizado": true, "fonte": "PTS9088"}}, {"type": "Feature", "geometry": {"type": "MultiLineString", "coordinates": [[[-43.190766723405545, -22.98692065656303], [-43.19076776931706, -22.986923404891172]]]}, "properties": {"camada": "SSDMT", "COD_ID": "11378672", "CTMT": "PTS9088", "COMP": 0.34, "TIP_CND": "105924993_35_3", "energizado": true, "fonte": "PTS9088"}}, {"type": "Feature", "geometry": {"type": "MultiLineString", "coordinates": [[[-43.19076964170557, -22.98691098255574], [-43.19076811105941, -22.9869160394436]]]}, "properties": {"camada": "SSDMT", "COD_ID": "11378660", "CTMT": "PTS9088", "COMP": 0.6, "TIP_CND": "105924981_35_3", "energizado": true, "fonte": "PTS9088"}}, {"type": "Feature", "geometry": {"type": "MultiLineString", "coordinates": [[[-43.189838945011275, -22.986222190901344], [-43.18986255311427, -22.986144131546382]]]}, "properties": {"camada": "SSDMT", "COD_ID": "11378072", "CTMT": "PTS9088", "COMP": 9.34, "TIP_CND": "105924963_35_3", "energizado": true, "fonte": "PTS9088"}}, {"type": "Feature", "geometry": {"type": "MultiLineString", "coordinates": [[[-43.190029169610455, -22.985671039586748], [-43.19002879998908, -22.985672398462384]]]}, "properties": {"camada": "SSDMT", "COD_ID": "11377964", "CTMT": "PTS9088", "COMP": 0.16, "TIP_CND": "105924967_35_3", "energizado": true, "fonte": "PTS9088"}}, {"type": "Feature", "geometry": {"type": "MultiLineString", "coordinates": [[[-43.19078762275052, -22.986811637147298], [-43.19078526742612, -22.986819285881268]]]}, "properties": {"camada": "SSDMT", "COD_ID": "11378594", "CTMT": "PTS9088", "COMP": 0.92, "TIP_CND": "105924981_35_3", "energizado": true, "fonte": "PTS9088"}}, {"type": "Feature", "geometry": {"type": "MultiLineString", "coordinates": [[[-43.19106237732683, -22.985951220672234], [-43.19105828181421, -22.985959193162216]]]}, "properties": {"camada": "SSDMT", "COD_ID": "11378426", "CTMT": "PTS9088", "COMP": 1.02, "TIP_CND": "105924967_35_3", "energizado": true, "fonte": "PTS9088"}}, {"type": "Feature", "geometry": {"type": "MultiLineString", "coordinates": [[[-43.19003571847361, -22.985672152947473], [-43.190029169610455, -22.985671039586748]]]}, "properties": {"camada": "SSDMT", "COD_ID": "263632667", "CTMT": "PTS9088", "COMP": 0.71, "TIP_CND": "105924967_35_3", "energizado": true, "fonte": "PTS9088"}}, {"type": "Feature", "geometry": {"type": "MultiLineString", "coordinates": [[[-43.190603990181955, -22.985838332373078], [-43.190613254098366, -22.985844334448416]]]}, "properties": {"camada": "SSDMT", "COD_ID": "11377916", "CTMT": "PTS9088", "COMP": 1.21, "TIP_CND": "105924962_35_3", "energizado": true, "fonte": "PTS9088"}}, {"type": "Feature", "geometry": {"type": "MultiLineString", "coordinates": [[[-43.19103382744913, -22.98697623826274], [-43.19103963257294, -22.986957801261497]]]}, "properties": {"camada": "SSDMT", "COD_ID": "11906025", "CTMT": "PTS9088", "COMP": 2.21, "TIP_CND": "105924963_35_3", "energizado": true, "fonte": "PTS9088"}}, {"type": "Feature", "geometry": {"type": "MultiLineString", "coordinates": [[[-43.19082981714229, -22.985902553859717], [-43.190826261222924, -22.98591397255177]]]}, "properties": {"camada": "SSDMT", "COD_ID": "11659434", "CTMT": "PTS9088", "COMP": 1.37, "TIP_CND": "105924962_35_3", "energizado": true, "fonte": "PTS9088"}}, {"type": "Feature", "geometry": {"type": "MultiLineString", "coordinates": [[[-43.19081308165835, -22.985910562322545], [-43.190809727187116, -22.985909720557117]]]}, "properties": {"camada": "SSDMT", "COD_ID": "11659446", "CTMT": "PTS9088", "COMP": 0.37, "TIP_CND": "105924993_35_3", "energizado": true, "fonte": "PTS9088"}}, {"type": "Feature", "geometry": {"type": "MultiLineString", "coordinates": [[[-43.19097592819651, -22.98618681966593], [-43.19097314659342, -22.986194996302004]]]}, "properties": {"camada": "SSDMT", "COD_ID": "266820052", "CTMT": "PTS9088", "COMP": 0.99, "TIP_CND": "105924967_35_3", "energizado": true, "fonte": "PTS9088"}}, {"type": "Feature", "geometry": {"type": "MultiLineString", "coordinates": [[[-43.189828079402275, -22.986131320703862], [-43.1898296918867, -22.98612598412683]]]}, "properties": {"camada": "SSDMT", "COD_ID": "11771099", "CTMT": "PTS9088", "COMP": 0.64, "TIP_CND": "105924963_35_3", "energizado": true, "fonte": "PTS9088"}}, {"type": "Feature", "geometry": {"type": "MultiLineString", "coordinates": [[[-43.189867157643164, -22.986080375908557], [-43.189857816385086, -22.98607797471874]]]}, "properties": {"camada": "SSDMT", "COD_ID": "11777099", "CTMT": "PTS9088", "COMP": 1.03, "TIP_CND": "105924963_35_3", "energizado": true, "fonte": "PTS9088"}}, {"type": "Feature", "geometry": {"type": "MultiLineString", "coordinates": [[[-43.19118599363867, -22.985998137404067], [-43.191184992693195, -22.98600149457326]]]}, "properties": {"camada": "SSDMT", "COD_ID": "70344702", "CTMT": "PTS9088", "COMP": 0.4, "TIP_CND": "105924993_35_3", "energizado": true, "fonte": "PTS9088"}}, {"type": "Feature", "geometry": {"type": "MultiLineString", "coordinates": [[[-43.18986255311427, -22.986144131546382], [-43.18986363499869, -22.98614053156024]]]}, "properties": {"camada": "SSDMT", "COD_ID": "11771087", "CTMT": "PTS9088", "COMP": 0.43, "TIP_CND": "105924963_35_3", "energizado": true, "fonte": "PTS9088"}}, {"type": "Feature", "geometry": {"type": "MultiLineString", "coordinates": [[[-43.19076776931706, -22.986923404891172], [-43.19104616255032, -22.987030028512947]]]}, "properties": {"camada": "SSDMT", "COD_ID": "11378732", "CTMT": "PTS9088", "COMP": 32.13, "TIP_CND": "105924993_35_3", "energizado": true, "fonte": "PTS9088"}}, {"type": "Feature", "geometry": {"type": "MultiLineString", "coordinates": [[[-43.19076750401706, -22.985886300412403], [-43.19082981714229, -22.985902553859717]]]}, "properties": {"camada": "SSDMT", "COD_ID": "11659428", "CTMT": "PTS9088", "COMP": 6.9, "TIP_CND": "105924962_35_3", "energizado": true, "fonte": "PTS9088"}}, {"type": "Feature", "geometry": {"type": "MultiLineString", "coordinates": [[[-43.190760008167786, -22.9859108411124], [-43.19076750401706, -22.985886300412403]]]}, "properties": {"camada": "SSDMT", "COD_ID": "11659422", "CTMT": "PTS9088", "COMP": 2.94, "TIP_CND": "105924962_35_3", "energizado": true, "fonte": "PTS9088"}}, {"type": "Feature", "geometry": {"type": "MultiLineString", "coordinates": [[[-43.190826261222924, -22.98591397255177], [-43.190822470580486, -22.985913017471717]]]}, "properties": {"camada": "SSDMT", "COD_ID": "11659440", "CTMT": "PTS9088", "COMP": 0.42, "TIP_CND": "105924962_35_3", "energizado": true, "fonte": "PTS9088"}}, {"type": "Feature", "geometry": {"type": "MultiLineString", "coordinates": [[[-43.19076811105941, -22.9869160394436], [-43.190766723405545, -22.98692065656303]]]}, "properties": {"camada": "SSDMT", "COD_ID": "263632516", "CTMT": "PTS9088", "COMP": 0.55, "TIP_CND": "105924981_35_3", "energizado": true, "fonte": "PTS9088"}}, {"type": "Feature", "geometry": {"type": "MultiLineString", "coordinates": [[[-43.1907491497534, -22.98590816113267], [-43.190760008167786, -22.9859108411124]]]}, "properties": {"camada": "SSDMT", "COD_ID": "11659416", "CTMT": "PTS9088", "COMP": 1.2, "TIP_CND": "105924962_35_3", "energizado": true, "fonte": "PTS9088"}}, {"type": "Feature", "geometry": {"type": "MultiLineString", "coordinates": [[[-43.19078526742612, -22.986819285881268], [-43.19076964170557, -22.98691098255574]]]}, "properties": {"camada": "SSDMT", "COD_ID": "11378606", "CTMT": "PTS9088", "COMP": 10.69, "TIP_CND": "105924981_35_3", "energizado": true, "fonte": "PTS9088"}}, {"type": "Feature", "geometry": {"type": "MultiLineString", "coordinates": [[[-43.18985649168371, -22.98608219523709], [-43.18985522813625, -22.986086289850334]]]}, "properties": {"camada": "SSDMT", "COD_ID": "11777105", "CTMT": "PTS9088", "COMP": 0.49, "TIP_CND": "105924963_35_3", "energizado": true, "fonte": "PTS9088"}}, {"type": "Feature", "geometry": {"type": "MultiLineString", "coordinates": [[[-43.191109113294885, -22.986985975222524], [-43.191108686116934, -22.986987298125257]]]}, "properties": {"camada": "SSDMT", "COD_ID": "310237224", "CTMT": "PTS9088", "COMP": 0.16, "TIP_CND": "105924993_35_3", "energizado": true, "fonte": "PTS9088"}}, {"type": "Feature", "geometry": {"type": "MultiLineString", "coordinates": [[[-43.18986064025631, -22.986227802670896], [-43.189845282533724, -22.98622382586882]]]}, "properties": {"camada": "SSDMT", "COD_ID": "11378066", "CTMT": "PTS9088", "COMP": 1.7, "TIP_CND": "105924963_35_3", "energizado": true, "fonte": "PTS9088"}}, {"type": "Feature", "geometry": {"type": "MultiLineString", "coordinates": [[[-43.19079032791126, -22.98680254680005], [-43.19078762275052, -22.986811637147298]]]}, "properties": {"camada": "SSDMT", "COD_ID": "23390904", "CTMT": "PTS9088", "COMP": 1.09, "TIP_CND": "105924993_35_3", "energizado": true, "fonte": "PTS9088"}}, {"type": "Feature", "geometry": {"type": "MultiLineString", "coordinates": [[[-43.19106237732683, -22.985951220672234], [-43.191055740330114, -22.985950043459695]]]}, "properties": {"camada": "SSDMT", "COD_ID": "11377826", "CTMT": "PTS9088", "COMP": 0.72, "TIP_CND": "105924967_35_3", "energizado": true, "fonte": "PTS9088"}}, {"type": "Feature", "geometry": {"type": "MultiLineString", "coordinates": [[[-43.19115936741082, -22.985991421267045], [-43.1911690594045, -22.985993880013496]]]}, "properties": {"camada": "SSDMT", "COD_ID": "70344689", "CTMT": "PTS9088", "COMP": 1.07, "TIP_CND": "105924993_35_3", "energizado": true, "fonte": "PTS9088"}}, {"type": "Feature", "geometry": {"type": "MultiLineString", "coordinates": [[[-43.191055740330114, -22.985950043459695], [-43.1906187255737, -22.985841471007063]]]}, "properties": {"camada": "SSDMT", "COD_ID": "11377856", "CTMT": "PTS9088", "COMP": 48.25, "TIP_CND": "105924967_35_3", "energizado": true, "fonte": "PTS9088"}}, {"type": "Feature", "geometry": {"type": "MultiLineString", "coordinates": [[[-43.190596666103204, -22.98583609036325], [-43.190214882310954, -22.98574242507283]]]}, "properties": {"camada": "SSDMT", "COD_ID": "11377940", "CTMT": "PTS9088", "COMP": 42.12, "TIP_CND": "105924967_35_3", "energizado": true, "fonte": "PTS9088"}}, {"type": "Feature", "geometry": {"type": "MultiLineString", "coordinates": [[[-43.19111293271561, -22.986996521572166], [-43.19111900403874, -22.986977825566157]]]}, "properties": {"camada": "SSDMT", "COD_ID": "11698378", "CTMT": "PTS9088", "COMP": 2.25, "TIP_CND": "105924963_35_3", "energizado": true, "fonte": "PTS9088"}}, {"type": "Feature", "geometry": {"type": "MultiLineString", "coordinates": [[[-43.191453840522286, -22.986058639294697], [-43.19146695353703, -22.986061976678855]]]}, "properties": {"camada": "SSDMT", "COD_ID": "70344536", "CTMT": "PTS9088", "COMP": 1.45, "TIP_CND": "105924993_35_3", "energizado": true, "fonte": "PTS9088"}}, {"type": "Feature", "geometry": {"type": "MultiLineString", "coordinates": [[[-43.19105828181421, -22.985959193162216], [-43.19097617371142, -22.986181539746212]]]}, "properties": {"camada": "SSDMT", "COD_ID": "12276139", "CTMT": "PTS9088", "COMP": 27.06, "TIP_CND": "105924967_35_3", "energizado": true, "fonte": "PTS9088"}}, {"type": "Feature", "geometry": {"type": "MultiLineString", "coordinates": [[[-43.19131141309117, -22.98510649376965], [-43.19106497546818, -22.985942879460254]]]}, "properties": {"camada": "SSDMT", "COD_ID": "11377418", "CTMT": "PTS9088", "COMP": 99.85, "TIP_CND": "105924967_35_3", "energizado": true, "fonte": "PTS9088"}}, {"type": "Feature", "geometry": {"type": "MultiLineString", "coordinates": [[[-43.19110825893898, -22.98698855717612], [-43.19110747652877, -22.986990950272116]]]}, "properties": {"camada": "SSDMT", "COD_ID": "11698396", "CTMT": "PTS9088", "COMP": 0.29, "TIP_CND": "105924993_35_3", "energizado": true, "fonte": "PTS9088"}}, {"type": "Feature", "geometry": {"type": "MultiLineString", "coordinates": [[[-43.19106237732683, -22.985951220672234], [-43.191073599966614, -22.98595368841194]]]}, "properties": {"camada": "SSDMT", "COD_ID": "11377694", "CTMT": "PTS9088", "COMP": 1.23, "TIP_CND": "105924993_35_3", "energizado": true, "fonte": "PTS9088"}}, {"type": "Feature", "geometry": {"type": "MultiLineString", "coordinates": [[[-43.19104878497342, -22.986978757263785], [-43.19111293271561, -22.986996521572166]]]}, "properties": {"camada": "SSDMT", "COD_ID": "11698372", "CTMT": "PTS9088", "COMP": 7.14, "TIP_CND": "105924963_35_3", "energizado": true, "fonte": "PTS9088"}}, {"type": "Feature", "geometry": {"type": "MultiLineString", "coordinates": [[[-43.19002879998908, -22.985672398462384], [-43.189862170902416, -22.98622269092442]]]}, "properties": {"camada": "SSDMT", "COD_ID": "11378042", "CTMT": "PTS9088", "COMP": 65.82, "TIP_CND": "105924967_35_3", "energizado": true, "fonte": "PTS9088"}}, {"type": "Feature", "geometry": {"type": "MultiLineString", "coordinates": [[[-43.1911690594045, -22.985993880013496], [-43.19117177715577, -22.985984582822198]]]}, "properties": {"camada": "SSDMT", "COD_ID": "70344742", "CTMT": "PTS9088", "COMP": 1.11, "TIP_CND": "105924993_35_3", "energizado": true, "fonte": "PTS9088"}}, {"type": "Feature", "geometry": {"type": "MultiLineString", "coordinates": [[[-43.189862170902416, -22.98622269092442], [-43.18986064025631, -22.986227802670896]]]}, "properties": {"camada": "SSDMT", "COD_ID": "11378048", "CTMT": "PTS9088", "COMP": 0.61, "TIP_CND": "105924967_35_3", "energizado": true, "fonte": "PTS9088"}}, {"type": "Feature", "geometry": {"type": "MultiLineString", "coordinates": [[[-43.1906187255737, -22.985841471007063], [-43.190603990181955, -22.985838332373078]]]}, "properties": {"camada": "SSDMT", "COD_ID": "11377898", "CTMT": "PTS9088", "COMP": 1.61, "TIP_CND": "105924967_35_3", "energizado": true, "fonte": "PTS9088"}}, {"type": "Feature", "geometry": {"type": "MultiLineString", "coordinates": [[[-43.18985159037857, -22.986131679533344], [-43.189867157643164, -22.986080375908557]]]}, "properties": {"camada": "SSDMT", "COD_ID": "11777093", "CTMT": "PTS9088", "COMP": 6.14, "TIP_CND": "105924963_35_3", "energizado": true, "fonte": "PTS9088"}}, {"type": "Feature", "geometry": {"type": "MultiLineString", "coordinates": [[[-43.191174577644574, -22.985985246521864], [-43.19118221828472, -22.985987167473752]]]}, "properties": {"camada": "SSDMT", "COD_ID": "517208062", "CTMT": "PTS9088", "COMP": 0.84, "TIP_CND": "105924993_35_3", "energizado": true, "fonte": "PTS9088"}}, {"type": "Feature", "geometry": {"type": "MultiLineString", "coordinates": [[[-43.190613254098366, -22.985844334448416], [-43.1907491497534, -22.98590816113267]]]}, "properties": {"camada": "SSDMT", "COD_ID": "11377934", "CTMT": "PTS9088", "COMP": 16.25, "TIP_CND": "105924962_35_3", "energizado": true, "fonte": "PTS9088"}}, {"type": "Feature", "geometry": {"type": "MultiLineString", "coordinates": [[[-43.18986363499869, -22.98614053156024], [-43.189828079402275, -22.986131320703862]]]}, "properties": {"camada": "SSDMT", "COD_ID": "11771093", "CTMT": "PTS9088", "COMP": 3.94, "TIP_CND": "105924963_35_3", "energizado": true, "fonte": "PTS9088"}}, {"type": "Feature", "geometry": {"type": "MultiLineString", "coordinates": [[[-43.19118221828472, -22.985987167473752], [-43.19118539828747, -22.985987898622568]]]}, "properties": {"camada": "SSDMT", "COD_ID": "517208072", "CTMT": "PTS9088", "COMP": 0.35, "TIP_CND": "105924993_35_3", "energizado": true, "fonte": "PTS9088"}}, {"type": "Feature", "geometry": {"type": "MultiLineString", "coordinates": [[[-43.19105456041956, -22.98696180953982], [-43.19104878497342, -22.986978757263785]]]}, "properties": {"camada": "SSDMT", "COD_ID": "11698366", "CTMT": "PTS9088", "COMP": 2.05, "TIP_CND": "105924963_35_3", "energizado": true, "fonte": "PTS9088"}}, {"type": "Feature", "geometry": {"type": "MultiLineString", "coordinates": [[[-43.19107130489675, -22.987039707016834], [-43.19106884435166, -22.987047978081705]]]}, "properties": {"camada": "SSDMT", "COD_ID": "71775046", "CTMT": "PTS9088", "COMP": 0.99, "TIP_CND": "105924968_35_3", "energizado": true, "fonte": "PTS9088"}}, {"type": "Feature", "geometry": {"type": "MultiLineString", "coordinates": [[[-43.191450846679174, -22.986068809727726], [-43.191453840522286, -22.986058639294697]]]}, "properties": {"camada": "SSDMT", "COD_ID": "70344546", "CTMT": "PTS9088", "COMP": 1.21, "TIP_CND": "105924993_35_3", "energizado": true, "fonte": "PTS9088"}}, {"type": "Feature", "geometry": {"type": "MultiLineString", "coordinates": [[[-43.191054652150456, -22.98702311812235], [-43.19103382744913, -22.98697623826274]]]}, "properties": {"camada": "SSDMT", "COD_ID": "12119487", "CTMT": "PTS9088", "COMP": 5.84, "TIP_CND": "105924963_35_3", "energizado": true, "fonte": "PTS9088"}}, {"type": "Feature", "geometry": {"type": "MultiLineString", "coordinates": [[[-43.19106884435166, -22.987047978081705], [-43.19136079666339, -22.987122238700294]]]}, "properties": {"camada": "SSDMT", "COD_ID": "11906823", "CTMT": "PTS9088", "COMP": 32.29, "TIP_CND": "105924968_35_3", "energizado": true, "fonte": "PTS9088"}}, {"type": "Feature", "geometry": {"type": "MultiLineString", "coordinates": [[[-43.19104616255032, -22.987030028512947], [-43.191056168407385, -22.987034477459133]]]}, "properties": {"camada": "SSDMT", "COD_ID": "11378798", "CTMT": "PTS9088", "COMP": 1.18, "TIP_CND": "105924993_35_3", "energizado": true, "fonte": "PTS9088"}}, {"type": "Feature", "geometry": {"type": "MultiLineString", "coordinates": [[[-43.190603990181955, -22.985838332373078], [-43.190596666103204, -22.98583609036325]]]}, "properties": {"camada": "SSDMT", "COD_ID": "11377928", "CTMT": "PTS9088", "COMP": 0.82, "TIP_CND": "105924967_35_3", "energizado": true, "fonte": "PTS9088"}}, {"type": "Feature", "geometry": {"type": "MultiLineString", "coordinates": [[[-43.19106497546818, -22.985942879460254], [-43.19106237732683, -22.985951220672234]]]}, "properties": {"camada": "SSDMT", "COD_ID": "11377466", "CTMT": "PTS9088", "COMP": 1.0, "TIP_CND": "105924967_35_3", "energizado": true, "fonte": "PTS9088"}}, {"type": "Feature", "geometry": {"type": "MultiLineString", "coordinates": [[[-43.19103963257294, -22.986957801261497], [-43.19104664188899, -22.986959543248304]]]}, "properties": {"camada": "SSDMT", "COD_ID": "11378852", "CTMT": "PTS9088", "COMP": 0.77, "TIP_CND": "105924963_35_3", "energizado": true, "fonte": "PTS9088"}}, {"type": "Feature", "geometry": {"type": "MultiLineString", "coordinates": [[[-43.191605487802974, -22.987010591465605], [-43.19079337751231, -22.986815296488714]]]}, "properties": {"camada": "SSDMT", "COD_ID": "11218930", "CTMT": "PTS9924", "COMP": 89.47, "TIP_CND": "105924993_35_3", "energizado": true, "fonte": "PTS9924"}}, {"type": "Feature", "geometry": {"type": "MultiLineString", "coordinates": [[[-43.19079337751231, -22.986815296488714], [-43.19078777833329, -22.98681386027141]]]}, "properties": {"camada": "SSDMT", "COD_ID": "11218936", "CTMT": "PTS9924", "COMP": 0.62, "TIP_CND": "105924993_35_3", "energizado": true, "fonte": "PTS9924"}}, {"type": "Feature", "geometry": {"type": "MultiLineString", "coordinates": [[[-43.18991886236557, -22.98657852118174], [-43.18991554296787, -22.986589762707354]]]}, "properties": {"camada": "SSDMT", "COD_ID": "11219086", "CTMT": "PTS9924", "COMP": 1.34, "TIP_CND": "105924981_35_3", "energizado": true, "fonte": "PTS9924"}}, {"type": "Feature", "geometry": {"type": "MultiLineString", "coordinates": [[[-43.190781878780626, -22.986812320632055], [-43.189925651347664, -22.986594610053146]]]}, "properties": {"camada": "SSDMT", "COD_ID": "11219074", "CTMT": "PTS9924", "COMP": 94.68, "TIP_CND": "105924969_35_3", "energizado": true, "fonte": "PTS9924"}}, {"type": "Feature", "geometry": {"type": "MultiLineString", "coordinates": [[[-43.19017268072457, -22.985809670080187], [-43.190200606472786, -22.98574366164064]]]}, "properties": {"camada": "SSDMT", "COD_ID": "11219224", "CTMT": "PTS9924", "COMP": 8.17, "TIP_CND": "105924967_35_3", "energizado": true, "fonte": "PTS9924"}}, {"type": "Feature", "geometry": {"type": "MultiLineString", "coordinates": [[[-43.18991554296787, -22.986589762707354], [-43.18988373754439, -22.986697365690816]]]}, "properties": {"camada": "SSDMT", "COD_ID": "11219092", "CTMT": "PTS9924", "COMP": 12.85, "TIP_CND": "105924981_35_3", "energizado": true, "fonte": "PTS9924"}}, {"type": "Feature", "geometry": {"type": "MultiLineString", "coordinates": [[[-43.19001953697199, -22.98623719608969], [-43.19010752124507, -22.9860080272486]]]}, "properties": {"camada": "SSDMT", "COD_ID": "12173361", "CTMT": "PTS9924", "COMP": 28.01, "TIP_CND": "105924967_35_3", "energizado": true, "fonte": "PTS9924"}}, {"type": "Feature", "geometry": {"type": "MultiLineString", "coordinates": [[[-43.189925651347664, -22.986594610053146], [-43.189929612861306, -22.98658125422145]]]}, "properties": {"camada": "SSDMT", "COD_ID": "92643761", "CTMT": "PTS9924", "COMP": 1.6, "TIP_CND": "105924969_35_3", "energizado": true, "fonte": "PTS9924"}}, {"type": "Feature", "geometry": {"type": "MultiLineString", "coordinates": [[[-43.189922420083576, -22.98657941960448], [-43.18991886236557, -22.98657852118174]]]}, "properties": {"camada": "SSDMT", "COD_ID": "263632540", "CTMT": "PTS9924", "COMP": 0.39, "TIP_CND": "105924969_35_3", "energizado": true, "fonte": "PTS9924"}}, {"type": "Feature", "geometry": {"type": "MultiLineString", "coordinates": [[[-43.190200606472786, -22.98574366164064], [-43.19020230439281, -22.985735517380192]]]}, "properties": {"camada": "SSDMT", "COD_ID": "11219266", "CTMT": "PTS9924", "COMP": 0.96, "TIP_CND": "105924967_35_3", "energizado": true, "fonte": "PTS9924"}}, {"type": "Feature", "geometry": {"type": "MultiLineString", "coordinates": [[[-43.189929612861306, -22.98658125422145], [-43.189922420083576, -22.98657941960448]]]}, "properties": {"camada": "SSDMT", "COD_ID": "11219080", "CTMT": "PTS9924", "COMP": 0.8, "TIP_CND": "105924969_35_3", "energizado": true, "fonte": "PTS9924"}}, {"type": "Feature", "geometry": {"type": "MultiLineString", "coordinates": [[[-43.18986937986796, -22.986693716241973], [-43.189657174039326, -22.98667523337525]]]}, "properties": {"camada": "SSDMT", "COD_ID": "11219134", "CTMT": "PTS9924", "COMP": 22.73, "TIP_CND": "105924993_35_3", "energizado": true, "fonte": "PTS9924"}}, {"type": "Feature", "geometry": {"type": "MultiLineString", "coordinates": [[[-43.19078777833329, -22.98681386027141], [-43.190781878780626, -22.986812320632055]]]}, "properties": {"camada": "SSDMT", "COD_ID": "11218942", "CTMT": "PTS9924", "COMP": 0.65, "TIP_CND": "105924969_35_3", "energizado": true, "fonte": "PTS9924"}}, {"type": "Feature", "geometry": {"type": "MultiLineString", "coordinates": [[[-43.18991886236557, -22.98657852118174], [-43.18992131211883, -22.986568832785338]]]}, "properties": {"camada": "SSDMT", "COD_ID": "11219194", "CTMT": "PTS9924", "COMP": 1.15, "TIP_CND": "105924967_35_3", "energizado": true, "fonte": "PTS9924"}}, {"type": "Feature", "geometry": {"type": "MultiLineString", "coordinates": [[[-43.19096933616589, -22.986186681170352], [-43.190951719346344, -22.98620300566415]]]}, "properties": {"camada": "SSDMT", "COD_ID": "12090543", "CTMT": "PTS9924", "COMP": 2.66, "TIP_CND": "105924962_35_3", "energizado": true, "fonte": "PTS9924"}}, {"type": "Feature", "geometry": {"type": "MultiLineString", "coordinates": [[[-43.19097224637204, -22.986188620108692], [-43.1909720287361, -22.986187370950347]]]}, "properties": {"camada": "SSDMT", "COD_ID": "12275797", "CTMT": "PTS9924", "COMP": 0.15, "TIP_CND": "105924967_35_3", "energizado": true, "fonte": "PTS9924"}}, {"type": "Feature", "geometry": {"type": "MultiLineString", "coordinates": [[[-43.18988373754439, -22.986697365690816], [-43.189876446740584, -22.986695512188078]]]}, "properties": {"camada": "SSDMT", "COD_ID": "11359272", "CTMT": "PTS9924", "COMP": 0.81, "TIP_CND": "105924981_35_3", "energizado": true, "fonte": "PTS9924"}}, {"type": "Feature", "geometry": {"type": "MultiLineString", "coordinates": [[[-43.19087873216773, -22.986292538569728], [-43.19087943723622, -22.98629013558127]]]}, "properties": {"camada": "SSDMT", "COD_ID": "12222709", "CTMT": "PTS9924", "COMP": 0.29, "TIP_CND": "105924962_35_3", "energizado": true, "fonte": "PTS9924"}}, {"type": "Feature", "geometry": {"type": "MultiLineString", "coordinates": [[[-43.19001580568482, -22.986244892487775], [-43.19001953697199, -22.98623719608969]]]}, "properties": {"camada": "SSDMT", "COD_ID": "11219218", "CTMT": "PTS9924", "COMP": 0.97, "TIP_CND": "105924967_35_3", "energizado": true, "fonte": "PTS9924"}}, {"type": "Feature", "geometry": {"type": "MultiLineString", "coordinates": [[[-43.19010752124507, -22.9860080272486], [-43.19017268072457, -22.985809670080187]]]}, "properties": {"camada": "SSDMT", "COD_ID": "12173355", "CTMT": "PTS9924", "COMP": 23.88, "TIP_CND": "105924967_35_3", "energizado": true, "fonte": "PTS9924"}}, {"type": "Feature", "geometry": {"type": "MultiLineString", "coordinates": [[[-43.190951719346344, -22.98620300566415], [-43.19094201746009, -22.986214453134437]]]}, "properties": {"camada": "SSDMT", "COD_ID": "12090555", "CTMT": "PTS9924", "COMP": 1.68, "TIP_CND": "105924962_35_3", "energizado": true, "fonte": "PTS9924"}}, {"type": "Feature", "geometry": {"type": "MultiLineString", "coordinates": [[[-43.190791086039724, -22.98680274555022], [-43.19097224637204, -22.986188620108692]]]}, "properties": {"camada": "SSDMT", "COD_ID": "11219044", "CTMT": "PTS9924", "COMP": 73.32, "TIP_CND": "105924967_35_3", "energizado": true, "fonte": "PTS9924"}}, {"type": "Feature", "geometry": {"type": "MultiLineString", "coordinates": [[[-43.18992131211883, -22.986568832785338], [-43.19001580568482, -22.986244892487775]]]}, "properties": {"camada": "SSDMT", "COD_ID": "11219200", "CTMT": "PTS9924", "COMP": 38.65, "TIP_CND": "105924967_35_3", "energizado": true, "fonte": "PTS9924"}}, {"type": "Feature", "geometry": {"type": "MultiLineString", "coordinates": [[[-43.190932192366745, -22.986235291325613], [-43.190934672696926, -22.98623941111987]]]}, "properties": {"camada": "SSDMT", "COD_ID": "12222685", "CTMT": "PTS9924", "COMP": 0.54, "TIP_CND": "105924962_35_3", "energizado": true, "fonte": "PTS9924"}}, {"type": "Feature", "geometry": {"type": "MultiLineString", "coordinates": [[[-43.19078777833329, -22.98681386027141], [-43.190791086039724, -22.98680274555022]]]}, "properties": {"camada": "SSDMT", "COD_ID": "12275977", "CTMT": "PTS9924", "COMP": 1.33, "TIP_CND": "105924967_35_3", "energizado": true, "fonte": "PTS9924"}}, {"type": "Feature", "geometry": {"type": "MultiLineString", "coordinates": [[[-43.19020230439281, -22.985735517380192], [-43.190204554496574, -22.9857298633425]]]}, "properties": {"camada": "SSDMT", "COD_ID": "22565265", "CTMT": "PTS9924", "COMP": 0.69, "TIP_CND": "105924967_35_3", "energizado": true, "fonte": "PTS9924"}}, {"type": "Feature", "geometry": {"type": "MultiLineString", "coordinates": [[[-43.190934672696926, -22.98623941111987], [-43.190945678600144, -22.986242100992115]]]}, "properties": {"camada": "SSDMT", "COD_ID": "12222691", "CTMT": "PTS9924", "COMP": 1.21, "TIP_CND": "105924962_35_3", "energizado": true, "fonte": "PTS9924"}}, {"type": "Feature", "geometry": {"type": "MultiLineString", "coordinates": [[[-43.1909265743019, -22.98630565518181], [-43.19087873216773, -22.986292538569728]]]}, "properties": {"camada": "SSDMT", "COD_ID": "12222703", "CTMT": "PTS9924", "COMP": 5.32, "TIP_CND": "105924962_35_3", "energizado": true, "fonte": "PTS9924"}}, {"type": "Feature", "geometry": {"type": "MultiLineString", "coordinates": [[[-43.190945678600144, -22.986242100992115], [-43.1909265743019, -22.98630565518181]]]}, "properties": {"camada": "SSDMT", "COD_ID": "12222697", "CTMT": "PTS9924", "COMP": 7.6, "TIP_CND": "105924962_35_3", "energizado": true, "fonte": "PTS9924"}}, {"type": "Feature", "geometry": {"type": "MultiLineString", "coordinates": [[[-43.1909720287361, -22.986187370950347], [-43.19096933616589, -22.986186681170352]]]}, "properties": {"camada": "SSDMT", "COD_ID": "11219056", "CTMT": "PTS9924", "COMP": 0.3, "TIP_CND": "105924962_35_3", "energizado": true, "fonte": "PTS9924"}}, {"type": "Feature", "geometry": {"type": "MultiLineString", "coordinates": [[[-43.190204554496574, -22.9857298633425], [-43.1904338690278, -22.98489726649558]]]}, "properties": {"camada": "SSDMT", "COD_ID": "11219272", "CTMT": "PTS9924", "COMP": 98.96, "TIP_CND": "105924967_35_3", "energizado": true, "fonte": "PTS9924"}}, {"type": "Feature", "geometry": {"type": "MultiLineString", "coordinates": [[[-43.19088095709043, -22.98628506880084], [-43.19088248503863, -22.986280236743482]]]}, "properties": {"camada": "SSDMT", "COD_ID": "12222715", "CTMT": "PTS9924", "COMP": 0.58, "TIP_CND": "105924962_35_3", "energizado": true, "fonte": "PTS9924"}}, {"type": "Feature", "geometry": {"type": "MultiLineString", "coordinates": [[[-43.189876446740584, -22.986695512188078], [-43.18986937986796, -22.986693716241973]]]}, "properties": {"camada": "SSDMT", "COD_ID": "11219110", "CTMT": "PTS9924", "COMP": 0.78, "TIP_CND": "105924993_35_3", "energizado": true, "fonte": "PTS9924"}}, {"type": "Feature", "geometry": {"type": "MultiLineString", "coordinates": [[[-43.19094201746009, -22.986214453134437], [-43.190932192366745, -22.986235291325613]]]}, "properties": {"camada": "SSDMT", "COD_ID": "11219062", "CTMT": "PTS9924", "COMP": 2.62, "TIP_CND": "105924962_35_3", "energizado": true, "fonte": "PTS9924"}}, {"type": "Feature", "geometry": {"type": "MultiLineString", "coordinates": [[[-43.20264986130201, -22.983178785272685], [-43.20264933789656, -22.983171121250223]]]}, "properties": {"camada": "SSDMT", "COD_ID": "11851511", "CTMT": "PTS0001", "COMP": 0.88, "TIP_CND": "105924968_35_3", "energizado": false, "fonte": null}}, {"type": "Feature", "geometry": {"type": "MultiLineString", "coordinates": [[[-43.20285748778281, -22.98319153586067], [-43.20302367260439, -22.983182928449366]]]}, "properties": {"camada": "SSDMT", "COD_ID": "12391559", "CTMT": "PTS0001", "COMP": 17.75, "TIP_CND": "105924968_35_3", "energizado": false, "fonte": null}}, {"type": "Feature", "geometry": {"type": "MultiLineString", "coordinates": [[[-43.202710681552674, -22.98318259120356], [-43.20271248559271, -22.98318260289477]]]}, "properties": {"camada": "SSDMT", "COD_ID": "12391505", "CTMT": "PTS0001", "COMP": 0.19, "TIP_CND": "105924968_35_3", "energizado": false, "fonte": null}}, {"type": "Feature", "geometry": {"type": "MultiLineString", "coordinates": [[[-43.20302367260439, -22.983182928449366], [-43.20323926707846, -22.983189836142003]]]}, "properties": {"camada": "SSDMT", "COD_ID": "12391565", "CTMT": "PTS0001", "COMP": 23.0, "TIP_CND": "105924968_35_3", "energizado": false, "fonte": null}}, {"type": "Feature", "geometry": {"type": "MultiLineString", "coordinates": [[[-43.20382625907456, -22.983141537152164], [-43.20413647301979, -22.983104735095424]]]}, "properties": {"camada": "SSDMT", "COD_ID": "297599478", "CTMT": "PTS0001", "COMP": 33.35, "TIP_CND": "105924968_35_3", "energizado": false, "fonte": null}}, {"type": "Feature", "geometry": {"type": "MultiLineString", "coordinates": [[[-43.20247680655933, -22.98319210063488], [-43.202579712383795, -22.98316569833827]]]}, "properties": {"camada": "SSDMT", "COD_ID": "11418654", "CTMT": "PTS0001", "COMP": 11.39, "TIP_CND": "105924968_35_3", "energizado": false, "fonte": null}}, {"type": "Feature", "geometry": {"type": "MultiLineString", "coordinates": [[[-43.20247266608061, -22.983196866142407], [-43.202487417660166, -22.983198786194976]]]}, "properties": {"camada": "SSDMT", "COD_ID": "11419086", "CTMT": "PTS0001", "COMP": 1.59, "TIP_CND": "105924968_35_3", "energizado": false, "fonte": null}}, {"type": "Feature", "geometry": {"type": "MultiLineString", "coordinates": [[[-43.202719315943625, -22.983183095723234], [-43.20282597913558, -22.983176467719773]]]}, "properties": {"camada": "SSDMT", "COD_ID": "12391535", "CTMT": "PTS0001", "COMP": 11.4, "TIP_CND": "105924968_35_3", "energizado": false, "fonte": null}}, {"type": "Feature", "geometry": {"type": "MultiLineString", "coordinates": [[[-43.20346727579408, -22.983137166447023], [-43.20348355712042, -22.983136168199565]]]}, "properties": {"camada": "SSDMT", "COD_ID": "297599765", "CTMT": "PTS0001", "COMP": 1.74, "TIP_CND": "105924968_35_3", "energizado": false, "fonte": null}}, {"type": "Feature", "geometry": {"type": "MultiLineString", "coordinates": [[[-43.20282597913558, -22.983176467719773], [-43.20285748778281, -22.98319153586067]]]}, "properties": {"camada": "SSDMT", "COD_ID": "12391553", "CTMT": "PTS0001", "COMP": 3.78, "TIP_CND": "105924968_35_3", "energizado": false, "fonte": null}}, {"type": "Feature", "geometry": {"type": "MultiLineString", "coordinates": [[[-43.202585356528914, -22.983182108267613], [-43.20264986130201, -22.983178785272685]]]}, "properties": {"camada": "SSDMT", "COD_ID": "11851505", "CTMT": "PTS0001", "COMP": 6.89, "TIP_CND": "105924968_35_3", "energizado": false, "fonte": null}}, {"type": "Feature", "geometry": {"type": "MultiLineString", "coordinates": [[[-43.20323926707846, -22.983189836142003], [-43.20338883602591, -22.983144755825776]]]}, "properties": {"camada": "SSDMT", "COD_ID": "12391571", "CTMT": "PTS0001", "COMP": 16.77, "TIP_CND": "105924968_35_3", "energizado": false, "fonte": null}}, {"type": "Feature", "geometry": {"type": "MultiLineString", "coordinates": [[[-43.20262762286649, -22.983172157269223], [-43.20262045167249, -22.983172382999044]]]}, "properties": {"camada": "SSDMT", "COD_ID": "11851523", "CTMT": "PTS0001", "COMP": 0.77, "TIP_CND": "105924987_35_3", "energizado": false, "fonte": null}}, {"type": "Feature", "geometry": {"type": "MultiLineString", "coordinates": [[[-43.203485864780816, -22.98313719702395], [-43.20382625907456, -22.983141537152164]]]}, "properties": {"camada": "SSDMT", "COD_ID": "297599457", "CTMT": "PTS0001", "COMP": 36.3, "TIP_CND": "105924968_35_3", "energizado": false, "fonte": null}}, {"type": "Feature", "geometry": {"type": "MultiLineString", "coordinates": [[[-43.202579712383795, -22.98316569833827], [-43.20258462987675, -22.98316479721757]]]}, "properties": {"camada": "SSDMT", "COD_ID": "11851493", "CTMT": "PTS0001", "COMP": 0.53, "TIP_CND": "105924968_35_3", "energizado": false, "fonte": null}}, {"type": "Feature", "geometry": {"type": "MultiLineString", "coordinates": [[[-43.20231069638152, -22.98320537642695], [-43.20232588143426, -22.983204736109656]]]}, "properties": {"camada": "SSDMT", "COD_ID": "39247406", "CTMT": "PTS0001", "COMP": 1.62, "TIP_CND": "105924968_35_3", "energizado": false, "fonte": null}}, {"type": "Feature", "geometry": {"type": "MultiLineString", "coordinates": [[[-43.20246869647315, -22.98319688502818], [-43.20247266608061, -22.983196866142407]]]}, "properties": {"camada": "SSDMT", "COD_ID": "11418588", "CTMT": "PTS0001", "COMP": 0.42, "TIP_CND": "105924979_35_3", "energizado": false, "fonte": null}}, {"type": "Feature", "geometry": {"type": "MultiLineString", "coordinates": [[[-43.20271248559271, -22.98318260289477], [-43.202719315943625, -22.983183095723234]]]}, "properties": {"camada": "SSDMT", "COD_ID": "12391529", "CTMT": "PTS0001", "COMP": 0.73, "TIP_CND": "105924968_35_3", "energizado": false, "fonte": null}}, {"type": "Feature", "geometry": {"type": "MultiLineString", "coordinates": [[[-43.20232588143426, -22.983204736109656], [-43.20246869647315, -22.98319688502818]]]}, "properties": {"camada": "SSDMT", "COD_ID": "39247412", "CTMT": "PTS0001", "COMP": 15.26, "TIP_CND": "105924968_35_3", "energizado": false, "fonte": null}}, {"type": "Feature", "geometry": {"type": "MultiLineString", "coordinates": [[[-43.20247266608061, -22.983196866142407], [-43.202476686050204, -22.983194545891536]]]}, "properties": {"camada": "SSDMT", "COD_ID": "297599729", "CTMT": "PTS0001", "COMP": 0.51, "TIP_CND": "105924968_35_3", "energizado": false, "fonte": null}}, {"type": "Feature", "geometry": {"type": "MultiLineString", "coordinates": [[[-43.20258462987675, -22.98316479721757], [-43.202585356528914, -22.983182108267613]]]}, "properties": {"camada": "SSDMT", "COD_ID": "11851499", "CTMT": "PTS0001", "COMP": 2.0, "TIP_CND": "105924968_35_3", "energizado": false, "fonte": null}}, {"type": "Feature", "geometry": {"type": "MultiLineString", "coordinates": [[[-43.20348355712042, -22.983136168199565], [-43.203485864780816, -22.98313719702395]]]}, "properties": {"camada": "SSDMT", "COD_ID": "297599511", "CTMT": "PTS0001", "COMP": 0.27, "TIP_CND": "105924968_35_3", "energizado": false, "fonte": null}}, {"type": "Feature", "geometry": {"type": "MultiLineString", "coordinates": [[[-43.20338883602591, -22.983144755825776], [-43.20346727579408, -22.983137166447023]]]}, "properties": {"camada": "SSDMT", "COD_ID": "12391523", "CTMT": "PTS0001", "COMP": 8.41, "TIP_CND": "105924968_35_3", "energizado": false, "fonte": null}}, {"type": "Feature", "geometry": {"type": "MultiLineString", "coordinates": [[[-43.202476686050204, -22.983194545891536], [-43.20247680655933, -22.98319210063488]]]}, "properties": {"camada": "SSDMT", "COD_ID": "11418600", "CTMT": "PTS0001", "COMP": 0.28, "TIP_CND": "105924968_35_3", "energizado": false, "fonte": null}}, {"type": "Feature", "geometry": {"type": "MultiLineString", "coordinates": [[[-43.20264933789656, -22.983171121250223], [-43.20263318517334, -22.98317195851905]]]}, "properties": {"camada": "SSDMT", "COD_ID": "11851517", "CTMT": "PTS0001", "COMP": 1.73, "TIP_CND": "105924968_35_3", "energizado": false, "fonte": null}}, {"type": "Feature", "geometry": {"type": "MultiLineString", "coordinates": [[[-43.202487417660166, -22.983198786194976], [-43.202710681552674, -22.98318259120356]]]}, "properties": {"camada": "SSDMT", "COD_ID": "11419080", "CTMT": "PTS0001", "COMP": 23.88, "TIP_CND": "105924968_35_3", "energizado": false, "fonte": null}}, {"type": "Feature", "geometry": {"type": "MultiLineString", "coordinates": [[[-43.2007541282004, -22.98327379235161], [-43.20075406344921, -22.983269836233887]]]}, "properties": {"camada": "SSDMT", "COD_ID": "290373775", "CTMT": "PTS4022", "COMP": 0.46, "TIP_CND": "105925023_35_3", "energizado": true, "fonte": "PTS4022"}}, {"type": "Feature", "geometry": {"type": "MultiLineString", "coordinates": [[[-43.2008118080185, -22.98413646252766], [-43.20081191953443, -22.984127334408925]]]}, "properties": {"camada": "SSDMT", "COD_ID": "30298951", "CTMT": "PTS4022", "COMP": 1.05, "TIP_CND": "105925023_35_3", "energizado": true, "fonte": "PTS4022"}}, {"type": "Feature", "geometry": {"type": "MultiLineString", "coordinates": [[[-43.20075491960381, -22.983267787578313], [-43.20071516327414, -22.982680341424555]]]}, "properties": {"camada": "SSDMT", "COD_ID": "30299439", "CTMT": "PTS4022", "COMP": 67.79, "TIP_CND": "105925023_35_3", "energizado": true, "fonte": "PTS4022"}}, {"type": "Feature", "geometry": {"type": "MultiLineString", "coordinates": [[[-43.20082019599522, -22.984348095488144], [-43.20082741305464, -22.984333385277466]]]}, "properties": {"camada": "SSDMT", "COD_ID": "30298911", "CTMT": "PTS4022", "COMP": 1.86, "TIP_CND": "105925023_35_3", "energizado": true, "fonte": "PTS4022"}}, {"type": "Feature", "geometry": {"type": "MultiLineString", "coordinates": [[[-43.20079545204845, -22.98384967951904], [-43.20079523621115, -22.983814403611802]]]}, "properties": {"camada": "SSDMT", "COD_ID": "30298928", "CTMT": "PTS4022", "COMP": 4.06, "TIP_CND": "105925023_35_3", "energizado": true, "fonte": "PTS4022"}}, {"type": "Feature", "geometry": {"type": "MultiLineString", "coordinates": [[[-43.20075455897569, -22.98327812258725], [-43.20075615167502, -22.98326757533829]]]}, "properties": {"camada": "SSDMT", "COD_ID": "12832967", "CTMT": "PTS4022", "COMP": 1.23, "TIP_CND": "105924993_35_3", "energizado": true, "fonte": "PTS4022"}}, {"type": "Feature", "geometry": {"type": "MultiLineString", "coordinates": [[[-43.20081191953443, -22.984127334408925], [-43.20081092398493, -22.98411999953828]]]}, "properties": {"camada": "SSDMT", "COD_ID": "249988539", "CTMT": "PTS4022", "COMP": 0.85, "TIP_CND": "105925023_35_3", "energizado": true, "fonte": "PTS4022"}}, {"type": "Feature", "geometry": {"type": "MultiLineString", "coordinates": [[[-43.20081644941956, -22.984519205896618], [-43.20082020588774, -22.9845190683003]]]}, "properties": {"camada": "SSDMT", "COD_ID": "30298881", "CTMT": "PTS4022", "COMP": 0.4, "TIP_CND": "105925023_35_3", "energizado": true, "fonte": "PTS4022"}}, {"type": "Feature", "geometry": {"type": "MultiLineString", "coordinates": [[[-43.20081092398493, -22.98411999953828], [-43.20081089970324, -22.98411591751551]]]}, "properties": {"camada": "SSDMT", "COD_ID": "30298961", "CTMT": "PTS4022", "COMP": 0.47, "TIP_CND": "105925023_35_3", "energizado": true, "fonte": "PTS4022"}}, {"type": "Feature", "geometry": {"type": "MultiLineString", "coordinates": [[[-43.20075214699392, -22.983277572202155], [-43.20075455897569, -22.98327812258725]]]}, "properties": {"camada": "SSDMT", "COD_ID": "11427732", "CTMT": "PTS4022", "COMP": 0.26, "TIP_CND": "105924967_35_3", "energizado": true, "fonte": "PTS4022"}}, {"type": "Feature", "geometry": {"type": "MultiLineString", "coordinates": [[[-43.20079523621115, -22.983814403611802], [-43.200725483893905, -22.98355899884865]]]}, "properties": {"camada": "SSDMT", "COD_ID": "30299098", "CTMT": "PTS4022", "COMP": 30.34, "TIP_CND": "105925023_35_3", "energizado": true, "fonte": "PTS4022"}}, {"type": "Feature", "geometry": {"type": "MultiLineString", "coordinates": [[[-43.20075615167502, -22.98326757533829], [-43.200756194842484, -22.98326283501177]]]}, "properties": {"camada": "SSDMT", "COD_ID": "290373781", "CTMT": "PTS4022", "COMP": 0.55, "TIP_CND": "105924993_35_3", "energizado": true, "fonte": "PTS4022"}}, {"type": "Feature", "geometry": {"type": "MultiLineString", "coordinates": [[[-43.20082020588774, -22.9845190683003], [-43.200821223920286, -22.984509245904917]]]}, "properties": {"camada": "SSDMT", "COD_ID": "30298891", "CTMT": "PTS4022", "COMP": 1.14, "TIP_CND": "105925023_35_3", "energizado": true, "fonte": "PTS4022"}}, {"type": "Feature", "geometry": {"type": "MultiLineString", "coordinates": [[[-43.20079650245657, -22.983866126320606], [-43.20079545204845, -22.98384967951904]]]}, "properties": {"camada": "SSDMT", "COD_ID": "145716896", "CTMT": "PTS4022", "COMP": 1.9, "TIP_CND": "105925023_35_3", "energizado": true, "fonte": "PTS4022"}}, {"type": "Feature", "geometry": {"type": "MultiLineString", "coordinates": [[[-43.20075406344921, -22.983269836233887], [-43.20075491960381, -22.983267787578313]]]}, "properties": {"camada": "SSDMT", "COD_ID": "30299415", "CTMT": "PTS4022", "COMP": 0.25, "TIP_CND": "105925023_35_3", "energizado": true, "fonte": "PTS4022"}}, {"type": "Feature", "geometry": {"type": "MultiLineString", "coordinates": [[[-43.200725483893905, -22.98355899884865], [-43.20075403467092, -22.98328452845817]]]}, "properties": {"camada": "SSDMT", "COD_ID": "30299409", "CTMT": "PTS4022", "COMP": 31.76, "TIP_CND": "105925023_35_3", "energizado": true, "fonte": "PTS4022"}}, {"type": "Feature", "geometry": {"type": "MultiLineString", "coordinates": [[[-43.20082741305464, -22.984333385277466], [-43.20082552897492, -22.984326076487207]]]}, "properties": {"camada": "SSDMT", "COD_ID": "30298838", "CTMT": "PTS4022", "COMP": 0.87, "TIP_CND": "105925023_35_3", "energizado": true, "fonte": "PTS4022"}}, {"type": "Feature", "geometry": {"type": "MultiLineString", "coordinates": [[[-43.20075403467092, -22.98328452845817], [-43.2007541282004, -22.98327379235161]]]}, "properties": {"camada": "SSDMT", "COD_ID": "30299428", "CTMT": "PTS4022", "COMP": 1.24, "TIP_CND": "105925023_35_3", "energizado": true, "fonte": "PTS4022"}}, {"type": "Feature", "geometry": {"type": "MultiLineString", "coordinates": [[[-43.200821223920286, -22.984509245904917], [-43.20082019599522, -22.984348095488144]]]}, "properties": {"camada": "SSDMT", "COD_ID": "30298901", "CTMT": "PTS4022", "COMP": 18.56, "TIP_CND": "105925023_35_3", "energizado": true, "fonte": "PTS4022"}}, {"type": "Feature", "geometry": {"type": "MultiLineString", "coordinates": [[[-43.200756194842484, -22.98326283501177], [-43.20071672539649, -22.98268025958629]]]}, "properties": {"camada": "SSDMT", "COD_ID": "11427738", "CTMT": "PTS4022", "COMP": 67.23, "TIP_CND": "105924993_35_3", "energizado": true, "fonte": "PTS4022"}}, {"type": "Feature", "geometry": {"type": "MultiLineString", "coordinates": [[[-43.20082552897492, -22.984326076487207], [-43.2008118080185, -22.98413646252766]]]}, "properties": {"camada": "SSDMT", "COD_ID": "30298941", "CTMT": "PTS4022", "COMP": 21.89, "TIP_CND": "105925023_35_3", "energizado": true, "fonte": "PTS4022"}}, {"type": "Feature", "geometry": {"type": "MultiLineString", "coordinates": [[[-43.2007975195898, -22.983866661417267], [-43.20079650245657, -22.983866126320606]]]}, "properties": {"camada": "SSDMT", "COD_ID": "30298981", "CTMT": "PTS4022", "COMP": 0.12, "TIP_CND": "105925023_35_3", "energizado": true, "fonte": "PTS4022"}}, {"type": "Feature", "geometry": {"type": "MultiLineString", "coordinates": [[[-43.20081089970324, -22.98411591751551], [-43.2007975195898, -22.983866661417267]]]}, "properties": {"camada": "SSDMT", "COD_ID": "30298971", "CTMT": "PTS4022", "COMP": 28.74, "TIP_CND": "105925023_35_3", "energizado": true, "fonte": "PTS4022"}}, {"type": "Feature", "geometry": {"type": "MultiLineString", "coordinates": [[[-43.20082568185967, -22.98434328141724], [-43.20082020318978, -22.984508980604915]]]}, "properties": {"camada": "SSDMT", "COD_ID": "11417928", "CTMT": "PTS0001", "COMP": 19.09, "TIP_CND": "105924968_35_3", "energizado": false, "fonte": null}}, {"type": "Feature", "geometry": {"type": "MultiLineString", "coordinates": [[[-43.20202828857464, -22.983217819446793], [-43.20203326362417, -22.983217750198946]]]}, "properties": {"camada": "SSDMT", "COD_ID": "11418420", "CTMT": "PTS0001", "COMP": 0.53, "TIP_CND": "105924968_35_3", "energizado": false, "fonte": null}}, {"type": "Feature", "geometry": {"type": "MultiLineString", "coordinates": [[[-43.200784654787924, -22.983687469700897], [-43.20078495066491, -22.983693144423057]]]}, "properties": {"camada": "SSDMT", "COD_ID": "290373693", "CTMT": "PTS0001", "COMP": 0.65, "TIP_CND": "105924968_35_3", "energizado": false, "fonte": null}}, {"type": "Feature", "geometry": {"type": "MultiLineString", "coordinates": [[[-43.20082473037695, -22.98451841539253], [-43.200827268263765, -22.984518290386745]]]}, "properties": {"camada": "SSDMT", "COD_ID": "248357059", "CTMT": "PTS0001", "COMP": 0.27, "TIP_CND": "105924963_35_3", "energizado": false, "fonte": null}}, {"type": "Feature", "geometry": {"type": "MultiLineString", "coordinates": [[[-43.20179001679577, -22.984523213275622], [-43.20178883778459, -22.984494311763058]]]}, "properties": {"camada": "SSDMT", "COD_ID": "11679094", "CTMT": "PTS0001", "COMP": 3.33, "TIP_CND": "105924963_35_3", "energizado": false, "fonte": null}}, {"type": "Feature", "geometry": {"type": "MultiLineString", "coordinates": [[[-43.20070714491874, -22.983487685308376], [-43.200784654787924, -22.983687469700897]]]}, "properties": {"camada": "SSDMT", "COD_ID": "11416254", "CTMT": "PTS0001", "COMP": 24.45, "TIP_CND": "105924968_35_3", "energizado": false, "fonte": null}}, {"type": "Feature", "geometry": {"type": "MultiLineString", "coordinates": [[[-43.201864993274796, -22.98453341158762], [-43.20186509489815, -22.98453606728566]]]}, "properties": {"camada": "SSDMT", "COD_ID": "11679118", "CTMT": "PTS0001", "COMP": 0.31, "TIP_CND": "105924963_35_3", "energizado": false, "fonte": null}}, {"type": "Feature", "geometry": {"type": "MultiLineString", "coordinates": [[[-43.201330652087904, -22.983246406196656], [-43.20133833409682, -22.983246638221715]]]}, "properties": {"camada": "SSDMT", "COD_ID": "11418396", "CTMT": "PTS0001", "COMP": 0.82, "TIP_CND": "105924968_35_3", "energizado": false, "fonte": null}}, {"type": "Feature", "geometry": {"type": "MultiLineString", "coordinates": [[[-43.200761042188276, -22.98327979532627], [-43.201036860662555, -22.98325527800864]]]}, "properties": {"camada": "SSDMT", "COD_ID": "39247457", "CTMT": "PTS0001", "COMP": 29.55, "TIP_CND": "105924967_35_3", "energizado": false, "fonte": null}}, {"type": "Feature", "geometry": {"type": "MultiLineString", "coordinates": [[[-43.20186369285511, -22.98449157692471], [-43.20186452023137, -22.984522686272896]]]}, "properties": {"camada": "SSDMT", "COD_ID": "11679106", "CTMT": "PTS0001", "COMP": 3.58, "TIP_CND": "105924963_35_3", "energizado": false, "fonte": null}}, {"type": "Feature", "geometry": {"type": "MultiLineString", "coordinates": [[[-43.20173998751039, -22.98447332068713], [-43.20178038685532, -22.984523465085772]]]}, "properties": {"camada": "SSDMT", "COD_ID": "11450376", "CTMT": "PTS0001", "COMP": 7.21, "TIP_CND": "105924963_35_3", "energizado": false, "fonte": null}}, {"type": "Feature", "geometry": {"type": "MultiLineString", "coordinates": [[[-43.200752629929866, -22.983274281582794], [-43.2007564763303, -22.98327397311533]]]}, "properties": {"camada": "SSDMT", "COD_ID": "11416242", "CTMT": "PTS0001", "COMP": 0.41, "TIP_CND": "105924967_35_3", "energizado": false, "fonte": null}}, {"type": "Feature", "geometry": {"type": "MultiLineString", "coordinates": [[[-43.2007766373319, -22.983521616729206], [-43.200777506076975, -22.98353266220255]]]}, "properties": {"camada": "SSDMT", "COD_ID": "12383197", "CTMT": "PTS0001", "COMP": 1.28, "TIP_CND": "105924963_35_3", "energizado": false, "fonte": null}}, {"type": "Feature", "geometry": {"type": "MultiLineString", "coordinates": [[[-43.20077655279562, -22.98408238539372], [-43.200781490073666, -22.984172195290512]]]}, "properties": {"camada": "SSDMT", "COD_ID": "11417118", "CTMT": "PTS0001", "COMP": 10.36, "TIP_CND": "105924968_35_3", "energizado": false, "fonte": null}}, {"type": "Feature", "geometry": {"type": "MultiLineString", "coordinates": [[[-43.20184138427243, -22.984543410250126], [-43.201832142839066, -22.98454376638165]]]}, "properties": {"camada": "SSDMT", "COD_ID": "11679130", "CTMT": "PTS0001", "COMP": 0.99, "TIP_CND": "105924963_35_3", "energizado": false, "fonte": null}}, {"type": "Feature", "geometry": {"type": "MultiLineString", "coordinates": [[[-43.20133833409682, -22.983246638221715], [-43.20134787410507, -22.983242149705404]]]}, "properties": {"camada": "SSDMT", "COD_ID": "291914314", "CTMT": "PTS0001", "COMP": 1.14, "TIP_CND": "105924967_35_3", "energizado": false, "fonte": null}}, {"type": "Feature", "geometry": {"type": "MultiLineString", "coordinates": [[[-43.200781490073666, -22.984172195290512], [-43.20080186691257, -22.984171306760345]]]}, "properties": {"camada": "SSDMT", "COD_ID": "248359879", "CTMT": "PTS0001", "COMP": 2.18, "TIP_CND": "105924968_35_3", "energizado": false, "fonte": null}}, {"type": "Feature", "geometry": {"type": "MultiLineString", "coordinates": [[[-43.200774237940664, -22.983509127843945], [-43.200775472709836, -22.983524872274984]]]}, "properties": {"camada": "SSDMT", "COD_ID": "12383155", "CTMT": "PTS0001", "COMP": 1.82, "TIP_CND": "105924968_35_3", "energizado": false, "fonte": null}}, {"type": "Feature", "geometry": {"type": "MultiLineString", "coordinates": [[[-43.2017177481755, -22.984475641837378], [-43.20172092997689, -22.984475506939077]]]}, "properties": {"camada": "SSDMT", "COD_ID": "11450370", "CTMT": "PTS0001", "COMP": 0.34, "TIP_CND": "105924963_35_3", "energizado": false, "fonte": null}}, {"type": "Feature", "geometry": {"type": "MultiLineString", "coordinates": [[[-43.201036860662555, -22.98325527800864], [-43.201052917158336, -22.983253617860157]]]}, "properties": {"camada": "SSDMT", "COD_ID": "39247451", "CTMT": "PTS0001", "COMP": 1.72, "TIP_CND": "105924967_35_3", "energizado": false, "fonte": null}}, {"type": "Feature", "geometry": {"type": "MultiLineString", "coordinates": [[[-43.20172097404367, -22.984470648801334], [-43.20172267825893, -22.98447087543053]]]}, "properties": {"camada": "SSDMT", "COD_ID": "274052355", "CTMT": "PTS0001", "COMP": 0.18, "TIP_CND": "105924963_35_3", "energizado": false, "fonte": null}}, {"type": "Feature", "geometry": {"type": "MultiLineString", "coordinates": [[[-43.2007564763303, -22.98327397311533], [-43.20075561657842, -22.983280003968957]]]}, "properties": {"camada": "SSDMT", "COD_ID": "11418384", "CTMT": "PTS0001", "COMP": 0.7, "TIP_CND": "105924967_35_3", "energizado": false, "fonte": null}}, {"type": "Feature", "geometry": {"type": "MultiLineString", "coordinates": [[[-43.20186456339883, -22.9845238976597], [-43.20186472977343, -22.984526770993625]]]}, "properties": {"camada": "SSDMT", "COD_ID": "11679112", "CTMT": "PTS0001", "COMP": 0.33, "TIP_CND": "105924963_35_3", "energizado": false, "fonte": null}}, {"type": "Feature", "geometry": {"type": "MultiLineString", "coordinates": [[[-43.20078495066491, -22.983693144423057], [-43.200785525331696, -22.98370425824487]]]}, "properties": {"camada": "SSDMT", "COD_ID": "292598185", "CTMT": "PTS0001", "COMP": 1.28, "TIP_CND": "105924968_35_3", "energizado": false, "fonte": null}}, {"type": "Feature", "geometry": {"type": "MultiLineString", "coordinates": [[[-43.20134787410507, -22.983242149705404], [-43.20164888169052, -22.98322966621606]]]}, "properties": {"camada": "SSDMT", "COD_ID": "39247437", "CTMT": "PTS0001", "COMP": 32.13, "TIP_CND": "105924968_35_3", "energizado": false, "fonte": null}}, {"type": "Feature", "geometry": {"type": "MultiLineString", "coordinates": [[[-43.2007916497148, -22.983850259581743], [-43.20079225855585, -22.98386694560304]]]}, "properties": {"camada": "SSDMT", "COD_ID": "290373877", "CTMT": "PTS0001", "COMP": 1.92, "TIP_CND": "105924968_35_3", "energizado": false, "fonte": null}}, {"type": "Feature", "geometry": {"type": "MultiLineString", "coordinates": [[[-43.20082535900309, -22.98434043326432], [-43.20082568185967, -22.98434328141724]]]}, "properties": {"camada": "SSDMT", "COD_ID": "248359887", "CTMT": "PTS0001", "COMP": 0.33, "TIP_CND": "105924968_35_3", "energizado": false, "fonte": null}}, {"type": "Feature", "geometry": {"type": "MultiLineString", "coordinates": [[[-43.200780347035334, -22.98352138830137], [-43.2007766373319, -22.983521616729206]]]}, "properties": {"camada": "SSDMT", "COD_ID": "12383191", "CTMT": "PTS0001", "COMP": 0.4, "TIP_CND": "105924963_35_3", "energizado": false, "fonte": null}}, {"type": "Feature", "geometry": {"type": "MultiLineString", "coordinates": [[[-43.20172267825893, -22.98447087543053], [-43.20173998751039, -22.98447332068713]]]}, "properties": {"camada": "SSDMT", "COD_ID": "274052343", "CTMT": "PTS0001", "COMP": 1.87, "TIP_CND": "105924963_35_3", "energizado": false, "fonte": null}}, {"type": "Feature", "geometry": {"type": "MultiLineString", "coordinates": [[[-43.2007888537226, -22.98340698824188], [-43.20078961994494, -22.983414663955557]]]}, "properties": {"camada": "SSDMT", "COD_ID": "290373969", "CTMT": "PTS0001", "COMP": 0.89, "TIP_CND": "105924968_35_3", "energizado": false, "fonte": null}}, {"type": "Feature", "geometry": {"type": "MultiLineString", "coordinates": [[[-43.20171198172255, -22.984475801916687], [-43.2017177481755, -22.984475641837378]]]}, "properties": {"camada": "SSDMT", "COD_ID": "11450364", "CTMT": "PTS0001", "COMP": 0.62, "TIP_CND": "105924963_35_3", "energizado": false, "fonte": null}}, {"type": "Feature", "geometry": {"type": "MultiLineString", "coordinates": [[[-43.201052917158336, -22.983253617860157], [-43.201330652087904, -22.983246406196656]]]}, "properties": {"camada": "SSDMT", "COD_ID": "39247445", "CTMT": "PTS0001", "COMP": 29.63, "TIP_CND": "105924967_35_3", "energizado": false, "fonte": null}}, {"type": "Feature", "geometry": {"type": "MultiLineString", "coordinates": [[[-43.20080186691257, -22.984171306760345], [-43.200812680360855, -22.984170833716973]]]}, "properties": {"camada": "SSDMT", "COD_ID": "11417124", "CTMT": "PTS0001", "COMP": 1.15, "TIP_CND": "105924968_35_3", "energizado": false, "fonte": null}}, {"type": "Feature", "geometry": {"type": "MultiLineString", "coordinates": [[[-43.20079048059614, -22.98381777247215], [-43.2007916497148, -22.983850259581743]]]}, "properties": {"camada": "SSDMT", "COD_ID": "11416734", "CTMT": "PTS0001", "COMP": 3.74, "TIP_CND": "105924968_35_3", "energizado": false, "fonte": null}}, {"type": "Feature", "geometry": {"type": "MultiLineString", "coordinates": [[[-43.2007529482899, -22.983284859408684], [-43.20070714491874, -22.983487685308376]]]}, "properties": {"camada": "SSDMT", "COD_ID": "12298219", "CTMT": "PTS0001", "COMP": 23.87, "TIP_CND": "105924968_35_3", "energizado": false, "fonte": null}}, {"type": "Feature", "geometry": {"type": "MultiLineString", "coordinates": [[[-43.20075682886454, -22.98328491246872], [-43.2007888537226, -22.98340698824188]]]}, "properties": {"camada": "SSDMT", "COD_ID": "11423934", "CTMT": "PTS0001", "COMP": 14.47, "TIP_CND": "105924968_35_3", "energizado": false, "fonte": null}}, {"type": "Feature", "geometry": {"type": "MultiLineString", "coordinates": [[[-43.202024267705724, -22.98320916796871], [-43.20202828857464, -22.983217819446793]]]}, "properties": {"camada": "SSDMT", "COD_ID": "39247429", "CTMT": "PTS0001", "COMP": 1.08, "TIP_CND": "105924968_35_3", "energizado": false, "fonte": null}}, {"type": "Feature", "geometry": {"type": "MultiLineString", "coordinates": [[[-43.20078618453476, -22.983520984505788], [-43.20078228957095, -22.98352124710783]]]}, "properties": {"camada": "SSDMT", "COD_ID": "12751315", "CTMT": "PTS0001", "COMP": 0.42, "TIP_CND": "105924963_35_3", "energizado": false, "fonte": null}}, {"type": "Feature", "geometry": {"type": "MultiLineString", "coordinates": [[[-43.200812680360855, -22.984170833716973], [-43.20082373302881, -22.984326236566517]]]}, "properties": {"camada": "SSDMT", "COD_ID": "11417130", "CTMT": "PTS0001", "COMP": 17.94, "TIP_CND": "105924968_35_3", "energizado": false, "fonte": null}}, {"type": "Feature", "geometry": {"type": "MultiLineString", "coordinates": [[[-43.20077825791026, -22.983509019925293], [-43.200774237940664, -22.983509127843945]]]}, "properties": {"camada": "SSDMT", "COD_ID": "12764173", "CTMT": "PTS0001", "COMP": 0.43, "TIP_CND": "105924968_35_3", "energizado": false, "fonte": null}}, {"type": "Feature", "geometry": {"type": "MultiLineString", "coordinates": [[[-43.20183195398147, -22.98453960971517], [-43.201831377516044, -22.98453086200965]]]}, "properties": {"camada": "SSDMT", "COD_ID": "505111810", "CTMT": "PTS0001", "COMP": 1.01, "TIP_CND": "105924963_35_3", "energizado": false, "fonte": null}}, {"type": "Feature", "geometry": {"type": "MultiLineString", "coordinates": [[[-43.20164888169052, -22.98322966621606], [-43.201656598772956, -22.983228805564863]]]}, "properties": {"camada": "SSDMT", "COD_ID": "11418408", "CTMT": "PTS0001", "COMP": 0.83, "TIP_CND": "105924968_35_3", "energizado": false, "fonte": null}}, {"type": "Feature", "geometry": {"type": "MultiLineString", "coordinates": [[[-43.20178883778459, -22.984494311763058], [-43.20186369285511, -22.98449157692471]]]}, "properties": {"camada": "SSDMT", "COD_ID": "11679100", "CTMT": "PTS0001", "COMP": 7.99, "TIP_CND": "105924963_35_3", "energizado": false, "fonte": null}}, {"type": "Feature", "geometry": {"type": "MultiLineString", "coordinates": [[[-43.2007564763303, -22.98327397311533], [-43.2007529482899, -22.983284859408684]]]}, "properties": {"camada": "SSDMT", "COD_ID": "11416248", "CTMT": "PTS0001", "COMP": 1.31, "TIP_CND": "105924968_35_3", "energizado": false, "fonte": null}}, {"type": "Feature", "geometry": {"type": "MultiLineString", "coordinates": [[[-43.20203326362417, -22.983217750198946], [-43.20231069638152, -22.98320537642695]]]}, "properties": {"camada": "SSDMT", "COD_ID": "39247399", "CTMT": "PTS0001", "COMP": 29.62, "TIP_CND": "105924968_35_3", "energizado": false, "fonte": null}}, {"type": "Feature", "geometry": {"type": "MultiLineString", "coordinates": [[[-43.200784310347615, -22.983532188259858], [-43.200787941810006, -22.983531931053733]]]}, "properties": {"camada": "SSDMT", "COD_ID": "561827170", "CTMT": "PTS0001", "COMP": 0.39, "TIP_CND": "105924963_35_3", "energizado": false, "fonte": null}}, {"type": "Feature", "geometry": {"type": "MultiLineString", "coordinates": [[[-43.20078961994494, -22.983414663955557], [-43.20077823182987, -22.983506518011325]]]}, "properties": {"camada": "SSDMT", "COD_ID": "290373949", "CTMT": "PTS0001", "COMP": 10.65, "TIP_CND": "105924968_35_3", "energizado": false, "fonte": null}}, {"type": "Feature", "geometry": {"type": "MultiLineString", "coordinates": [[[-43.20170939437298, -22.98447599886822], [-43.20171198172255, -22.984475801916687]]]}, "properties": {"camada": "SSDMT", "COD_ID": "248356829", "CTMT": "PTS0001", "COMP": 0.28, "TIP_CND": "105924963_35_3", "energizado": false, "fonte": null}}, {"type": "Feature", "geometry": {"type": "MultiLineString", "coordinates": [[[-43.20082373302881, -22.984326236566517], [-43.20082535900309, -22.98434043326432]]]}, "properties": {"camada": "SSDMT", "COD_ID": "11417412", "CTMT": "PTS0001", "COMP": 1.64, "TIP_CND": "105924968_35_3", "energizado": false, "fonte": null}}, {"type": "Feature", "geometry": {"type": "MultiLineString", "coordinates": [[[-43.201656598772956, -22.983228805564863], [-43.20166738973819, -22.983232206800835]]]}, "properties": {"camada": "SSDMT", "COD_ID": "291914148", "CTMT": "PTS0001", "COMP": 1.22, "TIP_CND": "105924967_35_3", "energizado": false, "fonte": null}}, {"type": "Feature", "geometry": {"type": "MultiLineString", "coordinates": [[[-43.200827268263765, -22.984518290386745], [-43.20170939437298, -22.98447599886822]]]}, "properties": {"camada": "SSDMT", "COD_ID": "11449704", "CTMT": "PTS0001", "COMP": 94.19, "TIP_CND": "105924963_35_3", "energizado": false, "fonte": null}}, {"type": "Feature", "geometry": {"type": "MultiLineString", "coordinates": [[[-43.201831377516044, -22.98453086200965], [-43.20182606881798, -22.98453109043743]]]}, "properties": {"camada": "SSDMT", "COD_ID": "11679142", "CTMT": "PTS0001", "COMP": 0.57, "TIP_CND": "105924963_35_3", "energizado": false, "fonte": null}}, {"type": "Feature", "geometry": {"type": "MultiLineString", "coordinates": [[[-43.20082020318978, -22.984508980604915], [-43.20082164210504, -22.984520393900993]]]}, "properties": {"camada": "SSDMT", "COD_ID": "11418126", "CTMT": "PTS0001", "COMP": 1.32, "TIP_CND": "105924968_35_3", "energizado": false, "fonte": null}}, {"type": "Feature", "geometry": {"type": "MultiLineString", "coordinates": [[[-43.201832142839066, -22.98454376638165], [-43.201832006142126, -22.984540839088424]]]}, "properties": {"camada": "SSDMT", "COD_ID": "11679136", "CTMT": "PTS0001", "COMP": 0.34, "TIP_CND": "105924963_35_3", "energizado": false, "fonte": null}}, {"type": "Feature", "geometry": {"type": "MultiLineString", "coordinates": [[[-43.20080610901465, -22.984078467946915], [-43.20077655279562, -22.98408238539372]]]}, "properties": {"camada": "SSDMT", "COD_ID": "11417112", "CTMT": "PTS0001", "COMP": 3.18, "TIP_CND": "105924968_35_3", "energizado": false, "fonte": null}}, {"type": "Feature", "geometry": {"type": "MultiLineString", "coordinates": [[[-43.200775472709836, -22.983524872274984], [-43.200782530589265, -22.98352438394312]]]}, "properties": {"camada": "SSDMT", "COD_ID": "12383161", "CTMT": "PTS0001", "COMP": 0.75, "TIP_CND": "105924968_35_3", "energizado": false, "fonte": null}}, {"type": "Feature", "geometry": {"type": "MultiLineString", "coordinates": [[[-43.20166738973819, -22.983232206800835], [-43.202024267705724, -22.98320916796871]]]}, "properties": {"camada": "SSDMT", "COD_ID": "39247423", "CTMT": "PTS0001", "COMP": 38.15, "TIP_CND": "105924968_35_3", "energizado": false, "fonte": null}}, {"type": "Feature", "geometry": {"type": "MultiLineString", "coordinates": [[[-43.20077823182987, -22.983506518011325], [-43.20077825791026, -22.983509019925293]]]}, "properties": {"camada": "SSDMT", "COD_ID": "12383017", "CTMT": "PTS0001", "COMP": 0.29, "TIP_CND": "105924966_35_3", "energizado": false, "fonte": null}}, {"type": "Feature", "geometry": {"type": "MultiLineString", "coordinates": [[[-43.200787941810006, -22.983531931053733], [-43.20078837798121, -22.983537300905653]]]}, "properties": {"camada": "SSDMT", "COD_ID": "12383209", "CTMT": "PTS0001", "COMP": 0.62, "TIP_CND": "105924963_35_3", "energizado": false, "fonte": null}}, {"type": "Feature", "geometry": {"type": "MultiLineString", "coordinates": [[[-43.20082164210504, -22.984520393900993], [-43.20082473037695, -22.98451841539253]]]}, "properties": {"camada": "SSDMT", "COD_ID": "11449698", "CTMT": "PTS0001", "COMP": 0.4, "TIP_CND": "105924963_35_3", "energizado": false, "fonte": null}}, {"type": "Feature", "geometry": {"type": "MultiLineString", "coordinates": [[[-43.20178038685532, -22.984523465085772], [-43.201789235284934, -22.984523276228174]]]}, "properties": {"camada": "SSDMT", "COD_ID": "11679088", "CTMT": "PTS0001", "COMP": 0.94, "TIP_CND": "105924963_35_3", "energizado": false, "fonte": null}}, {"type": "Feature", "geometry": {"type": "MultiLineString", "coordinates": [[[-43.200784473124884, -22.983524261635296], [-43.20078641655982, -22.98352413932753]]]}, "properties": {"camada": "SSDMT", "COD_ID": "561827114", "CTMT": "PTS0001", "COMP": 0.21, "TIP_CND": "105924968_35_3", "energizado": false, "fonte": null}}, {"type": "Feature", "geometry": {"type": "MultiLineString", "coordinates": [[[-43.200777506076975, -22.98353266220255], [-43.200782367811996, -22.98353231956088]]]}, "properties": {"camada": "SSDMT", "COD_ID": "12383203", "CTMT": "PTS0001", "COMP": 0.52, "TIP_CND": "105924963_35_3", "energizado": false, "fonte": null}}, {"type": "Feature", "geometry": {"type": "MultiLineString", "coordinates": [[[-43.200785525331696, -22.98370425824487], [-43.20079048059614, -22.98381777247215]]]}, "properties": {"camada": "SSDMT", "COD_ID": "290373717", "CTMT": "PTS0001", "COMP": 13.08, "TIP_CND": "105924968_35_3", "energizado": false, "fonte": null}}, {"type": "Feature", "geometry": {"type": "MultiLineString", "coordinates": [[[-43.20079225855585, -22.98386694560304], [-43.20080610901465, -22.984078467946915]]]}, "properties": {"camada": "SSDMT", "COD_ID": "11417106", "CTMT": "PTS0001", "COMP": 24.41, "TIP_CND": "105924968_35_3", "energizado": false, "fonte": null}}, {"type": "Feature", "geometry": {"type": "MultiLineString", "coordinates": [[[-43.201789235284934, -22.984523276228174], [-43.20179001679577, -22.984523213275622]]]}, "properties": {"camada": "SSDMT", "COD_ID": "274052406", "CTMT": "PTS0001", "COMP": 0.08, "TIP_CND": "105924963_35_3", "energizado": false, "fonte": null}}, {"type": "Feature", "geometry": {"type": "MultiLineString", "coordinates": [[[-43.2007564763303, -22.98327397311533], [-43.20075682886454, -22.98328491246872]]]}, "properties": {"camada": "SSDMT", "COD_ID": "11416452", "CTMT": "PTS0001", "COMP": 1.26, "TIP_CND": "105924968_35_3", "energizado": false, "fonte": null}}, {"type": "Feature", "geometry": {"type": "MultiLineString", "coordinates": [[[-43.20186528735309, -22.984542155695863], [-43.20184138427243, -22.984543410250126]]]}, "properties": {"camada": "SSDMT", "COD_ID": "11679124", "CTMT": "PTS0001", "COMP": 2.55, "TIP_CND": "105924963_35_3", "energizado": false, "fonte": null}}, {"type": "Feature", "geometry": {"type": "MultiLineString", "coordinates": [[[-43.20075561657842, -22.983280003968957], [-43.200761042188276, -22.98327979532627]]]}, "properties": {"camada": "SSDMT", "COD_ID": "39247469", "CTMT": "PTS0001", "COMP": 0.58, "TIP_CND": "105924967_35_3", "energizado": false, "fonte": null}}, {"type": "Feature", "geometry": {"type": "MultiLineString", "coordinates": [[[-43.20186514346153, -22.984537530482612], [-43.20186528735309, -22.984542155695863]]]}, "properties": {"camada": "SSDMT", "COD_ID": "505111833", "CTMT": "PTS0001", "COMP": 0.53, "TIP_CND": "105924963_35_3", "energizado": false, "fonte": null}}, {"type": "Feature", "geometry": {"type": "MultiLineString", "coordinates": [[[-43.20172092997689, -22.984475506939077], [-43.20172097404367, -22.984470648801334]]]}, "properties": {"camada": "SSDMT", "COD_ID": "274052400", "CTMT": "PTS0001", "COMP": 0.56, "TIP_CND": "105924963_35_3", "energizado": false, "fonte": null}}, {"type": "Feature", "geometry": {"type": "MultiLineString", "coordinates": [[[-43.200609917413715, -22.981060572487365], [-43.200611651306644, -22.981069550419363]]]}, "properties": {"camada": "SSDMT", "COD_ID": "12894515", "CTMT": "PTS4022", "COMP": 1.05, "TIP_CND": "105925008_13_3", "energizado": true, "fonte": "PTS4022"}}, {"type": "Feature", "geometry": {"type": "MultiLineString", "coordinates": [[[-43.20047190745254, -22.9811720191733], [-43.200609917413715, -22.981060572487365]]]}, "properties": {"camada": "SSDMT", "COD_ID": "441556324", "CTMT": "PTS4022", "COMP": 19.53, "TIP_CND": "105925006_13_3", "energizado": true, "fonte": "PTS4022"}}, {"type": "Feature", "geometry": {"type": "MultiLineString", "coordinates": [[[-43.20061401382566, -22.98115713539346], [-43.20061264775546, -22.98115718305752]]]}, "properties": {"camada": "SSDMT", "COD_ID": "293401127", "CTMT": "PTS4022", "COMP": 0.15, "TIP_CND": "105925023_35_3", "energizado": true, "fonte": "PTS4022"}}, {"type": "Feature", "geometry": {"type": "MultiLineString", "coordinates": [[[-43.20071515967686, -22.982656329525923], [-43.20071639174802, -22.982364111014874]]]}, "properties": {"camada": "SSDMT", "COD_ID": "11428398", "CTMT": "PTS4022", "COMP": 33.66, "TIP_CND": "105924993_35_3", "energizado": true, "fonte": "PTS4022"}}, {"type": "Feature", "geometry": {"type": "MultiLineString", "coordinates": [[[-43.20061507412635, -22.981161031256534], [-43.20061506603241, -22.98115720194329]]]}, "properties": {"camada": "SSDMT", "COD_ID": "11428410", "CTMT": "PTS4022", "COMP": 0.44, "TIP_CND": "105924993_35_3", "energizado": true, "fonte": "PTS4022"}}, {"type": "Feature", "geometry": {"type": "MultiLineString", "coordinates": [[[-43.20071374324459, -22.98265865247481], [-43.200713597554454, -22.982656411364246]]]}, "properties": {"camada": "SSDMT", "COD_ID": "30299158", "CTMT": "PTS4022", "COMP": 0.26, "TIP_CND": "105925023_35_3", "energizado": true, "fonte": "PTS4022"}}, {"type": "Feature", "geometry": {"type": "MultiLineString", "coordinates": [[[-43.20068677077779, -22.982215214760288], [-43.20068391183304, -22.982207208995476]]]}, "properties": {"camada": "SSDMT", "COD_ID": "30299178", "CTMT": "PTS4022", "COMP": 0.97, "TIP_CND": "105925023_35_3", "energizado": true, "fonte": "PTS4022"}}, {"type": "Feature", "geometry": {"type": "MultiLineString", "coordinates": [[[-43.20061264775546, -22.98115718305752], [-43.20060319947805, -22.981157690275154]]]}, "properties": {"camada": "SSDMT", "COD_ID": "30299085", "CTMT": "PTS4022", "COMP": 1.01, "TIP_CND": "105925023_35_3", "energizado": true, "fonte": "PTS4022"}}, {"type": "Feature", "geometry": {"type": "MultiLineString", "coordinates": [[[-43.20071516327414, -22.982680341424555], [-43.20071485031008, -22.982675280939418]]]}, "properties": {"camada": "SSDMT", "COD_ID": "30299148", "CTMT": "PTS4022", "COMP": 0.58, "TIP_CND": "105925023_35_3", "energizado": true, "fonte": "PTS4022"}}, {"type": "Feature", "geometry": {"type": "MultiLineString", "coordinates": [[[-43.20071498520838, -22.982364284584037], [-43.20068677077779, -22.982215214760288]]]}, "properties": {"camada": "SSDMT", "COD_ID": "30299168", "CTMT": "PTS4022", "COMP": 17.43, "TIP_CND": "105925023_35_3", "energizado": true, "fonte": "PTS4022"}}, {"type": "Feature", "geometry": {"type": "MultiLineString", "coordinates": [[[-43.20071672539649, -22.98268025958629], [-43.20071640343923, -22.98267507229673]]]}, "properties": {"camada": "SSDMT", "COD_ID": "11427744", "CTMT": "PTS4022", "COMP": 0.6, "TIP_CND": "105924993_35_3", "energizado": true, "fonte": "PTS4022"}}, {"type": "Feature", "geometry": {"type": "MultiLineString", "coordinates": [[[-43.20066305745411, -22.98189401379767], [-43.20064492802095, -22.981621839376317]]]}, "properties": {"camada": "SSDMT", "COD_ID": "30299188", "CTMT": "PTS4022", "COMP": 31.41, "TIP_CND": "105925023_35_3", "energizado": true, "fonte": "PTS4022"}}, {"type": "Feature", "geometry": {"type": "MultiLineString", "coordinates": [[[-43.2006662302623, -22.981901924234364], [-43.200665656494834, -22.981893654968133]]]}, "properties": {"camada": "SSDMT", "COD_ID": "453867414", "CTMT": "PTS4022", "COMP": 0.95, "TIP_CND": "105924993_35_3", "energizado": true, "fonte": "PTS4022"}}, {"type": "Feature", "geometry": {"type": "MultiLineString", "coordinates": [[[-43.20060319947805, -22.981157690275154], [-43.20060539472314, -22.981194495929174]]]}, "properties": {"camada": "SSDMT", "COD_ID": "73355614", "CTMT": "PTS4022", "COMP": 4.25, "TIP_CND": "105925023_35_3", "energizado": true, "fonte": "PTS4022"}}, {"type": "Feature", "geometry": {"type": "MultiLineString", "coordinates": [[[-43.20071485031008, -22.982675280939418], [-43.20071374324459, -22.98265865247481]]]}, "properties": {"camada": "SSDMT", "COD_ID": "277537608", "CTMT": "PTS4022", "COMP": 1.92, "TIP_CND": "105925023_35_3", "energizado": true, "fonte": "PTS4022"}}, {"type": "Feature", "geometry": {"type": "MultiLineString", "coordinates": [[[-43.20068728968664, -22.98220695808459], [-43.2006662302623, -22.981901924234364]]]}, "properties": {"camada": "SSDMT", "COD_ID": "11428404", "CTMT": "PTS4022", "COMP": 35.2, "TIP_CND": "105924993_35_3", "energizado": true, "fonte": "PTS4022"}}, {"type": "Feature", "geometry": {"type": "MultiLineString", "coordinates": [[[-43.20071528018599, -22.982658281054796], [-43.20071515967686, -22.982656329525923]]]}, "properties": {"camada": "SSDMT", "COD_ID": "277537620", "CTMT": "PTS4022", "COMP": 0.23, "TIP_CND": "105924993_35_3", "energizado": true, "fonte": "PTS4022"}}, {"type": "Feature", "geometry": {"type": "MultiLineString", "coordinates": [[[-43.200713597554454, -22.982656411364246], [-43.20071498520838, -22.982364284584037]]]}, "properties": {"camada": "SSDMT", "COD_ID": "277537473", "CTMT": "PTS4022", "COMP": 33.65, "TIP_CND": "105925023_35_3", "energizado": true, "fonte": "PTS4022"}}, {"type": "Feature", "geometry": {"type": "MultiLineString", "coordinates": [[[-43.20060539472314, -22.981194495929174], [-43.20047535725189, -22.981201000725548]]]}, "properties": {"camada": "SSDMT", "COD_ID": "30299211", "CTMT": "PTS4022", "COMP": 13.89, "TIP_CND": "105925023_35_3", "energizado": true, "fonte": "PTS4022"}}, {"type": "Feature", "geometry": {"type": "MultiLineString", "coordinates": [[[-43.20068785446085, -22.982215155405072], [-43.20068728968664, -22.98220695808459]]]}, "properties": {"camada": "SSDMT", "COD_ID": "11428380", "CTMT": "PTS4022", "COMP": 0.95, "TIP_CND": "105924993_35_3", "energizado": true, "fonte": "PTS4022"}}, {"type": "Feature", "geometry": {"type": "MultiLineString", "coordinates": [[[-43.20066359434935, -22.981902129279774], [-43.20066305745411, -22.98189401379767]]]}, "properties": {"camada": "SSDMT", "COD_ID": "453867383", "CTMT": "PTS4022", "COMP": 0.94, "TIP_CND": "105925023_35_3", "energizado": true, "fonte": "PTS4022"}}, {"type": "Feature", "geometry": {"type": "MultiLineString", "coordinates": [[[-43.20064435875014, -22.981613272434515], [-43.20061423775684, -22.981160840600296]]]}, "properties": {"camada": "SSDMT", "COD_ID": "453867389", "CTMT": "PTS4022", "COMP": 52.21, "TIP_CND": "105925023_35_3", "energizado": true, "fonte": "PTS4022"}}, {"type": "Feature", "geometry": {"type": "MultiLineString", "coordinates": [[[-43.200665656494834, -22.981893654968133], [-43.20064686336201, -22.981621509325123]]]}, "properties": {"camada": "SSDMT", "COD_ID": "23441278", "CTMT": "PTS4022", "COMP": 31.41, "TIP_CND": "105924993_35_3", "energizado": true, "fonte": "PTS4022"}}, {"type": "Feature", "geometry": {"type": "MultiLineString", "coordinates": [[[-43.20071640343923, -22.98267507229673], [-43.20071528018599, -22.982658281054796]]]}, "properties": {"camada": "SSDMT", "COD_ID": "23441270", "CTMT": "PTS4022", "COMP": 1.94, "TIP_CND": "105924993_35_3", "energizado": true, "fonte": "PTS4022"}}, {"type": "Feature", "geometry": {"type": "MultiLineString", "coordinates": [[[-43.20071639174802, -22.982364111014874], [-43.20068785446085, -22.982215155405072]]]}, "properties": {"camada": "SSDMT", "COD_ID": "277537467", "CTMT": "PTS4022", "COMP": 17.42, "TIP_CND": "105924993_35_3", "energizado": true, "fonte": "PTS4022"}}, {"type": "Feature", "geometry": {"type": "MultiLineString", "coordinates": [[[-43.20064686336201, -22.981621509325123], [-43.200646307580996, -22.981613402836217]]]}, "properties": {"camada": "SSDMT", "COD_ID": "453867426", "CTMT": "PTS4022", "COMP": 0.94, "TIP_CND": "105924993_35_3", "energizado": true, "fonte": "PTS4022"}}, {"type": "Feature", "geometry": {"type": "MultiLineString", "coordinates": [[[-43.200646307580996, -22.981613402836217], [-43.20061507412635, -22.981161031256534]]]}, "properties": {"camada": "SSDMT", "COD_ID": "453867420", "CTMT": "PTS4022", "COMP": 52.21, "TIP_CND": "105924993_35_3", "energizado": true, "fonte": "PTS4022"}}, {"type": "Feature", "geometry": {"type": "MultiLineString", "coordinates": [[[-43.20068391183304, -22.982207208995476], [-43.20066359434935, -22.981902129279774]]]}, "properties": {"camada": "SSDMT", "COD_ID": "30299198", "CTMT": "PTS4022", "COMP": 35.2, "TIP_CND": "105925023_35_3", "energizado": true, "fonte": "PTS4022"}}, {"type": "Feature", "geometry": {"type": "MultiLineString", "coordinates": [[[-43.20061423775684, -22.981160840600296], [-43.20061401382566, -22.98115713539346]]]}, "properties": {"camada": "SSDMT", "COD_ID": "30299208", "CTMT": "PTS4022", "COMP": 0.43, "TIP_CND": "105925023_35_3", "energizado": true, "fonte": "PTS4022"}}, {"type": "Feature", "geometry": {"type": "MultiLineString", "coordinates": [[[-43.20064492802095, -22.981621839376317], [-43.20064435875014, -22.981613272434515]]]}, "properties": {"camada": "SSDMT", "COD_ID": "453867395", "CTMT": "PTS4022", "COMP": 0.99, "TIP_CND": "105925023_35_3", "energizado": true, "fonte": "PTS4022"}}, {"type": "Feature", "geometry": {"type": "MultiLineString", "coordinates": [[[-43.1986963849302, -22.984010620393747], [-43.19870218016143, -22.98401195948429]]]}, "properties": {"camada": "SSDMT", "COD_ID": "370555332", "CTMT": "PTS4022", "COMP": 0.64, "TIP_CND": "105924963_34_3", "energizado": true, "fonte": "PTS4022"}}, {"type": "Feature", "geometry": {"type": "MultiLineString", "coordinates": [[[-43.19878063791606, -22.984025846815314], [-43.19879646058814, -22.98402790536352]]]}, "properties": {"camada": "SSDMT", "COD_ID": "370555341", "CTMT": "PTS4022", "COMP": 1.7, "TIP_CND": "105924963_34_3", "energizado": true, "fonte": "PTS4022"}}, {"type": "Feature", "geometry": {"type": "MultiLineString", "coordinates": [[[-43.19870218016143, -22.98401195948429], [-43.19878063791606, -22.984025846815314]]]}, "properties": {"camada": "SSDMT", "COD_ID": "370555148", "CTMT": "PTS4022", "COMP": 8.52, "TIP_CND": "105924963_34_3", "energizado": true, "fonte": "PTS4022"}}, {"type": "Feature", "geometry": {"type": "MultiLineString", "coordinates": [[[-43.19738053828115, -22.98348252949512], [-43.197362089588694, -22.983483646453067]]]}, "properties": {"camada": "SSDMT", "COD_ID": "11425134", "CTMT": "PTS4022", "COMP": 1.97, "TIP_CND": "105924963_35_3", "energizado": true, "fonte": "PTS4022"}}, {"type": "Feature", "geometry": {"type": "MultiLineString", "coordinates": [[[-43.198685801708336, -22.983379654247585], [-43.198547146933265, -22.98338922932942]]]}, "properties": {"camada": "SSDMT", "COD_ID": "11420880", "CTMT": "PTS4022", "COMP": 14.83, "TIP_CND": "105924963_35_3", "energizado": true, "fonte": "PTS4022"}}, {"type": "Feature", "geometry": {"type": "MultiLineString", "coordinates": [[[-43.19876677037013, -22.98338505467649], [-43.19876806809185, -22.98338502409956]]]}, "properties": {"camada": "SSDMT", "COD_ID": "11420892", "CTMT": "PTS4022", "COMP": 0.14, "TIP_CND": "105924967_35_3", "energizado": true, "fonte": "PTS4022"}}, {"type": "Feature", "geometry": {"type": "MultiLineString", "coordinates": [[[-43.19925468315705, -22.984587194643268], [-43.19926074368834, -22.984586902363617]]]}, "properties": {"camada": "SSDMT", "COD_ID": "298803832", "CTMT": "PTS4022", "COMP": 0.65, "TIP_CND": "105925023_35_3", "energizado": true, "fonte": "PTS4022"}}, {"type": "Feature", "geometry": {"type": "MultiLineString", "coordinates": [[[-43.19857857194347, -22.984439289441582], [-43.1985780899069, -22.984432925838803]]]}, "properties": {"camada": "SSDMT", "COD_ID": "11417586", "CTMT": "PTS4022", "COMP": 0.73, "TIP_CND": "105924967_35_3", "energizado": true, "fonte": "PTS4022"}}, {"type": "Feature", "geometry": {"type": "MultiLineString", "coordinates": [[[-43.197112873959895, -22.98477759101297], [-43.19752381916885, -22.984761914930402]]]}, "properties": {"camada": "SSDMT", "COD_ID": "156289781", "CTMT": "PTS4022", "COMP": 43.86, "TIP_CND": "105924993_35_3", "energizado": true, "fonte": "PTS4022"}}, {"type": "Feature", "geometry": {"type": "MultiLineString", "coordinates": [[[-43.19853604030595, -22.983400129112624], [-43.198509379903896, -22.98340047625095]]]}, "properties": {"camada": "SSDMT", "COD_ID": "12893507", "CTMT": "PTS4022", "COMP": 2.84, "TIP_CND": "105925023_35_3", "energizado": true, "fonte": "PTS4022"}}, {"type": "Feature", "geometry": {"type": "MultiLineString", "coordinates": [[[-43.19943474092054, -22.983351130450274], [-43.19979480518606, -22.98334902064073]]]}, "properties": {"camada": "SSDMT", "COD_ID": "12348477", "CTMT": "PTS4022", "COMP": 38.4, "TIP_CND": "105924967_35_3", "energizado": true, "fonte": "PTS4022"}}, {"type": "Feature", "geometry": {"type": "MultiLineString", "coordinates": [[[-43.19767477846818, -22.984671090598283], [-43.1976836179046, -22.984670856774585]]]}, "properties": {"camada": "SSDMT", "COD_ID": "23441222", "CTMT": "PTS4022", "COMP": 0.94, "TIP_CND": "105924967_35_3", "energizado": true, "fonte": "PTS4022"}}, {"type": "Feature", "geometry": {"type": "MultiLineString", "coordinates": [[[-43.19725452977269, -22.98344976809227], [-43.19717414207298, -22.983449810360412]]]}, "properties": {"camada": "SSDMT", "COD_ID": "11665524", "CTMT": "PTS4022", "COMP": 8.57, "TIP_CND": "105924963_35_3", "energizado": true, "fonte": "PTS4022"}}, {"type": "Feature", "geometry": {"type": "MultiLineString", "coordinates": [[[-43.197521188651876, -22.98467270128407], [-43.19767477846818, -22.984671090598283]]]}, "properties": {"camada": "SSDMT", "COD_ID": "11416596", "CTMT": "PTS4022", "COMP": 16.38, "TIP_CND": "105924967_35_3", "energizado": true, "fonte": "PTS4022"}}, {"type": "Feature", "geometry": {"type": "MultiLineString", "coordinates": [[[-43.19907543928008, -22.98460004775393], [-43.199076581419035, -22.984599970412262]]]}, "properties": {"camada": "SSDMT", "COD_ID": "300706597", "CTMT": "PTS4022", "COMP": 0.12, "TIP_CND": "105925023_35_3", "energizado": true, "fonte": "PTS4022"}}, {"type": "Feature", "geometry": {"type": "MultiLineString", "coordinates": [[[-43.19857522916345, -22.984439775075487], [-43.198578587231964, -22.984439551144305]]]}, "properties": {"camada": "SSDMT", "COD_ID": "298803844", "CTMT": "PTS4022", "COMP": 0.36, "TIP_CND": "105925023_35_3", "energizado": true, "fonte": "PTS4022"}}, {"type": "Feature", "geometry": {"type": "MultiLineString", "coordinates": [[[-43.19876854203454, -22.98345452730456], [-43.19876342489209, -22.98338731017617]]]}, "properties": {"camada": "SSDMT", "COD_ID": "11679532", "CTMT": "PTS4022", "COMP": 7.76, "TIP_CND": "105924963_35_3", "energizado": true, "fonte": "PTS4022"}}, {"type": "Feature", "geometry": {"type": "MultiLineString", "coordinates": [[[-43.20008237150421, -22.983322669605457], [-43.20009115877991, -22.983321225294276]]]}, "properties": {"camada": "SSDMT", "COD_ID": "11426898", "CTMT": "PTS4022", "COMP": 0.95, "TIP_CND": "105924967_35_3", "energizado": true, "fonte": "PTS4022"}}, {"type": "Feature", "geometry": {"type": "MultiLineString", "coordinates": [[[-43.197661056612446, -22.98347727925301], [-43.19738053828115, -22.98348252949512]]]}, "properties": {"camada": "SSDMT", "COD_ID": "11425128", "CTMT": "PTS4022", "COMP": 29.92, "TIP_CND": "105924963_35_3", "energizado": true, "fonte": "PTS4022"}}, {"type": "Feature", "geometry": {"type": "MultiLineString", "coordinates": [[[-43.198547146933265, -22.98338922932942], [-43.19853456092119, -22.983396184686114]]]}, "properties": {"camada": "SSDMT", "COD_ID": "12422151", "CTMT": "PTS4022", "COMP": 1.56, "TIP_CND": "105924963_35_3", "energizado": true, "fonte": "PTS4022"}}, {"type": "Feature", "geometry": {"type": "MultiLineString", "coordinates": [[[-43.19872103624681, -22.984619983025766], [-43.198723192821035, -22.984619916475935]]]}, "properties": {"camada": "SSDMT", "COD_ID": "30298826", "CTMT": "PTS4022", "COMP": 0.23, "TIP_CND": "105925023_35_3", "energizado": true, "fonte": "PTS4022"}}, {"type": "Feature", "geometry": {"type": "MultiLineString", "coordinates": [[[-43.19867284247766, -22.98416953149865], [-43.1986745565855, -22.98416162196122]]]}, "properties": {"camada": "SSDMT", "COD_ID": "12894311", "CTMT": "PTS4022", "COMP": 0.93, "TIP_CND": "105924963_35_3", "energizado": true, "fonte": "PTS4022"}}, {"type": "Feature", "geometry": {"type": "MultiLineString", "coordinates": [[[-43.198578629500105, -22.984440066455875], [-43.19857857194347, -22.984439289441582]]]}, "properties": {"camada": "SSDMT", "COD_ID": "298803856", "CTMT": "PTS4022", "COMP": 0.09, "TIP_CND": "105924967_35_3", "energizado": true, "fonte": "PTS4022"}}, {"type": "Feature", "geometry": {"type": "MultiLineString", "coordinates": [[[-43.19979480518606, -22.98334902064073], [-43.20007339986745, -22.983321095791894]]]}, "properties": {"camada": "SSDMT", "COD_ID": "11426892", "CTMT": "PTS4022", "COMP": 29.88, "TIP_CND": "105924967_35_3", "energizado": true, "fonte": "PTS4022"}}, {"type": "Feature", "geometry": {"type": "MultiLineString", "coordinates": [[[-43.199076581419035, -22.984599970412262], [-43.19908304394727, -22.984599537838335]]]}, "properties": {"camada": "SSDMT", "COD_ID": "298803952", "CTMT": "PTS4022", "COMP": 0.69, "TIP_CND": "105925023_35_3", "energizado": true, "fonte": "PTS4022"}}, {"type": "Feature", "geometry": {"type": "MultiLineString", "coordinates": [[[-43.19858795187241, -22.984438736358527], [-43.198705465384876, -22.984479662706235]]]}, "properties": {"camada": "SSDMT", "COD_ID": "12893075", "CTMT": "PTS4022", "COMP": 13.39, "TIP_CND": "105925023_35_3", "energizado": true, "fonte": "PTS4022"}}, {"type": "Feature", "geometry": {"type": "MultiLineString", "coordinates": [[[-43.198573168816665, -22.98443261737134], [-43.1985748559448, -22.984434099454063]]]}, "properties": {"camada": "SSDMT", "COD_ID": "298803862", "CTMT": "PTS4022", "COMP": 0.25, "TIP_CND": "105925023_35_3", "energizado": true, "fonte": "PTS4022"}}, {"type": "Feature", "geometry": {"type": "MultiLineString", "coordinates": [[[-43.19858790510767, -22.984439295736877], [-43.198578629500105, -22.984440066455875]]]}, "properties": {"camada": "SSDMT", "COD_ID": "11417580", "CTMT": "PTS4022", "COMP": 0.99, "TIP_CND": "105924967_35_3", "energizado": true, "fonte": "PTS4022"}}, {"type": "Feature", "geometry": {"type": "MultiLineString", "coordinates": [[[-43.19926170956023, -22.984586859196156], [-43.19965188852382, -22.984567646079938]]]}, "properties": {"camada": "SSDMT", "COD_ID": "30298832", "CTMT": "PTS4022", "COMP": 41.67, "TIP_CND": "105925023_35_3", "energizado": true, "fonte": "PTS4022"}}, {"type": "Feature", "geometry": {"type": "MultiLineString", "coordinates": [[[-43.19811036779919, -22.983433719690368], [-43.19809198205928, -22.98343520806833]]]}, "properties": {"camada": "SSDMT", "COD_ID": "272120775", "CTMT": "PTS4022", "COMP": 1.97, "TIP_CND": "105924963_35_3", "energizado": true, "fonte": "PTS4022"}}, {"type": "Feature", "geometry": {"type": "MultiLineString", "coordinates": [[[-43.19867314285119, -22.984154209748908], [-43.19869266263623, -22.984016285223333]]]}, "properties": {"camada": "SSDMT", "COD_ID": "370555078", "CTMT": "PTS4022", "COMP": 16.02, "TIP_CND": "105924963_35_3", "energizado": true, "fonte": "PTS4022"}}, {"type": "Feature", "geometry": {"type": "MultiLineString", "coordinates": [[[-43.19800767061747, -22.984654362308902], [-43.198009828091074, -22.984654215719445]]]}, "properties": {"camada": "SSDMT", "COD_ID": "12380725", "CTMT": "PTS4022", "COMP": 0.23, "TIP_CND": "105924966_35_3", "energizado": true, "fonte": "PTS4022"}}, {"type": "Feature", "geometry": {"type": "MultiLineString", "coordinates": [[[-43.198717571158966, -22.984616538622333], [-43.19871275798732, -22.984487259279547]]]}, "properties": {"camada": "SSDMT", "COD_ID": "11416728", "CTMT": "PTS4022", "COMP": 14.9, "TIP_CND": "105924967_35_3", "energizado": true, "fonte": "PTS4022"}}, {"type": "Feature", "geometry": {"type": "MultiLineString", "coordinates": [[[-43.19879450456267, -22.98349294904034], [-43.198794424523044, -22.983491584768785]]]}, "properties": {"camada": "SSDMT", "COD_ID": "462983577", "CTMT": "PTS4022", "COMP": 0.16, "TIP_CND": "105925023_35_3", "energizado": true, "fonte": "PTS4022"}}, {"type": "Feature", "geometry": {"type": "MultiLineString", "coordinates": [[[-43.19879109793078, -22.983493118112847], [-43.198791018790416, -22.983491762834547]]]}, "properties": {"camada": "SSDMT", "COD_ID": "462983561", "CTMT": "PTS4022", "COMP": 0.16, "TIP_CND": "105925023_35_3", "energizado": true, "fonte": "PTS4022"}}, {"type": "Feature", "geometry": {"type": "MultiLineString", "coordinates": [[[-43.19967002874881, -22.984566967091837], [-43.20081644941956, -22.984519205896618]]]}, "properties": {"camada": "SSDMT", "COD_ID": "30298871", "CTMT": "PTS4022", "COMP": 122.37, "TIP_CND": "105925023_35_3", "energizado": true, "fonte": "PTS4022"}}, {"type": "Feature", "geometry": {"type": "MultiLineString", "coordinates": [[[-43.19767936501063, -22.983474245839716], [-43.197661056612446, -22.98347727925301]]]}, "properties": {"camada": "SSDMT", "COD_ID": "268301367", "CTMT": "PTS4022", "COMP": 1.98, "TIP_CND": "105924963_35_3", "energizado": true, "fonte": "PTS4022"}}, {"type": "Feature", "geometry": {"type": "MultiLineString", "coordinates": [[[-43.19878841885043, -22.983452387817408], [-43.19876931725014, -22.983453452614697]]]}, "properties": {"camada": "SSDMT", "COD_ID": "12893579", "CTMT": "PTS4022", "COMP": 2.04, "TIP_CND": "105925023_35_3", "energizado": true, "fonte": "PTS4022"}}, {"type": "Feature", "geometry": {"type": "MultiLineString", "coordinates": [[[-43.19866337801244, -22.98338926979892], [-43.19868158298863, -22.983388149243638]]]}, "properties": {"camada": "SSDMT", "COD_ID": "23441346", "CTMT": "PTS4022", "COMP": 1.95, "TIP_CND": "105924993_35_3", "energizado": true, "fonte": "PTS4022"}}, {"type": "Feature", "geometry": {"type": "MultiLineString", "coordinates": [[[-43.19926074368834, -22.984586902363617], [-43.19926170956023, -22.984586859196156]]]}, "properties": {"camada": "SSDMT", "COD_ID": "300706605", "CTMT": "PTS4022", "COMP": 0.1, "TIP_CND": "105925023_35_3", "energizado": true, "fonte": "PTS4022"}}, {"type": "Feature", "geometry": {"type": "MultiLineString", "coordinates": [[[-43.19876462548706, -22.983387206754117], [-43.198769688670154, -22.983446802128185]]]}, "properties": {"camada": "SSDMT", "COD_ID": "11679544", "CTMT": "PTS4022", "COMP": 6.89, "TIP_CND": "105925023_35_3", "energizado": true, "fonte": "PTS4022"}}, {"type": "Feature", "geometry": {"type": "MultiLineString", "coordinates": [[[-43.1976836179046, -22.984670856774585], [-43.19768698496637, -22.984670678708824]]]}, "properties": {"camada": "SSDMT", "COD_ID": "11416602", "CTMT": "PTS4022", "COMP": 0.36, "TIP_CND": "105924967_35_3", "energizado": true, "fonte": "PTS4022"}}, {"type": "Feature", "geometry": {"type": "MultiLineString", "coordinates": [[[-43.19799115366874, -22.984655420810952], [-43.19800767061747, -22.984654362308902]]]}, "properties": {"camada": "SSDMT", "COD_ID": "23441354", "CTMT": "PTS4022", "COMP": 1.77, "TIP_CND": "105924967_35_3", "energizado": true, "fonte": "PTS4022"}}, {"type": "Feature", "geometry": {"type": "MultiLineString", "coordinates": [[[-43.19850925759613, -22.983395707146144], [-43.19866337801244, -22.98338926979892]]]}, "properties": {"camada": "SSDMT", "COD_ID": "11419008", "CTMT": "PTS4022", "COMP": 16.45, "TIP_CND": "105924993_35_3", "energizado": true, "fonte": "PTS4022"}}, {"type": "Feature", "geometry": {"type": "MultiLineString", "coordinates": [[[-43.1984971410302, -22.98339667032002], [-43.19849126036331, -22.98339878912276]]]}, "properties": {"camada": "SSDMT", "COD_ID": "272120763", "CTMT": "PTS4022", "COMP": 0.67, "TIP_CND": "105924963_35_3", "energizado": true, "fonte": "PTS4022"}}, {"type": "Feature", "geometry": {"type": "MultiLineString", "coordinates": [[[-43.19876338712055, -22.983381277523904], [-43.1987494242465, -22.983381732580824]]]}, "properties": {"camada": "SSDMT", "COD_ID": "11420868", "CTMT": "PTS4022", "COMP": 1.49, "TIP_CND": "105924963_35_3", "energizado": true, "fonte": "PTS4022"}}, {"type": "Feature", "geometry": {"type": "MultiLineString", "coordinates": [[[-43.19809198205928, -22.98343520806833], [-43.19767936501063, -22.983474245839716]]]}, "properties": {"camada": "SSDMT", "COD_ID": "11425122", "CTMT": "PTS4022", "COMP": 44.23, "TIP_CND": "105924963_35_3", "energizado": true, "fonte": "PTS4022"}}, {"type": "Feature", "geometry": {"type": "MultiLineString", "coordinates": [[[-43.199084244542235, -22.984599461395987], [-43.19925361925908, -22.984587245904606]]]}, "properties": {"camada": "SSDMT", "COD_ID": "298803803", "CTMT": "PTS4022", "COMP": 18.12, "TIP_CND": "105925023_35_3", "energizado": true, "fonte": "PTS4022"}}, {"type": "Feature", "geometry": {"type": "MultiLineString", "coordinates": [[[-43.19717414207298, -22.983449810360412], [-43.19709583360577, -22.983485789537497]]]}, "properties": {"camada": "SSDMT", "COD_ID": "11665548", "CTMT": "PTS4022", "COMP": 9.32, "TIP_CND": "105924963_35_3", "energizado": true, "fonte": "PTS4022"}}, {"type": "Feature", "geometry": {"type": "MultiLineString", "coordinates": [[[-43.19850919194562, -22.983396943713956], [-43.1984971410302, -22.98339667032002]]]}, "properties": {"camada": "SSDMT", "COD_ID": "11425056", "CTMT": "PTS4022", "COMP": 1.29, "TIP_CND": "105924963_35_3", "energizado": true, "fonte": "PTS4022"}}, {"type": "Feature", "geometry": {"type": "MultiLineString", "coordinates": [[[-43.19871280295342, -22.98448018880964], [-43.198705401533005, -22.98448007729371]]]}, "properties": {"camada": "SSDMT", "COD_ID": "11416854", "CTMT": "PTS4022", "COMP": 0.79, "TIP_CND": "105924967_35_3", "energizado": true, "fonte": "PTS4022"}}, {"type": "Feature", "geometry": {"type": "MultiLineString", "coordinates": [[[-43.19911603647586, -22.98338006973438], [-43.19942567755294, -22.983351316609912]]]}, "properties": {"camada": "SSDMT", "COD_ID": "11426880", "CTMT": "PTS4022", "COMP": 33.19, "TIP_CND": "105924967_35_3", "energizado": true, "fonte": "PTS4022"}}, {"type": "Feature", "geometry": {"type": "MultiLineString", "coordinates": [[[-43.19869266263623, -22.984016285223333], [-43.198696830993924, -22.984015989346403]]]}, "properties": {"camada": "SSDMT", "COD_ID": "370555131", "CTMT": "PTS4022", "COMP": 0.45, "TIP_CND": "105924963_35_3", "energizado": true, "fonte": "PTS4022"}}, {"type": "Feature", "geometry": {"type": "MultiLineString", "coordinates": [[[-43.19908304394727, -22.984599537838335], [-43.199084244542235, -22.984599461395987]]]}, "properties": {"camada": "SSDMT", "COD_ID": "300706589", "CTMT": "PTS4022", "COMP": 0.13, "TIP_CND": "105925023_35_3", "energizado": true, "fonte": "PTS4022"}}, {"type": "Feature", "geometry": {"type": "MultiLineString", "coordinates": [[[-43.19879192980369, -22.983453123462823], [-43.19876854203454, -22.98345452730456]]]}, "properties": {"camada": "SSDMT", "COD_ID": "290373913", "CTMT": "PTS4022", "COMP": 2.5, "TIP_CND": "105924963_35_3", "energizado": true, "fonte": "PTS4022"}}, {"type": "Feature", "geometry": {"type": "MultiLineString", "coordinates": [[[-43.19700056932078, -22.984758666579182], [-43.19700545893471, -22.98475842466155]]]}, "properties": {"camada": "SSDMT", "COD_ID": "247630085", "CTMT": "PTS4022", "COMP": 0.52, "TIP_CND": "105924993_35_3", "energizado": true, "fonte": "PTS4022"}}, {"type": "Feature", "geometry": {"type": "MultiLineString", "coordinates": [[[-43.198716923647055, -22.984479847067234], [-43.198716811231805, -22.984487575840888]]]}, "properties": {"camada": "SSDMT", "COD_ID": "12893051", "CTMT": "PTS4022", "COMP": 0.89, "TIP_CND": "105925023_35_3", "energizado": true, "fonte": "PTS4022"}}, {"type": "Feature", "geometry": {"type": "MultiLineString", "coordinates": [[[-43.198705465384876, -22.984479662706235], [-43.198716923647055, -22.984479847067234]]]}, "properties": {"camada": "SSDMT", "COD_ID": "12893057", "CTMT": "PTS4022", "COMP": 1.22, "TIP_CND": "105925023_35_3", "energizado": true, "fonte": "PTS4022"}}, {"type": "Feature", "geometry": {"type": "MultiLineString", "coordinates": [[[-43.20007339986745, -22.983321095791894], [-43.20008237150421, -22.983322669605457]]]}, "properties": {"camada": "SSDMT", "COD_ID": "23441262", "CTMT": "PTS4022", "COMP": 0.97, "TIP_CND": "105924967_35_3", "energizado": true, "fonte": "PTS4022"}}, {"type": "Feature", "geometry": {"type": "MultiLineString", "coordinates": [[[-43.1987640409277, -22.983385728268672], [-43.198749842431255, -22.983386280452464]]]}, "properties": {"camada": "SSDMT", "COD_ID": "12893543", "CTMT": "PTS4022", "COMP": 1.52, "TIP_CND": "105925023_35_3", "energizado": true, "fonte": "PTS4022"}}, {"type": "Feature", "geometry": {"type": "MultiLineString", "coordinates": [[[-43.19849790095731, -22.983400417794996], [-43.19849981651328, -22.983403781259426]]]}, "properties": {"camada": "SSDMT", "COD_ID": "12893477", "CTMT": "PTS4022", "COMP": 0.44, "TIP_CND": "105925023_35_3", "energizado": true, "fonte": "PTS4022"}}, {"type": "Feature", "geometry": {"type": "MultiLineString", "coordinates": [[[-43.198705401533005, -22.98448007729371], [-43.19858790510767, -22.984439295736877]]]}, "properties": {"camada": "SSDMT", "COD_ID": "12349965", "CTMT": "PTS4022", "COMP": 13.38, "TIP_CND": "105924967_35_3", "energizado": true, "fonte": "PTS4022"}}, {"type": "Feature", "geometry": {"type": "MultiLineString", "coordinates": [[[-43.197005674772015, -22.984762725219525], [-43.19701127934701, -22.9847622836524]]]}, "properties": {"camada": "SSDMT", "COD_ID": "247630570", "CTMT": "PTS4022", "COMP": 0.6, "TIP_CND": "105924993_35_3", "energizado": true, "fonte": "PTS4022"}}, {"type": "Feature", "geometry": {"type": "MultiLineString", "coordinates": [[[-43.19734480731694, -22.983485075475812], [-43.19725452977269, -22.98344976809227]]]}, "properties": {"camada": "SSDMT", "COD_ID": "11665560", "CTMT": "PTS4022", "COMP": 10.45, "TIP_CND": "105924963_35_3", "energizado": true, "fonte": "PTS4022"}}, {"type": "Feature", "geometry": {"type": "MultiLineString", "coordinates": [[[-43.1986745565855, -22.98416162196122], [-43.19867314285119, -22.984154209748908]]]}, "properties": {"camada": "SSDMT", "COD_ID": "370555324", "CTMT": "PTS4022", "COMP": 0.87, "TIP_CND": "105924963_35_3", "energizado": true, "fonte": "PTS4022"}}, {"type": "Feature", "geometry": {"type": "MultiLineString", "coordinates": [[[-43.19704482585797, -22.98349002174706], [-43.1970446720739, -22.98349495992443]]]}, "properties": {"camada": "SSDMT", "COD_ID": "267652755", "CTMT": "PTS4022", "COMP": 0.57, "TIP_CND": "105924963_35_3", "energizado": true, "fonte": "PTS4022"}}, {"type": "Feature", "geometry": {"type": "MultiLineString", "coordinates": [[[-43.198749914377004, -22.98338526062122], [-43.19876677037013, -22.98338505467649]]]}, "properties": {"camada": "SSDMT", "COD_ID": "12892379", "CTMT": "PTS4022", "COMP": 1.8, "TIP_CND": "105924967_35_3", "energizado": true, "fonte": "PTS4022"}}, {"type": "Feature", "geometry": {"type": "MultiLineString", "coordinates": [[[-43.19877008706982, -22.983451285248577], [-43.19878507876831, -22.98345050733502]]]}, "properties": {"camada": "SSDMT", "COD_ID": "290373925", "CTMT": "PTS4022", "COMP": 1.6, "TIP_CND": "105925023_35_3", "energizado": true, "fonte": "PTS4022"}}, {"type": "Feature", "geometry": {"type": "MultiLineString", "coordinates": [[[-43.19871275798732, -22.984487259279547], [-43.19871280295342, -22.98448018880964]]]}, "properties": {"camada": "SSDMT", "COD_ID": "11416848", "CTMT": "PTS4022", "COMP": 0.81, "TIP_CND": "105924967_35_3", "energizado": true, "fonte": "PTS4022"}}, {"type": "Feature", "geometry": {"type": "MultiLineString", "coordinates": [[[-43.19876342489209, -22.98338731017617], [-43.19876338712055, -22.983381277523904]]]}, "properties": {"camada": "SSDMT", "COD_ID": "11420862", "CTMT": "PTS4022", "COMP": 0.69, "TIP_CND": "105924963_35_3", "energizado": true, "fonte": "PTS4022"}}, {"type": "Feature", "geometry": {"type": "MultiLineString", "coordinates": [[[-43.1975193243573, -22.98468311903065], [-43.197519814487805, -22.984679946222514]]]}, "properties": {"camada": "SSDMT", "COD_ID": "156289805", "CTMT": "PTS4022", "COMP": 0.37, "TIP_CND": "105924967_35_3", "energizado": true, "fonte": "PTS4022"}}, {"type": "Feature", "geometry": {"type": "MultiLineString", "coordinates": [[[-43.199655072123846, -22.98456730253895], [-43.19966237551819, -22.984566708986392]]]}, "properties": {"camada": "SSDMT", "COD_ID": "298582394", "CTMT": "PTS4022", "COMP": 0.78, "TIP_CND": "105925023_35_3", "energizado": true, "fonte": "PTS4022"}}, {"type": "Feature", "geometry": {"type": "MultiLineString", "coordinates": [[[-43.1987494242465, -22.983381732580824], [-43.198685801708336, -22.983379654247585]]]}, "properties": {"camada": "SSDMT", "COD_ID": "11420874", "CTMT": "PTS4022", "COMP": 6.79, "TIP_CND": "105924963_35_3", "energizado": true, "fonte": "PTS4022"}}, {"type": "Feature", "geometry": {"type": "MultiLineString", "coordinates": [[[-43.19876806809185, -22.98338502409956], [-43.19911603647586, -22.98338006973438]]]}, "properties": {"camada": "SSDMT", "COD_ID": "12347031", "CTMT": "PTS4022", "COMP": 37.11, "TIP_CND": "105924967_35_3", "energizado": true, "fonte": "PTS4022"}}, {"type": "Feature", "geometry": {"type": "MultiLineString", "coordinates": [[[-43.198009828091074, -22.984654215719445], [-43.19871437676704, -22.98462351916004]]]}, "properties": {"camada": "SSDMT", "COD_ID": "11416614", "CTMT": "PTS4022", "COMP": 75.21, "TIP_CND": "105924967_35_3", "energizado": true, "fonte": "PTS4022"}}, {"type": "Feature", "geometry": {"type": "MultiLineString", "coordinates": [[[-43.19942567755294, -22.983351316609912], [-43.19943474092054, -22.983351130450274]]]}, "properties": {"camada": "SSDMT", "COD_ID": "11426886", "CTMT": "PTS4022", "COMP": 0.97, "TIP_CND": "105924967_35_3", "energizado": true, "fonte": "PTS4022"}}, {"type": "Feature", "geometry": {"type": "MultiLineString", "coordinates": [[[-43.20009115877991, -22.983321225294276], [-43.20075214699392, -22.983277572202155]]]}, "properties": {"camada": "SSDMT", "COD_ID": "11427078", "CTMT": "PTS4022", "COMP": 70.67, "TIP_CND": "105924967_35_3", "energizado": true, "fonte": "PTS4022"}}, {"type": "Feature", "geometry": {"type": "MultiLineString", "coordinates": [[[-43.197362089588694, -22.983483646453067], [-43.19734480731694, -22.983485075475812]]]}, "properties": {"camada": "SSDMT", "COD_ID": "11665566", "CTMT": "PTS4022", "COMP": 1.85, "TIP_CND": "105924963_35_3", "energizado": true, "fonte": "PTS4022"}}, {"type": "Feature", "geometry": {"type": "MultiLineString", "coordinates": [[[-43.19871695152602, -22.984479170777092], [-43.19871509892266, -22.98447917617301]]]}, "properties": {"camada": "SSDMT", "COD_ID": "12894305", "CTMT": "PTS4022", "COMP": 0.2, "TIP_CND": "105924963_35_3", "energizado": true, "fonte": "PTS4022"}}, {"type": "Feature", "geometry": {"type": "MultiLineString", "coordinates": [[[-43.19702329608822, -22.984759314091036], [-43.197030568905575, -22.984758827557812]]]}, "properties": {"camada": "SSDMT", "COD_ID": "156289775", "CTMT": "PTS4022", "COMP": 0.78, "TIP_CND": "105924993_35_3", "energizado": true, "fonte": "PTS4022"}}, {"type": "Feature", "geometry": {"type": "MultiLineString", "coordinates": [[[-43.19849126036331, -22.98339878912276], [-43.19811036779919, -22.983433719690368]]]}, "properties": {"camada": "SSDMT", "COD_ID": "11425116", "CTMT": "PTS4022", "COMP": 40.82, "TIP_CND": "105924963_35_3", "energizado": true, "fonte": "PTS4022"}}, {"type": "Feature", "geometry": {"type": "MultiLineString", "coordinates": [[[-43.19752981135167, -22.984761640637146], [-43.19752992916284, -22.984752051166197]]]}, "properties": {"camada": "SSDMT", "COD_ID": "156289793", "CTMT": "PTS4022", "COMP": 1.1, "TIP_CND": "105924993_35_3", "energizado": true, "fonte": "PTS4022"}}, {"type": "Feature", "geometry": {"type": "MultiLineString", "coordinates": [[[-43.198578587231964, -22.984439551144305], [-43.19858795187241, -22.984438736358527]]]}, "properties": {"camada": "SSDMT", "COD_ID": "12893435", "CTMT": "PTS4022", "COMP": 1.0, "TIP_CND": "105925023_35_3", "energizado": true, "fonte": "PTS4022"}}, {"type": "Feature", "geometry": {"type": "MultiLineString", "coordinates": [[[-43.1985780899069, -22.984432925838803], [-43.19857786777436, -22.98442912170657]]]}, "properties": {"camada": "SSDMT", "COD_ID": "298803886", "CTMT": "PTS4022", "COMP": 0.44, "TIP_CND": "105924967_35_3", "energizado": true, "fonte": "PTS4022"}}, {"type": "Feature", "geometry": {"type": "MultiLineString", "coordinates": [[[-43.19876405891415, -22.98338729039108], [-43.1987640409277, -22.983385728268672]]]}, "properties": {"camada": "SSDMT", "COD_ID": "12893549", "CTMT": "PTS4022", "COMP": 0.18, "TIP_CND": "105925023_35_3", "energizado": true, "fonte": "PTS4022"}}, {"type": "Feature", "geometry": {"type": "MultiLineString", "coordinates": [[[-43.19871778339893, -22.984623296128177], [-43.198717571158966, -22.984616538622333]]]}, "properties": {"camada": "SSDMT", "COD_ID": "11416722", "CTMT": "PTS4022", "COMP": 0.78, "TIP_CND": "105924993_35_3", "energizado": true, "fonte": "PTS4022"}}, {"type": "Feature", "geometry": {"type": "MultiLineString", "coordinates": [[[-43.19878507876831, -22.98345050733502], [-43.19878753211884, -22.983490648574502]]]}, "properties": {"camada": "SSDMT", "COD_ID": "11679664", "CTMT": "PTS4022", "COMP": 4.63, "TIP_CND": "105925023_35_3", "energizado": true, "fonte": "PTS4022"}}, {"type": "Feature", "geometry": {"type": "MultiLineString", "coordinates": [[[-43.19850495434014, -22.98340102213939], [-43.19850522053946, -22.98339565228747]]]}, "properties": {"camada": "SSDMT", "COD_ID": "290373937", "CTMT": "PTS4022", "COMP": 0.62, "TIP_CND": "105924993_35_3", "energizado": true, "fonte": "PTS4022"}}, {"type": "Feature", "geometry": {"type": "MultiLineString", "coordinates": [[[-43.19703838041687, -22.983495727945467], [-43.197033591526974, -22.98349869840615]]]}, "properties": {"camada": "SSDMT", "COD_ID": "12367591", "CTMT": "PTS4022", "COMP": 0.61, "TIP_CND": "105924963_35_3", "energizado": true, "fonte": "PTS4022"}}, {"type": "Feature", "geometry": {"type": "MultiLineString", "coordinates": [[[-43.19871509892266, -22.98447917617301], [-43.19867284247766, -22.98416953149865]]]}, "properties": {"camada": "SSDMT", "COD_ID": "298803797", "CTMT": "PTS4022", "COMP": 35.95, "TIP_CND": "105924963_35_3", "energizado": true, "fonte": "PTS4022"}}, {"type": "Feature", "geometry": {"type": "MultiLineString", "coordinates": [[[-43.19700545893471, -22.98475842466155], [-43.197005674772015, -22.984762725219525]]]}, "properties": {"camada": "SSDMT", "COD_ID": "156289681", "CTMT": "PTS4022", "COMP": 0.5, "TIP_CND": "105924993_35_3", "energizado": true, "fonte": "PTS4022"}}, {"type": "Feature", "geometry": {"type": "MultiLineString", "coordinates": [[[-43.19752381916885, -22.984761914930402], [-43.19752981135167, -22.984761640637146]]]}, "properties": {"camada": "SSDMT", "COD_ID": "156289787", "CTMT": "PTS4022", "COMP": 0.64, "TIP_CND": "105924993_35_3", "energizado": true, "fonte": "PTS4022"}}, {"type": "Feature", "geometry": {"type": "MultiLineString", "coordinates": [[[-43.19871437676704, -22.98462351916004], [-43.19871778339893, -22.984623296128177]]]}, "properties": {"camada": "SSDMT", "COD_ID": "11416716", "CTMT": "PTS4022", "COMP": 0.36, "TIP_CND": "105924993_35_3", "energizado": true, "fonte": "PTS4022"}}, {"type": "Feature", "geometry": {"type": "MultiLineString", "coordinates": [[[-43.19876677037013, -22.98338505467649], [-43.19876462548706, -22.983387206754117]]]}, "properties": {"camada": "SSDMT", "COD_ID": "11420886", "CTMT": "PTS4022", "COMP": 0.34, "TIP_CND": "105925023_35_3", "energizado": true, "fonte": "PTS4022"}}, {"type": "Feature", "geometry": {"type": "MultiLineString", "coordinates": [[[-43.19879095673724, -22.983490507380964], [-43.19878841885043, -22.983452387817408]]]}, "properties": {"camada": "SSDMT", "COD_ID": "290373919", "CTMT": "PTS4022", "COMP": 4.4, "TIP_CND": "105925023_35_3", "energizado": true, "fonte": "PTS4022"}}, {"type": "Feature", "geometry": {"type": "MultiLineString", "coordinates": [[[-43.198723192821035, -22.984619916475935], [-43.19907543928008, -22.98460004775393]]]}, "properties": {"camada": "SSDMT", "COD_ID": "298803916", "CTMT": "PTS4022", "COMP": 37.63, "TIP_CND": "105925023_35_3", "energizado": true, "fonte": "PTS4022"}}, {"type": "Feature", "geometry": {"type": "MultiLineString", "coordinates": [[[-43.197030568905575, -22.984758827557812], [-43.197112873959895, -22.98477759101297]]]}, "properties": {"camada": "SSDMT", "COD_ID": "247630067", "CTMT": "PTS4022", "COMP": 9.04, "TIP_CND": "105924993_35_3", "energizado": true, "fonte": "PTS4022"}}, {"type": "Feature", "geometry": {"type": "MultiLineString", "coordinates": [[[-43.19966237551819, -22.984566708986392], [-43.19967002874881, -22.984566967091837]]]}, "properties": {"camada": "SSDMT", "COD_ID": "30298861", "CTMT": "PTS4022", "COMP": 0.82, "TIP_CND": "105925023_35_3", "energizado": true, "fonte": "PTS4022"}}, {"type": "Feature", "geometry": {"type": "MultiLineString", "coordinates": [[[-43.19751987114512, -22.984672730961734], [-43.197521188651876, -22.98467270128407]]]}, "properties": {"camada": "SSDMT", "COD_ID": "11416590", "CTMT": "PTS4022", "COMP": 0.14, "TIP_CND": "105924967_35_3", "energizado": true, "fonte": "PTS4022"}}, {"type": "Feature", "geometry": {"type": "MultiLineString", "coordinates": [[[-43.1970446720739, -22.98349495992443], [-43.19703838041687, -22.983495727945467]]]}, "properties": {"camada": "SSDMT", "COD_ID": "267652767", "CTMT": "PTS4022", "COMP": 0.68, "TIP_CND": "105924963_35_3", "energizado": true, "fonte": "PTS4022"}}, {"type": "Feature", "geometry": {"type": "MultiLineString", "coordinates": [[[-43.19694980798721, -22.98473915219006], [-43.196984517321596, -22.98475260514857]]]}, "properties": {"camada": "SSDMT", "COD_ID": "156289669", "CTMT": "PTS4022", "COMP": 4.01, "TIP_CND": "105924993_35_3", "energizado": true, "fonte": "PTS4022"}}, {"type": "Feature", "geometry": {"type": "MultiLineString", "coordinates": [[[-43.19879434358404, -22.98349033740908], [-43.19879192980369, -22.983453123462823]]]}, "properties": {"camada": "SSDMT", "COD_ID": "11679538", "CTMT": "PTS4022", "COMP": 4.29, "TIP_CND": "105924963_35_3", "energizado": true, "fonte": "PTS4022"}}, {"type": "Feature", "geometry": {"type": "MultiLineString", "coordinates": [[[-43.19965188852382, -22.984567646079938], [-43.199655072123846, -22.98456730253895]]]}, "properties": {"camada": "SSDMT", "COD_ID": "30298851", "CTMT": "PTS4022", "COMP": 0.34, "TIP_CND": "105925023_35_3", "energizado": true, "fonte": "PTS4022"}}, {"type": "Feature", "geometry": {"type": "MultiLineString", "coordinates": [[[-43.198716923647055, -22.984479847067234], [-43.19871695152602, -22.984479170777092]]]}, "properties": {"camada": "SSDMT", "COD_ID": "259426320", "CTMT": "PTS4022", "COMP": 0.08, "TIP_CND": "105924963_35_3", "energizado": true, "fonte": "PTS4022"}}, {"type": "Feature", "geometry": {"type": "MultiLineString", "coordinates": [[[-43.19752992916284, -22.984752051166197], [-43.1975193243573, -22.98468311903065]]]}, "properties": {"camada": "SSDMT", "COD_ID": "156289799", "CTMT": "PTS4022", "COMP": 8.02, "TIP_CND": "105924993_35_3", "energizado": true, "fonte": "PTS4022"}}, {"type": "Feature", "geometry": {"type": "MultiLineString", "coordinates": [[[-43.198769688670154, -22.983446802128185], [-43.19877008706982, -22.983451285248577]]]}, "properties": {"camada": "SSDMT", "COD_ID": "11679550", "CTMT": "PTS4022", "COMP": 0.52, "TIP_CND": "105925023_35_3", "energizado": true, "fonte": "PTS4022"}}, {"type": "Feature", "geometry": {"type": "MultiLineString", "coordinates": [[[-43.198716811231805, -22.984487575840888], [-43.19872101736104, -22.984616288610766]]]}, "properties": {"camada": "SSDMT", "COD_ID": "12893045", "CTMT": "PTS4022", "COMP": 14.83, "TIP_CND": "105925023_35_3", "energizado": true, "fonte": "PTS4022"}}, {"type": "Feature", "geometry": {"type": "MultiLineString", "coordinates": [[[-43.197519814487805, -22.984679946222514], [-43.19751987114512, -22.984672730961734]]]}, "properties": {"camada": "SSDMT", "COD_ID": "23441214", "CTMT": "PTS4022", "COMP": 0.83, "TIP_CND": "105924967_35_3", "energizado": true, "fonte": "PTS4022"}}, {"type": "Feature", "geometry": {"type": "MultiLineString", "coordinates": [[[-43.19855075051669, -22.983391826571506], [-43.19853604030595, -22.983400129112624]]]}, "properties": {"camada": "SSDMT", "COD_ID": "12893513", "CTMT": "PTS4022", "COMP": 1.84, "TIP_CND": "105925023_35_3", "energizado": true, "fonte": "PTS4022"}}, {"type": "Feature", "geometry": {"type": "MultiLineString", "coordinates": [[[-43.19868420631104, -22.983383718283903], [-43.19855075051669, -22.983391826571506]]]}, "properties": {"camada": "SSDMT", "COD_ID": "12893519", "CTMT": "PTS4022", "COMP": 14.26, "TIP_CND": "105925023_35_3", "energizado": true, "fonte": "PTS4022"}}, {"type": "Feature", "geometry": {"type": "MultiLineString", "coordinates": [[[-43.198787612158526, -22.98349191392066], [-43.19878769219821, -22.983493278192213]]]}, "properties": {"camada": "SSDMT", "COD_ID": "462983546", "CTMT": "PTS4022", "COMP": 0.16, "TIP_CND": "105924963_35_3", "energizado": true, "fonte": "PTS4022"}}, {"type": "Feature", "geometry": {"type": "MultiLineString", "coordinates": [[[-43.198749842431255, -22.983386280452464], [-43.19868420631104, -22.983383718283903]]]}, "properties": {"camada": "SSDMT", "COD_ID": "12893525", "CTMT": "PTS4022", "COMP": 7.01, "TIP_CND": "105925023_35_3", "energizado": true, "fonte": "PTS4022"}}, {"type": "Feature", "geometry": {"type": "MultiLineString", "coordinates": [[[-43.19768698496637, -22.984670678708824], [-43.19799115366874, -22.984655420810952]]]}, "properties": {"camada": "SSDMT", "COD_ID": "11416608", "CTMT": "PTS4022", "COMP": 32.48, "TIP_CND": "105924967_35_3", "energizado": true, "fonte": "PTS4022"}}, {"type": "Feature", "geometry": {"type": "MultiLineString", "coordinates": [[[-43.198696830993924, -22.984015989346403], [-43.1986963849302, -22.984010620393747]]]}, "properties": {"camada": "SSDMT", "COD_ID": "370555142", "CTMT": "PTS4022", "COMP": 0.62, "TIP_CND": "105924963_35_3", "energizado": true, "fonte": "PTS4022"}}, {"type": "Feature", "geometry": {"type": "MultiLineString", "coordinates": [[[-43.19849981651328, -22.983403781259426], [-43.198573168816665, -22.98443261737134]]]}, "properties": {"camada": "SSDMT", "COD_ID": "12893447", "CTMT": "PTS4022", "COMP": 118.75, "TIP_CND": "105925023_35_3", "energizado": true, "fonte": "PTS4022"}}, {"type": "Feature", "geometry": {"type": "MultiLineString", "coordinates": [[[-43.197045113641025, -22.983485221166006], [-43.19704482585797, -22.98349002174706]]]}, "properties": {"camada": "SSDMT", "COD_ID": "11425416", "CTMT": "PTS4022", "COMP": 0.55, "TIP_CND": "105924963_35_3", "energizado": true, "fonte": "PTS4022"}}, {"type": "Feature", "geometry": {"type": "MultiLineString", "coordinates": [[[-43.1985748559448, -22.984434099454063], [-43.19857522916345, -22.984439775075487]]]}, "properties": {"camada": "SSDMT", "COD_ID": "12893441", "CTMT": "PTS4022", "COMP": 0.65, "TIP_CND": "105925023_35_3", "energizado": true, "fonte": "PTS4022"}}, {"type": "Feature", "geometry": {"type": "MultiLineString", "coordinates": [[[-43.19701127934701, -22.9847622836524], [-43.19702329608822, -22.984759314091036]]]}, "properties": {"camada": "SSDMT", "COD_ID": "156289769", "CTMT": "PTS4022", "COMP": 1.33, "TIP_CND": "105924993_35_3", "energizado": true, "fonte": "PTS4022"}}, {"type": "Feature", "geometry": {"type": "MultiLineString", "coordinates": [[[-43.198509379903896, -22.98340047625095], [-43.19849790095731, -22.983400417794996]]]}, "properties": {"camada": "SSDMT", "COD_ID": "12893483", "CTMT": "PTS4022", "COMP": 1.22, "TIP_CND": "105925023_35_3", "energizado": true, "fonte": "PTS4022"}}, {"type": "Feature", "geometry": {"type": "MultiLineString", "coordinates": [[[-43.19850522053946, -22.98339565228747], [-43.19850925759613, -22.983395707146144]]]}, "properties": {"camada": "SSDMT", "COD_ID": "11419002", "CTMT": "PTS4022", "COMP": 0.43, "TIP_CND": "105924993_35_3", "energizado": true, "fonte": "PTS4022"}}, {"type": "Feature", "geometry": {"type": "MultiLineString", "coordinates": [[[-43.19853456092119, -22.983396184686114], [-43.19850919194562, -22.983396943713956]]]}, "properties": {"camada": "SSDMT", "COD_ID": "11425050", "CTMT": "PTS4022", "COMP": 2.71, "TIP_CND": "105924963_35_3", "energizado": true, "fonte": "PTS4022"}}, {"type": "Feature", "geometry": {"type": "MultiLineString", "coordinates": [[[-43.196984517321596, -22.98475260514857], [-43.19700056932078, -22.984758666579182]]]}, "properties": {"camada": "SSDMT", "COD_ID": "156289675", "CTMT": "PTS4022", "COMP": 1.85, "TIP_CND": "105924993_35_3", "energizado": true, "fonte": "PTS4022"}}, {"type": "Feature", "geometry": {"type": "MultiLineString", "coordinates": [[[-43.19872101736104, -22.984616288610766], [-43.19872103624681, -22.984619983025766]]]}, "properties": {"camada": "SSDMT", "COD_ID": "12893039", "CTMT": "PTS4022", "COMP": 0.43, "TIP_CND": "105925023_35_3", "energizado": true, "fonte": "PTS4022"}}, {"type": "Feature", "geometry": {"type": "MultiLineString", "coordinates": [[[-43.19857786777436, -22.98442912170657], [-43.198505004702156, -22.983403848708633]]]}, "properties": {"camada": "SSDMT", "COD_ID": "11417592", "CTMT": "PTS4022", "COMP": 118.34, "TIP_CND": "105924993_35_3", "energizado": true, "fonte": "PTS4022"}}, {"type": "Feature", "geometry": {"type": "MultiLineString", "coordinates": [[[-43.198688577016185, -22.983388039526346], [-43.198749914377004, -22.98338526062122]]]}, "properties": {"camada": "SSDMT", "COD_ID": "12346713", "CTMT": "PTS4022", "COMP": 6.55, "TIP_CND": "105924967_35_3", "energizado": true, "fonte": "PTS4022"}}, {"type": "Feature", "geometry": {"type": "MultiLineString", "coordinates": [[[-43.19925361925908, -22.984587245904606], [-43.19925468315705, -22.984587194643268]]]}, "properties": {"camada": "SSDMT", "COD_ID": "300706613", "CTMT": "PTS4022", "COMP": 0.11, "TIP_CND": "105925023_35_3", "energizado": true, "fonte": "PTS4022"}}, {"type": "Feature", "geometry": {"type": "MultiLineString", "coordinates": [[[-43.19709583360577, -22.983485789537497], [-43.197045113641025, -22.983485221166006]]]}, "properties": {"camada": "SSDMT", "COD_ID": "12179379", "CTMT": "PTS4022", "COMP": 5.41, "TIP_CND": "105924963_35_3", "energizado": true, "fonte": "PTS4022"}}, {"type": "Feature", "geometry": {"type": "MultiLineString", "coordinates": [[[-43.19868158298863, -22.983388149243638], [-43.198688577016185, -22.983388039526346]]]}, "properties": {"camada": "SSDMT", "COD_ID": "12346737", "CTMT": "PTS4022", "COMP": 0.75, "TIP_CND": "105924993_35_3", "energizado": true, "fonte": "PTS4022"}}, {"type": "Feature", "geometry": {"type": "MultiLineString", "coordinates": [[[-43.19876931725014, -22.983453452614697], [-43.19876405891415, -22.98338729039108]]]}, "properties": {"camada": "SSDMT", "COD_ID": "12893555", "CTMT": "PTS4022", "COMP": 7.64, "TIP_CND": "105925023_35_3", "energizado": true, "fonte": "PTS4022"}}, {"type": "Feature", "geometry": {"type": "MultiLineString", "coordinates": [[[-43.198505004702156, -22.983403848708633], [-43.19850495434014, -22.98340102213939]]]}, "properties": {"camada": "SSDMT", "COD_ID": "292598925", "CTMT": "PTS4022", "COMP": 0.33, "TIP_CND": "105924993_35_3", "energizado": true, "fonte": "PTS4022"}}, {"type": "Feature", "geometry": {"type": "MultiLineString", "coordinates": [[[-43.19911907258711, -22.983381386341875], [-43.19942574680073, -22.983349754487563]]]}, "properties": {"camada": "SSDMT", "COD_ID": "11775413", "CTMT": "PTS0001", "COMP": 32.91, "TIP_CND": "105924967_35_3", "energizado": false, "fonte": null}}, {"type": "Feature", "geometry": {"type": "MultiLineString", "coordinates": [[[-43.198572630122726, -22.984432791839822], [-43.19850115200654, -22.98340383252082]]]}, "properties": {"camada": "SSDMT", "COD_ID": "11415516", "CTMT": "PTS0001", "COMP": 118.76, "TIP_CND": "105924968_35_3", "energizado": false, "fonte": null}}, {"type": "Feature", "geometry": {"type": "MultiLineString", "coordinates": [[[-43.198577887559395, -22.984449720678015], [-43.19858250108149, -22.98447471463635]]]}, "properties": {"camada": "SSDMT", "COD_ID": "11415288", "CTMT": "PTS0001", "COMP": 2.92, "TIP_CND": "105924968_35_3", "energizado": false, "fonte": null}}, {"type": "Feature", "geometry": {"type": "MultiLineString", "coordinates": [[[-43.19850115200654, -22.98340383252082], [-43.19850122305297, -22.983401440324144]]]}, "properties": {"camada": "SSDMT", "COD_ID": "11415900", "CTMT": "PTS0001", "COMP": 0.28, "TIP_CND": "105924968_35_3", "energizado": false, "fonte": null}}, {"type": "Feature", "geometry": {"type": "MultiLineString", "coordinates": [[[-43.1985895445718, -22.984489316029055], [-43.198602460635016, -22.984501689801107]]]}, "properties": {"camada": "SSDMT", "COD_ID": "11415312", "CTMT": "PTS0001", "COMP": 1.98, "TIP_CND": "105924968_35_3", "energizado": false, "fonte": null}}, {"type": "Feature", "geometry": {"type": "MultiLineString", "coordinates": [[[-43.19861469860939, -22.98454605965287], [-43.19862429617427, -22.984696985677317]]]}, "properties": {"camada": "SSDMT", "COD_ID": "11415330", "CTMT": "PTS0001", "COMP": 17.41, "TIP_CND": "105924968_35_3", "energizado": false, "fonte": null}}, {"type": "Feature", "geometry": {"type": "MultiLineString", "coordinates": [[[-43.19979484835352, -22.983345002469832], [-43.20007326317051, -22.983320371837635]]]}, "properties": {"camada": "SSDMT", "COD_ID": "11775953", "CTMT": "PTS0001", "COMP": 29.82, "TIP_CND": "105924967_35_3", "energizado": false, "fonte": null}}, {"type": "Feature", "geometry": {"type": "MultiLineString", "coordinates": [[[-43.19857605653971, -22.98443255082151], [-43.198572630122726, -22.984432791839822]]]}, "properties": {"camada": "SSDMT", "COD_ID": "292599127", "CTMT": "PTS0001", "COMP": 0.37, "TIP_CND": "105924968_35_3", "energizado": false, "fonte": null}}, {"type": "Feature", "geometry": {"type": "MultiLineString", "coordinates": [[[-43.19943458263981, -22.983349801252302], [-43.19979484835352, -22.983345002469832]]]}, "properties": {"camada": "SSDMT", "COD_ID": "12348411", "CTMT": "PTS0001", "COMP": 38.42, "TIP_CND": "105924967_35_3", "energizado": false, "fonte": null}}, {"type": "Feature", "geometry": {"type": "MultiLineString", "coordinates": [[[-43.19862160450339, -22.984696964093587], [-43.198598541389515, -22.984698146702044]]]}, "properties": {"camada": "SSDMT", "COD_ID": "12098445", "CTMT": "PTS0001", "COMP": 2.46, "TIP_CND": "105924968_35_3", "energizado": false, "fonte": null}}, {"type": "Feature", "geometry": {"type": "MultiLineString", "coordinates": [[[-43.19853996224941, -22.98340444585847], [-43.19911907258711, -22.983381386341875]]]}, "properties": {"camada": "SSDMT", "COD_ID": "12347499", "CTMT": "PTS0001", "COMP": 61.81, "TIP_CND": "105924967_35_3", "energizado": false, "fonte": null}}, {"type": "Feature", "geometry": {"type": "MultiLineString", "coordinates": [[[-43.19857641267129, -22.984437313631076], [-43.19857605653971, -22.98443255082151]]]}, "properties": {"camada": "SSDMT", "COD_ID": "298803874", "CTMT": "PTS0001", "COMP": 0.55, "TIP_CND": "105924968_35_3", "energizado": false, "fonte": null}}, {"type": "Feature", "geometry": {"type": "MultiLineString", "coordinates": [[[-43.198577566501456, -22.984448886107145], [-43.198577887559395, -22.984449720678015]]]}, "properties": {"camada": "SSDMT", "COD_ID": "11414442", "CTMT": "PTS0001", "COMP": 0.1, "TIP_CND": "105924968_35_3", "energizado": false, "fonte": null}}, {"type": "Feature", "geometry": {"type": "MultiLineString", "coordinates": [[[-43.19860427276893, -22.98471236228562], [-43.19860400117369, -22.9847078530849]]]}, "properties": {"camada": "SSDMT", "COD_ID": "134045971", "CTMT": "PTS0001", "COMP": 0.52, "TIP_CND": "105924968_35_3", "energizado": false, "fonte": null}}, {"type": "Feature", "geometry": {"type": "MultiLineString", "coordinates": [[[-43.20008238859134, -22.9833213520987], [-43.200091195652135, -22.983320620949826]]]}, "properties": {"camada": "SSDMT", "COD_ID": "290373895", "CTMT": "PTS0001", "COMP": 0.94, "TIP_CND": "105924967_35_3", "energizado": false, "fonte": null}}, {"type": "Feature", "geometry": {"type": "MultiLineString", "coordinates": [[[-43.19862429617427, -22.984696985677317], [-43.19862160450339, -22.984696964093587]]]}, "properties": {"camada": "SSDMT", "COD_ID": "12098439", "CTMT": "PTS0001", "COMP": 0.29, "TIP_CND": "105924968_35_3", "energizado": false, "fonte": null}}, {"type": "Feature", "geometry": {"type": "MultiLineString", "coordinates": [[[-43.19860391483877, -22.984706272076778], [-43.19860385818146, -22.98470536825812]]]}, "properties": {"camada": "SSDMT", "COD_ID": "466758107", "CTMT": "PTS0001", "COMP": 0.1, "TIP_CND": "105924968_35_3", "energizado": false, "fonte": null}}, {"type": "Feature", "geometry": {"type": "MultiLineString", "coordinates": [[[-43.198598541389515, -22.984698146702044], [-43.19859940294003, -22.984712614095827]]]}, "properties": {"camada": "SSDMT", "COD_ID": "466758140", "CTMT": "PTS0001", "COMP": 1.67, "TIP_CND": "105924968_35_3", "energizado": false, "fonte": null}}, {"type": "Feature", "geometry": {"type": "MultiLineString", "coordinates": [[[-43.20007326317051, -22.983320371837635], [-43.20008238859134, -22.9833213520987]]]}, "properties": {"camada": "SSDMT", "COD_ID": "11415906", "CTMT": "PTS0001", "COMP": 0.98, "TIP_CND": "105924967_35_3", "energizado": false, "fonte": null}}, {"type": "Feature", "geometry": {"type": "MultiLineString", "coordinates": [[[-43.19857608711669, -22.98444939332478], [-43.198577566501456, -22.984448886107145]]]}, "properties": {"camada": "SSDMT", "COD_ID": "11414316", "CTMT": "PTS0001", "COMP": 0.17, "TIP_CND": "105924968_35_3", "energizado": false, "fonte": null}}, {"type": "Feature", "geometry": {"type": "MultiLineString", "coordinates": [[[-43.198641805974546, -22.985701807192584], [-43.19857608711669, -22.98444939332478]]]}, "properties": {"camada": "SSDMT", "COD_ID": "11414202", "CTMT": "PTS0001", "COMP": 144.42, "TIP_CND": "105924968_35_3", "energizado": false, "fonte": null}}, {"type": "Feature", "geometry": {"type": "MultiLineString", "coordinates": [[[-43.19858250108149, -22.98447471463635], [-43.198584199001516, -22.98448420698054]]]}, "properties": {"camada": "SSDMT", "COD_ID": "11415294", "CTMT": "PTS0001", "COMP": 1.11, "TIP_CND": "105924968_35_3", "energizado": false, "fonte": null}}, {"type": "Feature", "geometry": {"type": "MultiLineString", "coordinates": [[[-43.19942574680073, -22.983349754487563], [-43.19943458263981, -22.983349801252302]]]}, "properties": {"camada": "SSDMT", "COD_ID": "11775947", "CTMT": "PTS0001", "COMP": 0.94, "TIP_CND": "105924967_35_3", "energizado": false, "fonte": null}}, {"type": "Feature", "geometry": {"type": "MultiLineString", "coordinates": [[[-43.19850122305297, -22.983401440324144], [-43.19850960923105, -22.983401517665868]]]}, "properties": {"camada": "SSDMT", "COD_ID": "11775503", "CTMT": "PTS0001", "COMP": 0.89, "TIP_CND": "105924968_35_3", "energizado": false, "fonte": null}}, {"type": "Feature", "geometry": {"type": "MultiLineString", "coordinates": [[[-43.198577566501456, -22.984448886107145], [-43.19857641267129, -22.984437313631076]]]}, "properties": {"camada": "SSDMT", "COD_ID": "11415402", "CTMT": "PTS0001", "COMP": 1.34, "TIP_CND": "105924968_35_3", "energizado": false, "fonte": null}}, {"type": "Feature", "geometry": {"type": "MultiLineString", "coordinates": [[[-43.19861227133919, -22.98451135571446], [-43.19861469860939, -22.98454605965287]]]}, "properties": {"camada": "SSDMT", "COD_ID": "11415324", "CTMT": "PTS0001", "COMP": 4.01, "TIP_CND": "105924968_35_3", "energizado": false, "fonte": null}}, {"type": "Feature", "geometry": {"type": "MultiLineString", "coordinates": [[[-43.19859940294003, -22.984712614095827], [-43.19860427276893, -22.98471236228562]]]}, "properties": {"camada": "SSDMT", "COD_ID": "466758134", "CTMT": "PTS0001", "COMP": 0.52, "TIP_CND": "105924968_35_3", "energizado": false, "fonte": null}}, {"type": "Feature", "geometry": {"type": "MultiLineString", "coordinates": [[[-43.200091195652135, -22.983320620949826], [-43.200752629929866, -22.983274281582794]]]}, "properties": {"camada": "SSDMT", "COD_ID": "39247477", "CTMT": "PTS0001", "COMP": 70.74, "TIP_CND": "105924967_35_3", "energizado": false, "fonte": null}}, {"type": "Feature", "geometry": {"type": "MultiLineString", "coordinates": [[[-43.198584199001516, -22.98448420698054], [-43.1985895445718, -22.984489316029055]]]}, "properties": {"camada": "SSDMT", "COD_ID": "11415300", "CTMT": "PTS0001", "COMP": 0.82, "TIP_CND": "105924968_35_3", "energizado": false, "fonte": null}}, {"type": "Feature", "geometry": {"type": "MultiLineString", "coordinates": [[[-43.19850960923105, -22.983401517665868], [-43.19853996224941, -22.98340444585847]]]}, "properties": {"camada": "SSDMT", "COD_ID": "11775455", "CTMT": "PTS0001", "COMP": 3.25, "TIP_CND": "105924968_35_3", "energizado": false, "fonte": null}}, {"type": "Feature", "geometry": {"type": "MultiLineString", "coordinates": [[[-43.198602460635016, -22.984501689801107], [-43.19861227133919, -22.98451135571446]]]}, "properties": {"camada": "SSDMT", "COD_ID": "11415318", "CTMT": "PTS0001", "COMP": 1.53, "TIP_CND": "105924968_35_3", "energizado": false, "fonte": null}}, {"type": "Feature", "geometry": {"type": "MultiLineString", "coordinates": [[[-43.19979128344096, -22.98121147602876], [-43.199332081510306, -22.98123508952773]]]}, "properties": {"camada": "SSDMT", "COD_ID": "456035699", "CTMT": "PTS4022", "COMP": 49.04, "TIP_CND": "105925008_13_3", "energizado": true, "fonte": "PTS4022"}}, {"type": "Feature", "geometry": {"type": "MultiLineString", "coordinates": [[[-43.1998181614789, -22.981210092871436], [-43.19985345357401, -22.98120457912796]]]}, "properties": {"camada": "SSDMT", "COD_ID": "456035705", "CTMT": "PTS4022", "COMP": 3.82, "TIP_CND": "105925006_13_3", "energizado": true, "fonte": "PTS4022"}}, {"type": "Feature", "geometry": {"type": "MultiLineString", "coordinates": [[[-43.20046476413751, -22.981185583647743], [-43.200458994087285, -22.98117721006014]]]}, "properties": {"camada": "SSDMT", "COD_ID": "30299244", "CTMT": "PTS4022", "COMP": 1.14, "TIP_CND": "105925008_13_3", "energizado": true, "fonte": "PTS4022"}}, {"type": "Feature", "geometry": {"type": "MultiLineString", "coordinates": [[[-43.1998181614789, -22.981210092871436], [-43.19980832379508, -22.981210595592472]]]}, "properties": {"camada": "SSDMT", "COD_ID": "531777770", "CTMT": "PTS4022", "COMP": 1.05, "TIP_CND": "105925008_13_3", "energizado": true, "fonte": "PTS4022"}}, {"type": "Feature", "geometry": {"type": "MultiLineString", "coordinates": [[[-43.200458994087285, -22.98117721006014], [-43.1998181614789, -22.981210092871436]]]}, "properties": {"camada": "SSDMT", "COD_ID": "12894557", "CTMT": "PTS4022", "COMP": 68.44, "TIP_CND": "105925008_13_3", "energizado": true, "fonte": "PTS4022"}}, {"type": "Feature", "geometry": {"type": "MultiLineString", "coordinates": [[[-43.19985345357401, -22.98120457912796], [-43.20047190745254, -22.9811720191733]]]}, "properties": {"camada": "SSDMT", "COD_ID": "456035688", "CTMT": "PTS4022", "COMP": 66.06, "TIP_CND": "105925006_13_3", "energizado": true, "fonte": "PTS4022"}}, {"type": "Feature", "geometry": {"type": "MultiLineString", "coordinates": [[[-43.199332081510306, -22.98123508952773], [-43.19932076893832, -22.981050831030984]]]}, "properties": {"camada": "SSDMT", "COD_ID": "12894563", "CTMT": "PTS4022", "COMP": 21.26, "TIP_CND": "105925008_13_3", "energizado": true, "fonte": "PTS4022"}}, {"type": "Feature", "geometry": {"type": "MultiLineString", "coordinates": [[[-43.19671114680193, -22.983814124821947], [-43.196715370018296, -22.9838185162115]]]}, "properties": {"camada": "SSDMT", "COD_ID": "514563245", "CTMT": "PTS4022", "COMP": 0.68, "TIP_CND": "105924963_34_3", "energizado": true, "fonte": "PTS4022"}}, {"type": "Feature", "geometry": {"type": "MultiLineString", "coordinates": [[[-43.19670906936801, -22.983803056865554], [-43.196704325444216, -22.983807003090703]]]}, "properties": {"camada": "SSDMT", "COD_ID": "514563233", "CTMT": "PTS4022", "COMP": 0.68, "TIP_CND": "105924963_34_3", "energizado": true, "fonte": "PTS4022"}}, {"type": "Feature", "geometry": {"type": "MultiLineString", "coordinates": [[[-43.196676948282516, -22.98376507040166], [-43.19669017551115, -22.9837685894488]]]}, "properties": {"camada": "SSDMT", "COD_ID": "514400051", "CTMT": "PTS4022", "COMP": 1.47, "TIP_CND": "105924963_34_3", "energizado": true, "fonte": "PTS4022"}}, {"type": "Feature", "geometry": {"type": "MultiLineString", "coordinates": [[[-43.196704325444216, -22.983807003090703], [-43.19670736425343, -22.983810270327695]]]}, "properties": {"camada": "SSDMT", "COD_ID": "514563239", "CTMT": "PTS4022", "COMP": 0.5, "TIP_CND": "105924963_34_3", "energizado": true, "fonte": "PTS4022"}}, {"type": "Feature", "geometry": {"type": "MultiLineString", "coordinates": [[[-43.196715370018296, -22.9838185162115], [-43.19671930904883, -22.983812773140926]]]}, "properties": {"camada": "SSDMT", "COD_ID": "514563222", "CTMT": "PTS4022", "COMP": 0.78, "TIP_CND": "105924963_34_3", "energizado": true, "fonte": "PTS4022"}}, {"type": "Feature", "geometry": {"type": "MultiLineString", "coordinates": [[[-43.19671157308056, -22.983790045474166], [-43.19670906936801, -22.983803056865554]]]}, "properties": {"camada": "SSDMT", "COD_ID": "514400063", "CTMT": "PTS4022", "COMP": 1.52, "TIP_CND": "105924963_34_3", "energizado": true, "fonte": "PTS4022"}}, {"type": "Feature", "geometry": {"type": "MultiLineString", "coordinates": [[[-43.195623344841465, -22.983744723240363], [-43.1956392286674, -22.983834684223268]]]}, "properties": {"camada": "SSDMT", "COD_ID": "12891953", "CTMT": "PTS4022", "COMP": 10.5, "TIP_CND": "105924963_34_3", "energizado": true, "fonte": "PTS4022"}}, {"type": "Feature", "geometry": {"type": "MultiLineString", "coordinates": [[[-43.19669017551115, -22.9837685894488], [-43.19671157308056, -22.983790045474166]]]}, "properties": {"camada": "SSDMT", "COD_ID": "514400057", "CTMT": "PTS4022", "COMP": 3.36, "TIP_CND": "105924963_34_3", "energizado": true, "fonte": "PTS4022"}}, {"type": "Feature", "geometry": {"type": "MultiLineString", "coordinates": [[[-43.1956392286674, -22.983834684223268], [-43.19564331878411, -22.98384769831256]]]}, "properties": {"camada": "SSDMT", "COD_ID": "267652887", "CTMT": "PTS4022", "COMP": 1.56, "TIP_CND": "105924963_34_3", "energizado": true, "fonte": "PTS4022"}}, {"type": "Feature", "geometry": {"type": "MultiLineString", "coordinates": [[[-43.19666005451785, -22.983760705991756], [-43.196676948282516, -22.98376507040166]]]}, "properties": {"camada": "SSDMT", "COD_ID": "514400045", "CTMT": "PTS4022", "COMP": 1.87, "TIP_CND": "105924963_34_3", "energizado": true, "fonte": "PTS4022"}}, {"type": "Feature", "geometry": {"type": "MultiLineString", "coordinates": [[[-43.19564331878411, -22.98384769831256], [-43.19564269735258, -22.98385630662318]]]}, "properties": {"camada": "SSDMT", "COD_ID": "270266357", "CTMT": "PTS4022", "COMP": 0.99, "TIP_CND": "105924963_34_3", "energizado": true, "fonte": "PTS4022"}}, {"type": "Feature", "geometry": {"type": "MultiLineString", "coordinates": [[[-43.196732402278485, -22.983666069433525], [-43.196730889618834, -22.983666097312494]]]}, "properties": {"camada": "SSDMT", "COD_ID": "267652995", "CTMT": "PTS4022", "COMP": 0.16, "TIP_CND": "105924963_35_3", "energizado": true, "fonte": "PTS4022"}}, {"type": "Feature", "geometry": {"type": "MultiLineString", "coordinates": [[[-43.1960888591135, -22.98462818664143], [-43.19608640126637, -22.98462815876246]]]}, "properties": {"camada": "SSDMT", "COD_ID": "26640734", "CTMT": "PTS4022", "COMP": 0.26, "TIP_CND": "105924993_35_3", "energizado": true, "fonte": "PTS4022"}}, {"type": "Feature", "geometry": {"type": "MultiLineString", "coordinates": [[[-43.19629335325561, -22.984740416636896], [-43.196297022489546, -22.984740287134514]]]}, "properties": {"camada": "SSDMT", "COD_ID": "26640665", "CTMT": "PTS4022", "COMP": 0.39, "TIP_CND": "105924993_35_3", "energizado": true, "fonte": "PTS4022"}}, {"type": "Feature", "geometry": {"type": "MultiLineString", "coordinates": [[[-43.196325056156354, -22.984740127055147], [-43.19678632652773, -22.98468936572158]]]}, "properties": {"camada": "SSDMT", "COD_ID": "156288817", "CTMT": "PTS4022", "COMP": 49.53, "TIP_CND": "105924993_35_3", "energizado": true, "fonte": "PTS4022"}}, {"type": "Feature", "geometry": {"type": "MultiLineString", "coordinates": [[[-43.19547996502831, -22.984782910502872], [-43.195498743771964, -22.98476575863282]]]}, "properties": {"camada": "SSDMT", "COD_ID": "11416152", "CTMT": "PTS4022", "COMP": 2.81, "TIP_CND": "105924993_35_3", "energizado": true, "fonte": "PTS4022"}}, {"type": "Feature", "geometry": {"type": "MultiLineString", "coordinates": [[[-43.19607916891846, -22.98372119157966], [-43.19607696198216, -22.98372286431868]]]}, "properties": {"camada": "SSDMT", "COD_ID": "11425506", "CTMT": "PTS4022", "COMP": 0.3, "TIP_CND": "105924963_35_3", "energizado": true, "fonte": "PTS4022"}}, {"type": "Feature", "geometry": {"type": "MultiLineString", "coordinates": [[[-43.19607069100954, -22.984749302837997], [-43.19607037354888, -22.984743790893162]]]}, "properties": {"camada": "SSDMT", "COD_ID": "26640684", "CTMT": "PTS4022", "COMP": 0.64, "TIP_CND": "105924993_35_3", "energizado": true, "fonte": "PTS4022"}}, {"type": "Feature", "geometry": {"type": "MultiLineString", "coordinates": [[[-43.19655135975739, -22.983760190680186], [-43.196557914016466, -22.983762404811102]]]}, "properties": {"camada": "SSDMT", "COD_ID": "514399967", "CTMT": "PTS4022", "COMP": 0.74, "TIP_CND": "105924963_35_3", "energizado": true, "fonte": "PTS4022"}}, {"type": "Feature", "geometry": {"type": "MultiLineString", "coordinates": [[[-43.19683347348598, -22.98469538398473], [-43.19694980798721, -22.98473915219006]]]}, "properties": {"camada": "SSDMT", "COD_ID": "156289663", "CTMT": "PTS4022", "COMP": 13.39, "TIP_CND": "105924993_35_3", "energizado": true, "fonte": "PTS4022"}}, {"type": "Feature", "geometry": {"type": "MultiLineString", "coordinates": [[[-43.196297022489546, -22.984740287134514], [-43.19630238694555, -22.98474246079587]]]}, "properties": {"camada": "SSDMT", "COD_ID": "156288799", "CTMT": "PTS4022", "COMP": 0.62, "TIP_CND": "105924993_35_3", "energizado": true, "fonte": "PTS4022"}}, {"type": "Feature", "geometry": {"type": "MultiLineString", "coordinates": [[[-43.195830209596465, -22.983731782895404], [-43.19582689109808, -22.98373201581984]]]}, "properties": {"camada": "SSDMT", "COD_ID": "267652875", "CTMT": "PTS4022", "COMP": 0.35, "TIP_CND": "105924963_35_3", "energizado": true, "fonte": "PTS4022"}}, {"type": "Feature", "geometry": {"type": "MultiLineString", "coordinates": [[[-43.19607037354888, -22.984743790893162], [-43.19607012443663, -22.98473467626428]]]}, "properties": {"camada": "SSDMT", "COD_ID": "26640720", "CTMT": "PTS4022", "COMP": 1.05, "TIP_CND": "105924993_35_3", "energizado": true, "fonte": "PTS4022"}}, {"type": "Feature", "geometry": {"type": "MultiLineString", "coordinates": [[[-43.19659204148945, -22.983785939169707], [-43.196646084449185, -22.98378594906228]]]}, "properties": {"camada": "SSDMT", "COD_ID": "514399991", "CTMT": "PTS4022", "COMP": 5.76, "TIP_CND": "105924963_35_3", "energizado": true, "fonte": "PTS4022"}}, {"type": "Feature", "geometry": {"type": "MultiLineString", "coordinates": [[[-43.19607725606045, -22.984752132105143], [-43.19607069100954, -22.984749302837997]]]}, "properties": {"camada": "SSDMT", "COD_ID": "26640703", "CTMT": "PTS4022", "COMP": 0.77, "TIP_CND": "105924969_35_3", "energizado": true, "fonte": "PTS4022"}}, {"type": "Feature", "geometry": {"type": "MultiLineString", "coordinates": [[[-43.19607765266147, -22.98462741772113], [-43.1959406697261, -22.984595479197935]]]}, "properties": {"camada": "SSDMT", "COD_ID": "26640780", "CTMT": "PTS4022", "COMP": 15.06, "TIP_CND": "105924993_35_3", "energizado": true, "fonte": "PTS4022"}}, {"type": "Feature", "geometry": {"type": "MultiLineString", "coordinates": [[[-43.19654601418716, -22.983758070978126], [-43.19655135975739, -22.983760190680186]]]}, "properties": {"camada": "SSDMT", "COD_ID": "514399961", "CTMT": "PTS4022", "COMP": 0.62, "TIP_CND": "105924963_35_3", "energizado": true, "fonte": "PTS4022"}}, {"type": "Feature", "geometry": {"type": "MultiLineString", "coordinates": [[[-43.19631206544943, -22.984741523702326], [-43.196325056156354, -22.984740127055147]]]}, "properties": {"camada": "SSDMT", "COD_ID": "156288811", "CTMT": "PTS4022", "COMP": 1.39, "TIP_CND": "105924993_35_3", "energizado": true, "fonte": "PTS4022"}}, {"type": "Feature", "geometry": {"type": "MultiLineString", "coordinates": [[[-43.19562274949027, -22.983741059402348], [-43.195623344841465, -22.983744723240363]]]}, "properties": {"camada": "SSDMT", "COD_ID": "12891947", "CTMT": "PTS4022", "COMP": 0.43, "TIP_CND": "105924963_35_3", "energizado": true, "fonte": "PTS4022"}}, {"type": "Feature", "geometry": {"type": "MultiLineString", "coordinates": [[[-43.196292765098974, -22.983697174285112], [-43.1962854913823, -22.98369771477769]]]}, "properties": {"camada": "SSDMT", "COD_ID": "25283391", "CTMT": "PTS4022", "COMP": 0.78, "TIP_CND": "105924963_35_3", "energizado": true, "fonte": "PTS4022"}}, {"type": "Feature", "geometry": {"type": "MultiLineString", "coordinates": [[[-43.19583488337315, -22.984597687033613], [-43.195839567042356, -22.98459754224274]]]}, "properties": {"camada": "SSDMT", "COD_ID": "26641259", "CTMT": "PTS4022", "COMP": 0.5, "TIP_CND": "105924993_35_3", "energizado": true, "fonte": "PTS4022"}}, {"type": "Feature", "geometry": {"type": "MultiLineString", "coordinates": [[[-43.19663101720761, -22.983761594521923], [-43.19666005451785, -22.983760705991756]]]}, "properties": {"camada": "SSDMT", "COD_ID": "514400037", "CTMT": "PTS4022", "COMP": 3.1, "TIP_CND": "105924963_35_3", "energizado": true, "fonte": "PTS4022"}}, {"type": "Feature", "geometry": {"type": "MultiLineString", "coordinates": [[[-43.1962757876974, -22.983698426141416], [-43.196117245314554, -22.983718311051177]]]}, "properties": {"camada": "SSDMT", "COD_ID": "11425434", "CTMT": "PTS4022", "COMP": 17.06, "TIP_CND": "105924963_35_3", "energizado": true, "fonte": "PTS4022"}}, {"type": "Feature", "geometry": {"type": "MultiLineString", "coordinates": [[[-43.196557914016466, -22.983762404811102], [-43.196571285136656, -22.983766115413857]]]}, "properties": {"camada": "SSDMT", "COD_ID": "514399973", "CTMT": "PTS4022", "COMP": 1.49, "TIP_CND": "105924963_35_3", "energizado": true, "fonte": "PTS4022"}}, {"type": "Feature", "geometry": {"type": "MultiLineString", "coordinates": [[[-43.196293346960374, -22.98474313438811], [-43.196288524795534, -22.98474341407723]]]}, "properties": {"camada": "SSDMT", "COD_ID": "291155170", "CTMT": "PTS4022", "COMP": 0.52, "TIP_CND": "105924969_35_3", "energizado": true, "fonte": "PTS4022"}}, {"type": "Feature", "geometry": {"type": "MultiLineString", "coordinates": [[[-43.197033591526974, -22.98349869840615], [-43.19676679505153, -22.983664420076877]]]}, "properties": {"camada": "SSDMT", "COD_ID": "12182499", "CTMT": "PTS4022", "COMP": 34.26, "TIP_CND": "105924963_35_3", "energizado": true, "fonte": "PTS4022"}}, {"type": "Feature", "geometry": {"type": "MultiLineString", "coordinates": [[[-43.19609487557801, -22.983720214016614], [-43.19607916891846, -22.98372119157966]]]}, "properties": {"camada": "SSDMT", "COD_ID": "25283399", "CTMT": "PTS4022", "COMP": 1.68, "TIP_CND": "105924963_35_3", "energizado": true, "fonte": "PTS4022"}}, {"type": "Feature", "geometry": {"type": "MultiLineString", "coordinates": [[[-43.196631765443556, -22.98378237245845], [-43.19663101720761, -22.983761594521923]]]}, "properties": {"camada": "SSDMT", "COD_ID": "514400031", "CTMT": "PTS4022", "COMP": 2.39, "TIP_CND": "105924963_35_3", "energizado": true, "fonte": "PTS4022"}}, {"type": "Feature", "geometry": {"type": "MultiLineString", "coordinates": [[[-43.19675002089673, -22.983665737583692], [-43.19674176691899, -22.9836667088515]]]}, "properties": {"camada": "SSDMT", "COD_ID": "268301383", "CTMT": "PTS4022", "COMP": 0.89, "TIP_CND": "105924963_35_3", "energizado": true, "fonte": "PTS4022"}}, {"type": "Feature", "geometry": {"type": "MultiLineString", "coordinates": [[[-43.19659113767085, -22.983771687613228], [-43.19659204148945, -22.983785939169707]]]}, "properties": {"camada": "SSDMT", "COD_ID": "514399985", "CTMT": "PTS4022", "COMP": 1.64, "TIP_CND": "105924963_35_3", "energizado": true, "fonte": "PTS4022"}}, {"type": "Feature", "geometry": {"type": "MultiLineString", "coordinates": [[[-43.195306689052416, -22.98486350055009], [-43.19530961094972, -22.984865240738202]]]}, "properties": {"camada": "SSDMT", "COD_ID": "11415480", "CTMT": "PTS4022", "COMP": 0.37, "TIP_CND": "105924967_35_3", "energizado": true, "fonte": "PTS4022"}}, {"type": "Feature", "geometry": {"type": "MultiLineString", "coordinates": [[[-43.1966423117932, -22.983774808260762], [-43.19664236665187, -22.983776524167183]]]}, "properties": {"camada": "SSDMT", "COD_ID": "514400011", "CTMT": "PTS4022", "COMP": 0.2, "TIP_CND": "105924963_35_3", "energizado": true, "fonte": "PTS4022"}}, {"type": "Feature", "geometry": {"type": "MultiLineString", "coordinates": [[[-43.19676679505153, -22.983664420076877], [-43.19675002089673, -22.983665737583692]]]}, "properties": {"camada": "SSDMT", "COD_ID": "12126321", "CTMT": "PTS4022", "COMP": 1.8, "TIP_CND": "105924963_35_3", "energizado": true, "fonte": "PTS4022"}}, {"type": "Feature", "geometry": {"type": "MultiLineString", "coordinates": [[[-43.19607696198216, -22.98372286431868], [-43.19584833813025, -22.98373132154319]]]}, "properties": {"camada": "SSDMT", "COD_ID": "267652869", "CTMT": "PTS4022", "COMP": 24.4, "TIP_CND": "105924963_35_3", "energizado": true, "fonte": "PTS4022"}}, {"type": "Feature", "geometry": {"type": "MultiLineString", "coordinates": [[[-43.195448056182784, -22.9848119855846], [-43.19547996502831, -22.984782910502872]]]}, "properties": {"camada": "SSDMT", "COD_ID": "11416146", "CTMT": "PTS4022", "COMP": 4.77, "TIP_CND": "105924993_35_3", "energizado": true, "fonte": "PTS4022"}}, {"type": "Feature", "geometry": {"type": "MultiLineString", "coordinates": [[[-43.19581865150951, -22.98461625803384], [-43.195835537180244, -22.98461535781246]]]}, "properties": {"camada": "SSDMT", "COD_ID": "26640835", "CTMT": "PTS4022", "COMP": 1.8, "TIP_CND": "105924993_35_3", "energizado": true, "fonte": "PTS4022"}}, {"type": "Feature", "geometry": {"type": "MultiLineString", "coordinates": [[[-43.19589200561154, -22.984595024141015], [-43.19581770632203, -22.984597040421022]]]}, "properties": {"camada": "SSDMT", "COD_ID": "26640803", "CTMT": "PTS4022", "COMP": 7.93, "TIP_CND": "105924993_35_3", "energizado": true, "fonte": "PTS4022"}}, {"type": "Feature", "geometry": {"type": "MultiLineString", "coordinates": [[[-43.19630238694555, -22.98474246079587], [-43.19631206544943, -22.984741523702326]]]}, "properties": {"camada": "SSDMT", "COD_ID": "156288805", "CTMT": "PTS4022", "COMP": 1.04, "TIP_CND": "105924993_35_3", "energizado": true, "fonte": "PTS4022"}}, {"type": "Feature", "geometry": {"type": "MultiLineString", "coordinates": [[[-43.19609060649623, -22.98464200562404], [-43.196089956286414, -22.984636660953072]]]}, "properties": {"camada": "SSDMT", "COD_ID": "26640707", "CTMT": "PTS4022", "COMP": 0.62, "TIP_CND": "105924993_35_3", "energizado": true, "fonte": "PTS4022"}}, {"type": "Feature", "geometry": {"type": "MultiLineString", "coordinates": [[[-43.19673210010632, -22.983667511046747], [-43.19671434569045, -22.983671444681363]]]}, "properties": {"camada": "SSDMT", "COD_ID": "268298044", "CTMT": "PTS4022", "COMP": 1.95, "TIP_CND": "105925113_35_3", "energizado": true, "fonte": "PTS4022"}}, {"type": "Feature", "geometry": {"type": "MultiLineString", "coordinates": [[[-43.19519292751153, -22.984795613426797], [-43.195194483338696, -22.984798196279712]]]}, "properties": {"camada": "SSDMT", "COD_ID": "11415336", "CTMT": "PTS4022", "COMP": 0.34, "TIP_CND": "105924993_35_3", "energizado": true, "fonte": "PTS4022"}}, {"type": "Feature", "geometry": {"type": "MultiLineString", "coordinates": [[[-43.19674176691899, -22.9836667088515], [-43.19673210010632, -22.983667511046747]]]}, "properties": {"camada": "SSDMT", "COD_ID": "12221533", "CTMT": "PTS4022", "COMP": 1.03, "TIP_CND": "105925113_35_3", "energizado": true, "fonte": "PTS4022"}}, {"type": "Feature", "geometry": {"type": "MultiLineString", "coordinates": [[[-43.19563132272731, -22.98374030756912], [-43.19562274949027, -22.983741059402348]]]}, "properties": {"camada": "SSDMT", "COD_ID": "267652881", "CTMT": "PTS4022", "COMP": 0.92, "TIP_CND": "105924963_35_3", "energizado": true, "fonte": "PTS4022"}}, {"type": "Feature", "geometry": {"type": "MultiLineString", "coordinates": [[[-43.195835537180244, -22.98461535781246], [-43.19583488337315, -22.984597687033613]]]}, "properties": {"camada": "SSDMT", "COD_ID": "26641249", "CTMT": "PTS4022", "COMP": 2.04, "TIP_CND": "105924993_35_3", "energizado": true, "fonte": "PTS4022"}}, {"type": "Feature", "geometry": {"type": "MultiLineString", "coordinates": [[[-43.1959406697261, -22.984595479197935], [-43.19589200561154, -22.984595024141015]]]}, "properties": {"camada": "SSDMT", "COD_ID": "26640757", "CTMT": "PTS4022", "COMP": 5.19, "TIP_CND": "105924993_35_3", "energizado": true, "fonte": "PTS4022"}}, {"type": "Feature", "geometry": {"type": "MultiLineString", "coordinates": [[[-43.19607012443663, -22.98473467626428], [-43.19609060649623, -22.98464200562404]]]}, "properties": {"camada": "SSDMT", "COD_ID": "26640730", "CTMT": "PTS4022", "COMP": 10.89, "TIP_CND": "105924993_35_3", "energizado": true, "fonte": "PTS4022"}}, {"type": "Feature", "geometry": {"type": "MultiLineString", "coordinates": [[[-43.195432625615126, -22.98480470287467], [-43.195439341752206, -22.984810143773075]]]}, "properties": {"camada": "SSDMT", "COD_ID": "272119947", "CTMT": "PTS4022", "COMP": 0.95, "TIP_CND": "105924967_35_3", "energizado": true, "fonte": "PTS4022"}}, {"type": "Feature", "geometry": {"type": "MultiLineString", "coordinates": [[[-43.19678632652773, -22.98468936572158], [-43.19679649426274, -22.984688335098554]]]}, "properties": {"camada": "SSDMT", "COD_ID": "156289638", "CTMT": "PTS4022", "COMP": 1.09, "TIP_CND": "105924993_35_3", "energizado": true, "fonte": "PTS4022"}}, {"type": "Feature", "geometry": {"type": "MultiLineString", "coordinates": [[[-43.19664237294711, -22.983777544897748], [-43.19664254741559, -22.9837820352127]]]}, "properties": {"camada": "SSDMT", "COD_ID": "514400017", "CTMT": "PTS4022", "COMP": 0.52, "TIP_CND": "105924963_35_3", "energizado": true, "fonte": "PTS4022"}}, {"type": "Feature", "geometry": {"type": "MultiLineString", "coordinates": [[[-43.195638770013204, -22.983739923558574], [-43.19563132272731, -22.98374030756912]]]}, "properties": {"camada": "SSDMT", "COD_ID": "11425554", "CTMT": "PTS4022", "COMP": 0.8, "TIP_CND": "105924963_35_3", "energizado": true, "fonte": "PTS4022"}}, {"type": "Feature", "geometry": {"type": "MultiLineString", "coordinates": [[[-43.19544474577833, -22.98481448569993], [-43.195448056182784, -22.9848119855846]]]}, "properties": {"camada": "SSDMT", "COD_ID": "12374233", "CTMT": "PTS4022", "COMP": 0.46, "TIP_CND": "105924969_35_3", "energizado": true, "fonte": "PTS4022"}}, {"type": "Feature", "geometry": {"type": "MultiLineString", "coordinates": [[[-43.196571285136656, -22.983766115413857], [-43.19659113767085, -22.983771687613228]]]}, "properties": {"camada": "SSDMT", "COD_ID": "514399979", "CTMT": "PTS4022", "COMP": 2.21, "TIP_CND": "105924963_35_3", "energizado": true, "fonte": "PTS4022"}}, {"type": "Feature", "geometry": {"type": "MultiLineString", "coordinates": [[[-43.196730889618834, -22.983666097312494], [-43.196292765098974, -22.983697174285112]]]}, "properties": {"camada": "SSDMT", "COD_ID": "11425422", "CTMT": "PTS4022", "COMP": 46.86, "TIP_CND": "105924963_35_3", "energizado": true, "fonte": "PTS4022"}}, {"type": "Feature", "geometry": {"type": "MultiLineString", "coordinates": [[[-43.19671434569045, -22.983671444681363], [-43.19657982689745, -22.983757480123586]]]}, "properties": {"camada": "SSDMT", "COD_ID": "267653001", "CTMT": "PTS4022", "COMP": 17.43, "TIP_CND": "105925113_35_3", "energizado": true, "fonte": "PTS4022"}}, {"type": "Feature", "geometry": {"type": "MultiLineString", "coordinates": [[[-43.196297022489546, -22.984740287134514], [-43.196293346960374, -22.98474313438811]]]}, "properties": {"camada": "SSDMT", "COD_ID": "26640671", "CTMT": "PTS4022", "COMP": 0.51, "TIP_CND": "105924969_35_3", "energizado": true, "fonte": "PTS4022"}}, {"type": "Feature", "geometry": {"type": "MultiLineString", "coordinates": [[[-43.19531651864236, -22.984859927543596], [-43.195432625615126, -22.98480470287467]]]}, "properties": {"camada": "SSDMT", "COD_ID": "11415486", "CTMT": "PTS4022", "COMP": 13.92, "TIP_CND": "105924967_35_3", "energizado": true, "fonte": "PTS4022"}}, {"type": "Feature", "geometry": {"type": "MultiLineString", "coordinates": [[[-43.19530961094972, -22.984865240738202], [-43.19531651864236, -22.984859927543596]]]}, "properties": {"camada": "SSDMT", "COD_ID": "11915655", "CTMT": "PTS4022", "COMP": 0.96, "TIP_CND": "105924967_35_3", "energizado": true, "fonte": "PTS4022"}}, {"type": "Feature", "geometry": {"type": "MultiLineString", "coordinates": [[[-43.196089956286414, -22.984636660953072], [-43.1960888591135, -22.98462818664143]]]}, "properties": {"camada": "SSDMT", "COD_ID": "26640753", "CTMT": "PTS4022", "COMP": 0.98, "TIP_CND": "105924993_35_3", "energizado": true, "fonte": "PTS4022"}}, {"type": "Feature", "geometry": {"type": "MultiLineString", "coordinates": [[[-43.196117245314554, -22.983718311051177], [-43.19611089520163, -22.983719151017965]]]}, "properties": {"camada": "SSDMT", "COD_ID": "11425500", "CTMT": "PTS4022", "COMP": 0.68, "TIP_CND": "105924963_35_3", "energizado": true, "fonte": "PTS4022"}}, {"type": "Feature", "geometry": {"type": "MultiLineString", "coordinates": [[[-43.19679649426274, -22.984688335098554], [-43.19680318971541, -22.984687969074457]]]}, "properties": {"camada": "SSDMT", "COD_ID": "267653097", "CTMT": "PTS4022", "COMP": 0.72, "TIP_CND": "105924993_35_3", "energizado": true, "fonte": "PTS4022"}}, {"type": "Feature", "geometry": {"type": "MultiLineString", "coordinates": [[[-43.19608640126637, -22.98462815876246], [-43.19607765266147, -22.98462741772113]]]}, "properties": {"camada": "SSDMT", "COD_ID": "26640770", "CTMT": "PTS4022", "COMP": 0.94, "TIP_CND": "105924993_35_3", "energizado": true, "fonte": "PTS4022"}}, {"type": "Feature", "geometry": {"type": "MultiLineString", "coordinates": [[[-43.19681419561857, -22.984687660606994], [-43.19683347348598, -22.98469538398473]]]}, "properties": {"camada": "SSDMT", "COD_ID": "156289657", "CTMT": "PTS4022", "COMP": 2.24, "TIP_CND": "105924993_35_3", "energizado": true, "fonte": "PTS4022"}}, {"type": "Feature", "geometry": {"type": "MultiLineString", "coordinates": [[[-43.19611089520163, -22.983719151017965], [-43.19609487557801, -22.983720214016614]]]}, "properties": {"camada": "SSDMT", "COD_ID": "267652821", "CTMT": "PTS4022", "COMP": 1.71, "TIP_CND": "105924963_35_3", "energizado": true, "fonte": "PTS4022"}}, {"type": "Feature", "geometry": {"type": "MultiLineString", "coordinates": [[[-43.19664577148512, -22.983776463912648], [-43.196645716626506, -22.983774711133947]]]}, "properties": {"camada": "SSDMT", "COD_ID": "514400003", "CTMT": "PTS4022", "COMP": 0.2, "TIP_CND": "105924963_35_3", "energizado": true, "fonte": "PTS4022"}}, {"type": "Feature", "geometry": {"type": "MultiLineString", "coordinates": [[[-43.195498743771964, -22.98476575863282], [-43.196044545019674, -22.984739532603328]]]}, "properties": {"camada": "SSDMT", "COD_ID": "12374365", "CTMT": "PTS4022", "COMP": 58.28, "TIP_CND": "105924993_35_3", "energizado": true, "fonte": "PTS4022"}}, {"type": "Feature", "geometry": {"type": "MultiLineString", "coordinates": [[[-43.195839567042356, -22.98459754224274], [-43.19583955625046, -22.98459837231701]]]}, "properties": {"camada": "SSDMT", "COD_ID": "28245992", "CTMT": "PTS4022", "COMP": 0.1, "TIP_CND": "105924993_35_3", "energizado": true, "fonte": "PTS4022"}}, {"type": "Feature", "geometry": {"type": "MultiLineString", "coordinates": [[[-43.19584650261396, -22.983730713601517], [-43.195830209596465, -22.983731782895404]]]}, "properties": {"camada": "SSDMT", "COD_ID": "25283407", "CTMT": "PTS4022", "COMP": 1.74, "TIP_CND": "105924963_35_3", "energizado": true, "fonte": "PTS4022"}}, {"type": "Feature", "geometry": {"type": "MultiLineString", "coordinates": [[[-43.1965507644062, -22.983758007126255], [-43.19654601418716, -22.983758070978126]]]}, "properties": {"camada": "SSDMT", "COD_ID": "267653169", "CTMT": "PTS4022", "COMP": 0.51, "TIP_CND": "105925113_35_3", "energizado": true, "fonte": "PTS4022"}}, {"type": "Feature", "geometry": {"type": "MultiLineString", "coordinates": [[[-43.195839504989124, -22.98460076541295], [-43.19583949059995, -22.98460182121704]]]}, "properties": {"camada": "SSDMT", "COD_ID": "26641226", "CTMT": "PTS4022", "COMP": 0.12, "TIP_CND": "105924993_35_3", "energizado": true, "fonte": "PTS4022"}}, {"type": "Feature", "geometry": {"type": "MultiLineString", "coordinates": [[[-43.19544143807184, -22.984810908196835], [-43.19544474577833, -22.98481448569993]]]}, "properties": {"camada": "SSDMT", "COD_ID": "11415540", "CTMT": "PTS4022", "COMP": 0.54, "TIP_CND": "105924993_35_3", "energizado": true, "fonte": "PTS4022"}}, {"type": "Feature", "geometry": {"type": "MultiLineString", "coordinates": [[[-43.196288524795534, -22.98474341407723], [-43.19607725606045, -22.984752132105143]]]}, "properties": {"camada": "SSDMT", "COD_ID": "26640677", "CTMT": "PTS4022", "COMP": 22.55, "TIP_CND": "105924969_35_3", "energizado": true, "fonte": "PTS4022"}}, {"type": "Feature", "geometry": {"type": "MultiLineString", "coordinates": [[[-43.19680318971541, -22.984687969074457], [-43.19681419561857, -22.984687660606994]]]}, "properties": {"camada": "SSDMT", "COD_ID": "156289644", "CTMT": "PTS4022", "COMP": 1.17, "TIP_CND": "105924993_35_3", "energizado": true, "fonte": "PTS4022"}}, {"type": "Feature", "geometry": {"type": "MultiLineString", "coordinates": [[[-43.1962854913823, -22.98369771477769], [-43.1962757876974, -22.983698426141416]]]}, "properties": {"camada": "SSDMT", "COD_ID": "270941697", "CTMT": "PTS4022", "COMP": 1.04, "TIP_CND": "105924963_35_3", "energizado": true, "fonte": "PTS4022"}}, {"type": "Feature", "geometry": {"type": "MultiLineString", "coordinates": [[[-43.195181518712104, -22.984787355851722], [-43.19519292751153, -22.984795613426797]]]}, "properties": {"camada": "SSDMT", "COD_ID": "23441198", "CTMT": "PTS4022", "COMP": 1.54, "TIP_CND": "105924993_35_3", "energizado": true, "fonte": "PTS4022"}}, {"type": "Feature", "geometry": {"type": "MultiLineString", "coordinates": [[[-43.196646084449185, -22.98378594906228], [-43.196645812853944, -22.983777737352625]]]}, "properties": {"camada": "SSDMT", "COD_ID": "514399997", "CTMT": "PTS4022", "COMP": 0.95, "TIP_CND": "105924963_35_3", "energizado": true, "fonte": "PTS4022"}}, {"type": "Feature", "geometry": {"type": "MultiLineString", "coordinates": [[[-43.19674176691899, -22.9836667088515], [-43.196732402278485, -22.983666069433525]]]}, "properties": {"camada": "SSDMT", "COD_ID": "12221515", "CTMT": "PTS4022", "COMP": 1.0, "TIP_CND": "105924963_35_3", "energizado": true, "fonte": "PTS4022"}}, {"type": "Feature", "geometry": {"type": "MultiLineString", "coordinates": [[[-43.19581770632203, -22.984597040421022], [-43.19581865150951, -22.98461625803384]]]}, "properties": {"camada": "SSDMT", "COD_ID": "26640819", "CTMT": "PTS4022", "COMP": 2.22, "TIP_CND": "105924993_35_3", "energizado": true, "fonte": "PTS4022"}}, {"type": "Feature", "geometry": {"type": "MultiLineString", "coordinates": [[[-43.19584833813025, -22.98373132154319], [-43.19584650261396, -22.983730713601517]]]}, "properties": {"camada": "SSDMT", "COD_ID": "12220915", "CTMT": "PTS4022", "COMP": 0.21, "TIP_CND": "105924963_35_3", "energizado": true, "fonte": "PTS4022"}}, {"type": "Feature", "geometry": {"type": "MultiLineString", "coordinates": [[[-43.19582689109808, -22.98373201581984], [-43.195638770013204, -22.983739923558574]]]}, "properties": {"camada": "SSDMT", "COD_ID": "12220933", "CTMT": "PTS4022", "COMP": 20.08, "TIP_CND": "105924963_35_3", "energizado": true, "fonte": "PTS4022"}}, {"type": "Feature", "geometry": {"type": "MultiLineString", "coordinates": [[[-43.196044545019674, -22.984739532603328], [-43.19629335325561, -22.984740416636896]]]}, "properties": {"camada": "SSDMT", "COD_ID": "12374227", "CTMT": "PTS4022", "COMP": 26.53, "TIP_CND": "105924993_35_3", "energizado": true, "fonte": "PTS4022"}}, {"type": "Feature", "geometry": {"type": "MultiLineString", "coordinates": [[[-43.195439341752206, -22.984810143773075], [-43.19544143807184, -22.984810908196835]]]}, "properties": {"camada": "SSDMT", "COD_ID": "272119953", "CTMT": "PTS4022", "COMP": 0.24, "TIP_CND": "105924967_35_3", "energizado": true, "fonte": "PTS4022"}}, {"type": "Feature", "geometry": {"type": "MultiLineString", "coordinates": [[[-43.19657982689745, -22.983757480123586], [-43.19655570078493, -22.9837579459724]]]}, "properties": {"camada": "SSDMT", "COD_ID": "12126333", "CTMT": "PTS4022", "COMP": 2.57, "TIP_CND": "105925113_35_3", "energizado": true, "fonte": "PTS4022"}}, {"type": "Feature", "geometry": {"type": "MultiLineString", "coordinates": [[[-43.19655570078493, -22.9837579459724], [-43.1965507644062, -22.983758007126255]]]}, "properties": {"camada": "SSDMT", "COD_ID": "270941744", "CTMT": "PTS4022", "COMP": 0.53, "TIP_CND": "105925113_35_3", "energizado": true, "fonte": "PTS4022"}}, {"type": "Feature", "geometry": {"type": "MultiLineString", "coordinates": [[[-43.19664254741559, -22.9837820352127], [-43.196631765443556, -22.98378237245845]]]}, "properties": {"camada": "SSDMT", "COD_ID": "514400025", "CTMT": "PTS4022", "COMP": 1.15, "TIP_CND": "105924963_35_3", "energizado": true, "fonte": "PTS4022"}}, {"type": "Feature", "geometry": {"type": "MultiLineString", "coordinates": [[[-43.195194483338696, -22.984798196279712], [-43.195306689052416, -22.98486350055009]]]}, "properties": {"camada": "SSDMT", "COD_ID": "11912145", "CTMT": "PTS4022", "COMP": 14.13, "TIP_CND": "105924993_35_3", "energizado": true, "fonte": "PTS4022"}}, {"type": "Feature", "geometry": {"type": "MultiLineString", "coordinates": [[[-43.19378559013285, -22.983588413874145], [-43.19338347087046, -22.983492086590502]]]}, "properties": {"camada": "SSDMT", "COD_ID": "11407346", "CTMT": "PTS4022", "COMP": 44.29, "TIP_CND": "105924969_35_3", "energizado": true, "fonte": "PTS4022"}}, {"type": "Feature", "geometry": {"type": "MultiLineString", "coordinates": [[[-43.194007076065645, -22.98363713014942], [-43.193934355086355, -22.983615133631474]]]}, "properties": {"camada": "SSDMT", "COD_ID": "12312467", "CTMT": "PTS4022", "COMP": 8.16, "TIP_CND": "105924969_35_3", "energizado": true, "fonte": "PTS4022"}}, {"type": "Feature", "geometry": {"type": "MultiLineString", "coordinates": [[[-43.19352532003745, -22.984798575793604], [-43.193536389792484, -22.984785381839856]]]}, "properties": {"camada": "SSDMT", "COD_ID": "256902450", "CTMT": "PTS4022", "COMP": 1.92, "TIP_CND": "105924993_35_3", "energizado": true, "fonte": "PTS4022"}}, {"type": "Feature", "geometry": {"type": "MultiLineString", "coordinates": [[[-43.19338347087046, -22.983492086590502], [-43.19337109529977, -22.983488992023297]]]}, "properties": {"camada": "SSDMT", "COD_ID": "11407352", "CTMT": "PTS4022", "COMP": 1.37, "TIP_CND": "105924969_35_3", "energizado": true, "fonte": "PTS4022"}}, {"type": "Feature", "geometry": {"type": "MultiLineString", "coordinates": [[[-43.193921683638735, -22.983610807892433], [-43.1939126094793, -22.983608184570016]]]}, "properties": {"camada": "SSDMT", "COD_ID": "25329968", "CTMT": "PTS4022", "COMP": 1.01, "TIP_CND": "105924969_35_3", "energizado": true, "fonte": "PTS4022"}}, {"type": "Feature", "geometry": {"type": "MultiLineString", "coordinates": [[[-43.19418296457212, -22.98402088615495], [-43.19427129508415, -22.984088908176545]]]}, "properties": {"camada": "SSDMT", "COD_ID": "251099531", "CTMT": "PTS4022", "COMP": 12.25, "TIP_CND": "105924967_35_3", "energizado": true, "fonte": "PTS4022"}}, {"type": "Feature", "geometry": {"type": "MultiLineString", "coordinates": [[[-43.19419153601052, -22.984004864732697], [-43.19419489407903, -22.98400758518187]]]}, "properties": {"camada": "SSDMT", "COD_ID": "251088515", "CTMT": "PTS4022", "COMP": 0.48, "TIP_CND": "105924967_35_3", "energizado": true, "fonte": "PTS4022"}}, {"type": "Feature", "geometry": {"type": "MultiLineString", "coordinates": [[[-43.19418265880262, -22.984007933219516], [-43.19418600428065, -22.984004196536375]]]}, "properties": {"camada": "SSDMT", "COD_ID": "11406260", "CTMT": "PTS4022", "COMP": 0.56, "TIP_CND": "105924993_35_3", "energizado": true, "fonte": "PTS4022"}}, {"type": "Feature", "geometry": {"type": "MultiLineString", "coordinates": [[[-43.194314509307105, -22.98389522118748], [-43.19428117233821, -22.983859233916462]]]}, "properties": {"camada": "SSDMT", "COD_ID": "12237853", "CTMT": "PTS4022", "COMP": 5.46, "TIP_CND": "105924993_35_3", "energizado": true, "fonte": "PTS4022"}}, {"type": "Feature", "geometry": {"type": "MultiLineString", "coordinates": [[[-43.19479017422714, -22.984479257111957], [-43.19500369486457, -22.984601343677014]]]}, "properties": {"camada": "SSDMT", "COD_ID": "12339501", "CTMT": "PTS4022", "COMP": 26.76, "TIP_CND": "105924967_35_3", "energizado": true, "fonte": "PTS4022"}}, {"type": "Feature", "geometry": {"type": "MultiLineString", "coordinates": [[[-43.19419489407903, -22.98400758518187], [-43.19418296457212, -22.98402088615495]]]}, "properties": {"camada": "SSDMT", "COD_ID": "98161020", "CTMT": "PTS4022", "COMP": 1.99, "TIP_CND": "105924967_35_3", "energizado": true, "fonte": "PTS4022"}}, {"type": "Feature", "geometry": {"type": "MultiLineString", "coordinates": [[[-43.19431168003996, -22.983768176659964], [-43.194136598225384, -22.983675532999428]]]}, "properties": {"camada": "SSDMT", "COD_ID": "11407088", "CTMT": "PTS4022", "COMP": 21.5, "TIP_CND": "105924993_35_3", "energizado": true, "fonte": "PTS4022"}}, {"type": "Feature", "geometry": {"type": "MultiLineString", "coordinates": [[[-43.19427129508415, -22.984088908176545], [-43.19477463484151, -22.984475693998036]]]}, "properties": {"camada": "SSDMT", "COD_ID": "11414916", "CTMT": "PTS4022", "COMP": 69.75, "TIP_CND": "105924993_35_3", "energizado": true, "fonte": "PTS4022"}}, {"type": "Feature", "geometry": {"type": "MultiLineString", "coordinates": [[[-43.1939126094793, -22.983608184570016], [-43.19380361344594, -22.983589946318943]]]}, "properties": {"camada": "SSDMT", "COD_ID": "11493434", "CTMT": "PTS4022", "COMP": 11.81, "TIP_CND": "105924969_35_3", "energizado": true, "fonte": "PTS4022"}}, {"type": "Feature", "geometry": {"type": "MultiLineString", "coordinates": [[[-43.194191795015286, -22.9839978239404], [-43.19419426185567, -22.983994971290826]]]}, "properties": {"camada": "SSDMT", "COD_ID": "251088593", "CTMT": "PTS4022", "COMP": 0.42, "TIP_CND": "105924993_35_3", "energizado": true, "fonte": "PTS4022"}}, {"type": "Feature", "geometry": {"type": "MultiLineString", "coordinates": [[[-43.19411834108854, -22.983668841144038], [-43.1940758085517, -22.983656923328283]]]}, "properties": {"camada": "SSDMT", "COD_ID": "11407106", "CTMT": "PTS4022", "COMP": 4.74, "TIP_CND": "105924993_35_3", "energizado": true, "fonte": "PTS4022"}}, {"type": "Feature", "geometry": {"type": "MultiLineString", "coordinates": [[[-43.19419426185567, -22.983994971290826], [-43.19431460823256, -22.983901751164865]]]}, "properties": {"camada": "SSDMT", "COD_ID": "11406272", "CTMT": "PTS4022", "COMP": 16.73, "TIP_CND": "105924993_35_3", "energizado": true, "fonte": "PTS4022"}}, {"type": "Feature", "geometry": {"type": "MultiLineString", "coordinates": [[[-43.19478322696432, -22.984473578792574], [-43.19479017422714, -22.984479257111957]]]}, "properties": {"camada": "SSDMT", "COD_ID": "293052677", "CTMT": "PTS4022", "COMP": 0.99, "TIP_CND": "105924967_35_3", "energizado": true, "fonte": "PTS4022"}}, {"type": "Feature", "geometry": {"type": "MultiLineString", "coordinates": [[[-43.19418792523254, -22.98400204266011], [-43.19419153601052, -22.984004864732697]]]}, "properties": {"camada": "SSDMT", "COD_ID": "11414910", "CTMT": "PTS4022", "COMP": 0.5, "TIP_CND": "105924967_35_3", "energizado": true, "fonte": "PTS4022"}}, {"type": "Feature", "geometry": {"type": "MultiLineString", "coordinates": [[[-43.19418600428065, -22.984004196536375], [-43.19418792523254, -22.98400204266011]]]}, "properties": {"camada": "SSDMT", "COD_ID": "251088485", "CTMT": "PTS4022", "COMP": 0.32, "TIP_CND": "105924993_35_3", "energizado": true, "fonte": "PTS4022"}}, {"type": "Feature", "geometry": {"type": "MultiLineString", "coordinates": [[[-43.19380361344594, -22.983589946318943], [-43.19380290747813, -22.983593189274245]]]}, "properties": {"camada": "SSDMT", "COD_ID": "11493488", "CTMT": "PTS4022", "COMP": 0.38, "TIP_CND": "105924969_35_3", "energizado": true, "fonte": "PTS4022"}}, {"type": "Feature", "geometry": {"type": "MultiLineString", "coordinates": [[[-43.1940758085517, -22.983656923328283], [-43.1940336015694, -22.983644783379987]]]}, "properties": {"camada": "SSDMT", "COD_ID": "70129865", "CTMT": "PTS4022", "COMP": 4.71, "TIP_CND": "105924969_35_3", "energizado": true, "fonte": "PTS4022"}}, {"type": "Feature", "geometry": {"type": "MultiLineString", "coordinates": [[[-43.194314075833915, -22.983768492322042], [-43.19431168003996, -22.983768176659964]]]}, "properties": {"camada": "SSDMT", "COD_ID": "251099388", "CTMT": "PTS4022", "COMP": 0.26, "TIP_CND": "105924993_35_3", "energizado": true, "fonte": "PTS4022"}}, {"type": "Feature", "geometry": {"type": "MultiLineString", "coordinates": [[[-43.19379436481802, -22.983590870822013], [-43.19378559013285, -22.983588413874145]]]}, "properties": {"camada": "SSDMT", "COD_ID": "297242738", "CTMT": "PTS4022", "COMP": 0.98, "TIP_CND": "105924969_35_3", "energizado": true, "fonte": "PTS4022"}}, {"type": "Feature", "geometry": {"type": "MultiLineString", "coordinates": [[[-43.19352381457236, -22.98480102374822], [-43.19352532003745, -22.984798575793604]]]}, "properties": {"camada": "SSDMT", "COD_ID": "11406014", "CTMT": "PTS4022", "COMP": 0.32, "TIP_CND": "105924993_35_3", "energizado": true, "fonte": "PTS4022"}}, {"type": "Feature", "geometry": {"type": "MultiLineString", "coordinates": [[[-43.194136598225384, -22.983675532999428], [-43.19413471054838, -22.98367300950173]]]}, "properties": {"camada": "SSDMT", "COD_ID": "25329899", "CTMT": "PTS4022", "COMP": 0.35, "TIP_CND": "105924993_35_3", "energizado": true, "fonte": "PTS4022"}}, {"type": "Feature", "geometry": {"type": "MultiLineString", "coordinates": [[[-43.193934355086355, -22.983615133631474], [-43.193921683638735, -22.983610807892433]]]}, "properties": {"camada": "SSDMT", "COD_ID": "12312473", "CTMT": "PTS4022", "COMP": 1.44, "TIP_CND": "105924969_35_3", "energizado": true, "fonte": "PTS4022"}}, {"type": "Feature", "geometry": {"type": "MultiLineString", "coordinates": [[[-43.19337109529977, -22.983488992023297], [-43.193361588566404, -22.983486607920554]]]}, "properties": {"camada": "SSDMT", "COD_ID": "25329926", "CTMT": "PTS4022", "COMP": 1.05, "TIP_CND": "105924969_35_3", "energizado": true, "fonte": "PTS4022"}}, {"type": "Feature", "geometry": {"type": "MultiLineString", "coordinates": [[[-43.19428117233821, -22.983859233916462], [-43.19431092550877, -22.983775789421088]]]}, "properties": {"camada": "SSDMT", "COD_ID": "11406668", "CTMT": "PTS4022", "COMP": 10.12, "TIP_CND": "105924993_35_3", "energizado": true, "fonte": "PTS4022"}}, {"type": "Feature", "geometry": {"type": "MultiLineString", "coordinates": [[[-43.19477463484151, -22.984475693998036], [-43.19477933739648, -22.984470455447138]]]}, "properties": {"camada": "SSDMT", "COD_ID": "98161005", "CTMT": "PTS4022", "COMP": 0.78, "TIP_CND": "105924967_35_3", "energizado": true, "fonte": "PTS4022"}}, {"type": "Feature", "geometry": {"type": "MultiLineString", "coordinates": [[[-43.19500369486457, -22.984601343677014], [-43.195181518712104, -22.984787355851722]]]}, "properties": {"camada": "SSDMT", "COD_ID": "12339669", "CTMT": "PTS4022", "COMP": 28.61, "TIP_CND": "105924967_35_3", "energizado": true, "fonte": "PTS4022"}}, {"type": "Feature", "geometry": {"type": "MultiLineString", "coordinates": [[[-43.19431808141428, -22.983898711456334], [-43.194314509307105, -22.98389522118748]]]}, "properties": {"camada": "SSDMT", "COD_ID": "11406278", "CTMT": "PTS4022", "COMP": 0.55, "TIP_CND": "105924993_35_3", "energizado": true, "fonte": "PTS4022"}}, {"type": "Feature", "geometry": {"type": "MultiLineString", "coordinates": [[[-43.19418792523254, -22.98400204266011], [-43.194191795015286, -22.9839978239404]]]}, "properties": {"camada": "SSDMT", "COD_ID": "11406266", "CTMT": "PTS4022", "COMP": 0.64, "TIP_CND": "105924993_35_3", "energizado": true, "fonte": "PTS4022"}}, {"type": "Feature", "geometry": {"type": "MultiLineString", "coordinates": [[[-43.19431460823256, -22.983901751164865], [-43.19431808141428, -22.983898711456334]]]}, "properties": {"camada": "SSDMT", "COD_ID": "12238453", "CTMT": "PTS4022", "COMP": 0.51, "TIP_CND": "105924993_35_3", "energizado": true, "fonte": "PTS4022"}}, {"type": "Feature", "geometry": {"type": "MultiLineString", "coordinates": [[[-43.193536389792484, -22.984785381839856], [-43.19413193074399, -22.984038825831078]]]}, "properties": {"camada": "SSDMT", "COD_ID": "11406098", "CTMT": "PTS4022", "COMP": 106.9, "TIP_CND": "105924993_35_3", "energizado": true, "fonte": "PTS4022"}}, {"type": "Feature", "geometry": {"type": "MultiLineString", "coordinates": [[[-43.19413193074399, -22.984038825831078], [-43.19418265880262, -22.984007933219516]]]}, "properties": {"camada": "SSDMT", "COD_ID": "11406104", "CTMT": "PTS4022", "COMP": 6.47, "TIP_CND": "105924993_35_3", "energizado": true, "fonte": "PTS4022"}}, {"type": "Feature", "geometry": {"type": "MultiLineString", "coordinates": [[[-43.19431092550877, -22.983775789421088], [-43.194314075833915, -22.983768492322042]]]}, "properties": {"camada": "SSDMT", "COD_ID": "251099364", "CTMT": "PTS4022", "COMP": 0.91, "TIP_CND": "105924993_35_3", "energizado": true, "fonte": "PTS4022"}}, {"type": "Feature", "geometry": {"type": "MultiLineString", "coordinates": [[[-43.19477933739648, -22.984470455447138], [-43.19478322696432, -22.984473578792574]]]}, "properties": {"camada": "SSDMT", "COD_ID": "12339231", "CTMT": "PTS4022", "COMP": 0.55, "TIP_CND": "105924967_35_3", "energizado": true, "fonte": "PTS4022"}}, {"type": "Feature", "geometry": {"type": "MultiLineString", "coordinates": [[[-43.19413471054838, -22.98367300950173], [-43.19411834108854, -22.983668841144038]]]}, "properties": {"camada": "SSDMT", "COD_ID": "297242636", "CTMT": "PTS4022", "COMP": 1.81, "TIP_CND": "105924969_35_3", "energizado": true, "fonte": "PTS4022"}}, {"type": "Feature", "geometry": {"type": "MultiLineString", "coordinates": [[[-43.1940336015694, -22.983644783379987], [-43.194007076065645, -22.98363713014942]]]}, "properties": {"camada": "SSDMT", "COD_ID": "70129879", "CTMT": "PTS4022", "COMP": 2.96, "TIP_CND": "105924969_35_3", "energizado": true, "fonte": "PTS4022"}}, {"type": "Feature", "geometry": {"type": "MultiLineString", "coordinates": [[[-43.19380290747813, -22.983593189274245], [-43.19379436481802, -22.983590870822013]]]}, "properties": {"camada": "SSDMT", "COD_ID": "25329955", "CTMT": "PTS4022", "COMP": 0.95, "TIP_CND": "105924969_35_3", "energizado": true, "fonte": "PTS4022"}}, {"type": "Feature", "geometry": {"type": "MultiLineString", "coordinates": [[[-43.19337735817851, -22.982450019652617], [-43.193371751804875, -22.982448420658045]]]}, "properties": {"camada": "SSDMT", "COD_ID": "11665278", "CTMT": "PTS9088", "COMP": 0.63, "TIP_CND": "105924962_35_3", "energizado": true, "fonte": "PTS9088"}}, {"type": "Feature", "geometry": {"type": "MultiLineString", "coordinates": [[[-43.19340249782698, -22.982304240448286], [-43.19341163044237, -22.982306863770702]]]}, "properties": {"camada": "SSDMT", "COD_ID": "297242654", "CTMT": "PTS9088", "COMP": 1.02, "TIP_CND": "105924966_35_3", "energizado": true, "fonte": "PTS9088"}}, {"type": "Feature", "geometry": {"type": "MultiLineString", "coordinates": [[[-43.19339730873878, -22.982302753868964], [-43.19340249782698, -22.982304240448286]]]}, "properties": {"camada": "SSDMT", "COD_ID": "11388396", "CTMT": "PTS9088", "COMP": 0.58, "TIP_CND": "105924966_35_3", "energizado": true, "fonte": "PTS9088"}}, {"type": "Feature", "geometry": {"type": "MultiLineString", "coordinates": [[[-43.19341163044237, -22.982306863770702], [-43.19341120596232, -22.98230799691646]]]}, "properties": {"camada": "SSDMT", "COD_ID": "11388414", "CTMT": "PTS9088", "COMP": 0.14, "TIP_CND": "105924966_35_3", "energizado": true, "fonte": "PTS9088"}}, {"type": "Feature", "geometry": {"type": "MultiLineString", "coordinates": [[[-43.19339715045811, -22.982455681784245], [-43.19339575111297, -22.982455277089343]]]}, "properties": {"camada": "SSDMT", "COD_ID": "504519403", "CTMT": "PTS9088", "COMP": 0.16, "TIP_CND": "105924962_35_3", "energizado": true, "fonte": "PTS9088"}}, {"type": "Feature", "geometry": {"type": "MultiLineString", "coordinates": [[[-43.193399521071, -22.982456340987312], [-43.19339845267643, -22.98245604870766]]]}, "properties": {"camada": "SSDMT", "COD_ID": "11665248", "CTMT": "PTS9088", "COMP": 0.12, "TIP_CND": "105924962_35_3", "energizado": true, "fonte": "PTS9088"}}, {"type": "Feature", "geometry": {"type": "MultiLineString", "coordinates": [[[-43.19338157689822, -22.982396715935636], [-43.19337948417581, -22.98240305885406]]]}, "properties": {"camada": "SSDMT", "COD_ID": "11665230", "CTMT": "PTS9088", "COMP": 0.76, "TIP_CND": "105924966_35_3", "energizado": true, "fonte": "PTS9088"}}, {"type": "Feature", "geometry": {"type": "MultiLineString", "coordinates": [[[-43.19341120596232, -22.98230799691646], [-43.19338157689822, -22.982396715935636]]]}, "properties": {"camada": "SSDMT", "COD_ID": "11388444", "CTMT": "PTS9088", "COMP": 10.7, "TIP_CND": "105924966_35_3", "energizado": true, "fonte": "PTS9088"}}, {"type": "Feature", "geometry": {"type": "MultiLineString", "coordinates": [[[-43.19341396778037, -22.98241289833652], [-43.193399521071, -22.982456340987312]]]}, "properties": {"camada": "SSDMT", "COD_ID": "11665242", "CTMT": "PTS9088", "COMP": 5.24, "TIP_CND": "105924962_35_3", "energizado": true, "fonte": "PTS9088"}}, {"type": "Feature", "geometry": {"type": "MultiLineString", "coordinates": [[[-43.193390785955955, -22.982453857059795], [-43.19338939650339, -22.98245346225741]]]}, "properties": {"camada": "SSDMT", "COD_ID": "11665254", "CTMT": "PTS9088", "COMP": 0.16, "TIP_CND": "105924962_35_3", "energizado": true, "fonte": "PTS9088"}}, {"type": "Feature", "geometry": {"type": "MultiLineString", "coordinates": [[[-43.19337948417581, -22.98240305885406], [-43.19341396778037, -22.98241289833652]]]}, "properties": {"camada": "SSDMT", "COD_ID": "11665236", "CTMT": "PTS9088", "COMP": 3.85, "TIP_CND": "105924962_35_3", "energizado": true, "fonte": "PTS9088"}}, {"type": "Feature", "geometry": {"type": "MultiLineString", "coordinates": [[[-43.19338809428507, -22.982453086340797], [-43.19337865949751, -22.98245039556923]]]}, "properties": {"camada": "SSDMT", "COD_ID": "11665266", "CTMT": "PTS9088", "COMP": 1.05, "TIP_CND": "105924962_35_3", "energizado": true, "fonte": "PTS9088"}}, {"type": "Feature", "geometry": {"type": "MultiLineString", "coordinates": [[[-43.192794254850924, -22.98317981049979], [-43.19278512853083, -22.983176680859117]]]}, "properties": {"camada": "SSDMT", "COD_ID": "12891341", "CTMT": "PTS4022", "COMP": 1.04, "TIP_CND": "105924963_34_3", "energizado": true, "fonte": "PTS4022"}}, {"type": "Feature", "geometry": {"type": "MultiLineString", "coordinates": [[[-43.19278512853083, -22.983176680859117], [-43.19278329751114, -22.98317647041773]]]}, "properties": {"camada": "SSDMT", "COD_ID": "26453802", "CTMT": "PTS4022", "COMP": 0.2, "TIP_CND": "105924963_34_3", "energizado": true, "fonte": "PTS4022"}}, {"type": "Feature", "geometry": {"type": "MultiLineString", "coordinates": [[[-43.192866317526466, -22.983221242266495], [-43.192794254850924, -22.98317981049979]]]}, "properties": {"camada": "SSDMT", "COD_ID": "12891335", "CTMT": "PTS4022", "COMP": 9.05, "TIP_CND": "105924963_34_3", "energizado": true, "fonte": "PTS4022"}}, {"type": "Feature", "geometry": {"type": "MultiLineString", "coordinates": [[[-43.19286096296304, -22.98323521503312], [-43.192862797580005, -22.98323072921471]]]}, "properties": {"camada": "SSDMT", "COD_ID": "12891323", "CTMT": "PTS4022", "COMP": 0.55, "TIP_CND": "105924963_34_3", "energizado": true, "fonte": "PTS4022"}}, {"type": "Feature", "geometry": {"type": "MultiLineString", "coordinates": [[[-43.19278329751114, -22.98317647041773], [-43.19278147638397, -22.983176259976347]]]}, "properties": {"camada": "SSDMT", "COD_ID": "12917219", "CTMT": "PTS4022", "COMP": 0.2, "TIP_CND": "105924963_34_3", "energizado": true, "fonte": "PTS4022"}}, {"type": "Feature", "geometry": {"type": "MultiLineString", "coordinates": [[[-43.192862797580005, -22.98323072921471], [-43.192866317526466, -22.983221242266495]]]}, "properties": {"camada": "SSDMT", "COD_ID": "12891329", "CTMT": "PTS4022", "COMP": 1.16, "TIP_CND": "105924963_34_3", "energizado": true, "fonte": "PTS4022"}}, {"type": "Feature", "geometry": {"type": "MultiLineString", "coordinates": [[[-43.1910012890782, -22.98303098798965], [-43.191000245864586, -22.983033125678162]]]}, "properties": {"camada": "SSDMT", "COD_ID": "263811626", "CTMT": "PTS4022", "COMP": 0.27, "TIP_CND": "105924967_35_3", "energizado": true, "fonte": "PTS4022"}}, {"type": "Feature", "geometry": {"type": "MultiLineString", "coordinates": [[[-43.19303889472917, -22.983405400039146], [-43.193035414352835, -22.983404529495374]]]}, "properties": {"camada": "SSDMT", "COD_ID": "11407364", "CTMT": "PTS4022", "COMP": 0.38, "TIP_CND": "105924969_35_3", "energizado": true, "fonte": "PTS4022"}}, {"type": "Feature", "geometry": {"type": "MultiLineString", "coordinates": [[[-43.19293548978101, -22.983330550364542], [-43.19296935375263, -22.98333931695589]]]}, "properties": {"camada": "SSDMT", "COD_ID": "11493614", "CTMT": "PTS4022", "COMP": 3.75, "TIP_CND": "105924963_35_3", "energizado": true, "fonte": "PTS4022"}}, {"type": "Feature", "geometry": {"type": "MultiLineString", "coordinates": [[[-43.19114230007705, -22.982880852469293], [-43.19106350777463, -22.98287314348073]]]}, "properties": {"camada": "SSDMT", "COD_ID": "266146707", "CTMT": "PTS4022", "COMP": 8.45, "TIP_CND": "105924966_35_3", "energizado": true, "fonte": "PTS4022"}}, {"type": "Feature", "geometry": {"type": "MultiLineString", "coordinates": [[[-43.1930632708532, -22.985420137729136], [-43.19352381457236, -22.98480102374822]]]}, "properties": {"camada": "SSDMT", "COD_ID": "11406008", "CTMT": "PTS4022", "COMP": 86.58, "TIP_CND": "105924993_35_3", "energizado": true, "fonte": "PTS4022"}}, {"type": "Feature", "geometry": {"type": "MultiLineString", "coordinates": [[[-43.19304502900485, -22.983406932483888], [-43.19303889472917, -22.983405400039146]]]}, "properties": {"camada": "SSDMT", "COD_ID": "25329942", "CTMT": "PTS4022", "COMP": 0.68, "TIP_CND": "105924969_35_3", "energizado": true, "fonte": "PTS4022"}}, {"type": "Feature", "geometry": {"type": "MultiLineString", "coordinates": [[[-43.190440505125196, -22.984869853360976], [-43.19043724418344, -22.984879623595702]]]}, "properties": {"camada": "SSDMT", "COD_ID": "11414328", "CTMT": "PTS4022", "COMP": 1.18, "TIP_CND": "105924966_35_3", "energizado": true, "fonte": "PTS4022"}}, {"type": "Feature", "geometry": {"type": "MultiLineString", "coordinates": [[[-43.193361588566404, -22.983486607920554], [-43.19304502900485, -22.983406932483888]]]}, "properties": {"camada": "SSDMT", "COD_ID": "11407358", "CTMT": "PTS4022", "COMP": 34.98, "TIP_CND": "105924969_35_3", "energizado": true, "fonte": "PTS4022"}}, {"type": "Feature", "geometry": {"type": "MultiLineString", "coordinates": [[[-43.19135214248735, -22.982957849724926], [-43.191291619012986, -22.982953772198755]]]}, "properties": {"camada": "SSDMT", "COD_ID": "11408588", "CTMT": "PTS4022", "COMP": 6.47, "TIP_CND": "105924966_35_3", "energizado": true, "fonte": "PTS4022"}}, {"type": "Feature", "geometry": {"type": "MultiLineString", "coordinates": [[[-43.191400156392035, -22.9829535761466], [-43.19135214248735, -22.982957849724926]]]}, "properties": {"camada": "SSDMT", "COD_ID": "12171057", "CTMT": "PTS4022", "COMP": 5.14, "TIP_CND": "105924966_35_3", "energizado": true, "fonte": "PTS4022"}}, {"type": "Feature", "geometry": {"type": "MultiLineString", "coordinates": [[[-43.19030635775215, -22.984838944561602], [-43.190289067386516, -22.984835081074095]]]}, "properties": {"camada": "SSDMT", "COD_ID": "12179397", "CTMT": "PTS4022", "COMP": 1.9, "TIP_CND": "105924967_35_3", "energizado": true, "fonte": "PTS4022"}}, {"type": "Feature", "geometry": {"type": "MultiLineString", "coordinates": [[[-43.19288657835284, -22.983242289100303], [-43.19286096296304, -22.98323521503312]]]}, "properties": {"camada": "SSDMT", "COD_ID": "12891317", "CTMT": "PTS4022", "COMP": 2.85, "TIP_CND": "105924963_35_3", "energizado": true, "fonte": "PTS4022"}}, {"type": "Feature", "geometry": {"type": "MultiLineString", "coordinates": [[[-43.192928596477486, -22.983376580364848], [-43.192922863299486, -22.98337350828075]]]}, "properties": {"camada": "SSDMT", "COD_ID": "11407490", "CTMT": "PTS4022", "COMP": 0.71, "TIP_CND": "105924969_35_3", "energizado": true, "fonte": "PTS4022"}}, {"type": "Feature", "geometry": {"type": "MultiLineString", "coordinates": [[[-43.191280940463, -22.982961027929036], [-43.19122891378328, -22.982950183903824]]]}, "properties": {"camada": "SSDMT", "COD_ID": "263811498", "CTMT": "PTS4022", "COMP": 5.69, "TIP_CND": "105924966_35_3", "energizado": true, "fonte": "PTS4022"}}, {"type": "Feature", "geometry": {"type": "MultiLineString", "coordinates": [[[-43.19292274368962, -22.983364927849095], [-43.1929254461524, -22.98336559064944]]]}, "properties": {"camada": "SSDMT", "COD_ID": "11407538", "CTMT": "PTS4022", "COMP": 0.3, "TIP_CND": "105924963_35_3", "energizado": true, "fonte": "PTS4022"}}, {"type": "Feature", "geometry": {"type": "MultiLineString", "coordinates": [[[-43.19098174770943, -22.98308713266499], [-43.19092895750532, -22.98311099257819]]]}, "properties": {"camada": "SSDMT", "COD_ID": "11494544", "CTMT": "PTS4022", "COMP": 6.26, "TIP_CND": "105924966_35_3", "energizado": true, "fonte": "PTS4022"}}, {"type": "Feature", "geometry": {"type": "MultiLineString", "coordinates": [[[-43.191056929233866, -22.982875687662784], [-43.1910012890782, -22.98303098798965]]]}, "properties": {"camada": "SSDMT", "COD_ID": "11413890", "CTMT": "PTS4022", "COMP": 18.85, "TIP_CND": "105924967_35_3", "energizado": true, "fonte": "PTS4022"}}, {"type": "Feature", "geometry": {"type": "MultiLineString", "coordinates": [[[-43.19292035059368, -22.9833725397109], [-43.192917411609244, -22.98337200101696]]]}, "properties": {"camada": "SSDMT", "COD_ID": "295471155", "CTMT": "PTS4022", "COMP": 0.32, "TIP_CND": "105924993_35_3", "energizado": true, "fonte": "PTS4022"}}, {"type": "Feature", "geometry": {"type": "MultiLineString", "coordinates": [[[-43.193035414352835, -22.983404529495374], [-43.192928596477486, -22.983376580364848]]]}, "properties": {"camada": "SSDMT", "COD_ID": "11407370", "CTMT": "PTS4022", "COMP": 11.84, "TIP_CND": "105924969_35_3", "energizado": true, "fonte": "PTS4022"}}, {"type": "Feature", "geometry": {"type": "MultiLineString", "coordinates": [[[-43.19072659745444, -22.98399793635565], [-43.190440505125196, -22.984869853360976]]]}, "properties": {"camada": "SSDMT", "COD_ID": "11414094", "CTMT": "PTS4022", "COMP": 104.96, "TIP_CND": "105924966_35_3", "energizado": true, "fonte": "PTS4022"}}, {"type": "Feature", "geometry": {"type": "MultiLineString", "coordinates": [[[-43.19106350777463, -22.98287314348073], [-43.19105935380611, -22.98287309581667]]]}, "properties": {"camada": "SSDMT", "COD_ID": "7418485", "CTMT": "PTS4022", "COMP": 0.44, "TIP_CND": "105924966_35_3", "energizado": true, "fonte": "PTS4022"}}, {"type": "Feature", "geometry": {"type": "MultiLineString", "coordinates": [[[-43.19297432160761, -22.983304579742537], [-43.192975655302234, -22.983300368217385]]]}, "properties": {"camada": "SSDMT", "COD_ID": "11421162", "CTMT": "PTS4022", "COMP": 0.51, "TIP_CND": "105924963_35_3", "energizado": true, "fonte": "PTS4022"}}, {"type": "Feature", "geometry": {"type": "MultiLineString", "coordinates": [[[-43.19292035059368, -22.9833725397109], [-43.19292274368962, -22.983364927849095]]]}, "properties": {"camada": "SSDMT", "COD_ID": "11407496", "CTMT": "PTS4022", "COMP": 0.91, "TIP_CND": "105924993_35_3", "energizado": true, "fonte": "PTS4022"}}, {"type": "Feature", "geometry": {"type": "MultiLineString", "coordinates": [[[-43.191864910737024, -22.98309234333692], [-43.19186221906614, -22.983091581611177]]]}, "properties": {"camada": "SSDMT", "COD_ID": "11407988", "CTMT": "PTS4022", "COMP": 0.3, "TIP_CND": "105924966_35_3", "energizado": true, "fonte": "PTS4022"}}, {"type": "Feature", "geometry": {"type": "MultiLineString", "coordinates": [[[-43.19297791619783, -22.983305604969644], [-43.19297432160761, -22.983304579742537]]]}, "properties": {"camada": "SSDMT", "COD_ID": "11421156", "CTMT": "PTS4022", "COMP": 0.4, "TIP_CND": "105924963_35_3", "energizado": true, "fonte": "PTS4022"}}, {"type": "Feature", "geometry": {"type": "MultiLineString", "coordinates": [[[-43.19072997710674, -22.98398655183786], [-43.190728843960926, -22.983990331688403]]]}, "properties": {"camada": "SSDMT", "COD_ID": "11414082", "CTMT": "PTS4022", "COMP": 0.45, "TIP_CND": "105924966_35_3", "energizado": true, "fonte": "PTS4022"}}, {"type": "Feature", "geometry": {"type": "MultiLineString", "coordinates": [[[-43.191291619012986, -22.982953772198755], [-43.191280940463, -22.982961027929036]]]}, "properties": {"camada": "SSDMT", "COD_ID": "263811791", "CTMT": "PTS4022", "COMP": 1.41, "TIP_CND": "105924966_35_3", "energizado": true, "fonte": "PTS4022"}}, {"type": "Feature", "geometry": {"type": "MultiLineString", "coordinates": [[[-43.19105935380611, -22.98287309581667], [-43.191056929233866, -22.982875687662784]]]}, "properties": {"camada": "SSDMT", "COD_ID": "11413884", "CTMT": "PTS4022", "COMP": 0.39, "TIP_CND": "105924967_35_3", "energizado": true, "fonte": "PTS4022"}}, {"type": "Feature", "geometry": {"type": "MultiLineString", "coordinates": [[[-43.1929254461524, -22.98336559064944], [-43.19293548978101, -22.983330550364542]]]}, "properties": {"camada": "SSDMT", "COD_ID": "12196659", "CTMT": "PTS4022", "COMP": 4.18, "TIP_CND": "105924963_35_3", "energizado": true, "fonte": "PTS4022"}}, {"type": "Feature", "geometry": {"type": "MultiLineString", "coordinates": [[[-43.191000245864586, -22.983033125678162], [-43.19099473032253, -22.98304675220578]]]}, "properties": {"camada": "SSDMT", "COD_ID": "12288715", "CTMT": "PTS4022", "COMP": 1.68, "TIP_CND": "105924966_35_3", "energizado": true, "fonte": "PTS4022"}}, {"type": "Feature", "geometry": {"type": "MultiLineString", "coordinates": [[[-43.19257718638801, -22.98328974272738], [-43.191864910737024, -22.98309234333692]]]}, "properties": {"camada": "SSDMT", "COD_ID": "11407778", "CTMT": "PTS4022", "COMP": 79.29, "TIP_CND": "105924993_35_3", "energizado": true, "fonte": "PTS4022"}}, {"type": "Feature", "geometry": {"type": "MultiLineString", "coordinates": [[[-43.19296935375263, -22.98333931695589], [-43.19297791619783, -22.983305604969644]]]}, "properties": {"camada": "SSDMT", "COD_ID": "11407544", "CTMT": "PTS4022", "COMP": 3.99, "TIP_CND": "105924963_35_3", "energizado": true, "fonte": "PTS4022"}}, {"type": "Feature", "geometry": {"type": "MultiLineString", "coordinates": [[[-43.192922863299486, -22.98337350828075], [-43.19292035059368, -22.9833725397109]]]}, "properties": {"camada": "SSDMT", "COD_ID": "295471173", "CTMT": "PTS4022", "COMP": 0.29, "TIP_CND": "105924969_35_3", "energizado": true, "fonte": "PTS4022"}}, {"type": "Feature", "geometry": {"type": "MultiLineString", "coordinates": [[[-43.19287615161306, -22.983274625123784], [-43.19288657835284, -22.983242289100303]]]}, "properties": {"camada": "SSDMT", "COD_ID": "12891311", "CTMT": "PTS4022", "COMP": 3.89, "TIP_CND": "105924963_35_3", "energizado": true, "fonte": "PTS4022"}}, {"type": "Feature", "geometry": {"type": "MultiLineString", "coordinates": [[[-43.191853683600584, -22.983090192158613], [-43.191400156392035, -22.9829535761466]]]}, "properties": {"camada": "SSDMT", "COD_ID": "11408510", "CTMT": "PTS4022", "COMP": 50.86, "TIP_CND": "105924966_35_3", "energizado": true, "fonte": "PTS4022"}}, {"type": "Feature", "geometry": {"type": "MultiLineString", "coordinates": [[[-43.192975655302234, -22.983300368217385], [-43.1928818793952, -22.983275927342106]]]}, "properties": {"camada": "SSDMT", "COD_ID": "11421168", "CTMT": "PTS4022", "COMP": 10.39, "TIP_CND": "105924963_35_3", "energizado": true, "fonte": "PTS4022"}}, {"type": "Feature", "geometry": {"type": "MultiLineString", "coordinates": [[[-43.190434193683075, -22.984889016115176], [-43.19042250789238, -22.98488470116797]]]}, "properties": {"camada": "SSDMT", "COD_ID": "11414334", "CTMT": "PTS4022", "COMP": 1.34, "TIP_CND": "105924967_35_3", "energizado": true, "fonte": "PTS4022"}}, {"type": "Feature", "geometry": {"type": "MultiLineString", "coordinates": [[[-43.19105935380611, -22.98287309581667], [-43.19105940236949, -22.982867985868836]]]}, "properties": {"camada": "SSDMT", "COD_ID": "12167967", "CTMT": "PTS4022", "COMP": 0.59, "TIP_CND": "105924967_35_3", "energizado": true, "fonte": "PTS4022"}}, {"type": "Feature", "geometry": {"type": "MultiLineString", "coordinates": [[[-43.190728843960926, -22.983990331688403], [-43.19072659745444, -22.98399793635565]]]}, "properties": {"camada": "SSDMT", "COD_ID": "11414088", "CTMT": "PTS4022", "COMP": 0.91, "TIP_CND": "105924966_35_3", "energizado": true, "fonte": "PTS4022"}}, {"type": "Feature", "geometry": {"type": "MultiLineString", "coordinates": [[[-43.19099473032253, -22.98304675220578], [-43.19098174770943, -22.98308713266499]]]}, "properties": {"camada": "SSDMT", "COD_ID": "263811566", "CTMT": "PTS4022", "COMP": 4.85, "TIP_CND": "105924966_35_3", "energizado": true, "fonte": "PTS4022"}}, {"type": "Feature", "geometry": {"type": "MultiLineString", "coordinates": [[[-43.192917411609244, -22.98337200101696], [-43.19257718638801, -22.98328974272738]]]}, "properties": {"camada": "SSDMT", "COD_ID": "12230107", "CTMT": "PTS4022", "COMP": 37.5, "TIP_CND": "105924993_35_3", "energizado": true, "fonte": "PTS4022"}}, {"type": "Feature", "geometry": {"type": "MultiLineString", "coordinates": [[[-43.19186221906614, -22.983091581611177], [-43.191853683600584, -22.983090192158613]]]}, "properties": {"camada": "SSDMT", "COD_ID": "263811430", "CTMT": "PTS4022", "COMP": 0.92, "TIP_CND": "105924966_35_3", "energizado": true, "fonte": "PTS4022"}}, {"type": "Feature", "geometry": {"type": "MultiLineString", "coordinates": [[[-43.190699734704936, -22.98384041110603], [-43.19072997710674, -22.98398655183786]]]}, "properties": {"camada": "SSDMT", "COD_ID": "11413896", "CTMT": "PTS4022", "COMP": 17.14, "TIP_CND": "105924966_35_3", "energizado": true, "fonte": "PTS4022"}}, {"type": "Feature", "geometry": {"type": "MultiLineString", "coordinates": [[[-43.19122891378328, -22.982950183903824], [-43.19114230007705, -22.982880852469293]]]}, "properties": {"camada": "SSDMT", "COD_ID": "266146701", "CTMT": "PTS4022", "COMP": 12.21, "TIP_CND": "105924966_35_3", "energizado": true, "fonte": "PTS4022"}}, {"type": "Feature", "geometry": {"type": "MultiLineString", "coordinates": [[[-43.19092895750532, -22.98311099257819], [-43.190699734704936, -22.98384041110603]]]}, "properties": {"camada": "SSDMT", "COD_ID": "11494622", "CTMT": "PTS4022", "COMP": 87.5, "TIP_CND": "105924966_35_3", "energizado": true, "fonte": "PTS4022"}}, {"type": "Feature", "geometry": {"type": "MultiLineString", "coordinates": [[[-43.19043724418344, -22.984879623595702], [-43.190434193683075, -22.984889016115176]]]}, "properties": {"camada": "SSDMT", "COD_ID": "263632769", "CTMT": "PTS4022", "COMP": 1.13, "TIP_CND": "105924966_35_3", "energizado": true, "fonte": "PTS4022"}}, {"type": "Feature", "geometry": {"type": "MultiLineString", "coordinates": [[[-43.190289067386516, -22.984835081074095], [-43.19028822292313, -22.98483770799379]]]}, "properties": {"camada": "SSDMT", "COD_ID": "12179391", "CTMT": "PTS4022", "COMP": 0.32, "TIP_CND": "105924993_35_3", "energizado": true, "fonte": "PTS4022"}}, {"type": "Feature", "geometry": {"type": "MultiLineString", "coordinates": [[[-43.19042250789238, -22.98488470116797], [-43.19030635775215, -22.984838944561602]]]}, "properties": {"camada": "SSDMT", "COD_ID": "11414340", "CTMT": "PTS4022", "COMP": 13.46, "TIP_CND": "105924967_35_3", "energizado": true, "fonte": "PTS4022"}}, {"type": "Feature", "geometry": {"type": "MultiLineString", "coordinates": [[[-43.1928818793952, -22.983275927342106], [-43.19287615161306, -22.983274625123784]]]}, "properties": {"camada": "SSDMT", "COD_ID": "12891305", "CTMT": "PTS4022", "COMP": 0.63, "TIP_CND": "105924963_35_3", "energizado": true, "fonte": "PTS4022"}}, {"type": "Feature", "geometry": {"type": "MultiLineString", "coordinates": [[[-43.19072504252665, -22.983997475902754], [-43.19072268540356, -22.984005278420796]]]}, "properties": {"camada": "SSDMT", "COD_ID": "269772692", "CTMT": "PTS9088", "COMP": 0.93, "TIP_CND": "105924966_35_3", "energizado": true, "fonte": "PTS9088"}}, {"type": "Feature", "geometry": {"type": "MultiLineString", "coordinates": [[[-43.190547702514436, -22.98482093293967], [-43.19055236729787, -22.98482219648713]]]}, "properties": {"camada": "SSDMT", "COD_ID": "11717932", "CTMT": "PTS9088", "COMP": 0.52, "TIP_CND": "105924962_35_3", "energizado": true, "fonte": "PTS9088"}}, {"type": "Feature", "geometry": {"type": "MultiLineString", "coordinates": [[[-43.191045550111994, -22.982873299962762], [-43.190830289286396, -22.982831892477805]]]}, "properties": {"camada": "SSDMT", "COD_ID": "11382128", "CTMT": "PTS9088", "COMP": 23.45, "TIP_CND": "105924967_35_3", "energizado": true, "fonte": "PTS9088"}}, {"type": "Feature", "geometry": {"type": "MultiLineString", "coordinates": [[[-43.19057088343948, -22.984815328364675], [-43.19057314163712, -22.98480763286591]]]}, "properties": {"camada": "SSDMT", "COD_ID": "11717986", "CTMT": "PTS9088", "COMP": 0.92, "TIP_CND": "105924962_35_3", "energizado": true, "fonte": "PTS9088"}}, {"type": "Feature", "geometry": {"type": "MultiLineString", "coordinates": [[[-43.19055569209149, -22.984811325482212], [-43.19057088343948, -22.984815328364675]]]}, "properties": {"camada": "SSDMT", "COD_ID": "11717980", "CTMT": "PTS9088", "COMP": 1.68, "TIP_CND": "105924962_35_3", "energizado": true, "fonte": "PTS9088"}}, {"type": "Feature", "geometry": {"type": "MultiLineString", "coordinates": [[[-43.19188831199597, -22.983345939563435], [-43.191910844509835, -22.983352355326872]]]}, "properties": {"camada": "SSDMT", "COD_ID": "12215401", "CTMT": "PTS9088", "COMP": 2.51, "TIP_CND": "105924962_35_3", "energizado": true, "fonte": "PTS9088"}}, {"type": "Feature", "geometry": {"type": "MultiLineString", "coordinates": [[[-43.19134135961599, -22.984959577822224], [-43.1913836862081, -22.98481394161007]]]}, "properties": {"camada": "SSDMT", "COD_ID": "11916741", "CTMT": "PTS9088", "COMP": 17.37, "TIP_CND": "105924967_35_3", "energizado": true, "fonte": "PTS9088"}}, {"type": "Feature", "geometry": {"type": "MultiLineString", "coordinates": [[[-43.19122892727313, -22.984123996125504], [-43.1911737583622, -22.98410960337543]]]}, "properties": {"camada": "SSDMT", "COD_ID": "12208399", "CTMT": "PTS9088", "COMP": 6.11, "TIP_CND": "105924967_35_3", "energizado": true, "fonte": "PTS9088"}}, {"type": "Feature", "geometry": {"type": "MultiLineString", "coordinates": [[[-43.19092261548627, -22.98310454443913], [-43.19098406526234, -22.98306172052196]]]}, "properties": {"camada": "SSDMT", "COD_ID": "11381594", "CTMT": "PTS9088", "COMP": 8.2, "TIP_CND": "105924966_35_3", "energizado": true, "fonte": "PTS9088"}}, {"type": "Feature", "geometry": {"type": "MultiLineString", "coordinates": [[[-43.19138773405666, -22.98480659145099], [-43.191424034291686, -22.984764229785355]]]}, "properties": {"camada": "SSDMT", "COD_ID": "12836513", "CTMT": "PTS9088", "COMP": 6.23, "TIP_CND": "105924993_35_3", "energizado": true, "fonte": "PTS9088"}}, {"type": "Feature", "geometry": {"type": "MultiLineString", "coordinates": [[[-43.19190643873111, -22.98336531815488], [-43.1918961792652, -22.98336230182872]]]}, "properties": {"camada": "SSDMT", "COD_ID": "12215419", "CTMT": "PTS9088", "COMP": 1.15, "TIP_CND": "105924962_35_3", "energizado": true, "fonte": "PTS9088"}}, {"type": "Feature", "geometry": {"type": "MultiLineString", "coordinates": [[[-43.191313272889204, -22.985100149052585], [-43.19131141309117, -22.98510649376965]]]}, "properties": {"camada": "SSDMT", "COD_ID": "12906983", "CTMT": "PTS9088", "COMP": 0.76, "TIP_CND": "105924967_35_3", "energizado": true, "fonte": "PTS9088"}}, {"type": "Feature", "geometry": {"type": "MultiLineString", "coordinates": [[[-43.191048004361846, -22.982873535585156], [-43.191049989165606, -22.982867299686063]]]}, "properties": {"camada": "SSDMT", "COD_ID": "12168585", "CTMT": "PTS9088", "COMP": 0.75, "TIP_CND": "105924967_35_3", "energizado": true, "fonte": "PTS9088"}}, {"type": "Feature", "geometry": {"type": "MultiLineString", "coordinates": [[[-43.19105092446057, -22.982875501503145], [-43.191048004361846, -22.982873535585156]]]}, "properties": {"camada": "SSDMT", "COD_ID": "11381876", "CTMT": "PTS9088", "COMP": 0.38, "TIP_CND": "105924967_35_3", "energizado": true, "fonte": "PTS9088"}}, {"type": "Feature", "geometry": {"type": "MultiLineString", "coordinates": [[[-43.190441909866195, -22.98487863793872], [-43.190547702514436, -22.98482093293967]]]}, "properties": {"camada": "SSDMT", "COD_ID": "11380016", "CTMT": "PTS9088", "COMP": 13.09, "TIP_CND": "105924962_35_3", "energizado": true, "fonte": "PTS9088"}}, {"type": "Feature", "geometry": {"type": "MultiLineString", "coordinates": [[[-43.191048004361846, -22.982873535585156], [-43.19104442685875, -22.98287562560961]]]}, "properties": {"camada": "SSDMT", "COD_ID": "584971620", "CTMT": "PTS9088", "COMP": 0.45, "TIP_CND": "105924963_35_3", "energizado": true, "fonte": "PTS9088"}}, {"type": "Feature", "geometry": {"type": "MultiLineString", "coordinates": [[[-43.19104442685875, -22.98287562560961], [-43.19082783233853, -22.982842068306752]]]}, "properties": {"camada": "SSDMT", "COD_ID": "584971658", "CTMT": "PTS9088", "COMP": 23.42, "TIP_CND": "105924963_35_3", "energizado": true, "fonte": "PTS9088"}}, {"type": "Feature", "geometry": {"type": "MultiLineString", "coordinates": [[[-43.19146066727592, -22.984629300901474], [-43.19152289766356, -22.984304142022495]]]}, "properties": {"camada": "SSDMT", "COD_ID": "11379422", "CTMT": "PTS9088", "COMP": 38.03, "TIP_CND": "105924993_35_3", "energizado": true, "fonte": "PTS9088"}}, {"type": "Feature", "geometry": {"type": "MultiLineString", "coordinates": [[[-43.190505410995854, -22.982762682451778], [-43.190384992673216, -22.982735850279198]]]}, "properties": {"camada": "SSDMT", "COD_ID": "584971689", "CTMT": "PTS9088", "COMP": 13.21, "TIP_CND": "105924963_35_3", "energizado": true, "fonte": "PTS9088"}}, {"type": "Feature", "geometry": {"type": "MultiLineString", "coordinates": [[[-43.190830289286396, -22.982831892477805], [-43.19082173763303, -22.98283027729542]]]}, "properties": {"camada": "SSDMT", "COD_ID": "11382164", "CTMT": "PTS9088", "COMP": 0.93, "TIP_CND": "105924967_35_3", "energizado": true, "fonte": "PTS9088"}}, {"type": "Feature", "geometry": {"type": "MultiLineString", "coordinates": [[[-43.19145741532742, -22.984645744105762], [-43.19146066727592, -22.984629300901474]]]}, "properties": {"camada": "SSDMT", "COD_ID": "11379494", "CTMT": "PTS9088", "COMP": 1.93, "TIP_CND": "105924967_35_3", "energizado": true, "fonte": "PTS9088"}}, {"type": "Feature", "geometry": {"type": "MultiLineString", "coordinates": [[[-43.19134036406649, -22.984968434345717], [-43.19133836217566, -22.984969386727755]]]}, "properties": {"camada": "SSDMT", "COD_ID": "11377304", "CTMT": "PTS9088", "COMP": 0.24, "TIP_CND": "105924967_35_3", "energizado": true, "fonte": "PTS9088"}}, {"type": "Feature", "geometry": {"type": "MultiLineString", "coordinates": [[[-43.19152638973105, -22.984287295022625], [-43.191563112647486, -22.98421091110464]]]}, "properties": {"camada": "SSDMT", "COD_ID": "11379512", "CTMT": "PTS9088", "COMP": 9.63, "TIP_CND": "105924967_35_3", "energizado": true, "fonte": "PTS9088"}}, {"type": "Feature", "geometry": {"type": "MultiLineString", "coordinates": [[[-43.19156276191188, -22.98420060307535], [-43.19124971420291, -22.984119357422344]]]}, "properties": {"camada": "SSDMT", "COD_ID": "11379734", "CTMT": "PTS9088", "COMP": 34.67, "TIP_CND": "105924967_35_3", "energizado": true, "fonte": "PTS9088"}}, {"type": "Feature", "geometry": {"type": "MultiLineString", "coordinates": [[[-43.19058136953453, -22.984814509082298], [-43.190580230093474, -22.984818036223373]]]}, "properties": {"camada": "SSDMT", "COD_ID": "11717998", "CTMT": "PTS9088", "COMP": 0.42, "TIP_CND": "105924962_35_3", "energizado": true, "fonte": "PTS9088"}}, {"type": "Feature", "geometry": {"type": "MultiLineString", "coordinates": [[[-43.19069059849227, -22.98384022494639], [-43.19092261548627, -22.98310454443913]]]}, "properties": {"camada": "SSDMT", "COD_ID": "11380730", "CTMT": "PTS9088", "COMP": 88.27, "TIP_CND": "105924966_35_3", "energizado": true, "fonte": "PTS9088"}}, {"type": "Feature", "geometry": {"type": "MultiLineString", "coordinates": [[[-43.190522136587276, -22.982766413738943], [-43.190505410995854, -22.982762682451778]]]}, "properties": {"camada": "SSDMT", "COD_ID": "584971676", "CTMT": "PTS9088", "COMP": 1.83, "TIP_CND": "105924963_35_3", "energizado": true, "fonte": "PTS9088"}}, {"type": "Feature", "geometry": {"type": "MultiLineString", "coordinates": [[[-43.19069224065436, -22.982861984692818], [-43.190694575294344, -22.982852926721137]]]}, "properties": {"camada": "SSDMT", "COD_ID": "11698012", "CTMT": "PTS9088", "COMP": 1.07, "TIP_CND": "105924967_35_3", "energizado": true, "fonte": "PTS9088"}}, {"type": "Feature", "geometry": {"type": "MultiLineString", "coordinates": [[[-43.19174061363839, -22.98507287261492], [-43.19172279267269, -22.98506855137248]]]}, "properties": {"camada": "SSDMT", "COD_ID": "483156703", "CTMT": "PTS9088", "COMP": 1.96, "TIP_CND": "105924967_35_3", "energizado": true, "fonte": "PTS9088"}}, {"type": "Feature", "geometry": {"type": "MultiLineString", "coordinates": [[[-43.19101201978884, -22.98406763381422], [-43.19079790200152, -22.984012017040925]]]}, "properties": {"camada": "SSDMT", "COD_ID": "12208345", "CTMT": "PTS9088", "COMP": 23.71, "TIP_CND": "105924967_35_3", "energizado": true, "fonte": "PTS9088"}}, {"type": "Feature", "geometry": {"type": "MultiLineString", "coordinates": [[[-43.19067298706864, -22.982800457575024], [-43.19066499749158, -22.98279839722818]]]}, "properties": {"camada": "SSDMT", "COD_ID": "584971670", "CTMT": "PTS9088", "COMP": 0.88, "TIP_CND": "105924963_35_3", "energizado": true, "fonte": "PTS9088"}}, {"type": "Feature", "geometry": {"type": "MultiLineString", "coordinates": [[[-43.191424034291686, -22.984764229785355], [-43.19145741532742, -22.984645744105762]]]}, "properties": {"camada": "SSDMT", "COD_ID": "266819353", "CTMT": "PTS9088", "COMP": 14.1, "TIP_CND": "105924993_35_3", "energizado": true, "fonte": "PTS9088"}}, {"type": "Feature", "geometry": {"type": "MultiLineString", "coordinates": [[[-43.19156617304043, -22.98420150959197], [-43.19156276191188, -22.98420060307535]]]}, "properties": {"camada": "SSDMT", "COD_ID": "11379704", "CTMT": "PTS9088", "COMP": 0.38, "TIP_CND": "105924967_35_3", "energizado": true, "fonte": "PTS9088"}}, {"type": "Feature", "geometry": {"type": "MultiLineString", "coordinates": [[[-43.19043915074616, -22.984877812361105], [-43.19043844477835, -22.98488027830217]]]}, "properties": {"camada": "SSDMT", "COD_ID": "12287197", "CTMT": "PTS9088", "COMP": 0.29, "TIP_CND": "105924966_35_3", "energizado": true, "fonte": "PTS9088"}}, {"type": "Feature", "geometry": {"type": "MultiLineString", "coordinates": [[[-43.190725644173085, -22.98399547850846], [-43.19072504252665, -22.983997475902754]]]}, "properties": {"camada": "SSDMT", "COD_ID": "11379860", "CTMT": "PTS9088", "COMP": 0.24, "TIP_CND": "105924966_35_3", "energizado": true, "fonte": "PTS9088"}}, {"type": "Feature", "geometry": {"type": "MultiLineString", "coordinates": [[[-43.19172279267269, -22.98506855137248], [-43.19134036406649, -22.984968434345717]]]}, "properties": {"camada": "SSDMT", "COD_ID": "483156697", "CTMT": "PTS9088", "COMP": 42.38, "TIP_CND": "105924967_35_3", "energizado": true, "fonte": "PTS9088"}}, {"type": "Feature", "geometry": {"type": "MultiLineString", "coordinates": [[[-43.19070442736739, -22.98286453517011], [-43.19069224065436, -22.982861984692818]]]}, "properties": {"camada": "SSDMT", "COD_ID": "11698006", "CTMT": "PTS9088", "COMP": 1.33, "TIP_CND": "105924967_35_3", "energizado": true, "fonte": "PTS9088"}}, {"type": "Feature", "geometry": {"type": "MultiLineString", "coordinates": [[[-43.19071652864483, -22.982866975930165], [-43.19070442736739, -22.98286453517011]]]}, "properties": {"camada": "SSDMT", "COD_ID": "11382206", "CTMT": "PTS9088", "COMP": 1.32, "TIP_CND": "105924967_35_3", "energizado": true, "fonte": "PTS9088"}}, {"type": "Feature", "geometry": {"type": "MultiLineString", "coordinates": [[[-43.19066499749158, -22.98279839722818], [-43.190655880164684, -22.982796035608487]]]}, "properties": {"camada": "SSDMT", "COD_ID": "647406508", "CTMT": "PTS9088", "COMP": 1.01, "TIP_CND": "105924963_35_3", "energizado": true, "fonte": "PTS9088"}}, {"type": "Feature", "geometry": {"type": "MultiLineString", "coordinates": [[[-43.19069762669409, -22.98284058082811], [-43.19067635952632, -22.982835813521945]]]}, "properties": {"camada": "SSDMT", "COD_ID": "11698024", "CTMT": "PTS9088", "COMP": 2.33, "TIP_CND": "105924967_35_3", "energizado": true, "fonte": "PTS9088"}}, {"type": "Feature", "geometry": {"type": "MultiLineString", "coordinates": [[[-43.19082173763303, -22.98283027729542], [-43.1907648833926, -22.98281873719492]]]}, "properties": {"camada": "SSDMT", "COD_ID": "12102393", "CTMT": "PTS9088", "COMP": 6.21, "TIP_CND": "105924967_35_3", "energizado": true, "fonte": "PTS9088"}}, {"type": "Feature", "geometry": {"type": "MultiLineString", "coordinates": [[[-43.19055236729787, -22.98482219648713], [-43.19055569209149, -22.984811325482212]]]}, "properties": {"camada": "SSDMT", "COD_ID": "11717938", "CTMT": "PTS9088", "COMP": 1.3, "TIP_CND": "105924962_35_3", "energizado": true, "fonte": "PTS9088"}}, {"type": "Feature", "geometry": {"type": "MultiLineString", "coordinates": [[[-43.190580230093474, -22.984818036223373], [-43.19058736531463, -22.9848198240756]]]}, "properties": {"camada": "SSDMT", "COD_ID": "11718004", "CTMT": "PTS9088", "COMP": 0.79, "TIP_CND": "105924962_35_3", "energizado": true, "fonte": "PTS9088"}}, {"type": "Feature", "geometry": {"type": "MultiLineString", "coordinates": [[[-43.191563112647486, -22.98421091110464], [-43.19156524673872, -22.984204460267563]]]}, "properties": {"camada": "SSDMT", "COD_ID": "11379662", "CTMT": "PTS9088", "COMP": 0.78, "TIP_CND": "105924967_35_3", "energizado": true, "fonte": "PTS9088"}}, {"type": "Feature", "geometry": {"type": "MultiLineString", "coordinates": [[[-43.191048004361846, -22.982873535585156], [-43.191045550111994, -22.982873299962762]]]}, "properties": {"camada": "SSDMT", "COD_ID": "11381912", "CTMT": "PTS9088", "COMP": 0.26, "TIP_CND": "105924967_35_3", "energizado": true, "fonte": "PTS9088"}}, {"type": "Feature", "geometry": {"type": "MultiLineString", "coordinates": [[[-43.19186172893558, -22.98308589519786], [-43.191855904926, -22.9830991943723]]]}, "properties": {"camada": "SSDMT", "COD_ID": "11387862", "CTMT": "PTS9088", "COMP": 1.65, "TIP_CND": "105924966_35_3", "energizado": true, "fonte": "PTS9088"}}, {"type": "Feature", "geometry": {"type": "MultiLineString", "coordinates": [[[-43.191891519877686, -22.983335708875813], [-43.19188831199597, -22.983345939563435]]]}, "properties": {"camada": "SSDMT", "COD_ID": "12215395", "CTMT": "PTS9088", "COMP": 1.23, "TIP_CND": "105924962_35_3", "energizado": true, "fonte": "PTS9088"}}, {"type": "Feature", "geometry": {"type": "MultiLineString", "coordinates": [[[-43.19181603438244, -22.983237725040908], [-43.1918076050369, -22.983268738161712]]]}, "properties": {"camada": "SSDMT", "COD_ID": "12201003", "CTMT": "PTS9088", "COMP": 3.68, "TIP_CND": "105924962_35_3", "energizado": true, "fonte": "PTS9088"}}, {"type": "Feature", "geometry": {"type": "MultiLineString", "coordinates": [[[-43.19072773149958, -22.983985957385983], [-43.19069059849227, -22.98384022494639]]]}, "properties": {"camada": "SSDMT", "COD_ID": "11380652", "CTMT": "PTS9088", "COMP": 17.25, "TIP_CND": "105924966_35_3", "energizado": true, "fonte": "PTS9088"}}, {"type": "Feature", "geometry": {"type": "MultiLineString", "coordinates": [[[-43.190725528160556, -22.98399320142505], [-43.19072655878364, -22.983989826269408]]]}, "properties": {"camada": "SSDMT", "COD_ID": "11379896", "CTMT": "PTS9088", "COMP": 0.4, "TIP_CND": "105924966_35_3", "energizado": true, "fonte": "PTS9088"}}, {"type": "Feature", "geometry": {"type": "MultiLineString", "coordinates": [[[-43.190655880164684, -22.982796035608487], [-43.190522136587276, -22.982766413738943]]]}, "properties": {"camada": "SSDMT", "COD_ID": "584971683", "CTMT": "PTS9088", "COMP": 14.66, "TIP_CND": "105924963_35_3", "energizado": true, "fonte": "PTS9088"}}, {"type": "Feature", "geometry": {"type": "MultiLineString", "coordinates": [[[-43.19082783233853, -22.982842068306752], [-43.19067298706864, -22.982800457575024]]]}, "properties": {"camada": "SSDMT", "COD_ID": "584971664", "CTMT": "PTS9088", "COMP": 17.19, "TIP_CND": "105924963_35_3", "energizado": true, "fonte": "PTS9088"}}, {"type": "Feature", "geometry": {"type": "MultiLineString", "coordinates": [[[-43.19069486667473, -22.982851566046918], [-43.19069762669409, -22.98284058082811]]]}, "properties": {"camada": "SSDMT", "COD_ID": "11698018", "CTMT": "PTS9088", "COMP": 1.3, "TIP_CND": "105924967_35_3", "energizado": true, "fonte": "PTS9088"}}, {"type": "Feature", "geometry": {"type": "MultiLineString", "coordinates": [[[-43.19189477722216, -22.983365844258287], [-43.191893554144144, -22.983369044945448]]]}, "properties": {"camada": "SSDMT", "COD_ID": "12215425", "CTMT": "PTS9088", "COMP": 0.39, "TIP_CND": "105924962_35_3", "energizado": true, "fonte": "PTS9088"}}, {"type": "Feature", "geometry": {"type": "MultiLineString", "coordinates": [[[-43.19072489593714, -22.983995288751544], [-43.190725644173085, -22.98399547850846]]]}, "properties": {"camada": "SSDMT", "COD_ID": "95317754", "CTMT": "PTS9088", "COMP": 0.08, "TIP_CND": "105924966_35_3", "energizado": true, "fonte": "PTS9088"}}, {"type": "Feature", "geometry": {"type": "MultiLineString", "coordinates": [[[-43.191855904926, -22.9830991943723], [-43.191818456256726, -22.983230176131656]]]}, "properties": {"camada": "SSDMT", "COD_ID": "11387886", "CTMT": "PTS9088", "COMP": 15.61, "TIP_CND": "105924966_35_3", "energizado": true, "fonte": "PTS9088"}}, {"type": "Feature", "geometry": {"type": "MultiLineString", "coordinates": [[[-43.19043802569428, -22.984881718116753], [-43.190440461058415, -22.98488122259033]]]}, "properties": {"camada": "SSDMT", "COD_ID": "12287455", "CTMT": "PTS9088", "COMP": 0.27, "TIP_CND": "105924962_35_3", "energizado": true, "fonte": "PTS9088"}}, {"type": "Feature", "geometry": {"type": "MultiLineString", "coordinates": [[[-43.191894409399424, -22.983327488173018], [-43.191891519877686, -22.983335708875813]]]}, "properties": {"camada": "SSDMT", "COD_ID": "12201015", "CTMT": "PTS9088", "COMP": 1.0, "TIP_CND": "105924962_35_3", "energizado": true, "fonte": "PTS9088"}}, {"type": "Feature", "geometry": {"type": "MultiLineString", "coordinates": [[[-43.190731438505054, -22.983994750057605], [-43.190725528160556, -22.98399320142505]]]}, "properties": {"camada": "SSDMT", "COD_ID": "263811686", "CTMT": "PTS9088", "COMP": 0.65, "TIP_CND": "105924967_35_3", "energizado": true, "fonte": "PTS9088"}}, {"type": "Feature", "geometry": {"type": "MultiLineString", "coordinates": [[[-43.191524555114086, -22.984296159639996], [-43.19152638973105, -22.984287295022625]]]}, "properties": {"camada": "SSDMT", "COD_ID": "23390936", "CTMT": "PTS9088", "COMP": 1.04, "TIP_CND": "105924967_35_3", "energizado": true, "fonte": "PTS9088"}}, {"type": "Feature", "geometry": {"type": "MultiLineString", "coordinates": [[[-43.191818456256726, -22.983230176131656], [-43.19181813070213, -22.98323117527849]]]}, "properties": {"camada": "SSDMT", "COD_ID": "263811388", "CTMT": "PTS9088", "COMP": 0.12, "TIP_CND": "105924966_35_3", "energizado": true, "fonte": "PTS9088"}}, {"type": "Feature", "geometry": {"type": "MultiLineString", "coordinates": [[[-43.19099320507229, -22.98303011025132], [-43.190993616062485, -22.983028561618767]]]}, "properties": {"camada": "SSDMT", "COD_ID": "263811608", "CTMT": "PTS9088", "COMP": 0.18, "TIP_CND": "105924967_35_3", "energizado": true, "fonte": "PTS9088"}}, {"type": "Feature", "geometry": {"type": "MultiLineString", "coordinates": [[[-43.19156524673872, -22.984204460267563], [-43.19156617304043, -22.98420150959197]]]}, "properties": {"camada": "SSDMT", "COD_ID": "263811346", "CTMT": "PTS9088", "COMP": 0.35, "TIP_CND": "105924967_35_3", "energizado": true, "fonte": "PTS9088"}}, {"type": "Feature", "geometry": {"type": "MultiLineString", "coordinates": [[[-43.19133836217566, -22.984969386727755], [-43.191336631880006, -22.984975525500033]]]}, "properties": {"camada": "SSDMT", "COD_ID": "11377376", "CTMT": "PTS9088", "COMP": 0.73, "TIP_CND": "105924967_35_3", "energizado": true, "fonte": "PTS9088"}}, {"type": "Feature", "geometry": {"type": "MultiLineString", "coordinates": [[[-43.19079790200152, -22.984012017040925], [-43.190737211253236, -22.98399625192542]]]}, "properties": {"camada": "SSDMT", "COD_ID": "11379812", "CTMT": "PTS9088", "COMP": 6.72, "TIP_CND": "105924967_35_3", "energizado": true, "fonte": "PTS9088"}}, {"type": "Feature", "geometry": {"type": "MultiLineString", "coordinates": [[[-43.19057314163712, -22.98480763286591], [-43.19058276438301, -22.984810118592065]]]}, "properties": {"camada": "SSDMT", "COD_ID": "11717992", "CTMT": "PTS9088", "COMP": 1.07, "TIP_CND": "105924962_35_3", "energizado": true, "fonte": "PTS9088"}}, {"type": "Feature", "geometry": {"type": "MultiLineString", "coordinates": [[[-43.19058276438301, -22.984810118592065], [-43.19058176613555, -22.98481326711851]]]}, "properties": {"camada": "SSDMT", "COD_ID": "393841390", "CTMT": "PTS9088", "COMP": 0.38, "TIP_CND": "105924962_35_3", "energizado": true, "fonte": "PTS9088"}}, {"type": "Feature", "geometry": {"type": "MultiLineString", "coordinates": [[[-43.191246214940804, -22.98411845899966], [-43.191237865634946, -22.98411629613014]]]}, "properties": {"camada": "SSDMT", "COD_ID": "263811680", "CTMT": "PTS9088", "COMP": 0.92, "TIP_CND": "105924967_35_3", "energizado": true, "fonte": "PTS9088"}}, {"type": "Feature", "geometry": {"type": "MultiLineString", "coordinates": [[[-43.19133836217566, -22.984969386727755], [-43.19134135961599, -22.984959577822224]]]}, "properties": {"camada": "SSDMT", "COD_ID": "12559552", "CTMT": "PTS9088", "COMP": 1.17, "TIP_CND": "105924967_35_3", "energizado": true, "fonte": "PTS9088"}}, {"type": "Feature", "geometry": {"type": "MultiLineString", "coordinates": [[[-43.1918961792652, -22.98336230182872], [-43.19189574579201, -22.98336338101518]]]}, "properties": {"camada": "SSDMT", "COD_ID": "12215407", "CTMT": "PTS9088", "COMP": 0.13, "TIP_CND": "105924962_35_3", "energizado": true, "fonte": "PTS9088"}}, {"type": "Feature", "geometry": {"type": "MultiLineString", "coordinates": [[[-43.190440461058415, -22.98488122259033], [-43.190441909866195, -22.98487863793872]]]}, "properties": {"camada": "SSDMT", "COD_ID": "263632781", "CTMT": "PTS9088", "COMP": 0.34, "TIP_CND": "105924962_35_3", "energizado": true, "fonte": "PTS9088"}}, {"type": "Feature", "geometry": {"type": "MultiLineString", "coordinates": [[[-43.191231761936194, -22.984114708826723], [-43.19122892727313, -22.984123996125504]]]}, "properties": {"camada": "SSDMT", "COD_ID": "95317789", "CTMT": "PTS9088", "COMP": 1.11, "TIP_CND": "105924967_35_3", "energizado": true, "fonte": "PTS9088"}}, {"type": "Feature", "geometry": {"type": "MultiLineString", "coordinates": [[[-43.19098406526234, -22.98306172052196], [-43.19098867069056, -22.98304474132169]]]}, "properties": {"camada": "SSDMT", "COD_ID": "11381624", "CTMT": "PTS9088", "COMP": 2.02, "TIP_CND": "105924966_35_3", "energizado": true, "fonte": "PTS9088"}}, {"type": "Feature", "geometry": {"type": "MultiLineString", "coordinates": [[[-43.192264411173596, -22.985209550680167], [-43.19174061363839, -22.98507287261492]]]}, "properties": {"camada": "SSDMT", "COD_ID": "11377274", "CTMT": "PTS9088", "COMP": 58.03, "TIP_CND": "105924967_35_3", "energizado": true, "fonte": "PTS9088"}}, {"type": "Feature", "geometry": {"type": "MultiLineString", "coordinates": [[[-43.1918076050369, -22.983268738161712], [-43.191894409399424, -22.983327488173018]]]}, "properties": {"camada": "SSDMT", "COD_ID": "12201009", "CTMT": "PTS9088", "COMP": 11.47, "TIP_CND": "105924962_35_3", "energizado": true, "fonte": "PTS9088"}}, {"type": "Feature", "geometry": {"type": "MultiLineString", "coordinates": [[[-43.19181813070213, -22.98323117527849], [-43.19181603438244, -22.983237725040908]]]}, "properties": {"camada": "SSDMT", "COD_ID": "12200901", "CTMT": "PTS9088", "COMP": 0.79, "TIP_CND": "105924962_35_3", "energizado": true, "fonte": "PTS9088"}}, {"type": "Feature", "geometry": {"type": "MultiLineString", "coordinates": [[[-43.1907648833926, -22.98281873719492], [-43.19071652864483, -22.982866975930165]]]}, "properties": {"camada": "SSDMT", "COD_ID": "12102387", "CTMT": "PTS9088", "COMP": 7.58, "TIP_CND": "105924967_35_3", "energizado": true, "fonte": "PTS9088"}}, {"type": "Feature", "geometry": {"type": "MultiLineString", "coordinates": [[[-43.191336631880006, -22.984975525500033], [-43.19131145535931, -22.985092343836527]]]}, "properties": {"camada": "SSDMT", "COD_ID": "12906977", "CTMT": "PTS9088", "COMP": 13.72, "TIP_CND": "105924967_35_3", "energizado": true, "fonte": "PTS9088"}}, {"type": "Feature", "geometry": {"type": "MultiLineString", "coordinates": [[[-43.19072268540356, -22.984005278420796], [-43.19043915074616, -22.984877812361105]]]}, "properties": {"camada": "SSDMT", "COD_ID": "12287521", "CTMT": "PTS9088", "COMP": 104.95, "TIP_CND": "105924993_35_3", "energizado": true, "fonte": "PTS9088"}}, {"type": "Feature", "geometry": {"type": "MultiLineString", "coordinates": [[[-43.19131145535931, -22.985092343836527], [-43.191313272889204, -22.985100149052585]]]}, "properties": {"camada": "SSDMT", "COD_ID": "23390984", "CTMT": "PTS9088", "COMP": 0.92, "TIP_CND": "105924967_35_3", "energizado": true, "fonte": "PTS9088"}}, {"type": "Feature", "geometry": {"type": "MultiLineString", "coordinates": [[[-43.19152289766356, -22.984304142022495], [-43.191524555114086, -22.984296159639996]]]}, "properties": {"camada": "SSDMT", "COD_ID": "643310030", "CTMT": "PTS9088", "COMP": 0.94, "TIP_CND": "105924967_35_3", "energizado": true, "fonte": "PTS9088"}}, {"type": "Feature", "geometry": {"type": "MultiLineString", "coordinates": [[[-43.190737211253236, -22.98399625192542], [-43.190731438505054, -22.983994750057605]]]}, "properties": {"camada": "SSDMT", "COD_ID": "11379818", "CTMT": "PTS9088", "COMP": 0.64, "TIP_CND": "105924967_35_3", "energizado": true, "fonte": "PTS9088"}}, {"type": "Feature", "geometry": {"type": "MultiLineString", "coordinates": [[[-43.19186062456811, -22.983084546214798], [-43.19186172893558, -22.98308589519786]]]}, "properties": {"camada": "SSDMT", "COD_ID": "263811280", "CTMT": "PTS9088", "COMP": 0.19, "TIP_CND": "105924966_35_3", "energizado": true, "fonte": "PTS9088"}}, {"type": "Feature", "geometry": {"type": "MultiLineString", "coordinates": [[[-43.190993616062485, -22.983028561618767], [-43.19105092446057, -22.982875501503145]]]}, "properties": {"camada": "SSDMT", "COD_ID": "11381684", "CTMT": "PTS9088", "COMP": 18.66, "TIP_CND": "105924967_35_3", "energizado": true, "fonte": "PTS9088"}}, {"type": "Feature", "geometry": {"type": "MultiLineString", "coordinates": [[[-43.1911737583622, -22.98410960337543], [-43.19101201978884, -22.98406763381422]]]}, "properties": {"camada": "SSDMT", "COD_ID": "12208369", "CTMT": "PTS9088", "COMP": 17.91, "TIP_CND": "105924967_35_3", "energizado": true, "fonte": "PTS9088"}}, {"type": "Feature", "geometry": {"type": "MultiLineString", "coordinates": [[[-43.19098867069056, -22.98304474132169], [-43.19099320507229, -22.98303011025132]]]}, "properties": {"camada": "SSDMT", "COD_ID": "263811596", "CTMT": "PTS9088", "COMP": 1.75, "TIP_CND": "105924966_35_3", "energizado": true, "fonte": "PTS9088"}}, {"type": "Feature", "geometry": {"type": "MultiLineString", "coordinates": [[[-43.190725528160556, -22.98399320142505], [-43.19072489593714, -22.983995288751544]]]}, "properties": {"camada": "SSDMT", "COD_ID": "95317743", "CTMT": "PTS9088", "COMP": 0.25, "TIP_CND": "105924966_35_3", "energizado": true, "fonte": "PTS9088"}}, {"type": "Feature", "geometry": {"type": "MultiLineString", "coordinates": [[[-43.19043844477835, -22.98488027830217], [-43.19043802569428, -22.984881718116753]]]}, "properties": {"camada": "SSDMT", "COD_ID": "263632775", "CTMT": "PTS9088", "COMP": 0.17, "TIP_CND": "105924966_35_3", "energizado": true, "fonte": "PTS9088"}}, {"type": "Feature", "geometry": {"type": "MultiLineString", "coordinates": [[[-43.191910844509835, -22.983352355326872], [-43.19190643873111, -22.98336531815488]]]}, "properties": {"camada": "SSDMT", "COD_ID": "12215413", "CTMT": "PTS9088", "COMP": 1.57, "TIP_CND": "105924962_35_3", "energizado": true, "fonte": "PTS9088"}}, {"type": "Feature", "geometry": {"type": "MultiLineString", "coordinates": [[[-43.1913836862081, -22.98481394161007], [-43.19138773405666, -22.98480659145099]]]}, "properties": {"camada": "SSDMT", "COD_ID": "643309917", "CTMT": "PTS9088", "COMP": 0.95, "TIP_CND": "105924993_35_3", "energizado": true, "fonte": "PTS9088"}}, {"type": "Feature", "geometry": {"type": "MultiLineString", "coordinates": [[[-43.19124971420291, -22.984119357422344], [-43.191246214940804, -22.98411845899966]]]}, "properties": {"camada": "SSDMT", "COD_ID": "11379770", "CTMT": "PTS9088", "COMP": 0.39, "TIP_CND": "105924967_35_3", "energizado": true, "fonte": "PTS9088"}}, {"type": "Feature", "geometry": {"type": "MultiLineString", "coordinates": [[[-43.19072655878364, -22.983989826269408], [-43.19072773149958, -22.983985957385983]]]}, "properties": {"camada": "SSDMT", "COD_ID": "263811773", "CTMT": "PTS9088", "COMP": 0.46, "TIP_CND": "105924966_35_3", "energizado": true, "fonte": "PTS9088"}}, {"type": "Feature", "geometry": {"type": "MultiLineString", "coordinates": [[[-43.191237865634946, -22.98411629613014], [-43.191231761936194, -22.984114708826723]]]}, "properties": {"camada": "SSDMT", "COD_ID": "263811674", "CTMT": "PTS9088", "COMP": 0.68, "TIP_CND": "105924967_35_3", "energizado": true, "fonte": "PTS9088"}}, {"type": "Feature", "geometry": {"type": "MultiLineString", "coordinates": [[[-43.19121088597359, -22.983108153418527], [-43.19120792090877, -22.983107379102194]]]}, "properties": {"camada": "SSDMT", "COD_ID": "11769809", "CTMT": "PTS9924", "COMP": 0.33, "TIP_CND": "105924967_35_3", "energizado": true, "fonte": "PTS9924"}}, {"type": "Feature", "geometry": {"type": "MultiLineString", "coordinates": [[[-43.19185319616804, -22.98309239010166], [-43.1913992894456, -22.982958641128334]]]}, "properties": {"camada": "SSDMT", "COD_ID": "12170403", "CTMT": "PTS9924", "COMP": 50.8, "TIP_CND": "105924966_35_3", "energizado": true, "fonte": "PTS9924"}}, {"type": "Feature", "geometry": {"type": "MultiLineString", "coordinates": [[[-43.192017771203155, -22.98514308898234], [-43.19200049252868, -22.985138294696526]]]}, "properties": {"camada": "SSDMT", "COD_ID": "483156669", "CTMT": "PTS9924", "COMP": 1.92, "TIP_CND": "105924993_35_3", "energizado": true, "fonte": "PTS9924"}}, {"type": "Feature", "geometry": {"type": "MultiLineString", "coordinates": [[[-43.19017177780523, -22.98468302370253], [-43.19016930556893, -22.984690679631115]]]}, "properties": {"camada": "SSDMT", "COD_ID": "11770313", "CTMT": "PTS9924", "COMP": 0.92, "TIP_CND": "105924962_35_3", "energizado": true, "fonte": "PTS9924"}}, {"type": "Feature", "geometry": {"type": "MultiLineString", "coordinates": [[[-43.19122581112225, -22.984989611581284], [-43.19121596354586, -22.984987133049685]]]}, "properties": {"camada": "SSDMT", "COD_ID": "12017457", "CTMT": "PTS9924", "COMP": 1.09, "TIP_CND": "105924962_35_3", "energizado": true, "fonte": "PTS9924"}}, {"type": "Feature", "geometry": {"type": "MultiLineString", "coordinates": [[[-43.191528528318884, -22.984270224990837], [-43.191564744917, -22.98421134457783]]]}, "properties": {"camada": "SSDMT", "COD_ID": "11219716", "CTMT": "PTS9924", "COMP": 7.8, "TIP_CND": "105924967_35_3", "energizado": true, "fonte": "PTS9924"}}, {"type": "Feature", "geometry": {"type": "MultiLineString", "coordinates": [[[-43.19128210148773, -22.982957338010692], [-43.191230445328756, -22.982946526361047]]]}, "properties": {"camada": "SSDMT", "COD_ID": "12170277", "CTMT": "PTS9924", "COMP": 5.65, "TIP_CND": "105924966_35_3", "energizado": true, "fonte": "PTS9924"}}, {"type": "Feature", "geometry": {"type": "MultiLineString", "coordinates": [[[-43.19156879096687, -22.984197575057976], [-43.19157077127403, -22.984198247750896]]]}, "properties": {"camada": "SSDMT", "COD_ID": "263811743", "CTMT": "PTS9924", "COMP": 0.22, "TIP_CND": "105924967_35_3", "energizado": true, "fonte": "PTS9924"}}, {"type": "Feature", "geometry": {"type": "MultiLineString", "coordinates": [[[-43.19200049252868, -22.985138294696526], [-43.19174097696447, -22.98507045703593]]]}, "properties": {"camada": "SSDMT", "COD_ID": "256892531", "CTMT": "PTS9924", "COMP": 28.76, "TIP_CND": "105924967_35_3", "energizado": true, "fonte": "PTS9924"}}, {"type": "Feature", "geometry": {"type": "MultiLineString", "coordinates": [[[-43.1916470148978, -22.983842400406388], [-43.19181175720678, -22.98323670071312]]]}, "properties": {"camada": "SSDMT", "COD_ID": "11219764", "CTMT": "PTS9924", "COMP": 71.94, "TIP_CND": "105924967_35_3", "energizado": true, "fonte": "PTS9924"}}, {"type": "Feature", "geometry": {"type": "MultiLineString", "coordinates": [[[-43.19120777252067, -22.984962061749684], [-43.191199578797466, -22.984959917765934]]]}, "properties": {"camada": "SSDMT", "COD_ID": "12017571", "CTMT": "PTS9924", "COMP": 0.91, "TIP_CND": "105924962_35_3", "energizado": true, "fonte": "PTS9924"}}, {"type": "Feature", "geometry": {"type": "MultiLineString", "coordinates": [[[-43.19125166573173, -22.98307067417221], [-43.19124958380121, -22.983077567475732]]]}, "properties": {"camada": "SSDMT", "COD_ID": "11769773", "CTMT": "PTS9924", "COMP": 0.82, "TIP_CND": "105924967_35_3", "energizado": true, "fonte": "PTS9924"}}, {"type": "Feature", "geometry": {"type": "MultiLineString", "coordinates": [[[-43.1913407103055, -22.984967337172804], [-43.19133694484407, -22.984965966606012]]]}, "properties": {"camada": "SSDMT", "COD_ID": "11219650", "CTMT": "PTS9924", "COMP": 0.43, "TIP_CND": "105924967_35_3", "energizado": true, "fonte": "PTS9924"}}, {"type": "Feature", "geometry": {"type": "MultiLineString", "coordinates": [[[-43.190276465186685, -22.98483004217269], [-43.190174071076456, -22.984801645179743]]]}, "properties": {"camada": "SSDMT", "COD_ID": "11219338", "CTMT": "PTS9924", "COMP": 11.4, "TIP_CND": "105924962_35_3", "energizado": true, "fonte": "PTS9924"}}, {"type": "Feature", "geometry": {"type": "MultiLineString", "coordinates": [[[-43.191202350508036, -22.983114838079246], [-43.19121434476614, -22.98311793714305]]]}, "properties": {"camada": "SSDMT", "COD_ID": "11769791", "CTMT": "PTS9924", "COMP": 1.33, "TIP_CND": "105924967_35_3", "energizado": true, "fonte": "PTS9924"}}, {"type": "Feature", "geometry": {"type": "MultiLineString", "coordinates": [[[-43.19105537610466, -22.982872978904823], [-43.191056907650136, -22.982867839279322]]]}, "properties": {"camada": "SSDMT", "COD_ID": "12167979", "CTMT": "PTS9924", "COMP": 0.61, "TIP_CND": "105924967_35_3", "energizado": true, "fonte": "PTS9924"}}, {"type": "Feature", "geometry": {"type": "MultiLineString", "coordinates": [[[-43.19133895033224, -22.98495816858457], [-43.19138081017621, -22.98481311333444]]]}, "properties": {"camada": "SSDMT", "COD_ID": "11219674", "CTMT": "PTS9924", "COMP": 17.29, "TIP_CND": "105924967_35_3", "energizado": true, "fonte": "PTS9924"}}, {"type": "Feature", "geometry": {"type": "MultiLineString", "coordinates": [[[-43.19124958380121, -22.983077567475732], [-43.1912161856784, -22.98306895916511]]]}, "properties": {"camada": "SSDMT", "COD_ID": "11769779", "CTMT": "PTS9924", "COMP": 3.7, "TIP_CND": "105924967_35_3", "energizado": true, "fonte": "PTS9924"}}, {"type": "Feature", "geometry": {"type": "MultiLineString", "coordinates": [[[-43.19121556964279, -22.983121174702433], [-43.19121876223602, -22.983110646339185]]]}, "properties": {"camada": "SSDMT", "COD_ID": "11769827", "CTMT": "PTS9924", "COMP": 1.26, "TIP_CND": "105924967_35_3", "energizado": true, "fonte": "PTS9924"}}, {"type": "Feature", "geometry": {"type": "MultiLineString", "coordinates": [[[-43.191523180950014, -22.984286553981235], [-43.191528528318884, -22.984270224990837]]]}, "properties": {"camada": "SSDMT", "COD_ID": "22565313", "CTMT": "PTS9924", "COMP": 1.97, "TIP_CND": "105924967_35_3", "energizado": true, "fonte": "PTS9924"}}, {"type": "Feature", "geometry": {"type": "MultiLineString", "coordinates": [[[-43.19133157049555, -22.984968162750476], [-43.19122581112225, -22.984989611581284]]]}, "properties": {"camada": "SSDMT", "COD_ID": "12014235", "CTMT": "PTS9924", "COMP": 11.55, "TIP_CND": "105924962_35_3", "energizado": true, "fonte": "PTS9924"}}, {"type": "Feature", "geometry": {"type": "MultiLineString", "coordinates": [[[-43.19019589582388, -22.984708827949987], [-43.190198607279854, -22.984700036177685]]]}, "properties": {"camada": "SSDMT", "COD_ID": "11770277", "CTMT": "PTS9924", "COMP": 1.05, "TIP_CND": "105924962_35_3", "energizado": true, "fonte": "PTS9924"}}, {"type": "Feature", "geometry": {"type": "MultiLineString", "coordinates": [[[-43.19181175720678, -22.98323670071312], [-43.19181358283055, -22.983230689644586]]]}, "properties": {"camada": "SSDMT", "COD_ID": "11229636", "CTMT": "PTS9924", "COMP": 0.72, "TIP_CND": "105924967_35_3", "energizado": true, "fonte": "PTS9924"}}, {"type": "Feature", "geometry": {"type": "MultiLineString", "coordinates": [[[-43.191284090788145, -22.9829661117966], [-43.19125166573173, -22.98307067417221]]]}, "properties": {"camada": "SSDMT", "COD_ID": "11229930", "CTMT": "PTS9924", "COMP": 12.53, "TIP_CND": "105924967_35_3", "energizado": true, "fonte": "PTS9924"}}, {"type": "Feature", "geometry": {"type": "MultiLineString", "coordinates": [[[-43.19121876223602, -22.983110646339185], [-43.19122380743272, -22.983111949456884]]]}, "properties": {"camada": "SSDMT", "COD_ID": "11769833", "CTMT": "PTS9924", "COMP": 0.56, "TIP_CND": "105924967_35_3", "energizado": true, "fonte": "PTS9924"}}, {"type": "Feature", "geometry": {"type": "MultiLineString", "coordinates": [[[-43.19043921100075, -22.984889425306676], [-43.19043280962643, -22.984887464784606]]]}, "properties": {"camada": "SSDMT", "COD_ID": "11219320", "CTMT": "PTS9924", "COMP": 0.72, "TIP_CND": "105924967_35_3", "energizado": true, "fonte": "PTS9924"}}, {"type": "Feature", "geometry": {"type": "MultiLineString", "coordinates": [[[-43.19172360835779, -22.985065915459586], [-43.1913407103055, -22.984967337172804]]]}, "properties": {"camada": "SSDMT", "COD_ID": "11219566", "CTMT": "PTS9924", "COMP": 42.38, "TIP_CND": "105924967_35_3", "energizado": true, "fonte": "PTS9924"}}, {"type": "Feature", "geometry": {"type": "MultiLineString", "coordinates": [[[-43.191204634786004, -22.98311832295218], [-43.19121556964279, -22.983121174702433]]]}, "properties": {"camada": "SSDMT", "COD_ID": "11769821", "CTMT": "PTS9924", "COMP": 1.21, "TIP_CND": "105924967_35_3", "energizado": true, "fonte": "PTS9924"}}, {"type": "Feature", "geometry": {"type": "MultiLineString", "coordinates": [[[-43.19142553256222, -22.984764508575154], [-43.191458037658265, -22.984645895191875]]]}, "properties": {"camada": "SSDMT", "COD_ID": "22565305", "CTMT": "PTS9924", "COMP": 14.09, "TIP_CND": "105924993_35_3", "energizado": true, "fonte": "PTS9924"}}, {"type": "Feature", "geometry": {"type": "MultiLineString", "coordinates": [[[-43.191216824197056, -22.983109693957147], [-43.19121276195938, -22.983108635455096]]]}, "properties": {"camada": "SSDMT", "COD_ID": "11769803", "CTMT": "PTS9924", "COMP": 0.45, "TIP_CND": "105924967_35_3", "energizado": true, "fonte": "PTS9924"}}, {"type": "Feature", "geometry": {"type": "MultiLineString", "coordinates": [[[-43.19129060098038, -22.982958437881564], [-43.19128564301798, -22.98295799271716]]]}, "properties": {"camada": "SSDMT", "COD_ID": "11229864", "CTMT": "PTS9924", "COMP": 0.53, "TIP_CND": "105924966_35_3", "energizado": true, "fonte": "PTS9924"}}, {"type": "Feature", "geometry": {"type": "MultiLineString", "coordinates": [[[-43.191855760135184, -22.983093168914593], [-43.19185319616804, -22.98309239010166]]]}, "properties": {"camada": "SSDMT", "COD_ID": "11229810", "CTMT": "PTS9924", "COMP": 0.29, "TIP_CND": "105924966_35_3", "energizado": true, "fonte": "PTS9924"}}, {"type": "Feature", "geometry": {"type": "MultiLineString", "coordinates": [[[-43.19120792090877, -22.983107379102194], [-43.191204634786004, -22.98311832295218]]]}, "properties": {"camada": "SSDMT", "COD_ID": "11769815", "CTMT": "PTS9924", "COMP": 1.31, "TIP_CND": "105924967_35_3", "energizado": true, "fonte": "PTS9924"}}, {"type": "Feature", "geometry": {"type": "MultiLineString", "coordinates": [[[-43.191461335472184, -22.98462966962353], [-43.191523568557784, -22.984304347967225]]]}, "properties": {"camada": "SSDMT", "COD_ID": "11219698", "CTMT": "PTS9924", "COMP": 38.05, "TIP_CND": "105924993_35_3", "energizado": true, "fonte": "PTS9924"}}, {"type": "Feature", "geometry": {"type": "MultiLineString", "coordinates": [[[-43.191523568557784, -22.984304347967225], [-43.191523180950014, -22.984286553981235]]]}, "properties": {"camada": "SSDMT", "COD_ID": "643309961", "CTMT": "PTS9924", "COMP": 2.05, "TIP_CND": "105924967_35_3", "energizado": true, "fonte": "PTS9924"}}, {"type": "Feature", "geometry": {"type": "MultiLineString", "coordinates": [[[-43.19016930556893, -22.984690679631115], [-43.19018806003089, -22.984695897497602]]]}, "properties": {"camada": "SSDMT", "COD_ID": "11770319", "CTMT": "PTS9924", "COMP": 2.09, "TIP_CND": "105924962_35_3", "energizado": true, "fonte": "PTS9924"}}, {"type": "Feature", "geometry": {"type": "MultiLineString", "coordinates": [[[-43.19128564301798, -22.98295799271716], [-43.191284090788145, -22.9829661117966]]]}, "properties": {"camada": "SSDMT", "COD_ID": "11229882", "CTMT": "PTS9924", "COMP": 0.95, "TIP_CND": "105924967_35_3", "energizado": true, "fonte": "PTS9924"}}, {"type": "Feature", "geometry": {"type": "MultiLineString", "coordinates": [[[-43.19018903219802, -22.984695411863697], [-43.19017965496704, -22.984692802930454]]]}, "properties": {"camada": "SSDMT", "COD_ID": "11770295", "CTMT": "PTS9924", "COMP": 1.04, "TIP_CND": "105924962_35_3", "energizado": true, "fonte": "PTS9924"}}, {"type": "Feature", "geometry": {"type": "MultiLineString", "coordinates": [[[-43.19174097696447, -22.98507045703593], [-43.19172360835779, -22.985065915459586]]]}, "properties": {"camada": "SSDMT", "COD_ID": "483156651", "CTMT": "PTS9924", "COMP": 1.92, "TIP_CND": "105924967_35_3", "energizado": true, "fonte": "PTS9924"}}, {"type": "Feature", "geometry": {"type": "MultiLineString", "coordinates": [[[-43.19016906275198, -22.98479319874707], [-43.19019589582388, -22.984708827949987]]]}, "properties": {"camada": "SSDMT", "COD_ID": "11219356", "CTMT": "PTS9924", "COMP": 10.13, "TIP_CND": "105924962_35_3", "energizado": true, "fonte": "PTS9924"}}, {"type": "Feature", "geometry": {"type": "MultiLineString", "coordinates": [[[-43.190181913164736, -22.984685830486626], [-43.19017651993039, -22.984684342108665]]]}, "properties": {"camada": "SSDMT", "COD_ID": "11770307", "CTMT": "PTS9924", "COMP": 0.6, "TIP_CND": "105924962_35_3", "energizado": true, "fonte": "PTS9924"}}, {"type": "Feature", "geometry": {"type": "MultiLineString", "coordinates": [[[-43.19122253219405, -22.98496554392466], [-43.191224001686294, -22.984960630029036]]]}, "properties": {"camada": "SSDMT", "COD_ID": "12017499", "CTMT": "PTS9924", "COMP": 0.59, "TIP_CND": "105924962_35_3", "energizado": true, "fonte": "PTS9924"}}, {"type": "Feature", "geometry": {"type": "MultiLineString", "coordinates": [[[-43.19133694484407, -22.984965966606012], [-43.19133895033224, -22.98495816858457]]]}, "properties": {"camada": "SSDMT", "COD_ID": "11219668", "CTMT": "PTS9924", "COMP": 0.92, "TIP_CND": "105924967_35_3", "energizado": true, "fonte": "PTS9924"}}, {"type": "Feature", "geometry": {"type": "MultiLineString", "coordinates": [[[-43.19157077127403, -22.984198247750896], [-43.1916470148978, -22.983842400406388]]]}, "properties": {"camada": "SSDMT", "COD_ID": "12300925", "CTMT": "PTS9924", "COMP": 41.78, "TIP_CND": "105924967_35_3", "energizado": true, "fonte": "PTS9924"}}, {"type": "Feature", "geometry": {"type": "MultiLineString", "coordinates": [[[-43.1913992894456, -22.982958641128334], [-43.19135292939416, -22.982962473139594]]]}, "properties": {"camada": "SSDMT", "COD_ID": "12171171", "CTMT": "PTS9924", "COMP": 4.96, "TIP_CND": "105924966_35_3", "energizado": true, "fonte": "PTS9924"}}, {"type": "Feature", "geometry": {"type": "MultiLineString", "coordinates": [[[-43.19018806003089, -22.984695897497602], [-43.19019043064384, -22.9846885464392]]]}, "properties": {"camada": "SSDMT", "COD_ID": "11770325", "CTMT": "PTS9924", "COMP": 0.88, "TIP_CND": "105924962_35_3", "energizado": true, "fonte": "PTS9924"}}, {"type": "Feature", "geometry": {"type": "MultiLineString", "coordinates": [[[-43.190307067317235, -22.984837670222248], [-43.19028951524888, -22.98483369521881]]]}, "properties": {"camada": "SSDMT", "COD_ID": "11219332", "CTMT": "PTS9924", "COMP": 1.93, "TIP_CND": "105924967_35_3", "energizado": true, "fonte": "PTS9924"}}, {"type": "Feature", "geometry": {"type": "MultiLineString", "coordinates": [[[-43.19156662629871, -22.984204882948916], [-43.19156879096687, -22.984197575057976]]]}, "properties": {"camada": "SSDMT", "COD_ID": "263811755", "CTMT": "PTS9924", "COMP": 0.87, "TIP_CND": "105924967_35_3", "energizado": true, "fonte": "PTS9924"}}, {"type": "Feature", "geometry": {"type": "MultiLineString", "coordinates": [[[-43.19156649319905, -22.984203102291303], [-43.19156360637527, -22.984212641400234]]]}, "properties": {"camada": "SSDMT", "COD_ID": "95317631", "CTMT": "PTS9924", "COMP": 1.14, "TIP_CND": "105924993_35_3", "energizado": true, "fonte": "PTS9924"}}, {"type": "Feature", "geometry": {"type": "MultiLineString", "coordinates": [[[-43.19185815592908, -22.983083940071708], [-43.19185836007523, -22.983082506552364]]]}, "properties": {"camada": "SSDMT", "COD_ID": "263811292", "CTMT": "PTS9924", "COMP": 0.17, "TIP_CND": "105924993_35_3", "energizado": true, "fonte": "PTS9924"}}, {"type": "Feature", "geometry": {"type": "MultiLineString", "coordinates": [[[-43.19028951524888, -22.98483369521881], [-43.190276465186685, -22.98483004217269]]]}, "properties": {"camada": "SSDMT", "COD_ID": "22565273", "CTMT": "PTS9924", "COMP": 1.45, "TIP_CND": "105924962_35_3", "energizado": true, "fonte": "PTS9924"}}, {"type": "Feature", "geometry": {"type": "MultiLineString", "coordinates": [[[-43.19135292939416, -22.982962473139594], [-43.19129060098038, -22.982958437881564]]]}, "properties": {"camada": "SSDMT", "COD_ID": "11229822", "CTMT": "PTS9924", "COMP": 6.66, "TIP_CND": "105924966_35_3", "energizado": true, "fonte": "PTS9924"}}, {"type": "Feature", "geometry": {"type": "MultiLineString", "coordinates": [[[-43.190198607279854, -22.984700036177685], [-43.19018845213532, -22.984697220400335]]]}, "properties": {"camada": "SSDMT", "COD_ID": "11770283", "CTMT": "PTS9924", "COMP": 1.13, "TIP_CND": "105924962_35_3", "energizado": true, "fonte": "PTS9924"}}, {"type": "Feature", "geometry": {"type": "MultiLineString", "coordinates": [[[-43.191458037658265, -22.984645895191875], [-43.191461335472184, -22.98462966962353]]]}, "properties": {"camada": "SSDMT", "COD_ID": "11219710", "CTMT": "PTS9924", "COMP": 1.9, "TIP_CND": "105924967_35_3", "energizado": true, "fonte": "PTS9924"}}, {"type": "Feature", "geometry": {"type": "MultiLineString", "coordinates": [[[-43.190174653837175, -22.984683824099136], [-43.19017177780523, -22.98468302370253]]]}, "properties": {"camada": "SSDMT", "COD_ID": "11980179", "CTMT": "PTS9924", "COMP": 0.32, "TIP_CND": "105924962_35_3", "energizado": true, "fonte": "PTS9924"}}, {"type": "Feature", "geometry": {"type": "MultiLineString", "coordinates": [[[-43.1918140999407, -22.983229205763166], [-43.19185374025784, -22.9830983831838]]]}, "properties": {"camada": "SSDMT", "COD_ID": "11229666", "CTMT": "PTS9924", "COMP": 15.65, "TIP_CND": "105924966_35_3", "energizado": true, "fonte": "PTS9924"}}, {"type": "Feature", "geometry": {"type": "MultiLineString", "coordinates": [[[-43.19128564301798, -22.98295799271716], [-43.19128210148773, -22.982957338010692]]]}, "properties": {"camada": "SSDMT", "COD_ID": "11229870", "CTMT": "PTS9924", "COMP": 0.39, "TIP_CND": "105924966_35_3", "energizado": true, "fonte": "PTS9924"}}, {"type": "Feature", "geometry": {"type": "MultiLineString", "coordinates": [[[-43.19106408693801, -22.982871425775613], [-43.19105537610466, -22.982872978904823]]]}, "properties": {"camada": "SSDMT", "COD_ID": "11229990", "CTMT": "PTS9924", "COMP": 0.95, "TIP_CND": "105924966_35_3", "energizado": true, "fonte": "PTS9924"}}, {"type": "Feature", "geometry": {"type": "MultiLineString", "coordinates": [[[-43.19019043064384, -22.9846885464392], [-43.190197271786644, -22.984690448505376]]]}, "properties": {"camada": "SSDMT", "COD_ID": "11770331", "CTMT": "PTS9924", "COMP": 0.76, "TIP_CND": "105924962_35_3", "energizado": true, "fonte": "PTS9924"}}, {"type": "Feature", "geometry": {"type": "MultiLineString", "coordinates": [[[-43.191564744917, -22.98421134457783], [-43.19156662629871, -22.984204882948916]]]}, "properties": {"camada": "SSDMT", "COD_ID": "263811749", "CTMT": "PTS9924", "COMP": 0.77, "TIP_CND": "105924967_35_3", "energizado": true, "fonte": "PTS9924"}}, {"type": "Feature", "geometry": {"type": "MultiLineString", "coordinates": [[[-43.19181358283055, -22.983230689644586], [-43.1918140999407, -22.983229205763166]]]}, "properties": {"camada": "SSDMT", "COD_ID": "11229654", "CTMT": "PTS9924", "COMP": 0.18, "TIP_CND": "105924966_35_3", "energizado": true, "fonte": "PTS9924"}}, {"type": "Feature", "geometry": {"type": "MultiLineString", "coordinates": [[[-43.19114508707605, -22.982875908896006], [-43.19106408693801, -22.982871425775613]]]}, "properties": {"camada": "SSDMT", "COD_ID": "11229972", "CTMT": "PTS9924", "COMP": 8.65, "TIP_CND": "105924966_35_3", "energizado": true, "fonte": "PTS9924"}}, {"type": "Feature", "geometry": {"type": "MultiLineString", "coordinates": [[[-43.19133694484407, -22.984965966606012], [-43.19133157049555, -22.984968162750476]]]}, "properties": {"camada": "SSDMT", "COD_ID": "11219644", "CTMT": "PTS9924", "COMP": 0.63, "TIP_CND": "105924962_35_3", "energizado": true, "fonte": "PTS9924"}}, {"type": "Feature", "geometry": {"type": "MultiLineString", "coordinates": [[[-43.1901670635591, -22.984799795274284], [-43.19016906275198, -22.98479319874707]]]}, "properties": {"camada": "SSDMT", "COD_ID": "11219350", "CTMT": "PTS9924", "COMP": 0.79, "TIP_CND": "105924962_35_3", "energizado": true, "fonte": "PTS9924"}}, {"type": "Feature", "geometry": {"type": "MultiLineString", "coordinates": [[[-43.19043280962643, -22.984887464784606], [-43.190307067317235, -22.984837670222248]]]}, "properties": {"camada": "SSDMT", "COD_ID": "11219326", "CTMT": "PTS9924", "COMP": 14.58, "TIP_CND": "105924967_35_3", "energizado": true, "fonte": "PTS9924"}}, {"type": "Feature", "geometry": {"type": "MultiLineString", "coordinates": [[[-43.19018845213532, -22.984697220400335], [-43.19018903219802, -22.984695411863697]]]}, "properties": {"camada": "SSDMT", "COD_ID": "11770289", "CTMT": "PTS9924", "COMP": 0.22, "TIP_CND": "105924962_35_3", "energizado": true, "fonte": "PTS9924"}}, {"type": "Feature", "geometry": {"type": "MultiLineString", "coordinates": [[[-43.19157077127403, -22.984198247750896], [-43.19156774865263, -22.984203324423845]]]}, "properties": {"camada": "SSDMT", "COD_ID": "11219746", "CTMT": "PTS9924", "COMP": 0.67, "TIP_CND": "105924993_35_3", "energizado": true, "fonte": "PTS9924"}}, {"type": "Feature", "geometry": {"type": "MultiLineString", "coordinates": [[[-43.19156774865263, -22.984203324423845], [-43.19156649319905, -22.984203102291303]]]}, "properties": {"camada": "SSDMT", "COD_ID": "95317625", "CTMT": "PTS9924", "COMP": 0.14, "TIP_CND": "105924993_35_3", "energizado": true, "fonte": "PTS9924"}}, {"type": "Feature", "geometry": {"type": "MultiLineString", "coordinates": [[[-43.1904338690278, -22.98489726649558], [-43.19043921100075, -22.984889425306676]]]}, "properties": {"camada": "SSDMT", "COD_ID": "11219302", "CTMT": "PTS9924", "COMP": 1.07, "TIP_CND": "105924967_35_3", "energizado": true, "fonte": "PTS9924"}}, {"type": "Feature", "geometry": {"type": "MultiLineString", "coordinates": [[[-43.19121434476614, -22.98311793714305], [-43.191216824197056, -22.983109693957147]]]}, "properties": {"camada": "SSDMT", "COD_ID": "11769797", "CTMT": "PTS9924", "COMP": 0.99, "TIP_CND": "105924967_35_3", "energizado": true, "fonte": "PTS9924"}}, {"type": "Feature", "geometry": {"type": "MultiLineString", "coordinates": [[[-43.190174071076456, -22.984801645179743], [-43.1901670635591, -22.984799795274284]]]}, "properties": {"camada": "SSDMT", "COD_ID": "11219344", "CTMT": "PTS9924", "COMP": 0.78, "TIP_CND": "105924962_35_3", "energizado": true, "fonte": "PTS9924"}}, {"type": "Feature", "geometry": {"type": "MultiLineString", "coordinates": [[[-43.19121746361503, -22.98498218318116], [-43.19122216527069, -22.984966749915543]]]}, "properties": {"camada": "SSDMT", "COD_ID": "12017469", "CTMT": "PTS9924", "COMP": 1.85, "TIP_CND": "105924962_35_3", "energizado": true, "fonte": "PTS9924"}}, {"type": "Feature", "geometry": {"type": "MultiLineString", "coordinates": [[[-43.19138835458887, -22.984806869341526], [-43.19142553256222, -22.984764508575154]]]}, "properties": {"camada": "SSDMT", "COD_ID": "11219686", "CTMT": "PTS9924", "COMP": 6.29, "TIP_CND": "105924967_35_3", "energizado": true, "fonte": "PTS9924"}}, {"type": "Feature", "geometry": {"type": "MultiLineString", "coordinates": [[[-43.19121596354586, -22.984987133049685], [-43.19121746361503, -22.98498218318116]]]}, "properties": {"camada": "SSDMT", "COD_ID": "12017463", "CTMT": "PTS9924", "COMP": 0.59, "TIP_CND": "105924962_35_3", "energizado": true, "fonte": "PTS9924"}}, {"type": "Feature", "geometry": {"type": "MultiLineString", "coordinates": [[[-43.19017965496704, -22.984692802930454], [-43.190181913164736, -22.984685830486626]]]}, "properties": {"camada": "SSDMT", "COD_ID": "11770301", "CTMT": "PTS9924", "COMP": 0.84, "TIP_CND": "105924962_35_3", "energizado": true, "fonte": "PTS9924"}}, {"type": "Feature", "geometry": {"type": "MultiLineString", "coordinates": [[[-43.1912161856784, -22.98306895916511], [-43.191202350508036, -22.983114838079246]]]}, "properties": {"camada": "SSDMT", "COD_ID": "11769785", "CTMT": "PTS9924", "COMP": 5.49, "TIP_CND": "105924967_35_3", "energizado": true, "fonte": "PTS9924"}}, {"type": "Feature", "geometry": {"type": "MultiLineString", "coordinates": [[[-43.191230445328756, -22.982946526361047], [-43.19114508707605, -22.982875908896006]]]}, "properties": {"camada": "SSDMT", "COD_ID": "12170283", "CTMT": "PTS9924", "COMP": 12.21, "TIP_CND": "105924966_35_3", "energizado": true, "fonte": "PTS9924"}}, {"type": "Feature", "geometry": {"type": "MultiLineString", "coordinates": [[[-43.19138081017621, -22.98481311333444], [-43.19138835458887, -22.984806869341526]]]}, "properties": {"camada": "SSDMT", "COD_ID": "643309940", "CTMT": "PTS9924", "COMP": 1.08, "TIP_CND": "105924967_35_3", "energizado": true, "fonte": "PTS9924"}}, {"type": "Feature", "geometry": {"type": "MultiLineString", "coordinates": [[[-43.191855760135184, -22.983093168914593], [-43.19185815592908, -22.983083940071708]]]}, "properties": {"camada": "SSDMT", "COD_ID": "263811286", "CTMT": "PTS9924", "COMP": 1.09, "TIP_CND": "105924993_35_3", "energizado": true, "fonte": "PTS9924"}}, {"type": "Feature", "geometry": {"type": "MultiLineString", "coordinates": [[[-43.19120926629455, -22.984956868164886], [-43.19120777252067, -22.984962061749684]]]}, "properties": {"camada": "SSDMT", "COD_ID": "12017511", "CTMT": "PTS9924", "COMP": 0.62, "TIP_CND": "105924962_35_3", "energizado": true, "fonte": "PTS9924"}}, {"type": "Feature", "geometry": {"type": "MultiLineString", "coordinates": [[[-43.191224001686294, -22.984960630029036], [-43.19120926629455, -22.984956868164886]]]}, "properties": {"camada": "SSDMT", "COD_ID": "12017505", "CTMT": "PTS9924", "COMP": 1.63, "TIP_CND": "105924962_35_3", "energizado": true, "fonte": "PTS9924"}}, {"type": "Feature", "geometry": {"type": "MultiLineString", "coordinates": [[[-43.19185374025784, -22.9830983831838], [-43.191855760135184, -22.983093168914593]]]}, "properties": {"camada": "SSDMT", "COD_ID": "11229684", "CTMT": "PTS9924", "COMP": 0.64, "TIP_CND": "105924966_35_3", "energizado": true, "fonte": "PTS9924"}}, {"type": "Feature", "geometry": {"type": "MultiLineString", "coordinates": [[[-43.19109119610175, -22.982597510266828], [-43.19109910563918, -22.982566797519667]]]}, "properties": {"camada": "SSDMT", "COD_ID": "266149821", "CTMT": "PTS4022", "COMP": 3.64, "TIP_CND": "105924967_35_3", "energizado": true, "fonte": "PTS4022"}}, {"type": "Feature", "geometry": {"type": "MultiLineString", "coordinates": [[[-43.191232795257235, -22.980908462055822], [-43.191232527259274, -22.98084579729567]]]}, "properties": {"camada": "SSDMT", "COD_ID": "12161775", "CTMT": "PTS4022", "COMP": 7.22, "TIP_CND": "105924993_35_3", "energizado": true, "fonte": "PTS4022"}}, {"type": "Feature", "geometry": {"type": "MultiLineString", "coordinates": [[[-43.19124592176183, -22.981672824641123], [-43.19124628778593, -22.981670932467523]]]}, "properties": {"camada": "SSDMT", "COD_ID": "313675917", "CTMT": "PTS4022", "COMP": 0.22, "TIP_CND": "105924993_35_3", "energizado": true, "fonte": "PTS4022"}}, {"type": "Feature", "geometry": {"type": "MultiLineString", "coordinates": [[[-43.191244900132006, -22.98168138348899], [-43.191244943299466, -22.981680335778833]]]}, "properties": {"camada": "SSDMT", "COD_ID": "313675207", "CTMT": "PTS4022", "COMP": 0.12, "TIP_CND": "105924967_35_3", "energizado": true, "fonte": "PTS4022"}}, {"type": "Feature", "geometry": {"type": "MultiLineString", "coordinates": [[[-43.19123959593054, -22.981847788644473], [-43.19124435424351, -22.98169017256339]]]}, "properties": {"camada": "SSDMT", "COD_ID": "11422152", "CTMT": "PTS4022", "COMP": 18.16, "TIP_CND": "105924967_35_3", "energizado": true, "fonte": "PTS4022"}}, {"type": "Feature", "geometry": {"type": "MultiLineString", "coordinates": [[[-43.19120492886435, -22.980728177663195], [-43.19122917458668, -22.98066153070505]]]}, "properties": {"camada": "SSDMT", "COD_ID": "12161763", "CTMT": "PTS4022", "COMP": 8.1, "TIP_CND": "105924993_35_3", "energizado": true, "fonte": "PTS4022"}}, {"type": "Feature", "geometry": {"type": "MultiLineString", "coordinates": [[[-43.19123813003563, -22.981863393680612], [-43.19123959593054, -22.981847788644473]]]}, "properties": {"camada": "SSDMT", "COD_ID": "23441230", "CTMT": "PTS4022", "COMP": 1.8, "TIP_CND": "105924967_35_3", "energizado": true, "fonte": "PTS4022"}}, {"type": "Feature", "geometry": {"type": "MultiLineString", "coordinates": [[[-43.19105940236949, -22.982867985868836], [-43.191088841676674, -22.982604445838433]]]}, "properties": {"camada": "SSDMT", "COD_ID": "12166995", "CTMT": "PTS4022", "COMP": 30.52, "TIP_CND": "105924967_35_3", "energizado": true, "fonte": "PTS4022"}}, {"type": "Feature", "geometry": {"type": "MultiLineString", "coordinates": [[[-43.19109910563918, -22.982566797519667], [-43.19120503318567, -22.982180541398805]]]}, "properties": {"camada": "SSDMT", "COD_ID": "12166989", "CTMT": "PTS4022", "COMP": 45.9, "TIP_CND": "105924967_35_3", "energizado": true, "fonte": "PTS4022"}}, {"type": "Feature", "geometry": {"type": "MultiLineString", "coordinates": [[[-43.191088841676674, -22.982604445838433], [-43.19109119610175, -22.982597510266828]]]}, "properties": {"camada": "SSDMT", "COD_ID": "266149813", "CTMT": "PTS4022", "COMP": 0.84, "TIP_CND": "105924967_35_3", "energizado": true, "fonte": "PTS4022"}}, {"type": "Feature", "geometry": {"type": "MultiLineString", "coordinates": [[[-43.19119932339004, -22.980378908859507], [-43.1911800104491, -22.98032841642322]]]}, "properties": {"camada": "SSDMT", "COD_ID": "12161739", "CTMT": "PTS4022", "COMP": 6.17, "TIP_CND": "105924993_35_3", "energizado": true, "fonte": "PTS4022"}}, {"type": "Feature", "geometry": {"type": "MultiLineString", "coordinates": [[[-43.19120503318567, -22.982180541398805], [-43.19123813003563, -22.981863393680612]]]}, "properties": {"camada": "SSDMT", "COD_ID": "11421486", "CTMT": "PTS4022", "COMP": 36.7, "TIP_CND": "105924967_35_3", "energizado": true, "fonte": "PTS4022"}}, {"type": "Feature", "geometry": {"type": "MultiLineString", "coordinates": [[[-43.19124628778593, -22.981670932467523], [-43.191236512155285, -22.980925996137785]]]}, "properties": {"camada": "SSDMT", "COD_ID": "11422494", "CTMT": "PTS4022", "COMP": 85.8, "TIP_CND": "105924993_35_3", "energizado": true, "fonte": "PTS4022"}}, {"type": "Feature", "geometry": {"type": "MultiLineString", "coordinates": [[[-43.191236512155285, -22.980925996137785], [-43.191232795257235, -22.980908462055822]]]}, "properties": {"camada": "SSDMT", "COD_ID": "11422716", "CTMT": "PTS4022", "COMP": 2.06, "TIP_CND": "105924993_35_3", "energizado": true, "fonte": "PTS4022"}}, {"type": "Feature", "geometry": {"type": "MultiLineString", "coordinates": [[[-43.19124435424351, -22.98169017256339], [-43.191244900132006, -22.98168138348899]]]}, "properties": {"camada": "SSDMT", "COD_ID": "11422488", "CTMT": "PTS4022", "COMP": 1.01, "TIP_CND": "105924967_35_3", "energizado": true, "fonte": "PTS4022"}}, {"type": "Feature", "geometry": {"type": "MultiLineString", "coordinates": [[[-43.191244943299466, -22.981680335778833], [-43.191245223887904, -22.981676880583507]]]}, "properties": {"camada": "SSDMT", "COD_ID": "23441238", "CTMT": "PTS4022", "COMP": 0.4, "TIP_CND": "105924967_35_3", "energizado": true, "fonte": "PTS4022"}}, {"type": "Feature", "geometry": {"type": "MultiLineString", "coordinates": [[[-43.191232527259274, -22.98084579729567], [-43.19120492886435, -22.980728177663195]]]}, "properties": {"camada": "SSDMT", "COD_ID": "12161769", "CTMT": "PTS4022", "COMP": 13.86, "TIP_CND": "105924993_35_3", "energizado": true, "fonte": "PTS4022"}}, {"type": "Feature", "geometry": {"type": "MultiLineString", "coordinates": [[[-43.19122917458668, -22.98066153070505], [-43.19119932339004, -22.980378908859507]]]}, "properties": {"camada": "SSDMT", "COD_ID": "12161745", "CTMT": "PTS4022", "COMP": 32.71, "TIP_CND": "105924993_35_3", "energizado": true, "fonte": "PTS4022"}}, {"type": "Feature", "geometry": {"type": "MultiLineString", "coordinates": [[[-43.191245223887904, -22.981676880583507], [-43.19124592176183, -22.981672824641123]]]}, "properties": {"camada": "SSDMT", "COD_ID": "313676300", "CTMT": "PTS4022", "COMP": 0.47, "TIP_CND": "105924993_35_3", "energizado": true, "fonte": "PTS4022"}}, {"type": "Feature", "geometry": {"type": "MultiLineString", "coordinates": [[[-43.19220888792978, -22.981950832065195], [-43.192209600192825, -22.98195225749066]]]}, "properties": {"camada": "SSDMT", "COD_ID": "313675473", "CTMT": "PTS9088", "COMP": 0.18, "TIP_CND": "105924993_35_3", "energizado": true, "fonte": "PTS9088"}}, {"type": "Feature", "geometry": {"type": "MultiLineString", "coordinates": [[[-43.19106823730925, -22.980841951794616], [-43.19106819054451, -22.98084032582034]]]}, "properties": {"camada": "SSDMT", "COD_ID": "11389200", "CTMT": "PTS9088", "COMP": 0.19, "TIP_CND": "105924993_35_3", "energizado": true, "fonte": "PTS9088"}}, {"type": "Feature", "geometry": {"type": "MultiLineString", "coordinates": [[[-43.191421437049655, -22.980880184672742], [-43.19143421731525, -22.980883599398567]]]}, "properties": {"camada": "SSDMT", "COD_ID": "11731582", "CTMT": "PTS9088", "COMP": 1.42, "TIP_CND": "105924963_35_3", "energizado": true, "fonte": "PTS9088"}}, {"type": "Feature", "geometry": {"type": "MultiLineString", "coordinates": [[[-43.191049989165606, -22.982867299686063], [-43.19108772561799, -22.98260398088894]]]}, "properties": {"camada": "SSDMT", "COD_ID": "12167067", "CTMT": "PTS9088", "COMP": 30.59, "TIP_CND": "105924967_35_3", "energizado": true, "fonte": "PTS9088"}}, {"type": "Feature", "geometry": {"type": "MultiLineString", "coordinates": [[[-43.19108972481092, -22.9825974392204], [-43.191093395843495, -22.98258613833957]]]}, "properties": {"camada": "SSDMT", "COD_ID": "266149805", "CTMT": "PTS9088", "COMP": 1.36, "TIP_CND": "105924967_35_3", "energizado": true, "fonte": "PTS9088"}}, {"type": "Feature", "geometry": {"type": "MultiLineString", "coordinates": [[[-43.192384785429454, -22.982022960391248], [-43.192393259741095, -22.98202300265939]]]}, "properties": {"camada": "SSDMT", "COD_ID": "96972276", "CTMT": "PTS9088", "COMP": 0.9, "TIP_CND": "105924966_35_3", "energizado": true, "fonte": "PTS9088"}}, {"type": "Feature", "geometry": {"type": "MultiLineString", "coordinates": [[[-43.19064001522446, -22.981719497656627], [-43.190650805290375, -22.981719314194947]]]}, "properties": {"camada": "SSDMT", "COD_ID": "12060009", "CTMT": "PTS9088", "COMP": 1.15, "TIP_CND": "105924993_35_3", "energizado": true, "fonte": "PTS9088"}}, {"type": "Feature", "geometry": {"type": "MultiLineString", "coordinates": [[[-43.19001227314783, -22.982290773100658], [-43.190016137534656, -22.982271591460744]]]}, "properties": {"camada": "SSDMT", "COD_ID": "584971784", "CTMT": "PTS9088", "COMP": 2.25, "TIP_CND": "105924963_35_3", "energizado": true, "fonte": "PTS9088"}}, {"type": "Feature", "geometry": {"type": "MultiLineString", "coordinates": [[[-43.19124159152619, -22.98168232957579], [-43.191241674263836, -22.981680515643234]]]}, "properties": {"camada": "SSDMT", "COD_ID": "11382842", "CTMT": "PTS9088", "COMP": 0.21, "TIP_CND": "105924967_35_3", "energizado": true, "fonte": "PTS9088"}}, {"type": "Feature", "geometry": {"type": "MultiLineString", "coordinates": [[[-43.1910780084433, -22.981853320374398], [-43.191070642995726, -22.981852703439472]]]}, "properties": {"camada": "SSDMT", "COD_ID": "11388846", "CTMT": "PTS9088", "COMP": 0.79, "TIP_CND": "105924993_35_3", "energizado": true, "fonte": "PTS9088"}}, {"type": "Feature", "geometry": {"type": "MultiLineString", "coordinates": [[[-43.19064053323399, -22.981735550555186], [-43.19064001522446, -22.981719497656627]]]}, "properties": {"camada": "SSDMT", "COD_ID": "12060003", "CTMT": "PTS9088", "COMP": 1.85, "TIP_CND": "105924993_35_3", "energizado": true, "fonte": "PTS9088"}}, {"type": "Feature", "geometry": {"type": "MultiLineString", "coordinates": [[[-43.19221304009966, -22.98195323595303], [-43.19222427353134, -22.981956353003227]]]}, "properties": {"camada": "SSDMT", "COD_ID": "313675467", "CTMT": "PTS9088", "COMP": 1.25, "TIP_CND": "105924993_35_3", "energizado": true, "fonte": "PTS9088"}}, {"type": "Feature", "geometry": {"type": "MultiLineString", "coordinates": [[[-43.19107172038355, -22.98068053787648], [-43.19107158188797, -22.980676969366584]]]}, "properties": {"camada": "SSDMT", "COD_ID": "11389326", "CTMT": "PTS9088", "COMP": 0.41, "TIP_CND": "105924993_35_3", "energizado": true, "fonte": "PTS9088"}}, {"type": "Feature", "geometry": {"type": "MultiLineString", "coordinates": [[[-43.19106805474689, -22.980835854391103], [-43.19106287105461, -22.980680761807662]]]}, "properties": {"camada": "SSDMT", "COD_ID": "11389308", "CTMT": "PTS9088", "COMP": 17.87, "TIP_CND": "105924993_35_3", "energizado": true, "fonte": "PTS9088"}}, {"type": "Feature", "geometry": {"type": "MultiLineString", "coordinates": [[[-43.19031144611631, -22.98073742988845], [-43.19030619767284, -22.98073752341793]]]}, "properties": {"camada": "SSDMT", "COD_ID": "313675731", "CTMT": "PTS9088", "COMP": 0.56, "TIP_CND": "105924993_35_3", "energizado": true, "fonte": "PTS9088"}}, {"type": "Feature", "geometry": {"type": "MultiLineString", "coordinates": [[[-43.19008327912002, -22.982618239639976], [-43.19005942010614, -22.982614038906718]]]}, "properties": {"camada": "SSDMT", "COD_ID": "584971732", "CTMT": "PTS9088", "COMP": 2.59, "TIP_CND": "105924963_35_3", "energizado": true, "fonte": "PTS9088"}}, {"type": "Feature", "geometry": {"type": "MultiLineString", "coordinates": [[[-43.190667286266205, -22.981798626305533], [-43.19066711629432, -22.981793071193238]]]}, "properties": {"camada": "SSDMT", "COD_ID": "11673100", "CTMT": "PTS9088", "COMP": 0.64, "TIP_CND": "105924993_35_3", "energizado": true, "fonte": "PTS9088"}}, {"type": "Feature", "geometry": {"type": "MultiLineString", "coordinates": [[[-43.190194615189284, -22.980807614779565], [-43.19018517140847, -22.980807850401902]]]}, "properties": {"camada": "SSDMT", "COD_ID": "11721862", "CTMT": "PTS9088", "COMP": 1.01, "TIP_CND": "105924963_35_3", "energizado": true, "fonte": "PTS9088"}}, {"type": "Feature", "geometry": {"type": "MultiLineString", "coordinates": [[[-43.19020637922097, -22.980811903646384], [-43.19019475998016, -22.980812186033518]]]}, "properties": {"camada": "SSDMT", "COD_ID": "11721850", "CTMT": "PTS9088", "COMP": 1.24, "TIP_CND": "105924963_35_3", "energizado": true, "fonte": "PTS9088"}}, {"type": "Feature", "geometry": {"type": "MultiLineString", "coordinates": [[[-43.19030619767284, -22.98073752341793], [-43.190212877722104, -22.98073984276948]]]}, "properties": {"camada": "SSDMT", "COD_ID": "12298039", "CTMT": "PTS9088", "COMP": 9.96, "TIP_CND": "105924993_35_3", "energizado": true, "fonte": "PTS9088"}}, {"type": "Feature", "geometry": {"type": "MultiLineString", "coordinates": [[[-43.19220291643143, -22.98194810891806], [-43.19220888792978, -22.981950832065195]]]}, "properties": {"camada": "SSDMT", "COD_ID": "11382992", "CTMT": "PTS9088", "COMP": 0.71, "TIP_CND": "105924993_35_3", "energizado": true, "fonte": "PTS9088"}}, {"type": "Feature", "geometry": {"type": "MultiLineString", "coordinates": [[[-43.191093395843495, -22.98258613833957], [-43.191191304135316, -22.98217878682152]]]}, "properties": {"camada": "SSDMT", "COD_ID": "12167025", "CTMT": "PTS9088", "COMP": 48.07, "TIP_CND": "105924967_35_3", "energizado": true, "fonte": "PTS9088"}}, {"type": "Feature", "geometry": {"type": "MultiLineString", "coordinates": [[[-43.191071337272376, -22.98066827921764], [-43.19106927872417, -22.980668336774272]]]}, "properties": {"camada": "SSDMT", "COD_ID": "11389332", "CTMT": "PTS9088", "COMP": 0.22, "TIP_CND": "105924993_35_3", "energizado": true, "fonte": "PTS9088"}}, {"type": "Feature", "geometry": {"type": "MultiLineString", "coordinates": [[[-43.19123438795657, -22.981856524658838], [-43.191231397710794, -22.981856255761556]]]}, "properties": {"camada": "SSDMT", "COD_ID": "11382710", "CTMT": "PTS9088", "COMP": 0.32, "TIP_CND": "105924993_35_3", "energizado": true, "fonte": "PTS9088"}}, {"type": "Feature", "geometry": {"type": "MultiLineString", "coordinates": [[[-43.1914297701677, -22.980896796050274], [-43.19143773636239, -22.980899126193663]]]}, "properties": {"camada": "SSDMT", "COD_ID": "11731594", "CTMT": "PTS9088", "COMP": 0.89, "TIP_CND": "105924963_35_3", "energizado": true, "fonte": "PTS9088"}}, {"type": "Feature", "geometry": {"type": "MultiLineString", "coordinates": [[[-43.19270967361251, -22.982107545226995], [-43.19303199153313, -22.982199160962466]]]}, "properties": {"camada": "SSDMT", "COD_ID": "297243163", "CTMT": "PTS9088", "COMP": 35.95, "TIP_CND": "105924966_35_3", "energizado": true, "fonte": "PTS9088"}}, {"type": "Feature", "geometry": {"type": "MultiLineString", "coordinates": [[[-43.19303199153313, -22.982199160962466], [-43.19304036691938, -22.982201550461127]]]}, "properties": {"camada": "SSDMT", "COD_ID": "297242696", "CTMT": "PTS9088", "COMP": 0.93, "TIP_CND": "105924966_35_3", "energizado": true, "fonte": "PTS9088"}}, {"type": "Feature", "geometry": {"type": "MultiLineString", "coordinates": [[[-43.19304906336356, -22.982204033489325], [-43.19339730873878, -22.982302753868964]]]}, "properties": {"camada": "SSDMT", "COD_ID": "297242952", "CTMT": "PTS9088", "COMP": 38.84, "TIP_CND": "105924966_35_3", "energizado": true, "fonte": "PTS9088"}}, {"type": "Feature", "geometry": {"type": "MultiLineString", "coordinates": [[[-43.191007051034546, -22.980694915338006], [-43.191003158768694, -22.98069495221023]]]}, "properties": {"camada": "SSDMT", "COD_ID": "11389356", "CTMT": "PTS9088", "COMP": 0.42, "TIP_CND": "105924993_35_3", "energizado": true, "fonte": "PTS9088"}}, {"type": "Feature", "geometry": {"type": "MultiLineString", "coordinates": [[[-43.19270190706732, -22.982105523551013], [-43.19270967361251, -22.982107545226995]]]}, "properties": {"camada": "SSDMT", "COD_ID": "297242702", "CTMT": "PTS9088", "COMP": 0.86, "TIP_CND": "105924966_35_3", "energizado": true, "fonte": "PTS9088"}}, {"type": "Feature", "geometry": {"type": "MultiLineString", "coordinates": [[[-43.190207667949494, -22.98265229696591], [-43.19008327912002, -22.982618239639976]]]}, "properties": {"camada": "SSDMT", "COD_ID": "584971725", "CTMT": "PTS9088", "COMP": 13.83, "TIP_CND": "105924963_35_3", "energizado": true, "fonte": "PTS9088"}}, {"type": "Feature", "geometry": {"type": "MultiLineString", "coordinates": [[[-43.19121740875636, -22.981975991498757], [-43.19122658993513, -22.981903863172704]]]}, "properties": {"camada": "SSDMT", "COD_ID": "316453801", "CTMT": "PTS9088", "COMP": 8.37, "TIP_CND": "105924993_35_3", "energizado": true, "fonte": "PTS9088"}}, {"type": "Feature", "geometry": {"type": "MultiLineString", "coordinates": [[[-43.19098032767994, -22.980695604218738], [-43.19081628234551, -22.980699815743833]]]}, "properties": {"camada": "SSDMT", "COD_ID": "54191628", "CTMT": "PTS9088", "COMP": 17.5, "TIP_CND": "105924993_35_3", "energizado": true, "fonte": "PTS9088"}}, {"type": "Feature", "geometry": {"type": "MultiLineString", "coordinates": [[[-43.19022445109749, -22.98265689609883], [-43.190207667949494, -22.98265229696591]]]}, "properties": {"camada": "SSDMT", "COD_ID": "647406484", "CTMT": "PTS9088", "COMP": 1.87, "TIP_CND": "105924963_35_3", "energizado": true, "fonte": "PTS9088"}}, {"type": "Feature", "geometry": {"type": "MultiLineString", "coordinates": [[[-43.190231933456914, -22.982658941157183], [-43.19022445109749, -22.98265689609883]]]}, "properties": {"camada": "SSDMT", "COD_ID": "647406478", "CTMT": "PTS9088", "COMP": 0.83, "TIP_CND": "105924963_35_3", "energizado": true, "fonte": "PTS9088"}}, {"type": "Feature", "geometry": {"type": "MultiLineString", "coordinates": [[[-43.19008363165426, -22.98222459199127], [-43.1901653125791, -22.982226202677055]]]}, "properties": {"camada": "SSDMT", "COD_ID": "584971814", "CTMT": "PTS9088", "COMP": 8.71, "TIP_CND": "105924963_35_3", "energizado": true, "fonte": "PTS9088"}}, {"type": "Feature", "geometry": {"type": "MultiLineString", "coordinates": [[[-43.19004699507275, -22.982239452388797], [-43.19006692494861, -22.982227480613687]]]}, "properties": {"camada": "SSDMT", "COD_ID": "584971802", "CTMT": "PTS9088", "COMP": 2.53, "TIP_CND": "105924963_35_3", "energizado": true, "fonte": "PTS9088"}}, {"type": "Feature", "geometry": {"type": "MultiLineString", "coordinates": [[[-43.191064397204116, -22.98185153971673], [-43.190678989143976, -22.981800900690985]]]}, "properties": {"camada": "SSDMT", "COD_ID": "11388966", "CTMT": "PTS9088", "COMP": 41.51, "TIP_CND": "105924993_35_3", "energizado": true, "fonte": "PTS9088"}}, {"type": "Feature", "geometry": {"type": "MultiLineString", "coordinates": [[[-43.190173918191704, -22.98219153471149], [-43.19017586792194, -22.982191584174245]]]}, "properties": {"camada": "SSDMT", "COD_ID": "584971905", "CTMT": "PTS9088", "COMP": 0.21, "TIP_CND": "105924963_35_3", "energizado": true, "fonte": "PTS9088"}}, {"type": "Feature", "geometry": {"type": "MultiLineString", "coordinates": [[[-43.19220784201826, -22.981957592268998], [-43.192205492989046, -22.98196553957797]]]}, "properties": {"camada": "SSDMT", "COD_ID": "313675455", "CTMT": "PTS9088", "COMP": 0.95, "TIP_CND": "105924966_35_3", "energizado": true, "fonte": "PTS9088"}}, {"type": "Feature", "geometry": {"type": "MultiLineString", "coordinates": [[[-43.19016611837162, -22.982191336860637], [-43.1901680681018, -22.98219137733014]]]}, "properties": {"camada": "SSDMT", "COD_ID": "584971838", "CTMT": "PTS9088", "COMP": 0.21, "TIP_CND": "105924963_35_3", "energizado": true, "fonte": "PTS9088"}}, {"type": "Feature", "geometry": {"type": "MultiLineString", "coordinates": [[[-43.191231397710794, -22.981856255761556], [-43.19109704169506, -22.981853690895093]]]}, "properties": {"camada": "SSDMT", "COD_ID": "11388666", "CTMT": "PTS9088", "COMP": 14.33, "TIP_CND": "105924967_35_3", "energizado": true, "fonte": "PTS9088"}}, {"type": "Feature", "geometry": {"type": "MultiLineString", "coordinates": [[[-43.190984054470505, -22.980695528675653], [-43.19098032767994, -22.980695604218738]]]}, "properties": {"camada": "SSDMT", "COD_ID": "313675165", "CTMT": "PTS9088", "COMP": 0.4, "TIP_CND": "105924993_35_3", "energizado": true, "fonte": "PTS9088"}}, {"type": "Feature", "geometry": {"type": "MultiLineString", "coordinates": [[[-43.19106675162925, -22.980668397928184], [-43.19100630189928, -22.980669856628538]]]}, "properties": {"camada": "SSDMT", "COD_ID": "11389338", "CTMT": "PTS9088", "COMP": 6.45, "TIP_CND": "105924993_35_3", "energizado": true, "fonte": "PTS9088"}}, {"type": "Feature", "geometry": {"type": "MultiLineString", "coordinates": [[[-43.190665163866186, -22.981769000838653], [-43.1906212023066, -22.98174582351089]]]}, "properties": {"camada": "SSDMT", "COD_ID": "11673106", "CTMT": "PTS9088", "COMP": 5.39, "TIP_CND": "105924993_35_3", "energizado": true, "fonte": "PTS9088"}}, {"type": "Feature", "geometry": {"type": "MultiLineString", "coordinates": [[[-43.19269276455941, -22.98210290922185], [-43.19270190706732, -22.982105523551013]]]}, "properties": {"camada": "SSDMT", "COD_ID": "297242708", "CTMT": "PTS9088", "COMP": 1.02, "TIP_CND": "105924966_35_3", "energizado": true, "fonte": "PTS9088"}}, {"type": "Feature", "geometry": {"type": "MultiLineString", "coordinates": [[[-43.19021514041634, -22.980811677916563], [-43.190207803747114, -22.98081186497552]]]}, "properties": {"camada": "SSDMT", "COD_ID": "11721844", "CTMT": "PTS9088", "COMP": 0.78, "TIP_CND": "105924963_35_3", "energizado": true, "fonte": "PTS9088"}}, {"type": "Feature", "geometry": {"type": "MultiLineString", "coordinates": [[[-43.19100630189928, -22.980669856628538], [-43.191007051034546, -22.980694915338006]]]}, "properties": {"camada": "SSDMT", "COD_ID": "54191344", "CTMT": "PTS9088", "COMP": 2.89, "TIP_CND": "105924993_35_3", "energizado": true, "fonte": "PTS9088"}}, {"type": "Feature", "geometry": {"type": "MultiLineString", "coordinates": [[[-43.190212877722104, -22.98073984276948], [-43.19021472762756, -22.980798010919443]]]}, "properties": {"camada": "SSDMT", "COD_ID": "11719528", "CTMT": "PTS9088", "COMP": 6.7, "TIP_CND": "105924993_35_3", "energizado": true, "fonte": "PTS9088"}}, {"type": "Feature", "geometry": {"type": "MultiLineString", "coordinates": [[[-43.19304036691938, -22.982201550461127], [-43.19304906336356, -22.982204033489325]]]}, "properties": {"camada": "SSDMT", "COD_ID": "258403770", "CTMT": "PTS9088", "COMP": 0.97, "TIP_CND": "105924966_35_3", "energizado": true, "fonte": "PTS9088"}}, {"type": "Feature", "geometry": {"type": "MultiLineString", "coordinates": [[[-43.19021472762756, -22.980798010919443], [-43.19021514041634, -22.980811677916563]]]}, "properties": {"camada": "SSDMT", "COD_ID": "11721838", "CTMT": "PTS9088", "COMP": 1.57, "TIP_CND": "105924993_35_3", "energizado": true, "fonte": "PTS9088"}}, {"type": "Feature", "geometry": {"type": "MultiLineString", "coordinates": [[[-43.19019475998016, -22.980812186033518], [-43.190194615189284, -22.980807614779565]]]}, "properties": {"camada": "SSDMT", "COD_ID": "11721856", "CTMT": "PTS9088", "COMP": 0.53, "TIP_CND": "105924963_35_3", "energizado": true, "fonte": "PTS9088"}}, {"type": "Feature", "geometry": {"type": "MultiLineString", "coordinates": [[[-43.19109348037978, -22.981686579771804], [-43.19109326993839, -22.981679001184887]]]}, "properties": {"camada": "SSDMT", "COD_ID": "11389134", "CTMT": "PTS9088", "COMP": 0.87, "TIP_CND": "105924993_35_3", "energizado": true, "fonte": "PTS9088"}}, {"type": "Feature", "geometry": {"type": "MultiLineString", "coordinates": [[[-43.1910780084433, -22.981853320374398], [-43.19107875128333, -22.98184731470178]]]}, "properties": {"camada": "SSDMT", "COD_ID": "11388864", "CTMT": "PTS9088", "COMP": 0.7, "TIP_CND": "105924993_35_3", "energizado": true, "fonte": "PTS9088"}}, {"type": "Feature", "geometry": {"type": "MultiLineString", "coordinates": [[[-43.19139662745238, -22.980907145448384], [-43.191403157429704, -22.980885475384355]]]}, "properties": {"camada": "SSDMT", "COD_ID": "11731432", "CTMT": "PTS9088", "COMP": 2.59, "TIP_CND": "105924993_35_3", "energizado": true, "fonte": "PTS9088"}}, {"type": "Feature", "geometry": {"type": "MultiLineString", "coordinates": [[[-43.19065425508978, -22.981726063606914], [-43.19065399608502, -22.98171626189594]]]}, "properties": {"camada": "SSDMT", "COD_ID": "12060183", "CTMT": "PTS9088", "COMP": 1.13, "TIP_CND": "105924963_35_3", "energizado": true, "fonte": "PTS9088"}}, {"type": "Feature", "geometry": {"type": "MultiLineString", "coordinates": [[[-43.19063620839427, -22.981716808683757], [-43.190636372970175, -22.981727167974384]]]}, "properties": {"camada": "SSDMT", "COD_ID": "12060195", "CTMT": "PTS9088", "COMP": 1.19, "TIP_CND": "105924963_35_3", "energizado": true, "fonte": "PTS9088"}}, {"type": "Feature", "geometry": {"type": "MultiLineString", "coordinates": [[[-43.190678989143976, -22.981800900690985], [-43.190667286266205, -22.981798626305533]]]}, "properties": {"camada": "SSDMT", "COD_ID": "313675099", "CTMT": "PTS9088", "COMP": 1.28, "TIP_CND": "105924993_35_3", "energizado": true, "fonte": "PTS9088"}}, {"type": "Feature", "geometry": {"type": "MultiLineString", "coordinates": [[[-43.191191304135316, -22.98217878682152], [-43.19121740875636, -22.981975991498757]]]}, "properties": {"camada": "SSDMT", "COD_ID": "11382692", "CTMT": "PTS9088", "COMP": 23.52, "TIP_CND": "105924993_35_3", "energizado": true, "fonte": "PTS9088"}}, {"type": "Feature", "geometry": {"type": "MultiLineString", "coordinates": [[[-43.19081628234551, -22.980699815743833], [-43.19066362512615, -22.980703535339842]]]}, "properties": {"camada": "SSDMT", "COD_ID": "12154101", "CTMT": "PTS9088", "COMP": 16.29, "TIP_CND": "105924993_35_3", "energizado": true, "fonte": "PTS9088"}}, {"type": "Feature", "geometry": {"type": "MultiLineString", "coordinates": [[[-43.19109290121639, -22.981667076174574], [-43.19106842976419, -22.98084877225301]]]}, "properties": {"camada": "SSDMT", "COD_ID": "11389152", "CTMT": "PTS9088", "COMP": 94.28, "TIP_CND": "105924993_35_3", "energizado": true, "fonte": "PTS9088"}}, {"type": "Feature", "geometry": {"type": "MultiLineString", "coordinates": [[[-43.19066362512615, -22.980703535339842], [-43.190323344146975, -22.98071186486061]]]}, "properties": {"camada": "SSDMT", "COD_ID": "11389392", "CTMT": "PTS9088", "COMP": 36.3, "TIP_CND": "105924993_35_3", "energizado": true, "fonte": "PTS9088"}}, {"type": "Feature", "geometry": {"type": "MultiLineString", "coordinates": [[[-43.19106927872417, -22.980668336774272], [-43.19106675162925, -22.980668397928184]]]}, "properties": {"camada": "SSDMT", "COD_ID": "313675359", "CTMT": "PTS9088", "COMP": 0.27, "TIP_CND": "105924993_35_3", "energizado": true, "fonte": "PTS9088"}}, {"type": "Feature", "geometry": {"type": "MultiLineString", "coordinates": [[[-43.19066711629432, -22.981793071193238], [-43.190665163866186, -22.981769000838653]]]}, "properties": {"camada": "SSDMT", "COD_ID": "313675111", "CTMT": "PTS9088", "COMP": 2.78, "TIP_CND": "105924993_35_3", "energizado": true, "fonte": "PTS9088"}}, {"type": "Feature", "geometry": {"type": "MultiLineString", "coordinates": [[[-43.191003158768694, -22.98069495221023], [-43.190984054470505, -22.980695528675653]]]}, "properties": {"camada": "SSDMT", "COD_ID": "313675159", "CTMT": "PTS9088", "COMP": 2.04, "TIP_CND": "105924993_35_3", "energizado": true, "fonte": "PTS9088"}}, {"type": "Feature", "geometry": {"type": "MultiLineString", "coordinates": [[[-43.19123438795657, -22.981856524658838], [-43.19123508493118, -22.981854012852352]]]}, "properties": {"camada": "SSDMT", "COD_ID": "11382716", "CTMT": "PTS9088", "COMP": 0.3, "TIP_CND": "105924993_35_3", "energizado": true, "fonte": "PTS9088"}}, {"type": "Feature", "geometry": {"type": "MultiLineString", "coordinates": [[[-43.192116947539034, -22.98190655394427], [-43.19220291643143, -22.98194810891806]]]}, "properties": {"camada": "SSDMT", "COD_ID": "11382956", "CTMT": "PTS9088", "COMP": 10.34, "TIP_CND": "105924993_35_3", "energizado": true, "fonte": "PTS9088"}}, {"type": "Feature", "geometry": {"type": "MultiLineString", "coordinates": [[[-43.190323344146975, -22.98071186486061], [-43.190324110369374, -22.980737068360952]]]}, "properties": {"camada": "SSDMT", "COD_ID": "54191507", "CTMT": "PTS9088", "COMP": 2.9, "TIP_CND": "105924993_35_3", "energizado": true, "fonte": "PTS9088"}}, {"type": "Feature", "geometry": {"type": "MultiLineString", "coordinates": [[[-43.19236165036983, -22.98201636656205], [-43.192380023519206, -22.982021615005465]]]}, "properties": {"camada": "SSDMT", "COD_ID": "23390968", "CTMT": "PTS9088", "COMP": 2.05, "TIP_CND": "105924993_35_3", "energizado": true, "fonte": "PTS9088"}}, {"type": "Feature", "geometry": {"type": "MultiLineString", "coordinates": [[[-43.19109704169506, -22.981853690895093], [-43.191088815596345, -22.981853280804216]]]}, "properties": {"camada": "SSDMT", "COD_ID": "11388702", "CTMT": "PTS9088", "COMP": 0.88, "TIP_CND": "105924967_35_3", "energizado": true, "fonte": "PTS9088"}}, {"type": "Feature", "geometry": {"type": "MultiLineString", "coordinates": [[[-43.19124173991435, -22.98167772594627], [-43.1912520443463, -22.981678818622527]]]}, "properties": {"camada": "SSDMT", "COD_ID": "11382848", "CTMT": "PTS9088", "COMP": 1.11, "TIP_CND": "105924993_35_3", "energizado": true, "fonte": "PTS9088"}}, {"type": "Feature", "geometry": {"type": "MultiLineString", "coordinates": [[[-43.19108706731424, -22.980842952740034], [-43.19108972121364, -22.980842883492244]]]}, "properties": {"camada": "SSDMT", "COD_ID": "313675285", "CTMT": "PTS9088", "COMP": 0.28, "TIP_CND": "105924993_35_3", "energizado": true, "fonte": "PTS9088"}}, {"type": "Feature", "geometry": {"type": "MultiLineString", "coordinates": [[[-43.19107158188797, -22.980676969366584], [-43.191071337272376, -22.98066827921764]]]}, "properties": {"camada": "SSDMT", "COD_ID": "313675371", "CTMT": "PTS9088", "COMP": 1.0, "TIP_CND": "105924993_35_3", "energizado": true, "fonte": "PTS9088"}}, {"type": "Feature", "geometry": {"type": "MultiLineString", "coordinates": [[[-43.191088815596345, -22.981853280804216], [-43.1910780084433, -22.981853320374398]]]}, "properties": {"camada": "SSDMT", "COD_ID": "313675587", "CTMT": "PTS9088", "COMP": 1.15, "TIP_CND": "105924967_35_3", "energizado": true, "fonte": "PTS9088"}}, {"type": "Feature", "geometry": {"type": "MultiLineString", "coordinates": [[[-43.1910789590267, -22.98184495128345], [-43.19109348037978, -22.981686579771804]]]}, "properties": {"camada": "SSDMT", "COD_ID": "11389128", "CTMT": "PTS9088", "COMP": 18.31, "TIP_CND": "105924993_35_3", "energizado": true, "fonte": "PTS9088"}}, {"type": "Feature", "geometry": {"type": "MultiLineString", "coordinates": [[[-43.19123821007531, -22.980914953362344], [-43.191239760506505, -22.980915016314896]]]}, "properties": {"camada": "SSDMT", "COD_ID": "313675273", "CTMT": "PTS9088", "COMP": 0.17, "TIP_CND": "105924993_35_3", "energizado": true, "fonte": "PTS9088"}}, {"type": "Feature", "geometry": {"type": "MultiLineString", "coordinates": [[[-43.191389667599026, -22.980905404360897], [-43.19139662745238, -22.980907145448384]]]}, "properties": {"camada": "SSDMT", "COD_ID": "11731426", "CTMT": "PTS9088", "COMP": 0.77, "TIP_CND": "105924993_35_3", "energizado": true, "fonte": "PTS9088"}}, {"type": "Feature", "geometry": {"type": "MultiLineString", "coordinates": [[[-43.190189518731245, -22.982191866561323], [-43.19019027056447, -22.982191811702705]]]}, "properties": {"camada": "SSDMT", "COD_ID": "584971955", "CTMT": "PTS9088", "COMP": 0.08, "TIP_CND": "105924963_35_3", "energizado": true, "fonte": "PTS9088"}}, {"type": "Feature", "geometry": {"type": "MultiLineString", "coordinates": [[[-43.191419886618405, -22.9808852865267], [-43.191421437049655, -22.980880184672742]]]}, "properties": {"camada": "SSDMT", "COD_ID": "11731576", "CTMT": "PTS9088", "COMP": 0.61, "TIP_CND": "105924963_35_3", "energizado": true, "fonte": "PTS9088"}}, {"type": "Feature", "geometry": {"type": "MultiLineString", "coordinates": [[[-43.19034459962353, -22.982706897505295], [-43.19032485950464, -22.982693632505118]]]}, "properties": {"camada": "SSDMT", "COD_ID": "584971707", "CTMT": "PTS9088", "COMP": 2.6, "TIP_CND": "105924963_35_3", "energizado": true, "fonte": "PTS9088"}}, {"type": "Feature", "geometry": {"type": "MultiLineString", "coordinates": [[[-43.1906212023066, -22.98174582351089], [-43.190621807550315, -22.98173622144941]]]}, "properties": {"camada": "SSDMT", "COD_ID": "12059871", "CTMT": "PTS9088", "COMP": 1.11, "TIP_CND": "105924993_35_3", "energizado": true, "fonte": "PTS9088"}}, {"type": "Feature", "geometry": {"type": "MultiLineString", "coordinates": [[[-43.19106842976419, -22.98084877225301], [-43.19106840458318, -22.980847687670632]]]}, "properties": {"camada": "SSDMT", "COD_ID": "11389182", "CTMT": "PTS9088", "COMP": 0.12, "TIP_CND": "105924993_35_3", "energizado": true, "fonte": "PTS9088"}}, {"type": "Feature", "geometry": {"type": "MultiLineString", "coordinates": [[[-43.19108772561799, -22.98260398088894], [-43.19108972481092, -22.9825974392204]]]}, "properties": {"camada": "SSDMT", "COD_ID": "266149798", "CTMT": "PTS9088", "COMP": 0.78, "TIP_CND": "105924967_35_3", "energizado": true, "fonte": "PTS9088"}}, {"type": "Feature", "geometry": {"type": "MultiLineString", "coordinates": [[[-43.191254196423984, -22.981679096513062], [-43.192116947539034, -22.98190655394427]]]}, "properties": {"camada": "SSDMT", "COD_ID": "11948955", "CTMT": "PTS9088", "COMP": 95.66, "TIP_CND": "105924993_35_3", "energizado": true, "fonte": "PTS9088"}}, {"type": "Feature", "geometry": {"type": "MultiLineString", "coordinates": [[[-43.19123508493118, -22.981854012852352], [-43.19123716056646, -22.981846802987548]]]}, "properties": {"camada": "SSDMT", "COD_ID": "23390952", "CTMT": "PTS9088", "COMP": 0.86, "TIP_CND": "105924993_35_3", "energizado": true, "fonte": "PTS9088"}}, {"type": "Feature", "geometry": {"type": "MultiLineString", "coordinates": [[[-43.191241674263836, -22.981680515643234], [-43.19124173991435, -22.98167772594627]]]}, "properties": {"camada": "SSDMT", "COD_ID": "313675941", "CTMT": "PTS9088", "COMP": 0.32, "TIP_CND": "105924967_35_3", "energizado": true, "fonte": "PTS9088"}}, {"type": "Feature", "geometry": {"type": "MultiLineString", "coordinates": [[[-43.19032485950464, -22.982693632505118], [-43.19030461936268, -22.98268497563106]]]}, "properties": {"camada": "SSDMT", "COD_ID": "584971713", "CTMT": "PTS9088", "COMP": 2.38, "TIP_CND": "105924963_35_3", "energizado": true, "fonte": "PTS9088"}}, {"type": "Feature", "geometry": {"type": "MultiLineString", "coordinates": [[[-43.19106287105461, -22.980680761807662], [-43.19107172038355, -22.98068053787648]]]}, "properties": {"camada": "SSDMT", "COD_ID": "105340590", "CTMT": "PTS9088", "COMP": 0.94, "TIP_CND": "105924993_35_3", "energizado": true, "fonte": "PTS9088"}}, {"type": "Feature", "geometry": {"type": "MultiLineString", "coordinates": [[[-43.191071525230655, -22.980843334951885], [-43.19108706731424, -22.980842952740034]]]}, "properties": {"camada": "SSDMT", "COD_ID": "11389188", "CTMT": "PTS9088", "COMP": 1.66, "TIP_CND": "105924993_35_3", "energizado": true, "fonte": "PTS9088"}}, {"type": "Feature", "geometry": {"type": "MultiLineString", "coordinates": [[[-43.190384992673216, -22.982735850279198], [-43.1903696088703, -22.982725036830914]]]}, "properties": {"camada": "SSDMT", "COD_ID": "584971695", "CTMT": "PTS9088", "COMP": 2.06, "TIP_CND": "105924963_35_3", "energizado": true, "fonte": "PTS9088"}}, {"type": "Feature", "geometry": {"type": "MultiLineString", "coordinates": [[[-43.19106823730925, -22.980841951794616], [-43.191071476667275, -22.980841871754933]]]}, "properties": {"camada": "SSDMT", "COD_ID": "105340573", "CTMT": "PTS9088", "COMP": 0.35, "TIP_CND": "105924993_35_3", "energizado": true, "fonte": "PTS9088"}}, {"type": "Feature", "geometry": {"type": "MultiLineString", "coordinates": [[[-43.19006692494861, -22.982227480613687], [-43.19008363165426, -22.98222459199127]]]}, "properties": {"camada": "SSDMT", "COD_ID": "584971808", "CTMT": "PTS9088", "COMP": 1.81, "TIP_CND": "105924963_35_3", "energizado": true, "fonte": "PTS9088"}}, {"type": "Feature", "geometry": {"type": "MultiLineString", "coordinates": [[[-43.190007525626754, -22.982614565010124], [-43.19000776664507, -22.98260598907507]]]}, "properties": {"camada": "SSDMT", "COD_ID": "584971750", "CTMT": "PTS9088", "COMP": 0.99, "TIP_CND": "105924963_35_3", "energizado": true, "fonte": "PTS9088"}}, {"type": "Feature", "geometry": {"type": "MultiLineString", "coordinates": [[[-43.1901653125791, -22.982226202677055], [-43.19016607430484, -22.982193142699316]]]}, "properties": {"camada": "SSDMT", "COD_ID": "584971820", "CTMT": "PTS9088", "COMP": 3.81, "TIP_CND": "105924963_35_3", "energizado": true, "fonte": "PTS9088"}}, {"type": "Feature", "geometry": {"type": "MultiLineString", "coordinates": [[[-43.191403157429704, -22.980885475384355], [-43.19141871929844, -22.980889444991874]]]}, "properties": {"camada": "SSDMT", "COD_ID": "11731438", "CTMT": "PTS9088", "COMP": 1.72, "TIP_CND": "105924993_35_3", "energizado": true, "fonte": "PTS9088"}}, {"type": "Feature", "geometry": {"type": "MultiLineString", "coordinates": [[[-43.19065086374633, -22.981727370321835], [-43.19065090421583, -22.981728724700815]]]}, "properties": {"camada": "SSDMT", "COD_ID": "316451054", "CTMT": "PTS9088", "COMP": 0.16, "TIP_CND": "105924963_35_3", "energizado": true, "fonte": "PTS9088"}}, {"type": "Feature", "geometry": {"type": "MultiLineString", "coordinates": [[[-43.19000776664507, -22.98260598907507], [-43.190003779051096, -22.982605853277448]]]}, "properties": {"camada": "SSDMT", "COD_ID": "584971760", "CTMT": "PTS9088", "COMP": 0.43, "TIP_CND": "105924963_35_3", "energizado": true, "fonte": "PTS9088"}}, {"type": "Feature", "geometry": {"type": "MultiLineString", "coordinates": [[[-43.19122919077449, -22.980914804974248], [-43.19123821007531, -22.980914953362344]]]}, "properties": {"camada": "SSDMT", "COD_ID": "313675255", "CTMT": "PTS9088", "COMP": 0.96, "TIP_CND": "105924993_35_3", "energizado": true, "fonte": "PTS9088"}}, {"type": "Feature", "geometry": {"type": "MultiLineString", "coordinates": [[[-43.19108972121364, -22.980842883492244], [-43.19122773836938, -22.98091473482708]]]}, "properties": {"camada": "SSDMT", "COD_ID": "11389224", "CTMT": "PTS9088", "COMP": 16.88, "TIP_CND": "105924993_35_3", "energizado": true, "fonte": "PTS9088"}}, {"type": "Feature", "geometry": {"type": "MultiLineString", "coordinates": [[[-43.192209600192825, -22.98195225749066], [-43.19220784201826, -22.981957592268998]]]}, "properties": {"camada": "SSDMT", "COD_ID": "11387796", "CTMT": "PTS9088", "COMP": 0.64, "TIP_CND": "105924966_35_3", "energizado": true, "fonte": "PTS9088"}}, {"type": "Feature", "geometry": {"type": "MultiLineString", "coordinates": [[[-43.19131018641593, -22.98090996931961], [-43.191389667599026, -22.980905404360897]]]}, "properties": {"camada": "SSDMT", "COD_ID": "11389266", "CTMT": "PTS9088", "COMP": 8.49, "TIP_CND": "105924993_35_3", "energizado": true, "fonte": "PTS9088"}}, {"type": "Feature", "geometry": {"type": "MultiLineString", "coordinates": [[[-43.19222427353134, -22.981956353003227], [-43.19236165036983, -22.98201636656205]]]}, "properties": {"camada": "SSDMT", "COD_ID": "11388174", "CTMT": "PTS9088", "COMP": 16.2, "TIP_CND": "105924993_35_3", "energizado": true, "fonte": "PTS9088"}}, {"type": "Feature", "geometry": {"type": "MultiLineString", "coordinates": [[[-43.190621807550315, -22.98173622144941], [-43.19064053323399, -22.981735550555186]]]}, "properties": {"camada": "SSDMT", "COD_ID": "12059877", "CTMT": "PTS9088", "COMP": 2.0, "TIP_CND": "105924993_35_3", "energizado": true, "fonte": "PTS9088"}}, {"type": "Feature", "geometry": {"type": "MultiLineString", "coordinates": [[[-43.19109326993839, -22.981679001184887], [-43.19109290121639, -22.981667076174574]]]}, "properties": {"camada": "SSDMT", "COD_ID": "23390976", "CTMT": "PTS9088", "COMP": 1.37, "TIP_CND": "105924993_35_3", "energizado": true, "fonte": "PTS9088"}}, {"type": "Feature", "geometry": {"type": "MultiLineString", "coordinates": [[[-43.190636372970175, -22.981727167974384], [-43.19062805693926, -22.98172760594423]]]}, "properties": {"camada": "SSDMT", "COD_ID": "12060201", "CTMT": "PTS9088", "COMP": 0.89, "TIP_CND": "105924963_35_3", "energizado": true, "fonte": "PTS9088"}}, {"type": "Feature", "geometry": {"type": "MultiLineString", "coordinates": [[[-43.19141871929844, -22.980889444991874], [-43.191419641103494, -22.98088615976843]]]}, "properties": {"camada": "SSDMT", "COD_ID": "11731444", "CTMT": "PTS9088", "COMP": 0.39, "TIP_CND": "105924963_35_3", "energizado": true, "fonte": "PTS9088"}}, {"type": "Feature", "geometry": {"type": "MultiLineString", "coordinates": [[[-43.19017781855143, -22.982191633636944], [-43.19018756900107, -22.982191799112172]]]}, "properties": {"camada": "SSDMT", "COD_ID": "584971911", "CTMT": "PTS9088", "COMP": 1.04, "TIP_CND": "105924963_35_3", "energizado": true, "fonte": "PTS9088"}}, {"type": "Feature", "geometry": {"type": "MultiLineString", "coordinates": [[[-43.192380023519206, -22.982021615005465], [-43.192384785429454, -22.982022960391248]]]}, "properties": {"camada": "SSDMT", "COD_ID": "11388192", "CTMT": "PTS9088", "COMP": 0.53, "TIP_CND": "105924993_35_3", "energizado": true, "fonte": "PTS9088"}}, {"type": "Feature", "geometry": {"type": "MultiLineString", "coordinates": [[[-43.19002519190906, -22.98261283471453], [-43.190007525626754, -22.982614565010124]]]}, "properties": {"camada": "SSDMT", "COD_ID": "584971744", "CTMT": "PTS9088", "COMP": 1.89, "TIP_CND": "105924963_35_3", "energizado": true, "fonte": "PTS9088"}}, {"type": "Feature", "geometry": {"type": "MultiLineString", "coordinates": [[[-43.190003779051096, -22.982605853277448], [-43.19001227314783, -22.982290773100658]]]}, "properties": {"camada": "SSDMT", "COD_ID": "584971774", "CTMT": "PTS9088", "COMP": 36.3, "TIP_CND": "105924963_35_3", "energizado": true, "fonte": "PTS9088"}}, {"type": "Feature", "geometry": {"type": "MultiLineString", "coordinates": [[[-43.19106840458318, -22.980847687670632], [-43.19106823730925, -22.980841951794616]]]}, "properties": {"camada": "SSDMT", "COD_ID": "313675341", "CTMT": "PTS9088", "COMP": 0.66, "TIP_CND": "105924993_35_3", "energizado": true, "fonte": "PTS9088"}}, {"type": "Feature", "geometry": {"type": "MultiLineString", "coordinates": [[[-43.1903696088703, -22.982725036830914], [-43.19034459962353, -22.982706897505295]]]}, "properties": {"camada": "SSDMT", "COD_ID": "584971701", "CTMT": "PTS9088", "COMP": 3.39, "TIP_CND": "105924963_35_3", "energizado": true, "fonte": "PTS9088"}}, {"type": "Feature", "geometry": {"type": "MultiLineString", "coordinates": [[[-43.19122658993513, -22.981903863172704], [-43.191233244918294, -22.981863301949772]]]}, "properties": {"camada": "SSDMT", "COD_ID": "316453807", "CTMT": "PTS9088", "COMP": 4.73, "TIP_CND": "105924993_35_3", "energizado": true, "fonte": "PTS9088"}}, {"type": "Feature", "geometry": {"type": "MultiLineString", "coordinates": [[[-43.192209600192825, -22.98195225749066], [-43.19221304009966, -22.98195323595303]]]}, "properties": {"camada": "SSDMT", "COD_ID": "11388102", "CTMT": "PTS9088", "COMP": 0.38, "TIP_CND": "105924993_35_3", "energizado": true, "fonte": "PTS9088"}}, {"type": "Feature", "geometry": {"type": "MultiLineString", "coordinates": [[[-43.19107875128333, -22.98184731470178], [-43.1910789590267, -22.98184495128345]]]}, "properties": {"camada": "SSDMT", "COD_ID": "313675051", "CTMT": "PTS9088", "COMP": 0.27, "TIP_CND": "105924993_35_3", "energizado": true, "fonte": "PTS9088"}}, {"type": "Feature", "geometry": {"type": "MultiLineString", "coordinates": [[[-43.19065431804228, -22.98172868243273], [-43.19065428746535, -22.981727328053694]]]}, "properties": {"camada": "SSDMT", "COD_ID": "316451076", "CTMT": "PTS9088", "COMP": 0.16, "TIP_CND": "105924963_35_3", "energizado": true, "fonte": "PTS9088"}}, {"type": "Feature", "geometry": {"type": "MultiLineString", "coordinates": [[[-43.191071476667275, -22.980841871754933], [-43.191071525230655, -22.980843334951885]]]}, "properties": {"camada": "SSDMT", "COD_ID": "105340565", "CTMT": "PTS9088", "COMP": 0.17, "TIP_CND": "105924993_35_3", "energizado": true, "fonte": "PTS9088"}}, {"type": "Feature", "geometry": {"type": "MultiLineString", "coordinates": [[[-43.190016137534656, -22.982271591460744], [-43.19002355694158, -22.9822586178409]]]}, "properties": {"camada": "SSDMT", "COD_ID": "584971790", "CTMT": "PTS9088", "COMP": 1.69, "TIP_CND": "105924963_35_3", "energizado": true, "fonte": "PTS9088"}}, {"type": "Feature", "geometry": {"type": "MultiLineString", "coordinates": [[[-43.19143421731525, -22.980883599398567], [-43.1914297701677, -22.980896796050274]]]}, "properties": {"camada": "SSDMT", "COD_ID": "11731588", "CTMT": "PTS9088", "COMP": 1.59, "TIP_CND": "105924963_35_3", "energizado": true, "fonte": "PTS9088"}}, {"type": "Feature", "geometry": {"type": "MultiLineString", "coordinates": [[[-43.19002355694158, -22.9822586178409], [-43.19004699507275, -22.982239452388797]]]}, "properties": {"camada": "SSDMT", "COD_ID": "584971796", "CTMT": "PTS9088", "COMP": 3.33, "TIP_CND": "105924963_35_3", "energizado": true, "fonte": "PTS9088"}}, {"type": "Feature", "geometry": {"type": "MultiLineString", "coordinates": [[[-43.192393259741095, -22.98202300265939], [-43.19269276455941, -22.98210290922185]]]}, "properties": {"camada": "SSDMT", "COD_ID": "11388366", "CTMT": "PTS9088", "COMP": 33.24, "TIP_CND": "105924966_35_3", "energizado": true, "fonte": "PTS9088"}}, {"type": "Feature", "geometry": {"type": "MultiLineString", "coordinates": [[[-43.192205492989046, -22.98196553957797], [-43.19186062456811, -22.983084546214798]]]}, "properties": {"camada": "SSDMT", "COD_ID": "11387850", "CTMT": "PTS9088", "COMP": 134.03, "TIP_CND": "105924966_35_3", "energizado": true, "fonte": "PTS9088"}}, {"type": "Feature", "geometry": {"type": "MultiLineString", "coordinates": [[[-43.191070642995726, -22.981852703439472], [-43.191064397204116, -22.98185153971673]]]}, "properties": {"camada": "SSDMT", "COD_ID": "313675081", "CTMT": "PTS9088", "COMP": 0.68, "TIP_CND": "105924993_35_3", "energizado": true, "fonte": "PTS9088"}}, {"type": "Feature", "geometry": {"type": "MultiLineString", "coordinates": [[[-43.19106819054451, -22.98084032582034], [-43.19106805474689, -22.980835854391103]]]}, "properties": {"camada": "SSDMT", "COD_ID": "313675695", "CTMT": "PTS9088", "COMP": 0.52, "TIP_CND": "105924993_35_3", "energizado": true, "fonte": "PTS9088"}}, {"type": "Feature", "geometry": {"type": "MultiLineString", "coordinates": [[[-43.19065399608502, -22.98171626189594], [-43.19063620839427, -22.981716808683757]]]}, "properties": {"camada": "SSDMT", "COD_ID": "12060189", "CTMT": "PTS9088", "COMP": 1.9, "TIP_CND": "105924963_35_3", "energizado": true, "fonte": "PTS9088"}}, {"type": "Feature", "geometry": {"type": "MultiLineString", "coordinates": [[[-43.191239760506505, -22.980915016314896], [-43.19131018641593, -22.98090996931961]]]}, "properties": {"camada": "SSDMT", "COD_ID": "12155211", "CTMT": "PTS9088", "COMP": 7.53, "TIP_CND": "105924993_35_3", "energizado": true, "fonte": "PTS9088"}}, {"type": "Feature", "geometry": {"type": "MultiLineString", "coordinates": [[[-43.19123716056646, -22.981846802987548], [-43.19124159152619, -22.98168232957579]]]}, "properties": {"camada": "SSDMT", "COD_ID": "11382800", "CTMT": "PTS9088", "COMP": 18.95, "TIP_CND": "105924967_35_3", "energizado": true, "fonte": "PTS9088"}}, {"type": "Feature", "geometry": {"type": "MultiLineString", "coordinates": [[[-43.19032088180319, -22.980737113327052], [-43.19031144611631, -22.98073742988845]]]}, "properties": {"camada": "SSDMT", "COD_ID": "313675737", "CTMT": "PTS9088", "COMP": 1.01, "TIP_CND": "105924993_35_3", "energizado": true, "fonte": "PTS9088"}}, {"type": "Feature", "geometry": {"type": "MultiLineString", "coordinates": [[[-43.1912520443463, -22.981678818622527], [-43.191254196423984, -22.981679096513062]]]}, "properties": {"camada": "SSDMT", "COD_ID": "313675767", "CTMT": "PTS9088", "COMP": 0.23, "TIP_CND": "105924993_35_3", "energizado": true, "fonte": "PTS9088"}}, {"type": "Feature", "geometry": {"type": "MultiLineString", "coordinates": [[[-43.19005942010614, -22.982614038906718], [-43.19002519190906, -22.98261283471453]]]}, "properties": {"camada": "SSDMT", "COD_ID": "584971738", "CTMT": "PTS9088", "COMP": 3.65, "TIP_CND": "105924963_35_3", "energizado": true, "fonte": "PTS9088"}}, {"type": "Feature", "geometry": {"type": "MultiLineString", "coordinates": [[[-43.19030461936268, -22.98268497563106], [-43.190231933456914, -22.982658941157183]]]}, "properties": {"camada": "SSDMT", "COD_ID": "584971719", "CTMT": "PTS9088", "COMP": 8.31, "TIP_CND": "105924963_35_3", "energizado": true, "fonte": "PTS9088"}}, {"type": "Feature", "geometry": {"type": "MultiLineString", "coordinates": [[[-43.191233244918294, -22.981863301949772], [-43.19123438795657, -22.981856524658838]]]}, "properties": {"camada": "SSDMT", "COD_ID": "137880357", "CTMT": "PTS9088", "COMP": 0.79, "TIP_CND": "105924993_35_3", "energizado": true, "fonte": "PTS9088"}}, {"type": "Feature", "geometry": {"type": "MultiLineString", "coordinates": [[[-43.190650805290375, -22.981719314194947], [-43.19065090241719, -22.98172588913843]]]}, "properties": {"camada": "SSDMT", "COD_ID": "12060015", "CTMT": "PTS9088", "COMP": 0.76, "TIP_CND": "105924963_35_3", "energizado": true, "fonte": "PTS9088"}}, {"type": "Feature", "geometry": {"type": "MultiLineString", "coordinates": [[[-43.190324110369374, -22.980737068360952], [-43.19032088180319, -22.980737113327052]]]}, "properties": {"camada": "SSDMT", "COD_ID": "11719522", "CTMT": "PTS9088", "COMP": 0.34, "TIP_CND": "105924993_35_3", "energizado": true, "fonte": "PTS9088"}}, {"type": "Feature", "geometry": {"type": "MultiLineString", "coordinates": [[[-43.19122773836938, -22.98091473482708], [-43.19122919077449, -22.980914804974248]]]}, "properties": {"camada": "SSDMT", "COD_ID": "11389254", "CTMT": "PTS9088", "COMP": 0.16, "TIP_CND": "105924993_35_3", "energizado": true, "fonte": "PTS9088"}}, {"type": "Feature", "geometry": {"type": "MultiLineString", "coordinates": [[[-43.19219933173372, -22.981947724008194], [-43.19212254851675, -22.98192326064992]]]}, "properties": {"camada": "SSDMT", "COD_ID": "12234607", "CTMT": "PTS9924", "COMP": 8.66, "TIP_CND": "105924993_35_3", "energizado": true, "fonte": "PTS9924"}}, {"type": "Feature", "geometry": {"type": "MultiLineString", "coordinates": [[[-43.19066140829733, -22.98085402789104], [-43.19042986344738, -22.980859564117566]]]}, "properties": {"camada": "SSDMT", "COD_ID": "11230272", "CTMT": "PTS9924", "COMP": 24.7, "TIP_CND": "105924993_35_3", "energizado": true, "fonte": "PTS9924"}}, {"type": "Feature", "geometry": {"type": "MultiLineString", "coordinates": [[[-43.19210859193794, -22.981925430714], [-43.19210804065352, -22.98192727612286]]]}, "properties": {"camada": "SSDMT", "COD_ID": "313675539", "CTMT": "PTS9924", "COMP": 0.22, "TIP_CND": "105924993_35_3", "energizado": true, "fonte": "PTS9924"}}, {"type": "Feature", "geometry": {"type": "MultiLineString", "coordinates": [[[-43.19220622323854, -22.981957592268998], [-43.192208651408066, -22.981950314055723]]]}, "properties": {"camada": "SSDMT", "COD_ID": "313675443", "CTMT": "PTS9924", "COMP": 0.88, "TIP_CND": "105924993_35_3", "energizado": true, "fonte": "PTS9924"}}, {"type": "Feature", "geometry": {"type": "MultiLineString", "coordinates": [[[-43.19108972121364, -22.980843605647863], [-43.19108718332683, -22.980843739646843]]]}, "properties": {"camada": "SSDMT", "COD_ID": "22565329", "CTMT": "PTS9924", "COMP": 0.27, "TIP_CND": "105924993_35_3", "energizado": true, "fonte": "PTS9924"}}, {"type": "Feature", "geometry": {"type": "MultiLineString", "coordinates": [[[-43.19150588159113, -22.98088445375447], [-43.19150828188168, -22.98088512195079]]]}, "properties": {"camada": "SSDMT", "COD_ID": "449470210", "CTMT": "PTS9924", "COMP": 0.27, "TIP_CND": "105924963_35_3", "energizado": true, "fonte": "PTS9924"}}, {"type": "Feature", "geometry": {"type": "MultiLineString", "coordinates": [[[-43.191088371331205, -22.981850774393706], [-43.19107121496455, -22.98185004594285]]]}, "properties": {"camada": "SSDMT", "COD_ID": "313675563", "CTMT": "PTS9924", "COMP": 1.83, "TIP_CND": "105924967_35_3", "energizado": true, "fonte": "PTS9924"}}, {"type": "Feature", "geometry": {"type": "MultiLineString", "coordinates": [[[-43.19220475554499, -22.981962379360255], [-43.19220622323854, -22.981957592268998]]]}, "properties": {"camada": "SSDMT", "COD_ID": "11229714", "CTMT": "PTS9924", "COMP": 0.57, "TIP_CND": "105924993_35_3", "energizado": true, "fonte": "PTS9924"}}, {"type": "Feature", "geometry": {"type": "MultiLineString", "coordinates": [[[-43.19124538846387, -22.981682806216497], [-43.19124551616761, -22.981681281865633]]]}, "properties": {"camada": "SSDMT", "COD_ID": "11230134", "CTMT": "PTS9924", "COMP": 0.18, "TIP_CND": "105924967_35_3", "energizado": true, "fonte": "PTS9924"}}, {"type": "Feature", "geometry": {"type": "MultiLineString", "coordinates": [[[-43.19106773009162, -22.98185101721066], [-43.1910282120823, -22.9818493921357]]]}, "properties": {"camada": "SSDMT", "COD_ID": "12171267", "CTMT": "PTS9924", "COMP": 4.22, "TIP_CND": "105924993_35_3", "energizado": true, "fonte": "PTS9924"}}, {"type": "Feature", "geometry": {"type": "MultiLineString", "coordinates": [[[-43.19096174678714, -22.98084676766416], [-43.19095441101723, -22.98084688277737]]]}, "properties": {"camada": "SSDMT", "COD_ID": "22565337", "CTMT": "PTS9924", "COMP": 0.78, "TIP_CND": "105924993_35_3", "energizado": true, "fonte": "PTS9924"}}, {"type": "Feature", "geometry": {"type": "MultiLineString", "coordinates": [[[-43.19206452335902, -22.981996854870886], [-43.19204862424459, -22.982040244461643]]]}, "properties": {"camada": "SSDMT", "COD_ID": "11625904", "CTMT": "PTS9924", "COMP": 5.28, "TIP_CND": "105924993_35_3", "energizado": true, "fonte": "PTS9924"}}, {"type": "Feature", "geometry": {"type": "MultiLineString", "coordinates": [[[-43.1909246641419, -22.9817964022821], [-43.19089092157873, -22.98179764154787]]]}, "properties": {"camada": "SSDMT", "COD_ID": "11230062", "CTMT": "PTS9924", "COMP": 3.6, "TIP_CND": "105924993_35_3", "energizado": true, "fonte": "PTS9924"}}, {"type": "Feature", "geometry": {"type": "MultiLineString", "coordinates": [[[-43.19151804582111, -22.980951796787963], [-43.19151863487707, -22.980950015230974]]]}, "properties": {"camada": "SSDMT", "COD_ID": "313675509", "CTMT": "PTS9924", "COMP": 0.21, "TIP_CND": "105924993_35_3", "energizado": true, "fonte": "PTS9924"}}, {"type": "Feature", "geometry": {"type": "MultiLineString", "coordinates": [[[-43.190338882633284, -22.98059954223504], [-43.190339084980735, -22.98060630873414]]]}, "properties": {"camada": "SSDMT", "COD_ID": "11770667", "CTMT": "PTS9924", "COMP": 0.78, "TIP_CND": "105924993_35_3", "energizado": true, "fonte": "PTS9924"}}, {"type": "Feature", "geometry": {"type": "MultiLineString", "coordinates": [[[-43.19089092157873, -22.98179764154787], [-43.190884504016594, -22.98179760467565]]]}, "properties": {"camada": "SSDMT", "COD_ID": "11679328", "CTMT": "PTS9924", "COMP": 0.68, "TIP_CND": "105924993_35_3", "energizado": true, "fonte": "PTS9924"}}, {"type": "Feature", "geometry": {"type": "MultiLineString", "coordinates": [[[-43.191070627707234, -22.980844074194636], [-43.19106795492212, -22.98084413354985]]]}, "properties": {"camada": "SSDMT", "COD_ID": "11230206", "CTMT": "PTS9924", "COMP": 0.29, "TIP_CND": "105924993_35_3", "energizado": true, "fonte": "PTS9924"}}, {"type": "Feature", "geometry": {"type": "MultiLineString", "coordinates": [[[-43.19095441101723, -22.98084688277737], [-43.19093765844616, -22.980847341431627]]]}, "properties": {"camada": "SSDMT", "COD_ID": "313675599", "CTMT": "PTS9924", "COMP": 1.79, "TIP_CND": "105924993_35_3", "energizado": true, "fonte": "PTS9924"}}, {"type": "Feature", "geometry": {"type": "MultiLineString", "coordinates": [[[-43.191062373729494, -22.980844278340726], [-43.19096174678714, -22.98084676766416]]]}, "properties": {"camada": "SSDMT", "COD_ID": "12831701", "CTMT": "PTS9924", "COMP": 10.73, "TIP_CND": "105924993_35_3", "energizado": true, "fonte": "PTS9924"}}, {"type": "Feature", "geometry": {"type": "MultiLineString", "coordinates": [[[-43.19151863487707, -22.980950015230974], [-43.191533573515585, -22.980902595778105]]]}, "properties": {"camada": "SSDMT", "COD_ID": "11230434", "CTMT": "PTS9924", "COMP": 5.69, "TIP_CND": "105924993_35_3", "energizado": true, "fonte": "PTS9924"}}, {"type": "Feature", "geometry": {"type": "MultiLineString", "coordinates": [[[-43.19220541294942, -22.981949599993982], [-43.19219933173372, -22.981947724008194]]]}, "properties": {"camada": "SSDMT", "COD_ID": "313675437", "CTMT": "PTS9924", "COMP": 0.68, "TIP_CND": "105924993_35_3", "energizado": true, "fonte": "PTS9924"}}, {"type": "Feature", "geometry": {"type": "MultiLineString", "coordinates": [[[-43.190405330841315, -22.980813589875254], [-43.19033012953179, -22.98075459344966]]]}, "properties": {"camada": "SSDMT", "COD_ID": "12154515", "CTMT": "PTS9924", "COMP": 10.51, "TIP_CND": "105924993_35_3", "energizado": true, "fonte": "PTS9924"}}, {"type": "Feature", "geometry": {"type": "MultiLineString", "coordinates": [[[-43.19148848330684, -22.98088729831011], [-43.19148966321734, -22.980883627277535]]]}, "properties": {"camada": "SSDMT", "COD_ID": "11730394", "CTMT": "PTS9924", "COMP": 0.44, "TIP_CND": "105924993_35_3", "energizado": true, "fonte": "PTS9924"}}, {"type": "Feature", "geometry": {"type": "MultiLineString", "coordinates": [[[-43.190884504016594, -22.98179760467565], [-43.19088372340508, -22.981769800335996]]]}, "properties": {"camada": "SSDMT", "COD_ID": "11679334", "CTMT": "PTS9924", "COMP": 3.2, "TIP_CND": "105924993_35_3", "energizado": true, "fonte": "PTS9924"}}, {"type": "Feature", "geometry": {"type": "MultiLineString", "coordinates": [[[-43.191237913299005, -22.98091750563833], [-43.19125189505888, -22.98091707846038]]]}, "properties": {"camada": "SSDMT", "COD_ID": "313675267", "CTMT": "PTS9924", "COMP": 1.49, "TIP_CND": "105924993_35_3", "energizado": true, "fonte": "PTS9924"}}, {"type": "Feature", "geometry": {"type": "MultiLineString", "coordinates": [[[-43.19212041982149, -22.981922667097365], [-43.19210988066641, -22.981920162485437]]]}, "properties": {"camada": "SSDMT", "COD_ID": "313675177", "CTMT": "PTS9924", "COMP": 1.16, "TIP_CND": "105924993_35_3", "energizado": true, "fonte": "PTS9924"}}, {"type": "Feature", "geometry": {"type": "MultiLineString", "coordinates": [[[-43.190935121458665, -22.980847456544836], [-43.19093000971213, -22.980847524893306]]]}, "properties": {"camada": "SSDMT", "COD_ID": "313675623", "CTMT": "PTS9924", "COMP": 0.55, "TIP_CND": "105924993_35_3", "energizado": true, "fonte": "PTS9924"}}, {"type": "Feature", "geometry": {"type": "MultiLineString", "coordinates": [[[-43.190695545662834, -22.98085319871609], [-43.19069172174551, -22.980853281453733]]]}, "properties": {"camada": "SSDMT", "COD_ID": "313675635", "CTMT": "PTS9924", "COMP": 0.41, "TIP_CND": "105924993_35_3", "energizado": true, "fonte": "PTS9924"}}, {"type": "Feature", "geometry": {"type": "MultiLineString", "coordinates": [[[-43.19148966321734, -22.980883627277535], [-43.19149076128957, -22.980880262913786]]]}, "properties": {"camada": "SSDMT", "COD_ID": "449470158", "CTMT": "PTS9924", "COMP": 0.4, "TIP_CND": "105924963_35_3", "energizado": true, "fonte": "PTS9924"}}, {"type": "Feature", "geometry": {"type": "MultiLineString", "coordinates": [[[-43.190347202261535, -22.980606111782606], [-43.19034692257236, -22.980597123958034]]]}, "properties": {"camada": "SSDMT", "COD_ID": "11770685", "CTMT": "PTS9924", "COMP": 1.04, "TIP_CND": "105924963_35_3", "energizado": true, "fonte": "PTS9924"}}, {"type": "Feature", "geometry": {"type": "MultiLineString", "coordinates": [[[-43.191088525115276, -22.98259666670276], [-43.19109241558249, -22.98258507983752]]]}, "properties": {"camada": "SSDMT", "COD_ID": "266149787", "CTMT": "PTS9924", "COMP": 1.4, "TIP_CND": "105924967_35_3", "energizado": true, "fonte": "PTS9924"}}, {"type": "Feature", "geometry": {"type": "MultiLineString", "coordinates": [[[-43.19124678151371, -22.981672708628537], [-43.19124716372556, -22.98167109614411]]]}, "properties": {"camada": "SSDMT", "COD_ID": "313675911", "CTMT": "PTS9924", "COMP": 0.19, "TIP_CND": "105924993_35_3", "energizado": true, "fonte": "PTS9924"}}, {"type": "Feature", "geometry": {"type": "MultiLineString", "coordinates": [[[-43.191533573515585, -22.980902595778105], [-43.19153344761048, -22.980899596539132]]]}, "properties": {"camada": "SSDMT", "COD_ID": "11730382", "CTMT": "PTS9924", "COMP": 0.35, "TIP_CND": "105924993_35_3", "energizado": true, "fonte": "PTS9924"}}, {"type": "Feature", "geometry": {"type": "MultiLineString", "coordinates": [[[-43.191494639166194, -22.98088133670427], [-43.19149665005034, -22.980881892485286]]]}, "properties": {"camada": "SSDMT", "COD_ID": "449470164", "CTMT": "PTS9924", "COMP": 0.22, "TIP_CND": "105924963_35_3", "energizado": true, "fonte": "PTS9924"}}, {"type": "Feature", "geometry": {"type": "MultiLineString", "coordinates": [[[-43.19150271417885, -22.980883577814836], [-43.19150457037955, -22.980884095824308]]]}, "properties": {"camada": "SSDMT", "COD_ID": "449470183", "CTMT": "PTS9924", "COMP": 0.21, "TIP_CND": "105924963_35_3", "energizado": true, "fonte": "PTS9924"}}, {"type": "Feature", "geometry": {"type": "MultiLineString", "coordinates": [[[-43.19212254851675, -22.98192326064992], [-43.19212041982149, -22.981922667097365]]]}, "properties": {"camada": "SSDMT", "COD_ID": "11229720", "CTMT": "PTS9924", "COMP": 0.24, "TIP_CND": "105924993_35_3", "energizado": true, "fonte": "PTS9924"}}, {"type": "Feature", "geometry": {"type": "MultiLineString", "coordinates": [[[-43.19123654812813, -22.980917426497967], [-43.19122893176973, -22.980915939918646]]]}, "properties": {"camada": "SSDMT", "COD_ID": "11230194", "CTMT": "PTS9924", "COMP": 0.83, "TIP_CND": "105924993_35_3", "energizado": true, "fonte": "PTS9924"}}, {"type": "Feature", "geometry": {"type": "MultiLineString", "coordinates": [[[-43.19034371019404, -22.980606199016847], [-43.190347202261535, -22.980606111782606]]]}, "properties": {"camada": "SSDMT", "COD_ID": "11770679", "CTMT": "PTS9924", "COMP": 0.37, "TIP_CND": "105924963_35_3", "energizado": true, "fonte": "PTS9924"}}, {"type": "Feature", "geometry": {"type": "MultiLineString", "coordinates": [[[-43.19153344761048, -22.980899596539132], [-43.19148848330684, -22.98088729831011]]]}, "properties": {"camada": "SSDMT", "COD_ID": "11730388", "CTMT": "PTS9924", "COMP": 5.0, "TIP_CND": "105924993_35_3", "energizado": true, "fonte": "PTS9924"}}, {"type": "Feature", "geometry": {"type": "MultiLineString", "coordinates": [[[-43.19125189505888, -22.98091707846038], [-43.19150604976437, -22.980961286434194]]]}, "properties": {"camada": "SSDMT", "COD_ID": "11230398", "CTMT": "PTS9924", "COMP": 27.58, "TIP_CND": "105924993_35_3", "energizado": true, "fonte": "PTS9924"}}, {"type": "Feature", "geometry": {"type": "MultiLineString", "coordinates": [[[-43.190412389620064, -22.980859978704984], [-43.19041253710884, -22.98085328864829]]]}, "properties": {"camada": "SSDMT", "COD_ID": "313675713", "CTMT": "PTS9924", "COMP": 0.77, "TIP_CND": "105924993_35_3", "energizado": true, "fonte": "PTS9924"}}, {"type": "Feature", "geometry": {"type": "MultiLineString", "coordinates": [[[-43.19123354619114, -22.98092465255064], [-43.19123654812813, -22.980917426497967]]]}, "properties": {"camada": "SSDMT", "COD_ID": "313675249", "CTMT": "PTS9924", "COMP": 0.89, "TIP_CND": "105924993_35_3", "energizado": true, "fonte": "PTS9924"}}, {"type": "Feature", "geometry": {"type": "MultiLineString", "coordinates": [[[-43.19108718332683, -22.980843739646843], [-43.191070627707234, -22.980844074194636]]]}, "properties": {"camada": "SSDMT", "COD_ID": "313675291", "CTMT": "PTS9924", "COMP": 1.77, "TIP_CND": "105924993_35_3", "energizado": true, "fonte": "PTS9924"}}, {"type": "Feature", "geometry": {"type": "MultiLineString", "coordinates": [[[-43.1912359869512, -22.981866882150825], [-43.191238841399354, -22.98185390223574]]]}, "properties": {"camada": "SSDMT", "COD_ID": "11230002", "CTMT": "PTS9924", "COMP": 1.53, "TIP_CND": "105924993_35_3", "energizado": true, "fonte": "PTS9924"}}, {"type": "Feature", "geometry": {"type": "MultiLineString", "coordinates": [[[-43.190339084980735, -22.98060630873414], [-43.19034175866517, -22.980606248479546]]]}, "properties": {"camada": "SSDMT", "COD_ID": "11770673", "CTMT": "PTS9924", "COMP": 0.29, "TIP_CND": "105924993_35_3", "energizado": true, "fonte": "PTS9924"}}, {"type": "Feature", "geometry": {"type": "MultiLineString", "coordinates": [[[-43.19150604976437, -22.980961286434194], [-43.19150912454643, -22.980961853906365]]]}, "properties": {"camada": "SSDMT", "COD_ID": "11230422", "CTMT": "PTS9924", "COMP": 0.33, "TIP_CND": "105924993_35_3", "energizado": true, "fonte": "PTS9924"}}, {"type": "Feature", "geometry": {"type": "MultiLineString", "coordinates": [[[-43.191238841399354, -22.98185390223574], [-43.191240077067846, -22.981847532337724]]]}, "properties": {"camada": "SSDMT", "COD_ID": "11230008", "CTMT": "PTS9924", "COMP": 0.75, "TIP_CND": "105924993_35_3", "energizado": true, "fonte": "PTS9924"}}, {"type": "Feature", "geometry": {"type": "MultiLineString", "coordinates": [[[-43.19185836007523, -22.983082506552364], [-43.19220475554499, -22.981962379360255]]]}, "properties": {"camada": "SSDMT", "COD_ID": "11229702", "CTMT": "PTS9924", "COMP": 134.2, "TIP_CND": "105924993_35_3", "energizado": true, "fonte": "PTS9924"}}, {"type": "Feature", "geometry": {"type": "MultiLineString", "coordinates": [[[-43.19033755613327, -22.98059735958043], [-43.19033782772851, -22.98060628535177]]]}, "properties": {"camada": "SSDMT", "COD_ID": "11770697", "CTMT": "PTS9924", "COMP": 1.03, "TIP_CND": "105924963_35_3", "energizado": true, "fonte": "PTS9924"}}, {"type": "Feature", "geometry": {"type": "MultiLineString", "coordinates": [[[-43.190427453264306, -22.980859663042963], [-43.190412389620064, -22.980859978704984]]]}, "properties": {"camada": "SSDMT", "COD_ID": "313675719", "CTMT": "PTS9924", "COMP": 1.61, "TIP_CND": "105924993_35_3", "energizado": true, "fonte": "PTS9924"}}, {"type": "Feature", "geometry": {"type": "MultiLineString", "coordinates": [[[-43.19042986344738, -22.980859564117566], [-43.190427453264306, -22.980859663042963]]]}, "properties": {"camada": "SSDMT", "COD_ID": "11230278", "CTMT": "PTS9924", "COMP": 0.26, "TIP_CND": "105924993_35_3", "energizado": true, "fonte": "PTS9924"}}, {"type": "Feature", "geometry": {"type": "MultiLineString", "coordinates": [[[-43.1910282120823, -22.9818493921357], [-43.1909246641419, -22.9817964022821]]]}, "properties": {"camada": "SSDMT", "COD_ID": "12171273", "CTMT": "PTS9924", "COMP": 12.62, "TIP_CND": "105924993_35_3", "energizado": true, "fonte": "PTS9924"}}, {"type": "Feature", "geometry": {"type": "MultiLineString", "coordinates": [[[-43.19041253710884, -22.98085328864829], [-43.190405330841315, -22.980813589875254]]]}, "properties": {"camada": "SSDMT", "COD_ID": "12154479", "CTMT": "PTS9924", "COMP": 4.64, "TIP_CND": "105924993_35_3", "energizado": true, "fonte": "PTS9924"}}, {"type": "Feature", "geometry": {"type": "MultiLineString", "coordinates": [[[-43.19210804065352, -22.98192727612286], [-43.19206452335902, -22.981996854870886]]]}, "properties": {"camada": "SSDMT", "COD_ID": "12234619", "CTMT": "PTS9924", "COMP": 9.26, "TIP_CND": "105924993_35_3", "energizado": true, "fonte": "PTS9924"}}, {"type": "Feature", "geometry": {"type": "MultiLineString", "coordinates": [[[-43.192208651408066, -22.981950314055723], [-43.19220541294942, -22.981949599993982]]]}, "properties": {"camada": "SSDMT", "COD_ID": "12234613", "CTMT": "PTS9924", "COMP": 0.35, "TIP_CND": "105924993_35_3", "energizado": true, "fonte": "PTS9924"}}, {"type": "Feature", "geometry": {"type": "MultiLineString", "coordinates": [[[-43.19124551616761, -22.981681281865633], [-43.191245688837455, -22.981678592892706]]]}, "properties": {"camada": "SSDMT", "COD_ID": "313675201", "CTMT": "PTS9924", "COMP": 0.31, "TIP_CND": "105924967_35_3", "energizado": true, "fonte": "PTS9924"}}, {"type": "Feature", "geometry": {"type": "MultiLineString", "coordinates": [[[-43.19067634513715, -22.98085369334325], [-43.19066140829733, -22.98085402789104]]]}, "properties": {"camada": "SSDMT", "COD_ID": "313675653", "CTMT": "PTS9924", "COMP": 1.59, "TIP_CND": "105924993_35_3", "energizado": true, "fonte": "PTS9924"}}, {"type": "Feature", "geometry": {"type": "MultiLineString", "coordinates": [[[-43.19034960704869, -22.98064750757635], [-43.190348102482915, -22.98059931380726]]]}, "properties": {"camada": "SSDMT", "COD_ID": "11770655", "CTMT": "PTS9924", "COMP": 5.55, "TIP_CND": "105924993_35_3", "energizado": true, "fonte": "PTS9924"}}, {"type": "Feature", "geometry": {"type": "MultiLineString", "coordinates": [[[-43.191514298346135, -22.98096371010712], [-43.19151804582111, -22.980951796787963]]]}, "properties": {"camada": "SSDMT", "COD_ID": "11230428", "CTMT": "PTS9924", "COMP": 1.43, "TIP_CND": "105924993_35_3", "energizado": true, "fonte": "PTS9924"}}, {"type": "Feature", "geometry": {"type": "MultiLineString", "coordinates": [[[-43.191056907650136, -22.982867839279322], [-43.191086699491564, -22.98260417694115]]]}, "properties": {"camada": "SSDMT", "COD_ID": "12167019", "CTMT": "PTS9924", "COMP": 30.53, "TIP_CND": "105924967_35_3", "energizado": true, "fonte": "PTS9924"}}, {"type": "Feature", "geometry": {"type": "MultiLineString", "coordinates": [[[-43.19093765844616, -22.980847341431627], [-43.190935121458665, -22.980847456544836]]]}, "properties": {"camada": "SSDMT", "COD_ID": "11230212", "CTMT": "PTS9924", "COMP": 0.27, "TIP_CND": "105924993_35_3", "energizado": true, "fonte": "PTS9924"}}, {"type": "Feature", "geometry": {"type": "MultiLineString", "coordinates": [[[-43.19033012953179, -22.98075459344966], [-43.19031717209975, -22.98074469191397]]]}, "properties": {"camada": "SSDMT", "COD_ID": "11230284", "CTMT": "PTS9924", "COMP": 1.79, "TIP_CND": "105924993_35_3", "energizado": true, "fonte": "PTS9924"}}, {"type": "Feature", "geometry": {"type": "MultiLineString", "coordinates": [[[-43.19088372340508, -22.981769800335996], [-43.19085484437551, -22.98177049101531]]]}, "properties": {"camada": "SSDMT", "COD_ID": "11679340", "CTMT": "PTS9924", "COMP": 3.08, "TIP_CND": "105924963_35_3", "energizado": true, "fonte": "PTS9924"}}, {"type": "Feature", "geometry": {"type": "MultiLineString", "coordinates": [[[-43.19031717209975, -22.98074469191397], [-43.190317142422145, -22.98074180239223]]]}, "properties": {"camada": "SSDMT", "COD_ID": "11230326", "CTMT": "PTS9924", "COMP": 0.33, "TIP_CND": "105924993_35_3", "energizado": true, "fonte": "PTS9924"}}, {"type": "Feature", "geometry": {"type": "MultiLineString", "coordinates": [[[-43.191245688837455, -22.981678592892706], [-43.19124678151371, -22.981672708628537]]]}, "properties": {"camada": "SSDMT", "COD_ID": "22565321", "CTMT": "PTS9924", "COMP": 0.69, "TIP_CND": "105924993_35_3", "energizado": true, "fonte": "PTS9924"}}, {"type": "Feature", "geometry": {"type": "MultiLineString", "coordinates": [[[-43.19150912454643, -22.980961853906365], [-43.191514298346135, -22.98096371010712]]]}, "properties": {"camada": "SSDMT", "COD_ID": "313675521", "CTMT": "PTS9924", "COMP": 0.59, "TIP_CND": "105924993_35_3", "energizado": true, "fonte": "PTS9924"}}, {"type": "Feature", "geometry": {"type": "MultiLineString", "coordinates": [[[-43.19069172174551, -22.980853281453733], [-43.19067634513715, -22.98085369334325]]]}, "properties": {"camada": "SSDMT", "COD_ID": "11230254", "CTMT": "PTS9924", "COMP": 1.64, "TIP_CND": "105924993_35_3", "energizado": true, "fonte": "PTS9924"}}, {"type": "Feature", "geometry": {"type": "MultiLineString", "coordinates": [[[-43.190316692761144, -22.980725741399795], [-43.19031651649402, -22.980721440841762]]]}, "properties": {"camada": "SSDMT", "COD_ID": "313675677", "CTMT": "PTS9924", "COMP": 0.5, "TIP_CND": "105924993_35_3", "energizado": true, "fonte": "PTS9924"}}, {"type": "Feature", "geometry": {"type": "MultiLineString", "coordinates": [[[-43.19107038219232, -22.981851065774038], [-43.19106773009162, -22.98185101721066]]]}, "properties": {"camada": "SSDMT", "COD_ID": "313675063", "CTMT": "PTS9924", "COMP": 0.28, "TIP_CND": "105924993_35_3", "energizado": true, "fonte": "PTS9924"}}, {"type": "Feature", "geometry": {"type": "MultiLineString", "coordinates": [[[-43.19109241558249, -22.98258507983752], [-43.19120042865683, -22.982179821041882]]]}, "properties": {"camada": "SSDMT", "COD_ID": "12167013", "CTMT": "PTS9924", "COMP": 48.08, "TIP_CND": "105924967_35_3", "energizado": true, "fonte": "PTS9924"}}, {"type": "Feature", "geometry": {"type": "MultiLineString", "coordinates": [[[-43.19031425020245, -22.98064836822755], [-43.19034960704869, -22.98064750757635]]]}, "properties": {"camada": "SSDMT", "COD_ID": "11770649", "CTMT": "PTS9924", "COMP": 3.77, "TIP_CND": "105924993_35_3", "energizado": true, "fonte": "PTS9924"}}, {"type": "Feature", "geometry": {"type": "MultiLineString", "coordinates": [[[-43.19206510971702, -22.982045155659364], [-43.19207187261878, -22.982047093698384]]]}, "properties": {"camada": "SSDMT", "COD_ID": "11625952", "CTMT": "PTS9924", "COMP": 0.75, "TIP_CND": "105924963_35_3", "energizado": true, "fonte": "PTS9924"}}, {"type": "Feature", "geometry": {"type": "MultiLineString", "coordinates": [[[-43.19150722517827, -22.980888316342657], [-43.191511364757616, -22.98088945578371]]]}, "properties": {"camada": "SSDMT", "COD_ID": "11730400", "CTMT": "PTS9924", "COMP": 0.46, "TIP_CND": "105924963_35_3", "energizado": true, "fonte": "PTS9924"}}, {"type": "Feature", "geometry": {"type": "MultiLineString", "coordinates": [[[-43.19204862424459, -22.982040244461643], [-43.19206371037188, -22.98204476085698]]]}, "properties": {"camada": "SSDMT", "COD_ID": "11625946", "CTMT": "PTS9924", "COMP": 1.69, "TIP_CND": "105924963_35_3", "energizado": true, "fonte": "PTS9924"}}, {"type": "Feature", "geometry": {"type": "MultiLineString", "coordinates": [[[-43.191240077067846, -22.981847532337724], [-43.19124538846387, -22.981682806216497]]]}, "properties": {"camada": "SSDMT", "COD_ID": "11230116", "CTMT": "PTS9924", "COMP": 18.98, "TIP_CND": "105924967_35_3", "energizado": true, "fonte": "PTS9924"}}, {"type": "Feature", "geometry": {"type": "MultiLineString", "coordinates": [[[-43.19031651649402, -22.980721440841762], [-43.19031444715398, -22.980654800178854]]]}, "properties": {"camada": "SSDMT", "COD_ID": "11230332", "CTMT": "PTS9924", "COMP": 7.68, "TIP_CND": "105924993_35_3", "energizado": true, "fonte": "PTS9924"}}, {"type": "Feature", "geometry": {"type": "MultiLineString", "coordinates": [[[-43.19151267686851, -22.980889823606446], [-43.19151850717333, -22.980891425298978]]]}, "properties": {"camada": "SSDMT", "COD_ID": "11730406", "CTMT": "PTS9924", "COMP": 0.65, "TIP_CND": "105924963_35_3", "energizado": true, "fonte": "PTS9924"}}, {"type": "Feature", "geometry": {"type": "MultiLineString", "coordinates": [[[-43.19149076128957, -22.980880262913786], [-43.191493327055355, -22.98088097787479]]]}, "properties": {"camada": "SSDMT", "COD_ID": "449470228", "CTMT": "PTS9924", "COMP": 0.29, "TIP_CND": "105924963_35_3", "energizado": true, "fonte": "PTS9924"}}, {"type": "Feature", "geometry": {"type": "MultiLineString", "coordinates": [[[-43.19031444715398, -22.980654800178854], [-43.19031425020245, -22.98064836822755]]]}, "properties": {"camada": "SSDMT", "COD_ID": "11770643", "CTMT": "PTS9924", "COMP": 0.74, "TIP_CND": "105924993_35_3", "energizado": true, "fonte": "PTS9924"}}, {"type": "Feature", "geometry": {"type": "MultiLineString", "coordinates": [[[-43.19106795492212, -22.98084413354985], [-43.191062373729494, -22.980844278340726]]]}, "properties": {"camada": "SSDMT", "COD_ID": "313675329", "CTMT": "PTS9924", "COMP": 0.6, "TIP_CND": "105924993_35_3", "energizado": true, "fonte": "PTS9924"}}, {"type": "Feature", "geometry": {"type": "MultiLineString", "coordinates": [[[-43.19034692257236, -22.980597123958034], [-43.19033755613327, -22.98059735958043]]]}, "properties": {"camada": "SSDMT", "COD_ID": "11770691", "CTMT": "PTS9924", "COMP": 1.0, "TIP_CND": "105924963_35_3", "energizado": true, "fonte": "PTS9924"}}, {"type": "Feature", "geometry": {"type": "MultiLineString", "coordinates": [[[-43.19093000971213, -22.980847524893306], [-43.19071459060581, -22.980852739162515]]]}, "properties": {"camada": "SSDMT", "COD_ID": "11230248", "CTMT": "PTS9924", "COMP": 22.98, "TIP_CND": "105924993_35_3", "energizado": true, "fonte": "PTS9924"}}, {"type": "Feature", "geometry": {"type": "MultiLineString", "coordinates": [[[-43.190348102482915, -22.98059931380726], [-43.190338882633284, -22.98059954223504]]]}, "properties": {"camada": "SSDMT", "COD_ID": "11770661", "CTMT": "PTS9924", "COMP": 0.98, "TIP_CND": "105924993_35_3", "energizado": true, "fonte": "PTS9924"}}, {"type": "Feature", "geometry": {"type": "MultiLineString", "coordinates": [[[-43.191086699491564, -22.98260417694115], [-43.191088525115276, -22.98259666670276]]]}, "properties": {"camada": "SSDMT", "COD_ID": "266149781", "CTMT": "PTS9924", "COMP": 0.89, "TIP_CND": "105924967_35_3", "energizado": true, "fonte": "PTS9924"}}, {"type": "Feature", "geometry": {"type": "MultiLineString", "coordinates": [[[-43.19120042865683, -22.982179821041882], [-43.1912359869512, -22.981866882150825]]]}, "properties": {"camada": "SSDMT", "COD_ID": "11229996", "CTMT": "PTS9924", "COMP": 36.24, "TIP_CND": "105924967_35_3", "energizado": true, "fonte": "PTS9924"}}, {"type": "Feature", "geometry": {"type": "MultiLineString", "coordinates": [[[-43.19123654812813, -22.980917426497967], [-43.191237913299005, -22.98091750563833]]]}, "properties": {"camada": "SSDMT", "COD_ID": "11230362", "CTMT": "PTS9924", "COMP": 0.15, "TIP_CND": "105924993_35_3", "energizado": true, "fonte": "PTS9924"}}, {"type": "Feature", "geometry": {"type": "MultiLineString", "coordinates": [[[-43.19150828188168, -22.98088512195079], [-43.19150722517827, -22.980888316342657]]]}, "properties": {"camada": "SSDMT", "COD_ID": "449470170", "CTMT": "PTS9924", "COMP": 0.38, "TIP_CND": "105924963_35_3", "energizado": true, "fonte": "PTS9924"}}, {"type": "Feature", "geometry": {"type": "MultiLineString", "coordinates": [[[-43.19033782772851, -22.98060628535177], [-43.190332451581355, -22.98060642204871]]]}, "properties": {"camada": "SSDMT", "COD_ID": "11770703", "CTMT": "PTS9924", "COMP": 0.57, "TIP_CND": "105924963_35_3", "energizado": true, "fonte": "PTS9924"}}, {"type": "Feature", "geometry": {"type": "MultiLineString", "coordinates": [[[-43.19123409747556, -22.981854190918114], [-43.191088371331205, -22.981850774393706]]]}, "properties": {"camada": "SSDMT", "COD_ID": "11230044", "CTMT": "PTS9924", "COMP": 15.55, "TIP_CND": "105924967_35_3", "energizado": true, "fonte": "PTS9924"}}, {"type": "Feature", "geometry": {"type": "MultiLineString", "coordinates": [[[-43.190317142422145, -22.98074180239223], [-43.190317101053324, -22.98074051905968]]]}, "properties": {"camada": "SSDMT", "COD_ID": "313675689", "CTMT": "PTS9924", "COMP": 0.15, "TIP_CND": "105924993_35_3", "energizado": true, "fonte": "PTS9924"}}, {"type": "Feature", "geometry": {"type": "MultiLineString", "coordinates": [[[-43.19122721496393, -22.980915197977936], [-43.19108972121364, -22.980843605647863]]]}, "properties": {"camada": "SSDMT", "COD_ID": "11230200", "CTMT": "PTS9924", "COMP": 16.82, "TIP_CND": "105924993_35_3", "energizado": true, "fonte": "PTS9924"}}, {"type": "Feature", "geometry": {"type": "MultiLineString", "coordinates": [[[-43.19210988066641, -22.981920162485437], [-43.19210859193794, -22.981925430714]]]}, "properties": {"camada": "SSDMT", "COD_ID": "12234631", "CTMT": "PTS9924", "COMP": 0.62, "TIP_CND": "105924993_35_3", "energizado": true, "fonte": "PTS9924"}}, {"type": "Feature", "geometry": {"type": "MultiLineString", "coordinates": [[[-43.19071459060581, -22.980852739162515], [-43.190695545662834, -22.98085319871609]]]}, "properties": {"camada": "SSDMT", "COD_ID": "22565345", "CTMT": "PTS9924", "COMP": 2.03, "TIP_CND": "105924993_35_3", "energizado": true, "fonte": "PTS9924"}}, {"type": "Feature", "geometry": {"type": "MultiLineString", "coordinates": [[[-43.191238841399354, -22.98185390223574], [-43.19123409747556, -22.981854190918114]]]}, "properties": {"camada": "SSDMT", "COD_ID": "11230032", "CTMT": "PTS9924", "COMP": 0.51, "TIP_CND": "105924993_35_3", "energizado": true, "fonte": "PTS9924"}}, {"type": "Feature", "geometry": {"type": "MultiLineString", "coordinates": [[[-43.190852093349406, -22.98177055846446], [-43.190846863791705, -22.98177065199394]]]}, "properties": {"camada": "SSDMT", "COD_ID": "11679382", "CTMT": "PTS9924", "COMP": 0.56, "TIP_CND": "105924963_35_3", "energizado": true, "fonte": "PTS9924"}}, {"type": "Feature", "geometry": {"type": "MultiLineString", "coordinates": [[[-43.190317101053324, -22.98074051905968], [-43.190316692761144, -22.980725741399795]]]}, "properties": {"camada": "SSDMT", "COD_ID": "22565353", "CTMT": "PTS9924", "COMP": 1.7, "TIP_CND": "105924993_35_3", "energizado": true, "fonte": "PTS9924"}}, {"type": "Feature", "geometry": {"type": "MultiLineString", "coordinates": [[[-43.19124716372556, -22.98167109614411], [-43.191233587559964, -22.980928157208666]]]}, "properties": {"camada": "SSDMT", "COD_ID": "11230140", "CTMT": "PTS9924", "COMP": 85.58, "TIP_CND": "105924993_35_3", "energizado": true, "fonte": "PTS9924"}}, {"type": "Feature", "geometry": {"type": "MultiLineString", "coordinates": [[[-43.19122893176973, -22.980915939918646], [-43.19122721496393, -22.980915197977936]]]}, "properties": {"camada": "SSDMT", "COD_ID": "313675851", "CTMT": "PTS9924", "COMP": 0.2, "TIP_CND": "105924993_35_3", "energizado": true, "fonte": "PTS9924"}}, {"type": "Feature", "geometry": {"type": "MultiLineString", "coordinates": [[[-43.19107121496455, -22.98185004594285], [-43.19107038219232, -22.981851065774038]]]}, "properties": {"camada": "SSDMT", "COD_ID": "313676306", "CTMT": "PTS9924", "COMP": 0.15, "TIP_CND": "105924993_35_3", "energizado": true, "fonte": "PTS9924"}}, {"type": "Feature", "geometry": {"type": "MultiLineString", "coordinates": [[[-43.191233587559964, -22.980928157208666], [-43.19123354619114, -22.98092465255064]]]}, "properties": {"camada": "SSDMT", "COD_ID": "11230182", "CTMT": "PTS9924", "COMP": 0.4, "TIP_CND": "105924993_35_3", "energizado": true, "fonte": "PTS9924"}}, {"type": "Feature", "geometry": {"type": "MultiLineString", "coordinates": [[[-43.19113419808474, -22.979488854327144], [-43.191133666585415, -22.979486247192483]]]}, "properties": {"camada": "SSDMT", "COD_ID": "12894371", "CTMT": "PTS4022", "COMP": 0.31, "TIP_CND": "105925022_15_3", "energizado": true, "fonte": "PTS4022"}}, {"type": "Feature", "geometry": {"type": "MultiLineString", "coordinates": [[[-43.19094480445909, -22.978748033295062], [-43.19071257612444, -22.97786585862241]]]}, "properties": {"camada": "SSDMT", "COD_ID": "11422926", "CTMT": "PTS4022", "COMP": 104.58, "TIP_CND": "105925022_15_3", "energizado": true, "fonte": "PTS4022"}}, {"type": "Feature", "geometry": {"type": "MultiLineString", "coordinates": [[[-43.19117385818697, -22.979802444327277], [-43.19117307217948, -22.979794804586504]]]}, "properties": {"camada": "SSDMT", "COD_ID": "11429598", "CTMT": "PTS4022", "COMP": 0.88, "TIP_CND": "105924993_35_3", "energizado": true, "fonte": "PTS4022"}}, {"type": "Feature", "geometry": {"type": "MultiLineString", "coordinates": [[[-43.19116239452882, -22.9797931480353], [-43.190977088321915, -22.979820884925857]]]}, "properties": {"camada": "SSDMT", "COD_ID": "11430246", "CTMT": "PTS4022", "COMP": 20.02, "TIP_CND": "105925022_15_3", "energizado": true, "fonte": "PTS4022"}}, {"type": "Feature", "geometry": {"type": "MultiLineString", "coordinates": [[[-43.19117521976057, -22.97979172260989], [-43.19117486362899, -22.979788449976922]]]}, "properties": {"camada": "SSDMT", "COD_ID": "12894359", "CTMT": "PTS4022", "COMP": 0.38, "TIP_CND": "105925022_15_3", "energizado": true, "fonte": "PTS4022"}}, {"type": "Feature", "geometry": {"type": "MultiLineString", "coordinates": [[[-43.18985199957007, -22.97998293826197], [-43.18973686296579, -22.980024064259112]]]}, "properties": {"camada": "SSDMT", "COD_ID": "11443854", "CTMT": "PTS4022", "COMP": 13.16, "TIP_CND": "105925022_15_3", "energizado": true, "fonte": "PTS4022"}}, {"type": "Feature", "geometry": {"type": "MultiLineString", "coordinates": [[[-43.18992785198873, -22.97990435550156], [-43.189884158427105, -22.979952692262884]]]}, "properties": {"camada": "SSDMT", "COD_ID": "11443560", "CTMT": "PTS4022", "COMP": 7.26, "TIP_CND": "105925022_15_3", "energizado": true, "fonte": "PTS4022"}}, {"type": "Feature", "geometry": {"type": "MultiLineString", "coordinates": [[[-43.18993370657523, -22.979874802879806], [-43.18992257116969, -22.97987607542052]]]}, "properties": {"camada": "SSDMT", "COD_ID": "11443554", "CTMT": "PTS4022", "COMP": 1.2, "TIP_CND": "105925022_15_3", "energizado": true, "fonte": "PTS4022"}}, {"type": "Feature", "geometry": {"type": "MultiLineString", "coordinates": [[[-43.18992257116969, -22.97987607542052], [-43.1899236728392, -22.979881966879248]]]}, "properties": {"camada": "SSDMT", "COD_ID": "12109095", "CTMT": "PTS4022", "COMP": 0.69, "TIP_CND": "105925022_15_3", "energizado": true, "fonte": "PTS4022"}}, {"type": "Feature", "geometry": {"type": "MultiLineString", "coordinates": [[[-43.189884091877275, -22.979982609110095], [-43.189880890290794, -22.979982761994847]]]}, "properties": {"camada": "SSDMT", "COD_ID": "11443572", "CTMT": "PTS4022", "COMP": 0.34, "TIP_CND": "105925022_15_3", "energizado": true, "fonte": "PTS4022"}}, {"type": "Feature", "geometry": {"type": "MultiLineString", "coordinates": [[[-43.19116856657604, -22.979752219889008], [-43.19113419808474, -22.979488854327144]]]}, "properties": {"camada": "SSDMT", "COD_ID": "12894377", "CTMT": "PTS4022", "COMP": 30.55, "TIP_CND": "105925022_15_3", "energizado": true, "fonte": "PTS4022"}}, {"type": "Feature", "geometry": {"type": "MultiLineString", "coordinates": [[[-43.189880890290794, -22.979982761994847], [-43.18985199957007, -22.97998293826197]]]}, "properties": {"camada": "SSDMT", "COD_ID": "282431604", "CTMT": "PTS4022", "COMP": 3.08, "TIP_CND": "105925022_15_3", "energizado": true, "fonte": "PTS4022"}}, {"type": "Feature", "geometry": {"type": "MultiLineString", "coordinates": [[[-43.19096291230852, -22.978763727364083], [-43.19096126924711, -22.978757495961645]]]}, "properties": {"camada": "SSDMT", "COD_ID": "11422920", "CTMT": "PTS4022", "COMP": 0.74, "TIP_CND": "105925022_15_3", "energizado": true, "fonte": "PTS4022"}}, {"type": "Feature", "geometry": {"type": "MultiLineString", "coordinates": [[[-43.190958011003374, -22.978745051143164], [-43.19094480445909, -22.978748033295062]]]}, "properties": {"camada": "SSDMT", "COD_ID": "105074226", "CTMT": "PTS4022", "COMP": 1.45, "TIP_CND": "105925022_15_3", "energizado": true, "fonte": "PTS4022"}}, {"type": "Feature", "geometry": {"type": "MultiLineString", "coordinates": [[[-43.19095843278541, -22.979820689772964], [-43.19037346426393, -22.979813220903395]]]}, "properties": {"camada": "SSDMT", "COD_ID": "11430588", "CTMT": "PTS4022", "COMP": 62.39, "TIP_CND": "105925022_15_3", "energizado": true, "fonte": "PTS4022"}}, {"type": "Feature", "geometry": {"type": "MultiLineString", "coordinates": [[[-43.19117486362899, -22.979788449976922], [-43.19116856657604, -22.979752219889008]]]}, "properties": {"camada": "SSDMT", "COD_ID": "12544816", "CTMT": "PTS4022", "COMP": 4.23, "TIP_CND": "105925022_15_3", "energizado": true, "fonte": "PTS4022"}}, {"type": "Feature", "geometry": {"type": "MultiLineString", "coordinates": [[[-43.1899236728392, -22.979881966879248], [-43.18992785198873, -22.97990435550156]]]}, "properties": {"camada": "SSDMT", "COD_ID": "282431598", "CTMT": "PTS4022", "COMP": 2.62, "TIP_CND": "105925022_15_3", "energizado": true, "fonte": "PTS4022"}}, {"type": "Feature", "geometry": {"type": "MultiLineString", "coordinates": [[[-43.190098238442886, -22.97984493279739], [-43.19008202996167, -22.97984710466011]]]}, "properties": {"camada": "SSDMT", "COD_ID": "23441326", "CTMT": "PTS4022", "COMP": 1.75, "TIP_CND": "105925022_15_3", "energizado": true, "fonte": "PTS4022"}}, {"type": "Feature", "geometry": {"type": "MultiLineString", "coordinates": [[[-43.19008202996167, -22.97984710466011], [-43.18993370657523, -22.979874802879806]]]}, "properties": {"camada": "SSDMT", "COD_ID": "11430612", "CTMT": "PTS4022", "COMP": 16.14, "TIP_CND": "105925022_15_3", "energizado": true, "fonte": "PTS4022"}}, {"type": "Feature", "geometry": {"type": "MultiLineString", "coordinates": [[[-43.19119461723773, -22.980283936854164], [-43.19118530925459, -22.98002677211781]]]}, "properties": {"camada": "SSDMT", "COD_ID": "12161727", "CTMT": "PTS4022", "COMP": 29.64, "TIP_CND": "105924993_35_3", "energizado": true, "fonte": "PTS4022"}}, {"type": "Feature", "geometry": {"type": "MultiLineString", "coordinates": [[[-43.19096551224857, -22.979820770711967], [-43.19095843278541, -22.979820689772964]]]}, "properties": {"camada": "SSDMT", "COD_ID": "23441310", "CTMT": "PTS4022", "COMP": 0.76, "TIP_CND": "105925022_15_3", "energizado": true, "fonte": "PTS4022"}}, {"type": "Feature", "geometry": {"type": "MultiLineString", "coordinates": [[[-43.19023078951926, -22.979831303571757], [-43.19021399378073, -22.97983571744436]]]}, "properties": {"camada": "SSDMT", "COD_ID": "251530729", "CTMT": "PTS4022", "COMP": 1.86, "TIP_CND": "105925022_15_3", "energizado": true, "fonte": "PTS4022"}}, {"type": "Feature", "geometry": {"type": "MultiLineString", "coordinates": [[[-43.19117307217948, -22.979794804586504], [-43.19117521976057, -22.97979172260989]]]}, "properties": {"camada": "SSDMT", "COD_ID": "282431472", "CTMT": "PTS4022", "COMP": 0.42, "TIP_CND": "105924993_35_3", "energizado": true, "fonte": "PTS4022"}}, {"type": "Feature", "geometry": {"type": "MultiLineString", "coordinates": [[[-43.19011107446647, -22.979844140494663], [-43.190098238442886, -22.97984493279739]]]}, "properties": {"camada": "SSDMT", "COD_ID": "11430606", "CTMT": "PTS4022", "COMP": 1.37, "TIP_CND": "105925022_15_3", "energizado": true, "fonte": "PTS4022"}}, {"type": "Feature", "geometry": {"type": "MultiLineString", "coordinates": [[[-43.1911800104491, -22.98032841642322], [-43.19119461723773, -22.980283936854164]]]}, "properties": {"camada": "SSDMT", "COD_ID": "12161733", "CTMT": "PTS4022", "COMP": 5.35, "TIP_CND": "105924993_35_3", "energizado": true, "fonte": "PTS4022"}}, {"type": "Feature", "geometry": {"type": "MultiLineString", "coordinates": [[[-43.190977088321915, -22.979820884925857], [-43.19096551224857, -22.979820770711967]]]}, "properties": {"camada": "SSDMT", "COD_ID": "11430252", "CTMT": "PTS4022", "COMP": 1.23, "TIP_CND": "105925022_15_3", "energizado": true, "fonte": "PTS4022"}}, {"type": "Feature", "geometry": {"type": "MultiLineString", "coordinates": [[[-43.19037346426393, -22.979813220903395], [-43.19023078951926, -22.979831303571757]]]}, "properties": {"camada": "SSDMT", "COD_ID": "251530723", "CTMT": "PTS4022", "COMP": 15.36, "TIP_CND": "105925022_15_3", "energizado": true, "fonte": "PTS4022"}}, {"type": "Feature", "geometry": {"type": "MultiLineString", "coordinates": [[[-43.19096126924711, -22.978757495961645], [-43.19095914235049, -22.978749488398137]]]}, "properties": {"camada": "SSDMT", "COD_ID": "23441246", "CTMT": "PTS4022", "COMP": 0.95, "TIP_CND": "105925022_15_3", "energizado": true, "fonte": "PTS4022"}}, {"type": "Feature", "geometry": {"type": "MultiLineString", "coordinates": [[[-43.190192649271296, -22.97983758623559], [-43.19011107446647, -22.979844140494663]]]}, "properties": {"camada": "SSDMT", "COD_ID": "11430600", "CTMT": "PTS4022", "COMP": 8.73, "TIP_CND": "105925022_15_3", "energizado": true, "fonte": "PTS4022"}}, {"type": "Feature", "geometry": {"type": "MultiLineString", "coordinates": [[[-43.19021063661154, -22.97983666353116], [-43.190192649271296, -22.97983758623559]]]}, "properties": {"camada": "SSDMT", "COD_ID": "23441318", "CTMT": "PTS4022", "COMP": 1.92, "TIP_CND": "105925022_15_3", "energizado": true, "fonte": "PTS4022"}}, {"type": "Feature", "geometry": {"type": "MultiLineString", "coordinates": [[[-43.18988410806509, -22.979975529646936], [-43.189884091877275, -22.979982609110095]]]}, "properties": {"camada": "SSDMT", "COD_ID": "282431616", "CTMT": "PTS4022", "COMP": 0.82, "TIP_CND": "105925022_15_3", "energizado": true, "fonte": "PTS4022"}}, {"type": "Feature", "geometry": {"type": "MultiLineString", "coordinates": [[[-43.19095914235049, -22.978749488398137], [-43.190958011003374, -22.978745051143164]]]}, "properties": {"camada": "SSDMT", "COD_ID": "282431502", "CTMT": "PTS4022", "COMP": 0.53, "TIP_CND": "105925022_15_3", "energizado": true, "fonte": "PTS4022"}}, {"type": "Feature", "geometry": {"type": "MultiLineString", "coordinates": [[[-43.19021399378073, -22.97983571744436], [-43.19021063661154, -22.97983666353116]]]}, "properties": {"camada": "SSDMT", "COD_ID": "11430594", "CTMT": "PTS4022", "COMP": 0.37, "TIP_CND": "105925022_15_3", "energizado": true, "fonte": "PTS4022"}}, {"type": "Feature", "geometry": {"type": "MultiLineString", "coordinates": [[[-43.19118530925459, -22.98002677211781], [-43.19115221060599, -22.979970080654653]]]}, "properties": {"camada": "SSDMT", "COD_ID": "12161715", "CTMT": "PTS4022", "COMP": 7.42, "TIP_CND": "105924993_35_3", "energizado": true, "fonte": "PTS4022"}}, {"type": "Feature", "geometry": {"type": "MultiLineString", "coordinates": [[[-43.191180414244684, -22.97990789433379], [-43.19117385818697, -22.979802444327277]]]}, "properties": {"camada": "SSDMT", "COD_ID": "11422722", "CTMT": "PTS4022", "COMP": 12.17, "TIP_CND": "105924993_35_3", "energizado": true, "fonte": "PTS4022"}}, {"type": "Feature", "geometry": {"type": "MultiLineString", "coordinates": [[[-43.19117521976057, -22.97979172260989], [-43.19116239452882, -22.9797931480353]]]}, "properties": {"camada": "SSDMT", "COD_ID": "11430240", "CTMT": "PTS4022", "COMP": 1.38, "TIP_CND": "105925022_15_3", "energizado": true, "fonte": "PTS4022"}}, {"type": "Feature", "geometry": {"type": "MultiLineString", "coordinates": [[[-43.19115221060599, -22.979970080654653], [-43.191180414244684, -22.97990789433379]]]}, "properties": {"camada": "SSDMT", "COD_ID": "12162003", "CTMT": "PTS4022", "COMP": 7.77, "TIP_CND": "105924993_35_3", "energizado": true, "fonte": "PTS4022"}}, {"type": "Feature", "geometry": {"type": "MultiLineString", "coordinates": [[[-43.19113180229078, -22.979478279199157], [-43.19096291230852, -22.978763727364083]]]}, "properties": {"camada": "SSDMT", "COD_ID": "12544984", "CTMT": "PTS4022", "COMP": 84.25, "TIP_CND": "105925022_15_3", "energizado": true, "fonte": "PTS4022"}}, {"type": "Feature", "geometry": {"type": "MultiLineString", "coordinates": [[[-43.189884158427105, -22.979952692262884], [-43.18988410806509, -22.979975529646936]]]}, "properties": {"camada": "SSDMT", "COD_ID": "11443566", "CTMT": "PTS4022", "COMP": 2.63, "TIP_CND": "105925022_15_3", "energizado": true, "fonte": "PTS4022"}}, {"type": "Feature", "geometry": {"type": "MultiLineString", "coordinates": [[[-43.191133666585415, -22.979486247192483], [-43.19113180229078, -22.979478279199157]]]}, "properties": {"camada": "SSDMT", "COD_ID": "23441374", "CTMT": "PTS4022", "COMP": 0.94, "TIP_CND": "105925022_15_3", "energizado": true, "fonte": "PTS4022"}}, {"type": "Feature", "geometry": {"type": "MultiLineString", "coordinates": [[[-43.19064873684971, -22.977831121409054], [-43.19043820106208, -22.97691896873539]]]}, "properties": {"camada": "SSDMT", "COD_ID": "11423208", "CTMT": "PTS4022", "COMP": 107.43, "TIP_CND": "105924979_35_3", "energizado": true, "fonte": "PTS4022"}}, {"type": "Feature", "geometry": {"type": "MultiLineString", "coordinates": [[[-43.19046147191938, -22.976822862684912], [-43.190457372809476, -22.976823827657483]]]}, "properties": {"camada": "SSDMT", "COD_ID": "11428824", "CTMT": "PTS4022", "COMP": 0.45, "TIP_CND": "105924979_35_3", "energizado": true, "fonte": "PTS4022"}}, {"type": "Feature", "geometry": {"type": "MultiLineString", "coordinates": [[[-43.190679736480604, -22.9778381397183], [-43.190651407836185, -22.97784370382385]]]}, "properties": {"camada": "SSDMT", "COD_ID": "281894645", "CTMT": "PTS4022", "COMP": 3.09, "TIP_CND": "105925022_15_3", "energizado": true, "fonte": "PTS4022"}}, {"type": "Feature", "geometry": {"type": "MultiLineString", "coordinates": [[[-43.190139071261115, -22.97689618980729], [-43.19013283176474, -22.97689746414659]]]}, "properties": {"camada": "SSDMT", "COD_ID": "300550327", "CTMT": "PTS4022", "COMP": 0.68, "TIP_CND": "105924979_35_3", "energizado": true, "fonte": "PTS4022"}}, {"type": "Feature", "geometry": {"type": "MultiLineString", "coordinates": [[[-43.1907463537612, -22.97785831600845], [-43.190743955269284, -22.97784802056964]]]}, "properties": {"camada": "SSDMT", "COD_ID": "11423202", "CTMT": "PTS4022", "COMP": 1.21, "TIP_CND": "105925022_15_3", "energizado": true, "fonte": "PTS4022"}}, {"type": "Feature", "geometry": {"type": "MultiLineString", "coordinates": [[[-43.1901450688398, -22.976894758985907], [-43.190139071261115, -22.97689618980729]]]}, "properties": {"camada": "SSDMT", "COD_ID": "12836399", "CTMT": "PTS4022", "COMP": 0.66, "TIP_CND": "105924979_35_3", "energizado": true, "fonte": "PTS4022"}}, {"type": "Feature", "geometry": {"type": "MultiLineString", "coordinates": [[[-43.190743955269284, -22.97784802056964], [-43.19074499848284, -22.977845838814346]]]}, "properties": {"camada": "SSDMT", "COD_ID": "70323525", "CTMT": "PTS4022", "COMP": 0.27, "TIP_CND": "105925022_15_3", "energizado": true, "fonte": "PTS4022"}}, {"type": "Feature", "geometry": {"type": "MultiLineString", "coordinates": [[[-43.19044861701002, -22.97682584933341], [-43.190430793346366, -22.976829934953514]]]}, "properties": {"camada": "SSDMT", "COD_ID": "335887910", "CTMT": "PTS4022", "COMP": 1.96, "TIP_CND": "105924979_35_3", "energizado": true, "fonte": "PTS4022"}}, {"type": "Feature", "geometry": {"type": "MultiLineString", "coordinates": [[[-43.19052653067479, -22.976801815851104], [-43.190528064018906, -22.976807540035907]]]}, "properties": {"camada": "SSDMT", "COD_ID": "58720969", "CTMT": "PTS4022", "COMP": 0.68, "TIP_CND": "105924979_35_3", "energizado": true, "fonte": "PTS4022"}}, {"type": "Feature", "geometry": {"type": "MultiLineString", "coordinates": [[[-43.19074350560828, -22.977839301642405], [-43.19074052975162, -22.97782619132562]]]}, "properties": {"camada": "SSDMT", "COD_ID": "250535437", "CTMT": "PTS4022", "COMP": 1.54, "TIP_CND": "105924967_35_3", "energizado": true, "fonte": "PTS4022"}}, {"type": "Feature", "geometry": {"type": "MultiLineString", "coordinates": [[[-43.19053902315733, -22.976798951510375], [-43.190529465162626, -22.976801180929726]]]}, "properties": {"camada": "SSDMT", "COD_ID": "11423262", "CTMT": "PTS4022", "COMP": 1.05, "TIP_CND": "105924979_35_3", "energizado": true, "fonte": "PTS4022"}}, {"type": "Feature", "geometry": {"type": "MultiLineString", "coordinates": [[[-43.19024703127542, -22.976872355075102], [-43.19023830515363, -22.97687432369105]]]}, "properties": {"camada": "SSDMT", "COD_ID": "23441302", "CTMT": "PTS4022", "COMP": 0.96, "TIP_CND": "105924979_35_3", "energizado": true, "fonte": "PTS4022"}}, {"type": "Feature", "geometry": {"type": "MultiLineString", "coordinates": [[[-43.190651407836185, -22.97784370382385], [-43.19064873684971, -22.977831121409054]]]}, "properties": {"camada": "SSDMT", "COD_ID": "281894605", "CTMT": "PTS4022", "COMP": 1.48, "TIP_CND": "105924979_35_3", "energizado": true, "fonte": "PTS4022"}}, {"type": "Feature", "geometry": {"type": "MultiLineString", "coordinates": [[[-43.19071257612444, -22.97786585862241], [-43.1907463537612, -22.97785831600845]]]}, "properties": {"camada": "SSDMT", "COD_ID": "105074246", "CTMT": "PTS4022", "COMP": 3.71, "TIP_CND": "105925022_15_3", "energizado": true, "fonte": "PTS4022"}}, {"type": "Feature", "geometry": {"type": "MultiLineString", "coordinates": [[[-43.190121896008634, -22.976899867135103], [-43.19012398333513, -22.97690791966471]]]}, "properties": {"camada": "SSDMT", "COD_ID": "73766820", "CTMT": "PTS4022", "COMP": 0.95, "TIP_CND": "105924979_35_3", "energizado": true, "fonte": "PTS4022"}}, {"type": "Feature", "geometry": {"type": "MultiLineString", "coordinates": [[[-43.190451914823996, -22.976825047138163], [-43.19044861701002, -22.97682584933341]]]}, "properties": {"camada": "SSDMT", "COD_ID": "23441294", "CTMT": "PTS4022", "COMP": 0.36, "TIP_CND": "105924979_35_3", "energizado": true, "fonte": "PTS4022"}}, {"type": "Feature", "geometry": {"type": "MultiLineString", "coordinates": [[[-43.190430793346366, -22.976829934953514], [-43.190262508607816, -22.976868684941792]]]}, "properties": {"camada": "SSDMT", "COD_ID": "11428830", "CTMT": "PTS4022", "COMP": 18.49, "TIP_CND": "105924979_35_3", "energizado": true, "fonte": "PTS4022"}}, {"type": "Feature", "geometry": {"type": "MultiLineString", "coordinates": [[[-43.19023830515363, -22.97687432369105], [-43.190234412887776, -22.976875118691737]]]}, "properties": {"camada": "SSDMT", "COD_ID": "335887632", "CTMT": "PTS4022", "COMP": 0.43, "TIP_CND": "105924979_35_3", "energizado": true, "fonte": "PTS4022"}}, {"type": "Feature", "geometry": {"type": "MultiLineString", "coordinates": [[[-43.19013283176474, -22.97689746414659], [-43.190121896008634, -22.976899867135103]]]}, "properties": {"camada": "SSDMT", "COD_ID": "23441362", "CTMT": "PTS4022", "COMP": 1.2, "TIP_CND": "105924979_35_3", "energizado": true, "fonte": "PTS4022"}}, {"type": "Feature", "geometry": {"type": "MultiLineString", "coordinates": [[[-43.190457372809476, -22.976823827657483], [-43.190451914823996, -22.976825047138163]]]}, "properties": {"camada": "SSDMT", "COD_ID": "335887824", "CTMT": "PTS4022", "COMP": 0.6, "TIP_CND": "105924979_35_3", "energizado": true, "fonte": "PTS4022"}}, {"type": "Feature", "geometry": {"type": "MultiLineString", "coordinates": [[[-43.19043767405935, -22.976916777087524], [-43.19054131822719, -22.97680755622372]]]}, "properties": {"camada": "SSDMT", "COD_ID": "70323389", "CTMT": "PTS4022", "COMP": 16.75, "TIP_CND": "105924979_35_3", "energizado": true, "fonte": "PTS4022"}}, {"type": "Feature", "geometry": {"type": "MultiLineString", "coordinates": [[[-43.19074499848284, -22.977845838814346], [-43.19074350560828, -22.977839301642405]]]}, "properties": {"camada": "SSDMT", "COD_ID": "23441254", "CTMT": "PTS4022", "COMP": 0.77, "TIP_CND": "105924967_35_3", "energizado": true, "fonte": "PTS4022"}}, {"type": "Feature", "geometry": {"type": "MultiLineString", "coordinates": [[[-43.190262508607816, -22.976868684941792], [-43.19024703127542, -22.976872355075102]]]}, "properties": {"camada": "SSDMT", "COD_ID": "11428914", "CTMT": "PTS4022", "COMP": 1.7, "TIP_CND": "105924979_35_3", "energizado": true, "fonte": "PTS4022"}}, {"type": "Feature", "geometry": {"type": "MultiLineString", "coordinates": [[[-43.19012398333513, -22.97690791966471], [-43.18952250056293, -22.977040084931957]]]}, "properties": {"camada": "SSDMT", "COD_ID": "11428926", "CTMT": "PTS4022", "COMP": 65.93, "TIP_CND": "105924979_35_3", "energizado": true, "fonte": "PTS4022"}}, {"type": "Feature", "geometry": {"type": "MultiLineString", "coordinates": [[[-43.19074052975162, -22.97782619132562], [-43.190679736480604, -22.9778381397183]]]}, "properties": {"camada": "SSDMT", "COD_ID": "70323402", "CTMT": "PTS4022", "COMP": 6.63, "TIP_CND": "105924979_35_3", "energizado": true, "fonte": "PTS4022"}}, {"type": "Feature", "geometry": {"type": "MultiLineString", "coordinates": [[[-43.190234412887776, -22.976875118691737], [-43.1901450688398, -22.976894758985907]]]}, "properties": {"camada": "SSDMT", "COD_ID": "11428920", "CTMT": "PTS4022", "COMP": 9.79, "TIP_CND": "105924979_35_3", "energizado": true, "fonte": "PTS4022"}}, {"type": "Feature", "geometry": {"type": "MultiLineString", "coordinates": [[[-43.19054131822719, -22.97680755622372], [-43.19053944134208, -22.976800509136126]]]}, "properties": {"camada": "SSDMT", "COD_ID": "11423256", "CTMT": "PTS4022", "COMP": 0.84, "TIP_CND": "105924979_35_3", "energizado": true, "fonte": "PTS4022"}}, {"type": "Feature", "geometry": {"type": "MultiLineString", "coordinates": [[[-43.190529465162626, -22.976801180929726], [-43.19052653067479, -22.976801815851104]]]}, "properties": {"camada": "SSDMT", "COD_ID": "335887740", "CTMT": "PTS4022", "COMP": 0.32, "TIP_CND": "105924979_35_3", "energizado": true, "fonte": "PTS4022"}}, {"type": "Feature", "geometry": {"type": "MultiLineString", "coordinates": [[[-43.19053944134208, -22.976800509136126], [-43.19053902315733, -22.976798951510375]]]}, "properties": {"camada": "SSDMT", "COD_ID": "335887776", "CTMT": "PTS4022", "COMP": 0.18, "TIP_CND": "105924979_35_3", "energizado": true, "fonte": "PTS4022"}}, {"type": "Feature", "geometry": {"type": "MultiLineString", "coordinates": [[[-43.190528064018906, -22.976807540035907], [-43.19046147191938, -22.976822862684912]]]}, "properties": {"camada": "SSDMT", "COD_ID": "11423268", "CTMT": "PTS4022", "COMP": 7.32, "TIP_CND": "105924979_35_3", "energizado": true, "fonte": "PTS4022"}}, {"type": "Feature", "geometry": {"type": "MultiLineString", "coordinates": [[[-43.19043820106208, -22.97691896873539], [-43.19043767405935, -22.976916777087524]]]}, "properties": {"camada": "SSDMT", "COD_ID": "70323376", "CTMT": "PTS4022", "COMP": 0.26, "TIP_CND": "105924979_35_3", "energizado": true, "fonte": "PTS4022"}}, {"type": "Feature", "geometry": {"type": "MultiLineString", "coordinates": [[[-43.18837038268697, -22.986551662029512], [-43.188360533311936, -22.986551513641416]]]}, "properties": {"camada": "SSDMT", "COD_ID": "12888887", "CTMT": "PTS9924", "COMP": 1.05, "TIP_CND": "105924981_34_3", "energizado": true, "fonte": "PTS9924"}}, {"type": "Feature", "geometry": {"type": "MultiLineString", "coordinates": [[[-43.187678071985374, -22.986512304099506], [-43.18769548735679, -22.986304805322447]]]}, "properties": {"camada": "SSDMT", "COD_ID": "12888911", "CTMT": "PTS9924", "COMP": 23.97, "TIP_CND": "105924981_34_3", "energizado": true, "fonte": "PTS9924"}}, {"type": "Feature", "geometry": {"type": "MultiLineString", "coordinates": [[[-43.18810861162308, -22.98655422959399], [-43.187912665537056, -22.98654882646713]]]}, "properties": {"camada": "SSDMT", "COD_ID": "96946325", "CTMT": "PTS9924", "COMP": 20.9, "TIP_CND": "105924981_34_3", "energizado": true, "fonte": "PTS9924"}}, {"type": "Feature", "geometry": {"type": "MultiLineString", "coordinates": [[[-43.18834346328015, -22.986551589184444], [-43.18810861162308, -22.98655422959399]]]}, "properties": {"camada": "SSDMT", "COD_ID": "12888893", "CTMT": "PTS9924", "COMP": 25.05, "TIP_CND": "105924981_34_3", "energizado": true, "fonte": "PTS9924"}}, {"type": "Feature", "geometry": {"type": "MultiLineString", "coordinates": [[[-43.187912665537056, -22.98654882646713], [-43.187678071985374, -22.986512304099506]]]}, "properties": {"camada": "SSDMT", "COD_ID": "12888905", "CTMT": "PTS9924", "COMP": 25.37, "TIP_CND": "105924981_34_3", "energizado": true, "fonte": "PTS9924"}}, {"type": "Feature", "geometry": {"type": "MultiLineString", "coordinates": [[[-43.189719341474415, -22.98002887563206], [-43.18955380056741, -22.980074393018754]]]}, "properties": {"camada": "SSDMT", "COD_ID": "11443866", "CTMT": "PTS4022", "COMP": 18.42, "TIP_CND": "105925022_13_3", "energizado": true, "fonte": "PTS4022"}}, {"type": "Feature", "geometry": {"type": "MultiLineString", "coordinates": [[[-43.18952423985172, -22.980080881627316], [-43.189530423590156, -22.980078695375425]]]}, "properties": {"camada": "SSDMT", "COD_ID": "12960437", "CTMT": "PTS4022", "COMP": 0.71, "TIP_CND": "105925023_34_3", "energizado": true, "fonte": "PTS4022"}}, {"type": "Feature", "geometry": {"type": "MultiLineString", "coordinates": [[[-43.189744553967955, -22.986079768866205], [-43.18974129122756, -22.98607720310042]]]}, "properties": {"camada": "SSDMT", "COD_ID": "12916325", "CTMT": "PTS4022", "COMP": 0.46, "TIP_CND": "105924968_34_3", "energizado": true, "fonte": "PTS4022"}}, {"type": "Feature", "geometry": {"type": "MultiLineString", "coordinates": [[[-43.18955380056741, -22.980074393018754], [-43.18953438420442, -22.980079345585295]]]}, "properties": {"camada": "SSDMT", "COD_ID": "12960431", "CTMT": "PTS4022", "COMP": 2.15, "TIP_CND": "105925022_13_3", "energizado": true, "fonte": "PTS4022"}}, {"type": "Feature", "geometry": {"type": "MultiLineString", "coordinates": [[[-43.18947194337545, -22.977435650834593], [-43.189352270590746, -22.977465311375]]]}, "properties": {"camada": "SSDMT", "COD_ID": "12422127", "CTMT": "PTS4022", "COMP": 13.21, "TIP_CND": "105925022_13_3", "energizado": true, "fonte": "PTS4022"}}, {"type": "Feature", "geometry": {"type": "MultiLineString", "coordinates": [[[-43.189352270590746, -22.977465311375], [-43.189330891007785, -22.97747052114761]]]}, "properties": {"camada": "SSDMT", "COD_ID": "11218252", "CTMT": "PTS4022", "COMP": 2.36, "TIP_CND": "105925022_13_3", "energizado": true, "fonte": "PTS4022"}}, {"type": "Feature", "geometry": {"type": "MultiLineString", "coordinates": [[[-43.189530884042995, -22.980080028170732], [-43.18952423985172, -22.980080881627316]]]}, "properties": {"camada": "SSDMT", "COD_ID": "11443878", "CTMT": "PTS4022", "COMP": 0.72, "TIP_CND": "105925022_13_3", "energizado": true, "fonte": "PTS4022"}}, {"type": "Feature", "geometry": {"type": "MultiLineString", "coordinates": [[[-43.18973686296579, -22.980024064259112], [-43.18972728968265, -22.980026691178807]]]}, "properties": {"camada": "SSDMT", "COD_ID": "645453013", "CTMT": "PTS4022", "COMP": 1.06, "TIP_CND": "105925022_15_3", "energizado": true, "fonte": "PTS4022"}}, {"type": "Feature", "geometry": {"type": "MultiLineString", "coordinates": [[[-43.18943576095154, -22.977178405159236], [-43.18947595794907, -22.977407350968406]]]}, "properties": {"camada": "SSDMT", "COD_ID": "11429268", "CTMT": "PTS4022", "COMP": 26.72, "TIP_CND": "105924967_35_3", "energizado": true, "fonte": "PTS4022"}}, {"type": "Feature", "geometry": {"type": "MultiLineString", "coordinates": [[[-43.18951351183904, -22.97703764327258], [-43.18950823012068, -22.97703875663325]]]}, "properties": {"camada": "SSDMT", "COD_ID": "300550279", "CTMT": "PTS4022", "COMP": 0.58, "TIP_CND": "105925022_15_3", "energizado": true, "fonte": "PTS4022"}}, {"type": "Feature", "geometry": {"type": "MultiLineString", "coordinates": [[[-43.1895101321868, -22.97704608430928], [-43.189530430784714, -22.977127228338873]]]}, "properties": {"camada": "SSDMT", "COD_ID": "11429118", "CTMT": "PTS4022", "COMP": 9.59, "TIP_CND": "105925022_15_3", "energizado": true, "fonte": "PTS4022"}}, {"type": "Feature", "geometry": {"type": "MultiLineString", "coordinates": [[[-43.18948105890371, -22.97743372358741], [-43.18947194337545, -22.977435650834593]]]}, "properties": {"camada": "SSDMT", "COD_ID": "11429280", "CTMT": "PTS4022", "COMP": 1.0, "TIP_CND": "105925022_15_3", "energizado": true, "fonte": "PTS4022"}}, {"type": "Feature", "geometry": {"type": "MultiLineString", "coordinates": [[[-43.18947595794907, -22.977407350968406], [-43.18948105890371, -22.97743372358741]]]}, "properties": {"camada": "SSDMT", "COD_ID": "11429274", "CTMT": "PTS4022", "COMP": 3.09, "TIP_CND": "105924967_35_3", "energizado": true, "fonte": "PTS4022"}}, {"type": "Feature", "geometry": {"type": "MultiLineString", "coordinates": [[[-43.18952250056293, -22.977040084931957], [-43.18952142587307, -22.977035855420354]]]}, "properties": {"camada": "SSDMT", "COD_ID": "73766800", "CTMT": "PTS4022", "COMP": 0.5, "TIP_CND": "105925022_15_3", "energizado": true, "fonte": "PTS4022"}}, {"type": "Feature", "geometry": {"type": "MultiLineString", "coordinates": [[[-43.18953258825832, -22.977135832152896], [-43.18952677324194, -22.977136777340377]]]}, "properties": {"camada": "SSDMT", "COD_ID": "11429178", "CTMT": "PTS4022", "COMP": 0.63, "TIP_CND": "105924967_35_3", "energizado": true, "fonte": "PTS4022"}}, {"type": "Feature", "geometry": {"type": "MultiLineString", "coordinates": [[[-43.18942378467989, -22.977173265533736], [-43.18942287906259, -22.977174618114077]]]}, "properties": {"camada": "SSDMT", "COD_ID": "11429256", "CTMT": "PTS4022", "COMP": 0.18, "TIP_CND": "105924967_35_3", "energizado": true, "fonte": "PTS4022"}}, {"type": "Feature", "geometry": {"type": "MultiLineString", "coordinates": [[[-43.18972728968265, -22.980026691178807], [-43.189719341474415, -22.98002887563206]]]}, "properties": {"camada": "SSDMT", "COD_ID": "23441334", "CTMT": "PTS4022", "COMP": 0.88, "TIP_CND": "105925022_15_3", "energizado": true, "fonte": "PTS4022"}}, {"type": "Feature", "geometry": {"type": "MultiLineString", "coordinates": [[[-43.18952677324194, -22.977136777340377], [-43.18942378467989, -22.977173265533736]]]}, "properties": {"camada": "SSDMT", "COD_ID": "11429184", "CTMT": "PTS4022", "COMP": 11.76, "TIP_CND": "105924967_35_3", "energizado": true, "fonte": "PTS4022"}}, {"type": "Feature", "geometry": {"type": "MultiLineString", "coordinates": [[[-43.18952142587307, -22.977035855420354], [-43.18951351183904, -22.97703764327258]]]}, "properties": {"camada": "SSDMT", "COD_ID": "11429106", "CTMT": "PTS4022", "COMP": 0.87, "TIP_CND": "105925022_15_3", "energizado": true, "fonte": "PTS4022"}}, {"type": "Feature", "geometry": {"type": "MultiLineString", "coordinates": [[[-43.18953106930337, -22.977129791406696], [-43.18953258825832, -22.977135832152896]]]}, "properties": {"camada": "SSDMT", "COD_ID": "282564353", "CTMT": "PTS4022", "COMP": 0.71, "TIP_CND": "105924967_35_3", "energizado": true, "fonte": "PTS4022"}}, {"type": "Feature", "geometry": {"type": "MultiLineString", "coordinates": [[[-43.18950823012068, -22.97703875663325], [-43.18950922387154, -22.977043228961804]]]}, "properties": {"camada": "SSDMT", "COD_ID": "11429112", "CTMT": "PTS4022", "COMP": 0.53, "TIP_CND": "105925022_15_3", "energizado": true, "fonte": "PTS4022"}}, {"type": "Feature", "geometry": {"type": "MultiLineString", "coordinates": [[[-43.18942287906259, -22.977174618114077], [-43.18943576095154, -22.977178405159236]]]}, "properties": {"camada": "SSDMT", "COD_ID": "11429262", "CTMT": "PTS4022", "COMP": 1.44, "TIP_CND": "105924967_35_3", "energizado": true, "fonte": "PTS4022"}}, {"type": "Feature", "geometry": {"type": "MultiLineString", "coordinates": [[[-43.189530430784714, -22.977127228338873], [-43.18953106930337, -22.977129791406696]]]}, "properties": {"camada": "SSDMT", "COD_ID": "11429172", "CTMT": "PTS4022", "COMP": 0.3, "TIP_CND": "105924967_35_3", "energizado": true, "fonte": "PTS4022"}}, {"type": "Feature", "geometry": {"type": "MultiLineString", "coordinates": [[[-43.18950922387154, -22.977043228961804], [-43.1895101321868, -22.97704608430928]]]}, "properties": {"camada": "SSDMT", "COD_ID": "300550237", "CTMT": "PTS4022", "COMP": 0.34, "TIP_CND": "105925022_15_3", "energizado": true, "fonte": "PTS4022"}}, {"type": "Feature", "geometry": {"type": "MultiLineString", "coordinates": [[[-43.1897254739514, -22.986740726503285], [-43.18973762379227, -22.986743890318223]]]}, "properties": {"camada": "SSDMT", "COD_ID": "11703628", "CTMT": "PTS9924", "COMP": 1.35, "TIP_CND": "105924962_35_3", "energizado": true, "fonte": "PTS9924"}}, {"type": "Feature", "geometry": {"type": "MultiLineString", "coordinates": [[[-43.189647792311746, -22.986674349341683], [-43.189647997357156, -22.98667365686373]]]}, "properties": {"camada": "SSDMT", "COD_ID": "55024166", "CTMT": "PTS9924", "COMP": 0.08, "TIP_CND": "105924962_35_3", "energizado": true, "fonte": "PTS9924"}}, {"type": "Feature", "geometry": {"type": "MultiLineString", "coordinates": [[[-43.18901875970795, -22.986479197357028], [-43.189006837395596, -22.986475052381707]]]}, "properties": {"camada": "SSDMT", "COD_ID": "263632480", "CTMT": "PTS9924", "COMP": 1.36, "TIP_CND": "105924963_35_3", "energizado": true, "fonte": "PTS9924"}}, {"type": "Feature", "geometry": {"type": "MultiLineString", "coordinates": [[[-43.189167073201816, -22.98648647467104], [-43.189155321760666, -22.986483460143518]]]}, "properties": {"camada": "SSDMT", "COD_ID": "466483594", "CTMT": "PTS9924", "COMP": 1.3, "TIP_CND": "105924963_35_3", "energizado": true, "fonte": "PTS9924"}}, {"type": "Feature", "geometry": {"type": "MultiLineString", "coordinates": [[[-43.18847712591861, -22.9865421283165], [-43.18847362845514, -22.98654253121282]]]}, "properties": {"camada": "SSDMT", "COD_ID": "263632450", "CTMT": "PTS9924", "COMP": 0.38, "TIP_CND": "105924963_35_3", "energizado": true, "fonte": "PTS9924"}}, {"type": "Feature", "geometry": {"type": "MultiLineString", "coordinates": [[[-43.18913062997456, -22.986532907567607], [-43.18912157380157, -22.986563281270378]]]}, "properties": {"camada": "SSDMT", "COD_ID": "12417309", "CTMT": "PTS9924", "COMP": 3.63, "TIP_CND": "105924963_35_3", "energizado": true, "fonte": "PTS9924"}}, {"type": "Feature", "geometry": {"type": "MultiLineString", "coordinates": [[[-43.189039737294024, -22.9864845312361], [-43.18903625691769, -22.986483650799812]]]}, "properties": {"camada": "SSDMT", "COD_ID": "22565361", "CTMT": "PTS9924", "COMP": 0.38, "TIP_CND": "105924963_35_3", "energizado": true, "fonte": "PTS9924"}}, {"type": "Feature", "geometry": {"type": "MultiLineString", "coordinates": [[[-43.18964854144701, -22.986674539098658], [-43.189647792311746, -22.986674349341683]]]}, "properties": {"camada": "SSDMT", "COD_ID": "55024143", "CTMT": "PTS9924", "COMP": 0.08, "TIP_CND": "105924962_35_3", "energizado": true, "fonte": "PTS9924"}}, {"type": "Feature", "geometry": {"type": "MultiLineString", "coordinates": [[[-43.189023707777835, -22.98648045550857], [-43.18901875970795, -22.986479197357028]]]}, "properties": {"camada": "SSDMT", "COD_ID": "12417333", "CTMT": "PTS9924", "COMP": 0.55, "TIP_CND": "105924963_35_3", "energizado": true, "fonte": "PTS9924"}}, {"type": "Feature", "geometry": {"type": "MultiLineString", "coordinates": [[[-43.18964854144701, -22.986674539098658], [-43.18965272149586, -22.986675607493225]]]}, "properties": {"camada": "SSDMT", "COD_ID": "11219164", "CTMT": "PTS9924", "COMP": 0.46, "TIP_CND": "105924962_35_3", "energizado": true, "fonte": "PTS9924"}}, {"type": "Feature", "geometry": {"type": "MultiLineString", "coordinates": [[[-43.18917856204098, -22.986501931319026], [-43.18916701384654, -22.98649899053595]]]}, "properties": {"camada": "SSDMT", "COD_ID": "12417387", "CTMT": "PTS9924", "COMP": 1.28, "TIP_CND": "105924963_35_3", "energizado": true, "fonte": "PTS9924"}}, {"type": "Feature", "geometry": {"type": "MultiLineString", "coordinates": [[[-43.18965685208201, -22.98667665700208], [-43.189684347954255, -22.98674768815522]]]}, "properties": {"camada": "SSDMT", "COD_ID": "11219182", "CTMT": "PTS9924", "COMP": 8.69, "TIP_CND": "105924962_35_3", "energizado": true, "fonte": "PTS9924"}}, {"type": "Feature", "geometry": {"type": "MultiLineString", "coordinates": [[[-43.188734513686825, -22.986455663897743], [-43.188732573849165, -22.986456309610958]]]}, "properties": {"camada": "SSDMT", "COD_ID": "12417345", "CTMT": "PTS9924", "COMP": 0.22, "TIP_CND": "105924963_35_3", "energizado": true, "fonte": "PTS9924"}}, {"type": "Feature", "geometry": {"type": "MultiLineString", "coordinates": [[[-43.189643710288976, -22.986672541704365], [-43.18916421335774, -22.986550322939024]]]}, "properties": {"camada": "SSDMT", "COD_ID": "12417297", "CTMT": "PTS9924", "COMP": 53.03, "TIP_CND": "105924963_35_3", "energizado": true, "fonte": "PTS9924"}}, {"type": "Feature", "geometry": {"type": "MultiLineString", "coordinates": [[[-43.18872884346132, -22.986457378005525], [-43.18850833778953, -22.986539867420902]]]}, "properties": {"camada": "SSDMT", "COD_ID": "12417351", "CTMT": "PTS9924", "COMP": 25.36, "TIP_CND": "105924963_35_3", "energizado": true, "fonte": "PTS9924"}}, {"type": "Feature", "geometry": {"type": "MultiLineString", "coordinates": [[[-43.18965272149586, -22.986675607493225], [-43.18965685208201, -22.98667665700208]]]}, "properties": {"camada": "SSDMT", "COD_ID": "263632414", "CTMT": "PTS9924", "COMP": 0.46, "TIP_CND": "105924962_35_3", "energizado": true, "fonte": "PTS9924"}}, {"type": "Feature", "geometry": {"type": "MultiLineString", "coordinates": [[[-43.1891446845795, -22.986498536378292], [-43.1891712118819, -22.986505314568547]]]}, "properties": {"camada": "SSDMT", "COD_ID": "12417435", "CTMT": "PTS9924", "COMP": 2.93, "TIP_CND": "105924963_35_3", "energizado": true, "fonte": "PTS9924"}}, {"type": "Feature", "geometry": {"type": "MultiLineString", "coordinates": [[[-43.188392849550326, -22.986552759202425], [-43.188384691800024, -22.986552359004122]]]}, "properties": {"camada": "SSDMT", "COD_ID": "12888851", "CTMT": "PTS9924", "COMP": 0.87, "TIP_CND": "105924963_35_3", "energizado": true, "fonte": "PTS9924"}}, {"type": "Feature", "geometry": {"type": "MultiLineString", "coordinates": [[[-43.18874358784626, -22.986451695189544], [-43.188734513686825, -22.986455663897743]]]}, "properties": {"camada": "SSDMT", "COD_ID": "263632468", "CTMT": "PTS9924", "COMP": 1.07, "TIP_CND": "105924963_35_3", "energizado": true, "fonte": "PTS9924"}}, {"type": "Feature", "geometry": {"type": "MultiLineString", "coordinates": [[[-43.1891712118819, -22.986505314568547], [-43.189164861768916, -22.986526535870894]]]}, "properties": {"camada": "SSDMT", "COD_ID": "12417441", "CTMT": "PTS9924", "COMP": 2.54, "TIP_CND": "105924963_35_3", "energizado": true, "fonte": "PTS9924"}}, {"type": "Feature", "geometry": {"type": "MultiLineString", "coordinates": [[[-43.18850833778953, -22.986539867420902], [-43.18848489156443, -22.986541242484293]]]}, "properties": {"camada": "SSDMT", "COD_ID": "22565377", "CTMT": "PTS9924", "COMP": 2.51, "TIP_CND": "105924963_35_3", "energizado": true, "fonte": "PTS9924"}}, {"type": "Feature", "geometry": {"type": "MultiLineString", "coordinates": [[[-43.18874558164322, -22.986450651975986], [-43.18874358784626, -22.986451695189544]]]}, "properties": {"camada": "SSDMT", "COD_ID": "263632474", "CTMT": "PTS9924", "COMP": 0.24, "TIP_CND": "105924963_35_3", "energizado": true, "fonte": "PTS9924"}}, {"type": "Feature", "geometry": {"type": "MultiLineString", "coordinates": [[[-43.18916863532422, -22.98648126399911], [-43.189168114616734, -22.986483001489262]]]}, "properties": {"camada": "SSDMT", "COD_ID": "12468726", "CTMT": "PTS9924", "COMP": 0.21, "TIP_CND": "105924963_35_3", "energizado": true, "fonte": "PTS9924"}}, {"type": "Feature", "geometry": {"type": "MultiLineString", "coordinates": [[[-43.18973163970338, -22.986763372331723], [-43.18972831490976, -22.986762494593393]]]}, "properties": {"camada": "SSDMT", "COD_ID": "11703646", "CTMT": "PTS9924", "COMP": 0.37, "TIP_CND": "105924962_35_3", "energizado": true, "fonte": "PTS9924"}}, {"type": "Feature", "geometry": {"type": "MultiLineString", "coordinates": [[[-43.18972668174092, -22.986762106086303], [-43.18972287131339, -22.986761132120478]]]}, "properties": {"camada": "SSDMT", "COD_ID": "11703652", "CTMT": "PTS9924", "COMP": 0.42, "TIP_CND": "105924962_35_3", "energizado": true, "fonte": "PTS9924"}}, {"type": "Feature", "geometry": {"type": "MultiLineString", "coordinates": [[[-43.18903625691769, -22.986483650799812], [-43.189023707777835, -22.98648045550857]]]}, "properties": {"camada": "SSDMT", "COD_ID": "263632420", "CTMT": "PTS9924", "COMP": 1.39, "TIP_CND": "105924963_35_3", "energizado": true, "fonte": "PTS9924"}}, {"type": "Feature", "geometry": {"type": "MultiLineString", "coordinates": [[[-43.189657174039326, -22.98667523337525], [-43.189652934635205, -22.986674191960333]]]}, "properties": {"camada": "SSDMT", "COD_ID": "12283273", "CTMT": "PTS9924", "COMP": 0.47, "TIP_CND": "105924993_35_3", "energizado": true, "fonte": "PTS9924"}}, {"type": "Feature", "geometry": {"type": "MultiLineString", "coordinates": [[[-43.18915107246397, -22.986482426822477], [-43.18914945008703, -22.986481993349287]]]}, "properties": {"camada": "SSDMT", "COD_ID": "12417399", "CTMT": "PTS9924", "COMP": 0.18, "TIP_CND": "105924963_35_3", "energizado": true, "fonte": "PTS9924"}}, {"type": "Feature", "geometry": {"type": "MultiLineString", "coordinates": [[[-43.188732573849165, -22.986456309610958], [-43.18872884346132, -22.986457378005525]]]}, "properties": {"camada": "SSDMT", "COD_ID": "263632462", "CTMT": "PTS9924", "COMP": 0.42, "TIP_CND": "105924963_35_3", "energizado": true, "fonte": "PTS9924"}}, {"type": "Feature", "geometry": {"type": "MultiLineString", "coordinates": [[[-43.189647997357156, -22.98667365686373], [-43.189643710288976, -22.986672541704365]]]}, "properties": {"camada": "SSDMT", "COD_ID": "12417291", "CTMT": "PTS9924", "COMP": 0.47, "TIP_CND": "105924962_35_3", "energizado": true, "fonte": "PTS9924"}}, {"type": "Feature", "geometry": {"type": "MultiLineString", "coordinates": [[[-43.18841755752419, -22.986548924493206], [-43.18840346514776, -22.986552483110586]]]}, "properties": {"camada": "SSDMT", "COD_ID": "12417369", "CTMT": "PTS9924", "COMP": 1.56, "TIP_CND": "105924963_35_3", "energizado": true, "fonte": "PTS9924"}}, {"type": "Feature", "geometry": {"type": "MultiLineString", "coordinates": [[[-43.189164861768916, -22.986526535870894], [-43.18913479653361, -22.986518868251096]]]}, "properties": {"camada": "SSDMT", "COD_ID": "12417447", "CTMT": "PTS9924", "COMP": 3.33, "TIP_CND": "105924963_35_3", "energizado": true, "fonte": "PTS9924"}}, {"type": "Feature", "geometry": {"type": "MultiLineString", "coordinates": [[[-43.1884832898719, -22.986541413355496], [-43.18847712591861, -22.9865421283165]]]}, "properties": {"camada": "SSDMT", "COD_ID": "12417357", "CTMT": "PTS9924", "COMP": 0.66, "TIP_CND": "105924963_35_3", "energizado": true, "fonte": "PTS9924"}}, {"type": "Feature", "geometry": {"type": "MultiLineString", "coordinates": [[[-43.18973352468237, -22.986757316297087], [-43.18973163970338, -22.986763372331723]]]}, "properties": {"camada": "SSDMT", "COD_ID": "11703640", "CTMT": "PTS9924", "COMP": 0.73, "TIP_CND": "105924962_35_3", "energizado": true, "fonte": "PTS9924"}}, {"type": "Feature", "geometry": {"type": "MultiLineString", "coordinates": [[[-43.18847362845514, -22.98654253121282], [-43.18841755752419, -22.986548924493206]]]}, "properties": {"camada": "SSDMT", "COD_ID": "12417363", "CTMT": "PTS9924", "COMP": 6.02, "TIP_CND": "105924963_35_3", "energizado": true, "fonte": "PTS9924"}}, {"type": "Feature", "geometry": {"type": "MultiLineString", "coordinates": [[[-43.189652934635205, -22.986674191960333], [-43.18964854144701, -22.986674539098658]]]}, "properties": {"camada": "SSDMT", "COD_ID": "55024119", "CTMT": "PTS9924", "COMP": 0.47, "TIP_CND": "105924993_35_3", "energizado": true, "fonte": "PTS9924"}}, {"type": "Feature", "geometry": {"type": "MultiLineString", "coordinates": [[[-43.18916701384654, -22.98649899053595], [-43.18917088902526, -22.986485579845578]]]}, "properties": {"camada": "SSDMT", "COD_ID": "12417393", "CTMT": "PTS9924", "COMP": 1.6, "TIP_CND": "105924963_35_3", "energizado": true, "fonte": "PTS9924"}}, {"type": "Feature", "geometry": {"type": "MultiLineString", "coordinates": [[[-43.18915233151483, -22.986475036193895], [-43.18914844374564, -22.98647400736951]]]}, "properties": {"camada": "SSDMT", "COD_ID": "11709328", "CTMT": "PTS9924", "COMP": 0.43, "TIP_CND": "105924963_35_3", "energizado": true, "fonte": "PTS9924"}}, {"type": "Feature", "geometry": {"type": "MultiLineString", "coordinates": [[[-43.18914945008703, -22.986481993349287], [-43.1891446845795, -22.986498536378292]]]}, "properties": {"camada": "SSDMT", "COD_ID": "12417417", "CTMT": "PTS9924", "COMP": 1.97, "TIP_CND": "105924963_35_3", "energizado": true, "fonte": "PTS9924"}}, {"type": "Feature", "geometry": {"type": "MultiLineString", "coordinates": [[[-43.189155321760666, -22.986483460143518], [-43.18915757096511, -22.98647637888172]]]}, "properties": {"camada": "SSDMT", "COD_ID": "12417519", "CTMT": "PTS9924", "COMP": 0.85, "TIP_CND": "105924963_35_3", "energizado": true, "fonte": "PTS9924"}}, {"type": "Feature", "geometry": {"type": "MultiLineString", "coordinates": [[[-43.18880023254468, -22.986445444002015], [-43.18874558164322, -22.986450651975986]]]}, "properties": {"camada": "SSDMT", "COD_ID": "22565369", "CTMT": "PTS9924", "COMP": 5.86, "TIP_CND": "105924963_35_3", "energizado": true, "fonte": "PTS9924"}}, {"type": "Feature", "geometry": {"type": "MultiLineString", "coordinates": [[[-43.18913479653361, -22.986518868251096], [-43.18913062997456, -22.986532907567607]]]}, "properties": {"camada": "SSDMT", "COD_ID": "12417303", "CTMT": "PTS9924", "COMP": 1.68, "TIP_CND": "105924963_35_3", "energizado": true, "fonte": "PTS9924"}}, {"type": "Feature", "geometry": {"type": "MultiLineString", "coordinates": [[[-43.18916421335774, -22.986550322939024], [-43.18917856204098, -22.986501931319026]]]}, "properties": {"camada": "SSDMT", "COD_ID": "97062121", "CTMT": "PTS9924", "COMP": 5.78, "TIP_CND": "105924963_35_3", "energizado": true, "fonte": "PTS9924"}}, {"type": "Feature", "geometry": {"type": "MultiLineString", "coordinates": [[[-43.189689626075335, -22.986749039836297], [-43.189694603822886, -22.986732715342498]]]}, "properties": {"camada": "SSDMT", "COD_ID": "11703616", "CTMT": "PTS9924", "COMP": 1.95, "TIP_CND": "105924962_35_3", "energizado": true, "fonte": "PTS9924"}}, {"type": "Feature", "geometry": {"type": "MultiLineString", "coordinates": [[[-43.18840346514776, -22.986552483110586], [-43.18840231041827, -22.98655276819568]]]}, "properties": {"camada": "SSDMT", "COD_ID": "263632438", "CTMT": "PTS9924", "COMP": 0.13, "TIP_CND": "105924963_35_3", "energizado": true, "fonte": "PTS9924"}}, {"type": "Feature", "geometry": {"type": "MultiLineString", "coordinates": [[[-43.189006837395596, -22.986475052381707], [-43.18880023254468, -22.986445444002015]]]}, "properties": {"camada": "SSDMT", "COD_ID": "12417339", "CTMT": "PTS9924", "COMP": 22.29, "TIP_CND": "105924963_35_3", "energizado": true, "fonte": "PTS9924"}}, {"type": "Feature", "geometry": {"type": "MultiLineString", "coordinates": [[[-43.189155321760666, -22.986483460143518], [-43.18915324072941, -22.986482939436087]]]}, "properties": {"camada": "SSDMT", "COD_ID": "12417531", "CTMT": "PTS9924", "COMP": 0.23, "TIP_CND": "105924963_35_3", "energizado": true, "fonte": "PTS9924"}}, {"type": "Feature", "geometry": {"type": "MultiLineString", "coordinates": [[[-43.188384691800024, -22.986552359004122], [-43.18837038268697, -22.986551662029512]]]}, "properties": {"camada": "SSDMT", "COD_ID": "263632444", "CTMT": "PTS9924", "COMP": 1.53, "TIP_CND": "105924963_35_3", "energizado": true, "fonte": "PTS9924"}}, {"type": "Feature", "geometry": {"type": "MultiLineString", "coordinates": [[[-43.18848489156443, -22.986541242484293], [-43.1884832898719, -22.986541413355496]]]}, "properties": {"camada": "SSDMT", "COD_ID": "263632456", "CTMT": "PTS9924", "COMP": 0.17, "TIP_CND": "105924963_35_3", "energizado": true, "fonte": "PTS9924"}}, {"type": "Feature", "geometry": {"type": "MultiLineString", "coordinates": [[[-43.18917140973275, -22.98648384235537], [-43.18917193044018, -22.986482105764537]]]}, "properties": {"camada": "SSDMT", "COD_ID": "12468678", "CTMT": "PTS9924", "COMP": 0.21, "TIP_CND": "105924963_35_3", "energizado": true, "fonte": "PTS9924"}}, {"type": "Feature", "geometry": {"type": "MultiLineString", "coordinates": [[[-43.18911939924084, -22.986570589161317], [-43.18909467058256, -22.986564256135466]]]}, "properties": {"camada": "SSDMT", "COD_ID": "12417321", "CTMT": "PTS9924", "COMP": 2.74, "TIP_CND": "105924963_35_3", "energizado": true, "fonte": "PTS9924"}}, {"type": "Feature", "geometry": {"type": "MultiLineString", "coordinates": [[[-43.18973762379227, -22.986743890318223], [-43.18973352468237, -22.986757316297087]]]}, "properties": {"camada": "SSDMT", "COD_ID": "11703634", "CTMT": "PTS9924", "COMP": 1.61, "TIP_CND": "105924962_35_3", "energizado": true, "fonte": "PTS9924"}}, {"type": "Feature", "geometry": {"type": "MultiLineString", "coordinates": [[[-43.1891675939093, -22.98648473808015], [-43.189167073201816, -22.98648647467104]]]}, "properties": {"camada": "SSDMT", "COD_ID": "466483588", "CTMT": "PTS9924", "COMP": 0.21, "TIP_CND": "105924963_35_3", "energizado": true, "fonte": "PTS9924"}}, {"type": "Feature", "geometry": {"type": "MultiLineString", "coordinates": [[[-43.18912157380157, -22.986563281270378], [-43.18911939924084, -22.986570589161317]]]}, "properties": {"camada": "SSDMT", "COD_ID": "12417315", "CTMT": "PTS9924", "COMP": 0.87, "TIP_CND": "105924963_35_3", "energizado": true, "fonte": "PTS9924"}}, {"type": "Feature", "geometry": {"type": "MultiLineString", "coordinates": [[[-43.18909467058256, -22.986564256135466], [-43.189039737294024, -22.9864845312361]]]}, "properties": {"camada": "SSDMT", "COD_ID": "12417327", "CTMT": "PTS9924", "COMP": 10.89, "TIP_CND": "105924963_35_3", "energizado": true, "fonte": "PTS9924"}}, {"type": "Feature", "geometry": {"type": "MultiLineString", "coordinates": [[[-43.18840231041827, -22.98655276819568], [-43.188392849550326, -22.986552759202425]]]}, "properties": {"camada": "SSDMT", "COD_ID": "263632432", "CTMT": "PTS9924", "COMP": 1.01, "TIP_CND": "105924963_35_3", "energizado": true, "fonte": "PTS9924"}}, {"type": "Feature", "geometry": {"type": "MultiLineString", "coordinates": [[[-43.189684347954255, -22.98674768815522], [-43.189689626075335, -22.986749039836297]]]}, "properties": {"camada": "SSDMT", "COD_ID": "11703610", "CTMT": "PTS9924", "COMP": 0.58, "TIP_CND": "105924962_35_3", "energizado": true, "fonte": "PTS9924"}}, {"type": "Feature", "geometry": {"type": "MultiLineString", "coordinates": [[[-43.189694603822886, -22.986732715342498], [-43.1897254739514, -22.986740726503285]]]}, "properties": {"camada": "SSDMT", "COD_ID": "11703622", "CTMT": "PTS9924", "COMP": 3.42, "TIP_CND": "105924962_35_3", "energizado": true, "fonte": "PTS9924"}}, {"type": "Feature", "geometry": {"type": "MultiLineString", "coordinates": [[[-43.18915757096511, -22.98647637888172], [-43.1891561032715, -22.98647601015972]]]}, "properties": {"camada": "SSDMT", "COD_ID": "12417525", "CTMT": "PTS9924", "COMP": 0.16, "TIP_CND": "105924963_35_3", "energizado": true, "fonte": "PTS9924"}}, {"type": "Feature", "geometry": {"type": "Point", "coordinates": [-43.19289210468685, -22.987715248060226]}, "properties": {"camada": "UNSEMT", "COD_ID": "747530619", "CTMT": "PTS0001", "PAC_1": "PTSTSL43_MT_459220", "PAC_2": "747530619_2", "normal": "NF", "aberta": false, "TLCD": false, "TIP_UNID": "33", "tie": false, "externa": false, "energizado": false, "fonte": null}}, {"type": "Feature", "geometry": {"type": "Point", "coordinates": [-43.19310951489217, -22.987707110095016]}, "properties": {"camada": "UNSEMT", "COD_ID": "747530661", "CTMT": "PTS0001", "PAC_1": "PTSTSL43_MT_459220", "PAC_2": "747530661_2", "normal": "NF", "aberta": false, "TLCD": false, "TIP_UNID": "33", "tie": false, "externa": false, "energizado": false, "fonte": null}}, {"type": "Feature", "geometry": {"type": "Point", "coordinates": [-43.193101635931725, -22.98770545804041]}, "properties": {"camada": "UNSEMT", "COD_ID": "747530655", "CTMT": "PTS0001", "PAC_1": "PTSTSL43_MT_459220", "PAC_2": "747530655_2", "normal": "NF", "aberta": false, "TLCD": false, "TIP_UNID": "33", "tie": false, "externa": false, "energizado": false, "fonte": null}}, {"type": "Feature", "geometry": {"type": "Point", "coordinates": [-43.193056226463625, -22.9876964144579]}, "properties": {"camada": "UNSEMT", "COD_ID": "747530646", "CTMT": "PTS0001", "PAC_1": "PTSTSL43_MT_459220", "PAC_2": "747530646_2", "normal": "NF", "aberta": false, "TLCD": false, "TIP_UNID": "33", "tie": false, "externa": false, "energizado": false, "fonte": null}}, {"type": "Feature", "geometry": {"type": "Point", "coordinates": [-43.193047632542175, -22.98769427587007]}, "properties": {"camada": "UNSEMT", "COD_ID": "747530640", "CTMT": "PTS0001", "PAC_1": "PTSTSL43_MT_459220", "PAC_2": "747530640_2", "normal": "NF", "aberta": false, "TLCD": false, "TIP_UNID": "33", "tie": false, "externa": false, "energizado": false, "fonte": null}}, {"type": "Feature", "geometry": {"type": "Point", "coordinates": [-43.1930399568285, -22.98769277939823]}, "properties": {"camada": "UNSEMT", "COD_ID": "747530634", "CTMT": "PTS0001", "PAC_1": "PTSTSL43_MT_459220", "PAC_2": "747530634_2", "normal": "NF", "aberta": false, "TLCD": false, "TIP_UNID": "33", "tie": false, "externa": false, "energizado": false, "fonte": null}}, {"type": "Feature", "geometry": {"type": "Point", "coordinates": [-43.19290064554832, -22.987718470331117]}, "properties": {"camada": "UNSEMT", "COD_ID": "747530625", "CTMT": "PTS0001", "PAC_1": "PTSTSL43_MT_459220", "PAC_2": "747530625_2", "normal": "NF", "aberta": false, "TLCD": false, "TIP_UNID": "33", "tie": false, "externa": false, "energizado": false, "fonte": null}}, {"type": "Feature", "geometry": {"type": "Point", "coordinates": [-43.192977775903614, -22.98788663815776]}, "properties": {"camada": "UNSEMT", "COD_ID": "10933757", "CTMT": "PTS0001", "PAC_1": "PTSTSL43_MT_459220", "PAC_2": "10933757_2", "normal": "NF", "aberta": false, "TLCD": true, "TIP_UNID": "29", "tie": false, "externa": false, "energizado": false, "fonte": null}}, {"type": "Feature", "geometry": {"type": "Point", "coordinates": [-43.193080687123995, -22.987937994842525]}, "properties": {"camada": "UNSEMT", "COD_ID": "10934247", "CTMT": "PTS0001", "PAC_1": "PTSTSL43_MT_459220", "PAC_2": "10934247_2", "normal": "NF", "aberta": false, "TLCD": true, "TIP_UNID": "29", "tie": false, "externa": false, "energizado": false, "fonte": null}}, {"type": "Feature", "geometry": {"type": "Point", "coordinates": [-43.19286863328074, -22.98788070533027]}, "properties": {"camada": "UNSEMT", "COD_ID": "10933498", "CTMT": "PTS0001", "PAC_1": "PTSTSL43_MT_459220", "PAC_2": "10933498_2", "normal": "NF", "aberta": false, "TLCD": true, "TIP_UNID": "29", "tie": false, "externa": false, "energizado": false, "fonte": null}}, {"type": "Feature", "geometry": {"type": "Point", "coordinates": [-43.19296093699762, -22.987906041930273]}, "properties": {"camada": "UNSEMT", "COD_ID": "10934457", "CTMT": "PTS0001", "PAC_1": "PTSTSL43_MT_459220", "PAC_2": "10934457_2", "normal": "NF", "aberta": false, "TLCD": true, "TIP_UNID": "29", "tie": false, "externa": false, "energizado": false, "fonte": null}}, {"type": "Feature", "geometry": {"type": "Point", "coordinates": [-43.192882437874175, -22.98771312386151]}, "properties": {"camada": "UNSEMT", "COD_ID": "747530613", "CTMT": "PTS0001", "PAC_1": "PTSTSL43_MT_459220", "PAC_2": "747530613_2", "normal": "NF", "aberta": false, "TLCD": false, "TIP_UNID": "33", "tie": false, "externa": false, "energizado": false, "fonte": null}}, {"type": "Feature", "geometry": {"type": "Point", "coordinates": [-43.193117985606534, -22.98770899417468]}, "properties": {"camada": "UNSEMT", "COD_ID": "747530667", "CTMT": "PTS0001", "PAC_1": "PTSTSL43_MT_459220", "PAC_2": "747530667_2", "normal": "NF", "aberta": false, "TLCD": false, "TIP_UNID": "33", "tie": false, "externa": false, "energizado": false, "fonte": null}}, {"type": "Feature", "geometry": {"type": "Point", "coordinates": [-43.1929027661497, -22.98770784753907]}, "properties": {"camada": "UNSEMT", "COD_ID": "10934051", "CTMT": "PTS0001", "PAC_1": "PTSTSL43_MT_459220", "PAC_2": "10934051_2", "normal": "NF", "aberta": false, "TLCD": true, "TIP_UNID": "29", "tie": false, "externa": false, "energizado": false, "fonte": null}}, {"type": "Feature", "geometry": {"type": "Point", "coordinates": [-43.1929683815855, -22.987902135275306]}, "properties": {"camada": "UNSEMT", "COD_ID": "10933792", "CTMT": "PTS0001", "PAC_1": "PTSTSL43_MT_459220", "PAC_2": "10933792_2", "normal": "NF", "aberta": false, "TLCD": true, "TIP_UNID": "29", "tie": false, "externa": false, "energizado": false, "fonte": null}}, {"type": "Feature", "geometry": {"type": "Point", "coordinates": [-43.19310419450295, -22.987693530332137]}, "properties": {"camada": "UNSEMT", "COD_ID": "10934548", "CTMT": "PTS0001", "PAC_1": "PTSTSL43_MT_459220", "PAC_2": "10934548_2", "normal": "NF", "aberta": false, "TLCD": true, "TIP_UNID": "29", "tie": false, "externa": false, "energizado": false, "fonte": null}}, {"type": "Feature", "geometry": {"type": "Point", "coordinates": [-43.19311184773352, -22.98769596569622]}, "properties": {"camada": "UNSEMT", "COD_ID": "10934555", "CTMT": "PTS0001", "PAC_1": "PTSTSL43_MT_459220", "PAC_2": "10934555_2", "normal": "NF", "aberta": false, "TLCD": true, "TIP_UNID": "29", "tie": false, "externa": false, "energizado": false, "fonte": null}}, {"type": "Feature", "geometry": {"type": "Point", "coordinates": [-43.192896871993014, -22.9878658925968]}, "properties": {"camada": "UNSEMT", "COD_ID": "10933421", "CTMT": "PTS0001", "PAC_1": "PTSTSL43_MT_459220", "PAC_2": "10933421_2", "normal": "NF", "aberta": false, "TLCD": true, "TIP_UNID": "29", "tie": false, "externa": false, "energizado": false, "fonte": null}}, {"type": "Feature", "geometry": {"type": "Point", "coordinates": [-43.19298000172563, -22.98790778571572]}, "properties": {"camada": "UNSEMT", "COD_ID": "10933799", "CTMT": "PTS0001", "PAC_1": "PTSTSL43_MT_459220", "PAC_2": "10933799_2", "normal": "NF", "aberta": false, "TLCD": true, "TIP_UNID": "29", "tie": false, "externa": false, "energizado": false, "fonte": null}}, {"type": "Feature", "geometry": {"type": "Point", "coordinates": [-43.1930910590051, -22.987914985688008]}, "properties": {"camada": "UNSEMT", "COD_ID": "10934254", "CTMT": "PTS0001", "PAC_1": "PTSTSL43_MT_459220", "PAC_2": "10934254_2", "normal": "NF", "aberta": false, "TLCD": true, "TIP_UNID": "29", "tie": false, "externa": false, "energizado": false, "fonte": null}}, {"type": "Feature", "geometry": {"type": "Point", "coordinates": [-43.19307739020934, -22.98784992873118]}, "properties": {"camada": "UNSEMT", "COD_ID": "10934268", "CTMT": "PTS0001", "PAC_1": "PTSTSL43_MT_459220", "PAC_2": "10934268_2", "normal": "NF", "aberta": false, "TLCD": true, "TIP_UNID": "29", "tie": false, "externa": false, "energizado": false, "fonte": null}}, {"type": "Feature", "geometry": {"type": "Point", "coordinates": [-43.193058773343694, -22.987684559594697]}, "properties": {"camada": "UNSEMT", "COD_ID": "10934282", "CTMT": "PTS0001", "PAC_1": "PTSTSL43_MT_459220", "PAC_2": "10934282_2", "normal": "NF", "aberta": false, "TLCD": true, "TIP_UNID": "29", "tie": false, "externa": false, "energizado": false, "fonte": null}}, {"type": "Feature", "geometry": {"type": "Point", "coordinates": [-43.19306640499053, -22.987847202886087]}, "properties": {"camada": "UNSEMT", "COD_ID": "10934296", "CTMT": "PTS0001", "PAC_1": "PTSTSL43_MT_459220", "PAC_2": "10934296_2", "normal": "NF", "aberta": false, "TLCD": true, "TIP_UNID": "29", "tie": false, "externa": false, "energizado": false, "fonte": null}}, {"type": "Feature", "geometry": {"type": "Point", "coordinates": [-43.19298333011653, -22.98788847097609]}, "properties": {"camada": "UNSEMT", "COD_ID": "10933764", "CTMT": "PTS0001", "PAC_1": "PTSTSL43_MT_459220", "PAC_2": "10933764_2", "normal": "NF", "aberta": false, "TLCD": true, "TIP_UNID": "29", "tie": false, "externa": false, "energizado": false, "fonte": null}}, {"type": "Feature", "geometry": {"type": "Point", "coordinates": [-43.19285752845212, -22.987775410906465]}, "properties": {"camada": "UNSEMT", "COD_ID": "10933981", "CTMT": "PTS0001", "PAC_1": "PTSTSL43_MT_459220", "PAC_2": "10933981_2", "normal": "NF", "aberta": false, "TLCD": true, "TIP_UNID": "29", "tie": false, "externa": false, "energizado": false, "fonte": null}}, {"type": "Feature", "geometry": {"type": "Point", "coordinates": [-43.1930307945355, -22.987899298813545]}, "properties": {"camada": "UNSEMT", "COD_ID": "10934212", "CTMT": "PTS0001", "PAC_1": "PTSTSL43_MT_3489", "PAC_2": "PTSTSL43_MT_51301", "normal": "NA", "aberta": true, "TLCD": true, "TIP_UNID": "29", "tie": false, "externa": false, "energizado": false, "fonte": null}}, {"type": "Feature", "geometry": {"type": "Point", "coordinates": [-43.192903069221245, -22.98787809100105]}, "properties": {"camada": "UNSEMT", "COD_ID": "10933554", "CTMT": "PTS0001", "PAC_1": "PTSTSL43_MT_3412", "PAC_2": "PTSTSL43_MT_3416", "normal": "NA", "aberta": true, "TLCD": true, "TIP_UNID": "29", "tie": false, "externa": false, "energizado": false, "fonte": null}}, {"type": "Feature", "geometry": {"type": "Point", "coordinates": [-43.19268814024542, -22.987896172770093]}, "properties": {"camada": "UNSEMT", "COD_ID": "532293144", "CTMT": "PTS0001", "PAC_1": "PTSTSL42_MT_601196", "PAC_2": "PTSTSL42_MT_601197", "normal": "NF", "aberta": false, "TLCD": false, "TIP_UNID": "16", "tie": false, "externa": false, "energizado": false, "fonte": null}}, {"type": "Feature", "geometry": {"type": "Point", "coordinates": [-43.19263824675767, -22.98788542587164]}, "properties": {"camada": "UNSEMT", "COD_ID": "532272111", "CTMT": "PTS0001", "PAC_1": "PTSTSL43_MT_601190", "PAC_2": "PTSTSL43_MT_601191", "normal": "NF", "aberta": false, "TLCD": false, "TIP_UNID": "16", "tie": false, "externa": false, "energizado": false, "fonte": null}}, {"type": "Feature", "geometry": {"type": "Point", "coordinates": [-43.19285457507851, -22.987889711141236]}, "properties": {"camada": "UNSEMT", "COD_ID": "11075812", "CTMT": "PTS0001", "PAC_1": "PTSTSL43_MT_459220", "PAC_2": "PTSTSL43_MT_483721", "normal": "NF", "aberta": false, "TLCD": false, "TIP_UNID": "22", "tie": false, "externa": false, "energizado": false, "fonte": null}}, {"type": "Feature", "geometry": {"type": "Point", "coordinates": [-43.19307818431071, -22.987952405578994]}, "properties": {"camada": "UNSEMT", "COD_ID": "11075805", "CTMT": "PTS0001", "PAC_1": "PTSTSL42_MT_459771", "PAC_2": "PTSTSL42_MT_483720", "normal": "NF", "aberta": false, "TLCD": false, "TIP_UNID": "22", "tie": false, "externa": false, "energizado": false, "fonte": null}}, {"type": "Feature", "geometry": {"type": "Point", "coordinates": [-43.19306126896237, -22.98767733713936]}, "properties": {"camada": "UNSEMT", "COD_ID": "11309683", "CTMT": "PTS9924", "PAC_1": "PTS9924_MT_51291", "PAC_2": "11309683_2", "normal": "NF", "aberta": false, "TLCD": false, "TIP_UNID": "19", "tie": false, "externa": false, "energizado": true, "fonte": "PTS9924"}}, {"type": "Feature", "geometry": {"type": "Point", "coordinates": [-43.19311418147424, -22.98768915692898]}, "properties": {"camada": "UNSEMT", "COD_ID": "11309543", "CTMT": "PTS9924", "PAC_1": "PTS9924_MT_51291", "PAC_2": "11309543_2", "normal": "NF", "aberta": false, "TLCD": false, "TIP_UNID": "19", "tie": false, "externa": false, "energizado": true, "fonte": "PTS9924"}}, {"type": "Feature", "geometry": {"type": "Point", "coordinates": [-43.19310638525144, -22.987687180219154]}, "properties": {"camada": "UNSEMT", "COD_ID": "11309536", "CTMT": "PTS9924", "PAC_1": "PTS9924_MT_51291", "PAC_2": "11309536_2", "normal": "NF", "aberta": false, "TLCD": false, "TIP_UNID": "19", "tie": false, "externa": false, "energizado": true, "fonte": "PTS9924"}}, {"type": "Feature", "geometry": {"type": "Point", "coordinates": [-43.192905211406355, -22.987700741096262]}, "properties": {"camada": "UNSEMT", "COD_ID": "11323944", "CTMT": "PTS9924", "PAC_1": "PTS9924_MT_51291", "PAC_2": "11323944_2", "normal": "NF", "aberta": false, "TLCD": false, "TIP_UNID": "19", "tie": false, "externa": false, "energizado": true, "fonte": "PTS9924"}}, {"type": "Feature", "geometry": {"type": "Point", "coordinates": [-43.19288668807013, -22.98769641175994]}, "properties": {"camada": "UNSEMT", "COD_ID": "11323937", "CTMT": "PTS9924", "PAC_1": "PTS9924_MT_51291", "PAC_2": "11323937_2", "normal": "NF", "aberta": false, "TLCD": false, "TIP_UNID": "19", "tie": false, "externa": false, "energizado": true, "fonte": "PTS9924"}}, {"type": "Feature", "geometry": {"type": "Point", "coordinates": [-43.1930502810456, -22.987682151210265]}, "properties": {"camada": "UNSEMT", "COD_ID": "660150983", "CTMT": "PTS9924", "PAC_1": "PTS9924_MT_51291", "PAC_2": "660150983_2", "normal": "NF", "aberta": false, "TLCD": false, "TIP_UNID": "19", "tie": false, "externa": false, "energizado": true, "fonte": "PTS9924"}}, {"type": "Feature", "geometry": {"type": "Point", "coordinates": [-43.193096315542505, -22.987954652984797]}, "properties": {"camada": "UNSEMT", "COD_ID": "278673527", "CTMT": "PTS9924", "PAC_1": "PTS9924_MT_51291", "PAC_2": "278673527_2", "normal": "NF", "aberta": false, "TLCD": false, "TIP_UNID": "22", "tie": false, "externa": false, "energizado": true, "fonte": "PTS9924"}}, {"type": "Feature", "geometry": {"type": "Point", "coordinates": [-43.192987291630175, -22.987869282141617]}, "properties": {"camada": "UNSEMT", "COD_ID": "278673320", "CTMT": "PTS9924", "PAC_1": "PTS9924_MT_51291", "PAC_2": "278673320_2", "normal": "NF", "aberta": false, "TLCD": false, "TIP_UNID": "22", "tie": false, "externa": false, "energizado": true, "fonte": "PTS9924"}}, {"type": "Feature", "geometry": {"type": "Point", "coordinates": [-43.193122317640814, -22.987692003283257]}, "properties": {"camada": "UNSEMT", "COD_ID": "11309557", "CTMT": "PTS9924", "PAC_1": "PTS9924_MT_51291", "PAC_2": "11309557_2", "normal": "NF", "aberta": false, "TLCD": false, "TIP_UNID": "19", "tie": false, "externa": false, "energizado": true, "fonte": "PTS9924"}}, {"type": "Feature", "geometry": {"type": "Point", "coordinates": [-43.192896466398736, -22.9876982122027]}, "properties": {"camada": "UNSEMT", "COD_ID": "11323930", "CTMT": "PTS9924", "PAC_1": "PTS9924_MT_51291", "PAC_2": "11323930_2", "normal": "NF", "aberta": false, "TLCD": false, "TIP_UNID": "19", "tie": false, "externa": false, "energizado": true, "fonte": "PTS9924"}}, {"type": "Feature", "geometry": {"type": "Point", "coordinates": [-43.19305257431682, -22.98767546744881]}, "properties": {"camada": "UNSEMT", "COD_ID": "11309669", "CTMT": "PTS9924", "PAC_1": "PTS9924_MT_51291", "PAC_2": "11309669_2", "normal": "NF", "aberta": false, "TLCD": false, "TIP_UNID": "19", "tie": false, "externa": false, "energizado": true, "fonte": "PTS9924"}}, {"type": "Feature", "geometry": {"type": "Point", "coordinates": [-43.19304514052078, -22.98767332436438]}, "properties": {"camada": "UNSEMT", "COD_ID": "11309676", "CTMT": "PTS9924", "PAC_1": "PTS9924_MT_51291", "PAC_2": "11309676_2", "normal": "NF", "aberta": false, "TLCD": false, "TIP_UNID": "19", "tie": false, "externa": false, "energizado": true, "fonte": "PTS9924"}}, {"type": "Feature", "geometry": {"type": "Point", "coordinates": [-43.19285084918732, -22.987886056296418]}, "properties": {"camada": "UNSEMT", "COD_ID": "278673454", "CTMT": "PTS9924", "PAC_1": "PTS9924_MT_51291", "PAC_2": "278673454_2", "normal": "NF", "aberta": false, "TLCD": false, "TIP_UNID": "22", "tie": false, "externa": false, "energizado": true, "fonte": "PTS9924"}}, {"type": "Feature", "geometry": {"type": "Point", "coordinates": [-43.20047005574844, -22.981193291736986]}, "properties": {"camada": "UNSEMT", "COD_ID": "11241421", "CTMT": "PTS4022", "PAC_1": "PTS4022_MT_43972", "PAC_2": "PTS4022_MT_495253", "normal": "NF", "aberta": false, "TLCD": false, "TIP_UNID": "19", "tie": false, "externa": false, "energizado": true, "fonte": "PTS4022"}}, {"type": "Feature", "geometry": {"type": "Point", "coordinates": [-43.192923835466615, -22.987873596189445]}, "properties": {"camada": "UNSEMT", "COD_ID": "10934485", "CTMT": "PTS0001", "PAC_1": "PTSTSL43_MT_3420", "PAC_2": "PTSTSL43_MT_51339", "normal": "NA", "aberta": true, "TLCD": true, "TIP_UNID": "29", "tie": false, "externa": false, "energizado": false, "fonte": null}}, {"type": "Feature", "geometry": {"type": "Point", "coordinates": [-43.19306469627867, -22.98790823717536]}, "properties": {"camada": "UNSEMT", "COD_ID": "10934233", "CTMT": "PTS0001", "PAC_1": "PTSTSL43_MT_3493", "PAC_2": "PTSTSL43_MT_51303", "normal": "NA", "aberta": true, "TLCD": true, "TIP_UNID": "29", "tie": false, "externa": false, "energizado": false, "fonte": null}}, {"type": "Feature", "geometry": {"type": "Point", "coordinates": [-43.19293606624643, -22.98787585798442]}, "properties": {"camada": "UNSEMT", "COD_ID": "10934499", "CTMT": "PTS0001", "PAC_1": "PTSTSL43_MT_3422", "PAC_2": "PTSTSL43_MT_51342", "normal": "NA", "aberta": true, "TLCD": true, "TIP_UNID": "29", "tie": false, "externa": false, "energizado": false, "fonte": null}}, {"type": "Feature", "geometry": {"type": "Point", "coordinates": [-43.19308894739697, -22.987832352381133]}, "properties": {"camada": "UNSEMT", "COD_ID": "10934275", "CTMT": "PTS0001", "PAC_1": "PTSTSL43_MT_3516", "PAC_2": "PTSTSL43_MT_3521", "normal": "NA", "aberta": true, "TLCD": true, "TIP_UNID": "29", "tie": false, "externa": false, "energizado": false, "fonte": null}}, {"type": "Feature", "geometry": {"type": "Point", "coordinates": [-43.193056967505015, -22.987844665898592]}, "properties": {"camada": "UNSEMT", "COD_ID": "10934324", "CTMT": "PTS0001", "PAC_1": "PTSTSL43_MT_3548", "PAC_2": "PTSTSL43_MT_51311", "normal": "NA", "aberta": true, "TLCD": true, "TIP_UNID": "29", "tie": false, "externa": false, "energizado": false, "fonte": null}}, {"type": "Feature", "geometry": {"type": "Point", "coordinates": [-43.19304225189836, -22.98784077723002]}, "properties": {"camada": "UNSEMT", "COD_ID": "10934331", "CTMT": "PTS0001", "PAC_1": "PTSTSL43_MT_3552", "PAC_2": "PTSTSL43_MT_51312", "normal": "NA", "aberta": true, "TLCD": true, "TIP_UNID": "29", "tie": false, "externa": false, "energizado": false, "fonte": null}}, {"type": "Feature", "geometry": {"type": "Point", "coordinates": [-43.19303145193993, -22.987838053183566]}, "properties": {"camada": "UNSEMT", "COD_ID": "10934338", "CTMT": "PTS0001", "PAC_1": "PTSTSL43_MT_3554", "PAC_2": "PTSTSL43_MT_51313", "normal": "NA", "aberta": true, "TLCD": true, "TIP_UNID": "29", "tie": false, "externa": false, "energizado": false, "fonte": null}}, {"type": "Feature", "geometry": {"type": "Point", "coordinates": [-43.192985512771145, -22.98782704458239]}, "properties": {"camada": "UNSEMT", "COD_ID": "10934352", "CTMT": "PTS0001", "PAC_1": "PTSTSL43_MT_3562", "PAC_2": "PTSTSL43_MT_51316", "normal": "NA", "aberta": true, "TLCD": true, "TIP_UNID": "29", "tie": false, "externa": false, "energizado": false, "fonte": null}}, {"type": "Feature", "geometry": {"type": "Point", "coordinates": [-43.19299783258384, -22.9878299035272]}, "properties": {"camada": "UNSEMT", "COD_ID": "10934359", "CTMT": "PTS0001", "PAC_1": "PTSTSL43_MT_3560", "PAC_2": "PTSTSL43_MT_51317", "normal": "NA", "aberta": true, "TLCD": true, "TIP_UNID": "29", "tie": false, "externa": false, "energizado": false, "fonte": null}}, {"type": "Feature", "geometry": {"type": "Point", "coordinates": [-43.19300952197182, -22.987832447709252]}, "properties": {"camada": "UNSEMT", "COD_ID": "10934366", "CTMT": "PTS0001", "PAC_1": "PTSTSL43_MT_3558", "PAC_2": "PTSTSL43_MT_51318", "normal": "NA", "aberta": true, "TLCD": true, "TIP_UNID": "29", "tie": false, "externa": false, "energizado": false, "fonte": null}}, {"type": "Feature", "geometry": {"type": "Point", "coordinates": [-43.19302042445298, -22.987834865986258]}, "properties": {"camada": "UNSEMT", "COD_ID": "10934373", "CTMT": "PTS0001", "PAC_1": "PTSTSL43_MT_3556", "PAC_2": "PTSTSL43_MT_51319", "normal": "NA", "aberta": true, "TLCD": true, "TIP_UNID": "29", "tie": false, "externa": false, "energizado": false, "fonte": null}}, {"type": "Feature", "geometry": {"type": "Point", "coordinates": [-43.192843882139414, -22.98779085046732]}, "properties": {"camada": "UNSEMT", "COD_ID": "10933988", "CTMT": "PTS0001", "PAC_1": "PTSTSL43_MT_3394", "PAC_2": "PTSTSL43_MT_3392", "normal": "NA", "aberta": true, "TLCD": true, "TIP_UNID": "29", "tie": false, "externa": false, "energizado": false, "fonte": null}}, {"type": "Feature", "geometry": {"type": "Point", "coordinates": [-43.19304923783204, -22.987927945818]}, "properties": {"camada": "UNSEMT", "COD_ID": "10934177", "CTMT": "PTS9088", "PAC_1": "PTS9088_MT_51297", "PAC_2": "PTS9088_MT_51298", "normal": "NF", "aberta": false, "TLCD": true, "TIP_UNID": "29", "tie": false, "externa": false, "energizado": true, "fonte": "PTS9088"}}, {"type": "Feature", "geometry": {"type": "Point", "coordinates": [-43.19306410002815, -22.987928187735633]}, "properties": {"camada": "UNSEMT", "COD_ID": "10934184", "CTMT": "PTS0001", "PAC_1": "PTSTSL43_MT_3495", "PAC_2": "PTSTSL43_MT_3501", "normal": "NA", "aberta": true, "TLCD": true, "TIP_UNID": "29", "tie": false, "externa": false, "energizado": false, "fonte": null}}, {"type": "Feature", "geometry": {"type": "Point", "coordinates": [-43.19299594400758, -22.987891983728048]}, "properties": {"camada": "UNSEMT", "COD_ID": "10934086", "CTMT": "PTS0001", "PAC_1": "PTSTSL43_MT_3483", "PAC_2": "PTSTSL43_MT_51276", "normal": "NA", "aberta": true, "TLCD": true, "TIP_UNID": "29", "tie": false, "externa": false, "energizado": false, "fonte": null}}, {"type": "Feature", "geometry": {"type": "Point", "coordinates": [-43.1930036511975, -22.98791678792935]}, "properties": {"camada": "UNSEMT", "COD_ID": "10934149", "CTMT": "PTS9924", "PAC_1": "PTS9924_MT_51291", "PAC_2": "PTS9924_MT_51292", "normal": "NF", "aberta": false, "TLCD": true, "TIP_UNID": "29", "tie": false, "externa": false, "energizado": true, "fonte": "PTS9924"}}, {"type": "Feature", "geometry": {"type": "Point", "coordinates": [-43.19294684821841, -22.987878483105476]}, "properties": {"camada": "UNSEMT", "COD_ID": "10934513", "CTMT": "PTS0001", "PAC_1": "PTSTSL43_MT_3424", "PAC_2": "PTSTSL43_MT_51345", "normal": "NA", "aberta": true, "TLCD": true, "TIP_UNID": "29", "tie": false, "externa": false, "energizado": false, "fonte": null}}, {"type": "Feature", "geometry": {"type": "Point", "coordinates": [-43.1929575177752, -22.987881503028916]}, "properties": {"camada": "UNSEMT", "COD_ID": "10934534", "CTMT": "PTS0001", "PAC_1": "PTSTSL43_MT_3426", "PAC_2": "PTSTSL43_MT_51350", "normal": "NA", "aberta": true, "TLCD": true, "TIP_UNID": "29", "tie": false, "externa": false, "energizado": false, "fonte": null}}, {"type": "Feature", "geometry": {"type": "Point", "coordinates": [-43.1929662151187, -22.98788388713166]}, "properties": {"camada": "UNSEMT", "COD_ID": "10934541", "CTMT": "PTS0001", "PAC_1": "PTSTSL43_MT_3428", "PAC_2": "PTSTSL43_MT_51351", "normal": "NA", "aberta": true, "TLCD": true, "TIP_UNID": "29", "tie": false, "externa": false, "energizado": false, "fonte": null}}, {"type": "Feature", "geometry": {"type": "Point", "coordinates": [-43.1930672395614, -22.987917992121595]}, "properties": {"camada": "UNSEMT", "COD_ID": "10934191", "CTMT": "PTS0001", "PAC_1": "PTSTSL43_MT_3497", "PAC_2": "PTSTSL43_MT_3508", "normal": "NA", "aberta": true, "TLCD": true, "TIP_UNID": "29", "tie": false, "externa": false, "energizado": false, "fonte": null}}, {"type": "Feature", "geometry": {"type": "Point", "coordinates": [-43.193007901393514, -22.987894241925687]}, "properties": {"camada": "UNSEMT", "COD_ID": "10934198", "CTMT": "PTS0001", "PAC_1": "PTSTSL43_MT_3485", "PAC_2": "PTSTSL43_MT_51299", "normal": "NA", "aberta": true, "TLCD": true, "TIP_UNID": "29", "tie": false, "externa": false, "energizado": false, "fonte": null}}, {"type": "Feature", "geometry": {"type": "Point", "coordinates": [-43.19301930569634, -22.98789699115315]}, "properties": {"camada": "UNSEMT", "COD_ID": "10934205", "CTMT": "PTS0001", "PAC_1": "PTSTSL43_MT_3487", "PAC_2": "PTSTSL43_MT_51300", "normal": "NA", "aberta": true, "TLCD": true, "TIP_UNID": "29", "tie": false, "externa": false, "energizado": false, "fonte": null}}, {"type": "Feature", "geometry": {"type": "Point", "coordinates": [-43.19305333424393, -22.98790521815124]}, "properties": {"camada": "UNSEMT", "COD_ID": "10934226", "CTMT": "PTS0001", "PAC_1": "PTSTSL43_MT_3491", "PAC_2": "PTSTSL43_MT_51302", "normal": "NA", "aberta": true, "TLCD": true, "TIP_UNID": "29", "tie": false, "externa": false, "energizado": false, "fonte": null}}, {"type": "Feature", "geometry": {"type": "Point", "coordinates": [-43.19287672538053, -22.987798775293186]}, "properties": {"camada": "UNSEMT", "COD_ID": "10933610", "CTMT": "PTS0001", "PAC_1": "PTS0001_MT_51189", "PAC_2": "PTS0001_MT_51190", "normal": "NF", "aberta": true, "TLCD": true, "TIP_UNID": "29", "tie": false, "externa": false, "energizado": true, "fonte": "PTS0001"}}, {"type": "Feature", "geometry": {"type": "Point", "coordinates": [-43.19288916660173, -22.987885699265576]}, "properties": {"camada": "UNSEMT", "COD_ID": "10933547", "CTMT": "PTS0001", "PAC_1": "PTSTSL43_MT_3410", "PAC_2": "PTSTSL43_MT_3414", "normal": "NA", "aberta": true, "TLCD": true, "TIP_UNID": "29", "tie": false, "externa": false, "energizado": false, "fonte": null}}, {"type": "Feature", "geometry": {"type": "Point", "coordinates": [-43.19297449068017, -22.987824101101353]}, "properties": {"camada": "UNSEMT", "COD_ID": "10934429", "CTMT": "PTS0001", "PAC_1": "PTSTSL43_MT_3564", "PAC_2": "PTSTSL43_MT_51332", "normal": "NA", "aberta": true, "TLCD": true, "TIP_UNID": "29", "tie": false, "externa": false, "energizado": false, "fonte": null}}, {"type": "Feature", "geometry": {"type": "Point", "coordinates": [-43.19296312504815, -22.987821343779956]}, "properties": {"camada": "UNSEMT", "COD_ID": "10934436", "CTMT": "PTS0001", "PAC_1": "PTSTSL43_MT_3566", "PAC_2": "PTSTSL43_MT_51333", "normal": "NA", "aberta": true, "TLCD": true, "TIP_UNID": "29", "tie": false, "externa": false, "energizado": false, "fonte": null}}, {"type": "Feature", "geometry": {"type": "Point", "coordinates": [-43.19297411926016, -22.987885819774704]}, "properties": {"camada": "UNSEMT", "COD_ID": "10934450", "CTMT": "PTS0001", "PAC_1": "PTSTSL43_MT_3450", "PAC_2": "PTSTSL43_MT_3452", "normal": "NA", "aberta": true, "TLCD": true, "TIP_UNID": "29", "tie": false, "externa": false, "energizado": false, "fonte": null}}, {"type": "Feature", "geometry": {"type": "Point", "coordinates": [-43.192897365720796, -22.987890371243566]}, "properties": {"camada": "UNSEMT", "COD_ID": "10934471", "CTMT": "PTS4022", "PAC_1": "PTS4022_MT_51335", "PAC_2": "PTS4022_MT_51336", "normal": "NF", "aberta": false, "TLCD": true, "TIP_UNID": "29", "tie": false, "externa": false, "energizado": true, "fonte": "PTS4022"}}, {"type": "Feature", "geometry": {"type": "Point", "coordinates": [-43.192912536384426, -22.987871020531145]}, "properties": {"camada": "UNSEMT", "COD_ID": "10934464", "CTMT": "PTS0001", "PAC_1": "PTSTSL43_MT_3418", "PAC_2": "PTSTSL43_MT_51334", "normal": "NA", "aberta": true, "TLCD": true, "TIP_UNID": "29", "tie": false, "externa": false, "energizado": false, "fonte": null}}, {"type": "Feature", "geometry": {"type": "Point", "coordinates": [-43.191107646500654, -22.986983267363826]}, "properties": {"camada": "UNSEMT", "COD_ID": "310237209", "CTMT": "PTS9088", "PAC_1": "PTS9088_MT_570411", "PAC_2": "PTS9088_MT_570412", "normal": "NF", "aberta": false, "TLCD": false, "TIP_UNID": "16", "tie": false, "externa": false, "energizado": true, "fonte": "PTS9088"}}, {"type": "Feature", "geometry": {"type": "Point", "coordinates": [-43.191498304802906, -22.980885116554816]}, "properties": {"camada": "UNSEMT", "COD_ID": "449470191", "CTMT": "PTS9924", "PAC_1": "PTS9924_MT_581630", "PAC_2": "PTS9924_MT_581631", "normal": "NF", "aberta": false, "TLCD": false, "TIP_UNID": "16", "tie": false, "externa": false, "energizado": true, "fonte": "PTS9924"}}, {"type": "Feature", "geometry": {"type": "Point", "coordinates": [-43.192899329840145, -22.987804252164437]}, "properties": {"camada": "UNSEMT", "COD_ID": "26262469", "CTMT": "PTS0001", "PAC_1": "PTSTSL43_MT_10045", "PAC_2": "PTSTSL43_MT_52366", "normal": "NA", "aberta": true, "TLCD": true, "TIP_UNID": "29", "tie": false, "externa": false, "energizado": false, "fonte": null}}, {"type": "Feature", "geometry": {"type": "Point", "coordinates": [-43.192904809409356, -22.987805859252944]}, "properties": {"camada": "UNSEMT", "COD_ID": "26262490", "CTMT": "PTS0001", "PAC_1": "PTSTSL43_MT_10047", "PAC_2": "PTSTSL43_MT_52367", "normal": "NA", "aberta": true, "TLCD": true, "TIP_UNID": "29", "tie": false, "externa": false, "energizado": false, "fonte": null}}, {"type": "Feature", "geometry": {"type": "Point", "coordinates": [-43.19299985965574, -22.987940087564937]}, "properties": {"camada": "UNSEMT", "COD_ID": "463790710", "CTMT": "PTS9924", "PAC_1": "PTS9924_MT_586717", "PAC_2": "PTS9924_MT_586718", "normal": "NF", "aberta": false, "TLCD": false, "TIP_UNID": "16", "tie": false, "externa": false, "energizado": true, "fonte": "PTS9924"}}, {"type": "Feature", "geometry": {"type": "Point", "coordinates": [-43.201864861973775, -22.984530086794052]}, "properties": {"camada": "UNSEMT", "COD_ID": "505111870", "CTMT": "PTS0001", "PAC_1": "PTS0001_MT_596997", "PAC_2": "PTS0001_MT_596998", "normal": "NF", "aberta": true, "TLCD": false, "TIP_UNID": "16", "tie": false, "externa": false, "energizado": false, "fonte": null}}, {"type": "Feature", "geometry": {"type": "Point", "coordinates": [-43.19289411287298, -22.987705057842106]}, "properties": {"camada": "UNSEMT", "COD_ID": "660150973", "CTMT": "PTS9924", "PAC_1": "PTS9924_MT_51291", "PAC_2": "660150973_2", "normal": "NF", "aberta": false, "TLCD": false, "TIP_UNID": "19", "tie": false, "externa": false, "energizado": true, "fonte": "PTS9924"}}, {"type": "Feature", "geometry": {"type": "Point", "coordinates": [-43.19304206034275, -22.987902209019694]}, "properties": {"camada": "UNSEMT", "COD_ID": "22359611", "CTMT": "PTS0001", "PAC_1": "PTSTSL43_MT_9812", "PAC_2": "PTSTSL43_MT_52356", "normal": "NA", "aberta": true, "TLCD": true, "TIP_UNID": "29", "tie": false, "externa": false, "energizado": false, "fonte": null}}, {"type": "Feature", "geometry": {"type": "Point", "coordinates": [-43.19664223445153, -22.983772549163746]}, "properties": {"camada": "UNSEMT", "COD_ID": "514399772", "CTMT": "PTS4022", "PAC_1": "PTS4022_MT_635933", "PAC_2": "PTS4022_MT_29661", "normal": "NF", "aberta": false, "TLCD": true, "TIP_UNID": "16", "tie": false, "externa": false, "energizado": true, "fonte": "PTS4022"}}, {"type": "Feature", "geometry": {"type": "Point", "coordinates": [-43.19065434682062, -22.98173094063037]}, "properties": {"camada": "UNSEMT", "COD_ID": "294242057", "CTMT": "PTS9088", "PAC_1": "PTS9088_MT_631213", "PAC_2": "PTS9088_MT_24684", "normal": "NF", "aberta": false, "TLCD": false, "TIP_UNID": "16", "tie": false, "externa": false, "energizado": true, "fonte": "PTS9088"}}, {"type": "Feature", "geometry": {"type": "Point", "coordinates": [-43.200788615402246, -22.983520831621036]}, "properties": {"camada": "UNSEMT", "COD_ID": "561826961", "CTMT": "PTS0001", "PAC_1": "PTS0001_MT_636788", "PAC_2": "PTS0001_MT_30583", "normal": "NF", "aberta": true, "TLCD": false, "TIP_UNID": "16", "tie": false, "externa": false, "energizado": false, "fonte": null}}, {"type": "Feature", "geometry": {"type": "Point", "coordinates": [-43.18987492418836, -22.986085277213704]}, "properties": {"camada": "UNSEMT", "COD_ID": "566953997", "CTMT": "PTS4022", "PAC_1": "PTS4022_MT_636829", "PAC_2": "PTS4022_MT_30627", "normal": "NF", "aberta": false, "TLCD": false, "TIP_UNID": "16", "tie": false, "externa": false, "energizado": true, "fonte": "PTS4022"}}, {"type": "Feature", "geometry": {"type": "Point", "coordinates": [-43.19879122383588, -22.98349536821661]}, "properties": {"camada": "UNSEMT", "COD_ID": "462983385", "CTMT": "PTS4022", "PAC_1": "PTS4022_MT_633524", "PAC_2": "PTS4022_MT_27154", "normal": "NF", "aberta": false, "TLCD": false, "TIP_UNID": "16", "tie": false, "externa": false, "energizado": true, "fonte": "PTS4022"}}, {"type": "Feature", "geometry": {"type": "Point", "coordinates": [-43.19017419967952, -22.98219459870171]}, "properties": {"camada": "UNSEMT", "COD_ID": "584971897", "CTMT": "PTS9088", "PAC_1": "PTS9088_MT_606383", "PAC_2": "PTS9088_MT_606384", "normal": "NF", "aberta": false, "TLCD": false, "TIP_UNID": "16", "tie": false, "externa": false, "energizado": true, "fonte": "PTS9088"}}, {"type": "Feature", "geometry": {"type": "Point", "coordinates": [-43.19250734413856, -22.98744361143349]}, "properties": {"camada": "UNSEMT", "COD_ID": "576954780", "CTMT": "PTS9924", "PAC_1": "PTS9924_MT_605745", "PAC_2": "PTS9924_MT_605746", "normal": "NF", "aberta": false, "TLCD": false, "TIP_UNID": "16", "tie": false, "externa": false, "energizado": true, "fonte": "PTS9924"}}, {"type": "Feature", "geometry": {"type": "Point", "coordinates": [-43.19339326358818, -22.982454563027602]}, "properties": {"camada": "UNSEMT", "COD_ID": "504519384", "CTMT": "PTS9088", "PAC_1": "PTS9088_MT_596829", "PAC_2": "PTS9088_MT_596830", "normal": "NF", "aberta": false, "TLCD": false, "TIP_UNID": "16", "tie": false, "externa": false, "energizado": true, "fonte": "PTS9088"}}, {"type": "Feature", "geometry": {"type": "Point", "coordinates": [-43.192243652122784, -22.9860044200679]}, "properties": {"camada": "UNSEMT", "COD_ID": "259993113", "CTMT": "PTS9088", "PAC_1": "PTS9088_MT_561931", "PAC_2": "PTS9088_MT_561932", "normal": "NF", "aberta": false, "TLCD": false, "TIP_UNID": "16", "tie": false, "externa": false, "energizado": true, "fonte": "PTS9088"}}, {"type": "Feature", "geometry": {"type": "Point", "coordinates": [-43.19980233251158, -22.981220397303446]}, "properties": {"camada": "UNSEMT", "COD_ID": "714126632", "CTMT": "PTS4022", "PAC_1": "PTS4022_MT_616702", "PAC_2": "PTS4022_MT_616703", "normal": "NF", "aberta": false, "TLCD": false, "TIP_UNID": "22", "tie": false, "externa": false, "energizado": true, "fonte": "PTS4022"}}, {"type": "Feature", "geometry": {"type": "Point", "coordinates": [-43.18916928823205, -22.986479086740417]}, "properties": {"camada": "UNSEMT", "COD_ID": "466483539", "CTMT": "PTS9924", "PAC_1": "PTS9924_MT_633705", "PAC_2": "PTS9924_MT_27332", "normal": "NF", "aberta": false, "TLCD": false, "TIP_UNID": "16", "tie": false, "externa": false, "energizado": true, "fonte": "PTS9924"}}, {"type": "Feature", "geometry": {"type": "Point", "coordinates": [-43.18836040920547, -22.986531519014363]}, "properties": {"camada": "UNSEMT", "COD_ID": "542108999", "CTMT": "PTS9924", "PAC_1": "PTS9924_MT_602379", "PAC_2": "PTS9924_MT_602380", "normal": "NF", "aberta": false, "TLCD": false, "TIP_UNID": "22", "tie": false, "externa": false, "energizado": true, "fonte": "PTS9924"}}, {"type": "Feature", "geometry": {"type": "Point", "coordinates": [-43.20061337260904, -22.98107729088423]}, "properties": {"camada": "UNSEMT", "COD_ID": "11241428", "CTMT": "PTS4871", "PAC_1": "PTS4022_MT_495255", "PAC_2": "EXT:PTS4871", "normal": "NA", "aberta": true, "TLCD": false, "TIP_UNID": "19", "tie": true, "externa": true, "energizado": true, "fonte": "PTS4022"}}, {"type": "Feature", "geometry": {"type": "Point", "coordinates": [-43.20702970265859, -22.981698642378376]}, "properties": {"camada": "UNTRMT", "COD_ID": "11017753", "CTMT": "PTS0001", "PAC": "PTS0001_MT_442947", "POT_NOM": 500.0, "n_UCBT": 277, "energizado": false, "fonte": null}}, {"type": "Feature", "geometry": {"type": "Point", "coordinates": [-43.190809727187116, -22.985909720557117]}, "properties": {"camada": "UNTRMT", "COD_ID": "11017255", "CTMT": "PTS9088", "PAC": "PTS9088_MT_442913", "POT_NOM": 500.0, "n_UCBT": 112, "energizado": true, "fonte": "PTS9088"}}, {"type": "Feature", "geometry": {"type": "Point", "coordinates": [-43.190846863791705, -22.98177065199394]}, "properties": {"camada": "UNTRMT", "COD_ID": "11018263", "CTMT": "PTS9924", "PAC": "PTS9924_MT_443006", "POT_NOM": 500.0, "n_UCBT": 1, "energizado": true, "fonte": "PTS9924"}}, {"type": "Feature", "geometry": {"type": "Point", "coordinates": [-43.20486315221268, -22.98297145916547]}, "properties": {"camada": "UNTRMT", "COD_ID": "11016919", "CTMT": "PTS0001", "PAC": "PTS0001_MT_442857", "POT_NOM": 500.0, "n_UCBT": 183, "energizado": false, "fonte": null}}, {"type": "Feature", "geometry": {"type": "Point", "coordinates": [-43.19018517140847, -22.980807850401902]}, "properties": {"camada": "UNTRMT", "COD_ID": "11041767", "CTMT": "PTS9088", "PAC": "PTS9088_MT_443321", "POT_NOM": 500.0, "n_UCBT": 14, "energizado": true, "fonte": "PTS9088"}}, {"type": "Feature", "geometry": {"type": "Point", "coordinates": [-43.19058736531463, -22.9848198240756]}, "properties": {"camada": "UNTRMT", "COD_ID": "11041515", "CTMT": "PTS9088", "PAC": "PTS9088_MT_443283", "POT_NOM": 500.0, "n_UCBT": 1, "energizado": true, "fonte": "PTS9088"}}, {"type": "Feature", "geometry": {"type": "Point", "coordinates": [-43.191199578797466, -22.984959917765934]}, "properties": {"camada": "UNTRMT", "COD_ID": "11160171", "CTMT": "PTS9924", "PAC": "PTS9924_MT_444881", "POT_NOM": 500.0, "n_UCBT": 317, "energizado": true, "fonte": "PTS9924"}}, {"type": "Feature", "geometry": {"type": "Point", "coordinates": [-43.193371751804875, -22.982448420658045]}, "properties": {"camada": "UNTRMT", "COD_ID": "11017723", "CTMT": "PTS9088", "PAC": "PTS9088_MT_442942", "POT_NOM": 500.0, "n_UCBT": 271, "energizado": true, "fonte": "PTS9088"}}, {"type": "Feature", "geometry": {"type": "Point", "coordinates": [-43.20524578946157, -22.98143690548875]}, "properties": {"camada": "UNTRMT", "COD_ID": "11016943", "CTMT": "PTS0001", "PAC": "PTS0001_MT_442861", "POT_NOM": 500.0, "n_UCBT": 183, "energizado": false, "fonte": null}}, {"type": "Feature", "geometry": {"type": "Point", "coordinates": [-43.19067635952632, -22.982835813521945]}, "properties": {"camada": "UNTRMT", "COD_ID": "11040429", "CTMT": "PTS9088", "PAC": "PTS9088_MT_443122", "POT_NOM": 500.0, "n_UCBT": 481, "energizado": true, "fonte": "PTS9088"}}, {"type": "Feature", "geometry": {"type": "Point", "coordinates": [-43.190332451581355, -22.98060642204871]}, "properties": {"camada": "UNTRMT", "COD_ID": "11043675", "CTMT": "PTS9924", "PAC": "PTS9924_MT_443532", "POT_NOM": 300.0, "n_UCBT": 54, "energizado": true, "fonte": "PTS9924"}}, {"type": "Feature", "geometry": {"type": "Point", "coordinates": [-43.19143773636239, -22.980899126193663]}, "properties": {"camada": "UNTRMT", "COD_ID": "11042511", "CTMT": "PTS9088", "PAC": "PTS9088_MT_443387", "POT_NOM": 300.0, "n_UCBT": 228, "energizado": true, "fonte": "PTS9088"}}, {"type": "Feature", "geometry": {"type": "Point", "coordinates": [-43.19151850717333, -22.980891425298978]}, "properties": {"camada": "UNTRMT", "COD_ID": "11042451", "CTMT": "PTS9924", "PAC": "PTS9924_MT_443377", "POT_NOM": 500.0, "n_UCBT": 163, "energizado": true, "fonte": "PTS9924"}}, {"type": "Feature", "geometry": {"type": "Point", "coordinates": [-43.1938099176935, -22.987683477710277]}, "properties": {"camada": "UNTRMT", "COD_ID": "11040405", "CTMT": "PTS9088", "PAC": "PTS9088_MT_443118", "POT_NOM": 500.0, "n_UCBT": 1, "energizado": true, "fonte": "PTS9088"}}, {"type": "Feature", "geometry": {"type": "Point", "coordinates": [-43.190197271786644, -22.984690448505376]}, "properties": {"camada": "UNTRMT", "COD_ID": "11043639", "CTMT": "PTS9924", "PAC": "PTS9924_MT_443526", "POT_NOM": 500.0, "n_UCBT": 20, "energizado": true, "fonte": "PTS9924"}}, {"type": "Feature", "geometry": {"type": "Point", "coordinates": [-43.19062805693926, -22.98172760594423]}, "properties": {"camada": "UNTRMT", "COD_ID": "11161419", "CTMT": "PTS9088", "PAC": "PTS9088_MT_445069", "POT_NOM": 500.0, "n_UCBT": 1, "energizado": true, "fonte": "PTS9088"}}, {"type": "Feature", "geometry": {"type": "Point", "coordinates": [-43.20182606881798, -22.98453109043743]}, "properties": {"camada": "UNTRMT", "COD_ID": "11018233", "CTMT": "PTS0001", "PAC": "PTS0001_MT_443001", "POT_NOM": 500.0, "n_UCBT": 404, "energizado": false, "fonte": null}}, {"type": "Feature", "geometry": {"type": "Point", "coordinates": [-43.19088248503863, -22.986280236743482]}, "properties": {"camada": "UNTRMT", "COD_ID": "11194413", "CTMT": "PTS9924", "PAC": "PTS9924_MT_445953", "POT_NOM": 500.0, "n_UCBT": 38, "energizado": true, "fonte": "PTS9924"}}, {"type": "Feature", "geometry": {"type": "Point", "coordinates": [-43.20078837798121, -22.983537300905653]}, "properties": {"camada": "UNTRMT", "COD_ID": "11280871", "CTMT": "PTS0001", "PAC": "PTS0001_MT_446635", "POT_NOM": 500.0, "n_UCBT": 75, "energizado": false, "fonte": null}}, {"type": "Feature", "geometry": {"type": "Point", "coordinates": [-43.18972287131339, -22.986761132120478]}, "properties": {"camada": "UNTRMT", "COD_ID": "11040639", "CTMT": "PTS9924", "PAC": "PTS9924_MT_443157", "POT_NOM": 500.0, "n_UCBT": 12, "energizado": true, "fonte": "PTS9924"}}, {"type": "Feature", "geometry": {"type": "Point", "coordinates": [-43.19401879153395, -22.986736958343897]}, "properties": {"camada": "UNTRMT", "COD_ID": "11018269", "CTMT": "PTS9924", "PAC": "PTS9924_MT_443007", "POT_NOM": 500.0, "n_UCBT": 8, "energizado": true, "fonte": "PTS9924"}}, {"type": "Feature", "geometry": {"type": "Point", "coordinates": [-43.20262045167249, -22.983172382999044]}, "properties": {"camada": "UNTRMT", "COD_ID": "11106421", "CTMT": "PTS0001", "PAC": "PTS0001_MT_444014", "POT_NOM": 500.0, "n_UCBT": 608, "energizado": false, "fonte": null}}, {"type": "Feature", "geometry": {"type": "Point", "coordinates": [-43.19122380743272, -22.983111949456884]}, "properties": {"camada": "UNTRMT", "COD_ID": "11043585", "CTMT": "PTS9924", "PAC": "PTS9924_MT_443518", "POT_NOM": 500.0, "n_UCBT": 510, "energizado": true, "fonte": "PTS9924"}}, {"type": "Feature", "geometry": {"type": "Point", "coordinates": [-43.19207187261878, -22.982047093698384]}, "properties": {"camada": "UNTRMT", "COD_ID": "11016955", "CTMT": "PTS9924", "PAC": "PTS9924_MT_442863", "POT_NOM": 500.0, "n_UCBT": 22, "energizado": true, "fonte": "PTS9924"}}, {"type": "Feature", "geometry": {"type": "Point", "coordinates": [-43.19249750015945, -22.987489309583907]}, "properties": {"camada": "UNTRMT", "COD_ID": "576954884", "CTMT": "PTS9924", "PAC": "PTS9924_MT_455955", "POT_NOM": 500.0, "n_UCBT": 1, "energizado": true, "fonte": "PTS9924"}}, {"type": "Feature", "geometry": {"type": "Point", "coordinates": [-43.191893554144144, -22.983369044945448]}, "properties": {"camada": "UNTRMT", "COD_ID": "11194167", "CTMT": "PTS9088", "PAC": "PTS9088_MT_445915", "POT_NOM": 500.0, "n_UCBT": 331, "energizado": true, "fonte": "PTS9088"}}, {"type": "Feature", "geometry": {"type": "Point", "coordinates": [-43.19108762489395, -22.98698528724117]}, "properties": {"camada": "UNTRMT", "COD_ID": "11040453", "CTMT": "PTS9088", "PAC": "PTS9088_MT_443126", "POT_NOM": 500.0, "n_UCBT": 209, "energizado": true, "fonte": "PTS9088"}}, {"type": "Feature", "geometry": {"type": "Point", "coordinates": [-43.18985522813625, -22.986086289850334]}, "properties": {"camada": "UNTRMT", "COD_ID": "11043897", "CTMT": "PTS9088", "PAC": "PTS9088_MT_443564", "POT_NOM": 10.0, "n_UCBT": 148, "energizado": true, "fonte": "PTS9088"}}, {"type": "Feature", "geometry": {"type": "Point", "coordinates": [-43.192248542636094, -22.985985024389322]}, "properties": {"camada": "UNTRMT", "COD_ID": "11041287", "CTMT": "PTS9088", "PAC": "PTS9088_MT_443246", "POT_NOM": 300.0, "n_UCBT": 19, "energizado": true, "fonte": "PTS9088"}}, {"type": "Feature", "geometry": {"type": "Point", "coordinates": [-43.19019027056447, -22.982191811702705]}, "properties": {"camada": "UNTRMT", "COD_ID": "584971961", "CTMT": "PTS9088", "PAC": "PTS9088_MT_455999", "POT_NOM": 10.0, "n_UCBT": 0, "energizado": true, "fonte": "PTS9088"}}, {"type": "Feature", "geometry": {"type": "Point", "coordinates": [-43.18769548735679, -22.986304805322447]}, "properties": {"camada": "UNTRMT", "COD_ID": "11394675TZ180487", "CTMT": "PTS9924", "PAC": "PTS9924_MT_319423", "POT_NOM": 150.0, "n_UCBT": 0, "energizado": true, "fonte": "PTS9924"}}, {"type": "Feature", "geometry": {"type": "Point", "coordinates": [-43.18769548735679, -22.986304805322447]}, "properties": {"camada": "UNTRMT", "COD_ID": "11394675TZ124763", "CTMT": "PTS9924", "PAC": "PTS9924_MT_319423", "POT_NOM": 150.0, "n_UCBT": 7, "energizado": true, "fonte": "PTS9924"}}, {"type": "Feature", "geometry": {"type": "Point", "coordinates": [-43.18914844374564, -22.98647400736951]}, "properties": {"camada": "UNTRMT", "COD_ID": "11041089", "CTMT": "PTS9924", "PAC": "PTS9924_MT_443214", "POT_NOM": 300.0, "n_UCBT": 21, "energizado": true, "fonte": "PTS9924"}}]}