{"type": "FeatureCollection", "features": [{"type": "Feature", "geometry": {"type": "MultiLineString", "coordinates": [[[-43.243695991476784, -22.93676748503134], [-43.24382274822119, -22.93683910164316]]]}, "properties": {"camada": "SSDMT", "COD_ID": "12081783", "CTMT": "URG29983", "COMP": 15.84, "TIP_CND": "105925008_13_3", "energizado": true, "fonte": "URG29983"}}, {"type": "Feature", "geometry": {"type": "MultiLineString", "coordinates": [[[-43.24382590394225, -22.93684764340395], [-43.24371637281229, -22.93678691848146]]]}, "properties": {"camada": "SSDMT", "COD_ID": "11314678", "CTMT": "URG29983", "COMP": 13.62, "TIP_CND": "105925009_13_3", "energizado": true, "fonte": "URG29983"}}, {"type": "Feature", "geometry": {"type": "MultiLineString", "coordinates": [[[-43.243709582031556, -22.936780440664734], [-43.243695991476784, -22.93676748503134]]]}, "properties": {"camada": "SSDMT", "COD_ID": "336576472", "CTMT": "URG29983", "COMP": 2.08, "TIP_CND": "105925009_13_3", "energizado": true, "fonte": "URG29983"}}, {"type": "Feature", "geometry": {"type": "MultiLineString", "coordinates": [[[-43.243695991476784, -22.93676748503134], [-43.24361881525607, -22.936703415530133]]]}, "properties": {"camada": "SSDMT", "COD_ID": "11051380", "CTMT": "URG29983", "COMP": 11.06, "TIP_CND": "105925009_13_3", "energizado": true, "fonte": "URG29983"}}, {"type": "Feature", "geometry": {"type": "MultiLineString", "coordinates": [[[-43.24386453611942, -22.93673322895529], [-43.243890428500436, -22.93671764910016]]]}, "properties": {"camada": "SSDMT", "COD_ID": "41424268", "CTMT": "URG29983", "COMP": 3.29, "TIP_CND": "105925009_13_3", "energizado": true, "fonte": "URG29983"}}, {"type": "Feature", "geometry": {"type": "MultiLineString", "coordinates": [[[-43.24361881525607, -22.936703415530133], [-43.243638085029545, -22.936706185442063]]]}, "properties": {"camada": "SSDMT", "COD_ID": "336576418", "CTMT": "URG29983", "COMP": 2.08, "TIP_CND": "105925009_13_3", "energizado": true, "fonte": "URG29983"}}, {"type": "Feature", "geometry": {"type": "MultiLineString", "coordinates": [[[-43.24364772036597, -22.936707565002052], [-43.24386453611942, -22.93673322895529]]]}, "properties": {"camada": "SSDMT", "COD_ID": "11051398", "CTMT": "URG29983", "COMP": 23.32, "TIP_CND": "105925009_13_3", "energizado": true, "fonte": "URG29983"}}, {"type": "Feature", "geometry": {"type": "MultiLineString", "coordinates": [[[-43.24390970546847, -22.936733521235], [-43.24389864560595, -22.936924458996543]]]}, "properties": {"camada": "SSDMT", "COD_ID": "11313784", "CTMT": "URG29983", "COMP": 22.02, "TIP_CND": "105924993_35_3", "energizado": true, "fonte": "URG29983"}}, {"type": "Feature", "geometry": {"type": "MultiLineString", "coordinates": [[[-43.24389864560595, -22.936924458996543], [-43.2438917684903, -22.936918666463214]]]}, "properties": {"camada": "SSDMT", "COD_ID": "109184089", "CTMT": "URG29983", "COMP": 0.99, "TIP_CND": "105924993_35_3", "energizado": true, "fonte": "URG29983"}}, {"type": "Feature", "geometry": {"type": "MultiLineString", "coordinates": [[[-43.2438917684903, -22.936918666463214], [-43.243883484834896, -22.93690546261695]]]}, "properties": {"camada": "SSDMT", "COD_ID": "11313790", "CTMT": "URG29983", "COMP": 1.76, "TIP_CND": "105924993_35_3", "energizado": true, "fonte": "URG29983"}}, {"type": "Feature", "geometry": {"type": "MultiLineString", "coordinates": [[[-43.243842511722505, -22.936866330416763], [-43.24382590394225, -22.93684764340395]]]}, "properties": {"camada": "SSDMT", "COD_ID": "109184102", "CTMT": "URG29983", "COMP": 2.79, "TIP_CND": "105924980_35_3", "energizado": true, "fonte": "URG29983"}}, {"type": "Feature", "geometry": {"type": "MultiLineString", "coordinates": [[[-43.24390986105118, -22.936732041850235], [-43.24390970546847, -22.936733521235]]]}, "properties": {"camada": "SSDMT", "COD_ID": "57494050", "CTMT": "URG29983", "COMP": 0.17, "TIP_CND": "105924993_35_3", "energizado": true, "fonte": "URG29983"}}, {"type": "Feature", "geometry": {"type": "MultiLineString", "coordinates": [[[-43.2439013759477, -22.93671027465939], [-43.24393301679527, -22.936683677209885]]]}, "properties": {"camada": "SSDMT", "COD_ID": "336592396", "CTMT": "URG29983", "COMP": 4.56, "TIP_CND": "105925009_15_3", "energizado": true, "fonte": "URG29983"}}, {"type": "Feature", "geometry": {"type": "MultiLineString", "coordinates": [[[-43.243883484834896, -22.93690546261695], [-43.243842511722505, -22.936866330416763]]]}, "properties": {"camada": "SSDMT", "COD_ID": "11313814", "CTMT": "URG29983", "COMP": 6.28, "TIP_CND": "105924993_35_3", "energizado": true, "fonte": "URG29983"}}, {"type": "Feature", "geometry": {"type": "MultiLineString", "coordinates": [[[-43.24361881525607, -22.936703415530133], [-43.24358028560164, -22.93666686708218]]]}, "properties": {"camada": "SSDMT", "COD_ID": "11051386", "CTMT": "URG29983", "COMP": 5.88, "TIP_CND": "105925009_13_3", "energizado": true, "fonte": "URG29983"}}, {"type": "Feature", "geometry": {"type": "MultiLineString", "coordinates": [[[-43.243597155983934, -22.935357616960403], [-43.243513162902104, -22.935248318754873]]]}, "properties": {"camada": "SSDMT", "COD_ID": "11130284", "CTMT": "URG29983", "COMP": 15.45, "TIP_CND": "105925011_11_3", "energizado": true, "fonte": "URG29983"}}, {"type": "Feature", "geometry": {"type": "MultiLineString", "coordinates": [[[-43.24346693235299, -22.935627092516256], [-43.243603515989435, -22.93550574339531]]]}, "properties": {"camada": "SSDMT", "COD_ID": "11051578", "CTMT": "URG29983", "COMP": 20.19, "TIP_CND": "105925011_11_3", "energizado": true, "fonte": "URG29983"}}, {"type": "Feature", "geometry": {"type": "MultiLineString", "coordinates": [[[-43.24358028560164, -22.93666686708218], [-43.24348677589393, -22.936539402571327]]]}, "properties": {"camada": "SSDMT", "COD_ID": "103343923", "CTMT": "URG29983", "COMP": 17.75, "TIP_CND": "105925011_11_3", "energizado": true, "fonte": "URG29983"}}, {"type": "Feature", "geometry": {"type": "MultiLineString", "coordinates": [[[-43.243603515989435, -22.93550574339531], [-43.2436027434718, -22.935487701196394]]]}, "properties": {"camada": "SSDMT", "COD_ID": "336576466", "CTMT": "URG29983", "COMP": 2.08, "TIP_CND": "105925011_11_3", "energizado": true, "fonte": "URG29983"}}, {"type": "Feature", "geometry": {"type": "MultiLineString", "coordinates": [[[-43.24360235316601, -22.935478674701017], [-43.243597155983934, -22.935357616960403]]]}, "properties": {"camada": "SSDMT", "COD_ID": "102348235", "CTMT": "URG29983", "COMP": 13.95, "TIP_CND": "105925011_11_3", "energizado": true, "fonte": "URG29983"}}, {"type": "Feature", "geometry": {"type": "MultiLineString", "coordinates": [[[-43.24415575818165, -22.936484752569243], [-43.24390986105118, -22.936732041850235]]]}, "properties": {"camada": "SSDMT", "COD_ID": "12038181", "CTMT": "URG29983", "COMP": 38.72, "TIP_CND": "105924993_35_3", "energizado": true, "fonte": "URG29983"}}, {"type": "Feature", "geometry": {"type": "MultiLineString", "coordinates": [[[-43.244254843686065, -22.936387533158097], [-43.24415575818165, -22.936484752569243]]]}, "properties": {"camada": "SSDMT", "COD_ID": "12038271", "CTMT": "URG29983", "COMP": 15.4, "TIP_CND": "105924993_35_3", "energizado": true, "fonte": "URG29983"}}, {"type": "Feature", "geometry": {"type": "MultiLineString", "coordinates": [[[-43.24431095148918, -22.93633713155333], [-43.244254843686065, -22.936387533158097]]]}, "properties": {"camada": "SSDMT", "COD_ID": "12551662", "CTMT": "URG29983", "COMP": 8.34, "TIP_CND": "105924993_35_3", "energizado": true, "fonte": "URG29983"}}, {"type": "Feature", "geometry": {"type": "MultiLineString", "coordinates": [[[-43.24451429090175, -22.9364583331855], [-43.24450961352778, -22.936453567677972]]]}, "properties": {"camada": "SSDMT", "COD_ID": "57493984", "CTMT": "URG29983", "COMP": 0.74, "TIP_CND": "105924993_35_3", "energizado": true, "fonte": "URG29983"}}, {"type": "Feature", "geometry": {"type": "MultiLineString", "coordinates": [[[-43.24453090677588, -22.93647414056909], [-43.24451429090175, -22.9364583331855]]]}, "properties": {"camada": "SSDMT", "COD_ID": "12551740", "CTMT": "URG29983", "COMP": 2.54, "TIP_CND": "105924993_35_3", "energizado": true, "fonte": "URG29983"}}, {"type": "Feature", "geometry": {"type": "MultiLineString", "coordinates": [[[-43.2445918304486, -22.93646469139236], [-43.24458367359762, -22.936471933632788]]]}, "properties": {"camada": "SSDMT", "COD_ID": "12428341", "CTMT": "URG29983", "COMP": 1.21, "TIP_CND": "105924993_35_3", "energizado": true, "fonte": "URG29983"}}, {"type": "Feature", "geometry": {"type": "MultiLineString", "coordinates": [[[-43.24450961352778, -22.936453567677972], [-43.24447414876289, -22.936485631206892]]]}, "properties": {"camada": "SSDMT", "COD_ID": "57493992", "CTMT": "URG29983", "COMP": 5.29, "TIP_CND": "105924993_35_3", "energizado": true, "fonte": "URG29983"}}, {"type": "Feature", "geometry": {"type": "MultiLineString", "coordinates": [[[-43.24447414876289, -22.936485631206892], [-43.24431095148918, -22.93633713155333]]]}, "properties": {"camada": "SSDMT", "COD_ID": "57494609", "CTMT": "URG29983", "COMP": 24.4, "TIP_CND": "105924993_35_3", "energizado": true, "fonte": "URG29983"}}, {"type": "Feature", "geometry": {"type": "MultiLineString", "coordinates": [[[-43.24458367359762, -22.936471933632788], [-43.244556505078606, -22.936498797281615]]]}, "properties": {"camada": "SSDMT", "COD_ID": "57493952", "CTMT": "URG29983", "COMP": 4.24, "TIP_CND": "105924993_35_3", "energizado": true, "fonte": "URG29983"}}, {"type": "Feature", "geometry": {"type": "MultiLineString", "coordinates": [[[-43.244556505078606, -22.936498797281615], [-43.24453090677588, -22.93647414056909]]]}, "properties": {"camada": "SSDMT", "COD_ID": "12429427", "CTMT": "URG29983", "COMP": 3.94, "TIP_CND": "105924993_35_3", "energizado": true, "fonte": "URG29983"}}, {"type": "Feature", "geometry": {"type": "MultiLineString", "coordinates": [[[-43.24336512100348, -22.934829673550553], [-43.243220655708626, -22.934691106009666]]]}, "properties": {"camada": "SSDMT", "COD_ID": "102348163", "CTMT": "URG29983", "COMP": 22.18, "TIP_CND": "105925011_11_3", "energizado": true, "fonte": "URG29983"}}, {"type": "Feature", "geometry": {"type": "MultiLineString", "coordinates": [[[-43.242931257471525, -22.936010810750247], [-43.24284784175444, -22.935930191924797]]]}, "properties": {"camada": "SSDMT", "COD_ID": "11460974", "CTMT": "URG29983", "COMP": 12.86, "TIP_CND": "105925011_11_3", "energizado": true, "fonte": "URG29983"}}, {"type": "Feature", "geometry": {"type": "MultiLineString", "coordinates": [[[-43.24284784175444, -22.935930191924797], [-43.242716047007946, -22.935771482268024]]]}, "properties": {"camada": "SSDMT", "COD_ID": "11051488", "CTMT": "URG29983", "COMP": 23.06, "TIP_CND": "105925011_11_3", "energizado": true, "fonte": "URG29983"}}, {"type": "Feature", "geometry": {"type": "MultiLineString", "coordinates": [[[-43.242443973310685, -22.935585218283165], [-43.24228620434479, -22.93541597936394]]]}, "properties": {"camada": "SSDMT", "COD_ID": "103343735", "CTMT": "URG29983", "COMP": 25.75, "TIP_CND": "105925011_11_3", "energizado": true, "fonte": "URG29983"}}, {"type": "Feature", "geometry": {"type": "MultiLineString", "coordinates": [[[-43.24295149041893, -22.93603037010547], [-43.24293799878956, -22.936017333533073]]]}, "properties": {"camada": "SSDMT", "COD_ID": "336576700", "CTMT": "URG29983", "COMP": 2.08, "TIP_CND": "105925011_11_3", "energizado": true, "fonte": "URG29983"}}, {"type": "Feature", "geometry": {"type": "MultiLineString", "coordinates": [[[-43.24216647760079, -22.93458319635738], [-43.24222831408537, -22.934471179501315]]]}, "properties": {"camada": "SSDMT", "COD_ID": "11051512", "CTMT": "URG29983", "COMP": 14.49, "TIP_CND": "105925009_13_3", "energizado": true, "fonte": "URG29983"}}, {"type": "Feature", "geometry": {"type": "MultiLineString", "coordinates": [[[-43.243220092733054, -22.936253195128813], [-43.243225864581916, -22.936175288658603]]]}, "properties": {"camada": "SSDMT", "COD_ID": "107684958", "CTMT": "URG29983", "COMP": 8.99, "TIP_CND": "105925009_13_3", "energizado": true, "fonte": "URG29983"}}, {"type": "Feature", "geometry": {"type": "MultiLineString", "coordinates": [[[-43.2432057386539, -22.936276796037248], [-43.243215311037716, -22.936261062398046]]]}, "properties": {"camada": "SSDMT", "COD_ID": "336576718", "CTMT": "URG29983", "COMP": 2.08, "TIP_CND": "105925009_13_3", "energizado": true, "fonte": "URG29983"}}, {"type": "Feature", "geometry": {"type": "MultiLineString", "coordinates": [[[-43.243058373944734, -22.936002249204364], [-43.24316720180485, -22.935892794516803]]]}, "properties": {"camada": "SSDMT", "COD_ID": "11051572", "CTMT": "URG29983", "COMP": 17.14, "TIP_CND": "105925011_11_3", "energizado": true, "fonte": "URG29983"}}, {"type": "Feature", "geometry": {"type": "MultiLineString", "coordinates": [[[-43.242096606573114, -22.934708850532957], [-43.24216647760079, -22.93458319635738]]]}, "properties": {"camada": "SSDMT", "COD_ID": "93502597", "CTMT": "URG29983", "COMP": 16.28, "TIP_CND": "105925009_13_3", "energizado": true, "fonte": "URG29983"}}, {"type": "Feature", "geometry": {"type": "MultiLineString", "coordinates": [[[-43.2432057386539, -22.936276796037248], [-43.24302162404865, -22.93609617619751]]]}, "properties": {"camada": "SSDMT", "COD_ID": "11051482", "CTMT": "URG29983", "COMP": 28.61, "TIP_CND": "105925011_11_3", "energizado": true, "fonte": "URG29983"}}, {"type": "Feature", "geometry": {"type": "MultiLineString", "coordinates": [[[-43.24316720180485, -22.935892794516803], [-43.24326535651096, -22.935803530508508]]]}, "properties": {"camada": "SSDMT", "COD_ID": "109186186", "CTMT": "URG29983", "COMP": 14.67, "TIP_CND": "105925011_11_3", "energizado": true, "fonte": "URG29983"}}, {"type": "Feature", "geometry": {"type": "MultiLineString", "coordinates": [[[-43.24302162404865, -22.93609617619751], [-43.243058373944734, -22.936002249204364]]]}, "properties": {"camada": "SSDMT", "COD_ID": "11051566", "CTMT": "URG29983", "COMP": 11.51, "TIP_CND": "105925011_11_3", "energizado": true, "fonte": "URG29983"}}, {"type": "Feature", "geometry": {"type": "MultiLineString", "coordinates": [[[-43.243070409571715, -22.934545665849782], [-43.24295995843528, -22.93440973242315]]]}, "properties": {"camada": "SSDMT", "COD_ID": "58729857", "CTMT": "URG29983", "COMP": 19.59, "TIP_CND": "105925011_11_3", "energizado": true, "fonte": "URG29983"}}, {"type": "Feature", "geometry": {"type": "MultiLineString", "coordinates": [[[-43.24343066269489, -22.934936951878797], [-43.24336512100348, -22.934829673550553]]]}, "properties": {"camada": "SSDMT", "COD_ID": "102348189", "CTMT": "URG29983", "COMP": 14.2, "TIP_CND": "105925011_11_3", "energizado": true, "fonte": "URG29983"}}, {"type": "Feature", "geometry": {"type": "MultiLineString", "coordinates": [[[-43.24326535651096, -22.935803530508508], [-43.243346864765954, -22.93573031849934]]]}, "properties": {"camada": "SSDMT", "COD_ID": "109186209", "CTMT": "URG29983", "COMP": 12.11, "TIP_CND": "105925011_11_3", "energizado": true, "fonte": "URG29983"}}, {"type": "Feature", "geometry": {"type": "MultiLineString", "coordinates": [[[-43.241966159010985, -22.934953976045108], [-43.242096606573114, -22.934708850532957]]]}, "properties": {"camada": "SSDMT", "COD_ID": "93502584", "CTMT": "URG29983", "COMP": 31.48, "TIP_CND": "105925009_13_3", "energizado": true, "fonte": "URG29983"}}, {"type": "Feature", "geometry": {"type": "MultiLineString", "coordinates": [[[-43.24228620434479, -22.93541597936394], [-43.242133155920385, -22.935256563739358]]]}, "properties": {"camada": "SSDMT", "COD_ID": "11051494", "CTMT": "URG29983", "COMP": 24.57, "TIP_CND": "105925011_11_3", "energizado": true, "fonte": "URG29983"}}, {"type": "Feature", "geometry": {"type": "MultiLineString", "coordinates": [[[-43.242716047007946, -22.935771482268024], [-43.242443973310685, -22.935585218283165]]]}, "properties": {"camada": "SSDMT", "COD_ID": "103343854", "CTMT": "URG29983", "COMP": 36.09, "TIP_CND": "105925011_11_3", "energizado": true, "fonte": "URG29983"}}, {"type": "Feature", "geometry": {"type": "MultiLineString", "coordinates": [[[-43.24295995843528, -22.93440973242315], [-43.24283437890341, -22.934320419851474]]]}, "properties": {"camada": "SSDMT", "COD_ID": "102348039", "CTMT": "URG29983", "COMP": 16.89, "TIP_CND": "105925011_11_3", "energizado": true, "fonte": "URG29983"}}, {"type": "Feature", "geometry": {"type": "MultiLineString", "coordinates": [[[-43.242133155920385, -22.935256563739358], [-43.24204906301378, -22.935175548312884]]]}, "properties": {"camada": "SSDMT", "COD_ID": "11051500", "CTMT": "URG29983", "COMP": 12.94, "TIP_CND": "105925011_11_3", "energizado": true, "fonte": "URG29983"}}, {"type": "Feature", "geometry": {"type": "MultiLineString", "coordinates": [[[-43.243346864765954, -22.93573031849934], [-43.24346693235299, -22.935627092516256]]]}, "properties": {"camada": "SSDMT", "COD_ID": "109186199", "CTMT": "URG29983", "COMP": 17.48, "TIP_CND": "105925011_11_3", "energizado": true, "fonte": "URG29983"}}, {"type": "Feature", "geometry": {"type": "MultiLineString", "coordinates": [[[-43.24204906301378, -22.935175548312884], [-43.24176119272482, -22.93501217297336]]]}, "properties": {"camada": "SSDMT", "COD_ID": "30474977", "CTMT": "URG29983", "COMP": 36.01, "TIP_CND": "105925011_11_3", "energizado": true, "fonte": "URG29983"}}, {"type": "Feature", "geometry": {"type": "MultiLineString", "coordinates": [[[-43.24348677589393, -22.936539402571327], [-43.243297161934436, -22.936346658071784]]]}, "properties": {"camada": "SSDMT", "COD_ID": "103343899", "CTMT": "URG29983", "COMP": 30.03, "TIP_CND": "105925011_11_3", "energizado": true, "fonte": "URG29983"}}, {"type": "Feature", "geometry": {"type": "MultiLineString", "coordinates": [[[-43.24204906301378, -22.935175548312884], [-43.241966159010985, -22.934953976045108]]]}, "properties": {"camada": "SSDMT", "COD_ID": "11051506", "CTMT": "URG29983", "COMP": 27.01, "TIP_CND": "105925009_13_3", "energizado": true, "fonte": "URG29983"}}, {"type": "Feature", "geometry": {"type": "MultiLineString", "coordinates": [[[-43.243297161934436, -22.936346658071784], [-43.2432057386539, -22.936276796037248]]]}, "properties": {"camada": "SSDMT", "COD_ID": "11051392", "CTMT": "URG29983", "COMP": 12.64, "TIP_CND": "105925011_11_3", "energizado": true, "fonte": "URG29983"}}, {"type": "Feature", "geometry": {"type": "MultiLineString", "coordinates": [[[-43.243513162902104, -22.935248318754873], [-43.24343066269489, -22.934936951878797]]]}, "properties": {"camada": "SSDMT", "COD_ID": "11051686", "CTMT": "URG29983", "COMP": 36.92, "TIP_CND": "105925011_11_3", "energizado": true, "fonte": "URG29983"}}, {"type": "Feature", "geometry": {"type": "MultiLineString", "coordinates": [[[-43.24302162404865, -22.93609617619751], [-43.24295149041893, -22.93603037010547]]]}, "properties": {"camada": "SSDMT", "COD_ID": "58123902", "CTMT": "URG29983", "COMP": 10.65, "TIP_CND": "105925011_11_3", "energizado": true, "fonte": "URG29983"}}, {"type": "Feature", "geometry": {"type": "MultiLineString", "coordinates": [[[-43.243220655708626, -22.934691106009666], [-43.243070409571715, -22.934545665849782]]]}, "properties": {"camada": "SSDMT", "COD_ID": "50815205", "CTMT": "URG29983", "COMP": 23.18, "TIP_CND": "105925011_11_3", "energizado": true, "fonte": "URG29983"}}, {"type": "Feature", "geometry": {"type": "MultiLineString", "coordinates": [[[-43.24210573289321, -22.933500630249853], [-43.24207264773446, -22.93345474953702]]]}, "properties": {"camada": "SSDMT", "COD_ID": "336576670", "CTMT": "URG29983", "COMP": 6.35, "TIP_CND": "105925006_13_3", "energizado": true, "fonte": "URG29983"}}, {"type": "Feature", "geometry": {"type": "MultiLineString", "coordinates": [[[-43.24222506303619, -22.933641196084295], [-43.242117686681866, -22.933517180473473]]]}, "properties": {"camada": "SSDMT", "COD_ID": "102347929", "CTMT": "URG29983", "COMP": 18.31, "TIP_CND": "105925011_11_3", "energizado": true, "fonte": "URG29983"}}, {"type": "Feature", "geometry": {"type": "MultiLineString", "coordinates": [[[-43.24224235070386, -22.933266816410423], [-43.242236097717694, -22.933258745894364]]]}, "properties": {"camada": "SSDMT", "COD_ID": "800259898", "CTMT": "URG29983", "COMP": 1.14, "TIP_CND": "105925006_13_3", "energizado": true, "fonte": "URG29983"}}, {"type": "Feature", "geometry": {"type": "MultiLineString", "coordinates": [[[-43.242236097717694, -22.933258745894364], [-43.24223024403051, -22.933251528834944]]]}, "properties": {"camada": "SSDMT", "COD_ID": "800259908", "CTMT": "URG29983", "COMP": 1.04, "TIP_CND": "105925006_13_3", "energizado": true, "fonte": "URG29983"}}, {"type": "Feature", "geometry": {"type": "MultiLineString", "coordinates": [[[-43.24283437890341, -22.934320419851474], [-43.242672603457834, -22.93415728642958]]]}, "properties": {"camada": "SSDMT", "COD_ID": "102348092", "CTMT": "URG29983", "COMP": 25.51, "TIP_CND": "105925011_11_3", "energizado": true, "fonte": "URG29983"}}, {"type": "Feature", "geometry": {"type": "MultiLineString", "coordinates": [[[-43.24167486320431, -22.932993319985655], [-43.241628077773555, -22.932937027821538]]]}, "properties": {"camada": "SSDMT", "COD_ID": "11051752", "CTMT": "URG29983", "COMP": 8.18, "TIP_CND": "105925009_13_3", "energizado": true, "fonte": "URG29983"}}, {"type": "Feature", "geometry": {"type": "MultiLineString", "coordinates": [[[-43.24238212963155, -22.93384131142733], [-43.24230465393657, -22.933746182040636]]]}, "properties": {"camada": "SSDMT", "COD_ID": "102348052", "CTMT": "URG29983", "COMP": 13.72, "TIP_CND": "105925011_11_3", "energizado": true, "fonte": "URG29983"}}, {"type": "Feature", "geometry": {"type": "MultiLineString", "coordinates": [[[-43.24212360512024, -22.93342491722609], [-43.24224235070386, -22.933266816410423]]]}, "properties": {"camada": "SSDMT", "COD_ID": "11051734", "CTMT": "URG29983", "COMP": 22.18, "TIP_CND": "105925006_13_3", "energizado": true, "fonte": "URG29983"}}, {"type": "Feature", "geometry": {"type": "MultiLineString", "coordinates": [[[-43.242672603457834, -22.93415728642958], [-43.24256207587905, -22.934045455733155]]]}, "properties": {"camada": "SSDMT", "COD_ID": "102348082", "CTMT": "URG29983", "COMP": 17.46, "TIP_CND": "105925011_11_3", "energizado": true, "fonte": "URG29983"}}, {"type": "Feature", "geometry": {"type": "MultiLineString", "coordinates": [[[-43.24207264773446, -22.93345474953702], [-43.24212360512024, -22.93342491722609]]]}, "properties": {"camada": "SSDMT", "COD_ID": "102347893", "CTMT": "URG29983", "COMP": 6.43, "TIP_CND": "105925006_13_3", "energizado": true, "fonte": "URG29983"}}, {"type": "Feature", "geometry": {"type": "MultiLineString", "coordinates": [[[-43.242117686681866, -22.933517180473473], [-43.242111556902785, -22.933508678282806]]]}, "properties": {"camada": "SSDMT", "COD_ID": "336576460", "CTMT": "URG29983", "COMP": 1.18, "TIP_CND": "105925006_13_3", "energizado": true, "fonte": "URG29983"}}, {"type": "Feature", "geometry": {"type": "MultiLineString", "coordinates": [[[-43.241628077773555, -22.932937027821538], [-43.241570694731706, -22.932880736556683]]]}, "properties": {"camada": "SSDMT", "COD_ID": "336592569", "CTMT": "URG29983", "COMP": 8.92, "TIP_CND": "105925009_13_3", "energizado": true, "fonte": "URG29983"}}, {"type": "Feature", "geometry": {"type": "MultiLineString", "coordinates": [[[-43.24230465393657, -22.933746182040636], [-43.24222506303619, -22.933641196084295]]]}, "properties": {"camada": "SSDMT", "COD_ID": "102347962", "CTMT": "URG29983", "COMP": 14.77, "TIP_CND": "105925011_11_3", "energizado": true, "fonte": "URG29983"}}, {"type": "Feature", "geometry": {"type": "MultiLineString", "coordinates": [[[-43.24170167649112, -22.932997030588467], [-43.241683648681374, -22.9329985378522]]]}, "properties": {"camada": "SSDMT", "COD_ID": "336576394", "CTMT": "URG29983", "COMP": 1.93, "TIP_CND": "105925009_13_3", "energizado": true, "fonte": "URG29983"}}, {"type": "Feature", "geometry": {"type": "MultiLineString", "coordinates": [[[-43.242117686681866, -22.933517180473473], [-43.24192376047313, -22.93329034087651]]]}, "properties": {"camada": "SSDMT", "COD_ID": "102348364", "CTMT": "URG29983", "COMP": 33.32, "TIP_CND": "105925011_11_3", "energizado": true, "fonte": "URG29983"}}, {"type": "Feature", "geometry": {"type": "MultiLineString", "coordinates": [[[-43.24192376047313, -22.93329034087651], [-43.24170167649112, -22.932997030588467]]]}, "properties": {"camada": "SSDMT", "COD_ID": "102348380", "CTMT": "URG29983", "COMP": 41.26, "TIP_CND": "105925011_11_3", "energizado": true, "fonte": "URG29983"}}, {"type": "Feature", "geometry": {"type": "MultiLineString", "coordinates": [[[-43.24245884180209, -22.9339366665439], [-43.24238212963155, -22.93384131142733]]]}, "properties": {"camada": "SSDMT", "COD_ID": "102348062", "CTMT": "URG29983", "COMP": 13.7, "TIP_CND": "105925011_11_3", "energizado": true, "fonte": "URG29983"}}, {"type": "Feature", "geometry": {"type": "MultiLineString", "coordinates": [[[-43.24224235070386, -22.933266816410423], [-43.24251409704789, -22.933126466413228]]]}, "properties": {"camada": "SSDMT", "COD_ID": "11051746", "CTMT": "URG29983", "COMP": 33.19, "TIP_CND": "105925006_13_3", "energizado": true, "fonte": "URG29983"}}, {"type": "Feature", "geometry": {"type": "MultiLineString", "coordinates": [[[-43.24256207587905, -22.934045455733155], [-43.24245884180209, -22.9339366665439]]]}, "properties": {"camada": "SSDMT", "COD_ID": "102348072", "CTMT": "URG29983", "COMP": 16.68, "TIP_CND": "105925011_11_3", "energizado": true, "fonte": "URG29983"}}, {"type": "Feature", "geometry": {"type": "MultiLineString", "coordinates": [[[-43.24144945442873, -22.93272729872581], [-43.24125198039451, -22.932470266189796]]]}, "properties": {"camada": "SSDMT", "COD_ID": "12185739", "CTMT": "URG29983", "COMP": 36.33, "TIP_CND": "105924969_35_3", "energizado": true, "fonte": "URG29983"}}, {"type": "Feature", "geometry": {"type": "MultiLineString", "coordinates": [[[-43.241241881007966, -22.932458838504544], [-43.24124021276555, -22.932459678471332]]]}, "properties": {"camada": "SSDMT", "COD_ID": "103598746", "CTMT": "URG29983", "COMP": 0.2, "TIP_CND": "105924968_35_3", "energizado": true, "fonte": "URG29983"}}, {"type": "Feature", "geometry": {"type": "MultiLineString", "coordinates": [[[-43.24125198039451, -22.932470266189796], [-43.24124850991075, -22.932466480043956]]]}, "properties": {"camada": "SSDMT", "COD_ID": "12185835", "CTMT": "URG29983", "COMP": 0.57, "TIP_CND": "105924968_35_3", "energizado": true, "fonte": "URG29983"}}, {"type": "Feature", "geometry": {"type": "MultiLineString", "coordinates": [[[-43.24122764473998, -22.93244987586104], [-43.24121379248248, -22.932439878997172]]]}, "properties": {"camada": "SSDMT", "COD_ID": "103598763", "CTMT": "URG29983", "COMP": 1.87, "TIP_CND": "105924968_35_3", "energizado": true, "fonte": "URG29983"}}, {"type": "Feature", "geometry": {"type": "MultiLineString", "coordinates": [[[-43.24124021276555, -22.932459678471332], [-43.24122764473998, -22.93244987586104]]]}, "properties": {"camada": "SSDMT", "COD_ID": "103598733", "CTMT": "URG29983", "COMP": 1.75, "TIP_CND": "105924968_35_3", "energizado": true, "fonte": "URG29983"}}, {"type": "Feature", "geometry": {"type": "MultiLineString", "coordinates": [[[-43.24124850991075, -22.932466480043956], [-43.241241881007966, -22.932458838504544]]]}, "properties": {"camada": "SSDMT", "COD_ID": "46008915", "CTMT": "URG29983", "COMP": 1.13, "TIP_CND": "105924968_35_3", "energizado": true, "fonte": "URG29983"}}, {"type": "Feature", "geometry": {"type": "MultiLineString", "coordinates": [[[-43.24222436965891, -22.933244319869402], [-43.24220143424873, -22.933215114385973]]]}, "properties": {"camada": "SSDMT", "COD_ID": "800259922", "CTMT": "URG29983", "COMP": 4.16, "TIP_CND": "105925006_13_3", "energizado": true, "fonte": "URG29983"}}, {"type": "Feature", "geometry": {"type": "MultiLineString", "coordinates": [[[-43.2404347259818, -22.93202529603053], [-43.24043312608785, -22.932024609847815]]]}, "properties": {"camada": "SSDMT", "COD_ID": "106126555", "CTMT": "URG29983", "COMP": 0.19, "TIP_CND": "105924968_35_3", "energizado": true, "fonte": "URG29983"}}, {"type": "Feature", "geometry": {"type": "MultiLineString", "coordinates": [[[-43.24062193695278, -22.932102018992964], [-43.24050993718379, -22.93205619313875]]]}, "properties": {"camada": "SSDMT", "COD_ID": "12186123", "CTMT": "URG29983", "COMP": 13.06, "TIP_CND": "105924968_35_3", "energizado": true, "fonte": "URG29983"}}, {"type": "Feature", "geometry": {"type": "MultiLineString", "coordinates": [[[-43.24001671659818, -22.931879844179434], [-43.239995173338514, -22.931869725907063]]]}, "properties": {"camada": "SSDMT", "COD_ID": "106126300", "CTMT": "URG29983", "COMP": 2.58, "TIP_CND": "105924968_35_3", "energizado": true, "fonte": "URG29983"}}, {"type": "Feature", "geometry": {"type": "MultiLineString", "coordinates": [[[-43.23995743418817, -22.931857450161147], [-43.239945224992084, -22.9318515533065]]]}, "properties": {"camada": "SSDMT", "COD_ID": "300147352", "CTMT": "URG29983", "COMP": 1.47, "TIP_CND": "105924968_35_3", "energizado": true, "fonte": "URG29983"}}, {"type": "Feature", "geometry": {"type": "MultiLineString", "coordinates": [[[-43.24167916556098, -22.932976453200695], [-43.24155706280817, -22.932843777118592]]]}, "properties": {"camada": "SSDMT", "COD_ID": "12381211", "CTMT": "URG29983", "COMP": 20.08, "TIP_CND": "105924969_35_3", "energizado": true, "fonte": "URG29983"}}, {"type": "Feature", "geometry": {"type": "MultiLineString", "coordinates": [[[-43.24155456179358, -22.932841139407003], [-43.241551505897235, -22.93283771838594]]]}, "properties": {"camada": "SSDMT", "COD_ID": "288264230", "CTMT": "URG29983", "COMP": 0.51, "TIP_CND": "105924969_35_3", "energizado": true, "fonte": "URG29983"}}, {"type": "Feature", "geometry": {"type": "MultiLineString", "coordinates": [[[-43.23997218486841, -22.931863501699183], [-43.23996689595543, -22.93186159153919]]]}, "properties": {"camada": "SSDMT", "COD_ID": "300147340", "CTMT": "URG29983", "COMP": 0.61, "TIP_CND": "105924968_35_3", "energizado": true, "fonte": "URG29983"}}, {"type": "Feature", "geometry": {"type": "MultiLineString", "coordinates": [[[-43.241680580194554, -22.932979448842445], [-43.24167916556098, -22.932976453200695]]]}, "properties": {"camada": "SSDMT", "COD_ID": "70537895", "CTMT": "URG29983", "COMP": 0.38, "TIP_CND": "105924968_35_3", "energizado": true, "fonte": "URG29983"}}, {"type": "Feature", "geometry": {"type": "MultiLineString", "coordinates": [[[-43.241679400284056, -22.932981729523135], [-43.241681092808165, -22.932980510941775]]]}, "properties": {"camada": "SSDMT", "COD_ID": "71542642", "CTMT": "URG29983", "COMP": 0.23, "TIP_CND": "105924968_35_3", "energizado": true, "fonte": "URG29983"}}, {"type": "Feature", "geometry": {"type": "MultiLineString", "coordinates": [[[-43.24166838988424, -22.93297132166913], [-43.241679400284056, -22.932981729523135]]]}, "properties": {"camada": "SSDMT", "COD_ID": "70537967", "CTMT": "URG29983", "COMP": 1.68, "TIP_CND": "105924968_35_3", "energizado": true, "fonte": "URG29983"}}, {"type": "Feature", "geometry": {"type": "MultiLineString", "coordinates": [[[-43.241570694731706, -22.932880736556683], [-43.24158182114411, -22.932916829048395]]]}, "properties": {"camada": "SSDMT", "COD_ID": "12185493", "CTMT": "URG29983", "COMP": 4.32, "TIP_CND": "105924968_35_3", "energizado": true, "fonte": "URG29983"}}, {"type": "Feature", "geometry": {"type": "MultiLineString", "coordinates": [[[-43.241551505897235, -22.93283771838594], [-43.24144945442873, -22.93272729872581]]]}, "properties": {"camada": "SSDMT", "COD_ID": "288264237", "CTMT": "URG29983", "COMP": 16.74, "TIP_CND": "105924969_35_3", "energizado": true, "fonte": "URG29983"}}, {"type": "Feature", "geometry": {"type": "MultiLineString", "coordinates": [[[-43.24039347767683, -22.93201066046356], [-43.240372462319215, -22.932002687973636]]]}, "properties": {"camada": "SSDMT", "COD_ID": "106126348", "CTMT": "URG29983", "COMP": 2.42, "TIP_CND": "105924968_35_3", "energizado": true, "fonte": "URG29983"}}, {"type": "Feature", "geometry": {"type": "MultiLineString", "coordinates": [[[-43.240372462319215, -22.932002687973636], [-43.24033050085188, -22.931986662954102]]]}, "properties": {"camada": "SSDMT", "COD_ID": "106126338", "CTMT": "URG29983", "COMP": 4.84, "TIP_CND": "105924968_35_3", "energizado": true, "fonte": "URG29983"}}, {"type": "Feature", "geometry": {"type": "MultiLineString", "coordinates": [[[-43.239995173338514, -22.931869725907063], [-43.2399873519347, -22.93186605397517]]]}, "properties": {"camada": "SSDMT", "COD_ID": "12186213", "CTMT": "URG29983", "COMP": 0.94, "TIP_CND": "105924968_35_3", "energizado": true, "fonte": "URG29983"}}, {"type": "Feature", "geometry": {"type": "MultiLineString", "coordinates": [[[-43.24155706280817, -22.932843777118592], [-43.24155456179358, -22.932841139407003]]]}, "properties": {"camada": "SSDMT", "COD_ID": "288264224", "CTMT": "URG29983", "COMP": 0.4, "TIP_CND": "105924969_35_3", "energizado": true, "fonte": "URG29983"}}, {"type": "Feature", "geometry": {"type": "MultiLineString", "coordinates": [[[-43.2415875246445, -22.93292365580203], [-43.24166838988424, -22.93297132166913]]]}, "properties": {"camada": "SSDMT", "COD_ID": "12185517", "CTMT": "URG29983", "COMP": 10.22, "TIP_CND": "105924968_35_3", "energizado": true, "fonte": "URG29983"}}, {"type": "Feature", "geometry": {"type": "MultiLineString", "coordinates": [[[-43.240671232391435, -22.932126172085134], [-43.24065232054812, -22.932116118563954]]]}, "properties": {"camada": "SSDMT", "COD_ID": "12186117", "CTMT": "URG29983", "COMP": 2.33, "TIP_CND": "105924968_35_3", "energizado": true, "fonte": "URG29983"}}, {"type": "Feature", "geometry": {"type": "MultiLineString", "coordinates": [[[-43.24050993718379, -22.93205619313875], [-43.240440196557756, -22.932027469691945]]]}, "properties": {"camada": "SSDMT", "COD_ID": "12186129", "CTMT": "URG29983", "COMP": 8.14, "TIP_CND": "105924968_35_3", "energizado": true, "fonte": "URG29983"}}, {"type": "Feature", "geometry": {"type": "MultiLineString", "coordinates": [[[-43.240432393140395, -22.93202624481529], [-43.240418706358184, -22.932020007117615]]]}, "properties": {"camada": "SSDMT", "COD_ID": "12186153", "CTMT": "URG29983", "COMP": 1.63, "TIP_CND": "105924968_35_3", "energizado": true, "fonte": "URG29983"}}, {"type": "Feature", "geometry": {"type": "MultiLineString", "coordinates": [[[-43.2399873519347, -22.93186605397517], [-43.23997888841495, -22.931864596174137]]]}, "properties": {"camada": "SSDMT", "COD_ID": "288866571", "CTMT": "URG29983", "COMP": 0.92, "TIP_CND": "105924968_35_3", "energizado": true, "fonte": "URG29983"}}, {"type": "Feature", "geometry": {"type": "MultiLineString", "coordinates": [[[-43.24033050085188, -22.931986662954102], [-43.24001671659818, -22.931879844179434]]]}, "properties": {"camada": "SSDMT", "COD_ID": "12186171", "CTMT": "URG29983", "COMP": 35.66, "TIP_CND": "105924968_35_3", "energizado": true, "fonte": "URG29983"}}, {"type": "Feature", "geometry": {"type": "MultiLineString", "coordinates": [[[-43.24121379248248, -22.932439878997172], [-43.2410055418722, -22.932288953872103]]]}, "properties": {"camada": "SSDMT", "COD_ID": "12185847", "CTMT": "URG29983", "COMP": 28.21, "TIP_CND": "105924968_35_3", "energizado": true, "fonte": "URG29983"}}, {"type": "Feature", "geometry": {"type": "MultiLineString", "coordinates": [[[-43.24065232054812, -22.932116118563954], [-43.24062193695278, -22.932102018992964]]]}, "properties": {"camada": "SSDMT", "COD_ID": "12381415", "CTMT": "URG29983", "COMP": 3.63, "TIP_CND": "105924968_35_3", "energizado": true, "fonte": "URG29983"}}, {"type": "Feature", "geometry": {"type": "MultiLineString", "coordinates": [[[-43.24043312608785, -22.932024609847815], [-43.240432393140395, -22.93202624481529]]]}, "properties": {"camada": "SSDMT", "COD_ID": "106126568", "CTMT": "URG29983", "COMP": 0.2, "TIP_CND": "105924968_35_3", "energizado": true, "fonte": "URG29983"}}, {"type": "Feature", "geometry": {"type": "MultiLineString", "coordinates": [[[-43.240418706358184, -22.932020007117615], [-43.24040272360679, -22.932014175913423]]]}, "properties": {"camada": "SSDMT", "COD_ID": "106126351", "CTMT": "URG29983", "COMP": 1.83, "TIP_CND": "105924968_35_3", "energizado": true, "fonte": "URG29983"}}, {"type": "Feature", "geometry": {"type": "MultiLineString", "coordinates": [[[-43.239945224992084, -22.9318515533065], [-43.23993201754854, -22.9318452382671]]]}, "properties": {"camada": "SSDMT", "COD_ID": "300147358", "CTMT": "URG29983", "COMP": 1.59, "TIP_CND": "105924968_35_3", "energizado": true, "fonte": "URG29983"}}, {"type": "Feature", "geometry": {"type": "MultiLineString", "coordinates": [[[-43.24040272360679, -22.932014175913423], [-43.24039347767683, -22.93201066046356]]]}, "properties": {"camada": "SSDMT", "COD_ID": "106126325", "CTMT": "URG29983", "COMP": 1.07, "TIP_CND": "105924968_35_3", "energizado": true, "fonte": "URG29983"}}, {"type": "Feature", "geometry": {"type": "MultiLineString", "coordinates": [[[-43.23997888841495, -22.931864596174137], [-43.23997218486841, -22.931863501699183]]]}, "properties": {"camada": "SSDMT", "COD_ID": "12186219", "CTMT": "URG29983", "COMP": 0.73, "TIP_CND": "105924968_35_3", "energizado": true, "fonte": "URG29983"}}, {"type": "Feature", "geometry": {"type": "MultiLineString", "coordinates": [[[-43.24158182114411, -22.932916829048395], [-43.2415875246445, -22.93292365580203]]]}, "properties": {"camada": "SSDMT", "COD_ID": "12185511", "CTMT": "URG29983", "COMP": 0.99, "TIP_CND": "105924968_35_3", "energizado": true, "fonte": "URG29983"}}, {"type": "Feature", "geometry": {"type": "MultiLineString", "coordinates": [[[-43.241681092808165, -22.932980510941775], [-43.241680580194554, -22.932979448842445]]]}, "properties": {"camada": "SSDMT", "COD_ID": "71542629", "CTMT": "URG29983", "COMP": 0.13, "TIP_CND": "105924968_35_3", "energizado": true, "fonte": "URG29983"}}, {"type": "Feature", "geometry": {"type": "MultiLineString", "coordinates": [[[-43.23996689595543, -22.93186159153919], [-43.23995743418817, -22.931857450161147]]]}, "properties": {"camada": "SSDMT", "COD_ID": "300147346", "CTMT": "URG29983", "COMP": 1.12, "TIP_CND": "105924968_35_3", "energizado": true, "fonte": "URG29983"}}, {"type": "Feature", "geometry": {"type": "MultiLineString", "coordinates": [[[-43.240440196557756, -22.932027469691945], [-43.2404347259818, -22.93202529603053]]]}, "properties": {"camada": "SSDMT", "COD_ID": "50815259", "CTMT": "URG29983", "COMP": 0.64, "TIP_CND": "105924968_35_3", "energizado": true, "fonte": "URG29983"}}, {"type": "Feature", "geometry": {"type": "MultiLineString", "coordinates": [[[-43.240974607891815, -22.932272147341678], [-43.240963153226915, -22.93226520277682]]]}, "properties": {"camada": "SSDMT", "COD_ID": "103598803", "CTMT": "URG29983", "COMP": 1.46, "TIP_CND": "105924968_35_3", "energizado": true, "fonte": "URG29983"}}, {"type": "Feature", "geometry": {"type": "MultiLineString", "coordinates": [[[-43.24099003486219, -22.932275714052935], [-43.24097569607147, -22.93227017332981]]]}, "properties": {"camada": "SSDMT", "COD_ID": "103598798", "CTMT": "URG29983", "COMP": 1.66, "TIP_CND": "105924968_35_3", "energizado": true, "fonte": "URG29983"}}, {"type": "Feature", "geometry": {"type": "MultiLineString", "coordinates": [[[-43.24097569607147, -22.93227017332981], [-43.240974607891815, -22.932272147341678]]]}, "properties": {"camada": "SSDMT", "COD_ID": "103598775", "CTMT": "URG29983", "COMP": 0.26, "TIP_CND": "105924968_35_3", "energizado": true, "fonte": "URG29983"}}, {"type": "Feature", "geometry": {"type": "MultiLineString", "coordinates": [[[-43.24098791066348, -22.93228166037028], [-43.24099003486219, -22.932275714052935]]]}, "properties": {"camada": "SSDMT", "COD_ID": "103598788", "CTMT": "URG29983", "COMP": 0.72, "TIP_CND": "105924968_35_3", "energizado": true, "fonte": "URG29983"}}, {"type": "Feature", "geometry": {"type": "MultiLineString", "coordinates": [[[-43.2410055418722, -22.932288953872103], [-43.24098791066348, -22.93228166037028]]]}, "properties": {"camada": "SSDMT", "COD_ID": "12186105", "CTMT": "URG29983", "COMP": 2.06, "TIP_CND": "105924968_35_3", "energizado": true, "fonte": "URG29983"}}, {"type": "Feature", "geometry": {"type": "MultiLineString", "coordinates": [[[-43.240963153226915, -22.93226520277682], [-43.240671232391435, -22.932126172085134]]]}, "properties": {"camada": "SSDMT", "COD_ID": "12186111", "CTMT": "URG29983", "COMP": 35.02, "TIP_CND": "105924968_35_3", "energizado": true, "fonte": "URG29983"}}, {"type": "Feature", "geometry": {"type": "MultiLineString", "coordinates": [[[-43.235543888039956, -22.933277709898334], [-43.235655868023855, -22.933691138135487]]]}, "properties": {"camada": "SSDMT", "COD_ID": "478746840", "CTMT": "URG29983", "COMP": 49.09, "TIP_CND": "105924962_34_3", "energizado": true, "fonte": "URG29983"}}, {"type": "Feature", "geometry": {"type": "MultiLineString", "coordinates": [[[-43.23343955269314, -22.933881189165504], [-43.23352147553561, -22.93412921409191]]]}, "properties": {"camada": "SSDMT", "COD_ID": "96864233", "CTMT": "URG29983", "COMP": 29.87, "TIP_CND": "105925006_13_3", "energizado": true, "fonte": "URG29983"}}, {"type": "Feature", "geometry": {"type": "MultiLineString", "coordinates": [[[-43.23302980897847, -22.932395611668085], [-43.23312847090216, -22.93254960707867]]]}, "properties": {"camada": "SSDMT", "COD_ID": "11052400", "CTMT": "URG29983", "COMP": 20.62, "TIP_CND": "105925006_13_3", "energizado": true, "fonte": "URG29983"}}, {"type": "Feature", "geometry": {"type": "MultiLineString", "coordinates": [[[-43.238574116802, -22.93265594921263], [-43.23834190285646, -22.932517912271805]]]}, "properties": {"camada": "SSDMT", "COD_ID": "11461040", "CTMT": "URG29983", "COMP": 29.43, "TIP_CND": "105925009_13_3", "energizado": true, "fonte": "URG29983"}}, {"type": "Feature", "geometry": {"type": "MultiLineString", "coordinates": [[[-43.23906974487278, -22.93298482858694], [-43.23906380844795, -22.93299307986672]]]}, "properties": {"camada": "SSDMT", "COD_ID": "977962852", "CTMT": "URG29983", "COMP": 1.14, "TIP_CND": "105925009_13_3", "energizado": true, "fonte": "URG29983"}}, {"type": "Feature", "geometry": {"type": "MultiLineString", "coordinates": [[[-43.23906380844795, -22.93299307986672], [-43.239054800838346, -22.932987697424267]]]}, "properties": {"camada": "SSDMT", "COD_ID": "977962812", "CTMT": "URG29983", "COMP": 1.14, "TIP_CND": "105925009_13_3", "energizado": true, "fonte": "URG29983"}}, {"type": "Feature", "geometry": {"type": "MultiLineString", "coordinates": [[[-43.237703171963744, -22.932149593129168], [-43.23746132807781, -22.932002417277715]]]}, "properties": {"camada": "SSDMT", "COD_ID": "95387370", "CTMT": "URG29983", "COMP": 30.87, "TIP_CND": "105925009_13_3", "energizado": true, "fonte": "URG29983"}}, {"type": "Feature", "geometry": {"type": "MultiLineString", "coordinates": [[[-43.233374512823445, -22.933661283341507], [-43.23343955269314, -22.933881189165504]]]}, "properties": {"camada": "SSDMT", "COD_ID": "96864216", "CTMT": "URG29983", "COMP": 26.26, "TIP_CND": "105925006_13_3", "energizado": true, "fonte": "URG29983"}}, {"type": "Feature", "geometry": {"type": "MultiLineString", "coordinates": [[[-43.233754078887614, -22.935554552300687], [-43.233672221695656, -22.93529161841343]]]}, "properties": {"camada": "SSDMT", "COD_ID": "70417445", "CTMT": "URG29983", "COMP": 31.52, "TIP_CND": "105925006_13_3", "energizado": true, "fonte": "URG29983"}}, {"type": "Feature", "geometry": {"type": "MultiLineString", "coordinates": [[[-43.23899756798335, -22.933085088605935], [-43.23893189499091, -22.932885687324585]]]}, "properties": {"camada": "SSDMT", "COD_ID": "11051830", "CTMT": "URG29983", "COMP": 24.01, "TIP_CND": "105925009_13_3", "energizado": true, "fonte": "URG29983"}}, {"type": "Feature", "geometry": {"type": "MultiLineString", "coordinates": [[[-43.23382787995263, -22.93210611180757], [-43.23401755956269, -22.932162786183596]]]}, "properties": {"camada": "SSDMT", "COD_ID": "11052346", "CTMT": "URG29983", "COMP": 21.26, "TIP_CND": "105925006_13_3", "energizado": true, "fonte": "URG29983"}}, {"type": "Feature", "geometry": {"type": "MultiLineString", "coordinates": [[[-43.233908496080176, -22.935557210696686], [-43.233754078887614, -22.935554552300687]]]}, "properties": {"camada": "SSDMT", "COD_ID": "70417422", "CTMT": "URG29983", "COMP": 16.47, "TIP_CND": "105925006_13_3", "energizado": true, "fonte": "URG29983"}}, {"type": "Feature", "geometry": {"type": "MultiLineString", "coordinates": [[[-43.239054800838346, -22.932987697424267], [-43.23906074715569, -22.932979437151232]]]}, "properties": {"camada": "SSDMT", "COD_ID": "977962818", "CTMT": "URG29983", "COMP": 1.14, "TIP_CND": "105925009_13_3", "energizado": true, "fonte": "URG29983"}}, {"type": "Feature", "geometry": {"type": "MultiLineString", "coordinates": [[[-43.237964513151724, -22.932296985717244], [-43.23783871598391, -22.93222334383222]]]}, "properties": {"camada": "SSDMT", "COD_ID": "11051854", "CTMT": "URG29983", "COMP": 15.87, "TIP_CND": "105925009_13_3", "energizado": true, "fonte": "URG29983"}}, {"type": "Feature", "geometry": {"type": "MultiLineString", "coordinates": [[[-43.23482692602175, -22.931784537626243], [-43.234793680783696, -22.93210069788887]]]}, "properties": {"camada": "SSDMT", "COD_ID": "478746752", "CTMT": "URG29983", "COMP": 36.59, "TIP_CND": "105924962_34_3", "energizado": true, "fonte": "URG29983"}}, {"type": "Feature", "geometry": {"type": "MultiLineString", "coordinates": [[[-43.23419814432884, -22.933275556921387], [-43.23425441311065, -22.93344776450266]]]}, "properties": {"camada": "SSDMT", "COD_ID": "50815277", "CTMT": "URG29983", "COMP": 20.72, "TIP_CND": "105925006_13_3", "energizado": true, "fonte": "URG29983"}}, {"type": "Feature", "geometry": {"type": "MultiLineString", "coordinates": [[[-43.23422993446388, -22.931864441490745], [-43.23422781656046, -22.931846492821364]]]}, "properties": {"camada": "SSDMT", "COD_ID": "336576400", "CTMT": "URG29983", "COMP": 2.08, "TIP_CND": "105925006_13_3", "energizado": true, "fonte": "URG29983"}}, {"type": "Feature", "geometry": {"type": "MultiLineString", "coordinates": [[[-43.23318110102696, -22.933064186562888], [-43.23316959150338, -22.933059271767945]]]}, "properties": {"camada": "SSDMT", "COD_ID": "828819294", "CTMT": "URG29983", "COMP": 1.35, "TIP_CND": "105925010_11_3", "energizado": true, "fonte": "URG29983"}}, {"type": "Feature", "geometry": {"type": "MultiLineString", "coordinates": [[[-43.23919526954603, -22.932688637770354], [-43.23938580620995, -22.9324662884884]]]}, "properties": {"camada": "SSDMT", "COD_ID": "11051812", "CTMT": "URG29983", "COMP": 32.69, "TIP_CND": "105925006_13_3", "energizado": true, "fonte": "URG29983"}}, {"type": "Feature", "geometry": {"type": "MultiLineString", "coordinates": [[[-43.23367094645698, -22.935171832314154], [-43.233578872067255, -22.935087129667238]]]}, "properties": {"camada": "SSDMT", "COD_ID": "11052466", "CTMT": "URG29983", "COMP": 13.84, "TIP_CND": "105925006_13_3", "energizado": true, "fonte": "URG29983"}}, {"type": "Feature", "geometry": {"type": "MultiLineString", "coordinates": [[[-43.233307857771365, -22.93345701043262], [-43.233374512823445, -22.933661283341507]]]}, "properties": {"camada": "SSDMT", "COD_ID": "50815312", "CTMT": "URG29983", "COMP": 24.58, "TIP_CND": "105925006_13_3", "energizado": true, "fonte": "URG29983"}}, {"type": "Feature", "geometry": {"type": "MultiLineString", "coordinates": [[[-43.23402375948888, -22.932514397721206], [-43.233939227713165, -22.93276961812336]]]}, "properties": {"camada": "SSDMT", "COD_ID": "96864457", "CTMT": "URG29983", "COMP": 30.75, "TIP_CND": "105925006_13_3", "energizado": true, "fonte": "URG29983"}}, {"type": "Feature", "geometry": {"type": "MultiLineString", "coordinates": [[[-43.233973706821075, -22.93503469649403], [-43.23394350039217, -22.93530343550509]]]}, "properties": {"camada": "SSDMT", "COD_ID": "70417555", "CTMT": "URG29983", "COMP": 31.12, "TIP_CND": "105925006_13_3", "energizado": true, "fonte": "URG29983"}}, {"type": "Feature", "geometry": {"type": "MultiLineString", "coordinates": [[[-43.23406039427175, -22.93292049468505], [-43.23412272898071, -22.933076045023427]]]}, "properties": {"camada": "SSDMT", "COD_ID": "11461544", "CTMT": "URG29983", "COMP": 19.11, "TIP_CND": "105925006_13_3", "energizado": true, "fonte": "URG29983"}}, {"type": "Feature", "geometry": {"type": "MultiLineString", "coordinates": [[[-43.235050067606494, -22.932650063149822], [-43.235189276364, -22.93285498986586]]]}, "properties": {"camada": "SSDMT", "COD_ID": "478746801", "CTMT": "URG29983", "COMP": 27.88, "TIP_CND": "105924962_34_3", "energizado": true, "fonte": "URG29983"}}, {"type": "Feature", "geometry": {"type": "MultiLineString", "coordinates": [[[-43.235372470962716, -22.933119817725355], [-43.235543888039956, -22.933277709898334]]]}, "properties": {"camada": "SSDMT", "COD_ID": "478746827", "CTMT": "URG29983", "COMP": 25.79, "TIP_CND": "105924962_34_3", "energizado": true, "fonte": "URG29983"}}, {"type": "Feature", "geometry": {"type": "MultiLineString", "coordinates": [[[-43.23409638693869, -22.932244126265346], [-43.234110288658826, -22.932231457515684]]]}, "properties": {"camada": "SSDMT", "COD_ID": "336576712", "CTMT": "URG29983", "COMP": 2.08, "TIP_CND": "105925006_13_3", "energizado": true, "fonte": "URG29983"}}, {"type": "Feature", "geometry": {"type": "MultiLineString", "coordinates": [[[-43.23908218519466, -22.9329675562077], [-43.23907596008746, -22.932976201390545]]]}, "properties": {"camada": "SSDMT", "COD_ID": "977962846", "CTMT": "URG29983", "COMP": 1.2, "TIP_CND": "105925009_13_3", "energizado": true, "fonte": "URG29983"}}, {"type": "Feature", "geometry": {"type": "MultiLineString", "coordinates": [[[-43.23921937047754, -22.93274229402158], [-43.23917861050444, -22.932817417989384]]]}, "properties": {"camada": "SSDMT", "COD_ID": "95387694", "CTMT": "URG29983", "COMP": 9.68, "TIP_CND": "105925009_13_3", "energizado": true, "fonte": "URG29983"}}, {"type": "Feature", "geometry": {"type": "MultiLineString", "coordinates": [[[-43.233158152126975, -22.933054213980768], [-43.23301233694974, -22.93299143500667]]]}, "properties": {"camada": "SSDMT", "COD_ID": "11052550", "CTMT": "URG29983", "COMP": 17.15, "TIP_CND": "105925010_11_3", "energizado": true, "fonte": "URG29983"}}, {"type": "Feature", "geometry": {"type": "MultiLineString", "coordinates": [[[-43.23834190285646, -22.932517912271805], [-43.23813858502763, -22.932407286666887]]]}, "properties": {"camada": "SSDMT", "COD_ID": "11051842", "CTMT": "URG29983", "COMP": 25.15, "TIP_CND": "105925009_13_3", "energizado": true, "fonte": "URG29983"}}, {"type": "Feature", "geometry": {"type": "MultiLineString", "coordinates": [[[-43.23380378711505, -22.9346604022557], [-43.233950191348185, -22.934840449227295]]]}, "properties": {"camada": "SSDMT", "COD_ID": "70417698", "CTMT": "URG29983", "COMP": 25.96, "TIP_CND": "105925006_13_3", "energizado": true, "fonte": "URG29983"}}, {"type": "Feature", "geometry": {"type": "MultiLineString", "coordinates": [[[-43.237780692624824, -22.932186576849006], [-43.237703171963744, -22.932149593129168]]]}, "properties": {"camada": "SSDMT", "COD_ID": "95387385", "CTMT": "URG29983", "COMP": 9.3, "TIP_CND": "105925009_13_3", "energizado": true, "fonte": "URG29983"}}, {"type": "Feature", "geometry": {"type": "MultiLineString", "coordinates": [[[-43.233950191348185, -22.934840449227295], [-43.23395236680824, -22.934858399695372]]]}, "properties": {"camada": "SSDMT", "COD_ID": "336576514", "CTMT": "URG29983", "COMP": 2.08, "TIP_CND": "105925006_13_3", "energizado": true, "fonte": "URG29983"}}, {"type": "Feature", "geometry": {"type": "MultiLineString", "coordinates": [[[-43.23338847479823, -22.93180358886451], [-43.23365909069446, -22.931987214238518]]]}, "properties": {"camada": "SSDMT", "COD_ID": "11052340", "CTMT": "URG29983", "COMP": 35.79, "TIP_CND": "105925006_13_3", "energizado": true, "fonte": "URG29983"}}, {"type": "Feature", "geometry": {"type": "MultiLineString", "coordinates": [[[-43.23451049056666, -22.9340014797844], [-43.234680599130286, -22.934321411803694]]]}, "properties": {"camada": "SSDMT", "COD_ID": "96864398", "CTMT": "URG29983", "COMP": 41.07, "TIP_CND": "105925006_13_3", "energizado": true, "fonte": "URG29983"}}, {"type": "Feature", "geometry": {"type": "MultiLineString", "coordinates": [[[-43.234117234123005, -22.932225123590513], [-43.23422274528343, -22.932128948292302]]]}, "properties": {"camada": "SSDMT", "COD_ID": "11052358", "CTMT": "URG29983", "COMP": 15.79, "TIP_CND": "105925006_13_3", "energizado": true, "fonte": "URG29983"}}, {"type": "Feature", "geometry": {"type": "MultiLineString", "coordinates": [[[-43.235655868023855, -22.933691138135487], [-43.235508302765936, -22.933904279259025]]]}, "properties": {"camada": "SSDMT", "COD_ID": "478746866", "CTMT": "URG29983", "COMP": 29.16, "TIP_CND": "105924962_34_3", "energizado": true, "fonte": "URG29983"}}, {"type": "Feature", "geometry": {"type": "MultiLineString", "coordinates": [[[-43.23746132807781, -22.932002417277715], [-43.23744568257217, -22.931991641600916]]]}, "properties": {"camada": "SSDMT", "COD_ID": "336576526", "CTMT": "URG29983", "COMP": 2.08, "TIP_CND": "105925009_13_3", "energizado": true, "fonte": "URG29983"}}, {"type": "Feature", "geometry": {"type": "MultiLineString", "coordinates": [[[-43.23899756798335, -22.933085088605935], [-43.238854004708514, -22.933326282282053]]]}, "properties": {"camada": "SSDMT", "COD_ID": "12856283", "CTMT": "URG29983", "COMP": 31.72, "TIP_CND": "105925009_13_3", "energizado": true, "fonte": "URG29983"}}, {"type": "Feature", "geometry": {"type": "MultiLineString", "coordinates": [[[-43.23413208193, -22.93230125389971], [-43.23402375948888, -22.932514397721206]]]}, "properties": {"camada": "SSDMT", "COD_ID": "50815322", "CTMT": "URG29983", "COMP": 27.13, "TIP_CND": "105925010_11_3", "energizado": true, "fonte": "URG29983"}}, {"type": "Feature", "geometry": {"type": "MultiLineString", "coordinates": [[[-43.239073246832845, -22.93296207483985], [-43.239067299616124, -22.932970335112827]]]}, "properties": {"camada": "SSDMT", "COD_ID": "977962824", "CTMT": "URG29983", "COMP": 1.14, "TIP_CND": "105925009_13_3", "energizado": true, "fonte": "URG29983"}}, {"type": "Feature", "geometry": {"type": "MultiLineString", "coordinates": [[[-43.23318110102696, -22.933064186562888], [-43.23324785050784, -22.933261155178116]]]}, "properties": {"camada": "SSDMT", "COD_ID": "11052418", "CTMT": "URG29983", "COMP": 23.78, "TIP_CND": "105925006_13_3", "energizado": true, "fonte": "URG29983"}}, {"type": "Feature", "geometry": {"type": "MultiLineString", "coordinates": [[[-43.23805143172814, -22.93236116583512], [-43.237964513151724, -22.932296985717244]]]}, "properties": {"camada": "SSDMT", "COD_ID": "11051848", "CTMT": "URG29983", "COMP": 11.86, "TIP_CND": "105925009_13_3", "energizado": true, "fonte": "URG29983"}}, {"type": "Feature", "geometry": {"type": "MultiLineString", "coordinates": [[[-43.234898897865776, -22.932439043526983], [-43.235050067606494, -22.932650063149822]]]}, "properties": {"camada": "SSDMT", "COD_ID": "478746781", "CTMT": "URG29983", "COMP": 29.17, "TIP_CND": "105924962_34_3", "energizado": true, "fonte": "URG29983"}}, {"type": "Feature", "geometry": {"type": "MultiLineString", "coordinates": [[[-43.23425441311065, -22.93344776450266], [-43.23433006228248, -22.933629218013948]]]}, "properties": {"camada": "SSDMT", "COD_ID": "96864422", "CTMT": "URG29983", "COMP": 22.4, "TIP_CND": "105925006_13_3", "energizado": true, "fonte": "URG29983"}}, {"type": "Feature", "geometry": {"type": "MultiLineString", "coordinates": [[[-43.23394350039217, -22.93530343550509], [-43.233908496080176, -22.935557210696686]]]}, "properties": {"camada": "SSDMT", "COD_ID": "70417525", "CTMT": "URG29983", "COMP": 29.47, "TIP_CND": "105925006_13_3", "energizado": true, "fonte": "URG29983"}}, {"type": "Feature", "geometry": {"type": "MultiLineString", "coordinates": [[[-43.23409638693869, -22.932244126265346], [-43.23413208193, -22.93230125389971]]]}, "properties": {"camada": "SSDMT", "COD_ID": "50815328", "CTMT": "URG29983", "COMP": 7.6, "TIP_CND": "105925006_13_3", "energizado": true, "fonte": "URG29983"}}, {"type": "Feature", "geometry": {"type": "MultiLineString", "coordinates": [[[-43.23893189499091, -22.932885687324585], [-43.238574116802, -22.93265594921263]]]}, "properties": {"camada": "SSDMT", "COD_ID": "95387438", "CTMT": "URG29983", "COMP": 46.44, "TIP_CND": "105925009_13_3", "energizado": true, "fonte": "URG29983"}}, {"type": "Feature", "geometry": {"type": "MultiLineString", "coordinates": [[[-43.23783871598391, -22.93222334383222], [-43.237780692624824, -22.932186576849006]]]}, "properties": {"camada": "SSDMT", "COD_ID": "95387404", "CTMT": "URG29983", "COMP": 7.5, "TIP_CND": "105925009_13_3", "energizado": true, "fonte": "URG29983"}}, {"type": "Feature", "geometry": {"type": "MultiLineString", "coordinates": [[[-43.23441522628161, -22.93382883872988], [-43.23451049056666, -22.9340014797844]]]}, "properties": {"camada": "SSDMT", "COD_ID": "96864406", "CTMT": "URG29983", "COMP": 22.33, "TIP_CND": "105925006_13_3", "energizado": true, "fonte": "URG29983"}}, {"type": "Feature", "geometry": {"type": "MultiLineString", "coordinates": [[[-43.23908218519466, -22.9329675562077], [-43.239073246832845, -22.93296207483985]]]}, "properties": {"camada": "SSDMT", "COD_ID": "977962806", "CTMT": "URG29983", "COMP": 1.14, "TIP_CND": "105925009_13_3", "energizado": true, "fonte": "URG29983"}}, {"type": "Feature", "geometry": {"type": "MultiLineString", "coordinates": [[[-43.23322123237392, -22.932860939780483], [-43.23318110102696, -22.933064186562888]]]}, "properties": {"camada": "SSDMT", "COD_ID": "11052412", "CTMT": "URG29983", "COMP": 23.8, "TIP_CND": "105925006_13_3", "energizado": true, "fonte": "URG29983"}}, {"type": "Feature", "geometry": {"type": "MultiLineString", "coordinates": [[[-43.234793680783696, -22.93210069788887], [-43.234898897865776, -22.932439043526983]]]}, "properties": {"camada": "SSDMT", "COD_ID": "478746775", "CTMT": "URG29983", "COMP": 40.55, "TIP_CND": "105924962_34_3", "energizado": true, "fonte": "URG29983"}}, {"type": "Feature", "geometry": {"type": "MultiLineString", "coordinates": [[[-43.23813858502763, -22.932407286666887], [-43.23805143172814, -22.93236116583512]]]}, "properties": {"camada": "SSDMT", "COD_ID": "11051878", "CTMT": "URG29983", "COMP": 10.71, "TIP_CND": "105925009_13_3", "energizado": true, "fonte": "URG29983"}}, {"type": "Feature", "geometry": {"type": "MultiLineString", "coordinates": [[[-43.23422274528343, -22.932128948292302], [-43.23424411317524, -22.931984697036114]]]}, "properties": {"camada": "SSDMT", "COD_ID": "12336711", "CTMT": "URG29983", "COMP": 16.77, "TIP_CND": "105925006_13_3", "energizado": true, "fonte": "URG29983"}}, {"type": "Feature", "geometry": {"type": "MultiLineString", "coordinates": [[[-43.23312847090216, -22.93254960707867], [-43.2331725250919, -22.932668118838592]]]}, "properties": {"camada": "SSDMT", "COD_ID": "11052406", "CTMT": "URG29983", "COMP": 14.44, "TIP_CND": "105925006_13_3", "energizado": true, "fonte": "URG29983"}}, {"type": "Feature", "geometry": {"type": "MultiLineString", "coordinates": [[[-43.23401755956269, -22.932162786183596], [-43.23409638693869, -22.932244126265346]]]}, "properties": {"camada": "SSDMT", "COD_ID": "11052352", "CTMT": "URG29983", "COMP": 12.59, "TIP_CND": "105925006_13_3", "energizado": true, "fonte": "URG29983"}}, {"type": "Feature", "geometry": {"type": "MultiLineString", "coordinates": [[[-43.237287379409, -22.93188265276217], [-43.236940467728346, -22.932044210571803]]]}, "properties": {"camada": "SSDMT", "COD_ID": "12856373", "CTMT": "URG29983", "COMP": 41.42, "TIP_CND": "105925009_13_3", "energizado": true, "fonte": "URG29983"}}, {"type": "Feature", "geometry": {"type": "MultiLineString", "coordinates": [[[-43.23906380844795, -22.93299307986672], [-43.23899756798335, -22.933085088605935]]]}, "properties": {"camada": "SSDMT", "COD_ID": "95387712", "CTMT": "URG29983", "COMP": 12.74, "TIP_CND": "105925009_13_3", "energizado": true, "fonte": "URG29983"}}, {"type": "Feature", "geometry": {"type": "MultiLineString", "coordinates": [[[-43.2331725250919, -22.932668118838592], [-43.23317696774285, -22.932685705081155]]]}, "properties": {"camada": "SSDMT", "COD_ID": "336576406", "CTMT": "URG29983", "COMP": 2.08, "TIP_CND": "105925006_13_3", "energizado": true, "fonte": "URG29983"}}, {"type": "Feature", "geometry": {"type": "MultiLineString", "coordinates": [[[-43.23395344959198, -22.934867369533436], [-43.233973706821075, -22.93503469649403]]]}, "properties": {"camada": "SSDMT", "COD_ID": "70417482", "CTMT": "URG29983", "COMP": 19.39, "TIP_CND": "105925006_13_3", "energizado": true, "fonte": "URG29983"}}, {"type": "Feature", "geometry": {"type": "MultiLineString", "coordinates": [[[-43.23324785050784, -22.933261155178116], [-43.233307857771365, -22.93345701043262]]]}, "properties": {"camada": "SSDMT", "COD_ID": "96864186", "CTMT": "URG29983", "COMP": 23.45, "TIP_CND": "105925006_13_3", "energizado": true, "fonte": "URG29983"}}, {"type": "Feature", "geometry": {"type": "MultiLineString", "coordinates": [[[-43.23317918367235, -22.932694498652154], [-43.23322123237392, -22.932860939780483]]]}, "properties": {"camada": "SSDMT", "COD_ID": "96864523", "CTMT": "URG29983", "COMP": 19.69, "TIP_CND": "105925006_13_3", "energizado": true, "fonte": "URG29983"}}, {"type": "Feature", "geometry": {"type": "MultiLineString", "coordinates": [[[-43.23424411317524, -22.931984697036114], [-43.23423098756996, -22.931873421221383]]]}, "properties": {"camada": "SSDMT", "COD_ID": "23308364", "CTMT": "URG29983", "COMP": 12.89, "TIP_CND": "105925006_13_3", "energizado": true, "fonte": "URG29983"}}, {"type": "Feature", "geometry": {"type": "MultiLineString", "coordinates": [[[-43.236940467728346, -22.932044210571803], [-43.23693450792115, -22.932035411604943]]]}, "properties": {"camada": "SSDMT", "COD_ID": "977477590", "CTMT": "URG29983", "COMP": 1.2, "TIP_CND": "105925009_13_3", "energizado": true, "fonte": "URG29983"}}, {"type": "Feature", "geometry": {"type": "MultiLineString", "coordinates": [[[-43.234680599130286, -22.934321411803694], [-43.234833055800834, -22.93469139379272]]]}, "properties": {"camada": "SSDMT", "COD_ID": "96864324", "CTMT": "URG29983", "COMP": 45.61, "TIP_CND": "105925006_13_3", "energizado": true, "fonte": "URG29983"}}, {"type": "Feature", "geometry": {"type": "MultiLineString", "coordinates": [[[-43.23693450792115, -22.932035411604943], [-43.23692442022576, -22.93203963482125]]]}, "properties": {"camada": "SSDMT", "COD_ID": "977477584", "CTMT": "URG29983", "COMP": 1.18, "TIP_CND": "105925009_13_3", "energizado": true, "fonte": "URG29983"}}, {"type": "Feature", "geometry": {"type": "MultiLineString", "coordinates": [[[-43.233939227713165, -22.93276961812336], [-43.23406039427175, -22.93292049468505]]]}, "properties": {"camada": "SSDMT", "COD_ID": "11052370", "CTMT": "URG29983", "COMP": 21.66, "TIP_CND": "105925006_13_3", "energizado": true, "fonte": "URG29983"}}, {"type": "Feature", "geometry": {"type": "MultiLineString", "coordinates": [[[-43.23365909069446, -22.931987214238518], [-43.23382787995263, -22.93210611180757]]]}, "properties": {"camada": "SSDMT", "COD_ID": "96864508", "CTMT": "URG29983", "COMP": 22.62, "TIP_CND": "105925006_13_3", "energizado": true, "fonte": "URG29983"}}, {"type": "Feature", "geometry": {"type": "MultiLineString", "coordinates": [[[-43.23904437319925, -22.932740495377516], [-43.23910140460612, -22.932692598384676]]]}, "properties": {"camada": "SSDMT", "COD_ID": "345302077", "CTMT": "URG29983", "COMP": 8.21, "TIP_CND": "105925009_13_3", "energizado": true, "fonte": "URG29983"}}, {"type": "Feature", "geometry": {"type": "MultiLineString", "coordinates": [[[-43.236940467728346, -22.932044210571803], [-43.23693038452956, -22.932048875355292]]]}, "properties": {"camada": "SSDMT", "COD_ID": "977477623", "CTMT": "URG29983", "COMP": 1.2, "TIP_CND": "105925009_13_3", "energizado": true, "fonte": "URG29983"}}, {"type": "Feature", "geometry": {"type": "MultiLineString", "coordinates": [[[-43.23294261251152, -22.931911450852738], [-43.23280793543785, -22.932212528585296]]]}, "properties": {"camada": "SSDMT", "COD_ID": "96864719", "CTMT": "URG29983", "COMP": 37.53, "TIP_CND": "105925006_13_3", "energizado": true, "fonte": "URG29983"}}, {"type": "Feature", "geometry": {"type": "MultiLineString", "coordinates": [[[-43.235830735799766, -22.93373615909644], [-43.23601927147217, -22.933879999362432]]]}, "properties": {"camada": "SSDMT", "COD_ID": "478746892", "CTMT": "URG29983", "COMP": 26.06, "TIP_CND": "105924962_34_3", "energizado": true, "fonte": "URG29983"}}, {"type": "Feature", "geometry": {"type": "MultiLineString", "coordinates": [[[-43.23280793543785, -22.932212528585296], [-43.23302980897847, -22.932395611668085]]]}, "properties": {"camada": "SSDMT", "COD_ID": "11052394", "CTMT": "URG29983", "COMP": 31.7, "TIP_CND": "105925006_13_3", "energizado": true, "fonte": "URG29983"}}, {"type": "Feature", "geometry": {"type": "MultiLineString", "coordinates": [[[-43.23412272898071, -22.933076045023427], [-43.23419814432884, -22.933275556921387]]]}, "properties": {"camada": "SSDMT", "COD_ID": "11052376", "CTMT": "URG29983", "COMP": 24.35, "TIP_CND": "105925006_13_3", "energizado": true, "fonte": "URG29983"}}, {"type": "Feature", "geometry": {"type": "MultiLineString", "coordinates": [[[-43.23352147553561, -22.93412921409191], [-43.233629776393, -22.934402456907833]]]}, "properties": {"camada": "SSDMT", "COD_ID": "11052424", "CTMT": "URG29983", "COMP": 33.52, "TIP_CND": "105925006_13_3", "energizado": true, "fonte": "URG29983"}}, {"type": "Feature", "geometry": {"type": "MultiLineString", "coordinates": [[[-43.23917861050444, -22.932817417989384], [-43.23919526954603, -22.932688637770354]]]}, "properties": {"camada": "SSDMT", "COD_ID": "95387688", "CTMT": "URG29983", "COMP": 14.94, "TIP_CND": "105925006_13_3", "energizado": true, "fonte": "URG29983"}}, {"type": "Feature", "geometry": {"type": "MultiLineString", "coordinates": [[[-43.235189276364, -22.93285498986586], [-43.235372470962716, -22.933119817725355]]]}, "properties": {"camada": "SSDMT", "COD_ID": "478746814", "CTMT": "URG29983", "COMP": 36.22, "TIP_CND": "105924962_34_3", "energizado": true, "fonte": "URG29983"}}, {"type": "Feature", "geometry": {"type": "MultiLineString", "coordinates": [[[-43.235508302765936, -22.933904279259025], [-43.23566462921923, -22.93402289264236]]]}, "properties": {"camada": "SSDMT", "COD_ID": "478746879", "CTMT": "URG29983", "COMP": 21.56, "TIP_CND": "105924962_34_3", "energizado": true, "fonte": "URG29983"}}, {"type": "Feature", "geometry": {"type": "MultiLineString", "coordinates": [[[-43.23433006228248, -22.933629218013948], [-43.23441522628161, -22.93382883872988]]]}, "properties": {"camada": "SSDMT", "COD_ID": "96864414", "CTMT": "URG29983", "COMP": 24.72, "TIP_CND": "105925006_13_3", "energizado": true, "fonte": "URG29983"}}, {"type": "Feature", "geometry": {"type": "MultiLineString", "coordinates": [[[-43.23917861050444, -22.932817417989384], [-43.23908218519466, -22.9329675562077]]]}, "properties": {"camada": "SSDMT", "COD_ID": "95387700", "CTMT": "URG29983", "COMP": 20.12, "TIP_CND": "105925009_13_3", "energizado": true, "fonte": "URG29983"}}, {"type": "Feature", "geometry": {"type": "MultiLineString", "coordinates": [[[-43.233629776393, -22.934402456907833], [-43.23380378711505, -22.9346604022557]]]}, "properties": {"camada": "SSDMT", "COD_ID": "11052430", "CTMT": "URG29983", "COMP": 35.03, "TIP_CND": "105925006_13_3", "energizado": true, "fonte": "URG29983"}}, {"type": "Feature", "geometry": {"type": "MultiLineString", "coordinates": [[[-43.23301233694974, -22.93299143500667], [-43.23287125400515, -22.93298408304895]]]}, "properties": {"camada": "SSDMT", "COD_ID": "11052556", "CTMT": "URG29983", "COMP": 15.07, "TIP_CND": "105925010_11_3", "energizado": true, "fonte": "URG29983"}}, {"type": "Feature", "geometry": {"type": "MultiLineString", "coordinates": [[[-43.235655868023855, -22.933691138135487], [-43.235830735799766, -22.93373615909644]]]}, "properties": {"camada": "SSDMT", "COD_ID": "478746853", "CTMT": "URG29983", "COMP": 19.36, "TIP_CND": "105924962_34_3", "energizado": true, "fonte": "URG29983"}}, {"type": "Feature", "geometry": {"type": "MultiLineString", "coordinates": [[[-43.233672221695656, -22.93529161841343], [-43.23367094645698, -22.935171832314154]]]}, "properties": {"camada": "SSDMT", "COD_ID": "70417399", "CTMT": "URG29983", "COMP": 13.8, "TIP_CND": "105925006_13_3", "energizado": true, "fonte": "URG29983"}}, {"type": "Feature", "geometry": {"type": "MultiLineString", "coordinates": [[[-43.237437854873065, -22.931986252863226], [-43.237287379409, -22.93188265276217]]]}, "properties": {"camada": "SSDMT", "COD_ID": "11051956", "CTMT": "URG29983", "COMP": 20.0, "TIP_CND": "456027629_43_3", "energizado": true, "fonte": "URG29983"}}, {"type": "Feature", "geometry": {"type": "MultiLineString", "coordinates": [[[-43.23952198425212, -22.931885597142525], [-43.239516949847314, -22.93190549014622]]]}, "properties": {"camada": "SSDMT", "COD_ID": "106127827", "CTMT": "URG29983", "COMP": 2.35, "TIP_CND": "105924969_35_3", "energizado": true, "fonte": "URG29983"}}, {"type": "Feature", "geometry": {"type": "MultiLineString", "coordinates": [[[-43.23914648132501, -22.932727839218387], [-43.23914948236268, -22.93272193067253]]]}, "properties": {"camada": "SSDMT", "COD_ID": "345302143", "CTMT": "URG29983", "COMP": 0.75, "TIP_CND": "105924968_35_3", "energizado": true, "fonte": "URG29983"}}, {"type": "Feature", "geometry": {"type": "MultiLineString", "coordinates": [[[-43.239244734057195, -22.932409039445588], [-43.23924758400875, -22.932410281409318]]]}, "properties": {"camada": "SSDMT", "COD_ID": "300146573", "CTMT": "URG29983", "COMP": 0.34, "TIP_CND": "105924968_35_3", "energizado": true, "fonte": "URG29983"}}, {"type": "Feature", "geometry": {"type": "MultiLineString", "coordinates": [[[-43.23910140460612, -22.932692598384676], [-43.23911272347334, -22.93270172740273]]]}, "properties": {"camada": "SSDMT", "COD_ID": "345302214", "CTMT": "URG29983", "COMP": 1.6, "TIP_CND": "105924968_35_3", "energizado": true, "fonte": "URG29983"}}, {"type": "Feature", "geometry": {"type": "MultiLineString", "coordinates": [[[-43.23923491166181, -22.932427515117695], [-43.23904437319925, -22.932740495377516]]]}, "properties": {"camada": "SSDMT", "COD_ID": "12186669", "CTMT": "URG29983", "COMP": 41.38, "TIP_CND": "105924968_35_3", "energizado": true, "fonte": "URG29983"}}, {"type": "Feature", "geometry": {"type": "MultiLineString", "coordinates": [[[-43.23914948236268, -22.93272193067253], [-43.23921937047754, -22.93274229402158]]]}, "properties": {"camada": "SSDMT", "COD_ID": "336593665", "CTMT": "URG29983", "COMP": 7.82, "TIP_CND": "105924968_35_3", "energizado": true, "fonte": "URG29983"}}, {"type": "Feature", "geometry": {"type": "MultiLineString", "coordinates": [[[-43.23911272347334, -22.93270172740273], [-43.23914648132501, -22.932727839218387]]]}, "properties": {"camada": "SSDMT", "COD_ID": "345302153", "CTMT": "URG29983", "COMP": 4.69, "TIP_CND": "105924968_35_3", "energizado": true, "fonte": "URG29983"}}, {"type": "Feature", "geometry": {"type": "MultiLineString", "coordinates": [[[-43.23924004049542, -22.93242522454443], [-43.23923674448014, -22.93242371548206]]]}, "properties": {"camada": "SSDMT", "COD_ID": "106128485", "CTMT": "URG29983", "COMP": 0.39, "TIP_CND": "105924968_35_3", "energizado": true, "fonte": "URG29983"}}, {"type": "Feature", "geometry": {"type": "MultiLineString", "coordinates": [[[-43.23923674448014, -22.93242371548206], [-43.23923491166181, -22.932427515117695]]]}, "properties": {"camada": "SSDMT", "COD_ID": "106128369", "CTMT": "URG29983", "COMP": 0.48, "TIP_CND": "105924968_35_3", "energizado": true, "fonte": "URG29983"}}, {"type": "Feature", "geometry": {"type": "MultiLineString", "coordinates": [[[-43.239516949847314, -22.93190549014622], [-43.239244734057195, -22.932409039445588]]]}, "properties": {"camada": "SSDMT", "COD_ID": "12186609", "CTMT": "URG29983", "COMP": 64.86, "TIP_CND": "105924969_35_3", "energizado": true, "fonte": "URG29983"}}, {"type": "Feature", "geometry": {"type": "MultiLineString", "coordinates": [[[-43.23924758400875, -22.932410281409318], [-43.23924004049542, -22.93242522454443]]]}, "properties": {"camada": "SSDMT", "COD_ID": "12186615", "CTMT": "URG29983", "COMP": 1.9, "TIP_CND": "105924968_35_3", "energizado": true, "fonte": "URG29983"}}, {"type": "Feature", "geometry": {"type": "MultiLineString", "coordinates": [[[-43.23949688327451, -22.931840644530098], [-43.23949445600431, -22.93184515103286]]]}, "properties": {"camada": "SSDMT", "COD_ID": "300146678", "CTMT": "URG29983", "COMP": 0.58, "TIP_CND": "105924969_35_3", "energizado": true, "fonte": "URG29983"}}, {"type": "Feature", "geometry": {"type": "MultiLineString", "coordinates": [[[-43.239505784764106, -22.931850441744473], [-43.23950515433938, -22.931851744862115]]]}, "properties": {"camada": "SSDMT", "COD_ID": "300146672", "CTMT": "URG29983", "COMP": 0.16, "TIP_CND": "105924969_35_3", "energizado": true, "fonte": "URG29983"}}, {"type": "Feature", "geometry": {"type": "MultiLineString", "coordinates": [[[-43.23949445600431, -22.93184515103286], [-43.239505784764106, -22.931850441744473]]]}, "properties": {"camada": "SSDMT", "COD_ID": "300146666", "CTMT": "URG29983", "COMP": 1.35, "TIP_CND": "105924969_35_3", "energizado": true, "fonte": "URG29983"}}, {"type": "Feature", "geometry": {"type": "MultiLineString", "coordinates": [[[-43.23950515433938, -22.931851744862115], [-43.2395105376811, -22.931866714077557]]]}, "properties": {"camada": "SSDMT", "COD_ID": "12186627", "CTMT": "URG29983", "COMP": 1.82, "TIP_CND": "105924969_35_3", "energizado": true, "fonte": "URG29983"}}, {"type": "Feature", "geometry": {"type": "MultiLineString", "coordinates": [[[-43.2395105376811, -22.931866714077557], [-43.23952198425212, -22.931885597142525]]]}, "properties": {"camada": "SSDMT", "COD_ID": "300146589", "CTMT": "URG29983", "COMP": 2.49, "TIP_CND": "105924969_35_3", "energizado": true, "fonte": "URG29983"}}, {"type": "Feature", "geometry": {"type": "MultiLineString", "coordinates": [[[-43.23684412425689, -22.927198032962792], [-43.23660671312928, -22.926917658523053]]]}, "properties": {"camada": "SSDMT", "COD_ID": "133281778", "CTMT": "ALC9925", "COMP": 41.04, "TIP_CND": "105925005_13_3", "energizado": false, "fonte": null}}, {"type": "Feature", "geometry": {"type": "MultiLineString", "coordinates": [[[-43.236942457028704, -22.927313452853525], [-43.23684412425689, -22.927198032962792]]]}, "properties": {"camada": "SSDMT", "COD_ID": "10962568", "CTMT": "ALC9925", "COMP": 16.93, "TIP_CND": "105925005_13_3", "energizado": false, "fonte": null}}, {"type": "Feature", "geometry": {"type": "MultiLineString", "coordinates": [[[-43.23707057804472, -22.927356236301193], [-43.236942457028704, -22.927313452853525]]]}, "properties": {"camada": "SSDMT", "COD_ID": "10962574", "CTMT": "ALC9925", "COMP": 14.53, "TIP_CND": "105925005_13_3", "energizado": false, "fonte": null}}, {"type": "Feature", "geometry": {"type": "MultiLineString", "coordinates": [[[-43.23709534807182, -22.92736480234373], [-43.23708612732287, -22.927361592663317]]]}, "properties": {"camada": "SSDMT", "COD_ID": "335520303", "CTMT": "ALC9925", "COMP": 1.05, "TIP_CND": "105925005_13_3", "energizado": false, "fonte": null}}, {"type": "Feature", "geometry": {"type": "MultiLineString", "coordinates": [[[-43.23658659979168, -22.931035453623224], [-43.23645292546212, -22.930817233128778]]]}, "properties": {"camada": "SSDMT", "COD_ID": "95387296", "CTMT": "URG29983", "COMP": 28.9, "TIP_CND": "105925009_13_3", "energizado": true, "fonte": "URG29983"}}, {"type": "Feature", "geometry": {"type": "MultiLineString", "coordinates": [[[-43.237250831860365, -22.931693037903358], [-43.23695938856491, -22.93158910775105]]]}, "properties": {"camada": "SSDMT", "COD_ID": "11051980", "CTMT": "URG29983", "COMP": 33.31, "TIP_CND": "105925009_13_3", "energizado": true, "fonte": "URG29983"}}, {"type": "Feature", "geometry": {"type": "MultiLineString", "coordinates": [[[-43.23694365582503, -22.93000020984175], [-43.23694949872032, -22.930007544712396]]]}, "properties": {"camada": "SSDMT", "COD_ID": "690505295", "CTMT": "URG29983", "COMP": 1.05, "TIP_CND": "105925009_13_3", "energizado": true, "fonte": "URG29983"}}, {"type": "Feature", "geometry": {"type": "MultiLineString", "coordinates": [[[-43.237287379409, -22.93188265276217], [-43.23725463509328, -22.93171258646663]]]}, "properties": {"camada": "SSDMT", "COD_ID": "1027871967", "CTMT": "URG29983", "COMP": 19.9, "TIP_CND": "105925009_13_3", "energizado": true, "fonte": "URG29983"}}, {"type": "Feature", "geometry": {"type": "MultiLineString", "coordinates": [[[-43.23690110979834, -22.931517073853854], [-43.23679882990206, -22.93135836239844]]]}, "properties": {"camada": "SSDMT", "COD_ID": "95387317", "CTMT": "URG29983", "COMP": 21.29, "TIP_CND": "105925009_13_3", "energizado": true, "fonte": "URG29983"}}, {"type": "Feature", "geometry": {"type": "MultiLineString", "coordinates": [[[-43.2364596353039, -22.92884885728887], [-43.236582546547254, -22.92877360831534]]]}, "properties": {"camada": "SSDMT", "COD_ID": "96865699", "CTMT": "URG29983", "COMP": 15.72, "TIP_CND": "105925006_13_3", "energizado": true, "fonte": "URG29983"}}, {"type": "Feature", "geometry": {"type": "MultiLineString", "coordinates": [[[-43.236292927076875, -22.930372956346787], [-43.23646456179006, -22.930270389566772]]]}, "properties": {"camada": "SSDMT", "COD_ID": "95387057", "CTMT": "URG29983", "COMP": 21.79, "TIP_CND": "105925009_13_3", "energizado": true, "fonte": "URG29983"}}, {"type": "Feature", "geometry": {"type": "MultiLineString", "coordinates": [[[-43.23694949872032, -22.930007544712396], [-43.23695733091603, -22.930002023774307]]]}, "properties": {"camada": "SSDMT", "COD_ID": "690505305", "CTMT": "URG29983", "COMP": 1.05, "TIP_CND": "105925009_13_3", "energizado": true, "fonte": "URG29983"}}, {"type": "Feature", "geometry": {"type": "MultiLineString", "coordinates": [[[-43.23689201045789, -22.93003651637207], [-43.23694365582503, -22.93000020984175]]]}, "properties": {"camada": "SSDMT", "COD_ID": "11052028", "CTMT": "URG29983", "COMP": 6.92, "TIP_CND": "105925009_13_3", "energizado": true, "fonte": "URG29983"}}, {"type": "Feature", "geometry": {"type": "MultiLineString", "coordinates": [[[-43.23695938856491, -22.93158910775105], [-43.23690110979834, -22.931517073853854]]]}, "properties": {"camada": "SSDMT", "COD_ID": "11461106", "CTMT": "URG29983", "COMP": 10.37, "TIP_CND": "105925009_13_3", "energizado": true, "fonte": "URG29983"}}, {"type": "Feature", "geometry": {"type": "MultiLineString", "coordinates": [[[-43.23672779515158, -22.931254849531626], [-43.23665773166891, -22.931148728630887]]]}, "properties": {"camada": "SSDMT", "COD_ID": "11051992", "CTMT": "URG29983", "COMP": 14.33, "TIP_CND": "105925009_13_3", "energizado": true, "fonte": "URG29983"}}, {"type": "Feature", "geometry": {"type": "MultiLineString", "coordinates": [[[-43.23646456179006, -22.930270389566772], [-43.23664655219659, -22.930169183460976]]]}, "properties": {"camada": "SSDMT", "COD_ID": "95387042", "CTMT": "URG29983", "COMP": 22.64, "TIP_CND": "105925009_13_3", "energizado": true, "fonte": "URG29983"}}, {"type": "Feature", "geometry": {"type": "MultiLineString", "coordinates": [[[-43.23664655219659, -22.930169183460976], [-43.236775875606156, -22.930095044250834]]]}, "properties": {"camada": "SSDMT", "COD_ID": "95387072", "CTMT": "URG29983", "COMP": 16.22, "TIP_CND": "105925009_13_3", "energizado": true, "fonte": "URG29983"}}, {"type": "Feature", "geometry": {"type": "MultiLineString", "coordinates": [[[-43.23645292546212, -22.930817233128778], [-43.23634777942641, -22.930660052319524]]]}, "properties": {"camada": "SSDMT", "COD_ID": "95387288", "CTMT": "URG29983", "COMP": 21.3, "TIP_CND": "105925009_13_3", "energizado": true, "fonte": "URG29983"}}, {"type": "Feature", "geometry": {"type": "MultiLineString", "coordinates": [[[-43.23665773166891, -22.931148728630887], [-43.23658659979168, -22.931035453623224]]]}, "properties": {"camada": "SSDMT", "COD_ID": "11051998", "CTMT": "URG29983", "COMP": 15.09, "TIP_CND": "105925009_13_3", "energizado": true, "fonte": "URG29983"}}, {"type": "Feature", "geometry": {"type": "MultiLineString", "coordinates": [[[-43.23694365582503, -22.93000020984175], [-43.23695141067901, -22.9299945980722]]]}, "properties": {"camada": "SSDMT", "COD_ID": "690505285", "CTMT": "URG29983", "COMP": 1.05, "TIP_CND": "105925009_13_3", "energizado": true, "fonte": "URG29983"}}, {"type": "Feature", "geometry": {"type": "MultiLineString", "coordinates": [[[-43.236775875606156, -22.930095044250834], [-43.23689201045789, -22.93003651637207]]]}, "properties": {"camada": "SSDMT", "COD_ID": "11052022", "CTMT": "URG29983", "COMP": 14.1, "TIP_CND": "105925009_13_3", "energizado": true, "fonte": "URG29983"}}, {"type": "Feature", "geometry": {"type": "MultiLineString", "coordinates": [[[-43.23725463509328, -22.93171258646663], [-43.237250831860365, -22.931693037903358]]]}, "properties": {"camada": "SSDMT", "COD_ID": "11051974", "CTMT": "URG29983", "COMP": 2.29, "TIP_CND": "105925009_13_3", "energizado": true, "fonte": "URG29983"}}, {"type": "Feature", "geometry": {"type": "MultiLineString", "coordinates": [[[-43.23679882990206, -22.93135836239844], [-43.23672779515158, -22.931254849531626]]]}, "properties": {"camada": "SSDMT", "COD_ID": "11051986", "CTMT": "URG29983", "COMP": 14.13, "TIP_CND": "105925009_13_3", "energizado": true, "fonte": "URG29983"}}, {"type": "Feature", "geometry": {"type": "MultiLineString", "coordinates": [[[-43.23701227409714, -22.927418983799043], [-43.237000375167156, -22.927426860960793]]]}, "properties": {"camada": "SSDMT", "COD_ID": "1019880833", "CTMT": "ALC9925", "COMP": 1.56, "TIP_CND": "105925009_13_3", "energizado": false, "fonte": null}}, {"type": "Feature", "geometry": {"type": "MultiLineString", "coordinates": [[[-43.236939293213766, -22.927289730536586], [-43.236865308687015, -22.927115945544415]]]}, "properties": {"camada": "SSDMT", "COD_ID": "767084468", "CTMT": "ALC9925", "COMP": 21.52, "TIP_CND": "105925010_11_3", "energizado": false, "fonte": null}}, {"type": "Feature", "geometry": {"type": "MultiLineString", "coordinates": [[[-43.23819694833048, -22.92717816783812], [-43.238134886116086, -22.927212589389455]]]}, "properties": {"camada": "SSDMT", "COD_ID": "10967018", "CTMT": "ALC9925", "COMP": 7.72, "TIP_CND": "105925009_13_3", "energizado": false, "fonte": null}}, {"type": "Feature", "geometry": {"type": "MultiLineString", "coordinates": [[[-43.23709534807182, -22.92736480234373], [-43.23701227409714, -22.927418983799043]]]}, "properties": {"camada": "SSDMT", "COD_ID": "10962526", "CTMT": "ALC9925", "COMP": 10.84, "TIP_CND": "105925009_13_3", "energizado": false, "fonte": null}}, {"type": "Feature", "geometry": {"type": "MultiLineString", "coordinates": [[[-43.23822101778569, -22.927162423407083], [-43.23831439349442, -22.927250343828234]]]}, "properties": {"camada": "SSDMT", "COD_ID": "335515871", "CTMT": "ALC9925", "COMP": 14.2, "TIP_CND": "105925009_13_3", "energizado": false, "fonte": null}}, {"type": "Feature", "geometry": {"type": "MultiLineString", "coordinates": [[[-43.237324995352196, -22.927236771259913], [-43.23709534807182, -22.92736480234373]]]}, "properties": {"camada": "SSDMT", "COD_ID": "133281745", "CTMT": "ALC9925", "COMP": 28.59, "TIP_CND": "105925009_13_3", "energizado": false, "fonte": null}}, {"type": "Feature", "geometry": {"type": "MultiLineString", "coordinates": [[[-43.23693795142526, -22.927468168621033], [-43.236810562457435, -22.927545183863117]]]}, "properties": {"camada": "SSDMT", "COD_ID": "10962532", "CTMT": "ALC9925", "COMP": 16.23, "TIP_CND": "105925009_13_3", "energizado": false, "fonte": null}}, {"type": "Feature", "geometry": {"type": "MultiLineString", "coordinates": [[[-43.236810562457435, -22.927545183863117], [-43.23665814805503, -22.92763115905069]]]}, "properties": {"camada": "SSDMT", "COD_ID": "11786399", "CTMT": "ALC9925", "COMP": 19.04, "TIP_CND": "105925009_13_3", "energizado": false, "fonte": null}}, {"type": "Feature", "geometry": {"type": "MultiLineString", "coordinates": [[[-43.23665814805503, -22.92763115905069], [-43.23650840104182, -22.927714427278943]]]}, "properties": {"camada": "SSDMT", "COD_ID": "10962538", "CTMT": "ALC9925", "COMP": 18.63, "TIP_CND": "105925009_13_3", "energizado": false, "fonte": null}}, {"type": "Feature", "geometry": {"type": "MultiLineString", "coordinates": [[[-43.23831439349442, -22.927250343828234], [-43.23844524575145, -22.927370774741405]]]}, "properties": {"camada": "SSDMT", "COD_ID": "10966988", "CTMT": "ALC9925", "COMP": 19.68, "TIP_CND": "105925009_13_3", "energizado": false, "fonte": null}}, {"type": "Feature", "geometry": {"type": "MultiLineString", "coordinates": [[[-43.23822101778569, -22.927162423407083], [-43.23820525896548, -22.927172543478036]]]}, "properties": {"camada": "SSDMT", "COD_ID": "335520309", "CTMT": "ALC9925", "COMP": 2.05, "TIP_CND": "105925009_13_3", "energizado": false, "fonte": null}}, {"type": "Feature", "geometry": {"type": "MultiLineString", "coordinates": [[[-43.23844524575145, -22.927370774741405], [-43.23845223168507, -22.92737721028999]]]}, "properties": {"camada": "SSDMT", "COD_ID": "1009901631", "CTMT": "ALC9925", "COMP": 1.05, "TIP_CND": "105925009_13_3", "energizado": false, "fonte": null}}, {"type": "Feature", "geometry": {"type": "MultiLineString", "coordinates": [[[-43.23843882369272, -22.92737662752927], [-43.23844567113076, -22.92738318718432]]]}, "properties": {"camada": "SSDMT", "COD_ID": "1009901611", "CTMT": "ALC9925", "COMP": 1.05, "TIP_CND": "105925009_13_3", "energizado": false, "fonte": null}}, {"type": "Feature", "geometry": {"type": "MultiLineString", "coordinates": [[[-43.23650004364208, -22.9277190749753], [-43.236483329741816, -22.92772837126728]]]}, "properties": {"camada": "SSDMT", "COD_ID": "335515931", "CTMT": "ALC9925", "COMP": 2.08, "TIP_CND": "105925009_13_3", "energizado": false, "fonte": null}}, {"type": "Feature", "geometry": {"type": "MultiLineString", "coordinates": [[[-43.238116237774136, -22.927063024938604], [-43.23822101778569, -22.927162423407083]]]}, "properties": {"camada": "SSDMT", "COD_ID": "335515865", "CTMT": "ALC9925", "COMP": 16.0, "TIP_CND": "105925009_13_3", "energizado": false, "fonte": null}}, {"type": "Feature", "geometry": {"type": "MultiLineString", "coordinates": [[[-43.2369924395494, -22.927432110303585], [-43.23693795142526, -22.927468168621033]]]}, "properties": {"camada": "SSDMT", "COD_ID": "1019880879", "CTMT": "ALC9925", "COMP": 7.14, "TIP_CND": "105925009_13_3", "energizado": false, "fonte": null}}, {"type": "Feature", "geometry": {"type": "MultiLineString", "coordinates": [[[-43.23683797739068, -22.927174232404866], [-43.23683573358221, -22.927165348002347]]]}, "properties": {"camada": "SSDMT", "COD_ID": "384446151", "CTMT": "ALC9925", "COMP": 1.05, "TIP_CND": "105925010_11_3", "energizado": false, "fonte": null}}, {"type": "Feature", "geometry": {"type": "MultiLineString", "coordinates": [[[-43.237524330083716, -22.927117055307804], [-43.237324995352196, -22.927236771259913]]]}, "properties": {"camada": "SSDMT", "COD_ID": "10962520", "CTMT": "ALC9925", "COMP": 25.34, "TIP_CND": "105925009_13_3", "energizado": false, "fonte": null}}, {"type": "Feature", "geometry": {"type": "MultiLineString", "coordinates": [[[-43.23844524575145, -22.927370774741405], [-43.23843882369272, -22.92737662752927]]]}, "properties": {"camada": "SSDMT", "COD_ID": "1009901641", "CTMT": "ALC9925", "COMP": 0.96, "TIP_CND": "105925009_13_3", "energizado": false, "fonte": null}}, {"type": "Feature", "geometry": {"type": "MultiLineString", "coordinates": [[[-43.23684412425689, -22.927198032962792], [-43.23684185077076, -22.927189157553528]]]}, "properties": {"camada": "SSDMT", "COD_ID": "384446117", "CTMT": "ALC9925", "COMP": 1.05, "TIP_CND": "105925010_11_3", "energizado": false, "fonte": null}}, {"type": "Feature", "geometry": {"type": "MultiLineString", "coordinates": [[[-43.23802645036034, -22.926975813183162], [-43.238116237774136, -22.927063024938604]]]}, "properties": {"camada": "SSDMT", "COD_ID": "10966976", "CTMT": "ALC9925", "COMP": 13.88, "TIP_CND": "105925009_13_3", "energizado": false, "fonte": null}}, {"type": "Feature", "geometry": {"type": "MultiLineString", "coordinates": [[[-43.238134886116086, -22.927212589389455], [-43.23814400524162, -22.927226706047577]]]}, "properties": {"camada": "SSDMT", "COD_ID": "335515967", "CTMT": "ALC9925", "COMP": 1.89, "TIP_CND": "105925009_13_3", "energizado": false, "fonte": null}}, {"type": "Feature", "geometry": {"type": "MultiLineString", "coordinates": [[[-43.236942457028704, -22.927313452853525], [-43.236940378695465, -22.92730227697848]]]}, "properties": {"camada": "SSDMT", "COD_ID": "767084454", "CTMT": "ALC9925", "COMP": 1.31, "TIP_CND": "105925010_11_3", "energizado": false, "fonte": null}}, {"type": "Feature", "geometry": {"type": "MultiLineString", "coordinates": [[[-43.23683573358221, -22.927165348002347], [-43.236794594095215, -22.927008986475528]]]}, "properties": {"camada": "SSDMT", "COD_ID": "384446127", "CTMT": "ALC9925", "COMP": 18.54, "TIP_CND": "105925010_11_3", "energizado": false, "fonte": null}}, {"type": "Feature", "geometry": {"type": "MultiLineString", "coordinates": [[[-43.237767568818185, -22.926977606431365], [-43.237524330083716, -22.927117055307804]]]}, "properties": {"camada": "SSDMT", "COD_ID": "10962514", "CTMT": "ALC9925", "COMP": 30.52, "TIP_CND": "105925009_13_3", "energizado": false, "fonte": null}}, {"type": "Feature", "geometry": {"type": "MultiLineString", "coordinates": [[[-43.23646875982536, -22.928872294520716], [-43.23653633758187, -22.929022086500026]]]}, "properties": {"camada": "SSDMT", "COD_ID": "476226092", "CTMT": "URG29983", "COMP": 18.7, "TIP_CND": "105925010_11_3", "energizado": true, "fonte": "URG29983"}}, {"type": "Feature", "geometry": {"type": "MultiLineString", "coordinates": [[[-43.2364596353039, -22.92884885728887], [-43.23646282879645, -22.928857480887984]]]}, "properties": {"camada": "SSDMT", "COD_ID": "476226086", "CTMT": "URG29983", "COMP": 1.05, "TIP_CND": "105925006_13_3", "energizado": true, "fonte": "URG29983"}}, {"type": "Feature", "geometry": {"type": "MultiLineString", "coordinates": [[[-43.236794594095215, -22.927008986475528], [-43.23683399968928, -22.926995572187877]]]}, "properties": {"camada": "SSDMT", "COD_ID": "384446175", "CTMT": "ALC9925", "COMP": 4.48, "TIP_CND": "105925010_11_3", "energizado": false, "fonte": null}}, {"type": "Feature", "geometry": {"type": "MultiLineString", "coordinates": [[[-43.23993201754854, -22.9318452382671], [-43.2399089715218, -22.931833730542166]]]}, "properties": {"camada": "SSDMT", "COD_ID": "300147364", "CTMT": "URG29983", "COMP": 2.79, "TIP_CND": "105924968_35_3", "energizado": true, "fonte": "URG29983"}}, {"type": "Feature", "geometry": {"type": "MultiLineString", "coordinates": [[[-43.239816218143915, -22.931784866778116], [-43.23980351521999, -22.93177725671501]]]}, "properties": {"camada": "SSDMT", "COD_ID": "300147412", "CTMT": "URG29983", "COMP": 1.61, "TIP_CND": "105924968_35_3", "energizado": true, "fonte": "URG29983"}}, {"type": "Feature", "geometry": {"type": "MultiLineString", "coordinates": [[[-43.23983677754518, -22.93179644554948], [-43.2398254901542, -22.93179015299313]]]}, "properties": {"camada": "SSDMT", "COD_ID": "300147400", "CTMT": "URG29983", "COMP": 1.41, "TIP_CND": "105924968_35_3", "energizado": true, "fonte": "URG29983"}}, {"type": "Feature", "geometry": {"type": "MultiLineString", "coordinates": [[[-43.2398254901542, -22.93179015299313], [-43.239816218143915, -22.931784866778116]]]}, "properties": {"camada": "SSDMT", "COD_ID": "300147406", "CTMT": "URG29983", "COMP": 1.16, "TIP_CND": "105924968_35_3", "energizado": true, "fonte": "URG29983"}}, {"type": "Feature", "geometry": {"type": "MultiLineString", "coordinates": [[[-43.23972663937286, -22.931713704323954], [-43.23971302093912, -22.931699908723772]]]}, "properties": {"camada": "SSDMT", "COD_ID": "300147454", "CTMT": "URG29983", "COMP": 2.15, "TIP_CND": "105924968_35_3", "energizado": true, "fonte": "URG29983"}}, {"type": "Feature", "geometry": {"type": "MultiLineString", "coordinates": [[[-43.23986608195406, -22.931811851835448], [-43.2398534042112, -22.931805254408914]]]}, "properties": {"camada": "SSDMT", "COD_ID": "300147388", "CTMT": "URG29983", "COMP": 1.55, "TIP_CND": "105924968_35_3", "energizado": true, "fonte": "URG29983"}}, {"type": "Feature", "geometry": {"type": "MultiLineString", "coordinates": [[[-43.23979186270424, -22.931769831012843], [-43.239781086128176, -22.931762496142255]]]}, "properties": {"camada": "SSDMT", "COD_ID": "300147424", "CTMT": "URG29983", "COMP": 1.43, "TIP_CND": "105924968_35_3", "energizado": true, "fonte": "URG29983"}}, {"type": "Feature", "geometry": {"type": "MultiLineString", "coordinates": [[[-43.23974272734495, -22.931729470338723], [-43.23972663937286, -22.931713704323954]]]}, "properties": {"camada": "SSDMT", "COD_ID": "300147448", "CTMT": "URG29983", "COMP": 2.5, "TIP_CND": "105924968_35_3", "energizado": true, "fonte": "URG29983"}}, {"type": "Feature", "geometry": {"type": "MultiLineString", "coordinates": [[[-43.239439918417474, -22.931554239236732], [-43.239429639166474, -22.93157260159427]]]}, "properties": {"camada": "SSDMT", "COD_ID": "12186441", "CTMT": "URG29983", "COMP": 2.38, "TIP_CND": "105924969_35_3", "energizado": true, "fonte": "URG29983"}}, {"type": "Feature", "geometry": {"type": "MultiLineString", "coordinates": [[[-43.239429639166474, -22.93157260159427], [-43.23933902077914, -22.931734453482193]]]}, "properties": {"camada": "SSDMT", "COD_ID": "300146706", "CTMT": "URG29983", "COMP": 21.0, "TIP_CND": "105924969_35_3", "energizado": true, "fonte": "URG29983"}}, {"type": "Feature", "geometry": {"type": "MultiLineString", "coordinates": [[[-43.239781086128176, -22.931762496142255], [-43.23977520725998, -22.93175790690185]]]}, "properties": {"camada": "SSDMT", "COD_ID": "300147430", "CTMT": "URG29983", "COMP": 0.82, "TIP_CND": "105924968_35_3", "energizado": true, "fonte": "URG29983"}}, {"type": "Feature", "geometry": {"type": "MultiLineString", "coordinates": [[[-43.23975874337128, -22.931744069932847], [-43.23974272734495, -22.931729470338723]]]}, "properties": {"camada": "SSDMT", "COD_ID": "300147442", "CTMT": "URG29983", "COMP": 2.4, "TIP_CND": "105924968_35_3", "energizado": true, "fonte": "URG29983"}}, {"type": "Feature", "geometry": {"type": "MultiLineString", "coordinates": [[[-43.23944671369486, -22.93154896831021], [-43.239443505813085, -22.93155575999026]]]}, "properties": {"camada": "SSDMT", "COD_ID": "12186435", "CTMT": "URG29983", "COMP": 0.85, "TIP_CND": "105924969_35_3", "energizado": true, "fonte": "URG29983"}}, {"type": "Feature", "geometry": {"type": "MultiLineString", "coordinates": [[[-43.2398534042112, -22.931805254408914], [-43.23983677754518, -22.93179644554948]]]}, "properties": {"camada": "SSDMT", "COD_ID": "300147394", "CTMT": "URG29983", "COMP": 2.04, "TIP_CND": "105924968_35_3", "energizado": true, "fonte": "URG29983"}}, {"type": "Feature", "geometry": {"type": "MultiLineString", "coordinates": [[[-43.23934611193346, -22.931740988855495], [-43.239480776416656, -22.9318300891872]]]}, "properties": {"camada": "SSDMT", "COD_ID": "300146720", "CTMT": "URG29983", "COMP": 17.65, "TIP_CND": "105924969_35_3", "energizado": true, "fonte": "URG29983"}}, {"type": "Feature", "geometry": {"type": "MultiLineString", "coordinates": [[[-43.23934736289044, -22.931739224385637], [-43.23934611193346, -22.931740988855495]]]}, "properties": {"camada": "SSDMT", "COD_ID": "300146726", "CTMT": "URG29983", "COMP": 0.24, "TIP_CND": "105924969_35_3", "energizado": true, "fonte": "URG29983"}}, {"type": "Feature", "geometry": {"type": "MultiLineString", "coordinates": [[[-43.239443505813085, -22.93155575999026], [-43.239439918417474, -22.931554239236732]]]}, "properties": {"camada": "SSDMT", "COD_ID": "353834204", "CTMT": "URG29983", "COMP": 0.42, "TIP_CND": "105924969_35_3", "energizado": true, "fonte": "URG29983"}}, {"type": "Feature", "geometry": {"type": "MultiLineString", "coordinates": [[[-43.2398948584609, -22.93182656654278], [-43.23988047380476, -22.931819272141638]]]}, "properties": {"camada": "SSDMT", "COD_ID": "300147376", "CTMT": "URG29983", "COMP": 1.75, "TIP_CND": "105924968_35_3", "energizado": true, "fonte": "URG29983"}}, {"type": "Feature", "geometry": {"type": "MultiLineString", "coordinates": [[[-43.23980351521999, -22.93177725671501], [-43.23979186270424, -22.931769831012843]]]}, "properties": {"camada": "SSDMT", "COD_ID": "300147418", "CTMT": "URG29983", "COMP": 1.51, "TIP_CND": "105924968_35_3", "energizado": true, "fonte": "URG29983"}}, {"type": "Feature", "geometry": {"type": "MultiLineString", "coordinates": [[[-43.2399089715218, -22.931833730542166], [-43.2398948584609, -22.93182656654278]]]}, "properties": {"camada": "SSDMT", "COD_ID": "300147370", "CTMT": "URG29983", "COMP": 1.72, "TIP_CND": "105924968_35_3", "energizado": true, "fonte": "URG29983"}}, {"type": "Feature", "geometry": {"type": "MultiLineString", "coordinates": [[[-43.23977520725998, -22.93175790690185], [-43.23975874337128, -22.931744069932847]]]}, "properties": {"camada": "SSDMT", "COD_ID": "300147436", "CTMT": "URG29983", "COMP": 2.37, "TIP_CND": "105924968_35_3", "energizado": true, "fonte": "URG29983"}}, {"type": "Feature", "geometry": {"type": "MultiLineString", "coordinates": [[[-43.23933902077914, -22.931734453482193], [-43.23934736289044, -22.931739224385637]]]}, "properties": {"camada": "SSDMT", "COD_ID": "300146732", "CTMT": "URG29983", "COMP": 1.05, "TIP_CND": "105924969_35_3", "energizado": true, "fonte": "URG29983"}}, {"type": "Feature", "geometry": {"type": "MultiLineString", "coordinates": [[[-43.23988047380476, -22.931819272141638], [-43.23986608195406, -22.931811851835448]]]}, "properties": {"camada": "SSDMT", "COD_ID": "300147382", "CTMT": "URG29983", "COMP": 1.76, "TIP_CND": "105924968_35_3", "energizado": true, "fonte": "URG29983"}}, {"type": "Feature", "geometry": {"type": "MultiLineString", "coordinates": [[[-43.23967023929009, -22.931607728214033], [-43.23966307798861, -22.93160439712517]]]}, "properties": {"camada": "SSDMT", "COD_ID": "300147774", "CTMT": "URG29983", "COMP": 0.85, "TIP_CND": "105924968_35_3", "energizado": true, "fonte": "URG29983"}}, {"type": "Feature", "geometry": {"type": "MultiLineString", "coordinates": [[[-43.23967782147423, -22.93165706502151], [-43.239675245815874, -22.931651157374972]]]}, "properties": {"camada": "SSDMT", "COD_ID": "300147490", "CTMT": "URG29983", "COMP": 0.73, "TIP_CND": "105924968_35_3", "energizado": true, "fonte": "URG29983"}}, {"type": "Feature", "geometry": {"type": "MultiLineString", "coordinates": [[[-43.2396714893477, -22.931618958048432], [-43.239671230342935, -22.93161485534125]]]}, "properties": {"camada": "SSDMT", "COD_ID": "300147520", "CTMT": "URG29983", "COMP": 0.47, "TIP_CND": "105924968_35_3", "energizado": true, "fonte": "URG29983"}}, {"type": "Feature", "geometry": {"type": "MultiLineString", "coordinates": [[[-43.23970383616307, -22.931690161871416], [-43.23969392743277, -22.93167903455975]]]}, "properties": {"camada": "SSDMT", "COD_ID": "300147466", "CTMT": "URG29983", "COMP": 1.66, "TIP_CND": "105924968_35_3", "energizado": true, "fonte": "URG29983"}}, {"type": "Feature", "geometry": {"type": "MultiLineString", "coordinates": [[[-43.239480776416656, -22.9318300891872], [-43.23949549741923, -22.93183997003854]]]}, "properties": {"camada": "SSDMT", "COD_ID": "300146696", "CTMT": "URG29983", "COMP": 1.94, "TIP_CND": "105924969_35_3", "energizado": true, "fonte": "URG29983"}}, {"type": "Feature", "geometry": {"type": "MultiLineString", "coordinates": [[[-43.239655194531565, -22.93159875567801], [-43.23944671369486, -22.93154896831021]]]}, "properties": {"camada": "SSDMT", "COD_ID": "300146745", "CTMT": "URG29983", "COMP": 22.97, "TIP_CND": "105924969_35_3", "energizado": true, "fonte": "URG29983"}}, {"type": "Feature", "geometry": {"type": "MultiLineString", "coordinates": [[[-43.23969392743277, -22.93167903455975], [-43.23968576788383, -22.931669118634886]]]}, "properties": {"camada": "SSDMT", "COD_ID": "300147472", "CTMT": "URG29983", "COMP": 1.44, "TIP_CND": "105924968_35_3", "energizado": true, "fonte": "URG29983"}}, {"type": "Feature", "geometry": {"type": "MultiLineString", "coordinates": [[[-43.23971302093912, -22.931699908723772], [-43.23970383616307, -22.931690161871416]]]}, "properties": {"camada": "SSDMT", "COD_ID": "300147460", "CTMT": "URG29983", "COMP": 1.49, "TIP_CND": "105924968_35_3", "energizado": true, "fonte": "URG29983"}}, {"type": "Feature", "geometry": {"type": "MultiLineString", "coordinates": [[[-43.23949549741923, -22.93183997003854], [-43.23949688327451, -22.931840644530098]]]}, "properties": {"camada": "SSDMT", "COD_ID": "300146686", "CTMT": "URG29983", "COMP": 0.17, "TIP_CND": "105924969_35_3", "energizado": true, "fonte": "URG29983"}}, {"type": "Feature", "geometry": {"type": "MultiLineString", "coordinates": [[[-43.239672222295155, -22.931639149627017], [-43.23967151273007, -22.93162998463606]]]}, "properties": {"camada": "SSDMT", "COD_ID": "300147502", "CTMT": "URG29983", "COMP": 1.06, "TIP_CND": "105924968_35_3", "energizado": true, "fonte": "URG29983"}}, {"type": "Feature", "geometry": {"type": "MultiLineString", "coordinates": [[[-43.23966307798861, -22.93160439712517], [-43.239659522968566, -22.931602596682467]]]}, "properties": {"camada": "SSDMT", "COD_ID": "300146757", "CTMT": "URG29983", "COMP": 0.43, "TIP_CND": "105924969_35_3", "energizado": true, "fonte": "URG29983"}}, {"type": "Feature", "geometry": {"type": "MultiLineString", "coordinates": [[[-43.239671230342935, -22.93161485534125], [-43.23967080946022, -22.93161190646424]]]}, "properties": {"camada": "SSDMT", "COD_ID": "300147526", "CTMT": "URG29983", "COMP": 0.34, "TIP_CND": "105924968_35_3", "energizado": true, "fonte": "URG29983"}}, {"type": "Feature", "geometry": {"type": "MultiLineString", "coordinates": [[[-43.239659522968566, -22.931602596682467], [-43.239660378223846, -22.931601270182455]]]}, "properties": {"camada": "SSDMT", "COD_ID": "300146751", "CTMT": "URG29983", "COMP": 0.18, "TIP_CND": "105924969_35_3", "energizado": true, "fonte": "URG29983"}}, {"type": "Feature", "geometry": {"type": "MultiLineString", "coordinates": [[[-43.23967146236805, -22.931623273894957], [-43.2396714893477, -22.931618958048432]]]}, "properties": {"camada": "SSDMT", "COD_ID": "300147514", "CTMT": "URG29983", "COMP": 0.5, "TIP_CND": "105924968_35_3", "energizado": true, "fonte": "URG29983"}}, {"type": "Feature", "geometry": {"type": "MultiLineString", "coordinates": [[[-43.23968576788383, -22.931669118634886], [-43.239681403473924, -22.93166286654798]]]}, "properties": {"camada": "SSDMT", "COD_ID": "300147478", "CTMT": "URG29983", "COMP": 0.86, "TIP_CND": "105924968_35_3", "energizado": true, "fonte": "URG29983"}}, {"type": "Feature", "geometry": {"type": "MultiLineString", "coordinates": [[[-43.23967080946022, -22.93161190646424], [-43.23967023929009, -22.931607728214033]]]}, "properties": {"camada": "SSDMT", "COD_ID": "300147532", "CTMT": "URG29983", "COMP": 0.49, "TIP_CND": "105924968_35_3", "energizado": true, "fonte": "URG29983"}}, {"type": "Feature", "geometry": {"type": "MultiLineString", "coordinates": [[[-43.23967151273007, -22.93162998463606], [-43.23967146236805, -22.931623273894957]]]}, "properties": {"camada": "SSDMT", "COD_ID": "300147508", "CTMT": "URG29983", "COMP": 0.77, "TIP_CND": "105924968_35_3", "energizado": true, "fonte": "URG29983"}}, {"type": "Feature", "geometry": {"type": "MultiLineString", "coordinates": [[[-43.239681403473924, -22.93166286654798], [-43.23967782147423, -22.93165706502151]]]}, "properties": {"camada": "SSDMT", "COD_ID": "300147484", "CTMT": "URG29983", "COMP": 0.77, "TIP_CND": "105924968_35_3", "energizado": true, "fonte": "URG29983"}}, {"type": "Feature", "geometry": {"type": "MultiLineString", "coordinates": [[[-43.239675245815874, -22.931651157374972], [-43.239672222295155, -22.931639149627017]]]}, "properties": {"camada": "SSDMT", "COD_ID": "300147496", "CTMT": "URG29983", "COMP": 1.42, "TIP_CND": "105924968_35_3", "energizado": true, "fonte": "URG29983"}}, {"type": "Feature", "geometry": {"type": "MultiLineString", "coordinates": [[[-43.239660378223846, -22.931601270182455], [-43.239655194531565, -22.93159875567801]]]}, "properties": {"camada": "SSDMT", "COD_ID": "353834194", "CTMT": "URG29983", "COMP": 0.62, "TIP_CND": "105924969_35_3", "energizado": true, "fonte": "URG29983"}}, {"type": "Feature", "geometry": {"type": "MultiLineString", "coordinates": [[[-43.2380649116663, -22.927215045437947], [-43.23808323895025, -22.927232541748367]]]}, "properties": {"camada": "SSDMT", "COD_ID": "12526104", "CTMT": "ALC9925", "COMP": 2.81, "TIP_CND": "105924963_35_3", "energizado": false, "fonte": null}}, {"type": "Feature", "geometry": {"type": "MultiLineString", "coordinates": [[[-43.238054306860704, -22.92722392174653], [-43.2380649116663, -22.927215045437947]]]}, "properties": {"camada": "SSDMT", "COD_ID": "12834179", "CTMT": "ALC9925", "COMP": 1.52, "TIP_CND": "105924963_35_3", "energizado": false, "fonte": null}}, {"type": "Feature", "geometry": {"type": "MultiLineString", "coordinates": [[[-43.238086090700506, -22.927229928318468], [-43.23809014484425, -22.927226279768945]]]}, "properties": {"camada": "SSDMT", "COD_ID": "12526116", "CTMT": "ALC9925", "COMP": 0.6, "TIP_CND": "105924963_35_3", "energizado": false, "fonte": null}}, {"type": "Feature", "geometry": {"type": "MultiLineString", "coordinates": [[[-43.238070809420265, -22.927243782374603], [-43.23807264853389, -22.92724552795869]]]}, "properties": {"camada": "SSDMT", "COD_ID": "12526092", "CTMT": "ALC9925", "COMP": 0.28, "TIP_CND": "105924963_35_3", "energizado": false, "fonte": null}}, {"type": "Feature", "geometry": {"type": "MultiLineString", "coordinates": [[[-43.238059054381836, -22.927228462423557], [-43.23806303657983, -22.92722432554217]]]}, "properties": {"camada": "SSDMT", "COD_ID": "12834191", "CTMT": "ALC9925", "COMP": 0.64, "TIP_CND": "105924963_35_3", "energizado": false, "fonte": null}}, {"type": "Feature", "geometry": {"type": "MultiLineString", "coordinates": [[[-43.23806303657983, -22.92722432554217], [-43.238077142446116, -22.92723805549184]]]}, "properties": {"camada": "SSDMT", "COD_ID": "12526080", "CTMT": "ALC9925", "COMP": 2.18, "TIP_CND": "105924963_35_3", "energizado": false, "fonte": null}}, {"type": "Feature", "geometry": {"type": "MultiLineString", "coordinates": [[[-43.238087563789975, -22.927198120197033], [-43.23805668556753, -22.927226197031302]]]}, "properties": {"camada": "SSDMT", "COD_ID": "12526074", "CTMT": "ALC9925", "COMP": 4.62, "TIP_CND": "105924963_35_3", "energizado": false, "fonte": null}}, {"type": "Feature", "geometry": {"type": "MultiLineString", "coordinates": [[[-43.238077142446116, -22.92723805549184], [-43.238070809420265, -22.927243782374603]]]}, "properties": {"camada": "SSDMT", "COD_ID": "12526086", "CTMT": "ALC9925", "COMP": 0.94, "TIP_CND": "105924963_35_3", "energizado": false, "fonte": null}}, {"type": "Feature", "geometry": {"type": "MultiLineString", "coordinates": [[[-43.23808323895025, -22.927232541748367], [-43.238085400021134, -22.927230561441206]]]}, "properties": {"camada": "SSDMT", "COD_ID": "12526110", "CTMT": "ALC9925", "COMP": 0.32, "TIP_CND": "105924963_35_3", "energizado": false, "fonte": null}}, {"type": "Feature", "geometry": {"type": "MultiLineString", "coordinates": [[[-43.23807333291796, -22.92724617636992], [-43.2380769059244, -22.927249566813998]]]}, "properties": {"camada": "SSDMT", "COD_ID": "12526098", "CTMT": "ALC9925", "COMP": 0.55, "TIP_CND": "105924963_35_3", "energizado": false, "fonte": null}}, {"type": "Feature", "geometry": {"type": "MultiLineString", "coordinates": [[[-43.23812009586567, -22.927229212458144], [-43.238087563789975, -22.927198120197033]]]}, "properties": {"camada": "SSDMT", "COD_ID": "12834185", "CTMT": "ALC9925", "COMP": 4.99, "TIP_CND": "105924963_35_3", "energizado": false, "fonte": null}}, {"type": "Feature", "geometry": {"type": "MultiLineString", "coordinates": [[[-43.23814791369523, -22.92722148458381], [-43.23812009586567, -22.927229212458144]]]}, "properties": {"camada": "SSDMT", "COD_ID": "12526068", "CTMT": "ALC9925", "COMP": 3.1, "TIP_CND": "105924963_35_3", "energizado": false, "fonte": null}}, {"type": "Feature", "geometry": {"type": "MultiLineString", "coordinates": [[[-43.238151081107446, -22.927235923199248], [-43.23814791369523, -22.92722148458381]]]}, "properties": {"camada": "SSDMT", "COD_ID": "12526032", "CTMT": "ALC9925", "COMP": 1.7, "TIP_CND": "105924987_35_3", "energizado": false, "fonte": null}}, {"type": "Feature", "geometry": {"type": "MultiLineString", "coordinates": [[[-43.23336074869957, -22.927512675169794], [-43.23343222052051, -22.927698679250625]]]}, "properties": {"camada": "SSDMT", "COD_ID": "11131646", "CTMT": "RCP9882", "COMP": 22.74, "TIP_CND": "105925011_11_3", "energizado": true, "fonte": "RCP9882"}}, {"type": "Feature", "geometry": {"type": "MultiLineString", "coordinates": [[[-43.233211999933815, -22.927122911692948], [-43.233280819654055, -22.9273067007436]]]}, "properties": {"camada": "SSDMT", "COD_ID": "11131634", "CTMT": "RCP9882", "COMP": 22.4, "TIP_CND": "105925011_11_3", "energizado": true, "fonte": "RCP9882"}}, {"type": "Feature", "geometry": {"type": "MultiLineString", "coordinates": [[[-43.23335779802392, -22.9273950006787], [-43.23340027929942, -22.927354177753045]]]}, "properties": {"camada": "SSDMT", "COD_ID": "11131652", "CTMT": "RCP9882", "COMP": 6.53, "TIP_CND": "105925006_13_3", "energizado": true, "fonte": "RCP9882"}}, {"type": "Feature", "geometry": {"type": "MultiLineString", "coordinates": [[[-43.23327043608174, -22.92700566797714], [-43.233211999933815, -22.927122911692948]]]}, "properties": {"camada": "SSDMT", "COD_ID": "11131622", "CTMT": "RCP9882", "COMP": 14.87, "TIP_CND": "105925011_11_3", "energizado": true, "fonte": "RCP9882"}}, {"type": "Feature", "geometry": {"type": "MultiLineString", "coordinates": [[[-43.2333248243811, -22.927426692787606], [-43.23333835917788, -22.927413685892873]]]}, "properties": {"camada": "SSDMT", "COD_ID": "346912344", "CTMT": "RCP9882", "COMP": 2.08, "TIP_CND": "105925006_13_3", "energizado": true, "fonte": "RCP9882"}}, {"type": "Feature", "geometry": {"type": "MultiLineString", "coordinates": [[[-43.233481058204234, -22.927846782303106], [-43.23349299400644, -22.9278428243868]]]}, "properties": {"camada": "SSDMT", "COD_ID": "746851127", "CTMT": "RCP9882", "COMP": 1.35, "TIP_CND": "105925011_11_3", "energizado": true, "fonte": "RCP9882"}}, {"type": "Feature", "geometry": {"type": "MultiLineString", "coordinates": [[[-43.23284890405364, -22.928143548685796], [-43.23271017643344, -22.928246739595295]]]}, "properties": {"camada": "SSDMT", "COD_ID": "11131676", "CTMT": "RCP9882", "COMP": 18.98, "TIP_CND": "105925010_11_3", "energizado": true, "fonte": "RCP9882"}}, {"type": "Feature", "geometry": {"type": "MultiLineString", "coordinates": [[[-43.233280819654055, -22.9273067007436], [-43.2333248243811, -22.927426692787606]]]}, "properties": {"camada": "SSDMT", "COD_ID": "11131640", "CTMT": "RCP9882", "COMP": 14.6, "TIP_CND": "105925011_11_3", "energizado": true, "fonte": "RCP9882"}}, {"type": "Feature", "geometry": {"type": "MultiLineString", "coordinates": [[[-43.23349299400644, -22.9278428243868], [-43.23349742046952, -22.927854839329314]]]}, "properties": {"camada": "SSDMT", "COD_ID": "746851146", "CTMT": "RCP9882", "COMP": 1.46, "TIP_CND": "105925011_11_3", "energizado": true, "fonte": "RCP9882"}}, {"type": "Feature", "geometry": {"type": "MultiLineString", "coordinates": [[[-43.23321806046505, -22.927874928385165], [-43.23284890405364, -22.928143548685796]]]}, "properties": {"camada": "SSDMT", "COD_ID": "11131670", "CTMT": "RCP9882", "COMP": 50.08, "TIP_CND": "105925010_11_3", "energizado": true, "fonte": "RCP9882"}}, {"type": "Feature", "geometry": {"type": "MultiLineString", "coordinates": [[[-43.233481058204234, -22.927846782303106], [-43.233485225662605, -22.92785849687209]]]}, "properties": {"camada": "SSDMT", "COD_ID": "346911690", "CTMT": "RCP9882", "COMP": 1.42, "TIP_CND": "105925011_11_3", "energizado": true, "fonte": "RCP9882"}}, {"type": "Feature", "geometry": {"type": "MultiLineString", "coordinates": [[[-43.2333451220797, -22.927407186492417], [-43.23335011781364, -22.92740237511947]]]}, "properties": {"camada": "SSDMT", "COD_ID": "346911606", "CTMT": "RCP9882", "COMP": 0.77, "TIP_CND": "105925006_13_3", "energizado": true, "fonte": "RCP9882"}}, {"type": "Feature", "geometry": {"type": "MultiLineString", "coordinates": [[[-43.2333248243811, -22.927426692787606], [-43.23336074869957, -22.927512675169794]]]}, "properties": {"camada": "SSDMT", "COD_ID": "145888738", "CTMT": "RCP9882", "COMP": 10.62, "TIP_CND": "105925011_11_3", "energizado": true, "fonte": "RCP9882"}}, {"type": "Feature", "geometry": {"type": "MultiLineString", "coordinates": [[[-43.23341569817586, -22.92769619262515], [-43.233405476481494, -22.92770333953746]]]}, "properties": {"camada": "SSDMT", "COD_ID": "753030222", "CTMT": "RCP9882", "COMP": 1.37, "TIP_CND": "105925010_11_3", "energizado": true, "fonte": "RCP9882"}}, {"type": "Feature", "geometry": {"type": "MultiLineString", "coordinates": [[[-43.23339244080847, -22.92772816352391], [-43.23321806046505, -22.927874928385165]]]}, "properties": {"camada": "SSDMT", "COD_ID": "11131658", "CTMT": "RCP9882", "COMP": 25.14, "TIP_CND": "105925010_11_3", "energizado": true, "fonte": "RCP9882"}}, {"type": "Feature", "geometry": {"type": "MultiLineString", "coordinates": [[[-43.23279753747636, -22.927115631681033], [-43.232806071143216, -22.92710936880229]]]}, "properties": {"camada": "SSDMT", "COD_ID": "962461505", "CTMT": "RCP9882", "COMP": 1.16, "TIP_CND": "105925011_11_3", "energizado": true, "fonte": "RCP9882"}}, {"type": "Feature", "geometry": {"type": "MultiLineString", "coordinates": [[[-43.23342157254751, -22.927706354064924], [-43.233412417449074, -22.927713178120655]]]}, "properties": {"camada": "SSDMT", "COD_ID": "753030212", "CTMT": "RCP9882", "COMP": 1.25, "TIP_CND": "105925010_11_3", "energizado": true, "fonte": "RCP9882"}}, {"type": "Feature", "geometry": {"type": "MultiLineString", "coordinates": [[[-43.232772402324485, -22.927120228115996], [-43.23278125884798, -22.92711386091588]]]}, "properties": {"camada": "SSDMT", "COD_ID": "962461468", "CTMT": "RCP9882", "COMP": 1.2, "TIP_CND": "105925011_11_3", "energizado": true, "fonte": "RCP9882"}}, {"type": "Feature", "geometry": {"type": "MultiLineString", "coordinates": [[[-43.23342157254751, -22.927706354064924], [-43.23341569817586, -22.92769619262515]]]}, "properties": {"camada": "SSDMT", "COD_ID": "753030198", "CTMT": "RCP9882", "COMP": 1.33, "TIP_CND": "105925010_11_3", "energizado": true, "fonte": "RCP9882"}}, {"type": "Feature", "geometry": {"type": "MultiLineString", "coordinates": [[[-43.23338577503347, -22.927718182847798], [-43.23339558663696, -22.927710372235822]]]}, "properties": {"camada": "SSDMT", "COD_ID": "753030255", "CTMT": "RCP9882", "COMP": 1.38, "TIP_CND": "105925010_11_3", "energizado": true, "fonte": "RCP9882"}}, {"type": "Feature", "geometry": {"type": "MultiLineString", "coordinates": [[[-43.23339244080847, -22.92772816352391], [-43.23338577503347, -22.927718182847798]]]}, "properties": {"camada": "SSDMT", "COD_ID": "753030245", "CTMT": "RCP9882", "COMP": 1.35, "TIP_CND": "105925010_11_3", "energizado": true, "fonte": "RCP9882"}}, {"type": "Feature", "geometry": {"type": "MultiLineString", "coordinates": [[[-43.232778853161506, -22.92712871681681], [-43.23278767191351, -22.927122303751275]]]}, "properties": {"camada": "SSDMT", "COD_ID": "962461511", "CTMT": "RCP9882", "COMP": 1.2, "TIP_CND": "105925011_11_3", "energizado": true, "fonte": "RCP9882"}}, {"type": "Feature", "geometry": {"type": "MultiLineString", "coordinates": [[[-43.232799170645194, -22.927100929564176], [-43.23279020800163, -22.927107169959868]]]}, "properties": {"camada": "SSDMT", "COD_ID": "962461462", "CTMT": "RCP9882", "COMP": 1.2, "TIP_CND": "105925011_11_3", "energizado": true, "fonte": "RCP9882"}}, {"type": "Feature", "geometry": {"type": "MultiLineString", "coordinates": [[[-43.23340259955029, -22.9277206550841], [-43.23339244080847, -22.92772816352391]]]}, "properties": {"camada": "SSDMT", "COD_ID": "753030234", "CTMT": "RCP9882", "COMP": 1.39, "TIP_CND": "105925010_11_3", "energizado": true, "fonte": "RCP9882"}}, {"type": "Feature", "geometry": {"type": "MultiLineString", "coordinates": [[[-43.2328163494949, -22.927101672404206], [-43.23292904533912, -22.92702476777879]]]}, "properties": {"camada": "SSDMT", "COD_ID": "11131448", "CTMT": "RCP9882", "COMP": 14.93, "TIP_CND": "105925011_11_3", "energizado": true, "fonte": "RCP9882"}}, {"type": "Feature", "geometry": {"type": "MultiLineString", "coordinates": [[[-43.232806071143216, -22.92710936880229], [-43.232799170645194, -22.927100929564176]]]}, "properties": {"camada": "SSDMT", "COD_ID": "962461456", "CTMT": "RCP9882", "COMP": 1.22, "TIP_CND": "105925011_11_3", "energizado": true, "fonte": "RCP9882"}}, {"type": "Feature", "geometry": {"type": "MultiLineString", "coordinates": [[[-43.232778853161506, -22.92712871681681], [-43.232772402324485, -22.927120228115996]]]}, "properties": {"camada": "SSDMT", "COD_ID": "962461474", "CTMT": "RCP9882", "COMP": 1.2, "TIP_CND": "105925011_11_3", "energizado": true, "fonte": "RCP9882"}}, {"type": "Feature", "geometry": {"type": "MultiLineString", "coordinates": [[[-43.23343222052051, -22.927698679250625], [-43.23342157254751, -22.927706354064924]]]}, "properties": {"camada": "SSDMT", "COD_ID": "346911654", "CTMT": "RCP9882", "COMP": 1.44, "TIP_CND": "105925010_11_3", "energizado": true, "fonte": "RCP9882"}}, {"type": "Feature", "geometry": {"type": "MultiLineString", "coordinates": [[[-43.23343222052051, -22.927698679250625], [-43.233481058204234, -22.927846782303106]]]}, "properties": {"camada": "SSDMT", "COD_ID": "11131730", "CTMT": "RCP9882", "COMP": 17.84, "TIP_CND": "105925011_11_3", "energizado": true, "fonte": "RCP9882"}}, {"type": "Feature", "geometry": {"type": "MultiLineString", "coordinates": [[[-43.232806071143216, -22.92710936880229], [-43.2328163494949, -22.927101672404206]]]}, "properties": {"camada": "SSDMT", "COD_ID": "346936480", "CTMT": "RCP9882", "COMP": 1.41, "TIP_CND": "105925011_11_3", "energizado": true, "fonte": "RCP9882"}}, {"type": "Feature", "geometry": {"type": "MultiLineString", "coordinates": [[[-43.234172793339724, -22.93130717928284], [-43.234179737005206, -22.931298713964452]]]}, "properties": {"camada": "SSDMT", "COD_ID": "977464709", "CTMT": "URG29983", "COMP": 1.22, "TIP_CND": "105925009_13_3", "energizado": true, "fonte": "URG29983"}}, {"type": "Feature", "geometry": {"type": "MultiLineString", "coordinates": [[[-43.235526949309246, -22.93079790579867], [-43.23520785186082, -22.930972492986143]]]}, "properties": {"camada": "SSDMT", "COD_ID": "95386987", "CTMT": "URG29983", "COMP": 39.54, "TIP_CND": "105925009_13_3", "energizado": true, "fonte": "URG29983"}}, {"type": "Feature", "geometry": {"type": "MultiLineString", "coordinates": [[[-43.235010988466286, -22.930737982172104], [-43.235074489596, -22.930568434785414]]]}, "properties": {"camada": "SSDMT", "COD_ID": "11052154", "CTMT": "URG29983", "COMP": 20.67, "TIP_CND": "105925006_13_3", "energizado": true, "fonte": "URG29983"}}, {"type": "Feature", "geometry": {"type": "MultiLineString", "coordinates": [[[-43.23498256988967, -22.930813911033113], [-43.235010988466286, -22.930737982172104]]]}, "properties": {"camada": "SSDMT", "COD_ID": "11052118", "CTMT": "URG29983", "COMP": 9.26, "TIP_CND": "105925006_13_3", "energizado": true, "fonte": "URG29983"}}, {"type": "Feature", "geometry": {"type": "MultiLineString", "coordinates": [[[-43.23367631810754, -22.931006650136737], [-43.23357112170987, -22.931129071249586]]]}, "properties": {"camada": "SSDMT", "COD_ID": "11052244", "CTMT": "URG29983", "COMP": 18.02, "TIP_CND": "105925009_13_3", "energizado": true, "fonte": "URG29983"}}, {"type": "Feature", "geometry": {"type": "MultiLineString", "coordinates": [[[-43.23295019379634, -22.930263510652424], [-43.232751568629965, -22.93010589996726]]]}, "properties": {"camada": "SSDMT", "COD_ID": "96864869", "CTMT": "URG29983", "COMP": 27.9, "TIP_CND": "105925006_13_3", "energizado": true, "fonte": "URG29983"}}, {"type": "Feature", "geometry": {"type": "MultiLineString", "coordinates": [[[-43.23497059271864, -22.930845899918324], [-43.23497697520719, -22.93082883977911]]]}, "properties": {"camada": "SSDMT", "COD_ID": "336576478", "CTMT": "URG29983", "COMP": 2.08, "TIP_CND": "105925006_13_3", "energizado": true, "fonte": "URG29983"}}, {"type": "Feature", "geometry": {"type": "MultiLineString", "coordinates": [[[-43.23467042689862, -22.931438577428366], [-43.23455321465906, -22.931221704118286]]]}, "properties": {"camada": "SSDMT", "COD_ID": "11065876", "CTMT": "URG29983", "COMP": 27.93, "TIP_CND": "105925009_13_3", "energizado": true, "fonte": "URG29983"}}, {"type": "Feature", "geometry": {"type": "MultiLineString", "coordinates": [[[-43.2342465836129, -22.930971846373552], [-43.234248308512576, -22.930962862146316]]]}, "properties": {"camada": "SSDMT", "COD_ID": "977361647", "CTMT": "URG29983", "COMP": 1.05, "TIP_CND": "105925009_13_3", "energizado": true, "fonte": "URG29983"}}, {"type": "Feature", "geometry": {"type": "MultiLineString", "coordinates": [[[-43.23520785186082, -22.930972492986143], [-43.234902821607875, -22.931306128874724]]]}, "properties": {"camada": "SSDMT", "COD_ID": "11052064", "CTMT": "URG29983", "COMP": 50.35, "TIP_CND": "105925009_13_3", "energizado": true, "fonte": "URG29983"}}, {"type": "Feature", "geometry": {"type": "MultiLineString", "coordinates": [[[-43.233554387125196, -22.931119547429148], [-43.23354400085492, -22.931134828709332]]]}, "properties": {"camada": "SSDMT", "COD_ID": "336592210", "CTMT": "URG29983", "COMP": 2.08, "TIP_CND": "105925006_13_3", "energizado": true, "fonte": "URG29983"}}, {"type": "Feature", "geometry": {"type": "MultiLineString", "coordinates": [[[-43.23486589364603, -22.93157083802373], [-43.23482692602175, -22.931784537626243]]]}, "properties": {"camada": "SSDMT", "COD_ID": "478746746", "CTMT": "URG29983", "COMP": 24.96, "TIP_CND": "105924962_34_3", "energizado": true, "fonte": "URG29983"}}, {"type": "Feature", "geometry": {"type": "MultiLineString", "coordinates": [[[-43.234179737005206, -22.931298713964452], [-43.23417074468409, -22.931292933122336]]]}, "properties": {"camada": "SSDMT", "COD_ID": "977464703", "CTMT": "URG29983", "COMP": 1.17, "TIP_CND": "105925009_13_3", "energizado": true, "fonte": "URG29983"}}, {"type": "Feature", "geometry": {"type": "MultiLineString", "coordinates": [[[-43.23414588472474, -22.931288249453132], [-43.2341526988879, -22.93128083903946]]]}, "properties": {"camada": "SSDMT", "COD_ID": "977464690", "CTMT": "URG29983", "COMP": 1.12, "TIP_CND": "105925009_13_3", "energizado": true, "fonte": "URG29983"}}, {"type": "Feature", "geometry": {"type": "MultiLineString", "coordinates": [[[-43.236154900927886, -22.929034362246], [-43.2364596353039, -22.92884885728887]]]}, "properties": {"camada": "SSDMT", "COD_ID": "11052178", "CTMT": "URG29983", "COMP": 38.9, "TIP_CND": "105925006_13_3", "energizado": true, "fonte": "URG29983"}}, {"type": "Feature", "geometry": {"type": "MultiLineString", "coordinates": [[[-43.23424178752845, -22.93105383576585], [-43.234257212700186, -22.93097322053768]]]}, "properties": {"camada": "SSDMT", "COD_ID": "11065852", "CTMT": "URG29983", "COMP": 9.43, "TIP_CND": "105925009_13_3", "energizado": true, "fonte": "URG29983"}}, {"type": "Feature", "geometry": {"type": "MultiLineString", "coordinates": [[[-43.235263179951744, -22.93004307602712], [-43.23537880488789, -22.92972344258277]]]}, "properties": {"camada": "SSDMT", "COD_ID": "96865116", "CTMT": "URG29983", "COMP": 38.82, "TIP_CND": "105925006_13_3", "energizado": true, "fonte": "URG29983"}}, {"type": "Feature", "geometry": {"type": "MultiLineString", "coordinates": [[[-43.23631225440698, -22.930632673359128], [-43.236319964294864, -22.9306441918759]]]}, "properties": {"camada": "SSDMT", "COD_ID": "456821564", "CTMT": "URG29983", "COMP": 1.56, "TIP_CND": "105925009_13_3", "energizado": true, "fonte": "URG29983"}}, {"type": "Feature", "geometry": {"type": "MultiLineString", "coordinates": [[[-43.233538761404645, -22.931170521902004], [-43.23352400532855, -22.931161065530716]]]}, "properties": {"camada": "SSDMT", "COD_ID": "336592235", "CTMT": "URG29983", "COMP": 1.91, "TIP_CND": "105925006_13_3", "energizado": true, "fonte": "URG29983"}}, {"type": "Feature", "geometry": {"type": "MultiLineString", "coordinates": [[[-43.23467042689862, -22.931438577428366], [-43.23439716789494, -22.931465057066703]]]}, "properties": {"camada": "SSDMT", "COD_ID": "11461148", "CTMT": "URG29983", "COMP": 29.31, "TIP_CND": "105925009_13_3", "energizado": true, "fonte": "URG29983"}}, {"type": "Feature", "geometry": {"type": "MultiLineString", "coordinates": [[[-43.2363353445005, -22.930667174050825], [-43.23632756806279, -22.93065557369573]]]}, "properties": {"camada": "SSDMT", "COD_ID": "456821586", "CTMT": "URG29983", "COMP": 1.57, "TIP_CND": "105925009_13_3", "energizado": true, "fonte": "URG29983"}}, {"type": "Feature", "geometry": {"type": "MultiLineString", "coordinates": [[[-43.23317257815194, -22.931624266746496], [-43.23316910137288, -22.931652565713307]]]}, "properties": {"camada": "SSDMT", "COD_ID": "336576520", "CTMT": "URG29983", "COMP": 3.28, "TIP_CND": "105925006_13_3", "energizado": true, "fonte": "URG29983"}}, {"type": "Feature", "geometry": {"type": "MultiLineString", "coordinates": [[[-43.234902821607875, -22.931306128874724], [-43.23490156345633, -22.931315172457175]]]}, "properties": {"camada": "SSDMT", "COD_ID": "478746711", "CTMT": "URG29983", "COMP": 1.05, "TIP_CND": "105924962_34_3", "energizado": true, "fonte": "URG29983"}}, {"type": "Feature", "geometry": {"type": "MultiLineString", "coordinates": [[[-43.233963516602955, -22.931035278255422], [-43.23414070103246, -22.93116234166871]]]}, "properties": {"camada": "SSDMT", "COD_ID": "11065840", "CTMT": "URG29983", "COMP": 23.9, "TIP_CND": "105925009_13_3", "energizado": true, "fonte": "URG29983"}}, {"type": "Feature", "geometry": {"type": "MultiLineString", "coordinates": [[[-43.23634777942641, -22.930660052319524], [-43.23634007043785, -22.93064854279595]]]}, "properties": {"camada": "SSDMT", "COD_ID": "456821570", "CTMT": "URG29983", "COMP": 1.56, "TIP_CND": "105925009_13_3", "energizado": true, "fonte": "URG29983"}}, {"type": "Feature", "geometry": {"type": "MultiLineString", "coordinates": [[[-43.234257212700186, -22.93097322053768], [-43.23425902213614, -22.930963739884646]]]}, "properties": {"camada": "SSDMT", "COD_ID": "977361663", "CTMT": "URG29983", "COMP": 1.11, "TIP_CND": "105925009_13_3", "energizado": true, "fonte": "URG29983"}}, {"type": "Feature", "geometry": {"type": "MultiLineString", "coordinates": [[[-43.23318016932933, -22.931659941053397], [-43.23338847479823, -22.93180358886451]]]}, "properties": {"camada": "SSDMT", "COD_ID": "11052334", "CTMT": "URG29983", "COMP": 27.7, "TIP_CND": "105925006_13_3", "energizado": true, "fonte": "URG29983"}}, {"type": "Feature", "geometry": {"type": "MultiLineString", "coordinates": [[[-43.23581999699525, -22.92924790536648], [-43.23581965525284, -22.929257021794058]]]}, "properties": {"camada": "SSDMT", "COD_ID": "336592597", "CTMT": "URG29983", "COMP": 1.05, "TIP_CND": "105925006_13_3", "energizado": true, "fonte": "URG29983"}}, {"type": "Feature", "geometry": {"type": "MultiLineString", "coordinates": [[[-43.233538761404645, -22.931170521902004], [-43.23346578591725, -22.93126144246156]]]}, "properties": {"camada": "SSDMT", "COD_ID": "11052310", "CTMT": "URG29983", "COMP": 13.05, "TIP_CND": "105925006_13_3", "energizado": true, "fonte": "URG29983"}}, {"type": "Feature", "geometry": {"type": "MultiLineString", "coordinates": [[[-43.23313228132969, -22.930405521697423], [-43.23295019379634, -22.930263510652424]]]}, "properties": {"camada": "SSDMT", "COD_ID": "96864854", "CTMT": "URG29983", "COMP": 25.39, "TIP_CND": "105925006_13_3", "energizado": true, "fonte": "URG29983"}}, {"type": "Feature", "geometry": {"type": "MultiLineString", "coordinates": [[[-43.23415496697811, -22.931294627445084], [-43.23414588472474, -22.931288249453132]]]}, "properties": {"camada": "SSDMT", "COD_ID": "977464723", "CTMT": "URG29983", "COMP": 1.22, "TIP_CND": "105925009_13_3", "energizado": true, "fonte": "URG29983"}}, {"type": "Feature", "geometry": {"type": "MultiLineString", "coordinates": [[[-43.23581999699525, -22.92924790536648], [-43.236154900927886, -22.929034362246]]]}, "properties": {"camada": "SSDMT", "COD_ID": "6874733", "CTMT": "URG29983", "COMP": 43.37, "TIP_CND": "105925006_13_3", "energizado": true, "fonte": "URG29983"}}, {"type": "Feature", "geometry": {"type": "MultiLineString", "coordinates": [[[-43.23357112170987, -22.931129071249586], [-43.233554387125196, -22.931119547429148]]]}, "properties": {"camada": "SSDMT", "COD_ID": "336592222", "CTMT": "URG29983", "COMP": 2.1, "TIP_CND": "105925006_13_3", "energizado": true, "fonte": "URG29983"}}, {"type": "Feature", "geometry": {"type": "MultiLineString", "coordinates": [[[-43.236319018208064, -22.930617071920267], [-43.23622118815729, -22.930412128117155]]]}, "properties": {"camada": "SSDMT", "COD_ID": "11052010", "CTMT": "URG29983", "COMP": 25.81, "TIP_CND": "105925009_13_3", "energizado": true, "fonte": "URG29983"}}, {"type": "Feature", "geometry": {"type": "MultiLineString", "coordinates": [[[-43.23333638156873, -22.93055679036354], [-43.233238743073514, -22.9306678179654]]]}, "properties": {"camada": "SSDMT", "COD_ID": "217954881", "CTMT": "URG29983", "COMP": 16.49, "TIP_CND": "105925010_11_3", "energizado": true, "fonte": "URG29983"}}, {"type": "Feature", "geometry": {"type": "MultiLineString", "coordinates": [[[-43.23346578591725, -22.93126144246156], [-43.23333710732163, -22.931422532623742]]]}, "properties": {"camada": "SSDMT", "COD_ID": "11052328", "CTMT": "URG29983", "COMP": 23.08, "TIP_CND": "105925006_13_3", "energizado": true, "fonte": "URG29983"}}, {"type": "Feature", "geometry": {"type": "MultiLineString", "coordinates": [[[-43.23367631810754, -22.931006650136737], [-43.23376293631043, -22.930919223443368]]]}, "properties": {"camada": "SSDMT", "COD_ID": "11052700", "CTMT": "URG29983", "COMP": 13.67, "TIP_CND": "105925009_13_3", "energizado": true, "fonte": "URG29983"}}, {"type": "Feature", "geometry": {"type": "MultiLineString", "coordinates": [[[-43.23632467134644, -22.93062551475566], [-43.23631225440698, -22.930632673359128]]]}, "properties": {"camada": "SSDMT", "COD_ID": "456821558", "CTMT": "URG29983", "COMP": 1.56, "TIP_CND": "105925009_13_3", "energizado": true, "fonte": "URG29983"}}, {"type": "Feature", "geometry": {"type": "MultiLineString", "coordinates": [[[-43.23317257815194, -22.931624266746496], [-43.23294261251152, -22.931911450852738]]]}, "properties": {"camada": "SSDMT", "COD_ID": "11052388", "CTMT": "URG29983", "COMP": 41.18, "TIP_CND": "105925006_13_3", "energizado": true, "fonte": "URG29983"}}, {"type": "Feature", "geometry": {"type": "MultiLineString", "coordinates": [[[-43.2358217749549, -22.930634931556824], [-43.235526949309246, -22.93079790579867]]]}, "properties": {"camada": "SSDMT", "COD_ID": "95387002", "CTMT": "URG29983", "COMP": 36.63, "TIP_CND": "105925009_13_3", "energizado": true, "fonte": "URG29983"}}, {"type": "Feature", "geometry": {"type": "MultiLineString", "coordinates": [[[-43.234257212700186, -22.93097322053768], [-43.2342465836129, -22.930971846373552]]]}, "properties": {"camada": "SSDMT", "COD_ID": "977361641", "CTMT": "URG29983", "COMP": 1.14, "TIP_CND": "105925009_13_3", "energizado": true, "fonte": "URG29983"}}, {"type": "Feature", "geometry": {"type": "MultiLineString", "coordinates": [[[-43.23382055137728, -22.93104916468718], [-43.23380767218629, -22.93104536415217]]]}, "properties": {"camada": "SSDMT", "COD_ID": "821983253", "CTMT": "URG29983", "COMP": 1.44, "TIP_CND": "105925009_13_3", "energizado": true, "fonte": "URG29983"}}, {"type": "Feature", "geometry": {"type": "MultiLineString", "coordinates": [[[-43.2357020841838, -22.929318838493543], [-43.23581999699525, -22.92924790536648]]]}, "properties": {"camada": "SSDMT", "COD_ID": "12299653", "CTMT": "URG29983", "COMP": 15.0, "TIP_CND": "105925006_13_3", "energizado": true, "fonte": "URG29983"}}, {"type": "Feature", "geometry": {"type": "MultiLineString", "coordinates": [[[-43.23478895754431, -22.93137739565026], [-43.23467042689862, -22.931438577428366]]]}, "properties": {"camada": "SSDMT", "COD_ID": "11052082", "CTMT": "URG29983", "COMP": 14.48, "TIP_CND": "105925009_13_3", "energizado": true, "fonte": "URG29983"}}, {"type": "Feature", "geometry": {"type": "MultiLineString", "coordinates": [[[-43.2352005853387, -22.930221745237304], [-43.235263179951744, -22.93004307602712]]]}, "properties": {"camada": "SSDMT", "COD_ID": "11052160", "CTMT": "URG29983", "COMP": 21.63, "TIP_CND": "105925006_13_3", "energizado": true, "fonte": "URG29983"}}, {"type": "Feature", "geometry": {"type": "MultiLineString", "coordinates": [[[-43.23414588472474, -22.931288249453132], [-43.23382055137728, -22.93104916468718]]]}, "properties": {"camada": "SSDMT", "COD_ID": "11052238", "CTMT": "URG29983", "COMP": 44.3, "TIP_CND": "105925009_13_3", "energizado": true, "fonte": "URG29983"}}, {"type": "Feature", "geometry": {"type": "MultiLineString", "coordinates": [[[-43.23540531330451, -22.929649669396667], [-43.23557469881325, -22.929399148851587]]]}, "properties": {"camada": "SSDMT", "COD_ID": "11461268", "CTMT": "URG29983", "COMP": 34.04, "TIP_CND": "105925006_13_3", "energizado": true, "fonte": "URG29983"}}, {"type": "Feature", "geometry": {"type": "MultiLineString", "coordinates": [[[-43.23455321465906, -22.931221704118286], [-43.23447327482171, -22.931123952308496]]]}, "properties": {"camada": "SSDMT", "COD_ID": "96865024", "CTMT": "URG29983", "COMP": 14.12, "TIP_CND": "105925009_13_3", "energizado": true, "fonte": "URG29983"}}, {"type": "Feature", "geometry": {"type": "MultiLineString", "coordinates": [[[-43.23483445784393, -22.931348923114285], [-43.23478895754431, -22.93137739565026]]]}, "properties": {"camada": "SSDMT", "COD_ID": "461781224", "CTMT": "URG29983", "COMP": 5.86, "TIP_CND": "105925009_13_3", "energizado": true, "fonte": "URG29983"}}, {"type": "Feature", "geometry": {"type": "MultiLineString", "coordinates": [[[-43.234902821607875, -22.931306128874724], [-43.23491106209582, -22.93098064174319]]]}, "properties": {"camada": "SSDMT", "COD_ID": "11052106", "CTMT": "URG29983", "COMP": 37.5, "TIP_CND": "105925006_13_3", "energizado": true, "fonte": "URG29983"}}, {"type": "Feature", "geometry": {"type": "MultiLineString", "coordinates": [[[-43.23622118815729, -22.930412128117155], [-43.236292927076875, -22.930372956346787]]]}, "properties": {"camada": "SSDMT", "COD_ID": "11052016", "CTMT": "URG29983", "COMP": 8.88, "TIP_CND": "105925009_13_3", "energizado": true, "fonte": "URG29983"}}, {"type": "Feature", "geometry": {"type": "MultiLineString", "coordinates": [[[-43.23439716789494, -22.931465057066703], [-43.234172793339724, -22.93130717928284]]]}, "properties": {"camada": "SSDMT", "COD_ID": "11052208", "CTMT": "URG29983", "COMP": 30.06, "TIP_CND": "105925009_13_3", "energizado": true, "fonte": "URG29983"}}, {"type": "Feature", "geometry": {"type": "MultiLineString", "coordinates": [[[-43.2341526988879, -22.93128083903946], [-43.23416148256632, -22.931286878886283]]]}, "properties": {"camada": "SSDMT", "COD_ID": "977464697", "CTMT": "URG29983", "COMP": 1.17, "TIP_CND": "105925009_13_3", "energizado": true, "fonte": "URG29983"}}, {"type": "Feature", "geometry": {"type": "MultiLineString", "coordinates": [[[-43.23537880488789, -22.92972344258277], [-43.23540531330451, -22.929649669396667]]]}, "properties": {"camada": "SSDMT", "COD_ID": "96865131", "CTMT": "URG29983", "COMP": 8.96, "TIP_CND": "105925006_13_3", "energizado": true, "fonte": "URG29983"}}, {"type": "Feature", "geometry": {"type": "MultiLineString", "coordinates": [[[-43.234172793339724, -22.93130717928284], [-43.23416380461583, -22.931301118751605]]]}, "properties": {"camada": "SSDMT", "COD_ID": "977464717", "CTMT": "URG29983", "COMP": 1.19, "TIP_CND": "105925009_13_3", "energizado": true, "fonte": "URG29983"}}, {"type": "Feature", "geometry": {"type": "MultiLineString", "coordinates": [[[-43.23622118815729, -22.930412128117155], [-43.23598451897033, -22.93055042766008]]]}, "properties": {"camada": "SSDMT", "COD_ID": "11788631", "CTMT": "URG29983", "COMP": 29.85, "TIP_CND": "105925009_13_3", "energizado": true, "fonte": "URG29983"}}, {"type": "Feature", "geometry": {"type": "MultiLineString", "coordinates": [[[-43.234216810657244, -22.93113796644394], [-43.23424178752845, -22.93105383576585]]]}, "properties": {"camada": "SSDMT", "COD_ID": "11065846", "CTMT": "URG29983", "COMP": 10.05, "TIP_CND": "105925009_13_3", "energizado": true, "fonte": "URG29983"}}, {"type": "Feature", "geometry": {"type": "MultiLineString", "coordinates": [[[-43.23632467134644, -22.93062551475566], [-43.236319018208064, -22.930617071920267]]]}, "properties": {"camada": "SSDMT", "COD_ID": "336576532", "CTMT": "URG29983", "COMP": 1.14, "TIP_CND": "105925009_13_3", "energizado": true, "fonte": "URG29983"}}, {"type": "Feature", "geometry": {"type": "MultiLineString", "coordinates": [[[-43.23380767218629, -22.93104536415217], [-43.23367631810754, -22.931006650136737]]]}, "properties": {"camada": "SSDMT", "COD_ID": "96864666", "CTMT": "URG29983", "COMP": 14.7, "TIP_CND": "105925009_13_3", "energizado": true, "fonte": "URG29983"}}, {"type": "Feature", "geometry": {"type": "MultiLineString", "coordinates": [[[-43.23633237044248, -22.93063702427918], [-43.23632467134644, -22.93062551475566]]]}, "properties": {"camada": "SSDMT", "COD_ID": "456821552", "CTMT": "URG29983", "COMP": 1.56, "TIP_CND": "105925009_13_3", "energizado": true, "fonte": "URG29983"}}, {"type": "Feature", "geometry": {"type": "MultiLineString", "coordinates": [[[-43.23357112170987, -22.931129071249586], [-43.233559482683916, -22.931143959526082]]]}, "properties": {"camada": "SSDMT", "COD_ID": "336592204", "CTMT": "URG29983", "COMP": 2.12, "TIP_CND": "105925006_13_3", "energizado": true, "fonte": "URG29983"}}, {"type": "Feature", "geometry": {"type": "MultiLineString", "coordinates": [[[-43.233782714200856, -22.930899269285817], [-43.233963516602955, -22.931035278255422]]]}, "properties": {"camada": "SSDMT", "COD_ID": "11065834", "CTMT": "URG29983", "COMP": 24.85, "TIP_CND": "105925009_13_3", "energizado": true, "fonte": "URG29983"}}, {"type": "Feature", "geometry": {"type": "MultiLineString", "coordinates": [[[-43.23557469881325, -22.929399148851587], [-43.2357020841838, -22.929318838493543]]]}, "properties": {"camada": "SSDMT", "COD_ID": "96865154", "CTMT": "URG29983", "COMP": 16.44, "TIP_CND": "105925006_13_3", "energizado": true, "fonte": "URG29983"}}, {"type": "Feature", "geometry": {"type": "MultiLineString", "coordinates": [[[-43.23354971065061, -22.93115620469507], [-43.233538761404645, -22.931170521902004]]]}, "properties": {"camada": "SSDMT", "COD_ID": "336592229", "CTMT": "URG29983", "COMP": 2.02, "TIP_CND": "105925006_13_3", "energizado": true, "fonte": "URG29983"}}, {"type": "Feature", "geometry": {"type": "MultiLineString", "coordinates": [[[-43.23581908598197, -22.92927236782549], [-43.23581529983619, -22.929373630588543]]]}, "properties": {"camada": "SSDMT", "COD_ID": "489443039", "CTMT": "URG29983", "COMP": 11.67, "TIP_CND": "105925006_13_3", "energizado": true, "fonte": "URG29983"}}, {"type": "Feature", "geometry": {"type": "MultiLineString", "coordinates": [[[-43.23414070103246, -22.93116234166871], [-43.234216810657244, -22.93113796644394]]]}, "properties": {"camada": "SSDMT", "COD_ID": "96864749", "CTMT": "URG29983", "COMP": 8.59, "TIP_CND": "105925009_13_3", "energizado": true, "fonte": "URG29983"}}, {"type": "Feature", "geometry": {"type": "MultiLineString", "coordinates": [[[-43.23333710732163, -22.931422532623742], [-43.23317257815194, -22.931624266746496]]]}, "properties": {"camada": "SSDMT", "COD_ID": "336576592", "CTMT": "URG29983", "COMP": 29.12, "TIP_CND": "105925006_13_3", "energizado": true, "fonte": "URG29983"}}, {"type": "Feature", "geometry": {"type": "MultiLineString", "coordinates": [[[-43.23352400532855, -22.931161065530716], [-43.23353508947275, -22.9311468931146]]]}, "properties": {"camada": "SSDMT", "COD_ID": "336592241", "CTMT": "URG29983", "COMP": 2.02, "TIP_CND": "105925006_13_3", "energizado": true, "fonte": "URG29983"}}, {"type": "Feature", "geometry": {"type": "MultiLineString", "coordinates": [[[-43.23514500633695, -22.930375125511603], [-43.2352005853387, -22.930221745237304]]]}, "properties": {"camada": "SSDMT", "COD_ID": "96865096", "CTMT": "URG29983", "COMP": 18.63, "TIP_CND": "105925006_13_3", "energizado": true, "fonte": "URG29983"}}, {"type": "Feature", "geometry": {"type": "MultiLineString", "coordinates": [[[-43.233782714200856, -22.930899269285817], [-43.23361300043956, -22.930770535831527]]]}, "properties": {"camada": "SSDMT", "COD_ID": "96864813", "CTMT": "URG29983", "COMP": 23.4, "TIP_CND": "105925006_13_3", "energizado": true, "fonte": "URG29983"}}, {"type": "Feature", "geometry": {"type": "MultiLineString", "coordinates": [[[-43.23376952564303, -22.930912578352775], [-43.233782714200856, -22.930899269285817]]]}, "properties": {"camada": "SSDMT", "COD_ID": "336576442", "CTMT": "URG29983", "COMP": 2.08, "TIP_CND": "105925009_13_3", "energizado": true, "fonte": "URG29983"}}, {"type": "Feature", "geometry": {"type": "MultiLineString", "coordinates": [[[-43.23361300043956, -22.930770535831527], [-43.23333638156873, -22.93055679036354]]]}, "properties": {"camada": "SSDMT", "COD_ID": "96864821", "CTMT": "URG29983", "COMP": 38.43, "TIP_CND": "105925006_13_3", "energizado": true, "fonte": "URG29983"}}, {"type": "Feature", "geometry": {"type": "MultiLineString", "coordinates": [[[-43.234899552572244, -22.931330412368595], [-43.23486589364603, -22.93157083802373]]]}, "properties": {"camada": "SSDMT", "COD_ID": "478746705", "CTMT": "URG29983", "COMP": 27.92, "TIP_CND": "105924962_34_3", "energizado": true, "fonte": "URG29983"}}, {"type": "Feature", "geometry": {"type": "MultiLineString", "coordinates": [[[-43.23333638156873, -22.93055679036354], [-43.23315512051238, -22.930422446938337]]]}, "properties": {"camada": "SSDMT", "COD_ID": "11065642", "CTMT": "URG29983", "COMP": 24.76, "TIP_CND": "105925006_13_3", "energizado": true, "fonte": "URG29983"}}, {"type": "Feature", "geometry": {"type": "MultiLineString", "coordinates": [[[-43.233147510449214, -22.93041680818908], [-43.23313228132969, -22.930405521697423]]]}, "properties": {"camada": "SSDMT", "COD_ID": "336576688", "CTMT": "URG29983", "COMP": 2.08, "TIP_CND": "105925006_13_3", "energizado": true, "fonte": "URG29983"}}, {"type": "Feature", "geometry": {"type": "MultiLineString", "coordinates": [[[-43.23598451897033, -22.93055042766008], [-43.2358217749549, -22.930634931556824]]]}, "properties": {"camada": "SSDMT", "COD_ID": "95387017", "CTMT": "URG29983", "COMP": 19.9, "TIP_CND": "105925009_13_3", "energizado": true, "fonte": "URG29983"}}, {"type": "Feature", "geometry": {"type": "MultiLineString", "coordinates": [[[-43.23491106209582, -22.93098064174319], [-43.23497059271864, -22.930845899918324]]]}, "properties": {"camada": "SSDMT", "COD_ID": "11052112", "CTMT": "URG29983", "COMP": 16.77, "TIP_CND": "105925006_13_3", "energizado": true, "fonte": "URG29983"}}, {"type": "Feature", "geometry": {"type": "MultiLineString", "coordinates": [[[-43.23447327482171, -22.931123952308496], [-43.2344209810434, -22.930979820662174]]]}, "properties": {"camada": "SSDMT", "COD_ID": "11065912", "CTMT": "URG29983", "COMP": 17.51, "TIP_CND": "105925009_13_3", "energizado": true, "fonte": "URG29983"}}, {"type": "Feature", "geometry": {"type": "MultiLineString", "coordinates": [[[-43.23634777942641, -22.930660052319524], [-43.2363353445005, -22.930667174050825]]]}, "properties": {"camada": "SSDMT", "COD_ID": "456821580", "CTMT": "URG29983", "COMP": 1.56, "TIP_CND": "105925009_13_3", "energizado": true, "fonte": "URG29983"}}, {"type": "Feature", "geometry": {"type": "MultiLineString", "coordinates": [[[-43.235074489596, -22.930568434785414], [-43.23514500633695, -22.930375125511603]]]}, "properties": {"camada": "SSDMT", "COD_ID": "96865079", "CTMT": "URG29983", "COMP": 23.5, "TIP_CND": "105925006_13_3", "energizado": true, "fonte": "URG29983"}}, {"type": "Feature", "geometry": {"type": "MultiLineString", "coordinates": [[[-43.234902821607875, -22.931306128874724], [-43.23483445784393, -22.931348923114285]]]}, "properties": {"camada": "SSDMT", "COD_ID": "11052076", "CTMT": "URG29983", "COMP": 8.8, "TIP_CND": "105925009_13_3", "energizado": true, "fonte": "URG29983"}}, {"type": "Feature", "geometry": {"type": "MultiLineString", "coordinates": [[[-43.234253066825545, -22.930938009381578], [-43.23425134192587, -22.930946993608814]]]}, "properties": {"camada": "SSDMT", "COD_ID": "977361653", "CTMT": "ALC9925", "COMP": 1.05, "TIP_CND": "105925009_13_3", "energizado": false, "fonte": null}}, {"type": "Feature", "geometry": {"type": "MultiLineString", "coordinates": [[[-43.23441665440504, -22.93095182206889], [-43.23441919139253, -22.93096973116809]]]}, "properties": {"camada": "SSDMT", "COD_ID": "335534218", "CTMT": "ALC9925", "COMP": 2.08, "TIP_CND": "105925011_11_3", "energizado": false, "fonte": null}}, {"type": "Feature", "geometry": {"type": "MultiLineString", "coordinates": [[[-43.23412801609504, -22.9301084234649], [-43.234147314646805, -22.930196216182367]]]}, "properties": {"camada": "SSDMT", "COD_ID": "11131838", "CTMT": "ALC9925", "COMP": 10.32, "TIP_CND": "105925011_11_3", "energizado": false, "fonte": null}}, {"type": "Feature", "geometry": {"type": "MultiLineString", "coordinates": [[[-43.23408073423843, -22.92989204837926], [-43.234108689664254, -22.930022065166156]]]}, "properties": {"camada": "SSDMT", "COD_ID": "11486498", "CTMT": "ALC9925", "COMP": 15.27, "TIP_CND": "105925011_11_3", "energizado": false, "fonte": null}}, {"type": "Feature", "geometry": {"type": "MultiLineString", "coordinates": [[[-43.2338434975793, -22.928855424138476], [-43.23377380281869, -22.92867211352717]]]}, "properties": {"camada": "SSDMT", "COD_ID": "139997568", "CTMT": "ALC9925", "COMP": 22.38, "TIP_CND": "105925011_11_3", "energizado": false, "fonte": null}}, {"type": "Feature", "geometry": {"type": "MultiLineString", "coordinates": [[[-43.23388608947141, -22.929043914844726], [-43.23393312671237, -22.929228725525206]]]}, "properties": {"camada": "SSDMT", "COD_ID": "335515889", "CTMT": "ALC9925", "COMP": 21.87, "TIP_CND": "105925011_11_3", "energizado": false, "fonte": null}}, {"type": "Feature", "geometry": {"type": "MultiLineString", "coordinates": [[[-43.23405327883569, -22.92977088631733], [-43.234072742862736, -22.929769838607115]]]}, "properties": {"camada": "SSDMT", "COD_ID": "335515913", "CTMT": "ALC9925", "COMP": 2.08, "TIP_CND": "105925010_11_3", "energizado": false, "fonte": null}}, {"type": "Feature", "geometry": {"type": "MultiLineString", "coordinates": [[[-43.23368353606628, -22.928430894669987], [-43.23367774353301, -22.928416670992533]]]}, "properties": {"camada": "SSDMT", "COD_ID": "346936505", "CTMT": "ALC9925", "COMP": 1.75, "TIP_CND": "105925011_11_3", "energizado": false, "fonte": null}}, {"type": "Feature", "geometry": {"type": "MultiLineString", "coordinates": [[[-43.23349389692578, -22.927882993505307], [-43.23350657646728, -22.927878862919158]]]}, "properties": {"camada": "SSDMT", "COD_ID": "746851160", "CTMT": "ALC9925", "COMP": 1.43, "TIP_CND": "105925011_11_3", "energizado": false, "fonte": null}}, {"type": "Feature", "geometry": {"type": "MultiLineString", "coordinates": [[[-43.234279152560816, -22.930799851931567], [-43.2342637174965, -22.93093919288941]]]}, "properties": {"camada": "SSDMT", "COD_ID": "11131868", "CTMT": "ALC9925", "COMP": 16.13, "TIP_CND": "105925009_13_3", "energizado": false, "fonte": null}}, {"type": "Feature", "geometry": {"type": "MultiLineString", "coordinates": [[[-43.23489368359657, -22.92867784040999], [-43.23478383680458, -22.928700278495]]]}, "properties": {"camada": "SSDMT", "COD_ID": "335515877", "CTMT": "ALC9925", "COMP": 12.0, "TIP_CND": "105925011_11_3", "energizado": false, "fonte": null}}, {"type": "Feature", "geometry": {"type": "MultiLineString", "coordinates": [[[-43.234147314646805, -22.930196216182367], [-43.23418883274837, -22.93038412592665]]]}, "properties": {"camada": "SSDMT", "COD_ID": "335515697", "CTMT": "ALC9925", "COMP": 22.09, "TIP_CND": "105925011_11_3", "energizado": false, "fonte": null}}, {"type": "Feature", "geometry": {"type": "MultiLineString", "coordinates": [[[-43.235516288745714, -22.928400863608942], [-43.23550155964921, -22.928412701385014]]]}, "properties": {"camada": "SSDMT", "COD_ID": "335515943", "CTMT": "ALC9925", "COMP": 2.08, "TIP_CND": "105925009_13_3", "energizado": false, "fonte": null}}, {"type": "Feature", "geometry": {"type": "MultiLineString", "coordinates": [[[-43.23478383680458, -22.928700278495], [-43.234630218209986, -22.928728451556765]]]}, "properties": {"camada": "SSDMT", "COD_ID": "335515883", "CTMT": "ALC9925", "COMP": 16.71, "TIP_CND": "105925011_11_3", "energizado": false, "fonte": null}}, {"type": "Feature", "geometry": {"type": "MultiLineString", "coordinates": [[[-43.23364283275049, -22.92826900231256], [-43.23364148017015, -22.92827930944253]]]}, "properties": {"camada": "SSDMT", "COD_ID": "850435290", "CTMT": "ALC9925", "COMP": 1.2, "TIP_CND": "105925009_13_3", "energizado": false, "fonte": null}}, {"type": "Feature", "geometry": {"type": "MultiLineString", "coordinates": [[[-43.2338434975793, -22.928855424138476], [-43.233880872504244, -22.929019925429145]]]}, "properties": {"camada": "SSDMT", "COD_ID": "11131778", "CTMT": "ALC9925", "COMP": 19.36, "TIP_CND": "105925011_11_3", "energizado": false, "fonte": null}}, {"type": "Feature", "geometry": {"type": "MultiLineString", "coordinates": [[[-43.23350657646728, -22.927878862919158], [-43.23350175969841, -22.92786684437931]]]}, "properties": {"camada": "SSDMT", "COD_ID": "746851170", "CTMT": "ALC9925", "COMP": 1.48, "TIP_CND": "105925011_11_3", "energizado": false, "fonte": null}}, {"type": "Feature", "geometry": {"type": "MultiLineString", "coordinates": [[[-43.23404745032951, -22.928832788202556], [-43.2338434975793, -22.928855424138476]]]}, "properties": {"camada": "SSDMT", "COD_ID": "11131784", "CTMT": "ALC9925", "COMP": 21.91, "TIP_CND": "105925011_11_3", "energizado": false, "fonte": null}}, {"type": "Feature", "geometry": {"type": "MultiLineString", "coordinates": [[[-43.233549378800774, -22.928034530169384], [-43.23349389692578, -22.927882993505307]]]}, "properties": {"camada": "SSDMT", "COD_ID": "11131742", "CTMT": "ALC9925", "COMP": 18.43, "TIP_CND": "105925011_11_3", "energizado": false, "fonte": null}}, {"type": "Feature", "geometry": {"type": "MultiLineString", "coordinates": [[[-43.23561576455586, -22.928320920174258], [-43.23552364789799, -22.928394948767846]]]}, "properties": {"camada": "SSDMT", "COD_ID": "11131802", "CTMT": "ALC9925", "COMP": 13.01, "TIP_CND": "105925009_13_3", "energizado": false, "fonte": null}}, {"type": "Feature", "geometry": {"type": "MultiLineString", "coordinates": [[[-43.233884050708355, -22.929034988174124], [-43.23388608947141, -22.929043914844726]]]}, "properties": {"camada": "SSDMT", "COD_ID": "636813082", "CTMT": "ALC9925", "COMP": 1.05, "TIP_CND": "105925011_11_3", "energizado": false, "fonte": null}}, {"type": "Feature", "geometry": {"type": "MultiLineString", "coordinates": [[[-43.23349389692578, -22.927882993505307], [-43.23348959277047, -22.927870600847484]]]}, "properties": {"camada": "SSDMT", "COD_ID": "746851135", "CTMT": "ALC9925", "COMP": 1.5, "TIP_CND": "105925011_11_3", "energizado": false, "fonte": null}}, {"type": "Feature", "geometry": {"type": "MultiLineString", "coordinates": [[[-43.23419429433119, -22.930408109046937], [-43.234243915324384, -22.930624519206162]]]}, "properties": {"camada": "SSDMT", "COD_ID": "11131844", "CTMT": "ALC9925", "COMP": 25.48, "TIP_CND": "105925011_11_3", "energizado": false, "fonte": null}}, {"type": "Feature", "geometry": {"type": "MultiLineString", "coordinates": [[[-43.2339689593, -22.929422676914953], [-43.23405327883569, -22.92977088631733]]]}, "properties": {"camada": "SSDMT", "COD_ID": "335515895", "CTMT": "ALC9925", "COMP": 41.1, "TIP_CND": "105925011_11_3", "energizado": false, "fonte": null}}, {"type": "Feature", "geometry": {"type": "MultiLineString", "coordinates": [[[-43.234630218209986, -22.928728451556765], [-43.23434252598673, -22.928777482594683]]]}, "properties": {"camada": "SSDMT", "COD_ID": "133281551", "CTMT": "ALC9925", "COMP": 31.21, "TIP_CND": "105925011_11_3", "energizado": false, "fonte": null}}, {"type": "Feature", "geometry": {"type": "MultiLineString", "coordinates": [[[-43.23434252598673, -22.928777482594683], [-43.23404745032951, -22.928832788202556]]]}, "properties": {"camada": "SSDMT", "COD_ID": "133281536", "CTMT": "ALC9925", "COMP": 32.12, "TIP_CND": "105925011_11_3", "energizado": false, "fonte": null}}, {"type": "Feature", "geometry": {"type": "MultiLineString", "coordinates": [[[-43.2342637174965, -22.93093919288941], [-43.2342620024894, -22.930948177116647]]]}, "properties": {"camada": "SSDMT", "COD_ID": "336576502", "CTMT": "ALC9925", "COMP": 1.05, "TIP_CND": "105925009_13_3", "energizado": false, "fonte": null}}, {"type": "Feature", "geometry": {"type": "MultiLineString", "coordinates": [[[-43.23502233791055, -22.928656858327315], [-43.23489368359657, -22.92867784040999]]]}, "properties": {"camada": "SSDMT", "COD_ID": "11131790", "CTMT": "ALC9925", "COMP": 13.94, "TIP_CND": "105925011_11_3", "energizado": false, "fonte": null}}, {"type": "Feature", "geometry": {"type": "MultiLineString", "coordinates": [[[-43.23408247982252, -22.92976930620847], [-43.23416979050336, -22.929764597358258]]]}, "properties": {"camada": "SSDMT", "COD_ID": "11131826", "CTMT": "ALC9925", "COMP": 9.33, "TIP_CND": "105925010_11_3", "energizado": false, "fonte": null}}, {"type": "Feature", "geometry": {"type": "MultiLineString", "coordinates": [[[-43.23393312671237, -22.929228725525206], [-43.2339689593, -22.929422676914953]]]}, "properties": {"camada": "SSDMT", "COD_ID": "11131814", "CTMT": "ALC9925", "COMP": 22.66, "TIP_CND": "105925011_11_3", "energizado": false, "fonte": null}}, {"type": "Feature", "geometry": {"type": "MultiLineString", "coordinates": [[[-43.23364283275049, -22.92826900231256], [-43.233654844995044, -22.928266670370476]]]}, "properties": {"camada": "SSDMT", "COD_ID": "346912308", "CTMT": "ALC9925", "COMP": 1.31, "TIP_CND": "105925009_13_3", "energizado": false, "fonte": null}}, {"type": "Feature", "geometry": {"type": "MultiLineString", "coordinates": [[[-43.23364283275049, -22.92826900231256], [-43.233549378800774, -22.928034530169384]]]}, "properties": {"camada": "SSDMT", "COD_ID": "11131748", "CTMT": "ALC9925", "COMP": 28.79, "TIP_CND": "105925011_11_3", "energizado": false, "fonte": null}}, {"type": "Feature", "geometry": {"type": "MultiLineString", "coordinates": [[[-43.234243915324384, -22.930624519206162], [-43.234279152560816, -22.930799851931567]]]}, "properties": {"camada": "SSDMT", "COD_ID": "11131850", "CTMT": "ALC9925", "COMP": 20.54, "TIP_CND": "105925011_11_3", "energizado": false, "fonte": null}}, {"type": "Feature", "geometry": {"type": "MultiLineString", "coordinates": [[[-43.233727652309256, -22.928538560606057], [-43.233688077642626, -22.928441538146444]]]}, "properties": {"camada": "SSDMT", "COD_ID": "11131766", "CTMT": "ALC9925", "COMP": 11.95, "TIP_CND": "105925011_11_3", "energizado": false, "fonte": null}}, {"type": "Feature", "geometry": {"type": "MultiLineString", "coordinates": [[[-43.23530032914681, -22.92857465669499], [-43.23502233791055, -22.928656858327315]]]}, "properties": {"camada": "SSDMT", "COD_ID": "11131796", "CTMT": "ALC9925", "COMP": 31.13, "TIP_CND": "105925011_11_3", "energizado": false, "fonte": null}}, {"type": "Feature", "geometry": {"type": "MultiLineString", "coordinates": [[[-43.23377380281869, -22.92867211352717], [-43.233727652309256, -22.928538560606057]]]}, "properties": {"camada": "SSDMT", "COD_ID": "11131772", "CTMT": "ALC9925", "COMP": 16.15, "TIP_CND": "105925011_11_3", "energizado": false, "fonte": null}}, {"type": "Feature", "geometry": {"type": "MultiLineString", "coordinates": [[[-43.23550155964921, -22.928412701385014], [-43.23530032914681, -22.92857465669499]]]}, "properties": {"camada": "SSDMT", "COD_ID": "11477454", "CTMT": "ALC9925", "COMP": 28.44, "TIP_CND": "105925011_11_3", "energizado": false, "fonte": null}}, {"type": "Feature", "geometry": {"type": "MultiLineString", "coordinates": [[[-43.2342637174965, -22.93093919288941], [-43.234253066825545, -22.930938009381578]]]}, "properties": {"camada": "SSDMT", "COD_ID": "977361634", "CTMT": "ALC9925", "COMP": 1.14, "TIP_CND": "105925009_13_3", "energizado": false, "fonte": null}}, {"type": "Feature", "geometry": {"type": "MultiLineString", "coordinates": [[[-43.23405327883569, -22.92977088631733], [-43.23408073423843, -22.92989204837926]]]}, "properties": {"camada": "SSDMT", "COD_ID": "11131820", "CTMT": "ALC9925", "COMP": 14.26, "TIP_CND": "105925011_11_3", "energizado": false, "fonte": null}}, {"type": "Feature", "geometry": {"type": "MultiLineString", "coordinates": [[[-43.23418883274837, -22.93038412592665], [-43.23419086161891, -22.930393052597253]]]}, "properties": {"camada": "SSDMT", "COD_ID": "515056712", "CTMT": "ALC9925", "COMP": 1.05, "TIP_CND": "105925011_11_3", "energizado": false, "fonte": null}}, {"type": "Feature", "geometry": {"type": "MultiLineString", "coordinates": [[[-43.23367774353301, -22.928416670992533], [-43.23364283275049, -22.92826900231256]]]}, "properties": {"camada": "SSDMT", "COD_ID": "12866723", "CTMT": "ALC9925", "COMP": 17.41, "TIP_CND": "105925011_11_3", "energizado": false, "fonte": null}}, {"type": "Feature", "geometry": {"type": "MultiLineString", "coordinates": [[[-43.234108689664254, -22.930022065166156], [-43.23412801609504, -22.9301084234649]]]}, "properties": {"camada": "SSDMT", "COD_ID": "23492717", "CTMT": "ALC9925", "COMP": 10.16, "TIP_CND": "105925011_11_3", "energizado": false, "fonte": null}}, {"type": "Feature", "geometry": {"type": "MultiLineString", "coordinates": [[[-43.234279152560816, -22.930799851931567], [-43.23441665440504, -22.93095182206889]]]}, "properties": {"camada": "SSDMT", "COD_ID": "11131862", "CTMT": "ALC9925", "COMP": 22.84, "TIP_CND": "105925009_13_3", "energizado": false, "fonte": null}}, {"type": "Feature", "geometry": {"type": "MultiLineString", "coordinates": [[[-43.23430630219406, -22.92970085341159], [-43.23431069897953, -22.92970091996142]]]}, "properties": {"camada": "SSDMT", "COD_ID": "12914045", "CTMT": "ALC9925", "COMP": 0.47, "TIP_CND": "105924963_34_3", "energizado": false, "fonte": null}}, {"type": "Feature", "geometry": {"type": "MultiLineString", "coordinates": [[[-43.23374257026336, -22.92825098619403], [-43.234034342710686, -22.92817887405573]]]}, "properties": {"camada": "SSDMT", "COD_ID": "12893303", "CTMT": "ALC9925", "COMP": 32.22, "TIP_CND": "105924963_34_3", "energizado": false, "fonte": null}}, {"type": "Feature", "geometry": {"type": "MultiLineString", "coordinates": [[[-43.23373302306055, -22.928254925224564], [-43.23374257026336, -22.92825098619403]]]}, "properties": {"camada": "SSDMT", "COD_ID": "12918539", "CTMT": "ALC9925", "COMP": 1.11, "TIP_CND": "105924963_34_3", "energizado": false, "fonte": null}}, {"type": "Feature", "geometry": {"type": "MultiLineString", "coordinates": [[[-43.23425473147063, -22.929709490500557], [-43.23430630219406, -22.92970085341159]]]}, "properties": {"camada": "SSDMT", "COD_ID": "12288061", "CTMT": "ALC9925", "COMP": 5.59, "TIP_CND": "105924963_34_3", "energizado": false, "fonte": null}}, {"type": "Feature", "geometry": {"type": "MultiLineString", "coordinates": [[[-43.23424519056306, -22.929713700227012], [-43.23425473147063, -22.929709490500557]]]}, "properties": {"camada": "SSDMT", "COD_ID": "12288055", "CTMT": "ALC9925", "COMP": 1.13, "TIP_CND": "105924963_34_3", "energizado": false, "fonte": null}}, {"type": "Feature", "geometry": {"type": "MultiLineString", "coordinates": [[[-43.234034342710686, -22.92817887405573], [-43.23403965230807, -22.928177650977773]]]}, "properties": {"camada": "SSDMT", "COD_ID": "12893309", "CTMT": "ALC9925", "COMP": 0.58, "TIP_CND": "105924963_34_3", "energizado": false, "fonte": null}}, {"type": "Feature", "geometry": {"type": "MultiLineString", "coordinates": [[[-43.23415896626324, -22.93158509497613], [-43.23415237513194, -22.931588100510396]]]}, "properties": {"camada": "SSDMT", "COD_ID": "96865581", "CTMT": "URG29983", "COMP": 0.78, "TIP_CND": "105924963_35_3", "energizado": true, "fonte": "URG29983"}}, {"type": "Feature", "geometry": {"type": "MultiLineString", "coordinates": [[[-43.2341835411375, -22.9315824060032], [-43.23417800940757, -22.931581902382845]]]}, "properties": {"camada": "SSDMT", "COD_ID": "96865545", "CTMT": "URG29983", "COMP": 0.59, "TIP_CND": "105924963_35_3", "energizado": true, "fonte": "URG29983"}}, {"type": "Feature", "geometry": {"type": "MultiLineString", "coordinates": [[[-43.23581529983619, -22.929373630588543], [-43.23581097859375, -22.929386569134806]]]}, "properties": {"camada": "SSDMT", "COD_ID": "489443046", "CTMT": "URG29983", "COMP": 1.56, "TIP_CND": "105924963_35_3", "energizado": true, "fonte": "URG29983"}}, {"type": "Feature", "geometry": {"type": "MultiLineString", "coordinates": [[[-43.23579227719182, -22.929433401330357], [-43.23580573734483, -22.929458610226618]]]}, "properties": {"camada": "SSDMT", "COD_ID": "12300013", "CTMT": "URG29983", "COMP": 3.24, "TIP_CND": "105924963_35_3", "energizado": true, "fonte": "URG29983"}}, {"type": "Feature", "geometry": {"type": "MultiLineString", "coordinates": [[[-43.23415237513194, -22.931588100510396], [-43.23414184137283, -22.931589166207004]]]}, "properties": {"camada": "SSDMT", "COD_ID": "96865594", "CTMT": "URG29983", "COMP": 1.13, "TIP_CND": "105924963_35_3", "energizado": true, "fonte": "URG29983"}}, {"type": "Feature", "geometry": {"type": "MultiLineString", "coordinates": [[[-43.23579762456069, -22.929426326363853], [-43.2357994564797, -22.929428604346583]]]}, "properties": {"camada": "SSDMT", "COD_ID": "12300001", "CTMT": "URG29983", "COMP": 0.33, "TIP_CND": "105924963_35_3", "energizado": true, "fonte": "URG29983"}}, {"type": "Feature", "geometry": {"type": "MultiLineString", "coordinates": [[[-43.234122935824814, -22.93159144868639], [-43.23412546831565, -22.93161120859037]]]}, "properties": {"camada": "SSDMT", "COD_ID": "12786367", "CTMT": "URG29983", "COMP": 2.29, "TIP_CND": "105924963_35_3", "energizado": true, "fonte": "URG29983"}}, {"type": "Feature", "geometry": {"type": "MultiLineString", "coordinates": [[[-43.23580573734483, -22.929458610226618], [-43.23581331862971, -22.9294679874576]]]}, "properties": {"camada": "SSDMT", "COD_ID": "12789631", "CTMT": "URG29983", "COMP": 1.35, "TIP_CND": "105924963_35_3", "energizado": true, "fonte": "URG29983"}}, {"type": "Feature", "geometry": {"type": "MultiLineString", "coordinates": [[[-43.2341845303917, -22.931591105145344], [-43.2341835411375, -22.9315824060032]]]}, "properties": {"camada": "SSDMT", "COD_ID": "96865528", "CTMT": "URG29983", "COMP": 1.01, "TIP_CND": "105924963_35_3", "energizado": true, "fonte": "URG29983"}}, {"type": "Feature", "geometry": {"type": "MultiLineString", "coordinates": [[[-43.234189479360964, -22.93159064469245], [-43.2341845303917, -22.931591105145344]]]}, "properties": {"camada": "SSDMT", "COD_ID": "96865541", "CTMT": "URG29983", "COMP": 0.53, "TIP_CND": "105924963_35_3", "energizado": true, "fonte": "URG29983"}}, {"type": "Feature", "geometry": {"type": "MultiLineString", "coordinates": [[[-43.23581097859375, -22.929386569134806], [-43.23579762456069, -22.929426326363853]]]}, "properties": {"camada": "SSDMT", "COD_ID": "12299923", "CTMT": "URG29983", "COMP": 4.8, "TIP_CND": "105924963_35_3", "energizado": true, "fonte": "URG29983"}}, {"type": "Feature", "geometry": {"type": "MultiLineString", "coordinates": [[[-43.234138629893835, -22.931589473775148], [-43.234122935824814, -22.93159144868639]]]}, "properties": {"camada": "SSDMT", "COD_ID": "23308315", "CTMT": "URG29983", "COMP": 1.69, "TIP_CND": "105924963_35_3", "energizado": true, "fonte": "URG29983"}}, {"type": "Feature", "geometry": {"type": "MultiLineString", "coordinates": [[[-43.23422781656046, -22.931846492821364], [-43.234189479360964, -22.93159064469245]]]}, "properties": {"camada": "SSDMT", "COD_ID": "12336729", "CTMT": "URG29983", "COMP": 29.75, "TIP_CND": "105924963_35_3", "energizado": true, "fonte": "URG29983"}}, {"type": "Feature", "geometry": {"type": "MultiLineString", "coordinates": [[[-43.2357994564797, -22.929428604346583], [-43.23579227719182, -22.929433401330357]]]}, "properties": {"camada": "SSDMT", "COD_ID": "12300007", "CTMT": "URG29983", "COMP": 0.94, "TIP_CND": "105924963_35_3", "energizado": true, "fonte": "URG29983"}}, {"type": "Feature", "geometry": {"type": "MultiLineString", "coordinates": [[[-43.234172255545104, -22.931582046274343], [-43.23416509424368, -22.93158317582288]]]}, "properties": {"camada": "SSDMT", "COD_ID": "96865562", "CTMT": "URG29983", "COMP": 0.77, "TIP_CND": "105924963_35_3", "energizado": true, "fonte": "URG29983"}}, {"type": "Feature", "geometry": {"type": "MultiLineString", "coordinates": [[[-43.23416509424368, -22.93158317582288], [-43.23415896626324, -22.93158509497613]]]}, "properties": {"camada": "SSDMT", "COD_ID": "96865575", "CTMT": "URG29983", "COMP": 0.69, "TIP_CND": "105924963_35_3", "energizado": true, "fonte": "URG29983"}}, {"type": "Feature", "geometry": {"type": "MultiLineString", "coordinates": [[[-43.23582249711052, -22.92947968493945], [-43.235807536888274, -22.92949058112538]]]}, "properties": {"camada": "SSDMT", "COD_ID": "12789649", "CTMT": "URG29983", "COMP": 2.03, "TIP_CND": "105924963_35_3", "energizado": true, "fonte": "URG29983"}}, {"type": "Feature", "geometry": {"type": "MultiLineString", "coordinates": [[[-43.23581551747213, -22.929470567612555], [-43.23582249711052, -22.92947968493945]]]}, "properties": {"camada": "SSDMT", "COD_ID": "12789643", "CTMT": "URG29983", "COMP": 1.29, "TIP_CND": "105924963_35_3", "energizado": true, "fonte": "URG29983"}}, {"type": "Feature", "geometry": {"type": "MultiLineString", "coordinates": [[[-43.23417800940757, -22.931581902382845], [-43.234172255545104, -22.931582046274343]]]}, "properties": {"camada": "SSDMT", "COD_ID": "96865558", "CTMT": "URG29983", "COMP": 0.61, "TIP_CND": "105924963_35_3", "energizado": true, "fonte": "URG29983"}}, {"type": "Feature", "geometry": {"type": "MultiLineString", "coordinates": [[[-43.23351975783049, -22.92837405751669], [-43.23351110725173, -22.928365282831464]]]}, "properties": {"camada": "SSDMT", "COD_ID": "26453998", "CTMT": "ALC9925", "COMP": 1.37, "TIP_CND": "105924963_35_3", "energizado": false, "fonte": null}}, {"type": "Feature", "geometry": {"type": "MultiLineString", "coordinates": [[[-43.233636867547375, -22.928308751447673], [-43.23363029710049, -22.92831549636304]]]}, "properties": {"camada": "SSDMT", "COD_ID": "12957923", "CTMT": "ALC9925", "COMP": 1.05, "TIP_CND": "105924963_35_3", "energizado": false, "fonte": null}}, {"type": "Feature", "geometry": {"type": "MultiLineString", "coordinates": [[[-43.23416979050336, -22.929764597358258], [-43.23424519056306, -22.929713700227012]]]}, "properties": {"camada": "SSDMT", "COD_ID": "12288049", "CTMT": "ALC9925", "COMP": 9.95, "TIP_CND": "105924963_35_3", "energizado": false, "fonte": null}}, {"type": "Feature", "geometry": {"type": "MultiLineString", "coordinates": [[[-43.233495980654936, -22.928349834277412], [-43.23348694786432, -22.92835696680055]]]}, "properties": {"camada": "SSDMT", "COD_ID": "12958007", "CTMT": "ALC9925", "COMP": 1.27, "TIP_CND": "105924963_35_3", "energizado": false, "fonte": null}}, {"type": "Feature", "geometry": {"type": "MultiLineString", "coordinates": [[[-43.2335264191089, -22.928378448006924], [-43.23351975783049, -22.92837405751669]]]}, "properties": {"camada": "SSDMT", "COD_ID": "12957929", "CTMT": "ALC9925", "COMP": 0.87, "TIP_CND": "105924963_35_3", "energizado": false, "fonte": null}}, {"type": "Feature", "geometry": {"type": "MultiLineString", "coordinates": [[[-43.23604421326979, -22.927977655244547], [-43.23561576455586, -22.928320920174258]]]}, "properties": {"camada": "SSDMT", "COD_ID": "12811715", "CTMT": "ALC9925", "COMP": 60.43, "TIP_CND": "105924970_35_3", "energizado": false, "fonte": null}}, {"type": "Feature", "geometry": {"type": "MultiLineString", "coordinates": [[[-43.233665442606025, -22.928265190086393], [-43.23369720216408, -22.928260260902277]]]}, "properties": {"camada": "SSDMT", "COD_ID": "33738051", "CTMT": "ALC9925", "COMP": 3.44, "TIP_CND": "105924963_35_3", "energizado": false, "fonte": null}}, {"type": "Feature", "geometry": {"type": "MultiLineString", "coordinates": [[[-43.23351110725173, -22.928365282831464], [-43.23350246566622, -22.92835651713949]]]}, "properties": {"camada": "SSDMT", "COD_ID": "12957995", "CTMT": "ALC9925", "COMP": 1.37, "TIP_CND": "105924963_35_3", "energizado": false, "fonte": null}}, {"type": "Feature", "geometry": {"type": "MultiLineString", "coordinates": [[[-43.23364060063318, -22.928289991589793], [-43.233636867547375, -22.928308751447673]]]}, "properties": {"camada": "SSDMT", "COD_ID": "12957917", "CTMT": "ALC9925", "COMP": 2.2, "TIP_CND": "105924963_35_3", "energizado": false, "fonte": null}}, {"type": "Feature", "geometry": {"type": "MultiLineString", "coordinates": [[[-43.23369720216408, -22.928260260902277], [-43.23373302306055, -22.928254925224564]]]}, "properties": {"camada": "SSDMT", "COD_ID": "12918533", "CTMT": "ALC9925", "COMP": 3.87, "TIP_CND": "105924963_35_3", "energizado": false, "fonte": null}}, {"type": "Feature", "geometry": {"type": "MultiLineString", "coordinates": [[[-43.23355236365063, -22.928375304876397], [-43.233542729213525, -22.92837850286554]]]}, "properties": {"camada": "SSDMT", "COD_ID": "12957959", "CTMT": "ALC9925", "COMP": 1.09, "TIP_CND": "105924963_35_3", "energizado": false, "fonte": null}}, {"type": "Feature", "geometry": {"type": "MultiLineString", "coordinates": [[[-43.233542729213525, -22.92837850286554], [-43.2335264191089, -22.928378448006924]]]}, "properties": {"camada": "SSDMT", "COD_ID": "12957965", "CTMT": "ALC9925", "COMP": 1.74, "TIP_CND": "105924963_35_3", "energizado": false, "fonte": null}}, {"type": "Feature", "geometry": {"type": "MultiLineString", "coordinates": [[[-43.23363029710049, -22.92831549636304], [-43.23355236365063, -22.928375304876397]]]}, "properties": {"camada": "SSDMT", "COD_ID": "12957953", "CTMT": "ALC9925", "COMP": 10.8, "TIP_CND": "105924963_35_3", "energizado": false, "fonte": null}}, {"type": "Feature", "geometry": {"type": "MultiLineString", "coordinates": [[[-43.236483329741816, -22.92772837126728], [-43.23604421326979, -22.927977655244547]]]}, "properties": {"camada": "SSDMT", "COD_ID": "12811721", "CTMT": "ALC9925", "COMP": 54.94, "TIP_CND": "105924970_35_3", "energizado": false, "fonte": null}}, {"type": "Feature", "geometry": {"type": "MultiLineString", "coordinates": [[[-43.23350181095975, -22.928355850741866], [-43.233495980654936, -22.928349834277412]]]}, "properties": {"camada": "SSDMT", "COD_ID": "12958001", "CTMT": "ALC9925", "COMP": 0.93, "TIP_CND": "105924963_35_3", "energizado": false, "fonte": null}}, {"type": "Feature", "geometry": {"type": "MultiLineString", "coordinates": [[[-43.240277871626404, -22.91965487577187], [-43.24020872455293, -22.919765076896738]]]}, "properties": {"camada": "SSDMT", "COD_ID": "132199938", "CTMT": "ALC9925", "COMP": 14.68, "TIP_CND": "105925009_13_3", "energizado": false, "fonte": null}}, {"type": "Feature", "geometry": {"type": "MultiLineString", "coordinates": [[[-43.24020078084135, -22.919203366642023], [-43.24000609290681, -22.91911888432901]]]}, "properties": {"camada": "SSDMT", "COD_ID": "10961632", "CTMT": "ALC9925", "COMP": 22.94, "TIP_CND": "105925006_13_3", "energizado": false, "fonte": null}}, {"type": "Feature", "geometry": {"type": "MultiLineString", "coordinates": [[[-43.24049150827642, -22.92045098982129], [-43.2408445362463, -22.920642550813]]]}, "properties": {"camada": "SSDMT", "COD_ID": "10961704", "CTMT": "ALC9925", "COMP": 43.65, "TIP_CND": "105925006_13_3", "energizado": false, "fonte": null}}, {"type": "Feature", "geometry": {"type": "MultiLineString", "coordinates": [[[-43.24084869111414, -22.918762143957736], [-43.24078737443773, -22.918861695310966]]]}, "properties": {"camada": "SSDMT", "COD_ID": "10961554", "CTMT": "ALC9925", "COMP": 13.2, "TIP_CND": "105925009_13_3", "energizado": false, "fonte": null}}, {"type": "Feature", "geometry": {"type": "MultiLineString", "coordinates": [[[-43.2408445362463, -22.920642550813], [-43.24097556656909, -22.92071785554458]]]}, "properties": {"camada": "SSDMT", "COD_ID": "335515763", "CTMT": "ALC9925", "COMP": 16.45, "TIP_CND": "105925006_13_3", "energizado": false, "fonte": null}}, {"type": "Feature", "geometry": {"type": "MultiLineString", "coordinates": [[[-43.240617565348316, -22.919126450325393], [-43.240609362631915, -22.91913885827165]]]}, "properties": {"camada": "SSDMT", "COD_ID": "346045574", "CTMT": "ALC9925", "COMP": 1.68, "TIP_CND": "105925009_13_3", "energizado": false, "fonte": null}}, {"type": "Feature", "geometry": {"type": "MultiLineString", "coordinates": [[[-43.24097556656909, -22.92071785554458], [-43.24111572770863, -22.920795076731338]]]}, "properties": {"camada": "SSDMT", "COD_ID": "31964620", "CTMT": "ALC9925", "COMP": 17.4, "TIP_CND": "105925006_13_3", "energizado": false, "fonte": null}}, {"type": "Feature", "geometry": {"type": "MultiLineString", "coordinates": [[[-43.24070761266614, -22.918985334105855], [-43.24065171440503, -22.919072889402287]]]}, "properties": {"camada": "SSDMT", "COD_ID": "335515733", "CTMT": "ALC9925", "COMP": 11.72, "TIP_CND": "105925009_13_3", "energizado": false, "fonte": null}}, {"type": "Feature", "geometry": {"type": "MultiLineString", "coordinates": [[[-43.24052066339783, -22.919242638237108], [-43.240367831710046, -22.919277237854203]]]}, "properties": {"camada": "SSDMT", "COD_ID": "10961626", "CTMT": "ALC9925", "COMP": 16.78, "TIP_CND": "105925006_13_3", "energizado": false, "fonte": null}}, {"type": "Feature", "geometry": {"type": "MultiLineString", "coordinates": [[[-43.24042477408403, -22.91943306068714], [-43.240277871626404, -22.91965487577187]]]}, "properties": {"camada": "SSDMT", "COD_ID": "335515715", "CTMT": "ALC9925", "COMP": 29.97, "TIP_CND": "105925009_13_3", "energizado": false, "fonte": null}}, {"type": "Feature", "geometry": {"type": "MultiLineString", "coordinates": [[[-43.24078737443773, -22.918861695310966], [-43.24070761266614, -22.918985334105855]]]}, "properties": {"camada": "SSDMT", "COD_ID": "10961608", "CTMT": "ALC9925", "COMP": 16.59, "TIP_CND": "105925009_13_3", "energizado": false, "fonte": null}}, {"type": "Feature", "geometry": {"type": "MultiLineString", "coordinates": [[[-43.240547101667346, -22.91923665504754], [-43.240537334130636, -22.91923886827908]]]}, "properties": {"camada": "SSDMT", "COD_ID": "335515661", "CTMT": "ALC9925", "COMP": 1.07, "TIP_CND": "105925006_13_3", "energizado": false, "fonte": null}}, {"type": "Feature", "geometry": {"type": "MultiLineString", "coordinates": [[[-43.23995420742068, -22.920204898437248], [-43.24019877895046, -22.920290367306563]]]}, "properties": {"camada": "SSDMT", "COD_ID": "10961686", "CTMT": "ALC9925", "COMP": 27.89, "TIP_CND": "105925006_13_3", "energizado": false, "fonte": null}}, {"type": "Feature", "geometry": {"type": "MultiLineString", "coordinates": [[[-43.240367831710046, -22.919277237854203], [-43.24020078084135, -22.919203366642023]]]}, "properties": {"camada": "SSDMT", "COD_ID": "335515721", "CTMT": "ALC9925", "COMP": 19.75, "TIP_CND": "105925006_13_3", "energizado": false, "fonte": null}}, {"type": "Feature", "geometry": {"type": "MultiLineString", "coordinates": [[[-43.240349478345706, -22.920371363847323], [-43.24049150827642, -22.92045098982129]]]}, "properties": {"camada": "SSDMT", "COD_ID": "10961698", "CTMT": "ALC9925", "COMP": 17.71, "TIP_CND": "105925006_13_3", "energizado": false, "fonte": null}}, {"type": "Feature", "geometry": {"type": "MultiLineString", "coordinates": [[[-43.24017315186944, -22.919819335693717], [-43.240117146589, -22.919903809912853]]]}, "properties": {"camada": "SSDMT", "COD_ID": "335515709", "CTMT": "ALC9925", "COMP": 11.42, "TIP_CND": "105925009_13_3", "energizado": false, "fonte": null}}, {"type": "Feature", "geometry": {"type": "MultiLineString", "coordinates": [[[-43.239929457178675, -22.920196352179858], [-43.239938658142535, -22.92019956995415]]]}, "properties": {"camada": "SSDMT", "COD_ID": "335515625", "CTMT": "ALC9925", "COMP": 1.05, "TIP_CND": "105925006_13_3", "energizado": false, "fonte": null}}, {"type": "Feature", "geometry": {"type": "MultiLineString", "coordinates": [[[-43.24022407777892, -22.920303958760655], [-43.240349478345706, -22.920371363847323]]]}, "properties": {"camada": "SSDMT", "COD_ID": "10961692", "CTMT": "ALC9925", "COMP": 15.47, "TIP_CND": "105925006_13_3", "energizado": false, "fonte": null}}, {"type": "Feature", "geometry": {"type": "MultiLineString", "coordinates": [[[-43.240547101667346, -22.91923665504754], [-43.24042477408403, -22.91943306068714]]]}, "properties": {"camada": "SSDMT", "COD_ID": "11158908", "CTMT": "ALC9925", "COMP": 26.12, "TIP_CND": "105925009_13_3", "energizado": false, "fonte": null}}, {"type": "Feature", "geometry": {"type": "MultiLineString", "coordinates": [[[-43.24020872455293, -22.919765076896738], [-43.24017315186944, -22.919819335693717]]]}, "properties": {"camada": "SSDMT", "COD_ID": "10961680", "CTMT": "ALC9925", "COMP": 7.31, "TIP_CND": "105925009_13_3", "energizado": false, "fonte": null}}, {"type": "Feature", "geometry": {"type": "MultiLineString", "coordinates": [[[-43.240117146589, -22.919903809912853], [-43.239929457178675, -22.920196352179858]]]}, "properties": {"camada": "SSDMT", "COD_ID": "335515703", "CTMT": "ALC9925", "COMP": 39.19, "TIP_CND": "105925009_13_3", "energizado": false, "fonte": null}}, {"type": "Feature", "geometry": {"type": "MultiLineString", "coordinates": [[[-43.24019877895046, -22.920290367306563], [-43.2402156448361, -22.920299431573483]]]}, "properties": {"camada": "SSDMT", "COD_ID": "335515919", "CTMT": "ALC9925", "COMP": 2.08, "TIP_CND": "105925006_13_3", "energizado": false, "fonte": null}}, {"type": "Feature", "geometry": {"type": "MultiLineString", "coordinates": [[[-43.240609362631915, -22.91913885827165], [-43.240547101667346, -22.91923665504754]]]}, "properties": {"camada": "SSDMT", "COD_ID": "335515727", "CTMT": "ALC9925", "COMP": 13.08, "TIP_CND": "105925009_13_3", "energizado": false, "fonte": null}}, {"type": "Feature", "geometry": {"type": "MultiLineString", "coordinates": [[[-43.24065171440503, -22.919072889402287], [-43.24062601537827, -22.9191130432323]]]}, "properties": {"camada": "SSDMT", "COD_ID": "346045568", "CTMT": "ALC9925", "COMP": 5.38, "TIP_CND": "105925009_13_3", "energizado": false, "fonte": null}}, {"type": "Feature", "geometry": {"type": "MultiLineString", "coordinates": [[[-43.24091231005502, -22.92145686084541], [-43.241094299562235, -22.921596476995774]]]}, "properties": {"camada": "SSDMT", "COD_ID": "335018016", "CTMT": "ALC9946", "COMP": 25.21, "TIP_CND": "105925011_11_3", "energizado": true, "fonte": "ALC9946"}}, {"type": "Feature", "geometry": {"type": "MultiLineString", "coordinates": [[[-43.240215356153726, -22.92094605581576], [-43.240208795599415, -22.920938488020738]]]}, "properties": {"camada": "SSDMT", "COD_ID": "335018106", "CTMT": "ALC9946", "COMP": 1.12, "TIP_CND": "105925008_13_3", "energizado": true, "fonte": "ALC9946"}}, {"type": "Feature", "geometry": {"type": "MultiLineString", "coordinates": [[[-43.240219758335115, -22.921068803382525], [-43.24051544912862, -22.92123572564816]]]}, "properties": {"camada": "SSDMT", "COD_ID": "134007419", "CTMT": "ALC9946", "COMP": 36.94, "TIP_CND": "105925011_11_3", "energizado": true, "fonte": "ALC9946"}}, {"type": "Feature", "geometry": {"type": "MultiLineString", "coordinates": [[[-43.241727423182, -22.921915899099417], [-43.24180044453482, -22.92195591893045]]]}, "properties": {"camada": "SSDMT", "COD_ID": "10967768", "CTMT": "ALC9946", "COMP": 9.05, "TIP_CND": "105925011_11_3", "energizado": true, "fonte": "ALC9946"}}, {"type": "Feature", "geometry": {"type": "MultiLineString", "coordinates": [[[-43.24072838430743, -22.921355484767787], [-43.24071039696719, -22.92122023302727]]]}, "properties": {"camada": "SSDMT", "COD_ID": "10967696", "CTMT": "ALC9946", "COMP": 15.69, "TIP_CND": "105925011_11_3", "energizado": true, "fonte": "ALC9946"}}, {"type": "Feature", "geometry": {"type": "MultiLineString", "coordinates": [[[-43.24076965239749, -22.921990487071298], [-43.24065237720538, -22.92218041849145]]]}, "properties": {"camada": "SSDMT", "COD_ID": "10967726", "CTMT": "ALC9946", "COMP": 25.2, "TIP_CND": "105925006_13_3", "energizado": true, "fonte": "ALC9946"}}, {"type": "Feature", "geometry": {"type": "MultiLineString", "coordinates": [[[-43.24156449390625, -22.92212701674839], [-43.241554031193516, -22.92214226205573]]]}, "properties": {"camada": "SSDMT", "COD_ID": "335017824", "CTMT": "ALC9946", "COMP": 2.08, "TIP_CND": "105925011_11_3", "energizado": true, "fonte": "ALC9946"}}, {"type": "Feature", "geometry": {"type": "MultiLineString", "coordinates": [[[-43.24180044453482, -22.92195591893045], [-43.241893709626936, -22.92166585069839]]]}, "properties": {"camada": "SSDMT", "COD_ID": "10967774", "CTMT": "ALC9946", "COMP": 34.86, "TIP_CND": "105925011_11_3", "energizado": true, "fonte": "ALC9946"}}, {"type": "Feature", "geometry": {"type": "MultiLineString", "coordinates": [[[-43.24169974924399, -22.921901242848037], [-43.241714944189255, -22.9219090867349]]]}, "properties": {"camada": "SSDMT", "COD_ID": "335017848", "CTMT": "ALC9946", "COMP": 1.86, "TIP_CND": "105925011_11_3", "energizado": true, "fonte": "ALC9946"}}, {"type": "Feature", "geometry": {"type": "MultiLineString", "coordinates": [[[-43.241163887303514, -22.921604139219596], [-43.24146142620384, -22.921766267199416]]]}, "properties": {"camada": "SSDMT", "COD_ID": "10967678", "CTMT": "ALC9946", "COMP": 36.83, "TIP_CND": "105925011_11_3", "energizado": true, "fonte": "ALC9946"}}, {"type": "Feature", "geometry": {"type": "MultiLineString", "coordinates": [[[-43.240219758335115, -22.921068803382525], [-43.240215356153726, -22.92094605581576]]]}, "properties": {"camada": "SSDMT", "COD_ID": "10967660", "CTMT": "ALC9946", "COMP": 14.14, "TIP_CND": "105925008_13_3", "energizado": true, "fonte": "ALC9946"}}, {"type": "Feature", "geometry": {"type": "MultiLineString", "coordinates": [[[-43.24101743900354, -22.921620577027966], [-43.24086743028761, -22.92184880607749]]]}, "properties": {"camada": "SSDMT", "COD_ID": "134007242", "CTMT": "ALC9946", "COMP": 30.77, "TIP_CND": "105925006_13_3", "energizado": true, "fonte": "ALC9946"}}, {"type": "Feature", "geometry": {"type": "MultiLineString", "coordinates": [[[-43.24060679776545, -22.921287174963084], [-43.24072838430743, -22.921355484767787]]]}, "properties": {"camada": "SSDMT", "COD_ID": "10967666", "CTMT": "ALC9946", "COMP": 15.17, "TIP_CND": "105925011_11_3", "energizado": true, "fonte": "ALC9946"}}, {"type": "Feature", "geometry": {"type": "MultiLineString", "coordinates": [[[-43.23997853857867, -22.920316136480494], [-43.239892795416154, -22.92044686103378]]]}, "properties": {"camada": "SSDMT", "COD_ID": "10967612", "CTMT": "ALC9946", "COMP": 17.62, "TIP_CND": "105925011_11_3", "energizado": true, "fonte": "ALC9946"}}, {"type": "Feature", "geometry": {"type": "MultiLineString", "coordinates": [[[-43.23997243577924, -22.920932669407136], [-43.240219758335115, -22.921068803382525]]]}, "properties": {"camada": "SSDMT", "COD_ID": "10967654", "CTMT": "ALC9946", "COMP": 30.69, "TIP_CND": "105925011_11_3", "energizado": true, "fonte": "ALC9946"}}, {"type": "Feature", "geometry": {"type": "MultiLineString", "coordinates": [[[-43.241094299562235, -22.921596476995774], [-43.24107582838673, -22.921602268629726]]]}, "properties": {"camada": "SSDMT", "COD_ID": "335017830", "CTMT": "ALC9946", "COMP": 2.08, "TIP_CND": "105925006_13_3", "energizado": true, "fonte": "ALC9946"}}, {"type": "Feature", "geometry": {"type": "MultiLineString", "coordinates": [[[-43.241094299562235, -22.921596476995774], [-43.241163887303514, -22.921604139219596]]]}, "properties": {"camada": "SSDMT", "COD_ID": "134007325", "CTMT": "ALC9946", "COMP": 7.48, "TIP_CND": "105925011_11_3", "energizado": true, "fonte": "ALC9946"}}, {"type": "Feature", "geometry": {"type": "MultiLineString", "coordinates": [[[-43.24086743028761, -22.92184880607749], [-43.24076965239749, -22.921990487071298]]]}, "properties": {"camada": "SSDMT", "COD_ID": "134007346", "CTMT": "ALC9946", "COMP": 19.37, "TIP_CND": "105925006_13_3", "energizado": true, "fonte": "ALC9946"}}, {"type": "Feature", "geometry": {"type": "MultiLineString", "coordinates": [[[-43.24146142620384, -22.921766267199416], [-43.241657645683745, -22.92187149867067]]]}, "properties": {"camada": "SSDMT", "COD_ID": "10967684", "CTMT": "ALC9946", "COMP": 24.19, "TIP_CND": "105925011_11_3", "energizado": true, "fonte": "ALC9946"}}, {"type": "Feature", "geometry": {"type": "MultiLineString", "coordinates": [[[-43.24051544912862, -22.92123572564816], [-43.240584148339735, -22.921274479233773]]]}, "properties": {"camada": "SSDMT", "COD_ID": "521992032", "CTMT": "ALC9946", "COMP": 8.58, "TIP_CND": "105925011_11_3", "energizado": true, "fonte": "ALC9946"}}, {"type": "Feature", "geometry": {"type": "MultiLineString", "coordinates": [[[-43.24059838640636, -22.92128244003254], [-43.24060679776545, -22.921287174963084]]]}, "properties": {"camada": "SSDMT", "COD_ID": "521992038", "CTMT": "ALC9946", "COMP": 1.05, "TIP_CND": "105925011_11_3", "energizado": true, "fonte": "ALC9946"}}, {"type": "Feature", "geometry": {"type": "MultiLineString", "coordinates": [[[-43.24072838430743, -22.921355484767787], [-43.24091231005502, -22.92145686084541]]]}, "properties": {"camada": "SSDMT", "COD_ID": "10967672", "CTMT": "ALC9946", "COMP": 22.83, "TIP_CND": "105925011_11_3", "energizado": true, "fonte": "ALC9946"}}, {"type": "Feature", "geometry": {"type": "MultiLineString", "coordinates": [[[-43.24169974924399, -22.921901242848037], [-43.24156449390625, -22.92212701674839]]]}, "properties": {"camada": "SSDMT", "COD_ID": "138739210", "CTMT": "ALC9946", "COMP": 29.74, "TIP_CND": "105925011_11_3", "energizado": true, "fonte": "ALC9946"}}, {"type": "Feature", "geometry": {"type": "MultiLineString", "coordinates": [[[-43.241657645683745, -22.92187149867067], [-43.24169974924399, -22.921901242848037]]]}, "properties": {"camada": "SSDMT", "COD_ID": "106628671", "CTMT": "ALC9946", "COMP": 5.65, "TIP_CND": "105925011_11_3", "energizado": true, "fonte": "ALC9946"}}, {"type": "Feature", "geometry": {"type": "MultiLineString", "coordinates": [[[-43.24106659774526, -22.92160516444676], [-43.24101743900354, -22.921620577027966]]]}, "properties": {"camada": "SSDMT", "COD_ID": "69486342", "CTMT": "ALC9946", "COMP": 5.54, "TIP_CND": "105925006_13_3", "energizado": true, "fonte": "ALC9946"}}, {"type": "Feature", "geometry": {"type": "MultiLineString", "coordinates": [[[-43.2401827215553, -22.920910104517645], [-43.240175154659596, -22.92090646226336]]]}, "properties": {"camada": "SSDMT", "COD_ID": "12930467", "CTMT": "ALC9946", "COMP": 0.91, "TIP_CND": "105924964_35_3", "energizado": true, "fonte": "ALC9946"}}, {"type": "Feature", "geometry": {"type": "MultiLineString", "coordinates": [[[-43.24012144894567, -22.92080433525183], [-43.240146677627024, -22.92081881163881]]]}, "properties": {"camada": "SSDMT", "COD_ID": "285572571", "CTMT": "ALC9946", "COMP": 3.17, "TIP_CND": "105924964_35_3", "energizado": true, "fonte": "ALC9946"}}, {"type": "Feature", "geometry": {"type": "MultiLineString", "coordinates": [[[-43.240146677627024, -22.92081881163881], [-43.240169586057505, -22.920783466483726]]]}, "properties": {"camada": "SSDMT", "COD_ID": "285572565", "CTMT": "ALC9946", "COMP": 4.75, "TIP_CND": "105924964_35_3", "energizado": true, "fonte": "ALC9946"}}, {"type": "Feature", "geometry": {"type": "MultiLineString", "coordinates": [[[-43.240169586057505, -22.920783466483726], [-43.24014941696197, -22.920772740269683]]]}, "properties": {"camada": "SSDMT", "COD_ID": "12930491", "CTMT": "ALC9946", "COMP": 2.48, "TIP_CND": "105924964_35_3", "energizado": true, "fonte": "ALC9946"}}, {"type": "Feature", "geometry": {"type": "MultiLineString", "coordinates": [[[-43.24008504438922, -22.920858097623068], [-43.24008641585539, -22.92085606245729]]]}, "properties": {"camada": "SSDMT", "COD_ID": "12930479", "CTMT": "ALC9946", "COMP": 0.28, "TIP_CND": "105924964_35_3", "energizado": true, "fonte": "ALC9946"}}, {"type": "Feature", "geometry": {"type": "MultiLineString", "coordinates": [[[-43.24009182347885, -22.920861577100084], [-43.24008504438922, -22.920858097623068]]]}, "properties": {"camada": "SSDMT", "COD_ID": "12930497", "CTMT": "ALC9946", "COMP": 0.83, "TIP_CND": "105924964_35_3", "energizado": true, "fonte": "ALC9946"}}, {"type": "Feature", "geometry": {"type": "MultiLineString", "coordinates": [[[-43.24020266941761, -22.920931186425094], [-43.2401827215553, -22.920910104517645]]]}, "properties": {"camada": "SSDMT", "COD_ID": "12930449", "CTMT": "ALC9946", "COMP": 3.23, "TIP_CND": "105924964_35_3", "energizado": true, "fonte": "ALC9946"}}, {"type": "Feature", "geometry": {"type": "MultiLineString", "coordinates": [[[-43.239806977609874, -22.918114215698438], [-43.24094686470602, -22.91865764633326]]]}, "properties": {"camada": "SSDMT", "COD_ID": "11304252", "CTMT": "ALC9925", "COMP": 136.77, "TIP_CND": "105924969_35_3", "energizado": false, "fonte": null}}, {"type": "Feature", "geometry": {"type": "MultiLineString", "coordinates": [[[-43.24086916328122, -22.91873045724475], [-43.24084869111414, -22.918762143957736]]]}, "properties": {"camada": "SSDMT", "COD_ID": "12180669", "CTMT": "ALC9925", "COMP": 4.25, "TIP_CND": "105924969_35_3", "energizado": false, "fonte": null}}, {"type": "Feature", "geometry": {"type": "MultiLineString", "coordinates": [[[-43.240175154659596, -22.92090646226336], [-43.24009182347885, -22.920861577100084]]]}, "properties": {"camada": "SSDMT", "COD_ID": "12930473", "CTMT": "ALC9946", "COMP": 10.28, "TIP_CND": "105924964_35_3", "energizado": true, "fonte": "ALC9946"}}, {"type": "Feature", "geometry": {"type": "MultiLineString", "coordinates": [[[-43.24008641585539, -22.92085606245729], [-43.24012144894567, -22.92080433525183]]]}, "properties": {"camada": "SSDMT", "COD_ID": "12930485", "CTMT": "ALC9946", "COMP": 7.03, "TIP_CND": "105924964_35_3", "energizado": true, "fonte": "ALC9946"}}, {"type": "Feature", "geometry": {"type": "MultiLineString", "coordinates": [[[-43.240955011664425, -22.918661728356028], [-43.24094798885858, -22.918672577777215]]]}, "properties": {"camada": "SSDMT", "COD_ID": "11304270", "CTMT": "ALC9925", "COMP": 1.46, "TIP_CND": "105924969_35_3", "energizado": false, "fonte": null}}, {"type": "Feature", "geometry": {"type": "MultiLineString", "coordinates": [[[-43.24094686470602, -22.91865764633326], [-43.240955011664425, -22.918661728356028]]]}, "properties": {"camada": "SSDMT", "COD_ID": "11304264", "CTMT": "ALC9925", "COMP": 0.99, "TIP_CND": "105924969_35_3", "energizado": false, "fonte": null}}, {"type": "Feature", "geometry": {"type": "MultiLineString", "coordinates": [[[-43.24094798885858, -22.918672577777215], [-43.24086916328122, -22.91873045724475]]]}, "properties": {"camada": "SSDMT", "COD_ID": "11304402", "CTMT": "ALC9925", "COMP": 10.73, "TIP_CND": "105924969_35_3", "energizado": false, "fonte": null}}, {"type": "Feature", "geometry": {"type": "MultiLineString", "coordinates": [[[-43.236761177086635, -22.922894324613367], [-43.23661236356969, -22.92281907114318]]]}, "properties": {"camada": "SSDMT", "COD_ID": "10969094", "CTMT": "ALC9946", "COMP": 18.09, "TIP_CND": "105925005_13_3", "energizado": true, "fonte": "ALC9946"}}, {"type": "Feature", "geometry": {"type": "MultiLineString", "coordinates": [[[-43.236453317566486, -22.926735784129107], [-43.23626685033486, -22.92651403289625]]]}, "properties": {"camada": "SSDMT", "COD_ID": "10962580", "CTMT": "ALC9925", "COMP": 32.37, "TIP_CND": "105925005_13_3", "energizado": false, "fonte": null}}, {"type": "Feature", "geometry": {"type": "MultiLineString", "coordinates": [[[-43.23660671312928, -22.926917658523053], [-43.236453317566486, -22.926735784129107]]]}, "properties": {"camada": "SSDMT", "COD_ID": "335515901", "CTMT": "ALC9925", "COMP": 26.58, "TIP_CND": "105925005_13_3", "energizado": false, "fonte": null}}, {"type": "Feature", "geometry": {"type": "MultiLineString", "coordinates": [[[-43.23672700914409, -22.922992848041474], [-43.23673297434726, -22.92297565660124]]]}, "properties": {"camada": "SSDMT", "COD_ID": "335017890", "CTMT": "ALC9946", "COMP": 2.08, "TIP_CND": "105925005_13_3", "energizado": true, "fonte": "ALC9946"}}, {"type": "Feature", "geometry": {"type": "MultiLineString", "coordinates": [[[-43.23695731652691, -22.92264124549706], [-43.23700001723694, -22.92273402135794]]]}, "properties": {"camada": "SSDMT", "COD_ID": "10969028", "CTMT": "ALC9946", "COMP": 11.62, "TIP_CND": "105925005_13_3", "energizado": true, "fonte": "ALC9946"}}, {"type": "Feature", "geometry": {"type": "MultiLineString", "coordinates": [[[-43.237695791227736, -22.923736515427777], [-43.237745875371786, -22.92381175450879]]]}, "properties": {"camada": "SSDMT", "COD_ID": "335515829", "CTMT": "ALC9925", "COMP": 10.18, "TIP_CND": "105925005_13_3", "energizado": false, "fonte": null}}, {"type": "Feature", "geometry": {"type": "MultiLineString", "coordinates": [[[-43.238029633061046, -22.923222706662557], [-43.23808797567949, -22.923271460709316]]]}, "properties": {"camada": "SSDMT", "COD_ID": "335515823", "CTMT": "ALC9925", "COMP": 8.38, "TIP_CND": "105925005_13_3", "energizado": false, "fonte": null}}, {"type": "Feature", "geometry": {"type": "MultiLineString", "coordinates": [[[-43.2380112455225, -22.92320685251417], [-43.238020882657565, -22.923215521079385]]]}, "properties": {"camada": "SSDMT", "COD_ID": "335520297", "CTMT": "ALC9925", "COMP": 1.43, "TIP_CND": "105925005_13_3", "energizado": false, "fonte": null}}, {"type": "Feature", "geometry": {"type": "MultiLineString", "coordinates": [[[-43.23768405057842, -22.923717845502097], [-43.23769075682293, -22.92372845840157]]]}, "properties": {"camada": "SSDMT", "COD_ID": "335515955", "CTMT": "ALC9925", "COMP": 1.42, "TIP_CND": "105925005_13_3", "energizado": false, "fonte": null}}, {"type": "Feature", "geometry": {"type": "MultiLineString", "coordinates": [[[-43.23673595110324, -22.922967056384493], [-43.236761177086635, -22.922894324613367]]]}, "properties": {"camada": "SSDMT", "COD_ID": "10969088", "CTMT": "ALC9946", "COMP": 8.8, "TIP_CND": "105925005_13_3", "energizado": true, "fonte": "ALC9946"}}, {"type": "Feature", "geometry": {"type": "MultiLineString", "coordinates": [[[-43.23659947268749, -22.92511686954782], [-43.23669011715515, -22.92521299628271]]]}, "properties": {"camada": "SSDMT", "COD_ID": "100085479", "CTMT": "ALC9925", "COMP": 14.7, "TIP_CND": "105925006_13_3", "energizado": false, "fonte": null}}, {"type": "Feature", "geometry": {"type": "MultiLineString", "coordinates": [[[-43.238708471019095, -22.9241882997502], [-43.238695256380936, -22.92417502215949]]]}, "properties": {"camada": "SSDMT", "COD_ID": "335515937", "CTMT": "ALC9925", "COMP": 2.08, "TIP_CND": "105925010_11_3", "energizado": false, "fonte": null}}, {"type": "Feature", "geometry": {"type": "MultiLineString", "coordinates": [[[-43.237126364789845, -22.926129861403922], [-43.23720080617221, -22.92619821077875]]]}, "properties": {"camada": "SSDMT", "COD_ID": "10962436", "CTMT": "ALC9925", "COMP": 11.18, "TIP_CND": "105925009_13_3", "energizado": false, "fonte": null}}, {"type": "Feature", "geometry": {"type": "MultiLineString", "coordinates": [[[-43.236575058791914, -22.924727163627665], [-43.23670991483067, -22.924699719016758]]]}, "properties": {"camada": "SSDMT", "COD_ID": "10962256", "CTMT": "ALC9925", "COMP": 14.73, "TIP_CND": "105925006_13_3", "energizado": false, "fonte": null}}, {"type": "Feature", "geometry": {"type": "MultiLineString", "coordinates": [[[-43.23742093682671, -22.924071748512347], [-43.23741953208571, -22.92406272021833]]]}, "properties": {"camada": "SSDMT", "COD_ID": "529355795", "CTMT": "ALC9925", "COMP": 1.05, "TIP_CND": "105925008_13_3", "energizado": false, "fonte": null}}, {"type": "Feature", "geometry": {"type": "MultiLineString", "coordinates": [[[-43.23689873918545, -22.92499912221166], [-43.23699149166396, -22.925114724664752]]]}, "properties": {"camada": "SSDMT", "COD_ID": "100085398", "CTMT": "ALC9925", "COMP": 16.59, "TIP_CND": "105925006_13_3", "energizado": false, "fonte": null}}, {"type": "Feature", "geometry": {"type": "MultiLineString", "coordinates": [[[-43.237231097137396, -22.92420085428597], [-43.237073598867426, -22.924285987708117]]]}, "properties": {"camada": "SSDMT", "COD_ID": "134411245", "CTMT": "ALC9925", "COMP": 19.45, "TIP_CND": "105925009_13_3", "energizado": false, "fonte": null}}, {"type": "Feature", "geometry": {"type": "MultiLineString", "coordinates": [[[-43.23787282277249, -22.923423738414726], [-43.23783703694966, -22.923479999102653]]]}, "properties": {"camada": "SSDMT", "COD_ID": "380401175", "CTMT": "ALC9925", "COMP": 7.52, "TIP_CND": "105925009_13_3", "energizado": false, "fonte": null}}, {"type": "Feature", "geometry": {"type": "MultiLineString", "coordinates": [[[-43.237638858746266, -22.92661452853764], [-43.23769283605549, -22.926672274006194]]]}, "properties": {"camada": "SSDMT", "COD_ID": "335515805", "CTMT": "ALC9925", "COMP": 8.8, "TIP_CND": "105925009_13_3", "energizado": false, "fonte": null}}, {"type": "Feature", "geometry": {"type": "MultiLineString", "coordinates": [[[-43.23741953208571, -22.92406272021833], [-43.237409803219805, -22.92406414744238]]]}, "properties": {"camada": "SSDMT", "COD_ID": "529355805", "CTMT": "ALC9925", "COMP": 1.05, "TIP_CND": "105925008_13_3", "energizado": false, "fonte": null}}, {"type": "Feature", "geometry": {"type": "MultiLineString", "coordinates": [[[-43.23790997556489, -22.926908469250407], [-43.237907548294686, -22.926903168646277]]]}, "properties": {"camada": "SSDMT", "COD_ID": "1007089174", "CTMT": "ALC9925", "COMP": 0.66, "TIP_CND": "105925009_13_3", "energizado": false, "fonte": null}}, {"type": "Feature", "geometry": {"type": "MultiLineString", "coordinates": [[[-43.23915657531563, -22.923151611657488], [-43.23933120117397, -22.922904024700927]]]}, "properties": {"camada": "SSDMT", "COD_ID": "10962154", "CTMT": "ALC9925", "COMP": 34.06, "TIP_CND": "105925010_11_3", "energizado": false, "fonte": null}}, {"type": "Feature", "geometry": {"type": "MultiLineString", "coordinates": [[[-43.238708471019095, -22.9241882997502], [-43.23892658449421, -22.924243215052286]]]}, "properties": {"camada": "SSDMT", "COD_ID": "10961992", "CTMT": "ALC9925", "COMP": 24.11, "TIP_CND": "105925011_11_3", "energizado": false, "fonte": null}}, {"type": "Feature", "geometry": {"type": "MultiLineString", "coordinates": [[[-43.23892658449421, -22.924243215052286], [-43.238936468942825, -22.924243324769577]]]}, "properties": {"camada": "SSDMT", "COD_ID": "335515649", "CTMT": "ALC9925", "COMP": 1.05, "TIP_CND": "105925010_11_3", "energizado": false, "fonte": null}}, {"type": "Feature", "geometry": {"type": "MultiLineString", "coordinates": [[[-43.2380112455225, -22.92320685251417], [-43.23794562648942, -22.923309261912834]]]}, "properties": {"camada": "SSDMT", "COD_ID": "10961800", "CTMT": "ALC9925", "COMP": 13.72, "TIP_CND": "105925009_13_3", "energizado": false, "fonte": null}}, {"type": "Feature", "geometry": {"type": "MultiLineString", "coordinates": [[[-43.237564626006645, -22.923957445579617], [-43.23757543675697, -22.923953014619883]]]}, "properties": {"camada": "SSDMT", "COD_ID": "826324517", "CTMT": "ALC9925", "COMP": 1.26, "TIP_CND": "105925011_11_3", "energizado": false, "fonte": null}}, {"type": "Feature", "geometry": {"type": "MultiLineString", "coordinates": [[[-43.237952425364085, -22.92417835234903], [-43.237964966410004, -22.924164520775946]]]}, "properties": {"camada": "SSDMT", "COD_ID": "335515973", "CTMT": "ALC9925", "COMP": 2.08, "TIP_CND": "105925010_11_3", "energizado": false, "fonte": null}}, {"type": "Feature", "geometry": {"type": "MultiLineString", "coordinates": [[[-43.237463091648294, -22.92406576892006], [-43.23742093682671, -22.924071748512347]]]}, "properties": {"camada": "SSDMT", "COD_ID": "10961842", "CTMT": "ALC9925", "COMP": 4.55, "TIP_CND": "105925008_13_3", "energizado": false, "fonte": null}}, {"type": "Feature", "geometry": {"type": "MultiLineString", "coordinates": [[[-43.23764037680189, -22.924183916454524], [-43.237952425364085, -22.92417835234903]]]}, "properties": {"camada": "SSDMT", "COD_ID": "10961872", "CTMT": "ALC9925", "COMP": 33.3, "TIP_CND": "105925011_11_3", "energizado": false, "fonte": null}}, {"type": "Feature", "geometry": {"type": "MultiLineString", "coordinates": [[[-43.236419902356545, -22.925459670427415], [-43.23666098181883, -22.925688395003363]]]}, "properties": {"camada": "SSDMT", "COD_ID": "132779262", "CTMT": "ALC9925", "COMP": 36.82, "TIP_CND": "105925009_13_3", "energizado": false, "fonte": null}}, {"type": "Feature", "geometry": {"type": "MultiLineString", "coordinates": [[[-43.23940896555126, -22.92279413654012], [-43.23956039249805, -22.92274333113977]]]}, "properties": {"camada": "SSDMT", "COD_ID": "10962160", "CTMT": "ALC9925", "COMP": 17.18, "TIP_CND": "105925010_11_3", "energizado": false, "fonte": null}}, {"type": "Feature", "geometry": {"type": "MultiLineString", "coordinates": [[[-43.23654649542436, -22.924732977744668], [-43.23656553766938, -22.924729098968726]]]}, "properties": {"camada": "SSDMT", "COD_ID": "335515643", "CTMT": "ALC9925", "COMP": 2.08, "TIP_CND": "105925006_13_3", "energizado": false, "fonte": null}}, {"type": "Feature", "geometry": {"type": "MultiLineString", "coordinates": [[[-43.23757543675697, -22.923953014619883], [-43.2375716739935, -22.923942434096034]]]}, "properties": {"camada": "SSDMT", "COD_ID": "826324527", "CTMT": "ALC9925", "COMP": 1.28, "TIP_CND": "105925011_11_3", "energizado": false, "fonte": null}}, {"type": "Feature", "geometry": {"type": "MultiLineString", "coordinates": [[[-43.23790997556489, -22.926908469250407], [-43.237767568818185, -22.926977606431365]]]}, "properties": {"camada": "SSDMT", "COD_ID": "521420432", "CTMT": "ALC9925", "COMP": 17.15, "TIP_CND": "105925009_13_3", "energizado": false, "fonte": null}}, {"type": "Feature", "geometry": {"type": "MultiLineString", "coordinates": [[[-43.23780350123053, -22.926771195833965], [-43.23781130914455, -22.926778118815093]]]}, "properties": {"camada": "SSDMT", "COD_ID": "335515859", "CTMT": "ALC9925", "COMP": 1.15, "TIP_CND": "105925009_13_3", "energizado": false, "fonte": null}}, {"type": "Feature", "geometry": {"type": "MultiLineString", "coordinates": [[[-43.23755317763698, -22.923923743485943], [-43.23755682258923, -22.923934376170507]]]}, "properties": {"camada": "SSDMT", "COD_ID": "637650412", "CTMT": "ALC9925", "COMP": 1.28, "TIP_CND": "105925011_11_3", "energizado": false, "fonte": null}}, {"type": "Feature", "geometry": {"type": "MultiLineString", "coordinates": [[[-43.236789520120226, -22.92580962361518], [-43.237126364789845, -22.926129861403922]]]}, "properties": {"camada": "SSDMT", "COD_ID": "132779293", "CTMT": "ALC9925", "COMP": 51.49, "TIP_CND": "105925009_13_3", "energizado": false, "fonte": null}}, {"type": "Feature", "geometry": {"type": "MultiLineString", "coordinates": [[[-43.23933120117397, -22.922904024700927], [-43.23940896555126, -22.92279413654012]]]}, "properties": {"camada": "SSDMT", "COD_ID": "138924104", "CTMT": "ALC9925", "COMP": 15.13, "TIP_CND": "105925010_11_3", "energizado": false, "fonte": null}}, {"type": "Feature", "geometry": {"type": "MultiLineString", "coordinates": [[[-43.23860365053798, -22.922271204152707], [-43.238538094457454, -22.92237636997345]]]}, "properties": {"camada": "SSDMT", "COD_ID": "335515745", "CTMT": "ALC9925", "COMP": 13.99, "TIP_CND": "105925009_13_3", "energizado": false, "fonte": null}}, {"type": "Feature", "geometry": {"type": "MultiLineString", "coordinates": [[[-43.236749000266116, -22.924508145434515], [-43.23674166269751, -22.924515387674944]]]}, "properties": {"camada": "SSDMT", "COD_ID": "557687575", "CTMT": "ALC9925", "COMP": 1.14, "TIP_CND": "105925009_13_3", "energizado": false, "fonte": null}}, {"type": "Feature", "geometry": {"type": "MultiLineString", "coordinates": [[[-43.23794562648942, -22.923309261912834], [-43.23787282277249, -22.923423738414726]]]}, "properties": {"camada": "SSDMT", "COD_ID": "631836448", "CTMT": "ALC9925", "COMP": 15.3, "TIP_CND": "105925009_13_3", "energizado": false, "fonte": null}}, {"type": "Feature", "geometry": {"type": "MultiLineString", "coordinates": [[[-43.23654649542436, -22.924732977744668], [-43.236268167841615, -22.92483583950235]]]}, "properties": {"camada": "SSDMT", "COD_ID": "10962286", "CTMT": "ALC9925", "COMP": 31.97, "TIP_CND": "105925009_13_3", "energizado": false, "fonte": null}}, {"type": "Feature", "geometry": {"type": "MultiLineString", "coordinates": [[[-43.23868864456523, -22.924168383364133], [-43.238543614496166, -22.924022663515075]]]}, "properties": {"camada": "SSDMT", "COD_ID": "10962136", "CTMT": "ALC9925", "COMP": 22.83, "TIP_CND": "105925010_11_3", "energizado": false, "fonte": null}}, {"type": "Feature", "geometry": {"type": "MultiLineString", "coordinates": [[[-43.23681076930154, -22.925340133440386], [-43.23699042237007, -22.9255270404405]]]}, "properties": {"camada": "SSDMT", "COD_ID": "100085489", "CTMT": "ALC9925", "COMP": 28.82, "TIP_CND": "105925006_13_3", "energizado": false, "fonte": null}}, {"type": "Feature", "geometry": {"type": "MultiLineString", "coordinates": [[[-43.23794114516767, -22.926893346250893], [-43.23793164832688, -22.926897955276388]]]}, "properties": {"camada": "SSDMT", "COD_ID": "10962508", "CTMT": "ALC9925", "COMP": 1.14, "TIP_CND": "105925009_13_3", "energizado": false, "fonte": null}}, {"type": "Feature", "geometry": {"type": "MultiLineString", "coordinates": [[[-43.23669011715515, -22.92521299628271], [-43.23681076930154, -22.925340133440386]]]}, "properties": {"camada": "SSDMT", "COD_ID": "335515793", "CTMT": "ALC9925", "COMP": 19.5, "TIP_CND": "105925006_13_3", "energizado": false, "fonte": null}}, {"type": "Feature", "geometry": {"type": "MultiLineString", "coordinates": [[[-43.23670991483067, -22.924699719016758], [-43.23678635810393, -22.924835531034887]]]}, "properties": {"camada": "SSDMT", "COD_ID": "10962262", "CTMT": "ALC9925", "COMP": 17.64, "TIP_CND": "105925006_13_3", "energizado": false, "fonte": null}}, {"type": "Feature", "geometry": {"type": "MultiLineString", "coordinates": [[[-43.2363681463728, -22.924875854836785], [-43.23648081703601, -22.924992889010582]]]}, "properties": {"camada": "SSDMT", "COD_ID": "100085469", "CTMT": "ALC9925", "COMP": 18.06, "TIP_CND": "105925006_13_3", "energizado": false, "fonte": null}}, {"type": "Feature", "geometry": {"type": "MultiLineString", "coordinates": [[[-43.23648081703601, -22.924992889010582], [-43.23659947268749, -22.92511686954782]]]}, "properties": {"camada": "SSDMT", "COD_ID": "335515787", "CTMT": "ALC9925", "COMP": 19.08, "TIP_CND": "105925006_13_3", "energizado": false, "fonte": null}}, {"type": "Feature", "geometry": {"type": "MultiLineString", "coordinates": [[[-43.23673519567268, -22.92452243206452], [-43.23654649542436, -22.924732977744668]]]}, "properties": {"camada": "SSDMT", "COD_ID": "10962238", "CTMT": "ALC9925", "COMP": 31.52, "TIP_CND": "105925009_13_3", "energizado": false, "fonte": null}}, {"type": "Feature", "geometry": {"type": "MultiLineString", "coordinates": [[[-43.23749128899175, -22.92647209301265], [-43.237638858746266, -22.92661452853764]]]}, "properties": {"camada": "SSDMT", "COD_ID": "10962448", "CTMT": "ALC9925", "COMP": 22.74, "TIP_CND": "105925009_13_3", "energizado": false, "fonte": null}}, {"type": "Feature", "geometry": {"type": "MultiLineString", "coordinates": [[[-43.237463091648294, -22.92406576892006], [-43.237231097137396, -22.92420085428597]]]}, "properties": {"camada": "SSDMT", "COD_ID": "10962208", "CTMT": "ALC9925", "COMP": 29.23, "TIP_CND": "105925009_13_3", "energizado": false, "fonte": null}}, {"type": "Feature", "geometry": {"type": "MultiLineString", "coordinates": [[[-43.23873220502719, -22.922073967539518], [-43.23860365053798, -22.922271204152707]]]}, "properties": {"camada": "SSDMT", "COD_ID": "10961794", "CTMT": "ALC9925", "COMP": 26.54, "TIP_CND": "105925009_13_3", "energizado": false, "fonte": null}}, {"type": "Feature", "geometry": {"type": "MultiLineString", "coordinates": [[[-43.23891544369275, -22.92349320025096], [-43.23902503237929, -22.923335621941362]]]}, "properties": {"camada": "SSDMT", "COD_ID": "138924129", "CTMT": "ALC9925", "COMP": 21.59, "TIP_CND": "105925010_11_3", "energizado": false, "fonte": null}}, {"type": "Feature", "geometry": {"type": "MultiLineString", "coordinates": [[[-43.23756106469136, -22.92394711147], [-43.237564626006645, -22.923957445579617]]]}, "properties": {"camada": "SSDMT", "COD_ID": "826324505", "CTMT": "ALC9925", "COMP": 1.25, "TIP_CND": "105925011_11_3", "energizado": false, "fonte": null}}, {"type": "Feature", "geometry": {"type": "MultiLineString", "coordinates": [[[-43.23768405057842, -22.923717845502097], [-43.23755317763698, -22.923923743485943]]]}, "properties": {"camada": "SSDMT", "COD_ID": "12837203", "CTMT": "ALC9925", "COMP": 27.52, "TIP_CND": "105925009_13_3", "energizado": false, "fonte": null}}, {"type": "Feature", "geometry": {"type": "MultiLineString", "coordinates": [[[-43.23794114516767, -22.926893346250893], [-43.23802645036034, -22.926975813183162]]]}, "properties": {"camada": "SSDMT", "COD_ID": "132779352", "CTMT": "ALC9925", "COMP": 13.15, "TIP_CND": "105925009_13_3", "energizado": false, "fonte": null}}, {"type": "Feature", "geometry": {"type": "MultiLineString", "coordinates": [[[-43.2379186980894, -22.926904240638123], [-43.23790997556489, -22.926908469250407]]]}, "properties": {"camada": "SSDMT", "COD_ID": "1007089150", "CTMT": "ALC9925", "COMP": 1.05, "TIP_CND": "105925009_13_3", "energizado": false, "fonte": null}}, {"type": "Feature", "geometry": {"type": "MultiLineString", "coordinates": [[[-43.23718964918294, -22.925328819969025], [-43.23741135724828, -22.92555826670059]]]}, "properties": {"camada": "SSDMT", "COD_ID": "10962268", "CTMT": "ALC9925", "COMP": 35.46, "TIP_CND": "105925006_13_3", "energizado": false, "fonte": null}}, {"type": "Feature", "geometry": {"type": "MultiLineString", "coordinates": [[[-43.23627927446893, -22.925321194617368], [-43.236419902356545, -22.925459670427415]]]}, "properties": {"camada": "SSDMT", "COD_ID": "10962424", "CTMT": "ALC9925", "COMP": 21.9, "TIP_CND": "105925009_13_3", "energizado": false, "fonte": null}}, {"type": "Feature", "geometry": {"type": "MultiLineString", "coordinates": [[[-43.238651713905426, -22.923870975764885], [-43.23875729970956, -22.923725129111347]]]}, "properties": {"camada": "SSDMT", "COD_ID": "10962148", "CTMT": "ALC9925", "COMP": 20.22, "TIP_CND": "105925010_11_3", "energizado": false, "fonte": null}}, {"type": "Feature", "geometry": {"type": "MultiLineString", "coordinates": [[[-43.23699042237007, -22.9255270404405], [-43.23726606457717, -22.925819081785164]]]}, "properties": {"camada": "SSDMT", "COD_ID": "100085456", "CTMT": "ALC9925", "COMP": 44.68, "TIP_CND": "105925006_13_3", "energizado": false, "fonte": null}}, {"type": "Feature", "geometry": {"type": "MultiLineString", "coordinates": [[[-43.238140553643575, -22.922999726955766], [-43.2380112455225, -22.92320685251417]]]}, "properties": {"camada": "SSDMT", "COD_ID": "335515853", "CTMT": "ALC9925", "COMP": 27.56, "TIP_CND": "105925009_13_3", "energizado": false, "fonte": null}}, {"type": "Feature", "geometry": {"type": "MultiLineString", "coordinates": [[[-43.23678635810393, -22.924835531034887], [-43.23689873918545, -22.92499912221166]]]}, "properties": {"camada": "SSDMT", "COD_ID": "100085388", "CTMT": "ALC9925", "COMP": 22.33, "TIP_CND": "105925006_13_3", "energizado": false, "fonte": null}}, {"type": "Feature", "geometry": {"type": "MultiLineString", "coordinates": [[[-43.23875729970956, -22.923725129111347], [-43.23891544369275, -22.92349320025096]]]}, "properties": {"camada": "SSDMT", "COD_ID": "335515841", "CTMT": "ALC9925", "COMP": 31.59, "TIP_CND": "105925010_11_3", "energizado": false, "fonte": null}}, {"type": "Feature", "geometry": {"type": "MultiLineString", "coordinates": [[[-43.23755317763698, -22.923923743485943], [-43.237463091648294, -22.92406576892006]]]}, "properties": {"camada": "SSDMT", "COD_ID": "335515775", "CTMT": "ALC9925", "COMP": 18.97, "TIP_CND": "105925009_13_3", "energizado": false, "fonte": null}}, {"type": "Feature", "geometry": {"type": "MultiLineString", "coordinates": [[[-43.23902503237929, -22.923335621941362], [-43.23915657531563, -22.923151611657488]]]}, "properties": {"camada": "SSDMT", "COD_ID": "335515847", "CTMT": "ALC9925", "COMP": 25.42, "TIP_CND": "105925010_11_3", "energizado": false, "fonte": null}}, {"type": "Feature", "geometry": {"type": "MultiLineString", "coordinates": [[[-43.23826358089951, -22.9241785106297], [-43.23862069988536, -22.924190386177315]]]}, "properties": {"camada": "SSDMT", "COD_ID": "12837239", "CTMT": "ALC9925", "COMP": 38.12, "TIP_CND": "105925011_11_3", "energizado": false, "fonte": null}}, {"type": "Feature", "geometry": {"type": "MultiLineString", "coordinates": [[[-43.237933438877064, -22.926887661636215], [-43.23792741162072, -22.92689155030473]]]}, "properties": {"camada": "SSDMT", "COD_ID": "1007089120", "CTMT": "ALC9925", "COMP": 0.78, "TIP_CND": "105925009_13_3", "energizado": false, "fonte": null}}, {"type": "Feature", "geometry": {"type": "MultiLineString", "coordinates": [[[-43.237564626006645, -22.923957445579617], [-43.23764037680189, -22.924183916454524]]]}, "properties": {"camada": "SSDMT", "COD_ID": "10961866", "CTMT": "ALC9925", "COMP": 27.31, "TIP_CND": "105925011_11_3", "energizado": false, "fonte": null}}, {"type": "Feature", "geometry": {"type": "MultiLineString", "coordinates": [[[-43.237815935257174, -22.92678223411275], [-43.23794114516767, -22.926893346250893]]]}, "properties": {"camada": "SSDMT", "COD_ID": "1006470677", "CTMT": "ALC9925", "COMP": 18.5, "TIP_CND": "105925009_13_3", "energizado": false, "fonte": null}}, {"type": "Feature", "geometry": {"type": "MultiLineString", "coordinates": [[[-43.23666098181883, -22.925688395003363], [-43.236789520120226, -22.92580962361518]]]}, "properties": {"camada": "SSDMT", "COD_ID": "10962430", "CTMT": "ALC9925", "COMP": 19.57, "TIP_CND": "105925009_13_3", "energizado": false, "fonte": null}}, {"type": "Feature", "geometry": {"type": "MultiLineString", "coordinates": [[[-43.238543614496166, -22.924022663515075], [-43.238651713905426, -22.923870975764885]]]}, "properties": {"camada": "SSDMT", "COD_ID": "10962142", "CTMT": "ALC9925", "COMP": 20.93, "TIP_CND": "105925010_11_3", "energizado": false, "fonte": null}}, {"type": "Feature", "geometry": {"type": "MultiLineString", "coordinates": [[[-43.23794114516767, -22.926893346250893], [-43.237933438877064, -22.926887661636215]]]}, "properties": {"camada": "SSDMT", "COD_ID": "1007089110", "CTMT": "ALC9925", "COMP": 1.05, "TIP_CND": "105925009_13_3", "energizado": false, "fonte": null}}, {"type": "Feature", "geometry": {"type": "MultiLineString", "coordinates": [[[-43.238235933941155, -22.922847744227965], [-43.238140553643575, -22.922999726955766]]]}, "properties": {"camada": "SSDMT", "COD_ID": "335515817", "CTMT": "ALC9925", "COMP": 20.25, "TIP_CND": "105925009_13_3", "energizado": false, "fonte": null}}, {"type": "Feature", "geometry": {"type": "MultiLineString", "coordinates": [[[-43.236935844313734, -22.92438379347726], [-43.236749000266116, -22.924508145434515]]]}, "properties": {"camada": "SSDMT", "COD_ID": "10962220", "CTMT": "ALC9925", "COMP": 24.54, "TIP_CND": "105925009_13_3", "energizado": false, "fonte": null}}, {"type": "Feature", "geometry": {"type": "MultiLineString", "coordinates": [[[-43.237952425364085, -22.92417835234903], [-43.23826358089951, -22.9241785106297]]]}, "properties": {"camada": "SSDMT", "COD_ID": "11603040", "CTMT": "ALC9925", "COMP": 33.19, "TIP_CND": "105925011_11_3", "energizado": false, "fonte": null}}, {"type": "Feature", "geometry": {"type": "MultiLineString", "coordinates": [[[-43.23797123648336, -22.92415760948603], [-43.23819875956508, -22.923982937762332]]]}, "properties": {"camada": "SSDMT", "COD_ID": "10961884", "CTMT": "ALC9925", "COMP": 31.53, "TIP_CND": "105925010_11_3", "energizado": false, "fonte": null}}, {"type": "Feature", "geometry": {"type": "MultiLineString", "coordinates": [[[-43.237907548294686, -22.926903168646277], [-43.23791592637883, -22.9268983761591]]]}, "properties": {"camada": "SSDMT", "COD_ID": "1007089140", "CTMT": "ALC9925", "COMP": 1.05, "TIP_CND": "105925009_13_3", "energizado": false, "fonte": null}}, {"type": "Feature", "geometry": {"type": "MultiLineString", "coordinates": [[[-43.23699149166396, -22.925114724664752], [-43.23718964918294, -22.925328819969025]]]}, "properties": {"camada": "SSDMT", "COD_ID": "100085375", "CTMT": "ALC9925", "COMP": 32.48, "TIP_CND": "105925006_13_3", "energizado": false, "fonte": null}}, {"type": "Feature", "geometry": {"type": "MultiLineString", "coordinates": [[[-43.237564041447285, -22.92391971901975], [-43.237567570387, -22.923930260872794]]]}, "properties": {"camada": "SSDMT", "COD_ID": "826324490", "CTMT": "ALC9925", "COMP": 1.27, "TIP_CND": "105925011_11_3", "energizado": false, "fonte": null}}, {"type": "Feature", "geometry": {"type": "MultiLineString", "coordinates": [[[-43.23720080617221, -22.92619821077875], [-43.237383285809926, -22.926367917345488]]]}, "properties": {"camada": "SSDMT", "COD_ID": "335515799", "CTMT": "ALC9925", "COMP": 27.59, "TIP_CND": "105925009_13_3", "energizado": false, "fonte": null}}, {"type": "Feature", "geometry": {"type": "MultiLineString", "coordinates": [[[-43.238538094457454, -22.92237636997345], [-43.23836923145484, -22.922643399373328]]]}, "properties": {"camada": "SSDMT", "COD_ID": "335515751", "CTMT": "ALC9925", "COMP": 35.64, "TIP_CND": "105925009_13_3", "energizado": false, "fonte": null}}, {"type": "Feature", "geometry": {"type": "MultiLineString", "coordinates": [[[-43.23836923145484, -22.922643399373328], [-43.238235933941155, -22.922847744227965]]]}, "properties": {"camada": "SSDMT", "COD_ID": "134460061", "CTMT": "ALC9925", "COMP": 27.5, "TIP_CND": "105925009_13_3", "energizado": false, "fonte": null}}, {"type": "Feature", "geometry": {"type": "MultiLineString", "coordinates": [[[-43.237073598867426, -22.924285987708117], [-43.236935844313734, -22.92438379347726]]]}, "properties": {"camada": "SSDMT", "COD_ID": "335515769", "CTMT": "ALC9925", "COMP": 18.52, "TIP_CND": "105925009_13_3", "energizado": false, "fonte": null}}, {"type": "Feature", "geometry": {"type": "MultiLineString", "coordinates": [[[-43.23742093682671, -22.924071748512347], [-43.23741120796086, -22.924073130770296]]]}, "properties": {"camada": "SSDMT", "COD_ID": "529355784", "CTMT": "ALC9925", "COMP": 1.05, "TIP_CND": "105925008_13_3", "energizado": false, "fonte": null}}, {"type": "Feature", "geometry": {"type": "MultiLineString", "coordinates": [[[-43.23862069988536, -22.924190386177315], [-43.238708471019095, -22.9241882997502]]]}, "properties": {"camada": "SSDMT", "COD_ID": "10961986", "CTMT": "ALC9925", "COMP": 9.37, "TIP_CND": "105925011_11_3", "energizado": false, "fonte": null}}, {"type": "Feature", "geometry": {"type": "MultiLineString", "coordinates": [[[-43.237383285809926, -22.926367917345488], [-43.23749128899175, -22.92647209301265]]]}, "properties": {"camada": "SSDMT", "COD_ID": "10962442", "CTMT": "ALC9925", "COMP": 16.63, "TIP_CND": "105925009_13_3", "energizado": false, "fonte": null}}, {"type": "Feature", "geometry": {"type": "MultiLineString", "coordinates": [[[-43.23755317763698, -22.923923743485943], [-43.237564041447285, -22.92391971901975]]]}, "properties": {"camada": "SSDMT", "COD_ID": "826324480", "CTMT": "ALC9925", "COMP": 1.25, "TIP_CND": "105925011_11_3", "energizado": false, "fonte": null}}, {"type": "Feature", "geometry": {"type": "MultiLineString", "coordinates": [[[-43.23956039249805, -22.92274333113977], [-43.23971084997572, -22.922479067155166]]]}, "properties": {"camada": "SSDMT", "COD_ID": "10962166", "CTMT": "ALC9925", "COMP": 34.41, "TIP_CND": "105925010_11_3", "energizado": false, "fonte": null}}, {"type": "Feature", "geometry": {"type": "MultiLineString", "coordinates": [[[-43.23769283605549, -22.926672274006194], [-43.23780350123053, -22.926771195833965]]]}, "properties": {"camada": "SSDMT", "COD_ID": "335515811", "CTMT": "ALC9925", "COMP": 16.41, "TIP_CND": "105925009_13_3", "energizado": false, "fonte": null}}, {"type": "Feature", "geometry": {"type": "MultiLineString", "coordinates": [[[-43.23783703694966, -22.923479999102653], [-43.23768405057842, -22.923717845502097]]]}, "properties": {"camada": "SSDMT", "COD_ID": "335515781", "CTMT": "ALC9925", "COMP": 31.89, "TIP_CND": "105925009_13_3", "energizado": false, "fonte": null}}, {"type": "Feature", "geometry": {"type": "MultiLineString", "coordinates": [[[-43.23836021305334, -22.92265094828258], [-43.23854175559751, -22.92236384871262]]]}, "properties": {"camada": "SSDMT", "COD_ID": "10969478", "CTMT": "ALC9946", "COMP": 38.32, "TIP_CND": "105925008_13_3", "energizado": true, "fonte": "ALC9946"}}, {"type": "Feature", "geometry": {"type": "MultiLineString", "coordinates": [[[-43.238203011559676, -22.92239404255099], [-43.238366738534125, -22.92215178137957]]]}, "properties": {"camada": "SSDMT", "COD_ID": "10969406", "CTMT": "ALC9946", "COMP": 32.92, "TIP_CND": "105925006_13_3", "energizado": true, "fonte": "ALC9946"}}, {"type": "Feature", "geometry": {"type": "MultiLineString", "coordinates": [[[-43.23792936494817, -22.923324361530035], [-43.238065480937166, -22.92311398851973]]]}, "properties": {"camada": "SSDMT", "COD_ID": "134460027", "CTMT": "ALC9946", "COMP": 28.25, "TIP_CND": "105925008_13_3", "energizado": true, "fonte": "ALC9946"}}, {"type": "Feature", "geometry": {"type": "MultiLineString", "coordinates": [[[-43.23688085166992, -22.92275600528535], [-43.236813675910355, -22.922864907789233]]]}, "properties": {"camada": "SSDMT", "COD_ID": "335017980", "CTMT": "ALC9946", "COMP": 14.45, "TIP_CND": "105925010_11_3", "energizado": true, "fonte": "ALC9946"}}, {"type": "Feature", "geometry": {"type": "MultiLineString", "coordinates": [[[-43.23738510064186, -22.924076841373108], [-43.23739482860839, -22.9240754591151]]]}, "properties": {"camada": "SSDMT", "COD_ID": "529355742", "CTMT": "ALC9946", "COMP": 1.05, "TIP_CND": "105925008_13_3", "energizado": true, "fonte": "ALC9946"}}, {"type": "Feature", "geometry": {"type": "MultiLineString", "coordinates": [[[-43.236833448404866, -22.92402247016082], [-43.2370323838374, -22.924066095373973]]]}, "properties": {"camada": "SSDMT", "COD_ID": "335018040", "CTMT": "ALC9946", "COMP": 21.81, "TIP_CND": "105925008_13_3", "energizado": true, "fonte": "ALC9946"}}, {"type": "Feature", "geometry": {"type": "MultiLineString", "coordinates": [[[-43.23836021305334, -22.92265094828258], [-43.23834140373276, -22.922645185426916]]]}, "properties": {"camada": "SSDMT", "COD_ID": "335017794", "CTMT": "ALC9946", "COMP": 2.11, "TIP_CND": "105925006_13_3", "energizado": true, "fonte": "ALC9946"}}, {"type": "Feature", "geometry": {"type": "MultiLineString", "coordinates": [[[-43.23634578562945, -22.92361494507361], [-43.236382693806206, -22.923780235969048]]]}, "properties": {"camada": "SSDMT", "COD_ID": "10969160", "CTMT": "ALC9946", "COMP": 19.44, "TIP_CND": "105925008_13_3", "energizado": true, "fonte": "ALC9946"}}, {"type": "Feature", "geometry": {"type": "MultiLineString", "coordinates": [[[-43.23644684064914, -22.923631212910095], [-43.23644199060533, -22.923639151225814]]]}, "properties": {"camada": "SSDMT", "COD_ID": "592606398", "CTMT": "ALC9946", "COMP": 1.05, "TIP_CND": "105925010_11_3", "energizado": true, "fonte": "ALC9946"}}, {"type": "Feature", "geometry": {"type": "MultiLineString", "coordinates": [[[-43.23723689866392, -22.924193233430913], [-43.23746374725408, -22.92405347698633]]]}, "properties": {"camada": "SSDMT", "COD_ID": "10969304", "CTMT": "ALC9946", "COMP": 29.07, "TIP_CND": "105925008_13_3", "energizado": true, "fonte": "ALC9946"}}, {"type": "Feature", "geometry": {"type": "MultiLineString", "coordinates": [[[-43.237375372675274, -22.924078222731737], [-43.23738510064186, -22.924076841373108]]]}, "properties": {"camada": "SSDMT", "COD_ID": "529355732", "CTMT": "ALC9946", "COMP": 1.05, "TIP_CND": "105925008_13_3", "energizado": true, "fonte": "ALC9946"}}, {"type": "Feature", "geometry": {"type": "MultiLineString", "coordinates": [[[-43.237578158105464, -22.92387367463033], [-43.23758668907442, -22.923878221602592]]]}, "properties": {"camada": "SSDMT", "COD_ID": "655711032", "CTMT": "ALC9946", "COMP": 1.05, "TIP_CND": "105925008_13_3", "energizado": true, "fonte": "ALC9946"}}, {"type": "Feature", "geometry": {"type": "MultiLineString", "coordinates": [[[-43.23813323406148, -22.922502945054816], [-43.238203011559676, -22.92239404255099]]]}, "properties": {"camada": "SSDMT", "COD_ID": "145523703", "CTMT": "ALC9946", "COMP": 14.59, "TIP_CND": "105925006_13_3", "energizado": true, "fonte": "ALC9946"}}, {"type": "Feature", "geometry": {"type": "MultiLineString", "coordinates": [[[-43.237383803819455, -22.92406779599196], [-43.23739355966501, -22.924066531545122]]]}, "properties": {"camada": "SSDMT", "COD_ID": "529355762", "CTMT": "ALC9946", "COMP": 1.05, "TIP_CND": "105925008_13_3", "energizado": true, "fonte": "ALC9946"}}, {"type": "Feature", "geometry": {"type": "MultiLineString", "coordinates": [[[-43.23705523111397, -22.92404919081747], [-43.237100904083434, -22.924015400590235]]]}, "properties": {"camada": "SSDMT", "COD_ID": "10969196", "CTMT": "ALC9946", "COMP": 6.24, "TIP_CND": "105925006_13_3", "energizado": true, "fonte": "ALC9946"}}, {"type": "Feature", "geometry": {"type": "MultiLineString", "coordinates": [[[-43.236620944001345, -22.92317259733744], [-43.236528558446196, -22.923324322859173]]]}, "properties": {"camada": "SSDMT", "COD_ID": "10968956", "CTMT": "ALC9946", "COMP": 20.06, "TIP_CND": "105925010_11_3", "energizado": true, "fonte": "ALC9946"}}, {"type": "Feature", "geometry": {"type": "MultiLineString", "coordinates": [[[-43.23758668907442, -22.923878221602592], [-43.23758195414382, -22.923886215676248]]]}, "properties": {"camada": "SSDMT", "COD_ID": "655711022", "CTMT": "ALC9946", "COMP": 1.05, "TIP_CND": "105925008_13_3", "energizado": true, "fonte": "ALC9946"}}, {"type": "Feature", "geometry": {"type": "MultiLineString", "coordinates": [[[-43.23803887179645, -22.922523362363222], [-43.23813323406148, -22.922502945054816]]]}, "properties": {"camada": "SSDMT", "COD_ID": "10969382", "CTMT": "ALC9946", "COMP": 10.34, "TIP_CND": "105925006_13_3", "energizado": true, "fonte": "ALC9946"}}, {"type": "Feature", "geometry": {"type": "MultiLineString", "coordinates": [[[-43.23860518028482, -22.922261432119342], [-43.23873452977466, -22.922062289842756]]]}, "properties": {"camada": "SSDMT", "COD_ID": "335017938", "CTMT": "ALC9946", "COMP": 26.77, "TIP_CND": "105925008_13_3", "energizado": true, "fonte": "ALC9946"}}, {"type": "Feature", "geometry": {"type": "MultiLineString", "coordinates": [[[-43.23822683460071, -22.9228532516762], [-43.23836021305334, -22.92265094828258]]]}, "properties": {"camada": "SSDMT", "COD_ID": "335017950", "CTMT": "ALC9946", "COMP": 27.3, "TIP_CND": "105925008_13_3", "energizado": true, "fonte": "ALC9946"}}, {"type": "Feature", "geometry": {"type": "MultiLineString", "coordinates": [[[-43.23644199060533, -22.923639151225814], [-43.23634578562945, -22.92361494507361]]]}, "properties": {"camada": "SSDMT", "COD_ID": "592606380", "CTMT": "ALC9946", "COMP": 10.64, "TIP_CND": "105925010_11_3", "energizado": true, "fonte": "ALC9946"}}, {"type": "Feature", "geometry": {"type": "MultiLineString", "coordinates": [[[-43.23721050176323, -22.922096614267275], [-43.23721727096023, -22.922217835684535]]]}, "properties": {"camada": "SSDMT", "COD_ID": "10968716", "CTMT": "ALC9946", "COMP": 13.98, "TIP_CND": "105925010_11_3", "energizado": true, "fonte": "ALC9946"}}, {"type": "Feature", "geometry": {"type": "MultiLineString", "coordinates": [[[-43.23746374725408, -22.92405347698633], [-43.23755543133802, -22.92390997846269]]]}, "properties": {"camada": "SSDMT", "COD_ID": "10969310", "CTMT": "ALC9946", "COMP": 19.2, "TIP_CND": "105925008_13_3", "energizado": true, "fonte": "ALC9946"}}, {"type": "Feature", "geometry": {"type": "MultiLineString", "coordinates": [[[-43.23738510064186, -22.924076841373108], [-43.237383803819455, -22.92406779599196]]]}, "properties": {"camada": "SSDMT", "COD_ID": "529355752", "CTMT": "ALC9946", "COMP": 1.05, "TIP_CND": "105925008_13_3", "energizado": true, "fonte": "ALC9946"}}, {"type": "Feature", "geometry": {"type": "MultiLineString", "coordinates": [[[-43.23803887179645, -22.922523362363222], [-43.238039462651045, -22.922628566854826]]]}, "properties": {"camada": "SSDMT", "COD_ID": "10969394", "CTMT": "ALC9946", "COMP": 12.12, "TIP_CND": "105925006_13_3", "energizado": true, "fonte": "ALC9946"}}, {"type": "Feature", "geometry": {"type": "MultiLineString", "coordinates": [[[-43.23643323480587, -22.923911389498983], [-43.236610707018485, -22.9239757090117]]]}, "properties": {"camada": "SSDMT", "COD_ID": "10969166", "CTMT": "ALC9946", "COMP": 20.33, "TIP_CND": "105925008_13_3", "energizado": true, "fonte": "ALC9946"}}, {"type": "Feature", "geometry": {"type": "MultiLineString", "coordinates": [[[-43.23812730842849, -22.923009260668778], [-43.23822683460071, -22.9228532516762]]]}, "properties": {"camada": "SSDMT", "COD_ID": "335018028", "CTMT": "ALC9946", "COMP": 20.87, "TIP_CND": "105925008_13_3", "energizado": true, "fonte": "ALC9946"}}, {"type": "Feature", "geometry": {"type": "MultiLineString", "coordinates": [[[-43.23892443421522, -22.92213919806551], [-43.23916977286666, -22.922274254653075]]]}, "properties": {"camada": "SSDMT", "COD_ID": "10969484", "CTMT": "ALC9946", "COMP": 30.45, "TIP_CND": "105925006_13_3", "energizado": true, "fonte": "ALC9946"}}, {"type": "Feature", "geometry": {"type": "MultiLineString", "coordinates": [[[-43.23833279092554, -22.922642461380462], [-43.23822597484883, -22.922599789448668]]]}, "properties": {"camada": "SSDMT", "COD_ID": "106667268", "CTMT": "ALC9946", "COMP": 12.41, "TIP_CND": "105925006_13_3", "energizado": true, "fonte": "ALC9946"}}, {"type": "Feature", "geometry": {"type": "MultiLineString", "coordinates": [[[-43.236382693806206, -22.923780235969048], [-43.236386297389686, -22.9237895871197]]]}, "properties": {"camada": "SSDMT", "COD_ID": "561818372", "CTMT": "ALC9946", "COMP": 1.14, "TIP_CND": "105925008_13_3", "energizado": true, "fonte": "ALC9946"}}, {"type": "Feature", "geometry": {"type": "MultiLineString", "coordinates": [[[-43.23803871081782, -22.922495013933712], [-43.23788744125238, -22.92241666409774]]]}, "properties": {"camada": "SSDMT", "COD_ID": "10969388", "CTMT": "ALC9946", "COMP": 18.49, "TIP_CND": "105925006_13_3", "energizado": true, "fonte": "ALC9946"}}, {"type": "Feature", "geometry": {"type": "MultiLineString", "coordinates": [[[-43.237242442085005, -22.92407510298358], [-43.237375372675274, -22.924078222731737]]]}, "properties": {"camada": "SSDMT", "COD_ID": "10969172", "CTMT": "ALC9946", "COMP": 14.19, "TIP_CND": "105925008_13_3", "energizado": true, "fonte": "ALC9946"}}, {"type": "Feature", "geometry": {"type": "MultiLineString", "coordinates": [[[-43.23711433995476, -22.922382195781665], [-43.23695731652691, -22.92264124549706]]]}, "properties": {"camada": "SSDMT", "COD_ID": "10968944", "CTMT": "ALC9946", "COMP": 34.22, "TIP_CND": "105925010_11_3", "energizado": true, "fonte": "ALC9946"}}, {"type": "Feature", "geometry": {"type": "MultiLineString", "coordinates": [[[-43.236610707018485, -22.9239757090117], [-43.236833448404866, -22.92402247016082]]]}, "properties": {"camada": "SSDMT", "COD_ID": "132332830", "CTMT": "ALC9946", "COMP": 24.37, "TIP_CND": "105925008_13_3", "energizado": true, "fonte": "ALC9946"}}, {"type": "Feature", "geometry": {"type": "MultiLineString", "coordinates": [[[-43.237578158105464, -22.92387367463033], [-43.23768569094182, -22.923707785685735]]]}, "properties": {"camada": "SSDMT", "COD_ID": "10969328", "CTMT": "ALC9946", "COMP": 22.29, "TIP_CND": "105925008_13_3", "energizado": true, "fonte": "ALC9946"}}, {"type": "Feature", "geometry": {"type": "MultiLineString", "coordinates": [[[-43.238039462651045, -22.922628566854826], [-43.23795891577129, -22.922749982525602]]]}, "properties": {"camada": "SSDMT", "COD_ID": "10969400", "CTMT": "ALC9946", "COMP": 16.41, "TIP_CND": "105925006_13_3", "energizado": true, "fonte": "ALC9946"}}, {"type": "Feature", "geometry": {"type": "MultiLineString", "coordinates": [[[-43.237100904083434, -22.924015400590235], [-43.237154113371616, -22.92394014352277]]]}, "properties": {"camada": "SSDMT", "COD_ID": "10969202", "CTMT": "ALC9946", "COMP": 10.36, "TIP_CND": "105925006_13_3", "energizado": true, "fonte": "ALC9946"}}, {"type": "Feature", "geometry": {"type": "MultiLineString", "coordinates": [[[-43.23695731652691, -22.92264124549706], [-43.23688085166992, -22.92275600528535]]]}, "properties": {"camada": "SSDMT", "COD_ID": "132332736", "CTMT": "ALC9946", "COMP": 15.53, "TIP_CND": "105925010_11_3", "energizado": true, "fonte": "ALC9946"}}, {"type": "Feature", "geometry": {"type": "MultiLineString", "coordinates": [[[-43.23755543133802, -22.92390997846269], [-43.237560340737105, -22.923902068025996]]]}, "properties": {"camada": "SSDMT", "COD_ID": "655710976", "CTMT": "ALC9946", "COMP": 1.05, "TIP_CND": "105925008_13_3", "energizado": true, "fonte": "ALC9946"}}, {"type": "Feature", "geometry": {"type": "MultiLineString", "coordinates": [[[-43.23803871081782, -22.922495013933712], [-43.23803877107241, -22.922506194305356]]]}, "properties": {"camada": "SSDMT", "COD_ID": "335017866", "CTMT": "ALC9946", "COMP": 1.29, "TIP_CND": "105925006_13_3", "energizado": true, "fonte": "ALC9946"}}, {"type": "Feature", "geometry": {"type": "MultiLineString", "coordinates": [[[-43.237560340737105, -22.923902068025996], [-43.23756542280597, -22.92389425921266]]]}, "properties": {"camada": "SSDMT", "COD_ID": "655710986", "CTMT": "ALC9946", "COMP": 1.05, "TIP_CND": "105925008_13_3", "energizado": true, "fonte": "ALC9946"}}, {"type": "Feature", "geometry": {"type": "MultiLineString", "coordinates": [[[-43.2370323838374, -22.924066095373973], [-43.237242442085005, -22.92407510298358]]]}, "properties": {"camada": "SSDMT", "COD_ID": "335018034", "CTMT": "ALC9946", "COMP": 22.43, "TIP_CND": "105925008_13_3", "energizado": true, "fonte": "ALC9946"}}, {"type": "Feature", "geometry": {"type": "MultiLineString", "coordinates": [[[-43.236528558446196, -22.923324322859173], [-43.236537897006315, -22.923482045959588]]]}, "properties": {"camada": "SSDMT", "COD_ID": "592606392", "CTMT": "ALC9946", "COMP": 18.19, "TIP_CND": "105925010_11_3", "energizado": true, "fonte": "ALC9946"}}, {"type": "Feature", "geometry": {"type": "MultiLineString", "coordinates": [[[-43.23672700914409, -22.922992848041474], [-43.23669021608055, -22.923059933868785]]]}, "properties": {"camada": "SSDMT", "COD_ID": "132332683", "CTMT": "ALC9946", "COMP": 8.67, "TIP_CND": "105925010_11_3", "energizado": true, "fonte": "ALC9946"}}, {"type": "Feature", "geometry": {"type": "MultiLineString", "coordinates": [[[-43.236392727542295, -22.9238065456355], [-43.23643323480587, -22.923911389498983]]]}, "properties": {"camada": "SSDMT", "COD_ID": "335017974", "CTMT": "ALC9946", "COMP": 12.83, "TIP_CND": "105925008_13_3", "energizado": true, "fonte": "ALC9946"}}, {"type": "Feature", "geometry": {"type": "MultiLineString", "coordinates": [[[-43.23757325949828, -22.9238815859664], [-43.237578158105464, -22.92387367463033]]]}, "properties": {"camada": "SSDMT", "COD_ID": "655711042", "CTMT": "ALC9946", "COMP": 1.05, "TIP_CND": "105925008_13_3", "energizado": true, "fonte": "ALC9946"}}, {"type": "Feature", "geometry": {"type": "MultiLineString", "coordinates": [[[-43.2370323838374, -22.924066095373973], [-43.237047621950126, -22.924054822372113]]]}, "properties": {"camada": "SSDMT", "COD_ID": "335017770", "CTMT": "ALC9946", "COMP": 2.08, "TIP_CND": "105925006_13_3", "energizado": true, "fonte": "ALC9946"}}, {"type": "Feature", "geometry": {"type": "MultiLineString", "coordinates": [[[-43.237242442085005, -22.92407510298358], [-43.237212546821524, -22.92420823322334]]]}, "properties": {"camada": "SSDMT", "COD_ID": "10969256", "CTMT": "ALC9946", "COMP": 15.66, "TIP_CND": "105925008_13_3", "energizado": true, "fonte": "ALC9946"}}, {"type": "Feature", "geometry": {"type": "MultiLineString", "coordinates": [[[-43.237212546821524, -22.92420823322334], [-43.23722878138312, -22.924198236359473]]]}, "properties": {"camada": "SSDMT", "COD_ID": "335017842", "CTMT": "ALC9946", "COMP": 2.08, "TIP_CND": "105925008_13_3", "energizado": true, "fonte": "ALC9946"}}, {"type": "Feature", "geometry": {"type": "MultiLineString", "coordinates": [[[-43.238038834024906, -22.92251644477807], [-43.23803887179645, -22.922523362363222]]]}, "properties": {"camada": "SSDMT", "COD_ID": "819050447", "CTMT": "ALC9946", "COMP": 0.8, "TIP_CND": "105925006_13_3", "energizado": true, "fonte": "ALC9946"}}, {"type": "Feature", "geometry": {"type": "MultiLineString", "coordinates": [[[-43.23768569094182, -22.923707785685735], [-43.23787072465416, -22.923411036390178]]]}, "properties": {"camada": "SSDMT", "COD_ID": "134460053", "CTMT": "ALC9946", "COMP": 39.47, "TIP_CND": "105925008_13_3", "energizado": true, "fonte": "ALC9946"}}, {"type": "Feature", "geometry": {"type": "MultiLineString", "coordinates": [[[-43.2375685524467, -22.923907098833524], [-43.237573645307464, -22.923899290020188]]]}, "properties": {"camada": "SSDMT", "COD_ID": "655711008", "CTMT": "ALC9946", "COMP": 1.05, "TIP_CND": "105925008_13_3", "energizado": true, "fonte": "ALC9946"}}, {"type": "Feature", "geometry": {"type": "MultiLineString", "coordinates": [[[-43.23787072465416, -22.923411036390178], [-43.23792936494817, -22.923324361530035]]]}, "properties": {"camada": "SSDMT", "COD_ID": "631836454", "CTMT": "ALC9946", "COMP": 11.78, "TIP_CND": "105925008_13_3", "energizado": true, "fonte": "ALC9946"}}, {"type": "Feature", "geometry": {"type": "MultiLineString", "coordinates": [[[-43.23854175559751, -22.92236384871262], [-43.23860518028482, -22.922261432119342]]]}, "properties": {"camada": "SSDMT", "COD_ID": "335017944", "CTMT": "ALC9946", "COMP": 13.6, "TIP_CND": "105925008_13_3", "energizado": true, "fonte": "ALC9946"}}, {"type": "Feature", "geometry": {"type": "MultiLineString", "coordinates": [[[-43.23822597484883, -22.922599789448668], [-43.23803871081782, -22.922495013933712]]]}, "properties": {"camada": "SSDMT", "COD_ID": "10969376", "CTMT": "ALC9946", "COMP": 23.34, "TIP_CND": "105925006_13_3", "energizado": true, "fonte": "ALC9946"}}, {"type": "Feature", "geometry": {"type": "MultiLineString", "coordinates": [[[-43.236537897006315, -22.923482045959588], [-43.236454823930956, -22.92361773746859]]]}, "properties": {"camada": "SSDMT", "COD_ID": "592606386", "CTMT": "ALC9946", "COMP": 17.97, "TIP_CND": "105925010_11_3", "energizado": true, "fonte": "ALC9946"}}, {"type": "Feature", "geometry": {"type": "MultiLineString", "coordinates": [[[-43.236813675910355, -22.922864907789233], [-43.23672700914409, -22.922992848041474]]]}, "properties": {"camada": "SSDMT", "COD_ID": "10968950", "CTMT": "ALC9946", "COMP": 17.4, "TIP_CND": "105925010_11_3", "energizado": true, "fonte": "ALC9946"}}, {"type": "Feature", "geometry": {"type": "MultiLineString", "coordinates": [[[-43.238065480937166, -22.92311398851973], [-43.23812730842849, -22.923009260668778]]]}, "properties": {"camada": "SSDMT", "COD_ID": "335018022", "CTMT": "ALC9946", "COMP": 13.75, "TIP_CND": "105925008_13_3", "energizado": true, "fonte": "ALC9946"}}, {"type": "Feature", "geometry": {"type": "MultiLineString", "coordinates": [[[-43.23669021608055, -22.923059933868785], [-43.236620944001345, -22.92317259733744]]]}, "properties": {"camada": "SSDMT", "COD_ID": "335017986", "CTMT": "ALC9946", "COMP": 14.93, "TIP_CND": "105925010_11_3", "energizado": true, "fonte": "ALC9946"}}, {"type": "Feature", "geometry": {"type": "MultiLineString", "coordinates": [[[-43.23721727096023, -22.922217835684535], [-43.23711433995476, -22.922382195781665]]]}, "properties": {"camada": "SSDMT", "COD_ID": "10968722", "CTMT": "ALC9946", "COMP": 21.88, "TIP_CND": "105925010_11_3", "energizado": true, "fonte": "ALC9946"}}, {"type": "Feature", "geometry": {"type": "MultiLineString", "coordinates": [[[-43.237560340737105, -22.923902068025996], [-43.2375685524467, -22.923907098833524]]]}, "properties": {"camada": "SSDMT", "COD_ID": "655710998", "CTMT": "ALC9946", "COMP": 1.05, "TIP_CND": "105925008_13_3", "energizado": true, "fonte": "ALC9946"}}, {"type": "Feature", "geometry": {"type": "MultiLineString", "coordinates": [[[-43.23860750952889, -22.924214559953953], [-43.23852521796442, -22.924365324100393]]]}, "properties": {"camada": "SSDMT", "COD_ID": "10961980", "CTMT": "ALC9925", "COMP": 19.46, "TIP_CND": "105925010_11_3", "energizado": false, "fonte": null}}, {"type": "Feature", "geometry": {"type": "MultiLineString", "coordinates": [[[-43.23862069988536, -22.924190386177315], [-43.23861190271708, -22.924206508323664]]]}, "properties": {"camada": "SSDMT", "COD_ID": "335515925", "CTMT": "ALC9925", "COMP": 2.08, "TIP_CND": "105925010_11_3", "energizado": false, "fonte": null}}, {"type": "Feature", "geometry": {"type": "MultiLineString", "coordinates": [[[-43.23626685033486, -22.92651403289625], [-43.236052529300764, -22.92628632815149]]]}, "properties": {"camada": "SSDMT", "COD_ID": "133281812", "CTMT": "ALC9925", "COMP": 34.79, "TIP_CND": "105925005_13_3", "energizado": false, "fonte": null}}, {"type": "Feature", "geometry": {"type": "MultiLineString", "coordinates": [[[-43.23626685033486, -22.92651403289625], [-43.23624767678882, -22.926510776451153]]]}, "properties": {"camada": "SSDMT", "COD_ID": "335515619", "CTMT": "ALC9925", "COMP": 2.08, "TIP_CND": "105925005_13_3", "energizado": false, "fonte": null}}, {"type": "Feature", "geometry": {"type": "MultiLineString", "coordinates": [[[-43.236206405101484, -22.92466329197731], [-43.2362040731594, -22.924645358596365]]]}, "properties": {"camada": "SSDMT", "COD_ID": "335515949", "CTMT": "ALC9925", "COMP": 2.08, "TIP_CND": "105925005_13_3", "energizado": false, "fonte": null}}, {"type": "Feature", "geometry": {"type": "MultiLineString", "coordinates": [[[-43.23616911291418, -22.92649744130381], [-43.23598597587204, -22.926646189170242]]]}, "properties": {"camada": "SSDMT", "COD_ID": "10966958", "CTMT": "ALC9925", "COMP": 25.98, "TIP_CND": "105925005_13_3", "energizado": false, "fonte": null}}, {"type": "Feature", "geometry": {"type": "MultiLineString", "coordinates": [[[-43.236268167841615, -22.92483583950235], [-43.236206405101484, -22.92466329197731]]]}, "properties": {"camada": "SSDMT", "COD_ID": "10962316", "CTMT": "ALC9925", "COMP": 20.94, "TIP_CND": "105925005_13_3", "energizado": false, "fonte": null}}, {"type": "Feature", "geometry": {"type": "MultiLineString", "coordinates": [[[-43.236238084619856, -22.926509153174834], [-43.23616911291418, -22.92649744130381]]]}, "properties": {"camada": "SSDMT", "COD_ID": "10966952", "CTMT": "ALC9925", "COMP": 7.48, "TIP_CND": "105925005_13_3", "energizado": false, "fonte": null}}, {"type": "Feature", "geometry": {"type": "MultiLineString", "coordinates": [[[-43.234142777567115, -22.925981840189706], [-43.23418445844595, -22.926050944995097]]]}, "properties": {"camada": "SSDMT", "COD_ID": "11131934", "CTMT": "RCP9882", "COMP": 9.12, "TIP_CND": "105925008_13_3", "energizado": true, "fonte": "RCP9882"}}, {"type": "Feature", "geometry": {"type": "MultiLineString", "coordinates": [[[-43.23342185223663, -22.925464498887493], [-43.233581221096415, -22.925642495404816]]]}, "properties": {"camada": "SSDMT", "COD_ID": "11487566", "CTMT": "RCP9882", "COMP": 26.63, "TIP_CND": "105925008_13_3", "energizado": true, "fonte": "RCP9882"}}, {"type": "Feature", "geometry": {"type": "MultiLineString", "coordinates": [[[-43.23301112556294, -22.92632807018424], [-43.23295938756564, -22.926190166343076]]]}, "properties": {"camada": "SSDMT", "COD_ID": "265244683", "CTMT": "RCP9882", "COMP": 16.81, "TIP_CND": "105925011_11_3", "energizado": true, "fonte": "RCP9882"}}, {"type": "Feature", "geometry": {"type": "MultiLineString", "coordinates": [[[-43.23340336487337, -22.92544592428993], [-43.23342185223663, -22.925464498887493]]]}, "properties": {"camada": "SSDMT", "COD_ID": "11131898", "CTMT": "RCP9882", "COMP": 2.91, "TIP_CND": "105925008_13_3", "energizado": true, "fonte": "RCP9882"}}, {"type": "Feature", "geometry": {"type": "MultiLineString", "coordinates": [[[-43.234103184014714, -22.925936796745702], [-43.234142777567115, -22.925981840189706]]]}, "properties": {"camada": "SSDMT", "COD_ID": "11131928", "CTMT": "RCP9882", "COMP": 6.69, "TIP_CND": "105925008_13_3", "energizado": true, "fonte": "RCP9882"}}, {"type": "Feature", "geometry": {"type": "MultiLineString", "coordinates": [[[-43.2329166346949, -22.926081982397534], [-43.23286241636737, -22.925944411305466]]]}, "properties": {"camada": "SSDMT", "COD_ID": "11131880", "CTMT": "RCP9882", "COMP": 16.87, "TIP_CND": "105925011_11_3", "energizado": true, "fonte": "RCP9882"}}, {"type": "Feature", "geometry": {"type": "MultiLineString", "coordinates": [[[-43.23295938756564, -22.926190166343076], [-43.23303250064936, -22.926135081069106]]]}, "properties": {"camada": "SSDMT", "COD_ID": "346911978", "CTMT": "RCP9882", "COMP": 10.05, "TIP_CND": "105925011_11_3", "energizado": true, "fonte": "RCP9882"}}, {"type": "Feature", "geometry": {"type": "MultiLineString", "coordinates": [[[-43.233690936587436, -22.925765503774926], [-43.23381590547962, -22.925902353610695]]]}, "properties": {"camada": "SSDMT", "COD_ID": "11131910", "CTMT": "RCP9882", "COMP": 20.64, "TIP_CND": "105925008_13_3", "energizado": true, "fonte": "RCP9882"}}, {"type": "Feature", "geometry": {"type": "MultiLineString", "coordinates": [[[-43.23314519379562, -22.926689720853915], [-43.23327043608174, -22.92700566797714]]]}, "properties": {"camada": "SSDMT", "COD_ID": "11131616", "CTMT": "RCP9882", "COMP": 38.76, "TIP_CND": "105925011_11_3", "energizado": true, "fonte": "RCP9882"}}, {"type": "Feature", "geometry": {"type": "MultiLineString", "coordinates": [[[-43.23444261153725, -22.926337261255583], [-43.23445069644242, -22.926349840073044]]]}, "properties": {"camada": "SSDMT", "COD_ID": "346911642", "CTMT": "RCP9882", "COMP": 1.69, "TIP_CND": "105925008_13_3", "energizado": true, "fonte": "RCP9882"}}, {"type": "Feature", "geometry": {"type": "MultiLineString", "coordinates": [[[-43.23308134732628, -22.926513455531506], [-43.23301112556294, -22.92632807018424]]]}, "properties": {"camada": "SSDMT", "COD_ID": "11131874", "CTMT": "RCP9882", "COMP": 22.63, "TIP_CND": "105925011_11_3", "energizado": true, "fonte": "RCP9882"}}, {"type": "Feature", "geometry": {"type": "MultiLineString", "coordinates": [[[-43.233581221096415, -22.925642495404816], [-43.233690936587436, -22.925765503774926]]]}, "properties": {"camada": "SSDMT", "COD_ID": "11131904", "CTMT": "RCP9882", "COMP": 18.38, "TIP_CND": "105925008_13_3", "energizado": true, "fonte": "RCP9882"}}, {"type": "Feature", "geometry": {"type": "MultiLineString", "coordinates": [[[-43.23292904533912, -22.92702476777879], [-43.23307313741532, -22.92692131066991]]]}, "properties": {"camada": "SSDMT", "COD_ID": "11131484", "CTMT": "RCP9882", "COMP": 19.45, "TIP_CND": "105925011_11_3", "energizado": true, "fonte": "RCP9882"}}, {"type": "Feature", "geometry": {"type": "MultiLineString", "coordinates": [[[-43.23444261153725, -22.926337261255583], [-43.234489965339606, -22.926551027407925]]]}, "properties": {"camada": "SSDMT", "COD_ID": "23313133", "CTMT": "RCP9882", "COMP": 25.13, "TIP_CND": "105925008_13_3", "energizado": true, "fonte": "RCP9882"}}, {"type": "Feature", "geometry": {"type": "MultiLineString", "coordinates": [[[-43.23286241636737, -22.925944411305466], [-43.23277521180654, -22.925710153200953]]]}, "properties": {"camada": "SSDMT", "COD_ID": "23312511", "CTMT": "RCP9882", "COMP": 28.54, "TIP_CND": "105925011_11_3", "energizado": true, "fonte": "RCP9882"}}, {"type": "Feature", "geometry": {"type": "MultiLineString", "coordinates": [[[-43.23418445844595, -22.926050944995097], [-43.234251174651945, -22.926169085334948]]]}, "properties": {"camada": "SSDMT", "COD_ID": "11486852", "CTMT": "RCP9882", "COMP": 15.36, "TIP_CND": "105925008_13_3", "energizado": true, "fonte": "RCP9882"}}, {"type": "Feature", "geometry": {"type": "MultiLineString", "coordinates": [[[-43.23381590547962, -22.925902353610695], [-43.234103184014714, -22.925936796745702]]]}, "properties": {"camada": "SSDMT", "COD_ID": "11131916", "CTMT": "RCP9882", "COMP": 30.9, "TIP_CND": "105925008_13_3", "energizado": true, "fonte": "RCP9882"}}, {"type": "Feature", "geometry": {"type": "MultiLineString", "coordinates": [[[-43.23308134732628, -22.926513455531506], [-43.232988534593176, -22.926552372793708]]]}, "properties": {"camada": "SSDMT", "COD_ID": "11131628", "CTMT": "RCP9882", "COMP": 10.87, "TIP_CND": "105925011_11_3", "energizado": true, "fonte": "RCP9882"}}, {"type": "Feature", "geometry": {"type": "MultiLineString", "coordinates": [[[-43.23314519379562, -22.926689720853915], [-43.23308134732628, -22.926513455531506]]]}, "properties": {"camada": "SSDMT", "COD_ID": "11131610", "CTMT": "RCP9882", "COMP": 21.41, "TIP_CND": "105925011_11_3", "energizado": true, "fonte": "RCP9882"}}, {"type": "Feature", "geometry": {"type": "MultiLineString", "coordinates": [[[-43.234251174651945, -22.926169085334948], [-43.23444261153725, -22.926337261255583]]]}, "properties": {"camada": "SSDMT", "COD_ID": "346911990", "CTMT": "RCP9882", "COMP": 28.15, "TIP_CND": "105925008_13_3", "energizado": true, "fonte": "RCP9882"}}, {"type": "Feature", "geometry": {"type": "MultiLineString", "coordinates": [[[-43.23307313741532, -22.92692131066991], [-43.23314519379562, -22.926689720853915]]]}, "properties": {"camada": "SSDMT", "COD_ID": "11131604", "CTMT": "RCP9882", "COMP": 27.76, "TIP_CND": "105925011_11_3", "energizado": true, "fonte": "RCP9882"}}, {"type": "Feature", "geometry": {"type": "MultiLineString", "coordinates": [[[-43.23295938756564, -22.926190166343076], [-43.2329166346949, -22.926081982397534]]]}, "properties": {"camada": "SSDMT", "COD_ID": "346911972", "CTMT": "RCP9882", "COMP": 13.27, "TIP_CND": "105925011_11_3", "energizado": true, "fonte": "RCP9882"}}, {"type": "Feature", "geometry": {"type": "MultiLineString", "coordinates": [[[-43.23580814752796, -22.925168884536333], [-43.23574199879414, -22.92521326607931]]]}, "properties": {"camada": "SSDMT", "COD_ID": "56423943", "CTMT": "ALC9925", "COMP": 8.71, "TIP_CND": "105925009_13_3", "energizado": false, "fonte": null}}, {"type": "Feature", "geometry": {"type": "MultiLineString", "coordinates": [[[-43.23567413325458, -22.925262279130834], [-43.23554545735692, -22.92534702674385]]]}, "properties": {"camada": "SSDMT", "COD_ID": "346911792", "CTMT": "ALC9925", "COMP": 16.84, "TIP_CND": "105925008_13_3", "energizado": false, "fonte": null}}, {"type": "Feature", "geometry": {"type": "MultiLineString", "coordinates": [[[-43.23603874719038, -22.92507779220631], [-43.236044183592185, -22.925086351054233]]]}, "properties": {"camada": "SSDMT", "COD_ID": "746602249", "CTMT": "ALC9925", "COMP": 1.14, "TIP_CND": "105925009_13_3", "energizado": false, "fonte": null}}, {"type": "Feature", "geometry": {"type": "MultiLineString", "coordinates": [[[-43.23512450808954, -22.925643966695645], [-43.23509943768886, -22.925655598526987]]]}, "properties": {"camada": "SSDMT", "COD_ID": "346912044", "CTMT": "ALC9925", "COMP": 2.99, "TIP_CND": "105925008_13_3", "energizado": false, "fonte": null}}, {"type": "Feature", "geometry": {"type": "MultiLineString", "coordinates": [[[-43.23605576506145, -22.925105298870392], [-43.23608760016259, -22.92514196512957]]]}, "properties": {"camada": "SSDMT", "COD_ID": "746602243", "CTMT": "ALC9925", "COMP": 5.42, "TIP_CND": "105925009_13_3", "energizado": false, "fonte": null}}, {"type": "Feature", "geometry": {"type": "MultiLineString", "coordinates": [[[-43.236004164660415, -22.925028146032048], [-43.235900395486794, -22.92510106126491]]]}, "properties": {"camada": "SSDMT", "COD_ID": "10962370", "CTMT": "ALC9925", "COMP": 13.9, "TIP_CND": "105925009_13_3", "energizado": false, "fonte": null}}, {"type": "Feature", "geometry": {"type": "MultiLineString", "coordinates": [[[-43.23574199879414, -22.92521326607931], [-43.23567413325458, -22.925262279130834]]]}, "properties": {"camada": "SSDMT", "COD_ID": "11132006", "CTMT": "ALC9925", "COMP": 9.18, "TIP_CND": "105925008_13_3", "energizado": false, "fonte": null}}, {"type": "Feature", "geometry": {"type": "MultiLineString", "coordinates": [[[-43.23532928371941, -22.92550085218255], [-43.23523476047575, -22.925568081002098]]]}, "properties": {"camada": "SSDMT", "COD_ID": "346911786", "CTMT": "ALC9925", "COMP": 12.71, "TIP_CND": "105925008_13_3", "energizado": false, "fonte": null}}, {"type": "Feature", "geometry": {"type": "MultiLineString", "coordinates": [[[-43.23587056497456, -22.925122718738407], [-43.23580814752796, -22.925168884536333]]]}, "properties": {"camada": "SSDMT", "COD_ID": "347051786", "CTMT": "ALC9925", "COMP": 8.52, "TIP_CND": "105925009_13_3", "energizado": false, "fonte": null}}, {"type": "Feature", "geometry": {"type": "MultiLineString", "coordinates": [[[-43.23589208305316, -22.925093220975327], [-43.23588185416418, -22.925100936259184]]]}, "properties": {"camada": "SSDMT", "COD_ID": "764271949", "CTMT": "ALC9925", "COMP": 1.41, "TIP_CND": "105925009_13_3", "energizado": false, "fonte": null}}, {"type": "Feature", "geometry": {"type": "MultiLineString", "coordinates": [[[-43.23580814752796, -22.925168884536333], [-43.23580405561262, -22.92516038684232]]]}, "properties": {"camada": "SSDMT", "COD_ID": "347051779", "CTMT": "ALC9925", "COMP": 1.07, "TIP_CND": "105925009_13_3", "energizado": false, "fonte": null}}, {"type": "Feature", "geometry": {"type": "MultiLineString", "coordinates": [[[-43.23614456771759, -22.924921647416056], [-43.236004164660415, -22.925028146032048]]]}, "properties": {"camada": "SSDMT", "COD_ID": "10962364", "CTMT": "ALC9925", "COMP": 19.36, "TIP_CND": "105925009_13_3", "energizado": false, "fonte": null}}, {"type": "Feature", "geometry": {"type": "MultiLineString", "coordinates": [[[-43.23605576506145, -22.925105298870392], [-43.236045764600306, -22.925108890762658]]]}, "properties": {"camada": "SSDMT", "COD_ID": "746602237", "CTMT": "ALC9925", "COMP": 1.14, "TIP_CND": "105925009_13_3", "energizado": false, "fonte": null}}, {"type": "Feature", "geometry": {"type": "MultiLineString", "coordinates": [[[-43.235900395486794, -22.92510106126491], [-43.235889729527344, -22.925108655140264]]]}, "properties": {"camada": "SSDMT", "COD_ID": "764271929", "CTMT": "ALC9925", "COMP": 1.44, "TIP_CND": "105925009_13_3", "energizado": false, "fonte": null}}, {"type": "Feature", "geometry": {"type": "MultiLineString", "coordinates": [[[-43.23608760016259, -22.92514196512957], [-43.23619347105182, -22.925240456182053]]]}, "properties": {"camada": "SSDMT", "COD_ID": "45509416", "CTMT": "ALC9925", "COMP": 16.01, "TIP_CND": "105925009_13_3", "energizado": false, "fonte": null}}, {"type": "Feature", "geometry": {"type": "MultiLineString", "coordinates": [[[-43.235900395486794, -22.92510106126491], [-43.23589208305316, -22.925093220975327]]]}, "properties": {"camada": "SSDMT", "COD_ID": "764271939", "CTMT": "ALC9925", "COMP": 1.27, "TIP_CND": "105925009_13_3", "energizado": false, "fonte": null}}, {"type": "Feature", "geometry": {"type": "MultiLineString", "coordinates": [[[-43.23619347105182, -22.925240456182053], [-43.23627927446893, -22.925321194617368]]]}, "properties": {"camada": "SSDMT", "COD_ID": "10962346", "CTMT": "ALC9925", "COMP": 13.05, "TIP_CND": "105925009_13_3", "energizado": false, "fonte": null}}, {"type": "Feature", "geometry": {"type": "MultiLineString", "coordinates": [[[-43.23605008134615, -22.925096250791285], [-43.23605576506145, -22.925105298870392]]]}, "properties": {"camada": "SSDMT", "COD_ID": "746602255", "CTMT": "ALC9925", "COMP": 1.21, "TIP_CND": "105925009_13_3", "energizado": false, "fonte": null}}, {"type": "Feature", "geometry": {"type": "MultiLineString", "coordinates": [[[-43.23523476047575, -22.925568081002098], [-43.23512450808954, -22.925643966695645]]]}, "properties": {"camada": "SSDMT", "COD_ID": "11131982", "CTMT": "ALC9925", "COMP": 14.65, "TIP_CND": "105925008_13_3", "energizado": false, "fonte": null}}, {"type": "Feature", "geometry": {"type": "MultiLineString", "coordinates": [[[-43.23554545735692, -22.92534702674385], [-43.23540979912286, -22.925443915204482]]]}, "properties": {"camada": "SSDMT", "COD_ID": "271887517", "CTMT": "ALC9925", "COMP": 18.27, "TIP_CND": "105925008_13_3", "energizado": false, "fonte": null}}, {"type": "Feature", "geometry": {"type": "MultiLineString", "coordinates": [[[-43.23587056497456, -22.925122718738407], [-43.23586302056191, -22.925115076299676]]]}, "properties": {"camada": "SSDMT", "COD_ID": "764271896", "CTMT": "ALC9925", "COMP": 1.19, "TIP_CND": "105925009_13_3", "energizado": false, "fonte": null}}, {"type": "Feature", "geometry": {"type": "MultiLineString", "coordinates": [[[-43.23586302056191, -22.925115076299676], [-43.23587161448336, -22.92510870640166]]]}, "properties": {"camada": "SSDMT", "COD_ID": "764271911", "CTMT": "ALC9925", "COMP": 1.17, "TIP_CND": "105925009_13_3", "energizado": false, "fonte": null}}, {"type": "Feature", "geometry": {"type": "MultiLineString", "coordinates": [[[-43.236004164660415, -22.925028146032048], [-43.23603874719038, -22.92507779220631]]]}, "properties": {"camada": "SSDMT", "COD_ID": "10962376", "CTMT": "ALC9925", "COMP": 6.8, "TIP_CND": "105925009_13_3", "energizado": false, "fonte": null}}, {"type": "Feature", "geometry": {"type": "MultiLineString", "coordinates": [[[-43.23603874719038, -22.92507779220631], [-43.23602888522481, -22.925082740276196]]]}, "properties": {"camada": "SSDMT", "COD_ID": "746602219", "CTMT": "ALC9925", "COMP": 1.2, "TIP_CND": "105925009_13_3", "energizado": false, "fonte": null}}, {"type": "Feature", "geometry": {"type": "MultiLineString", "coordinates": [[[-43.236268167841615, -22.92483583950235], [-43.23628699155137, -22.924840528567472]]]}, "properties": {"camada": "SSDMT", "COD_ID": "335520291", "CTMT": "ALC9925", "COMP": 2.08, "TIP_CND": "105925006_13_3", "energizado": false, "fonte": null}}, {"type": "Feature", "geometry": {"type": "MultiLineString", "coordinates": [[[-43.23579678729186, -22.925146461739757], [-43.23572591981531, -22.9250077314216]]]}, "properties": {"camada": "SSDMT", "COD_ID": "10956778", "CTMT": "ALC9925", "COMP": 17.68, "TIP_CND": "105925009_13_3", "energizado": false, "fonte": null}}, {"type": "Feature", "geometry": {"type": "MultiLineString", "coordinates": [[[-43.23629640835253, -22.924842882093287], [-43.2363681463728, -22.924875854836785]]]}, "properties": {"camada": "SSDMT", "COD_ID": "10962292", "CTMT": "ALC9925", "COMP": 8.54, "TIP_CND": "105925006_13_3", "energizado": false, "fonte": null}}, {"type": "Feature", "geometry": {"type": "MultiLineString", "coordinates": [[[-43.2358798549713, -22.92511601339328], [-43.23587056497456, -22.925122718738407]]]}, "properties": {"camada": "SSDMT", "COD_ID": "764271890", "CTMT": "ALC9925", "COMP": 1.26, "TIP_CND": "105925009_13_3", "energizado": false, "fonte": null}}, {"type": "Feature", "geometry": {"type": "MultiLineString", "coordinates": [[[-43.23540979912286, -22.925443915204482], [-43.23532928371941, -22.92550085218255]]]}, "properties": {"camada": "SSDMT", "COD_ID": "11131988", "CTMT": "ALC9925", "COMP": 10.81, "TIP_CND": "105925008_13_3", "energizado": false, "fonte": null}}, {"type": "Feature", "geometry": {"type": "MultiLineString", "coordinates": [[[-43.236045764600306, -22.925108890762658], [-43.236040288628374, -22.92510034090799]]]}, "properties": {"camada": "SSDMT", "COD_ID": "746602231", "CTMT": "ALC9925", "COMP": 1.14, "TIP_CND": "105925009_13_3", "energizado": false, "fonte": null}}, {"type": "Feature", "geometry": {"type": "MultiLineString", "coordinates": [[[-43.236268167841615, -22.92483583950235], [-43.23614456771759, -22.924921647416056]]]}, "properties": {"camada": "SSDMT", "COD_ID": "60687111", "CTMT": "ALC9925", "COMP": 16.48, "TIP_CND": "105925009_13_3", "energizado": false, "fonte": null}}, {"type": "Feature", "geometry": {"type": "MultiLineString", "coordinates": [[[-43.23540979912286, -22.925443915204482], [-43.23541627154367, -22.92542664912054]]]}, "properties": {"camada": "SSDMT", "COD_ID": "346912314", "CTMT": "ALC9925", "COMP": 2.11, "TIP_CND": "105925008_13_3", "energizado": false, "fonte": null}}, {"type": "Feature", "geometry": {"type": "MultiLineString", "coordinates": [[[-43.2354190441535, -22.92541880523362], [-43.235476984775005, -22.925232732804318]]]}, "properties": {"camada": "SSDMT", "COD_ID": "11132000", "CTMT": "ALC9925", "COMP": 22.3, "TIP_CND": "105925008_13_3", "energizado": false, "fonte": null}}, {"type": "Feature", "geometry": {"type": "MultiLineString", "coordinates": [[[-43.23612675124855, -22.924900164411042], [-43.23600032725324, -22.924746719385553]]]}, "properties": {"camada": "SSDMT", "COD_ID": "60687138", "CTMT": "ALC9925", "COMP": 22.23, "TIP_CND": "105925005_13_3", "energizado": false, "fonte": null}}, {"type": "Feature", "geometry": {"type": "MultiLineString", "coordinates": [[[-43.23614456771759, -22.924921647416056], [-43.236132693069294, -22.924907328410427]]]}, "properties": {"camada": "SSDMT", "COD_ID": "335515961", "CTMT": "ALC9925", "COMP": 2.08, "TIP_CND": "105925005_13_3", "energizado": false, "fonte": null}}, {"type": "Feature", "geometry": {"type": "MultiLineString", "coordinates": [[[-43.233051022186885, -22.925056946820575], [-43.2330536410127, -22.925056452193473]]]}, "properties": {"camada": "SSDMT", "COD_ID": "23312851", "CTMT": "RCP9882", "COMP": 0.29, "TIP_CND": "105924970_35_3", "energizado": true, "fonte": "RCP9882"}}, {"type": "Feature", "geometry": {"type": "MultiLineString", "coordinates": [[[-43.235370054484406, -22.92631010262909], [-43.23536303347714, -22.926300443010973]]]}, "properties": {"camada": "SSDMT", "COD_ID": "23313939", "CTMT": "RCP9882", "COMP": 1.34, "TIP_CND": "105924969_35_3", "energizado": true, "fonte": "RCP9882"}}, {"type": "Feature", "geometry": {"type": "MultiLineString", "coordinates": [[[-43.23498351058049, -22.925744307653645], [-43.23496213099753, -22.925712580471156]]]}, "properties": {"camada": "SSDMT", "COD_ID": "104620947", "CTMT": "RCP9882", "COMP": 4.31, "TIP_CND": "105924968_35_3", "energizado": true, "fonte": "RCP9882"}}, {"type": "Feature", "geometry": {"type": "MultiLineString", "coordinates": [[[-43.23515279086854, -22.92646065453556], [-43.235365235916845, -22.92631331770542]]]}, "properties": {"camada": "SSDMT", "COD_ID": "23313795", "CTMT": "RCP9882", "COMP": 28.31, "TIP_CND": "105924969_35_3", "energizado": true, "fonte": "RCP9882"}}, {"type": "Feature", "geometry": {"type": "MultiLineString", "coordinates": [[[-43.235365865442304, -22.926312900419987], [-43.235370054484406, -22.92631010262909]]]}, "properties": {"camada": "SSDMT", "COD_ID": "23314049", "CTMT": "RCP9882", "COMP": 0.55, "TIP_CND": "105924969_35_3", "energizado": true, "fonte": "RCP9882"}}, {"type": "Feature", "geometry": {"type": "MultiLineString", "coordinates": [[[-43.234463322024624, -22.92636940572345], [-43.23452466568074, -22.92647030965702]]]}, "properties": {"camada": "SSDMT", "COD_ID": "23313425", "CTMT": "RCP9882", "COMP": 13.34, "TIP_CND": "105924969_35_3", "energizado": true, "fonte": "RCP9882"}}, {"type": "Feature", "geometry": {"type": "MultiLineString", "coordinates": [[[-43.23498698016493, -22.92570369067272], [-43.23499273043012, -22.92570307733513]]]}, "properties": {"camada": "SSDMT", "COD_ID": "23314116", "CTMT": "RCP9882", "COMP": 0.62, "TIP_CND": "105924968_35_3", "energizado": true, "fonte": "RCP9882"}}, {"type": "Feature", "geometry": {"type": "MultiLineString", "coordinates": [[[-43.233270084446815, -22.925301197292356], [-43.2332693083319, -22.925304665977535]]]}, "properties": {"camada": "SSDMT", "COD_ID": "23312907", "CTMT": "RCP9882", "COMP": 0.41, "TIP_CND": "105924970_35_3", "energizado": true, "fonte": "RCP9882"}}, {"type": "Feature", "geometry": {"type": "MultiLineString", "coordinates": [[[-43.23492574262889, -22.925638278483746], [-43.23492860067432, -22.925637443013557]]]}, "properties": {"camada": "SSDMT", "COD_ID": "23313995", "CTMT": "RCP9882", "COMP": 0.32, "TIP_CND": "105924968_35_3", "energizado": true, "fonte": "RCP9882"}}, {"type": "Feature", "geometry": {"type": "MultiLineString", "coordinates": [[[-43.23330525873064, -22.92534567686147], [-43.23339388871693, -22.925436092901293]]]}, "properties": {"camada": "SSDMT", "COD_ID": "23312960", "CTMT": "RCP9882", "COMP": 14.07, "TIP_CND": "105924970_35_3", "energizado": true, "fonte": "RCP9882"}}, {"type": "Feature", "geometry": {"type": "MultiLineString", "coordinates": [[[-43.23483144421573, -22.926550636202876], [-43.23513127998456, -22.926471477876362]]]}, "properties": {"camada": "SSDMT", "COD_ID": "23313739", "CTMT": "RCP9882", "COMP": 33.26, "TIP_CND": "105924969_35_3", "energizado": true, "fonte": "RCP9882"}}, {"type": "Feature", "geometry": {"type": "MultiLineString", "coordinates": [[[-43.23329438322918, -22.925334059419242], [-43.23330525873064, -22.92534567686147]]]}, "properties": {"camada": "SSDMT", "COD_ID": "23312937", "CTMT": "RCP9882", "COMP": 1.77, "TIP_CND": "105924970_35_3", "energizado": true, "fonte": "RCP9882"}}, {"type": "Feature", "geometry": {"type": "MultiLineString", "coordinates": [[[-43.23474654102, -22.926401193160473], [-43.23480733698898, -22.926519537646527]]]}, "properties": {"camada": "SSDMT", "COD_ID": "23313555", "CTMT": "RCP9882", "COMP": 15.09, "TIP_CND": "105924969_35_3", "energizado": true, "fonte": "RCP9882"}}, {"type": "Feature", "geometry": {"type": "MultiLineString", "coordinates": [[[-43.23536303347714, -22.926300443010973], [-43.23498351058049, -22.925744307653645]]]}, "properties": {"camada": "SSDMT", "COD_ID": "23313985", "CTMT": "RCP9882", "COMP": 75.77, "TIP_CND": "105924969_35_3", "energizado": true, "fonte": "RCP9882"}}, {"type": "Feature", "geometry": {"type": "MultiLineString", "coordinates": [[[-43.23496213099753, -22.925712580471156], [-43.23492574262889, -22.925638278483746]]]}, "properties": {"camada": "SSDMT", "COD_ID": "51043230", "CTMT": "RCP9882", "COMP": 9.4, "TIP_CND": "105924968_35_3", "energizado": true, "fonte": "RCP9882"}}, {"type": "Feature", "geometry": {"type": "MultiLineString", "coordinates": [[[-43.23494680385187, -22.92565768495416], [-43.23498698016493, -22.92570369067272]]]}, "properties": {"camada": "SSDMT", "COD_ID": "23313322", "CTMT": "RCP9882", "COMP": 6.82, "TIP_CND": "105924968_35_3", "energizado": true, "fonte": "RCP9882"}}, {"type": "Feature", "geometry": {"type": "MultiLineString", "coordinates": [[[-43.23482167308168, -22.926548595641123], [-43.2348241075465, -22.92655330898799]]]}, "properties": {"camada": "SSDMT", "COD_ID": "23313621", "CTMT": "RCP9882", "COMP": 0.6, "TIP_CND": "105924969_35_3", "energizado": true, "fonte": "RCP9882"}}, {"type": "Feature", "geometry": {"type": "MultiLineString", "coordinates": [[[-43.23499273043012, -22.92570307733513], [-43.23508574910801, -22.925661713916895]]]}, "properties": {"camada": "SSDMT", "COD_ID": "23314012", "CTMT": "RCP9882", "COMP": 11.01, "TIP_CND": "105924968_35_3", "energizado": true, "fonte": "RCP9882"}}, {"type": "Feature", "geometry": {"type": "MultiLineString", "coordinates": [[[-43.235150139667155, -22.92646207906165], [-43.23515279086854, -22.92646065453556]]]}, "properties": {"camada": "SSDMT", "COD_ID": "23313785", "CTMT": "RCP9882", "COMP": 0.33, "TIP_CND": "105924969_35_3", "energizado": true, "fonte": "RCP9882"}}, {"type": "Feature", "geometry": {"type": "MultiLineString", "coordinates": [[[-43.23473182541335, -22.926384882156526], [-43.23473684542904, -22.92638270759585]]]}, "properties": {"camada": "SSDMT", "COD_ID": "23313483", "CTMT": "RCP9882", "COMP": 0.59, "TIP_CND": "105924969_35_3", "energizado": true, "fonte": "RCP9882"}}, {"type": "Feature", "geometry": {"type": "MultiLineString", "coordinates": [[[-43.23474020619551, -22.926388966877255], [-43.23474654102, -22.926401193160473]]]}, "properties": {"camada": "SSDMT", "COD_ID": "23313509", "CTMT": "RCP9882", "COMP": 1.56, "TIP_CND": "105924969_35_3", "energizado": true, "fonte": "RCP9882"}}, {"type": "Feature", "geometry": {"type": "MultiLineString", "coordinates": [[[-43.23304611998242, -22.925060558497933], [-43.233051022186885, -22.925056946820575]]]}, "properties": {"camada": "SSDMT", "COD_ID": "23312864", "CTMT": "RCP9882", "COMP": 0.67, "TIP_CND": "105924970_35_3", "energizado": true, "fonte": "RCP9882"}}, {"type": "Feature", "geometry": {"type": "MultiLineString", "coordinates": [[[-43.23453146275676, -22.92647168561973], [-43.23473182541335, -22.926384882156526]]]}, "properties": {"camada": "SSDMT", "COD_ID": "23313467", "CTMT": "RCP9882", "COMP": 23.6, "TIP_CND": "105924969_35_3", "energizado": true, "fonte": "RCP9882"}}, {"type": "Feature", "geometry": {"type": "MultiLineString", "coordinates": [[[-43.23452466568074, -22.92647030965702], [-43.23452606682446, -22.926473549015043]]]}, "properties": {"camada": "SSDMT", "COD_ID": "23313435", "CTMT": "RCP9882", "COMP": 0.4, "TIP_CND": "105924969_35_3", "energizado": true, "fonte": "RCP9882"}}, {"type": "Feature", "geometry": {"type": "MultiLineString", "coordinates": [[[-43.23513127998456, -22.926471477876362], [-43.23513948090226, -22.926466809495594]]]}, "properties": {"camada": "SSDMT", "COD_ID": "23313703", "CTMT": "RCP9882", "COMP": 1.03, "TIP_CND": "105924969_35_3", "energizado": true, "fonte": "RCP9882"}}, {"type": "Feature", "geometry": {"type": "MultiLineString", "coordinates": [[[-43.2348241075465, -22.92655330898799], [-43.23483144421573, -22.926550636202876]]]}, "properties": {"camada": "SSDMT", "COD_ID": "23313637", "CTMT": "RCP9882", "COMP": 0.84, "TIP_CND": "105924969_35_3", "energizado": true, "fonte": "RCP9882"}}, {"type": "Feature", "geometry": {"type": "MultiLineString", "coordinates": [[[-43.23514597850408, -22.92646418167658], [-43.235150139667155, -22.92646207906165]]]}, "properties": {"camada": "SSDMT", "COD_ID": "23313775", "CTMT": "RCP9882", "COMP": 0.51, "TIP_CND": "105924969_35_3", "energizado": true, "fonte": "RCP9882"}}, {"type": "Feature", "geometry": {"type": "MultiLineString", "coordinates": [[[-43.23267531691232, -22.925385348654856], [-43.23304611998242, -22.925060558497933]]]}, "properties": {"camada": "SSDMT", "COD_ID": "12866429", "CTMT": "RCP9882", "COMP": 54.44, "TIP_CND": "105924970_35_3", "energizado": true, "fonte": "RCP9882"}}, {"type": "Feature", "geometry": {"type": "MultiLineString", "coordinates": [[[-43.2330536410127, -22.925056452193473], [-43.233264474475845, -22.92529998860357]]]}, "properties": {"camada": "SSDMT", "COD_ID": "11131892", "CTMT": "RCP9882", "COMP": 35.95, "TIP_CND": "105924970_35_3", "energizado": true, "fonte": "RCP9882"}}, {"type": "Feature", "geometry": {"type": "MultiLineString", "coordinates": [[[-43.2332693083319, -22.925304665977535], [-43.23329438322918, -22.925334059419242]]]}, "properties": {"camada": "SSDMT", "COD_ID": "23312930", "CTMT": "RCP9882", "COMP": 4.31, "TIP_CND": "105924970_35_3", "energizado": true, "fonte": "RCP9882"}}, {"type": "Feature", "geometry": {"type": "MultiLineString", "coordinates": [[[-43.23492860067432, -22.925637443013557], [-43.23494680385187, -22.92565768495416]]]}, "properties": {"camada": "SSDMT", "COD_ID": "23314005", "CTMT": "RCP9882", "COMP": 3.03, "TIP_CND": "105924968_35_3", "energizado": true, "fonte": "RCP9882"}}, {"type": "Feature", "geometry": {"type": "MultiLineString", "coordinates": [[[-43.23473684542904, -22.92638270759585], [-43.23474020619551, -22.926388966877255]]]}, "properties": {"camada": "SSDMT", "COD_ID": "23313499", "CTMT": "RCP9882", "COMP": 0.81, "TIP_CND": "105924969_35_3", "energizado": true, "fonte": "RCP9882"}}, {"type": "Feature", "geometry": {"type": "MultiLineString", "coordinates": [[[-43.235365235916845, -22.92631331770542], [-43.235365865442304, -22.926312900419987]]]}, "properties": {"camada": "SSDMT", "COD_ID": "23313887", "CTMT": "RCP9882", "COMP": 0.08, "TIP_CND": "105924968_35_3", "energizado": true, "fonte": "RCP9882"}}, {"type": "Feature", "geometry": {"type": "MultiLineString", "coordinates": [[[-43.23480733698898, -22.926519537646527], [-43.23482167308168, -22.926548595641123]]]}, "properties": {"camada": "SSDMT", "COD_ID": "23313611", "CTMT": "RCP9882", "COMP": 3.68, "TIP_CND": "105924969_35_3", "energizado": true, "fonte": "RCP9882"}}, {"type": "Feature", "geometry": {"type": "MultiLineString", "coordinates": [[[-43.23513948090226, -22.926466809495594], [-43.23514597850408, -22.92646418167658]]]}, "properties": {"camada": "SSDMT", "COD_ID": "23313759", "CTMT": "RCP9882", "COMP": 0.76, "TIP_CND": "105924969_35_3", "energizado": true, "fonte": "RCP9882"}}, {"type": "Feature", "geometry": {"type": "MultiLineString", "coordinates": [[[-43.233264474475845, -22.92529998860357], [-43.233270084446815, -22.925301197292356]]]}, "properties": {"camada": "SSDMT", "COD_ID": "23312926", "CTMT": "RCP9882", "COMP": 0.61, "TIP_CND": "105924970_35_3", "energizado": true, "fonte": "RCP9882"}}, {"type": "Feature", "geometry": {"type": "MultiLineString", "coordinates": [[[-43.23452606682446, -22.926473549015043], [-43.23453146275676, -22.92647168561973]]]}, "properties": {"camada": "SSDMT", "COD_ID": "23313451", "CTMT": "RCP9882", "COMP": 0.61, "TIP_CND": "105924969_35_3", "energizado": true, "fonte": "RCP9882"}}, {"type": "Feature", "geometry": {"type": "MultiLineString", "coordinates": [[[-43.234456415231364, -22.92635916963991], [-43.234463322024624, -22.92636940572345]]]}, "properties": {"camada": "SSDMT", "COD_ID": "23313341", "CTMT": "RCP9882", "COMP": 1.39, "TIP_CND": "105924969_35_3", "energizado": true, "fonte": "RCP9882"}}, {"type": "Feature", "geometry": {"type": "MultiLineString", "coordinates": [[[-43.23602888522481, -22.925082740276196], [-43.23603443943779, -22.925091236171568]]]}, "properties": {"camada": "SSDMT", "COD_ID": "746602225", "CTMT": "ALC9925", "COMP": 1.14, "TIP_CND": "105925009_15_3", "energizado": false, "fonte": null}}, {"type": "Feature", "geometry": {"type": "MultiLineString", "coordinates": [[[-43.23572591981531, -22.9250077314216], [-43.235710150203204, -22.924826492848297]]]}, "properties": {"camada": "SSDMT", "COD_ID": "11461916", "CTMT": "ALC9925", "COMP": 20.94, "TIP_CND": "247804999_13_2", "energizado": false, "fonte": null}}, {"type": "Feature", "geometry": {"type": "MultiLineString", "coordinates": [[[-43.236202911235296, -22.92463639685218], [-43.23617381007324, -22.924412457568792]]]}, "properties": {"camada": "SSDMT", "COD_ID": "134411097", "CTMT": "ALC9925", "COMP": 25.98, "TIP_CND": "105925005_13_3", "energizado": false, "fonte": null}}, {"type": "Feature", "geometry": {"type": "MultiLineString", "coordinates": [[[-43.23618464960185, -22.923565237745493], [-43.23625444958316, -22.923240632848888]]]}, "properties": {"camada": "SSDMT", "COD_ID": "10969106", "CTMT": "ALC9946", "COMP": 38.12, "TIP_CND": "105925005_13_3", "energizado": true, "fonte": "ALC9946"}}, {"type": "Feature", "geometry": {"type": "MultiLineString", "coordinates": [[[-43.23634578562945, -22.92361494507361], [-43.23633634724456, -22.92361205914915]]]}, "properties": {"camada": "SSDMT", "COD_ID": "335017836", "CTMT": "ALC9946", "COMP": 1.06, "TIP_CND": "105925011_11_3", "energizado": true, "fonte": "ALC9946"}}, {"type": "Feature", "geometry": {"type": "MultiLineString", "coordinates": [[[-43.236320683752524, -22.923607243279605], [-43.23618464960185, -22.923565237745493]]]}, "properties": {"camada": "SSDMT", "COD_ID": "10969100", "CTMT": "ALC9946", "COMP": 15.3, "TIP_CND": "105925011_11_3", "energizado": true, "fonte": "ALC9946"}}, {"type": "Feature", "geometry": {"type": "MultiLineString", "coordinates": [[[-43.23702514879153, -22.922001757375142], [-43.236936946882565, -22.92203585157324]]]}, "properties": {"camada": "SSDMT", "COD_ID": "10968620", "CTMT": "ALC9946", "COMP": 10.2, "TIP_CND": "105925005_13_3", "energizado": true, "fonte": "ALC9946"}}, {"type": "Feature", "geometry": {"type": "MultiLineString", "coordinates": [[[-43.23875610091329, -22.919621403904614], [-43.238834496614686, -22.919521393897185]]]}, "properties": {"camada": "SSDMT", "COD_ID": "10967540", "CTMT": "ALC9946", "COMP": 14.23, "TIP_CND": "105925005_13_3", "energizado": true, "fonte": "ALC9946"}}, {"type": "Feature", "geometry": {"type": "MultiLineString", "coordinates": [[[-43.238736450726606, -22.919641468678776], [-43.23874955115082, -22.919628095759947]]]}, "properties": {"camada": "SSDMT", "COD_ID": "335017812", "CTMT": "ALC9946", "COMP": 2.08, "TIP_CND": "105925005_13_3", "energizado": true, "fonte": "ALC9946"}}, {"type": "Feature", "geometry": {"type": "MultiLineString", "coordinates": [[[-43.23825357774035, -22.92070265880062], [-43.238209841910646, -22.920585777511576]]]}, "properties": {"camada": "SSDMT", "COD_ID": "10968206", "CTMT": "ALC9946", "COMP": 14.25, "TIP_CND": "105925005_13_3", "energizado": true, "fonte": "ALC9946"}}, {"type": "Feature", "geometry": {"type": "MultiLineString", "coordinates": [[[-43.23705214284206, -22.92199131984347], [-43.23703415370318, -22.921998271602888]]]}, "properties": {"camada": "SSDMT", "COD_ID": "335018094", "CTMT": "ALC9946", "COMP": 2.08, "TIP_CND": "105925005_13_3", "energizado": true, "fonte": "ALC9946"}}, {"type": "Feature", "geometry": {"type": "MultiLineString", "coordinates": [[[-43.238834496614686, -22.919521393897185], [-43.2390534167817, -22.91935089592704]]]}, "properties": {"camada": "SSDMT", "COD_ID": "10967510", "CTMT": "ALC9946", "COMP": 30.51, "TIP_CND": "105925005_13_3", "energizado": true, "fonte": "ALC9946"}}, {"type": "Feature", "geometry": {"type": "MultiLineString", "coordinates": [[[-43.23910078767119, -22.92149947701921], [-43.239095072479586, -22.92150872384849]]]}, "properties": {"camada": "SSDMT", "COD_ID": "1005912502", "CTMT": "ALC9925", "COMP": 1.23, "TIP_CND": "105925009_13_3", "energizado": false, "fonte": null}}, {"type": "Feature", "geometry": {"type": "MultiLineString", "coordinates": [[[-43.23909470375753, -22.921531197007084], [-43.23909987845656, -22.921522332389657]]]}, "properties": {"camada": "SSDMT", "COD_ID": "1005912488", "CTMT": "ALC9925", "COMP": 1.16, "TIP_CND": "105925009_13_3", "energizado": false, "fonte": null}}, {"type": "Feature", "geometry": {"type": "MultiLineString", "coordinates": [[[-43.23908464394111, -22.92152660596804], [-43.2390035304885, -22.921650545136515]]]}, "properties": {"camada": "SSDMT", "COD_ID": "1005912442", "CTMT": "ALC9925", "COMP": 16.69, "TIP_CND": "105925009_13_3", "energizado": false, "fonte": null}}, {"type": "Feature", "geometry": {"type": "MultiLineString", "coordinates": [[[-43.23908464394111, -22.92152660596804], [-43.23909470375753, -22.921531197007084]]]}, "properties": {"camada": "SSDMT", "COD_ID": "1005912494", "CTMT": "ALC9925", "COMP": 1.2, "TIP_CND": "105925009_13_3", "energizado": false, "fonte": null}}, {"type": "Feature", "geometry": {"type": "MultiLineString", "coordinates": [[[-43.23948340423567, -22.920892648676727], [-43.239385172187895, -22.92105354908199]]]}, "properties": {"camada": "SSDMT", "COD_ID": "134459927", "CTMT": "ALC9925", "COMP": 21.29, "TIP_CND": "105925009_13_3", "energizado": false, "fonte": null}}, {"type": "Feature", "geometry": {"type": "MultiLineString", "coordinates": [[[-43.238784235304195, -22.921993206621153], [-43.23873220502719, -22.922073967539518]]]}, "properties": {"camada": "SSDMT", "COD_ID": "335515739", "CTMT": "ALC9925", "COMP": 10.83, "TIP_CND": "105925009_13_3", "energizado": false, "fonte": null}}, {"type": "Feature", "geometry": {"type": "MultiLineString", "coordinates": [[[-43.23908999580664, -22.921517589365237], [-43.23908464394111, -22.92152660596804]]]}, "properties": {"camada": "SSDMT", "COD_ID": "1005912508", "CTMT": "ALC9925", "COMP": 1.19, "TIP_CND": "105925009_13_3", "energizado": false, "fonte": null}}, {"type": "Feature", "geometry": {"type": "MultiLineString", "coordinates": [[[-43.239929457178675, -22.920196352179858], [-43.239737068810655, -22.920492652713733]]]}, "properties": {"camada": "SSDMT", "COD_ID": "10961734", "CTMT": "ALC9925", "COMP": 39.82, "TIP_CND": "105925009_13_3", "energizado": false, "fonte": null}}, {"type": "Feature", "geometry": {"type": "MultiLineString", "coordinates": [[[-43.239737068810655, -22.920492652713733], [-43.239860956717735, -22.92045658540303]]]}, "properties": {"camada": "SSDMT", "COD_ID": "335535973", "CTMT": "ALC9925", "COMP": 13.85, "TIP_CND": "105925009_13_3", "energizado": false, "fonte": null}}, {"type": "Feature", "geometry": {"type": "MultiLineString", "coordinates": [[[-43.238879370986126, -22.92184118432317], [-43.238784235304195, -22.921993206621153]]]}, "properties": {"camada": "SSDMT", "COD_ID": "134460001", "CTMT": "ALC9925", "COMP": 20.24, "TIP_CND": "105925009_13_3", "energizado": false, "fonte": null}}, {"type": "Feature", "geometry": {"type": "MultiLineString", "coordinates": [[[-43.239737068810655, -22.920492652713733], [-43.23967698510472, -22.920587899911595]]]}, "properties": {"camada": "SSDMT", "COD_ID": "10961740", "CTMT": "ALC9925", "COMP": 12.71, "TIP_CND": "105925009_13_3", "energizado": false, "fonte": null}}, {"type": "Feature", "geometry": {"type": "MultiLineString", "coordinates": [[[-43.23910078767119, -22.92149947701921], [-43.239110910440104, -22.921503752396234]]]}, "properties": {"camada": "SSDMT", "COD_ID": "1005912476", "CTMT": "ALC9925", "COMP": 1.19, "TIP_CND": "105925009_13_3", "energizado": false, "fonte": null}}, {"type": "Feature", "geometry": {"type": "MultiLineString", "coordinates": [[[-43.2390035304885, -22.921650545136515], [-43.238879370986126, -22.92184118432317]]]}, "properties": {"camada": "SSDMT", "COD_ID": "134459981", "CTMT": "ALC9925", "COMP": 25.64, "TIP_CND": "105925009_13_3", "energizado": false, "fonte": null}}, {"type": "Feature", "geometry": {"type": "MultiLineString", "coordinates": [[[-43.24000609290681, -22.91911888432901], [-43.23983763280046, -22.91904627936225]]]}, "properties": {"camada": "SSDMT", "COD_ID": "335515685", "CTMT": "ALC9925", "COMP": 19.82, "TIP_CND": "105925006_13_3", "energizado": false, "fonte": null}}, {"type": "Feature", "geometry": {"type": "MultiLineString", "coordinates": [[[-43.23967698510472, -22.920587899911595], [-43.2395518525359, -22.92078228657323]]]}, "properties": {"camada": "SSDMT", "COD_ID": "10961746", "CTMT": "ALC9925", "COMP": 26.07, "TIP_CND": "105925009_13_3", "energizado": false, "fonte": null}}, {"type": "Feature", "geometry": {"type": "MultiLineString", "coordinates": [[[-43.239110910440104, -22.921503752396234], [-43.23910524201324, -22.92151312602988]]]}, "properties": {"camada": "SSDMT", "COD_ID": "1005912482", "CTMT": "ALC9925", "COMP": 1.24, "TIP_CND": "105925009_13_3", "energizado": false, "fonte": null}}, {"type": "Feature", "geometry": {"type": "MultiLineString", "coordinates": [[[-43.239385172187895, -22.92105354908199], [-43.23920048021796, -22.921343233303503]]]}, "properties": {"camada": "SSDMT", "COD_ID": "134459917", "CTMT": "ALC9925", "COMP": 38.75, "TIP_CND": "105925009_13_3", "energizado": false, "fonte": null}}, {"type": "Feature", "geometry": {"type": "MultiLineString", "coordinates": [[[-43.2395518525359, -22.92078228657323], [-43.23948340423567, -22.920892648676727]]]}, "properties": {"camada": "SSDMT", "COD_ID": "10961770", "CTMT": "ALC9925", "COMP": 14.66, "TIP_CND": "105925009_13_3", "energizado": false, "fonte": null}}, {"type": "Feature", "geometry": {"type": "MultiLineString", "coordinates": [[[-43.23920048021796, -22.921343233303503], [-43.23910078767119, -22.92149947701921]]]}, "properties": {"camada": "SSDMT", "COD_ID": "134459959", "CTMT": "ALC9925", "COMP": 20.9, "TIP_CND": "105925009_13_3", "energizado": false, "fonte": null}}, {"type": "Feature", "geometry": {"type": "MultiLineString", "coordinates": [[[-43.23816718706598, -22.920835072280738], [-43.23817156676438, -22.920848504554783]]]}, "properties": {"camada": "SSDMT", "COD_ID": "335017884", "CTMT": "ALC9946", "COMP": 1.62, "TIP_CND": "105925008_13_3", "energizado": true, "fonte": "ALC9946"}}, {"type": "Feature", "geometry": {"type": "MultiLineString", "coordinates": [[[-43.23868020083057, -22.919956247582718], [-43.23868499241843, -22.91994828138803]]]}, "properties": {"camada": "SSDMT", "COD_ID": "517684718", "CTMT": "ALC9946", "COMP": 1.05, "TIP_CND": "105925008_13_3", "energizado": true, "fonte": "ALC9946"}}, {"type": "Feature", "geometry": {"type": "MultiLineString", "coordinates": [[[-43.23869667371247, -22.91995416385356], [-43.2386918614402, -22.919962201993997]]]}, "properties": {"camada": "SSDMT", "COD_ID": "517684699", "CTMT": "ALC9946", "COMP": 1.06, "TIP_CND": "105925008_13_3", "energizado": true, "fonte": "ALC9946"}}, {"type": "Feature", "geometry": {"type": "MultiLineString", "coordinates": [[[-43.23878616794724, -22.921981723177964], [-43.2388796596685, -22.921831660502676]]]}, "properties": {"camada": "SSDMT", "COD_ID": "10969502", "CTMT": "ALC9946", "COMP": 19.95, "TIP_CND": "105925008_13_3", "energizado": true, "fonte": "ALC9946"}}, {"type": "Feature", "geometry": {"type": "MultiLineString", "coordinates": [[[-43.23768362160183, -22.921632983175584], [-43.23762337062203, -22.92172740659447]]]}, "properties": {"camada": "SSDMT", "COD_ID": "10968536", "CTMT": "ALC9946", "COMP": 12.63, "TIP_CND": "105925008_13_3", "energizado": true, "fonte": "ALC9946"}}, {"type": "Feature", "geometry": {"type": "MultiLineString", "coordinates": [[[-43.237892733762635, -22.919248500917547], [-43.238342630408, -22.91945364976607]]]}, "properties": {"camada": "SSDMT", "COD_ID": "138855269", "CTMT": "ALC9946", "COMP": 53.5, "TIP_CND": "105925011_11_3", "energizado": true, "fonte": "ALC9946"}}, {"type": "Feature", "geometry": {"type": "MultiLineString", "coordinates": [[[-43.237456568865525, -22.922006920383012], [-43.237399343205084, -22.922109377445793]]]}, "properties": {"camada": "SSDMT", "COD_ID": "10968572", "CTMT": "ALC9946", "COMP": 13.29, "TIP_CND": "105925008_13_3", "energizado": true, "fonte": "ALC9946"}}, {"type": "Feature", "geometry": {"type": "MultiLineString", "coordinates": [[[-43.239892795416154, -22.92044686103378], [-43.23987287723145, -22.9204529971081]]]}, "properties": {"camada": "SSDMT", "COD_ID": "335148495", "CTMT": "ALC9946", "COMP": 2.24, "TIP_CND": "105925011_11_3", "energizado": true, "fonte": "ALC9946"}}, {"type": "Feature", "geometry": {"type": "MultiLineString", "coordinates": [[[-43.239743879376476, -22.920673520766343], [-43.23982825736812, -22.920848819317484]]]}, "properties": {"camada": "SSDMT", "COD_ID": "134007460", "CTMT": "ALC9946", "COMP": 22.11, "TIP_CND": "105925011_11_3", "energizado": true, "fonte": "ALC9946"}}, {"type": "Feature", "geometry": {"type": "MultiLineString", "coordinates": [[[-43.23898378677228, -22.919771030408697], [-43.23909246444566, -22.919826465518952]]]}, "properties": {"camada": "SSDMT", "COD_ID": "10967570", "CTMT": "ALC9946", "COMP": 13.24, "TIP_CND": "105925011_11_3", "energizado": true, "fonte": "ALC9946"}}, {"type": "Feature", "geometry": {"type": "MultiLineString", "coordinates": [[[-43.23977974613831, -22.921547656399184], [-43.23984550096907, -22.921584138297305]]]}, "properties": {"camada": "SSDMT", "COD_ID": "335018070", "CTMT": "ALC9946", "COMP": 8.18, "TIP_CND": "105925006_13_3", "energizado": true, "fonte": "ALC9946"}}, {"type": "Feature", "geometry": {"type": "MultiLineString", "coordinates": [[[-43.239231611149876, -22.921335560287844], [-43.23942968772985, -22.92135178225891]]]}, "properties": {"camada": "SSDMT", "COD_ID": "10969598", "CTMT": "ALC9946", "COMP": 21.21, "TIP_CND": "105925006_13_3", "energizado": true, "fonte": "ALC9946"}}, {"type": "Feature", "geometry": {"type": "MultiLineString", "coordinates": [[[-43.23853492254858, -22.918457396991244], [-43.238708810962805, -22.918452319418975]]]}, "properties": {"camada": "SSDMT", "COD_ID": "11320952", "CTMT": "ALC9946", "COMP": 18.56, "TIP_CND": "105925008_13_3", "energizado": true, "fonte": "ALC9946"}}, {"type": "Feature", "geometry": {"type": "MultiLineString", "coordinates": [[[-43.238293055280224, -22.9175241003569], [-43.23828420954857, -22.917540193724903]]]}, "properties": {"camada": "SSDMT", "COD_ID": "335148853", "CTMT": "ALC9946", "COMP": 2.08, "TIP_CND": "105925008_13_3", "energizado": true, "fonte": "ALC9946"}}, {"type": "Feature", "geometry": {"type": "MultiLineString", "coordinates": [[[-43.2385056945821, -22.918458246850548], [-43.23852518019288, -22.918457677579738]]]}, "properties": {"camada": "SSDMT", "COD_ID": "335017782", "CTMT": "ALC9946", "COMP": 2.08, "TIP_CND": "105925008_13_3", "energizado": true, "fonte": "ALC9946"}}, {"type": "Feature", "geometry": {"type": "MultiLineString", "coordinates": [[[-43.23871354859136, -22.91992555192263], [-43.23870877498996, -22.91993359995564]]]}, "properties": {"camada": "SSDMT", "COD_ID": "335148217", "CTMT": "ALC9946", "COMP": 1.06, "TIP_CND": "105925008_13_3", "energizado": true, "fonte": "ALC9946"}}, {"type": "Feature", "geometry": {"type": "MultiLineString", "coordinates": [[[-43.237661000055084, -22.918640408128283], [-43.23753013700616, -22.918676864845395]]]}, "properties": {"camada": "SSDMT", "COD_ID": "10967414", "CTMT": "ALC9946", "COMP": 14.58, "TIP_CND": "105925008_13_3", "energizado": true, "fonte": "ALC9946"}}, {"type": "Feature", "geometry": {"type": "MultiLineString", "coordinates": [[[-43.237535196592034, -22.91907455674533], [-43.23770901665773, -22.91915782497358]]]}, "properties": {"camada": "SSDMT", "COD_ID": "10967516", "CTMT": "ALC9946", "COMP": 20.88, "TIP_CND": "105925011_11_3", "energizado": true, "fonte": "ALC9946"}}, {"type": "Feature", "geometry": {"type": "MultiLineString", "coordinates": [[[-43.23830426802749, -22.918368802977852], [-43.2385056945821, -22.918458246850548]]]}, "properties": {"camada": "SSDMT", "COD_ID": "132762446", "CTMT": "ALC9946", "COMP": 23.83, "TIP_CND": "105925008_13_3", "energizado": true, "fonte": "ALC9946"}}, {"type": "Feature", "geometry": {"type": "MultiLineString", "coordinates": [[[-43.23794137719278, -22.91822528736708], [-43.23787387407998, -22.918318311440885]]]}, "properties": {"camada": "SSDMT", "COD_ID": "10967384", "CTMT": "ALC9946", "COMP": 12.91, "TIP_CND": "105925008_13_3", "energizado": true, "fonte": "ALC9946"}}, {"type": "Feature", "geometry": {"type": "MultiLineString", "coordinates": [[[-43.238279251586164, -22.917562552669608], [-43.2383118196347, -22.917513652033392]]]}, "properties": {"camada": "SSDMT", "COD_ID": "98208754", "CTMT": "ALC9946", "COMP": 6.62, "TIP_CND": "105925008_13_3", "energizado": true, "fonte": "ALC9946"}}, {"type": "Feature", "geometry": {"type": "MultiLineString", "coordinates": [[[-43.23908917652426, -22.921507006143372], [-43.239202482108794, -22.92133317798374]]]}, "properties": {"camada": "SSDMT", "COD_ID": "335018076", "CTMT": "ALC9946", "COMP": 23.39, "TIP_CND": "105925008_13_3", "energizado": true, "fonte": "ALC9946"}}, {"type": "Feature", "geometry": {"type": "MultiLineString", "coordinates": [[[-43.23768913174797, -22.918639122097773], [-43.23767645130715, -22.91863966708695]]]}, "properties": {"camada": "SSDMT", "COD_ID": "335017800", "CTMT": "ALC9946", "COMP": 1.35, "TIP_CND": "105925008_13_3", "energizado": true, "fonte": "ALC9946"}}, {"type": "Feature", "geometry": {"type": "MultiLineString", "coordinates": [[[-43.23949641202972, -22.920022973681228], [-43.2395052586607, -22.920027171716583]]]}, "properties": {"camada": "SSDMT", "COD_ID": "458273966", "CTMT": "ALC9946", "COMP": 1.06, "TIP_CND": "105925011_11_3", "energizado": true, "fonte": "ALC9946"}}, {"type": "Feature", "geometry": {"type": "MultiLineString", "coordinates": [[[-43.23768913174797, -22.918639122097773], [-43.23756781320395, -22.91884617391173]]]}, "properties": {"camada": "SSDMT", "COD_ID": "10967396", "CTMT": "ALC9946", "COMP": 27.13, "TIP_CND": "105925008_13_3", "energizado": true, "fonte": "ALC9946"}}, {"type": "Feature", "geometry": {"type": "MultiLineString", "coordinates": [[[-43.23762337062203, -22.92172740659447], [-43.23753614807475, -22.921872814378844]]]}, "properties": {"camada": "SSDMT", "COD_ID": "335018058", "CTMT": "ALC9946", "COMP": 19.16, "TIP_CND": "105925008_13_3", "energizado": true, "fonte": "ALC9946"}}, {"type": "Feature", "geometry": {"type": "MultiLineString", "coordinates": [[[-43.239202482108794, -22.92133317798374], [-43.23922190116974, -22.921334766186476]]]}, "properties": {"camada": "SSDMT", "COD_ID": "335017878", "CTMT": "ALC9946", "COMP": 2.08, "TIP_CND": "105925006_13_3", "energizado": true, "fonte": "ALC9946"}}, {"type": "Feature", "geometry": {"type": "MultiLineString", "coordinates": [[[-43.23705214284206, -22.92199131984347], [-43.2367789297038, -22.92184449922422]]]}, "properties": {"camada": "SSDMT", "COD_ID": "335017998", "CTMT": "ALC9946", "COMP": 33.7, "TIP_CND": "105925008_13_3", "energizado": true, "fonte": "ALC9946"}}, {"type": "Feature", "geometry": {"type": "MultiLineString", "coordinates": [[[-43.23942968772985, -22.92135178225891], [-43.23965063137149, -22.921473401176456]]]}, "properties": {"camada": "SSDMT", "COD_ID": "10969604", "CTMT": "ALC9946", "COMP": 27.42, "TIP_CND": "105925006_13_3", "energizado": true, "fonte": "ALC9946"}}, {"type": "Feature", "geometry": {"type": "MultiLineString", "coordinates": [[[-43.23949641202972, -22.920022973681228], [-43.23949187944663, -22.92003116830375]]]}, "properties": {"camada": "SSDMT", "COD_ID": "458274000", "CTMT": "ALC9946", "COMP": 1.06, "TIP_CND": "105925011_11_3", "energizado": true, "fonte": "ALC9946"}}, {"type": "Feature", "geometry": {"type": "MultiLineString", "coordinates": [[[-43.23828420954857, -22.917540193724903], [-43.238279251586164, -22.917562552669608]]]}, "properties": {"camada": "SSDMT", "COD_ID": "335148859", "CTMT": "ALC9946", "COMP": 2.63, "TIP_CND": "105925008_13_3", "energizado": true, "fonte": "ALC9946"}}, {"type": "Feature", "geometry": {"type": "MultiLineString", "coordinates": [[[-43.23902926998477, -22.921626935234826], [-43.239178509780345, -22.921555181926067]]]}, "properties": {"camada": "SSDMT", "COD_ID": "10969514", "CTMT": "ALC9946", "COMP": 17.94, "TIP_CND": "105925006_13_3", "energizado": true, "fonte": "ALC9946"}}, {"type": "Feature", "geometry": {"type": "MultiLineString", "coordinates": [[[-43.239892795416154, -22.92044686103378], [-43.239743879376476, -22.920673520766343]]]}, "properties": {"camada": "SSDMT", "COD_ID": "10967642", "CTMT": "ALC9946", "COMP": 30.56, "TIP_CND": "105925011_11_3", "energizado": true, "fonte": "ALC9946"}}, {"type": "Feature", "geometry": {"type": "MultiLineString", "coordinates": [[[-43.23870877498996, -22.91993359995564], [-43.23869713416536, -22.91992756460536]]]}, "properties": {"camada": "SSDMT", "COD_ID": "517684705", "CTMT": "ALC9946", "COMP": 1.42, "TIP_CND": "105925008_13_3", "energizado": true, "fonte": "ALC9946"}}, {"type": "Feature", "geometry": {"type": "MultiLineString", "coordinates": [[[-43.23951411518425, -22.920031360758628], [-43.23952297080842, -22.920035559693304]]]}, "properties": {"camada": "SSDMT", "COD_ID": "335017914", "CTMT": "ALC9946", "COMP": 1.06, "TIP_CND": "105925011_11_3", "energizado": true, "fonte": "ALC9946"}}, {"type": "Feature", "geometry": {"type": "MultiLineString", "coordinates": [[[-43.2386918614402, -22.919962201993997], [-43.23868020083057, -22.919956247582718]]]}, "properties": {"camada": "SSDMT", "COD_ID": "517684724", "CTMT": "ALC9946", "COMP": 1.42, "TIP_CND": "105925008_13_3", "energizado": true, "fonte": "ALC9946"}}, {"type": "Feature", "geometry": {"type": "MultiLineString", "coordinates": [[[-43.237509220574054, -22.919062112826225], [-43.23752653522138, -22.91907040547477]]]}, "properties": {"camada": "SSDMT", "COD_ID": "335017860", "CTMT": "ALC9946", "COMP": 2.08, "TIP_CND": "105925011_11_3", "energizado": true, "fonte": "ALC9946"}}, {"type": "Feature", "geometry": {"type": "MultiLineString", "coordinates": [[[-43.2377065633072, -22.92141096844142], [-43.23775014535289, -22.92148308327762]]]}, "properties": {"camada": "SSDMT", "COD_ID": "335017968", "CTMT": "ALC9946", "COMP": 9.52, "TIP_CND": "105925006_13_3", "energizado": true, "fonte": "ALC9946"}}, {"type": "Feature", "geometry": {"type": "MultiLineString", "coordinates": [[[-43.23931904863514, -22.92102378242157], [-43.239241533370034, -22.920986799601053]]]}, "properties": {"camada": "SSDMT", "COD_ID": "10969682", "CTMT": "ALC9946", "COMP": 9.3, "TIP_CND": "105925008_13_3", "energizado": true, "fonte": "ALC9946"}}, {"type": "Feature", "geometry": {"type": "MultiLineString", "coordinates": [[[-43.238279251586164, -22.917562552669608], [-43.23825101017593, -22.917607798461063]]]}, "properties": {"camada": "SSDMT", "COD_ID": "98208743", "CTMT": "ALC9946", "COMP": 6.02, "TIP_CND": "105925008_13_3", "energizado": true, "fonte": "ALC9946"}}, {"type": "Feature", "geometry": {"type": "MultiLineString", "coordinates": [[[-43.23873452977466, -22.922062289842756], [-43.23878616794724, -22.921981723177964]]]}, "properties": {"camada": "SSDMT", "COD_ID": "10969496", "CTMT": "ALC9946", "COMP": 10.79, "TIP_CND": "105925008_13_3", "energizado": true, "fonte": "ALC9946"}}, {"type": "Feature", "geometry": {"type": "MultiLineString", "coordinates": [[[-43.23909246444566, -22.919826465518952], [-43.23932516492437, -22.919941866523857]]]}, "properties": {"camada": "SSDMT", "COD_ID": "12851717", "CTMT": "ALC9946", "COMP": 28.16, "TIP_CND": "105925011_11_3", "energizado": true, "fonte": "ALC9946"}}, {"type": "Feature", "geometry": {"type": "MultiLineString", "coordinates": [[[-43.23794137719278, -22.91822528736708], [-43.23781375709916, -22.91815872314652]]]}, "properties": {"camada": "SSDMT", "COD_ID": "12414147", "CTMT": "ALC9946", "COMP": 15.63, "TIP_CND": "105925008_13_3", "energizado": true, "fonte": "ALC9946"}}, {"type": "Feature", "geometry": {"type": "MultiLineString", "coordinates": [[[-43.23770901665773, -22.91915782497358], [-43.237892733762635, -22.919248500917547]]]}, "properties": {"camada": "SSDMT", "COD_ID": "138855285", "CTMT": "ALC9946", "COMP": 22.21, "TIP_CND": "105925011_11_3", "energizado": true, "fonte": "ALC9946"}}, {"type": "Feature", "geometry": {"type": "MultiLineString", "coordinates": [[[-43.23982825736812, -22.920848819317484], [-43.23997243577924, -22.920932669407136]]]}, "properties": {"camada": "SSDMT", "COD_ID": "10967648", "CTMT": "ALC9946", "COMP": 18.16, "TIP_CND": "105925011_11_3", "energizado": true, "fonte": "ALC9946"}}, {"type": "Feature", "geometry": {"type": "MultiLineString", "coordinates": [[[-43.23968752156185, -22.920119626519522], [-43.23985172337831, -22.92020051963823]]]}, "properties": {"camada": "SSDMT", "COD_ID": "138855156", "CTMT": "ALC9946", "COMP": 19.84, "TIP_CND": "105925011_11_3", "energizado": true, "fonte": "ALC9946"}}, {"type": "Feature", "geometry": {"type": "MultiLineString", "coordinates": [[[-43.23952297080842, -22.920035559693304], [-43.23968752156185, -22.920119626519522]]]}, "properties": {"camada": "SSDMT", "COD_ID": "10967600", "CTMT": "ALC9946", "COMP": 20.05, "TIP_CND": "105925011_11_3", "energizado": true, "fonte": "ALC9946"}}, {"type": "Feature", "geometry": {"type": "MultiLineString", "coordinates": [[[-43.23807187691557, -22.918286301871262], [-43.23830426802749, -22.918368802977852]]]}, "properties": {"camada": "SSDMT", "COD_ID": "11320958", "CTMT": "ALC9946", "COMP": 26.55, "TIP_CND": "105925008_13_3", "energizado": true, "fonte": "ALC9946"}}, {"type": "Feature", "geometry": {"type": "MultiLineString", "coordinates": [[[-43.23816132708356, -22.917754489577987], [-43.238090151139545, -22.9178805520458]]]}, "properties": {"camada": "SSDMT", "COD_ID": "12414051", "CTMT": "ALC9946", "COMP": 16.38, "TIP_CND": "105925008_13_3", "energizado": true, "fonte": "ALC9946"}}, {"type": "Feature", "geometry": {"type": "MultiLineString", "coordinates": [[[-43.23776275474728, -22.921503189420605], [-43.23775650086179, -22.921492969524877]]]}, "properties": {"camada": "SSDMT", "COD_ID": "335017902", "CTMT": "ALC9946", "COMP": 1.35, "TIP_CND": "105925006_13_3", "energizado": true, "fonte": "ALC9946"}}, {"type": "Feature", "geometry": {"type": "MultiLineString", "coordinates": [[[-43.2388796596685, -22.921831660502676], [-43.23900331285256, -22.92163941692553]]]}, "properties": {"camada": "SSDMT", "COD_ID": "10969574", "CTMT": "ALC9946", "COMP": 25.77, "TIP_CND": "105925008_13_3", "energizado": true, "fonte": "ALC9946"}}, {"type": "Feature", "geometry": {"type": "MultiLineString", "coordinates": [[[-43.237209186055054, -22.922071666174418], [-43.23705214284206, -22.92199131984347]]]}, "properties": {"camada": "SSDMT", "COD_ID": "10968602", "CTMT": "ALC9946", "COMP": 19.14, "TIP_CND": "105925008_13_3", "energizado": true, "fonte": "ALC9946"}}, {"type": "Feature", "geometry": {"type": "MultiLineString", "coordinates": [[[-43.23756781320395, -22.91884617391173], [-43.23743759766694, -22.91899628784836]]]}, "properties": {"camada": "SSDMT", "COD_ID": "98208358", "CTMT": "ALC9946", "COMP": 22.18, "TIP_CND": "105925008_13_3", "energizado": true, "fonte": "ALC9946"}}, {"type": "Feature", "geometry": {"type": "MultiLineString", "coordinates": [[[-43.238761325974394, -22.922073143760542], [-43.23892443421522, -22.92213919806551]]]}, "properties": {"camada": "SSDMT", "COD_ID": "106667303", "CTMT": "ALC9946", "COMP": 18.99, "TIP_CND": "105925006_13_3", "energizado": true, "fonte": "ALC9946"}}, {"type": "Feature", "geometry": {"type": "MultiLineString", "coordinates": [[[-43.238090151139545, -22.9178805520458], [-43.23794137719278, -22.91822528736708]]]}, "properties": {"camada": "SSDMT", "COD_ID": "98208514", "CTMT": "ALC9946", "COMP": 42.76, "TIP_CND": "105925008_13_3", "energizado": true, "fonte": "ALC9946"}}, {"type": "Feature", "geometry": {"type": "MultiLineString", "coordinates": [[[-43.23900331285256, -22.92163941692553], [-43.239020617607366, -22.921631092800624]]]}, "properties": {"camada": "SSDMT", "COD_ID": "335017854", "CTMT": "ALC9946", "COMP": 2.08, "TIP_CND": "105925006_13_3", "energizado": true, "fonte": "ALC9946"}}, {"type": "Feature", "geometry": {"type": "MultiLineString", "coordinates": [[[-43.23887209547081, -22.91968851581231], [-43.23879744724434, -22.919791990907584]]]}, "properties": {"camada": "SSDMT", "COD_ID": "10968044", "CTMT": "ALC9946", "COMP": 14.33, "TIP_CND": "105925008_13_3", "energizado": true, "fonte": "ALC9946"}}, {"type": "Feature", "geometry": {"type": "MultiLineString", "coordinates": [[[-43.23769850718031, -22.92160966015763], [-43.23768858675885, -22.92162520943583]]]}, "properties": {"camada": "SSDMT", "COD_ID": "335017920", "CTMT": "ALC9946", "COMP": 2.08, "TIP_CND": "105925008_13_3", "energizado": true, "fonte": "ALC9946"}}, {"type": "Feature", "geometry": {"type": "MultiLineString", "coordinates": [[[-43.237852466617994, -22.921350665300906], [-43.23776275474728, -22.921503189420605]]]}, "properties": {"camada": "SSDMT", "COD_ID": "335017962", "CTMT": "ALC9946", "COMP": 20.0, "TIP_CND": "105925008_13_3", "energizado": true, "fonte": "ALC9946"}}, {"type": "Feature", "geometry": {"type": "MultiLineString", "coordinates": [[[-43.23743759766694, -22.91899628784836], [-43.237509220574054, -22.919062112826225]]]}, "properties": {"camada": "SSDMT", "COD_ID": "105026957", "CTMT": "ALC9946", "COMP": 10.76, "TIP_CND": "105925008_13_3", "energizado": true, "fonte": "ALC9946"}}, {"type": "Feature", "geometry": {"type": "MultiLineString", "coordinates": [[[-43.23887209547081, -22.91968851581231], [-43.23898378677228, -22.919771030408697]]]}, "properties": {"camada": "SSDMT", "COD_ID": "10967534", "CTMT": "ALC9946", "COMP": 15.24, "TIP_CND": "105925011_11_3", "energizado": true, "fonte": "ALC9946"}}, {"type": "Feature", "geometry": {"type": "MultiLineString", "coordinates": [[[-43.23825357774035, -22.92070265880062], [-43.23816718706598, -22.920835072280738]]]}, "properties": {"camada": "SSDMT", "COD_ID": "10968194", "CTMT": "ALC9946", "COMP": 17.82, "TIP_CND": "105925008_13_3", "energizado": true, "fonte": "ALC9946"}}, {"type": "Feature", "geometry": {"type": "MultiLineString", "coordinates": [[[-43.23762359365389, -22.921699567181236], [-43.23762357117084, -22.92150890461221]]]}, "properties": {"camada": "SSDMT", "COD_ID": "10968782", "CTMT": "ALC9946", "COMP": 21.96, "TIP_CND": "105925006_13_3", "energizado": true, "fonte": "ALC9946"}}, {"type": "Feature", "geometry": {"type": "MultiLineString", "coordinates": [[[-43.23932516492437, -22.919941866523857], [-43.23949641202972, -22.920022973681228]]]}, "properties": {"camada": "SSDMT", "COD_ID": "138855198", "CTMT": "ALC9946", "COMP": 20.52, "TIP_CND": "105925011_11_3", "energizado": true, "fonte": "ALC9946"}}, {"type": "Feature", "geometry": {"type": "MultiLineString", "coordinates": [[[-43.23776275474728, -22.921503189420605], [-43.23769850718031, -22.92160966015763]]]}, "properties": {"camada": "SSDMT", "COD_ID": "10968458", "CTMT": "ALC9946", "COMP": 14.05, "TIP_CND": "105925008_13_3", "energizado": true, "fonte": "ALC9946"}}, {"type": "Feature", "geometry": {"type": "MultiLineString", "coordinates": [[[-43.23796007949403, -22.92117461671512], [-43.237852466617994, -22.921350665300906]]]}, "properties": {"camada": "SSDMT", "COD_ID": "10968362", "CTMT": "ALC9946", "COMP": 23.3, "TIP_CND": "105925008_13_3", "energizado": true, "fonte": "ALC9946"}}, {"type": "Feature", "geometry": {"type": "MultiLineString", "coordinates": [[[-43.23951843912465, -22.920043763308968], [-43.2395095826011, -22.92003956527367]]]}, "properties": {"camada": "SSDMT", "COD_ID": "458273994", "CTMT": "ALC9946", "COMP": 1.06, "TIP_CND": "105925011_11_3", "energizado": true, "fonte": "ALC9946"}}, {"type": "Feature", "geometry": {"type": "MultiLineString", "coordinates": [[[-43.23753614807475, -22.921872814378844], [-43.237456568865525, -22.922006920383012]]]}, "properties": {"camada": "SSDMT", "COD_ID": "10968452", "CTMT": "ALC9946", "COMP": 17.62, "TIP_CND": "105925008_13_3", "energizado": true, "fonte": "ALC9946"}}, {"type": "Feature", "geometry": {"type": "MultiLineString", "coordinates": [[[-43.23666716195993, -22.921789028141063], [-43.23665802574726, -22.921783833656946]]]}, "properties": {"camada": "SSDMT", "COD_ID": "335148341", "CTMT": "ALC9946", "COMP": 1.14, "TIP_CND": "105925008_13_3", "energizado": true, "fonte": "ALC9946"}}, {"type": "Feature", "geometry": {"type": "MultiLineString", "coordinates": [[[-43.23965063137149, -22.921473401176456], [-43.23977974613831, -22.921547656399184]]]}, "properties": {"camada": "SSDMT", "COD_ID": "10969610", "CTMT": "ALC9946", "COMP": 16.21, "TIP_CND": "105925006_13_3", "energizado": true, "fonte": "ALC9946"}}, {"type": "Feature", "geometry": {"type": "MultiLineString", "coordinates": [[[-43.23900331285256, -22.92163941692553], [-43.23908917652426, -22.921507006143372]]]}, "properties": {"camada": "SSDMT", "COD_ID": "1005912466", "CTMT": "ALC9946", "COMP": 17.79, "TIP_CND": "105925008_13_3", "energizado": true, "fonte": "ALC9946"}}, {"type": "Feature", "geometry": {"type": "MultiLineString", "coordinates": [[[-43.239387049073, -22.921042598037445], [-43.23931904863514, -22.92102378242157]]]}, "properties": {"camada": "SSDMT", "COD_ID": "335018064", "CTMT": "ALC9946", "COMP": 7.57, "TIP_CND": "105925008_13_3", "energizado": true, "fonte": "ALC9946"}}, {"type": "Feature", "geometry": {"type": "MultiLineString", "coordinates": [[[-43.237399343205084, -22.922109377445793], [-43.237209186055054, -22.922071666174418]]]}, "properties": {"camada": "SSDMT", "COD_ID": "10968596", "CTMT": "ALC9946", "COMP": 20.75, "TIP_CND": "105925008_13_3", "energizado": true, "fonte": "ALC9946"}}, {"type": "Feature", "geometry": {"type": "MultiLineString", "coordinates": [[[-43.23869713416536, -22.91992756460536], [-43.238692352470025, -22.9199355397933]]]}, "properties": {"camada": "SSDMT", "COD_ID": "517684712", "CTMT": "ALC9946", "COMP": 1.05, "TIP_CND": "105925008_13_3", "energizado": true, "fonte": "ALC9946"}}, {"type": "Feature", "geometry": {"type": "MultiLineString", "coordinates": [[[-43.23849298985954, -22.92029380091816], [-43.238381304853306, -22.92047953969893]]]}, "properties": {"camada": "SSDMT", "COD_ID": "132457421", "CTMT": "ALC9946", "COMP": 24.49, "TIP_CND": "105925008_13_3", "energizado": true, "fonte": "ALC9946"}}, {"type": "Feature", "geometry": {"type": "MultiLineString", "coordinates": [[[-43.23949187944663, -22.92003116830375], [-43.239500735970125, -22.920035376231567]]]}, "properties": {"camada": "SSDMT", "COD_ID": "458274006", "CTMT": "ALC9946", "COMP": 1.06, "TIP_CND": "105925011_11_3", "energizado": true, "fonte": "ALC9946"}}, {"type": "Feature", "geometry": {"type": "MultiLineString", "coordinates": [[[-43.23816718706598, -22.920835072280738], [-43.23808078110312, -22.920978494361975]]]}, "properties": {"camada": "SSDMT", "COD_ID": "10968764", "CTMT": "ALC9946", "COMP": 18.92, "TIP_CND": "105925008_13_3", "energizado": true, "fonte": "ALC9946"}}, {"type": "Feature", "geometry": {"type": "MultiLineString", "coordinates": [[[-43.238736450726606, -22.919641468678776], [-43.23887209547081, -22.91968851581231]]]}, "properties": {"camada": "SSDMT", "COD_ID": "10967528", "CTMT": "ALC9946", "COMP": 15.45, "TIP_CND": "105925011_11_3", "energizado": true, "fonte": "ALC9946"}}, {"type": "Feature", "geometry": {"type": "MultiLineString", "coordinates": [[[-43.239202482108794, -22.92133317798374], [-43.239387049073, -22.921042598037445]]]}, "properties": {"camada": "SSDMT", "COD_ID": "10969676", "CTMT": "ALC9946", "COMP": 38.83, "TIP_CND": "105925008_13_3", "energizado": true, "fonte": "ALC9946"}}, {"type": "Feature", "geometry": {"type": "MultiLineString", "coordinates": [[[-43.238677694420005, -22.91998650797092], [-43.2386316104604, -22.920065827276062]]]}, "properties": {"camada": "SSDMT", "COD_ID": "10968182", "CTMT": "ALC9946", "COMP": 10.37, "TIP_CND": "105925008_13_3", "energizado": true, "fonte": "ALC9946"}}, {"type": "Feature", "geometry": {"type": "MultiLineString", "coordinates": [[[-43.23952297080842, -22.920035559693304], [-43.23951843912465, -22.920043763308968]]]}, "properties": {"camada": "SSDMT", "COD_ID": "458273988", "CTMT": "ALC9946", "COMP": 1.06, "TIP_CND": "105925011_11_3", "energizado": true, "fonte": "ALC9946"}}, {"type": "Feature", "geometry": {"type": "MultiLineString", "coordinates": [[[-43.23825101017593, -22.917607798461063], [-43.23816132708356, -22.917754489577987]]]}, "properties": {"camada": "SSDMT", "COD_ID": "98208582", "CTMT": "ALC9946", "COMP": 19.42, "TIP_CND": "105925008_13_3", "energizado": true, "fonte": "ALC9946"}}, {"type": "Feature", "geometry": {"type": "MultiLineString", "coordinates": [[[-43.23808078110312, -22.920978494361975], [-43.23796007949403, -22.92117461671512]]]}, "properties": {"camada": "SSDMT", "COD_ID": "335017956", "CTMT": "ALC9946", "COMP": 26.0, "TIP_CND": "105925008_13_3", "energizado": true, "fonte": "ALC9946"}}, {"type": "Feature", "geometry": {"type": "MultiLineString", "coordinates": [[[-43.237209186055054, -22.922071666174418], [-43.23720969237337, -22.922080811380283]]]}, "properties": {"camada": "SSDMT", "COD_ID": "565932027", "CTMT": "ALC9946", "COMP": 1.05, "TIP_CND": "105925010_11_3", "energizado": true, "fonte": "ALC9946"}}, {"type": "Feature", "geometry": {"type": "MultiLineString", "coordinates": [[[-43.23794137719278, -22.91822528736708], [-43.23800806282179, -22.91824090949035]]]}, "properties": {"camada": "SSDMT", "COD_ID": "61217721", "CTMT": "ALC9946", "COMP": 7.34, "TIP_CND": "105925008_13_3", "energizado": true, "fonte": "ALC9946"}}, {"type": "Feature", "geometry": {"type": "MultiLineString", "coordinates": [[[-43.23985172337831, -22.92020051963823], [-43.23997853857867, -22.920316136480494]]]}, "properties": {"camada": "SSDMT", "COD_ID": "10967606", "CTMT": "ALC9946", "COMP": 18.98, "TIP_CND": "105925011_11_3", "energizado": true, "fonte": "ALC9946"}}, {"type": "Feature", "geometry": {"type": "MultiLineString", "coordinates": [[[-43.2386316104604, -22.920065827276062], [-43.23849298985954, -22.92029380091816]]]}, "properties": {"camada": "SSDMT", "COD_ID": "132457406", "CTMT": "ALC9946", "COMP": 30.13, "TIP_CND": "105925008_13_3", "energizado": true, "fonte": "ALC9946"}}, {"type": "Feature", "geometry": {"type": "MultiLineString", "coordinates": [[[-43.238342630408, -22.91945364976607], [-43.23851924916397, -22.91954291827102]]]}, "properties": {"camada": "SSDMT", "COD_ID": "335017992", "CTMT": "ALC9946", "COMP": 21.46, "TIP_CND": "105925011_11_3", "energizado": true, "fonte": "ALC9946"}}, {"type": "Feature", "geometry": {"type": "MultiLineString", "coordinates": [[[-43.23800806282179, -22.91824090949035], [-43.23807187691557, -22.918286301871262]]]}, "properties": {"camada": "SSDMT", "COD_ID": "12298069", "CTMT": "ALC9946", "COMP": 8.58, "TIP_CND": "105925008_13_3", "energizado": true, "fonte": "ALC9946"}}, {"type": "Feature", "geometry": {"type": "MultiLineString", "coordinates": [[[-43.23870877498996, -22.91993359995564], [-43.23870411020647, -22.919941522083548]]]}, "properties": {"camada": "SSDMT", "COD_ID": "517684663", "CTMT": "ALC9946", "COMP": 1.04, "TIP_CND": "105925008_13_3", "energizado": true, "fonte": "ALC9946"}}, {"type": "Feature", "geometry": {"type": "MultiLineString", "coordinates": [[[-43.2386918614402, -22.919962201993997], [-43.238677694420005, -22.91998650797092]]]}, "properties": {"camada": "SSDMT", "COD_ID": "10968056", "CTMT": "ALC9946", "COMP": 3.18, "TIP_CND": "105925008_13_3", "energizado": true, "fonte": "ALC9946"}}, {"type": "Feature", "geometry": {"type": "MultiLineString", "coordinates": [[[-43.23787387407998, -22.918318311440885], [-43.2377792060455, -22.918487116886865]]]}, "properties": {"camada": "SSDMT", "COD_ID": "98208458", "CTMT": "ALC9946", "COMP": 21.91, "TIP_CND": "105925008_13_3", "energizado": true, "fonte": "ALC9946"}}, {"type": "Feature", "geometry": {"type": "MultiLineString", "coordinates": [[[-43.23762337062203, -22.92172740659447], [-43.237623143093515, -22.92170955055525]]]}, "properties": {"camada": "SSDMT", "COD_ID": "335018100", "CTMT": "ALC9946", "COMP": 2.06, "TIP_CND": "105925006_13_3", "energizado": true, "fonte": "ALC9946"}}, {"type": "Feature", "geometry": {"type": "MultiLineString", "coordinates": [[[-43.2377792060455, -22.918487116886865], [-43.23768913174797, -22.918639122097773]]]}, "properties": {"camada": "SSDMT", "COD_ID": "10967390", "CTMT": "ALC9946", "COMP": 19.97, "TIP_CND": "105925008_13_3", "energizado": true, "fonte": "ALC9946"}}, {"type": "Feature", "geometry": {"type": "MultiLineString", "coordinates": [[[-43.238381304853306, -22.92047953969893], [-43.23825357774035, -22.92070265880062]]]}, "properties": {"camada": "SSDMT", "COD_ID": "10968188", "CTMT": "ALC9946", "COMP": 29.09, "TIP_CND": "105925008_13_3", "energizado": true, "fonte": "ALC9946"}}, {"type": "Feature", "geometry": {"type": "MultiLineString", "coordinates": [[[-43.2367789297038, -22.92184449922422], [-43.23666716195993, -22.921789028141063]]]}, "properties": {"camada": "SSDMT", "COD_ID": "10968608", "CTMT": "ALC9946", "COMP": 13.53, "TIP_CND": "105925008_13_3", "energizado": true, "fonte": "ALC9946"}}, {"type": "Feature", "geometry": {"type": "MultiLineString", "coordinates": [[[-43.23851924916397, -22.91954291827102], [-43.238736450726606, -22.919641468678776]]]}, "properties": {"camada": "SSDMT", "COD_ID": "10967522", "CTMT": "ALC9946", "COMP": 25.8, "TIP_CND": "105925011_11_3", "energizado": true, "fonte": "ALC9946"}}, {"type": "Feature", "geometry": {"type": "MultiLineString", "coordinates": [[[-43.23879744724434, -22.919791990907584], [-43.23871354859136, -22.91992555192263]]]}, "properties": {"camada": "SSDMT", "COD_ID": "10968050", "CTMT": "ALC9946", "COMP": 17.8, "TIP_CND": "105925008_13_3", "energizado": true, "fonte": "ALC9946"}}, {"type": "Feature", "geometry": {"type": "MultiLineString", "coordinates": [[[-43.23873452977466, -22.922062289842756], [-43.238752393907816, -22.922069523089988]]]}, "properties": {"camada": "SSDMT", "COD_ID": "335017776", "CTMT": "ALC9946", "COMP": 2.08, "TIP_CND": "105925006_13_3", "energizado": true, "fonte": "ALC9946"}}, {"type": "Feature", "geometry": {"type": "MultiLineString", "coordinates": [[[-43.239796778398556, -22.91810907247566], [-43.239803750842384, -22.918112707535386]]]}, "properties": {"camada": "SSDMT", "COD_ID": "24218468", "CTMT": "ALC9925", "COMP": 0.85, "TIP_CND": "105924969_35_3", "energizado": false, "fonte": null}}, {"type": "Feature", "geometry": {"type": "MultiLineString", "coordinates": [[[-43.23734737588063, -22.92156500522077], [-43.237349759084054, -22.92156620581568]]]}, "properties": {"camada": "SSDMT", "COD_ID": "627143484", "CTMT": "ALC9946", "COMP": 0.29, "TIP_CND": "105924963_35_3", "energizado": true, "fonte": "ALC9946"}}, {"type": "Feature", "geometry": {"type": "MultiLineString", "coordinates": [[[-43.23753198241502, -22.921656476165424], [-43.23753606173983, -22.921650145837532]]]}, "properties": {"camada": "SSDMT", "COD_ID": "12063225", "CTMT": "ALC9946", "COMP": 0.85, "TIP_CND": "105924963_35_3", "energizado": true, "fonte": "ALC9946"}}, {"type": "Feature", "geometry": {"type": "MultiLineString", "coordinates": [[[-43.23735938272927, -22.92156308876548], [-43.237358914182494, -22.92156387837025]]]}, "properties": {"camada": "SSDMT", "COD_ID": "627143381", "CTMT": "ALC9946", "COMP": 0.1, "TIP_CND": "105924963_35_3", "energizado": true, "fonte": "ALC9946"}}, {"type": "Feature", "geometry": {"type": "MultiLineString", "coordinates": [[[-43.23753606173983, -22.921650145837532], [-43.237604013614316, -22.92154443952421]]]}, "properties": {"camada": "SSDMT", "COD_ID": "12063231", "CTMT": "ALC9946", "COMP": 14.17, "TIP_CND": "105924963_35_3", "energizado": true, "fonte": "ALC9946"}}, {"type": "Feature", "geometry": {"type": "MultiLineString", "coordinates": [[[-43.2381464451023, -22.92088231636575], [-43.23814195298871, -22.920891206164185]]]}, "properties": {"camada": "SSDMT", "COD_ID": "12064791", "CTMT": "ALC9946", "COMP": 1.13, "TIP_CND": "105924963_35_3", "energizado": true, "fonte": "ALC9946"}}, {"type": "Feature", "geometry": {"type": "MultiLineString", "coordinates": [[[-43.23753543491233, -22.921649606244273], [-43.23753147070079, -22.92165537809319]]]}, "properties": {"camada": "SSDMT", "COD_ID": "12063057", "CTMT": "ALC9946", "COMP": 0.79, "TIP_CND": "105924963_35_3", "energizado": true, "fonte": "ALC9946"}}, {"type": "Feature", "geometry": {"type": "MultiLineString", "coordinates": [[[-43.237357265725166, -22.921548110556785], [-43.23734737588063, -22.92156500522077]]]}, "properties": {"camada": "SSDMT", "COD_ID": "627143490", "CTMT": "ALC9946", "COMP": 2.21, "TIP_CND": "105924963_35_3", "energizado": true, "fonte": "ALC9946"}}, {"type": "Feature", "geometry": {"type": "MultiLineString", "coordinates": [[[-43.23837583967321, -22.917464649773706], [-43.238370371795156, -22.91747437774029]]]}, "properties": {"camada": "SSDMT", "COD_ID": "11320220", "CTMT": "ALC9946", "COMP": 1.26, "TIP_CND": "105924993_35_3", "energizado": true, "fonte": "ALC9946"}}, {"type": "Feature", "geometry": {"type": "MultiLineString", "coordinates": [[[-43.237352918402394, -22.921560867440007], [-43.23735338694922, -22.921560077835295]]]}, "properties": {"camada": "SSDMT", "COD_ID": "12085377", "CTMT": "ALC9946", "COMP": 0.1, "TIP_CND": "105924963_35_3", "energizado": true, "fonte": "ALC9946"}}, {"type": "Feature", "geometry": {"type": "MultiLineString", "coordinates": [[[-43.23814195298871, -22.920891206164185], [-43.23803705426661, -22.92106398931162]]]}, "properties": {"camada": "SSDMT", "COD_ID": "12064797", "CTMT": "ALC9946", "COMP": 22.83, "TIP_CND": "105924963_35_3", "energizado": true, "fonte": "ALC9946"}}, {"type": "Feature", "geometry": {"type": "MultiLineString", "coordinates": [[[-43.238077685636654, -22.9173382977242], [-43.2382842266357, -22.917457365265136]]]}, "properties": {"camada": "SSDMT", "COD_ID": "11319986", "CTMT": "ALC9946", "COMP": 25.95, "TIP_CND": "105924969_35_3", "energizado": true, "fonte": "ALC9946"}}, {"type": "Feature", "geometry": {"type": "MultiLineString", "coordinates": [[[-43.23739690874032, -22.921565203071623], [-43.23738429035268, -22.921587286823808]]]}, "properties": {"camada": "SSDMT", "COD_ID": "12085419", "CTMT": "ALC9946", "COMP": 2.88, "TIP_CND": "105924963_35_3", "energizado": true, "fonte": "ALC9946"}}, {"type": "Feature", "geometry": {"type": "MultiLineString", "coordinates": [[[-43.238356595980065, -22.917462350207245], [-43.23837583967321, -22.917464649773706]]]}, "properties": {"camada": "SSDMT", "COD_ID": "11319998", "CTMT": "ALC9946", "COMP": 2.07, "TIP_CND": "105924993_35_3", "energizado": true, "fonte": "ALC9946"}}, {"type": "Feature", "geometry": {"type": "MultiLineString", "coordinates": [[[-43.23803705426661, -22.92106398931162], [-43.23803587435606, -22.92107986954028]]]}, "properties": {"camada": "SSDMT", "COD_ID": "12064803", "CTMT": "ALC9946", "COMP": 1.83, "TIP_CND": "105924963_35_3", "energizado": true, "fonte": "ALC9946"}}, {"type": "Feature", "geometry": {"type": "MultiLineString", "coordinates": [[[-43.238167157388375, -22.921136296602754], [-43.23817294452573, -22.921126815949776]]]}, "properties": {"camada": "SSDMT", "COD_ID": "12097125", "CTMT": "ALC9946", "COMP": 1.25, "TIP_CND": "105924987_35_3", "energizado": true, "fonte": "ALC9946"}}, {"type": "Feature", "geometry": {"type": "MultiLineString", "coordinates": [[[-43.23816004195231, -22.92112938171556], [-43.23815357852476, -22.921126348302266]]]}, "properties": {"camada": "SSDMT", "COD_ID": "12097059", "CTMT": "ALC9946", "COMP": 0.77, "TIP_CND": "105924963_35_3", "energizado": true, "fonte": "ALC9946"}}, {"type": "Feature", "geometry": {"type": "MultiLineString", "coordinates": [[[-43.237349759084054, -22.92156620581568], [-43.237352100918656, -22.921562248798693]]]}, "properties": {"camada": "SSDMT", "COD_ID": "12085383", "CTMT": "ALC9946", "COMP": 0.52, "TIP_CND": "105924963_35_3", "energizado": true, "fonte": "ALC9946"}}, {"type": "Feature", "geometry": {"type": "MultiLineString", "coordinates": [[[-43.237354627114314, -22.92157122673069], [-43.237367547674125, -22.92157779088228]]]}, "properties": {"camada": "SSDMT", "COD_ID": "627143398", "CTMT": "ALC9946", "COMP": 1.57, "TIP_CND": "105924963_35_3", "energizado": true, "fonte": "ALC9946"}}, {"type": "Feature", "geometry": {"type": "MultiLineString", "coordinates": [[[-43.23835288447799, -22.917502910530857], [-43.23829747814608, -22.91751604872661]]]}, "properties": {"camada": "SSDMT", "COD_ID": "12439135", "CTMT": "ALC9946", "COMP": 6.1, "TIP_CND": "105924969_35_3", "energizado": true, "fonte": "ALC9946"}}, {"type": "Feature", "geometry": {"type": "MultiLineString", "coordinates": [[[-43.238171082029794, -22.921108688315257], [-43.238199700255905, -22.921122688061587]]]}, "properties": {"camada": "SSDMT", "COD_ID": "12097173", "CTMT": "ALC9946", "COMP": 3.45, "TIP_CND": "105924987_35_3", "energizado": true, "fonte": "ALC9946"}}, {"type": "Feature", "geometry": {"type": "MultiLineString", "coordinates": [[[-43.238071845439265, -22.917335352444525], [-43.238077685636654, -22.9173382977242]]]}, "properties": {"camada": "SSDMT", "COD_ID": "298768491", "CTMT": "ALC9946", "COMP": 0.71, "TIP_CND": "105924969_35_3", "energizado": true, "fonte": "ALC9946"}}, {"type": "Feature", "geometry": {"type": "MultiLineString", "coordinates": [[[-43.23735163417052, -22.921569721265598], [-43.2373250762912, -22.921556223340986]]]}, "properties": {"camada": "SSDMT", "COD_ID": "627143444", "CTMT": "ALC9946", "COMP": 3.23, "TIP_CND": "105924963_35_3", "energizado": true, "fonte": "ALC9946"}}, {"type": "Feature", "geometry": {"type": "MultiLineString", "coordinates": [[[-43.237325017835246, -22.92156529839974], [-43.23732293590473, -22.921568742803174]]]}, "properties": {"camada": "SSDMT", "COD_ID": "97761583", "CTMT": "ALC9946", "COMP": 0.45, "TIP_CND": "105924963_35_3", "energizado": true, "fonte": "ALC9946"}}, {"type": "Feature", "geometry": {"type": "MultiLineString", "coordinates": [[[-43.23737980363501, -22.921566349707234], [-43.23737873793834, -22.921568089895402]]]}, "properties": {"camada": "SSDMT", "COD_ID": "97761572", "CTMT": "ALC9946", "COMP": 0.23, "TIP_CND": "105924963_35_3", "energizado": true, "fonte": "ALC9946"}}, {"type": "Feature", "geometry": {"type": "MultiLineString", "coordinates": [[[-43.2382873256995, -22.917459738576042], [-43.23830176521426, -22.917471647398543]]]}, "properties": {"camada": "SSDMT", "COD_ID": "12492230", "CTMT": "ALC9946", "COMP": 2.06, "TIP_CND": "105924969_35_3", "energizado": true, "fonte": "ALC9946"}}, {"type": "Feature", "geometry": {"type": "MultiLineString", "coordinates": [[[-43.237601988341055, -22.9215419780798], [-43.23753543491233, -22.921649606244273]]]}, "properties": {"camada": "SSDMT", "COD_ID": "286455723", "CTMT": "ALC9946", "COMP": 14.29, "TIP_CND": "105924963_35_3", "energizado": true, "fonte": "ALC9946"}}, {"type": "Feature", "geometry": {"type": "MultiLineString", "coordinates": [[[-43.23735638978553, -22.921561583300388], [-43.23735592123876, -22.921562372905157]]]}, "properties": {"camada": "SSDMT", "COD_ID": "627143424", "CTMT": "ALC9946", "COMP": 0.1, "TIP_CND": "105924963_35_3", "energizado": true, "fonte": "ALC9946"}}, {"type": "Feature", "geometry": {"type": "MultiLineString", "coordinates": [[[-43.23817343195827, -22.921126035338204], [-43.23817513977082, -22.921122867026668]]]}, "properties": {"camada": "SSDMT", "COD_ID": "12097131", "CTMT": "ALC9946", "COMP": 0.41, "TIP_CND": "105924987_35_3", "energizado": true, "fonte": "ALC9946"}}, {"type": "Feature", "geometry": {"type": "MultiLineString", "coordinates": [[[-43.237604013614316, -22.92154443952421], [-43.23761237730935, -22.92153091372063]]]}, "properties": {"camada": "SSDMT", "COD_ID": "12063255", "CTMT": "ALC9946", "COMP": 1.8, "TIP_CND": "105924963_35_3", "energizado": true, "fonte": "ALC9946"}}, {"type": "Feature", "geometry": {"type": "MultiLineString", "coordinates": [[[-43.23737741413629, -22.921561121048853], [-43.23738169580855, -22.921563282119735]]]}, "properties": {"camada": "SSDMT", "COD_ID": "12085557", "CTMT": "ALC9946", "COMP": 0.52, "TIP_CND": "105924963_35_3", "energizado": true, "fonte": "ALC9946"}}, {"type": "Feature", "geometry": {"type": "MultiLineString", "coordinates": [[[-43.23803587435606, -22.92107986954028], [-43.23804221637516, -22.92108698407702]]]}, "properties": {"camada": "SSDMT", "COD_ID": "12064809", "CTMT": "ALC9946", "COMP": 1.06, "TIP_CND": "105924963_35_3", "energizado": true, "fonte": "ALC9946"}}, {"type": "Feature", "geometry": {"type": "MultiLineString", "coordinates": [[[-43.238166124067334, -22.921180074700658], [-43.23813984677645, -22.921166797109947]]]}, "properties": {"camada": "SSDMT", "COD_ID": "12097185", "CTMT": "ALC9946", "COMP": 3.19, "TIP_CND": "105924987_35_3", "energizado": true, "fonte": "ALC9946"}}, {"type": "Feature", "geometry": {"type": "MultiLineString", "coordinates": [[[-43.23762357117084, -22.92150890461221], [-43.237610236922876, -22.921529066513187]]]}, "properties": {"camada": "SSDMT", "COD_ID": "12062985", "CTMT": "ALC9946", "COMP": 2.72, "TIP_CND": "105924963_35_3", "energizado": true, "fonte": "ALC9946"}}, {"type": "Feature", "geometry": {"type": "MultiLineString", "coordinates": [[[-43.23814667982538, -22.921103459656877], [-43.23816873300058, -22.921114712873646]]]}, "properties": {"camada": "SSDMT", "COD_ID": "12097053", "CTMT": "ALC9946", "COMP": 2.69, "TIP_CND": "105924963_35_3", "energizado": true, "fonte": "ALC9946"}}, {"type": "Feature", "geometry": {"type": "MultiLineString", "coordinates": [[[-43.237388406549655, -22.921594683747628], [-43.237527144961746, -22.921654354664668]]]}, "properties": {"camada": "SSDMT", "COD_ID": "12063189", "CTMT": "ALC9946", "COMP": 16.32, "TIP_CND": "105924963_35_3", "energizado": true, "fonte": "ALC9946"}}, {"type": "Feature", "geometry": {"type": "MultiLineString", "coordinates": [[[-43.23816539291852, -22.920860004185784], [-43.2381464451023, -22.92088231636575]]]}, "properties": {"camada": "SSDMT", "COD_ID": "12064785", "CTMT": "ALC9946", "COMP": 3.27, "TIP_CND": "105924963_35_3", "energizado": true, "fonte": "ALC9946"}}, {"type": "Feature", "geometry": {"type": "MultiLineString", "coordinates": [[[-43.237367547674125, -22.92157779088228], [-43.23737741413629, -22.921561121048853]]]}, "properties": {"camada": "SSDMT", "COD_ID": "627143408", "CTMT": "ALC9946", "COMP": 2.19, "TIP_CND": "105924963_35_3", "energizado": true, "fonte": "ALC9946"}}, {"type": "Feature", "geometry": {"type": "MultiLineString", "coordinates": [[[-43.23735810659133, -22.921565268722134], [-43.237354627114314, -22.92157122673069]]]}, "properties": {"camada": "SSDMT", "COD_ID": "97761601", "CTMT": "ALC9946", "COMP": 0.78, "TIP_CND": "105924963_35_3", "energizado": true, "fonte": "ALC9946"}}, {"type": "Feature", "geometry": {"type": "MultiLineString", "coordinates": [[[-43.23735511364754, -22.92156376325704], [-43.23735163417052, -22.921569721265598]]]}, "properties": {"camada": "SSDMT", "COD_ID": "97761593", "CTMT": "ALC9946", "COMP": 0.78, "TIP_CND": "105924963_35_3", "energizado": true, "fonte": "ALC9946"}}, {"type": "Feature", "geometry": {"type": "MultiLineString", "coordinates": [[[-43.237323640973216, -22.921558655107788], [-43.237327630365826, -22.92156078470242]]]}, "properties": {"camada": "SSDMT", "COD_ID": "12085473", "CTMT": "ALC9946", "COMP": 0.49, "TIP_CND": "105924963_35_3", "energizado": true, "fonte": "ALC9946"}}, {"type": "Feature", "geometry": {"type": "MultiLineString", "coordinates": [[[-43.23830176521426, -22.917471647398543], [-43.238356595980065, -22.917462350207245]]]}, "properties": {"camada": "SSDMT", "COD_ID": "12492272", "CTMT": "ALC9946", "COMP": 5.95, "TIP_CND": "105924969_35_3", "energizado": true, "fonte": "ALC9946"}}, {"type": "Feature", "geometry": {"type": "MultiLineString", "coordinates": [[[-43.238070421812495, -22.917334632087545], [-43.238071845439265, -22.917335352444525]]]}, "properties": {"camada": "SSDMT", "COD_ID": "298768976", "CTMT": "ALC9946", "COMP": 0.17, "TIP_CND": "105924969_35_3", "energizado": true, "fonte": "ALC9946"}}, {"type": "Feature", "geometry": {"type": "MultiLineString", "coordinates": [[[-43.23736115889034, -22.92157194888631], [-43.23737256139452, -22.921552687206713]]]}, "properties": {"camada": "SSDMT", "COD_ID": "12085407", "CTMT": "ALC9946", "COMP": 2.53, "TIP_CND": "105924963_35_3", "energizado": true, "fonte": "ALC9946"}}, {"type": "Feature", "geometry": {"type": "MultiLineString", "coordinates": [[[-43.23735878647875, -22.921570740197467], [-43.23736115889034, -22.92157194888631]]]}, "properties": {"camada": "SSDMT", "COD_ID": "627143358", "CTMT": "ALC9946", "COMP": 0.29, "TIP_CND": "105924963_35_3", "energizado": true, "fonte": "ALC9946"}}, {"type": "Feature", "geometry": {"type": "MultiLineString", "coordinates": [[[-43.23737256139452, -22.921552687206713], [-43.23739690874032, -22.921565203071623]]]}, "properties": {"camada": "SSDMT", "COD_ID": "12085413", "CTMT": "ALC9946", "COMP": 2.97, "TIP_CND": "105924963_35_3", "energizado": true, "fonte": "ALC9946"}}, {"type": "Feature", "geometry": {"type": "MultiLineString", "coordinates": [[[-43.237396572393834, -22.92156784527981], [-43.237357265725166, -22.921548110556785]]]}, "properties": {"camada": "SSDMT", "COD_ID": "12085389", "CTMT": "ALC9946", "COMP": 4.77, "TIP_CND": "105924963_35_3", "energizado": true, "fonte": "ALC9946"}}, {"type": "Feature", "geometry": {"type": "MultiLineString", "coordinates": [[[-43.23753147070079, -22.92165537809319], [-43.23752694171492, -22.92165349491279]]]}, "properties": {"camada": "SSDMT", "COD_ID": "12063069", "CTMT": "ALC9946", "COMP": 0.53, "TIP_CND": "105924963_35_3", "energizado": true, "fonte": "ALC9946"}}, {"type": "Feature", "geometry": {"type": "MultiLineString", "coordinates": [[[-43.2381551982038, -22.921148174848327], [-43.23815860933229, -22.921149774742275]]]}, "properties": {"camada": "SSDMT", "COD_ID": "12097203", "CTMT": "ALC9946", "COMP": 0.41, "TIP_CND": "105924987_35_3", "energizado": true, "fonte": "ALC9946"}}, {"type": "Feature", "geometry": {"type": "MultiLineString", "coordinates": [[[-43.23738429035268, -22.921587286823808], [-43.237388406549655, -22.921594683747628]]]}, "properties": {"camada": "SSDMT", "COD_ID": "12837005", "CTMT": "ALC9946", "COMP": 0.96, "TIP_CND": "105924963_35_3", "energizado": true, "fonte": "ALC9946"}}, {"type": "Feature", "geometry": {"type": "MultiLineString", "coordinates": [[[-43.23813984677645, -22.921166797109947], [-43.238151827544755, -22.92114644815001]]]}, "properties": {"camada": "SSDMT", "COD_ID": "12097191", "CTMT": "ALC9946", "COMP": 2.67, "TIP_CND": "105924987_35_3", "energizado": true, "fonte": "ALC9946"}}, {"type": "Feature", "geometry": {"type": "MultiLineString", "coordinates": [[[-43.23804221637516, -22.92108698407702], [-43.23814667982538, -22.921103459656877]]]}, "properties": {"camada": "SSDMT", "COD_ID": "12064815", "CTMT": "ALC9946", "COMP": 11.3, "TIP_CND": "105924963_35_3", "energizado": true, "fonte": "ALC9946"}}, {"type": "Feature", "geometry": {"type": "MultiLineString", "coordinates": [[[-43.238370371795156, -22.91747437774029], [-43.23835288447799, -22.917502910530857]]]}, "properties": {"camada": "SSDMT", "COD_ID": "11320226", "CTMT": "ALC9946", "COMP": 3.78, "TIP_CND": "105924993_35_3", "energizado": true, "fonte": "ALC9946"}}, {"type": "Feature", "geometry": {"type": "MultiLineString", "coordinates": [[[-43.2382842266357, -22.917457365265136], [-43.2382873256995, -22.917459738576042]]]}, "properties": {"camada": "SSDMT", "COD_ID": "26627112", "CTMT": "ALC9946", "COMP": 0.43, "TIP_CND": "105924969_35_3", "energizado": true, "fonte": "ALC9946"}}, {"type": "Feature", "geometry": {"type": "MultiLineString", "coordinates": [[[-43.23752694171492, -22.92165349491279], [-43.23738889308288, -22.921593993967576]]]}, "properties": {"camada": "SSDMT", "COD_ID": "12063075", "CTMT": "ALC9946", "COMP": 16.24, "TIP_CND": "105924963_35_3", "energizado": true, "fonte": "ALC9946"}}, {"type": "Feature", "geometry": {"type": "MultiLineString", "coordinates": [[[-43.237527144961746, -22.921654354664668], [-43.23753198241502, -22.921656476165424]]]}, "properties": {"camada": "SSDMT", "COD_ID": "12063195", "CTMT": "ALC9946", "COMP": 0.57, "TIP_CND": "105924963_35_3", "energizado": true, "fonte": "ALC9946"}}, {"type": "Feature", "geometry": {"type": "MultiLineString", "coordinates": [[[-43.23761237730935, -22.92153091372063], [-43.2377065633072, -22.92141096844142]]]}, "properties": {"camada": "SSDMT", "COD_ID": "12063279", "CTMT": "ALC9946", "COMP": 17.08, "TIP_CND": "105924963_35_3", "energizado": true, "fonte": "ALC9946"}}, {"type": "Feature", "geometry": {"type": "MultiLineString", "coordinates": [[[-43.2381550588089, -22.92112350194799], [-43.238160329735365, -22.921126025445687]]]}, "properties": {"camada": "SSDMT", "COD_ID": "12833567", "CTMT": "ALC9946", "COMP": 0.63, "TIP_CND": "105924987_35_3", "energizado": true, "fonte": "ALC9946"}}, {"type": "Feature", "geometry": {"type": "MultiLineString", "coordinates": [[[-43.23844113135311, -22.91741296033979], [-43.238449133520646, -22.91741685170632]]]}, "properties": {"camada": "SSDMT", "COD_ID": "11304126", "CTMT": "ALC9925", "COMP": 0.96, "TIP_CND": "105924968_35_3", "energizado": false, "fonte": null}}, {"type": "Feature", "geometry": {"type": "MultiLineString", "coordinates": [[[-43.239119205786665, -22.91777653555863], [-43.23912682304439, -22.917780069894263]]]}, "properties": {"camada": "SSDMT", "COD_ID": "24218446", "CTMT": "ALC9925", "COMP": 0.91, "TIP_CND": "105924969_35_3", "energizado": false, "fonte": null}}, {"type": "Feature", "geometry": {"type": "MultiLineString", "coordinates": [[[-43.239803750842384, -22.918112707535386], [-43.239806977609874, -22.918114215698438]]]}, "properties": {"camada": "SSDMT", "COD_ID": "24218455", "CTMT": "ALC9925", "COMP": 0.39, "TIP_CND": "105924969_35_3", "energizado": false, "fonte": null}}, {"type": "Feature", "geometry": {"type": "MultiLineString", "coordinates": [[[-43.23816873300058, -22.921114712873646], [-43.23816004195231, -22.92112938171556]]]}, "properties": {"camada": "SSDMT", "COD_ID": "12833561", "CTMT": "ALC9946", "COMP": 1.93, "TIP_CND": "105924963_35_3", "energizado": true, "fonte": "ALC9946"}}, {"type": "Feature", "geometry": {"type": "MultiLineString", "coordinates": [[[-43.2379511204478, -22.917281399416993], [-43.238070421812495, -22.917334632087545]]]}, "properties": {"camada": "SSDMT", "COD_ID": "11319980", "CTMT": "ALC9946", "COMP": 14.13, "TIP_CND": "105924969_35_3", "energizado": true, "fonte": "ALC9946"}}, {"type": "Feature", "geometry": {"type": "MultiLineString", "coordinates": [[[-43.238151827544755, -22.92114644815001], [-43.23815434564648, -22.921147740475817]]]}, "properties": {"camada": "SSDMT", "COD_ID": "12097197", "CTMT": "ALC9946", "COMP": 0.31, "TIP_CND": "105924987_35_3", "energizado": true, "fonte": "ALC9946"}}, {"type": "Feature", "geometry": {"type": "MultiLineString", "coordinates": [[[-43.23738517708421, -22.921587351574942], [-43.237396572393834, -22.92156784527981]]]}, "properties": {"camada": "SSDMT", "COD_ID": "12085395", "CTMT": "ALC9946", "COMP": 2.55, "TIP_CND": "105924963_35_3", "energizado": true, "fonte": "ALC9946"}}, {"type": "Feature", "geometry": {"type": "MultiLineString", "coordinates": [[[-43.238160329735365, -22.921126025445687], [-43.238171082029794, -22.921108688315257]]]}, "properties": {"camada": "SSDMT", "COD_ID": "12097167", "CTMT": "ALC9946", "COMP": 2.3, "TIP_CND": "105924987_35_3", "energizado": true, "fonte": "ALC9946"}}, {"type": "Feature", "geometry": {"type": "MultiLineString", "coordinates": [[[-43.23815208924748, -22.921129193757224], [-43.238167157388375, -22.921136296602754]]]}, "properties": {"camada": "SSDMT", "COD_ID": "12833555", "CTMT": "ALC9946", "COMP": 1.8, "TIP_CND": "105924987_35_3", "energizado": true, "fonte": "ALC9946"}}, {"type": "Feature", "geometry": {"type": "MultiLineString", "coordinates": [[[-43.237610236922876, -22.921529066513187], [-43.237601988341055, -22.9215419780798]]]}, "properties": {"camada": "SSDMT", "COD_ID": "12063033", "CTMT": "ALC9946", "COMP": 1.73, "TIP_CND": "105924963_35_3", "energizado": true, "fonte": "ALC9946"}}, {"type": "Feature", "geometry": {"type": "MultiLineString", "coordinates": [[[-43.237362385565575, -22.921564594230574], [-43.2373619170188, -22.921565382936024]]]}, "properties": {"camada": "SSDMT", "COD_ID": "627143340", "CTMT": "ALC9946", "COMP": 0.1, "TIP_CND": "105924963_35_3", "energizado": true, "fonte": "ALC9946"}}, {"type": "Feature", "geometry": {"type": "MultiLineString", "coordinates": [[[-43.2373250762912, -22.921556223340986], [-43.237323640973216, -22.921558655107788]]]}, "properties": {"camada": "SSDMT", "COD_ID": "12085467", "CTMT": "ALC9946", "COMP": 0.32, "TIP_CND": "105924963_35_3", "energizado": true, "fonte": "ALC9946"}}, {"type": "Feature", "geometry": {"type": "MultiLineString", "coordinates": [[[-43.23738889308288, -22.921593993967576], [-43.23738517708421, -22.921587351574942]]]}, "properties": {"camada": "SSDMT", "COD_ID": "12085401", "CTMT": "ALC9946", "COMP": 0.86, "TIP_CND": "105924963_35_3", "energizado": true, "fonte": "ALC9946"}}, {"type": "Feature", "geometry": {"type": "MultiLineString", "coordinates": [[[-43.23817515236135, -22.917304458034266], [-43.23817919841122, -22.917304458034266]]]}, "properties": {"camada": "SSDMT", "COD_ID": "11304072", "CTMT": "ALC9925", "COMP": 0.43, "TIP_CND": "105924969_35_3", "energizado": false, "fonte": null}}, {"type": "Feature", "geometry": {"type": "MultiLineString", "coordinates": [[[-43.23912682304439, -22.917780069894263], [-43.23913022248172, -22.91778183166616]]]}, "properties": {"camada": "SSDMT", "COD_ID": "24218433", "CTMT": "ALC9925", "COMP": 0.42, "TIP_CND": "105924969_35_3", "energizado": false, "fonte": null}}, {"type": "Feature", "geometry": {"type": "MultiLineString", "coordinates": [[[-43.239180288639375, -22.91780550541972], [-43.23979288433412, -22.91810710565835]]]}, "properties": {"camada": "SSDMT", "COD_ID": "11304234", "CTMT": "ALC9925", "COMP": 74.01, "TIP_CND": "105924969_35_3", "energizado": false, "fonte": null}}, {"type": "Feature", "geometry": {"type": "MultiLineString", "coordinates": [[[-43.23979288433412, -22.91810710565835], [-43.239796778398556, -22.91810907247566]]]}, "properties": {"camada": "SSDMT", "COD_ID": "11304240", "CTMT": "ALC9925", "COMP": 0.47, "TIP_CND": "105924969_35_3", "energizado": false, "fonte": null}}, {"type": "Feature", "geometry": {"type": "MultiLineString", "coordinates": [[[-43.23917657623798, -22.917803883942042], [-43.239180288639375, -22.91780550541972]]]}, "properties": {"camada": "SSDMT", "COD_ID": "11304204", "CTMT": "ALC9925", "COMP": 0.44, "TIP_CND": "105924969_35_3", "energizado": false, "fonte": null}}, {"type": "Feature", "geometry": {"type": "MultiLineString", "coordinates": [[[-43.23916914424058, -22.91780035230437], [-43.23917657623798, -22.917803883942042]]]}, "properties": {"camada": "SSDMT", "COD_ID": "12180585", "CTMT": "ALC9925", "COMP": 0.89, "TIP_CND": "105924969_35_3", "energizado": false, "fonte": null}}, {"type": "Feature", "geometry": {"type": "MultiLineString", "coordinates": [[[-43.23817466223085, -22.917311497027924], [-43.23817515236135, -22.917304458034266]]]}, "properties": {"camada": "SSDMT", "COD_ID": "11304066", "CTMT": "ALC9925", "COMP": 0.81, "TIP_CND": "105924969_35_3", "energizado": false, "fonte": null}}, {"type": "Feature", "geometry": {"type": "MultiLineString", "coordinates": [[[-43.23913022248172, -22.91778183166616], [-43.23916914424058, -22.91780035230437]]]}, "properties": {"camada": "SSDMT", "COD_ID": "11304198", "CTMT": "ALC9925", "COMP": 4.67, "TIP_CND": "105924968_35_3", "energizado": false, "fonte": null}}, {"type": "Feature", "geometry": {"type": "MultiLineString", "coordinates": [[[-43.23808732726832, -22.91731940476666], [-43.238105199495294, -22.917318491954802]]]}, "properties": {"camada": "SSDMT", "COD_ID": "12437407", "CTMT": "ALC9925", "COMP": 1.91, "TIP_CND": "105924968_35_3", "energizado": false, "fonte": null}}, {"type": "Feature", "geometry": {"type": "MultiLineString", "coordinates": [[[-43.23738169580855, -22.921563282119735], [-43.237380530287226, -22.921565174293335]]]}, "properties": {"camada": "SSDMT", "COD_ID": "12085563", "CTMT": "ALC9946", "COMP": 0.25, "TIP_CND": "105924963_35_3", "energizado": true, "fonte": "ALC9946"}}, {"type": "Feature", "geometry": {"type": "MultiLineString", "coordinates": [[[-43.238199700255905, -22.921122688061587], [-43.238166124067334, -22.921180074700658]]]}, "properties": {"camada": "SSDMT", "COD_ID": "12097179", "CTMT": "ALC9946", "COMP": 7.52, "TIP_CND": "105924987_35_3", "energizado": true, "fonte": "ALC9946"}}, {"type": "Feature", "geometry": {"type": "MultiLineString", "coordinates": [[[-43.23736110942764, -22.921566774187227], [-43.23735878647875, -22.921570740197467]]]}, "properties": {"camada": "SSDMT", "COD_ID": "12839141", "CTMT": "ALC9946", "COMP": 0.52, "TIP_CND": "105924963_35_3", "energizado": true, "fonte": "ALC9946"}}, {"type": "Feature", "geometry": {"type": "MultiLineString", "coordinates": [[[-43.237327630365826, -22.92156078470242], [-43.23732584611088, -22.92156380822314]]]}, "properties": {"camada": "SSDMT", "COD_ID": "12085479", "CTMT": "ALC9946", "COMP": 0.4, "TIP_CND": "105924963_35_3", "energizado": true, "fonte": "ALC9946"}}, {"type": "Feature", "geometry": {"type": "MultiLineString", "coordinates": [[[-43.238499442495254, -22.9174746277518], [-43.239115775772405, -22.917774952751813]]]}, "properties": {"camada": "SSDMT", "COD_ID": "11304144", "CTMT": "ALC9925", "COMP": 74.3, "TIP_CND": "105924968_35_3", "energizado": false, "fonte": null}}, {"type": "Feature", "geometry": {"type": "MultiLineString", "coordinates": [[[-43.23813373228586, -22.91731710160292], [-43.23817466223085, -22.917311497027924]]]}, "properties": {"camada": "SSDMT", "COD_ID": "11304036", "CTMT": "ALC9925", "COMP": 4.41, "TIP_CND": "105924969_35_3", "energizado": false, "fonte": null}}, {"type": "Feature", "geometry": {"type": "MultiLineString", "coordinates": [[[-43.238449133520646, -22.91741685170632], [-43.238499442495254, -22.9174746277518]]]}, "properties": {"camada": "SSDMT", "COD_ID": "12099219", "CTMT": "ALC9925", "COMP": 8.55, "TIP_CND": "105924968_35_3", "energizado": false, "fonte": null}}, {"type": "Feature", "geometry": {"type": "MultiLineString", "coordinates": [[[-43.238105199495294, -22.917318491954802], [-43.23813373228586, -22.91731710160292]]]}, "properties": {"camada": "SSDMT", "COD_ID": "12437173", "CTMT": "ALC9925", "COMP": 3.05, "TIP_CND": "105924968_35_3", "energizado": false, "fonte": null}}, {"type": "Feature", "geometry": {"type": "MultiLineString", "coordinates": [[[-43.23817919841122, -22.917304458034266], [-43.238433646295675, -22.91740903030245]]]}, "properties": {"camada": "SSDMT", "COD_ID": "11304078", "CTMT": "ALC9925", "COMP": 29.7, "TIP_CND": "105924968_35_3", "energizado": false, "fonte": null}}, {"type": "Feature", "geometry": {"type": "MultiLineString", "coordinates": [[[-43.239115775772405, -22.917774952751813], [-43.239119205786665, -22.91777653555863]]]}, "properties": {"camada": "SSDMT", "COD_ID": "11304192", "CTMT": "ALC9925", "COMP": 0.41, "TIP_CND": "105924969_35_3", "energizado": false, "fonte": null}}, {"type": "Feature", "geometry": {"type": "MultiLineString", "coordinates": [[[-43.23807837541665, -22.917291698453084], [-43.23808732726832, -22.91731940476666]]]}, "properties": {"camada": "SSDMT", "COD_ID": "12437401", "CTMT": "ALC9925", "COMP": 3.33, "TIP_CND": "105924968_35_3", "energizado": false, "fonte": null}}, {"type": "Feature", "geometry": {"type": "MultiLineString", "coordinates": [[[-43.238433646295675, -22.91740903030245], [-43.23844113135311, -22.91741296033979]]]}, "properties": {"camada": "SSDMT", "COD_ID": "12179829", "CTMT": "ALC9925", "COMP": 0.92, "TIP_CND": "105924968_35_3", "energizado": false, "fonte": null}}, {"type": "Feature", "geometry": {"type": "MultiLineString", "coordinates": [[[-43.23163654239249, -22.929184511256153], [-43.231629979140166, -22.929195925451552]]]}, "properties": {"camada": "SSDMT", "COD_ID": "11065708", "CTMT": "URG29983", "COMP": 1.49, "TIP_CND": "105925005_13_3", "energizado": true, "fonte": "URG29983"}}, {"type": "Feature", "geometry": {"type": "MultiLineString", "coordinates": [[[-43.23162274499367, -22.929209471939544], [-43.231491279398995, -22.929356134278123]]]}, "properties": {"camada": "SSDMT", "COD_ID": "11131724", "CTMT": "URG29983", "COMP": 21.95, "TIP_CND": "105925005_13_3", "energizado": true, "fonte": "URG29983"}}, {"type": "Feature", "geometry": {"type": "MultiLineString", "coordinates": [[[-43.230355575949034, -22.928742341585746], [-43.22992492839268, -22.92905468062895]]]}, "properties": {"camada": "SSDMT", "COD_ID": "346912008", "CTMT": "RCP9882", "COMP": 58.35, "TIP_CND": "105925010_11_3", "energizado": true, "fonte": "RCP9882"}}, {"type": "Feature", "geometry": {"type": "MultiLineString", "coordinates": [[[-43.2276339873186, -22.93121562470128], [-43.227537774248844, -22.931193300830103]]]}, "properties": {"camada": "SSDMT", "COD_ID": "346911732", "CTMT": "RCP9882", "COMP": 10.58, "TIP_CND": "105925010_11_3", "energizado": true, "fonte": "RCP9882"}}, {"type": "Feature", "geometry": {"type": "MultiLineString", "coordinates": [[[-43.22744179770075, -22.927256578828008], [-43.22743837308241, -22.92726428871589]]]}, "properties": {"camada": "SSDMT", "COD_ID": "723337193", "CTMT": "RCP9882", "COMP": 0.96, "TIP_CND": "105925010_11_3", "energizado": true, "fonte": "RCP9882"}}, {"type": "Feature", "geometry": {"type": "MultiLineString", "coordinates": [[[-43.226205575227084, -22.92851431668231], [-43.226194863402156, -22.928514838289118]]]}, "properties": {"camada": "SSDMT", "COD_ID": "894654904", "CTMT": "RCP9882", "COMP": 1.14, "TIP_CND": "105924962_34_3", "energizado": true, "fonte": "RCP9882"}}, {"type": "Feature", "geometry": {"type": "MultiLineString", "coordinates": [[[-43.227288421023786, -22.927048678953327], [-43.2273652312204, -22.927139843229156]]]}, "properties": {"camada": "SSDMT", "COD_ID": "11130824", "CTMT": "RCP9882", "COMP": 13.32, "TIP_CND": "105925011_11_3", "energizado": true, "fonte": "RCP9882"}}, {"type": "Feature", "geometry": {"type": "MultiLineString", "coordinates": [[[-43.227505772773156, -22.929151271414014], [-43.22738277789284, -22.929003041557053]]]}, "properties": {"camada": "SSDMT", "COD_ID": "11131052", "CTMT": "RCP9882", "COMP": 21.53, "TIP_CND": "105925010_11_3", "energizado": true, "fonte": "RCP9882"}}, {"type": "Feature", "geometry": {"type": "MultiLineString", "coordinates": [[[-43.22992492839268, -22.92905468062895], [-43.22973949897863, -22.929186950217513]]]}, "properties": {"camada": "SSDMT", "COD_ID": "346912014", "CTMT": "RCP9882", "COMP": 24.97, "TIP_CND": "105925010_11_3", "energizado": true, "fonte": "RCP9882"}}, {"type": "Feature", "geometry": {"type": "MultiLineString", "coordinates": [[[-43.22626698903025, -22.931371925074245], [-43.22616247701666, -22.931375281344117]]]}, "properties": {"camada": "SSDMT", "COD_ID": "346912170", "CTMT": "RCP9882", "COMP": 11.16, "TIP_CND": "105924962_34_3", "energizado": true, "fonte": "RCP9882"}}, {"type": "Feature", "geometry": {"type": "MultiLineString", "coordinates": [[[-43.22774940361205, -22.927586631817576], [-43.22786462025596, -22.927723377331972]]]}, "properties": {"camada": "SSDMT", "COD_ID": "11130890", "CTMT": "RCP9882", "COMP": 19.98, "TIP_CND": "105925011_11_3", "energizado": true, "fonte": "RCP9882"}}, {"type": "Feature", "geometry": {"type": "MultiLineString", "coordinates": [[[-43.23203124494597, -22.928746205073253], [-43.23192991923037, -22.928816715518963]]]}, "properties": {"camada": "SSDMT", "COD_ID": "11131694", "CTMT": "RCP9882", "COMP": 13.52, "TIP_CND": "105925010_11_3", "energizado": true, "fonte": "RCP9882"}}, {"type": "Feature", "geometry": {"type": "MultiLineString", "coordinates": [[[-43.22738277789284, -22.929003041557053], [-43.22716838581232, -22.928916725526392]]]}, "properties": {"camada": "SSDMT", "COD_ID": "11131058", "CTMT": "RCP9882", "COMP": 24.94, "TIP_CND": "105925010_11_3", "energizado": true, "fonte": "RCP9882"}}, {"type": "Feature", "geometry": {"type": "MultiLineString", "coordinates": [[[-43.2256341873678, -22.928303494011004], [-43.2255471590741, -22.928248336791285]]]}, "properties": {"camada": "SSDMT", "COD_ID": "346912236", "CTMT": "RCP9882", "COMP": 11.25, "TIP_CND": "105924962_34_3", "energizado": true, "fonte": "RCP9882"}}, {"type": "Feature", "geometry": {"type": "MultiLineString", "coordinates": [[[-43.22708351139488, -22.928845844560044], [-43.226801660268336, -22.92877466681739]]]}, "properties": {"camada": "SSDMT", "COD_ID": "346912002", "CTMT": "RCP9882", "COMP": 31.16, "TIP_CND": "105925010_11_3", "energizado": true, "fonte": "RCP9882"}}, {"type": "Feature", "geometry": {"type": "MultiLineString", "coordinates": [[[-43.23153159330832, -22.92800907935549], [-43.23168328285715, -22.92790336944489]]]}, "properties": {"camada": "SSDMT", "COD_ID": "11131412", "CTMT": "RCP9882", "COMP": 20.25, "TIP_CND": "105925011_11_3", "energizado": true, "fonte": "RCP9882"}}, {"type": "Feature", "geometry": {"type": "MultiLineString", "coordinates": [[[-43.227687499678325, -22.92908492213138], [-43.22795180323311, -22.929292588182363]]]}, "properties": {"camada": "SSDMT", "COD_ID": "11130980", "CTMT": "RCP9882", "COMP": 36.97, "TIP_CND": "105925010_11_3", "energizado": true, "fonte": "RCP9882"}}, {"type": "Feature", "geometry": {"type": "MultiLineString", "coordinates": [[[-43.227464959740075, -22.930496846052563], [-43.22757120834456, -22.930731851493704]]]}, "properties": {"camada": "SSDMT", "COD_ID": "346912242", "CTMT": "RCP9882", "COMP": 29.34, "TIP_CND": "105925010_11_3", "energizado": true, "fonte": "RCP9882"}}, {"type": "Feature", "geometry": {"type": "MultiLineString", "coordinates": [[[-43.22770252465176, -22.930384794122915], [-43.2279833037864, -22.930396229902044]]]}, "properties": {"camada": "SSDMT", "COD_ID": "346911762", "CTMT": "RCP9882", "COMP": 29.98, "TIP_CND": "105925010_11_3", "energizado": true, "fonte": "RCP9882"}}, {"type": "Feature", "geometry": {"type": "MultiLineString", "coordinates": [[[-43.22530614796034, -22.929537008626028], [-43.22525764212645, -22.929518405250178]]]}, "properties": {"camada": "SSDMT", "COD_ID": "346912122", "CTMT": "RCP9882", "COMP": 5.6, "TIP_CND": "105924962_34_3", "energizado": true, "fonte": "RCP9882"}}, {"type": "Feature", "geometry": {"type": "MultiLineString", "coordinates": [[[-43.22588340659388, -22.929380915996433], [-43.22565990258238, -22.92932423262721]]]}, "properties": {"camada": "SSDMT", "COD_ID": "11131112", "CTMT": "RCP9882", "COMP": 24.72, "TIP_CND": "105924962_34_3", "energizado": true, "fonte": "RCP9882"}}, {"type": "Feature", "geometry": {"type": "MultiLineString", "coordinates": [[[-43.23036544420984, -22.928738442125336], [-43.230355575949034, -22.928742341585746]]]}, "properties": {"camada": "SSDMT", "COD_ID": "107599102", "CTMT": "RCP9882", "COMP": 1.14, "TIP_CND": "105925010_11_3", "energizado": true, "fonte": "RCP9882"}}, {"type": "Feature", "geometry": {"type": "MultiLineString", "coordinates": [[[-43.23175559554426, -22.928953671474687], [-43.23161001329146, -22.929061996613825]]]}, "properties": {"camada": "SSDMT", "COD_ID": "11131706", "CTMT": "RCP9882", "COMP": 19.92, "TIP_CND": "105925010_11_3", "energizado": true, "fonte": "RCP9882"}}, {"type": "Feature", "geometry": {"type": "MultiLineString", "coordinates": [[[-43.2281887413173, -22.928103102576074], [-43.22832560104558, -22.928263261040627]]]}, "properties": {"camada": "SSDMT", "COD_ID": "11130908", "CTMT": "RCP9882", "COMP": 23.52, "TIP_CND": "105925011_11_3", "energizado": true, "fonte": "RCP9882"}}, {"type": "Feature", "geometry": {"type": "MultiLineString", "coordinates": [[[-43.22691397390071, -22.93052993480859], [-43.22673479027833, -22.93063665106058]]]}, "properties": {"camada": "SSDMT", "COD_ID": "11131136", "CTMT": "RCP9882", "COMP": 22.73, "TIP_CND": "105925010_11_3", "energizado": true, "fonte": "RCP9882"}}, {"type": "Feature", "geometry": {"type": "MultiLineString", "coordinates": [[[-43.22663730826514, -22.929268164394216], [-43.226663143988844, -22.929398665016322]]]}, "properties": {"camada": "SSDMT", "COD_ID": "346912086", "CTMT": "RCP9882", "COMP": 15.28, "TIP_CND": "105924962_34_3", "energizado": true, "fonte": "RCP9882"}}, {"type": "Feature", "geometry": {"type": "MultiLineString", "coordinates": [[[-43.22699570248966, -22.93129567245728], [-43.22670401997448, -22.93150323958281]]]}, "properties": {"camada": "SSDMT", "COD_ID": "346911756", "CTMT": "RCP9882", "COMP": 39.24, "TIP_CND": "105925010_11_3", "energizado": true, "fonte": "RCP9882"}}, {"type": "Feature", "geometry": {"type": "MultiLineString", "coordinates": [[[-43.2324853603111, -22.927308849223948], [-43.232393919044114, -22.927247225878716]]]}, "properties": {"camada": "SSDMT", "COD_ID": "11131454", "CTMT": "RCP9882", "COMP": 12.06, "TIP_CND": "105925010_11_3", "energizado": true, "fonte": "RCP9882"}}, {"type": "Feature", "geometry": {"type": "MultiLineString", "coordinates": [[[-43.23093729791793, -22.928631603565634], [-43.23102975541883, -22.92870652248797]]]}, "properties": {"camada": "SSDMT", "COD_ID": "346936367", "CTMT": "RCP9882", "COMP": 13.1, "TIP_CND": "105925011_11_3", "energizado": true, "fonte": "RCP9882"}}, {"type": "Feature", "geometry": {"type": "MultiLineString", "coordinates": [[[-43.22546376404142, -22.929412344603975], [-43.22530614796034, -22.929537008626028]]]}, "properties": {"camada": "SSDMT", "COD_ID": "11131172", "CTMT": "RCP9882", "COMP": 22.11, "TIP_CND": "105924962_34_3", "energizado": true, "fonte": "RCP9882"}}, {"type": "Feature", "geometry": {"type": "MultiLineString", "coordinates": [[[-43.227895467901476, -22.931096155163402], [-43.2276339873186, -22.93121562470128]]]}, "properties": {"camada": "SSDMT", "COD_ID": "346911714", "CTMT": "RCP9882", "COMP": 31.1, "TIP_CND": "105925010_11_3", "energizado": true, "fonte": "RCP9882"}}, {"type": "Feature", "geometry": {"type": "MultiLineString", "coordinates": [[[-43.232021177035676, -22.92766610940339], [-43.23234328631355, -22.927443049656972]]]}, "properties": {"camada": "SSDMT", "COD_ID": "346911834", "CTMT": "RCP9882", "COMP": 42.9, "TIP_CND": "105925011_11_3", "energizado": true, "fonte": "RCP9882"}}, {"type": "Feature", "geometry": {"type": "MultiLineString", "coordinates": [[[-43.22662475462869, -22.930809873077123], [-43.22651484578347, -22.931026524254662]]]}, "properties": {"camada": "SSDMT", "COD_ID": "346912140", "CTMT": "RCP9882", "COMP": 27.57, "TIP_CND": "105924962_34_3", "energizado": true, "fonte": "RCP9882"}}, {"type": "Feature", "geometry": {"type": "MultiLineString", "coordinates": [[[-43.22927040540486, -22.927584850260587], [-43.22935265919784, -22.92752799961744]]]}, "properties": {"camada": "SSDMT", "COD_ID": "456002006", "CTMT": "RCP9882", "COMP": 10.95, "TIP_CND": "105925011_11_3", "energizado": true, "fonte": "RCP9882"}}, {"type": "Feature", "geometry": {"type": "MultiLineString", "coordinates": [[[-43.229500809914384, -22.929358116383924], [-43.22922546628217, -22.929554428494043]]]}, "properties": {"camada": "SSDMT", "COD_ID": "347051068", "CTMT": "RCP9882", "COMP": 37.07, "TIP_CND": "105925010_11_3", "energizado": true, "fonte": "RCP9882"}}, {"type": "Feature", "geometry": {"type": "MultiLineString", "coordinates": [[[-43.22535900741224, -22.928471995486177], [-43.22531097192376, -22.928417275336926]]]}, "properties": {"camada": "SSDMT", "COD_ID": "11131298", "CTMT": "RCP9882", "COMP": 8.12, "TIP_CND": "105924962_34_3", "energizado": true, "fonte": "RCP9882"}}, {"type": "Feature", "geometry": {"type": "MultiLineString", "coordinates": [[[-43.224465553442485, -22.928066641362363], [-43.22416819170866, -22.927911040661968]]]}, "properties": {"camada": "SSDMT", "COD_ID": "11131304", "CTMT": "RCP9882", "COMP": 36.43, "TIP_CND": "105925010_11_3", "energizado": true, "fonte": "RCP9882"}}, {"type": "Feature", "geometry": {"type": "MultiLineString", "coordinates": [[[-43.227278971847056, -22.931143476590137], [-43.227058130728096, -22.931263372406647]]]}, "properties": {"camada": "SSDMT", "COD_ID": "346911744", "CTMT": "RCP9882", "COMP": 27.31, "TIP_CND": "105925010_11_3", "energizado": true, "fonte": "RCP9882"}}, {"type": "Feature", "geometry": {"type": "MultiLineString", "coordinates": [[[-43.22966614487666, -22.927545938394303], [-43.22980542737855, -22.927672800359403]]]}, "properties": {"camada": "SSDMT", "COD_ID": "346911876", "CTMT": "RCP9882", "COMP": 20.84, "TIP_CND": "105925011_11_3", "energizado": true, "fonte": "RCP9882"}}, {"type": "Feature", "geometry": {"type": "MultiLineString", "coordinates": [[[-43.22643701305765, -22.931098566245794], [-43.226375366330046, -22.93119368214269]]]}, "properties": {"camada": "SSDMT", "COD_ID": "346912152", "CTMT": "RCP9882", "COMP": 12.78, "TIP_CND": "105924962_34_3", "energizado": true, "fonte": "RCP9882"}}, {"type": "Feature", "geometry": {"type": "MultiLineString", "coordinates": [[[-43.23247672592015, -22.928417995693906], [-43.23234491948239, -22.928516739455915]]]}, "properties": {"camada": "SSDMT", "COD_ID": "346911804", "CTMT": "RCP9882", "COMP": 18.08, "TIP_CND": "105925010_11_3", "energizado": true, "fonte": "RCP9882"}}, {"type": "Feature", "geometry": {"type": "MultiLineString", "coordinates": [[[-43.231502940907944, -22.929091470095216], [-43.23146678006782, -22.92918844399145]]]}, "properties": {"camada": "SSDMT", "COD_ID": "11131718", "CTMT": "RCP9882", "COMP": 11.82, "TIP_CND": "105925006_13_3", "energizado": true, "fonte": "RCP9882"}}, {"type": "Feature", "geometry": {"type": "MultiLineString", "coordinates": [[[-43.2273652312204, -22.927139843229156], [-43.22748143531993, -22.927057346619222]]]}, "properties": {"camada": "SSDMT", "COD_ID": "11130848", "CTMT": "RCP9882", "COMP": 15.62, "TIP_CND": "105925010_11_3", "energizado": true, "fonte": "RCP9882"}}, {"type": "Feature", "geometry": {"type": "MultiLineString", "coordinates": [[[-43.2280726037676, -22.92796366449147], [-43.22805876050336, -22.927788759843338]]]}, "properties": {"camada": "SSDMT", "COD_ID": "136304463", "CTMT": "RCP9882", "COMP": 20.2, "TIP_CND": "105925010_11_3", "energizado": true, "fonte": "RCP9882"}}, {"type": "Feature", "geometry": {"type": "MultiLineString", "coordinates": [[[-43.22769492807845, -22.929527592724185], [-43.22769057985636, -22.929535825118194]]]}, "properties": {"camada": "SSDMT", "COD_ID": "346911702", "CTMT": "RCP9882", "COMP": 1.06, "TIP_CND": "105924962_34_3", "energizado": true, "fonte": "RCP9882"}}, {"type": "Feature", "geometry": {"type": "MultiLineString", "coordinates": [[[-43.231330213518504, -22.928147638802443], [-43.23153159330832, -22.92800907935549]]]}, "properties": {"camada": "SSDMT", "COD_ID": "346911846", "CTMT": "RCP9882", "COMP": 26.76, "TIP_CND": "105925011_11_3", "energizado": true, "fonte": "RCP9882"}}, {"type": "Feature", "geometry": {"type": "MultiLineString", "coordinates": [[[-43.22673479027833, -22.93063665106058], [-43.22648192250267, -22.9305886713301]]]}, "properties": {"camada": "SSDMT", "COD_ID": "346911936", "CTMT": "RCP9882", "COMP": 27.54, "TIP_CND": "105925010_11_3", "energizado": true, "fonte": "RCP9882"}}, {"type": "Feature", "geometry": {"type": "MultiLineString", "coordinates": [[[-43.23262086386171, -22.92724448924173], [-43.23271017823208, -22.92718211676123]]]}, "properties": {"camada": "SSDMT", "COD_ID": "11131442", "CTMT": "RCP9882", "COMP": 11.93, "TIP_CND": "105925011_11_3", "energizado": true, "fonte": "RCP9882"}}, {"type": "Feature", "geometry": {"type": "MultiLineString", "coordinates": [[[-43.22749334054521, -22.92975812044085], [-43.227255328670424, -22.92969017935826]]]}, "properties": {"camada": "SSDMT", "COD_ID": "346911918", "CTMT": "RCP9882", "COMP": 26.57, "TIP_CND": "105924962_34_3", "energizado": true, "fonte": "RCP9882"}}, {"type": "Feature", "geometry": {"type": "MultiLineString", "coordinates": [[[-43.22832560104558, -22.928263261040627], [-43.22824371417602, -22.9284381629908]]]}, "properties": {"camada": "SSDMT", "COD_ID": "11130920", "CTMT": "RCP9882", "COMP": 21.96, "TIP_CND": "105925011_11_3", "energizado": true, "fonte": "RCP9882"}}, {"type": "Feature", "geometry": {"type": "MultiLineString", "coordinates": [[[-43.22724534169913, -22.930387813147036], [-43.227464959740075, -22.930496846052563]]]}, "properties": {"camada": "SSDMT", "COD_ID": "11131148", "CTMT": "RCP9882", "COMP": 26.58, "TIP_CND": "105925010_11_3", "energizado": true, "fonte": "RCP9882"}}, {"type": "Feature", "geometry": {"type": "MultiLineString", "coordinates": [[[-43.22791208197697, -22.930988099820922], [-43.227895467901476, -22.931096155163402]]]}, "properties": {"camada": "SSDMT", "COD_ID": "346911726", "CTMT": "RCP9882", "COMP": 12.57, "TIP_CND": "105925010_11_3", "energizado": true, "fonte": "RCP9882"}}, {"type": "Feature", "geometry": {"type": "MultiLineString", "coordinates": [[[-43.23271017823208, -22.92718211676123], [-43.232778853161506, -22.92712871681681]]]}, "properties": {"camada": "SSDMT", "COD_ID": "346911828", "CTMT": "RCP9882", "COMP": 9.57, "TIP_CND": "105925011_11_3", "energizado": true, "fonte": "RCP9882"}}, {"type": "Feature", "geometry": {"type": "MultiLineString", "coordinates": [[[-43.225179570180956, -22.928236503511755], [-43.22517832102267, -22.92817220108617]]]}, "properties": {"camada": "SSDMT", "COD_ID": "346912200", "CTMT": "RCP9882", "COMP": 7.41, "TIP_CND": "105924962_34_3", "energizado": true, "fonte": "RCP9882"}}, {"type": "Feature", "geometry": {"type": "MultiLineString", "coordinates": [[[-43.229322759437764, -22.927337871245697], [-43.22908034987819, -22.9271830817338]]]}, "properties": {"camada": "SSDMT", "COD_ID": "456001988", "CTMT": "RCP9882", "COMP": 31.41, "TIP_CND": "105925011_11_3", "energizado": true, "fonte": "RCP9882"}}, {"type": "Feature", "geometry": {"type": "MultiLineString", "coordinates": [[[-43.22908034987819, -22.9271830817338], [-43.229074967435736, -22.927192187369485]]]}, "properties": {"camada": "SSDMT", "COD_ID": "962852208", "CTMT": "RCP9882", "COMP": 1.2, "TIP_CND": "105925011_11_3", "energizado": true, "fonte": "RCP9882"}}, {"type": "Feature", "geometry": {"type": "MultiLineString", "coordinates": [[[-43.22786462025596, -22.927723377331972], [-43.22797032387132, -22.927841955641668]]]}, "properties": {"camada": "SSDMT", "COD_ID": "131881813", "CTMT": "RCP9882", "COMP": 17.71, "TIP_CND": "105925011_11_3", "energizado": true, "fonte": "RCP9882"}}, {"type": "Feature", "geometry": {"type": "MultiLineString", "coordinates": [[[-43.22824371417602, -22.9284381629908], [-43.22800021643678, -22.92860117230623]]]}, "properties": {"camada": "SSDMT", "COD_ID": "11130926", "CTMT": "RCP9882", "COMP": 32.05, "TIP_CND": "105925010_11_3", "energizado": true, "fonte": "RCP9882"}}, {"type": "Feature", "geometry": {"type": "MultiLineString", "coordinates": [[[-43.226125701939566, -22.929491992161672], [-43.22599979775242, -22.92942737047673]]]}, "properties": {"camada": "SSDMT", "COD_ID": "12864809", "CTMT": "RCP9882", "COMP": 15.36, "TIP_CND": "105924962_34_3", "energizado": true, "fonte": "RCP9882"}}, {"type": "Feature", "geometry": {"type": "MultiLineString", "coordinates": [[[-43.22627098381878, -22.928564616663664], [-43.226205575227084, -22.92851431668231]]]}, "properties": {"camada": "SSDMT", "COD_ID": "346912176", "CTMT": "RCP9882", "COMP": 9.07, "TIP_CND": "105925010_11_3", "energizado": true, "fonte": "RCP9882"}}, {"type": "Feature", "geometry": {"type": "MultiLineString", "coordinates": [[[-43.232323955386164, -22.927426362736412], [-43.232263338382324, -22.927374041079077]]]}, "properties": {"camada": "SSDMT", "COD_ID": "728674713", "CTMT": "RCP9882", "COMP": 8.84, "TIP_CND": "105925006_13_3", "energizado": true, "fonte": "RCP9882"}}, {"type": "Feature", "geometry": {"type": "MultiLineString", "coordinates": [[[-43.22768622803693, -22.928696684804095], [-43.22755821134234, -22.928794590397956]]]}, "properties": {"camada": "SSDMT", "COD_ID": "11130968", "CTMT": "RCP9882", "COMP": 17.71, "TIP_CND": "105925010_11_3", "energizado": true, "fonte": "RCP9882"}}, {"type": "Feature", "geometry": {"type": "MultiLineString", "coordinates": [[[-43.22631631954249, -22.93057778863397], [-43.2253479556436, -22.930070278720336]]]}, "properties": {"camada": "SSDMT", "COD_ID": "804987603", "CTMT": "RCP9882", "COMP": 118.69, "TIP_CND": "105925010_11_3", "energizado": true, "fonte": "RCP9882"}}, {"type": "Feature", "geometry": {"type": "MultiLineString", "coordinates": [[[-43.22780333145852, -22.929438497788396], [-43.22765549100808, -22.929325002446888]]]}, "properties": {"camada": "SSDMT", "COD_ID": "11131040", "CTMT": "RCP9882", "COMP": 20.48, "TIP_CND": "105925010_11_3", "energizado": true, "fonte": "RCP9882"}}, {"type": "Feature", "geometry": {"type": "MultiLineString", "coordinates": [[[-43.22662050982865, -22.928928599275366], [-43.22666831149331, -22.92900137871061]]]}, "properties": {"camada": "SSDMT", "COD_ID": "11131082", "CTMT": "RCP9882", "COMP": 9.81, "TIP_CND": "105924962_34_3", "energizado": true, "fonte": "RCP9882"}}, {"type": "Feature", "geometry": {"type": "MultiLineString", "coordinates": [[[-43.22618569931052, -22.92851104225076], [-43.22587176936662, -22.9283967177343]]]}, "properties": {"camada": "SSDMT", "COD_ID": "11131268", "CTMT": "RCP9882", "COMP": 35.99, "TIP_CND": "105924962_34_3", "energizado": true, "fonte": "RCP9882"}}, {"type": "Feature", "geometry": {"type": "MultiLineString", "coordinates": [[[-43.22979961326149, -22.92769934924553], [-43.2297639731288, -22.927861979946385]]]}, "properties": {"camada": "SSDMT", "COD_ID": "11131340", "CTMT": "RCP9882", "COMP": 19.11, "TIP_CND": "105925006_13_3", "energizado": true, "fonte": "RCP9882"}}, {"type": "Feature", "geometry": {"type": "MultiLineString", "coordinates": [[[-43.23234491948239, -22.928516739455915], [-43.232115684091525, -22.928683950403922]]]}, "properties": {"camada": "SSDMT", "COD_ID": "346911810", "CTMT": "RCP9882", "COMP": 31.13, "TIP_CND": "105925010_11_3", "energizado": true, "fonte": "RCP9882"}}, {"type": "Feature", "geometry": {"type": "MultiLineString", "coordinates": [[[-43.227779904119245, -22.930730905406904], [-43.22789119432309, -22.930755122350945]]]}, "properties": {"camada": "SSDMT", "COD_ID": "346912254", "CTMT": "RCP9882", "COMP": 12.2, "TIP_CND": "105925010_11_3", "energizado": true, "fonte": "RCP9882"}}, {"type": "Feature", "geometry": {"type": "MultiLineString", "coordinates": [[[-43.22621367092415, -22.92892028504309], [-43.226144059800504, -22.928871482432896]]]}, "properties": {"camada": "SSDMT", "COD_ID": "346912134", "CTMT": "RCP9882", "COMP": 9.31, "TIP_CND": "105924962_34_3", "energizado": true, "fonte": "RCP9882"}}, {"type": "Feature", "geometry": {"type": "MultiLineString", "coordinates": [[[-43.23085271937748, -22.9285459539326], [-43.23037889896699, -22.92873312803141]]]}, "properties": {"camada": "SSDMT", "COD_ID": "574155054", "CTMT": "RCP9882", "COMP": 54.95, "TIP_CND": "105925010_11_3", "energizado": true, "fonte": "RCP9882"}}, {"type": "Feature", "geometry": {"type": "MultiLineString", "coordinates": [[[-43.228689805789884, -22.927994478862047], [-43.228886527091504, -22.927861217321265]]]}, "properties": {"camada": "SSDMT", "COD_ID": "11131310", "CTMT": "RCP9882", "COMP": 26.0, "TIP_CND": "105925011_11_3", "energizado": true, "fonte": "RCP9882"}}, {"type": "Feature", "geometry": {"type": "MultiLineString", "coordinates": [[[-43.22973949897863, -22.929186950217513], [-43.229500809914384, -22.929358116383924]]]}, "properties": {"camada": "SSDMT", "COD_ID": "11131400", "CTMT": "RCP9882", "COMP": 32.2, "TIP_CND": "105925010_11_3", "energizado": true, "fonte": "RCP9882"}}, {"type": "Feature", "geometry": {"type": "MultiLineString", "coordinates": [[[-43.23027804449612, -22.928066387753574], [-43.230577073573045, -22.928313548431447]]]}, "properties": {"camada": "SSDMT", "COD_ID": "32484246", "CTMT": "RCP9882", "COMP": 42.75, "TIP_CND": "105925011_11_3", "energizado": true, "fonte": "RCP9882"}}, {"type": "Feature", "geometry": {"type": "MultiLineString", "coordinates": [[[-43.232115684091525, -22.928683950403922], [-43.23203124494597, -22.928746205073253]]]}, "properties": {"camada": "SSDMT", "COD_ID": "346911816", "CTMT": "RCP9882", "COMP": 11.51, "TIP_CND": "105925010_11_3", "energizado": true, "fonte": "RCP9882"}}, {"type": "Feature", "geometry": {"type": "MultiLineString", "coordinates": [[[-43.22531097192376, -22.928417275336926], [-43.22524320530965, -22.92838039503914]]]}, "properties": {"camada": "SSDMT", "COD_ID": "346912182", "CTMT": "RCP9882", "COMP": 8.38, "TIP_CND": "105924962_34_3", "energizado": true, "fonte": "RCP9882"}}, {"type": "Feature", "geometry": {"type": "MultiLineString", "coordinates": [[[-43.22650089190262, -22.928679762261197], [-43.22636118492068, -22.92862769241401]]]}, "properties": {"camada": "SSDMT", "COD_ID": "11131250", "CTMT": "RCP9882", "COMP": 16.06, "TIP_CND": "105925010_11_3", "energizado": true, "fonte": "RCP9882"}}, {"type": "Feature", "geometry": {"type": "MultiLineString", "coordinates": [[[-43.22755821134234, -22.928794590397956], [-43.22756666856685, -22.92889402034274]]]}, "properties": {"camada": "SSDMT", "COD_ID": "11130962", "CTMT": "RCP9882", "COMP": 11.49, "TIP_CND": "105925010_11_3", "energizado": true, "fonte": "RCP9882"}}, {"type": "Feature", "geometry": {"type": "MultiLineString", "coordinates": [[[-43.228886527091504, -22.927861217321265], [-43.229053886427664, -22.927736657620585]]]}, "properties": {"camada": "SSDMT", "COD_ID": "11131316", "CTMT": "RCP9882", "COMP": 22.9, "TIP_CND": "105925011_11_3", "energizado": true, "fonte": "RCP9882"}}, {"type": "Feature", "geometry": {"type": "MultiLineString", "coordinates": [[[-43.22631316651939, -22.931260814734742], [-43.22626698903025, -22.931371925074245]]]}, "properties": {"camada": "SSDMT", "COD_ID": "346912164", "CTMT": "RCP9882", "COMP": 13.71, "TIP_CND": "105924962_34_3", "energizado": true, "fonte": "RCP9882"}}, {"type": "Feature", "geometry": {"type": "MultiLineString", "coordinates": [[[-43.23182790193607, -22.927805248013726], [-43.232021177035676, -22.92766610940339]]]}, "properties": {"camada": "SSDMT", "COD_ID": "346911840", "CTMT": "RCP9882", "COMP": 26.11, "TIP_CND": "105925011_11_3", "energizado": true, "fonte": "RCP9882"}}, {"type": "Feature", "geometry": {"type": "MultiLineString", "coordinates": [[[-43.22651484578347, -22.931026524254662], [-43.22643701305765, -22.931098566245794]]]}, "properties": {"camada": "SSDMT", "COD_ID": "346912146", "CTMT": "RCP9882", "COMP": 11.74, "TIP_CND": "105924962_34_3", "energizado": true, "fonte": "RCP9882"}}, {"type": "Feature", "geometry": {"type": "MultiLineString", "coordinates": [[[-43.229074967435736, -22.927192187369485], [-43.22906555782919, -22.92718624914602]]]}, "properties": {"camada": "SSDMT", "COD_ID": "962852214", "CTMT": "RCP9882", "COMP": 1.21, "TIP_CND": "105925011_11_3", "energizado": true, "fonte": "RCP9882"}}, {"type": "Feature", "geometry": {"type": "MultiLineString", "coordinates": [[[-43.23085271937748, -22.9285459539326], [-43.23093729791793, -22.928631603565634]]]}, "properties": {"camada": "SSDMT", "COD_ID": "11131394", "CTMT": "RCP9882", "COMP": 13.37, "TIP_CND": "105925011_11_3", "energizado": true, "fonte": "RCP9882"}}, {"type": "Feature", "geometry": {"type": "MultiLineString", "coordinates": [[[-43.23258519674937, -22.92833699015995], [-43.23247672592015, -22.928417995693906]]]}, "properties": {"camada": "SSDMT", "COD_ID": "11131688", "CTMT": "RCP9882", "COMP": 14.86, "TIP_CND": "105925010_11_3", "energizado": true, "fonte": "RCP9882"}}, {"type": "Feature", "geometry": {"type": "MultiLineString", "coordinates": [[[-43.22768309300028, -22.92955001821872], [-43.2276377222031, -22.92963595203753]]]}, "properties": {"camada": "SSDMT", "COD_ID": "11131004", "CTMT": "RCP9882", "COMP": 11.02, "TIP_CND": "105924962_34_3", "energizado": true, "fonte": "RCP9882"}}, {"type": "Feature", "geometry": {"type": "MultiLineString", "coordinates": [[[-43.23271017643344, -22.928246739595295], [-43.23258519674937, -22.92833699015995]]]}, "properties": {"camada": "SSDMT", "COD_ID": "346911798", "CTMT": "RCP9882", "COMP": 16.91, "TIP_CND": "105925010_11_3", "energizado": true, "fonte": "RCP9882"}}, {"type": "Feature", "geometry": {"type": "MultiLineString", "coordinates": [[[-43.22598347415794, -22.928433827359186], [-43.22573119813626, -22.928340700762703]]]}, "properties": {"camada": "SSDMT", "COD_ID": "11131274", "CTMT": "RCP9882", "COMP": 28.97, "TIP_CND": "105924962_34_3", "energizado": true, "fonte": "RCP9882"}}, {"type": "Feature", "geometry": {"type": "MultiLineString", "coordinates": [[[-43.230577073573045, -22.928313548431447], [-43.23059140247119, -22.92832579989573]]]}, "properties": {"camada": "SSDMT", "COD_ID": "346912320", "CTMT": "RCP9882", "COMP": 2.08, "TIP_CND": "105925011_11_3", "energizado": true, "fonte": "RCP9882"}}, {"type": "Feature", "geometry": {"type": "MultiLineString", "coordinates": [[[-43.23066175463623, -22.928385960943274], [-43.23085271937748, -22.9285459539326]]]}, "properties": {"camada": "SSDMT", "COD_ID": "11131382", "CTMT": "RCP9882", "COMP": 27.47, "TIP_CND": "105925011_11_3", "energizado": true, "fonte": "RCP9882"}}, {"type": "Feature", "geometry": {"type": "MultiLineString", "coordinates": [[[-43.22636118492068, -22.92862769241401], [-43.22627098381878, -22.928564616663664]]]}, "properties": {"camada": "SSDMT", "COD_ID": "11131256", "CTMT": "RCP9882", "COMP": 12.06, "TIP_CND": "105925010_11_3", "energizado": true, "fonte": "RCP9882"}}, {"type": "Feature", "geometry": {"type": "MultiLineString", "coordinates": [[[-43.22795180323311, -22.929292588182363], [-43.22780333145852, -22.929438497788396]]]}, "properties": {"camada": "SSDMT", "COD_ID": "11130992", "CTMT": "RCP9882", "COMP": 23.09, "TIP_CND": "105925010_11_3", "energizado": true, "fonte": "RCP9882"}}, {"type": "Feature", "geometry": {"type": "MultiLineString", "coordinates": [[[-43.22666831149331, -22.92900137871061], [-43.226675637370704, -22.929085787279234]]]}, "properties": {"camada": "SSDMT", "COD_ID": "346912068", "CTMT": "RCP9882", "COMP": 9.75, "TIP_CND": "105924962_34_3", "energizado": true, "fonte": "RCP9882"}}, {"type": "Feature", "geometry": {"type": "MultiLineString", "coordinates": [[[-43.22654569612695, -22.929433474175426], [-43.226360715474584, -22.929413344650072]]]}, "properties": {"camada": "SSDMT", "COD_ID": "346912098", "CTMT": "RCP9882", "COMP": 19.87, "TIP_CND": "105924962_34_3", "energizado": true, "fonte": "RCP9882"}}, {"type": "Feature", "geometry": {"type": "MultiLineString", "coordinates": [[[-43.2280726037676, -22.92796366449147], [-43.2281887413173, -22.928103102576074]]]}, "properties": {"camada": "SSDMT", "COD_ID": "11130902", "CTMT": "RCP9882", "COMP": 20.28, "TIP_CND": "105925011_11_3", "energizado": true, "fonte": "RCP9882"}}, {"type": "Feature", "geometry": {"type": "MultiLineString", "coordinates": [[[-43.22799648155234, -22.92858999553181], [-43.22798265897251, -22.928598817881095]]]}, "properties": {"camada": "SSDMT", "COD_ID": "346936605", "CTMT": "RCP9882", "COMP": 1.79, "TIP_CND": "105925010_11_3", "energizado": true, "fonte": "RCP9882"}}, {"type": "Feature", "geometry": {"type": "MultiLineString", "coordinates": [[[-43.230171870535344, -22.927983928015806], [-43.23027804449612, -22.928066387753574]]]}, "properties": {"camada": "SSDMT", "COD_ID": "11131364", "CTMT": "RCP9882", "COMP": 14.78, "TIP_CND": "105925011_11_3", "energizado": true, "fonte": "RCP9882"}}, {"type": "Feature", "geometry": {"type": "MultiLineString", "coordinates": [[[-43.22808968009463, -22.92937753454555], [-43.22828463332911, -22.92938058774388]]]}, "properties": {"camada": "SSDMT", "COD_ID": "531807644", "CTMT": "RCP9882", "COMP": 20.8, "TIP_CND": "105925010_11_3", "energizado": true, "fonte": "RCP9882"}}, {"type": "Feature", "geometry": {"type": "MultiLineString", "coordinates": [[[-43.22550605196267, -22.928410426999562], [-43.22535900741224, -22.928471995486177]]]}, "properties": {"camada": "SSDMT", "COD_ID": "11131292", "CTMT": "RCP9882", "COMP": 17.22, "TIP_CND": "105924962_34_3", "energizado": true, "fonte": "RCP9882"}}, {"type": "Feature", "geometry": {"type": "MultiLineString", "coordinates": [[[-43.232393919044114, -22.927247225878716], [-43.232412070960265, -22.927240619458985]]]}, "properties": {"camada": "SSDMT", "COD_ID": "346912368", "CTMT": "RCP9882", "COMP": 2.08, "TIP_CND": "105925010_11_3", "energizado": true, "fonte": "RCP9882"}}, {"type": "Feature", "geometry": {"type": "MultiLineString", "coordinates": [[[-43.22932576677067, -22.927346555998724], [-43.229322759437764, -22.927337871245697]]]}, "properties": {"camada": "SSDMT", "COD_ID": "456002019", "CTMT": "RCP9882", "COMP": 1.05, "TIP_CND": "105925011_11_3", "energizado": true, "fonte": "RCP9882"}}, {"type": "Feature", "geometry": {"type": "MultiLineString", "coordinates": [[[-43.227577663678176, -22.93074604819151], [-43.2275814830989, -22.93075448023501]]]}, "properties": {"camada": "SSDMT", "COD_ID": "346912374", "CTMT": "RCP9882", "COMP": 1.05, "TIP_CND": "105925010_11_3", "energizado": true, "fonte": "RCP9882"}}, {"type": "Feature", "geometry": {"type": "MultiLineString", "coordinates": [[[-43.23168328285715, -22.92790336944489], [-43.23180932733857, -22.927818189258005]]]}, "properties": {"camada": "SSDMT", "COD_ID": "11131424", "CTMT": "RCP9882", "COMP": 16.65, "TIP_CND": "105925011_11_3", "energizado": true, "fonte": "RCP9882"}}, {"type": "Feature", "geometry": {"type": "MultiLineString", "coordinates": [[[-43.226801660268336, -22.92877466681739], [-43.22679916554898, -22.928792583111203]]]}, "properties": {"camada": "SSDMT", "COD_ID": "346912296", "CTMT": "RCP9882", "COMP": 2.08, "TIP_CND": "105924963_34_3", "energizado": true, "fonte": "RCP9882"}}, {"type": "Feature", "geometry": {"type": "MultiLineString", "coordinates": [[[-43.225632895042054, -22.92840281513776], [-43.22550605196267, -22.928410426999562]]]}, "properties": {"camada": "SSDMT", "COD_ID": "11131286", "CTMT": "RCP9882", "COMP": 13.56, "TIP_CND": "105924962_34_3", "energizado": true, "fonte": "RCP9882"}}, {"type": "Feature", "geometry": {"type": "MultiLineString", "coordinates": [[[-43.232509010682236, -22.927324789707257], [-43.23262086386171, -22.92724448924173]]]}, "properties": {"camada": "SSDMT", "COD_ID": "11131436", "CTMT": "RCP9882", "COMP": 15.1, "TIP_CND": "105925011_11_3", "energizado": true, "fonte": "RCP9882"}}, {"type": "Feature", "geometry": {"type": "MultiLineString", "coordinates": [[[-43.22743156251653, -22.927279654532413], [-43.227375618390056, -22.927405818623583]]]}, "properties": {"camada": "SSDMT", "COD_ID": "11130866", "CTMT": "RCP9882", "COMP": 15.71, "TIP_CND": "105925010_11_3", "energizado": true, "fonte": "RCP9882"}}, {"type": "Feature", "geometry": {"type": "MultiLineString", "coordinates": [[[-43.22716838581232, -22.928916725526392], [-43.22708351139488, -22.928845844560044]]]}, "properties": {"camada": "SSDMT", "COD_ID": "346911996", "CTMT": "RCP9882", "COMP": 12.19, "TIP_CND": "105925010_11_3", "energizado": true, "fonte": "RCP9882"}}, {"type": "Feature", "geometry": {"type": "MultiLineString", "coordinates": [[[-43.2273652312204, -22.927139843229156], [-43.22745179006802, -22.92723111542358]]]}, "properties": {"camada": "SSDMT", "COD_ID": "11130830", "CTMT": "RCP9882", "COMP": 13.99, "TIP_CND": "105925011_11_3", "energizado": true, "fonte": "RCP9882"}}, {"type": "Feature", "geometry": {"type": "MultiLineString", "coordinates": [[[-43.226801660268336, -22.92877466681739], [-43.22650089190262, -22.928679762261197]]]}, "properties": {"camada": "SSDMT", "COD_ID": "11131244", "CTMT": "RCP9882", "COMP": 33.9, "TIP_CND": "105925010_11_3", "energizado": true, "fonte": "RCP9882"}}, {"type": "Feature", "geometry": {"type": "MultiLineString", "coordinates": [[[-43.23138961643758, -22.927853028094717], [-43.231158274834456, -22.927668537572913]]]}, "properties": {"camada": "SSDMT", "COD_ID": "153351658", "CTMT": "RCP9882", "COMP": 32.57, "TIP_CND": "105925010_11_3", "energizado": true, "fonte": "RCP9882"}}, {"type": "Feature", "geometry": {"type": "MultiLineString", "coordinates": [[[-43.22753834891563, -22.927322388517382], [-43.2277262064992, -22.927557592708695]]]}, "properties": {"camada": "SSDMT", "COD_ID": "11130842", "CTMT": "RCP9882", "COMP": 33.7, "TIP_CND": "105925011_11_3", "energizado": true, "fonte": "RCP9882"}}, {"type": "Feature", "geometry": {"type": "MultiLineString", "coordinates": [[[-43.22507309944393, -22.928010768282263], [-43.22505218391109, -22.92796005371349]]]}, "properties": {"camada": "SSDMT", "COD_ID": "346912050", "CTMT": "RCP9882", "COMP": 6.25, "TIP_CND": "105924962_34_3", "energizado": true, "fonte": "RCP9882"}}, {"type": "Feature", "geometry": {"type": "MultiLineString", "coordinates": [[[-43.227267769891625, -22.93000061723467], [-43.22721572162823, -22.930131447907968]]]}, "properties": {"camada": "SSDMT", "COD_ID": "346911930", "CTMT": "RCP9882", "COMP": 16.06, "TIP_CND": "105924962_34_3", "energizado": true, "fonte": "RCP9882"}}, {"type": "Feature", "geometry": {"type": "MultiLineString", "coordinates": [[[-43.23085271937748, -22.9285459539326], [-43.23105171776251, -22.928340831164405]]]}, "properties": {"camada": "SSDMT", "COD_ID": "11131406", "CTMT": "RCP9882", "COMP": 31.76, "TIP_CND": "105925011_11_3", "energizado": true, "fonte": "RCP9882"}}, {"type": "Feature", "geometry": {"type": "MultiLineString", "coordinates": [[[-43.226675637370704, -22.929085787279234], [-43.22661539448484, -22.92915249988789]]]}, "properties": {"camada": "SSDMT", "COD_ID": "346912074", "CTMT": "RCP9882", "COMP": 10.02, "TIP_CND": "105924962_34_3", "energizado": true, "fonte": "RCP9882"}}, {"type": "Feature", "geometry": {"type": "MultiLineString", "coordinates": [[[-43.22505218391109, -22.92796005371349], [-43.224804961179984, -22.92810493629372]]]}, "properties": {"camada": "SSDMT", "COD_ID": "346912218", "CTMT": "RCP9882", "COMP": 31.21, "TIP_CND": "105925010_11_3", "energizado": true, "fonte": "RCP9882"}}, {"type": "Feature", "geometry": {"type": "MultiLineString", "coordinates": [[[-43.22661539448484, -22.92915249988789], [-43.22663730826514, -22.929268164394216]]]}, "properties": {"camada": "SSDMT", "COD_ID": "346912080", "CTMT": "RCP9882", "COMP": 13.52, "TIP_CND": "105924962_34_3", "energizado": true, "fonte": "RCP9882"}}, {"type": "Feature", "geometry": {"type": "MultiLineString", "coordinates": [[[-43.22530614796034, -22.929537008626028], [-43.22520643293052, -22.929707473321173]]]}, "properties": {"camada": "SSDMT", "COD_ID": "11131178", "CTMT": "RCP9882", "COMP": 22.33, "TIP_CND": "105924962_34_3", "energizado": true, "fonte": "RCP9882"}}, {"type": "Feature", "geometry": {"type": "MultiLineString", "coordinates": [[[-43.22797024832823, -22.92860696843678], [-43.227955792625664, -22.928616496753875]]]}, "properties": {"camada": "SSDMT", "COD_ID": "346936599", "CTMT": "RCP9882", "COMP": 1.89, "TIP_CND": "105925010_11_3", "energizado": true, "fonte": "RCP9882"}}, {"type": "Feature", "geometry": {"type": "MultiLineString", "coordinates": [[[-43.227071008120504, -22.93043432248595], [-43.22691397390071, -22.93052993480859]]]}, "properties": {"camada": "SSDMT", "COD_ID": "11131130", "CTMT": "RCP9882", "COMP": 20.05, "TIP_CND": "105925010_11_3", "energizado": true, "fonte": "RCP9882"}}, {"type": "Feature", "geometry": {"type": "MultiLineString", "coordinates": [[[-43.22980542737855, -22.927672800359403], [-43.22995975553823, -22.92780095015371]]]}, "properties": {"camada": "SSDMT", "COD_ID": "346911882", "CTMT": "RCP9882", "COMP": 22.11, "TIP_CND": "105925011_11_3", "energizado": true, "fonte": "RCP9882"}}, {"type": "Feature", "geometry": {"type": "MultiLineString", "coordinates": [[[-43.2276377222031, -22.92963595203753], [-43.2275469437364, -22.929661397455504]]]}, "properties": {"camada": "SSDMT", "COD_ID": "11131010", "CTMT": "RCP9882", "COMP": 10.12, "TIP_CND": "105924962_34_3", "energizado": true, "fonte": "RCP9882"}}, {"type": "Feature", "geometry": {"type": "MultiLineString", "coordinates": [[[-43.22908034987819, -22.9271830817338], [-43.22907098703638, -22.927177360246958]]]}, "properties": {"camada": "SSDMT", "COD_ID": "962852235", "CTMT": "RCP9882", "COMP": 1.2, "TIP_CND": "105925011_11_3", "energizado": true, "fonte": "RCP9882"}}, {"type": "Feature", "geometry": {"type": "MultiLineString", "coordinates": [[[-43.23234328631355, -22.927443049656972], [-43.232336084542624, -22.92743682814705]]]}, "properties": {"camada": "SSDMT", "COD_ID": "347051673", "CTMT": "RCP9882", "COMP": 1.05, "TIP_CND": "105925006_13_3", "energizado": true, "fonte": "RCP9882"}}, {"type": "Feature", "geometry": {"type": "MultiLineString", "coordinates": [[[-43.226663143988844, -22.929398665016322], [-43.22674195697567, -22.92945213061131]]]}, "properties": {"camada": "SSDMT", "COD_ID": "346912092", "CTMT": "RCP9882", "COMP": 10.42, "TIP_CND": "105924962_34_3", "energizado": true, "fonte": "RCP9882"}}, {"type": "Feature", "geometry": {"type": "MultiLineString", "coordinates": [[[-43.227328741228405, -22.929886844901944], [-43.22745724985214, -22.92992897274388]]]}, "properties": {"camada": "SSDMT", "COD_ID": "346911924", "CTMT": "RCP9882", "COMP": 14.54, "TIP_CND": "105924962_34_3", "energizado": true, "fonte": "RCP9882"}}, {"type": "Feature", "geometry": {"type": "MultiLineString", "coordinates": [[[-43.22745179006802, -22.92723111542358], [-43.22753834891563, -22.927322388517382]]]}, "properties": {"camada": "SSDMT", "COD_ID": "11130836", "CTMT": "RCP9882", "COMP": 13.99, "TIP_CND": "105925011_11_3", "energizado": true, "fonte": "RCP9882"}}, {"type": "Feature", "geometry": {"type": "MultiLineString", "coordinates": [[[-43.227255328670424, -22.92969017935826], [-43.227328741228405, -22.929886844901944]]]}, "properties": {"camada": "SSDMT", "COD_ID": "11131034", "CTMT": "RCP9882", "COMP": 23.97, "TIP_CND": "105924962_34_3", "energizado": true, "fonte": "RCP9882"}}, {"type": "Feature", "geometry": {"type": "MultiLineString", "coordinates": [[[-43.22800021643678, -22.92860117230623], [-43.22799648155234, -22.92858999553181]]]}, "properties": {"camada": "SSDMT", "COD_ID": "346936611", "CTMT": "RCP9882", "COMP": 1.35, "TIP_CND": "105925010_11_3", "energizado": true, "fonte": "RCP9882"}}, {"type": "Feature", "geometry": {"type": "MultiLineString", "coordinates": [[[-43.229053886427664, -22.927736657620585], [-43.2292309935155, -22.927612206737933]]]}, "properties": {"camada": "SSDMT", "COD_ID": "11131328", "CTMT": "RCP9882", "COMP": 23.72, "TIP_CND": "105925011_11_3", "energizado": true, "fonte": "RCP9882"}}, {"type": "Feature", "geometry": {"type": "MultiLineString", "coordinates": [[[-43.22648192250267, -22.9305886713301], [-43.22631631954249, -22.93057778863397]]]}, "properties": {"camada": "SSDMT", "COD_ID": "11131142", "CTMT": "RCP9882", "COMP": 17.71, "TIP_CND": "105925010_11_3", "energizado": true, "fonte": "RCP9882"}}, {"type": "Feature", "geometry": {"type": "MultiLineString", "coordinates": [[[-43.22926000654405, -22.92759205832681], [-43.22927040540486, -22.927584850260587]]]}, "properties": {"camada": "SSDMT", "COD_ID": "746683717", "CTMT": "RCP9882", "COMP": 1.39, "TIP_CND": "105925011_11_3", "energizado": true, "fonte": "RCP9882"}}, {"type": "Feature", "geometry": {"type": "MultiLineString", "coordinates": [[[-43.22674195697567, -22.92945213061131], [-43.22654569612695, -22.929433474175426]]]}, "properties": {"camada": "SSDMT", "COD_ID": "11131208", "CTMT": "RCP9882", "COMP": 21.05, "TIP_CND": "105924962_34_3", "energizado": true, "fonte": "RCP9882"}}, {"type": "Feature", "geometry": {"type": "MultiLineString", "coordinates": [[[-43.23161001329146, -22.929061996613825], [-43.231502940907944, -22.929091470095216]]]}, "properties": {"camada": "SSDMT", "COD_ID": "11131712", "CTMT": "RCP9882", "COMP": 11.92, "TIP_CND": "105925006_13_3", "energizado": true, "fonte": "RCP9882"}}, {"type": "Feature", "geometry": {"type": "MultiLineString", "coordinates": [[[-43.224804961179984, -22.92810493629372], [-43.224465553442485, -22.928066641362363]]]}, "properties": {"camada": "SSDMT", "COD_ID": "346912224", "CTMT": "RCP9882", "COMP": 36.48, "TIP_CND": "105925010_11_3", "energizado": true, "fonte": "RCP9882"}}, {"type": "Feature", "geometry": {"type": "MultiLineString", "coordinates": [[[-43.22714466799198, -22.92695473577237], [-43.2269553445135, -22.92717138515127]]]}, "properties": {"camada": "SSDMT", "COD_ID": "11130812", "CTMT": "RCP9882", "COMP": 32.1, "TIP_CND": "105924962_34_3", "energizado": true, "fonte": "RCP9882"}}, {"type": "Feature", "geometry": {"type": "MultiLineString", "coordinates": [[[-43.226375366330046, -22.93119368214269], [-43.22631316651939, -22.931260814734742]]]}, "properties": {"camada": "SSDMT", "COD_ID": "346912158", "CTMT": "RCP9882", "COMP": 10.19, "TIP_CND": "105924962_34_3", "energizado": true, "fonte": "RCP9882"}}, {"type": "Feature", "geometry": {"type": "MultiLineString", "coordinates": [[[-43.226360715474584, -22.929413344650072], [-43.2262545568023, -22.929376966174004]]]}, "properties": {"camada": "SSDMT", "COD_ID": "346912056", "CTMT": "RCP9882", "COMP": 12.07, "TIP_CND": "105924962_34_3", "energizado": true, "fonte": "RCP9882"}}, {"type": "Feature", "geometry": {"type": "MultiLineString", "coordinates": [[[-43.22670401997448, -22.93150323958281], [-43.22673027568163, -22.931636001999834]]]}, "properties": {"camada": "SSDMT", "COD_ID": "346912116", "CTMT": "RCP9882", "COMP": 15.55, "TIP_CND": "105925010_11_3", "energizado": true, "fonte": "RCP9882"}}, {"type": "Feature", "geometry": {"type": "MultiLineString", "coordinates": [[[-43.232393919044114, -22.927247225878716], [-43.232224055995346, -22.927047030496]]]}, "properties": {"camada": "SSDMT", "COD_ID": "11131466", "CTMT": "RCP9882", "COMP": 29.33, "TIP_CND": "105925010_11_3", "energizado": true, "fonte": "RCP9882"}}, {"type": "Feature", "geometry": {"type": "MultiLineString", "coordinates": [[[-43.227464959740075, -22.930496846052563], [-43.227676158327995, -22.930383551259865]]]}, "properties": {"camada": "SSDMT", "COD_ID": "11131154", "CTMT": "RCP9882", "COMP": 26.04, "TIP_CND": "105925010_11_3", "energizado": true, "fonte": "RCP9882"}}, {"type": "Feature", "geometry": {"type": "MultiLineString", "coordinates": [[[-43.22780333145852, -22.929438497788396], [-43.22769492807845, -22.929527592724185]]]}, "properties": {"camada": "SSDMT", "COD_ID": "11130998", "CTMT": "RCP9882", "COMP": 15.46, "TIP_CND": "105924962_34_3", "energizado": true, "fonte": "RCP9882"}}, {"type": "Feature", "geometry": {"type": "MultiLineString", "coordinates": [[[-43.23192991923037, -22.928816715518963], [-43.23175559554426, -22.928953671474687]]]}, "properties": {"camada": "SSDMT", "COD_ID": "11131700", "CTMT": "RCP9882", "COMP": 24.39, "TIP_CND": "105925010_11_3", "energizado": true, "fonte": "RCP9882"}}, {"type": "Feature", "geometry": {"type": "MultiLineString", "coordinates": [[[-43.22789119432309, -22.930755122350945], [-43.22791208197697, -22.930988099820922]]]}, "properties": {"camada": "SSDMT", "COD_ID": "346911720", "CTMT": "RCP9882", "COMP": 26.93, "TIP_CND": "105925024_34_3", "energizado": true, "fonte": "RCP9882"}}, {"type": "Feature", "geometry": {"type": "MultiLineString", "coordinates": [[[-43.22513621026786, -22.92836113695688], [-43.225179570180956, -22.928236503511755]]]}, "properties": {"camada": "SSDMT", "COD_ID": "346912194", "CTMT": "RCP9882", "COMP": 15.08, "TIP_CND": "105924962_34_3", "energizado": true, "fonte": "RCP9882"}}, {"type": "Feature", "geometry": {"type": "MultiLineString", "coordinates": [[[-43.22587176936662, -22.9283967177343], [-43.225632895042054, -22.92840281513776]]]}, "properties": {"camada": "SSDMT", "COD_ID": "11131280", "CTMT": "RCP9882", "COMP": 25.49, "TIP_CND": "105924962_34_3", "energizado": true, "fonte": "RCP9882"}}, {"type": "Feature", "geometry": {"type": "MultiLineString", "coordinates": [[[-43.22689317977637, -22.93055155630924], [-43.226739855260064, -22.930686528360525]]]}, "properties": {"camada": "SSDMT", "COD_ID": "346911942", "CTMT": "RCP9882", "COMP": 22.57, "TIP_CND": "105924962_34_3", "energizado": true, "fonte": "RCP9882"}}, {"type": "Feature", "geometry": {"type": "MultiLineString", "coordinates": [[[-43.22679145925838, -22.92884238127084], [-43.22662050982865, -22.928928599275366]]]}, "properties": {"camada": "SSDMT", "COD_ID": "11131076", "CTMT": "RCP9882", "COMP": 20.77, "TIP_CND": "105924962_34_3", "energizado": true, "fonte": "RCP9882"}}, {"type": "Feature", "geometry": {"type": "MultiLineString", "coordinates": [[[-43.226739855260064, -22.930686528360525], [-43.22662475462869, -22.930809873077123]]]}, "properties": {"camada": "SSDMT", "COD_ID": "346911948", "CTMT": "RCP9882", "COMP": 18.78, "TIP_CND": "105924962_34_3", "energizado": true, "fonte": "RCP9882"}}, {"type": "Feature", "geometry": {"type": "MultiLineString", "coordinates": [[[-43.2292309935155, -22.927612206737933], [-43.22924658686043, -22.92760137260524]]]}, "properties": {"camada": "SSDMT", "COD_ID": "346912284", "CTMT": "RCP9882", "COMP": 2.08, "TIP_CND": "105925011_11_3", "energizado": true, "fonte": "RCP9882"}}, {"type": "Feature", "geometry": {"type": "MultiLineString", "coordinates": [[[-43.23234328631355, -22.927443049656972], [-43.232509010682236, -22.927324789707257]]]}, "properties": {"camada": "SSDMT", "COD_ID": "11131430", "CTMT": "RCP9882", "COMP": 22.32, "TIP_CND": "105925011_11_3", "energizado": true, "fonte": "RCP9882"}}, {"type": "Feature", "geometry": {"type": "MultiLineString", "coordinates": [[[-43.22774070177195, -22.927575743725527], [-43.22774940361205, -22.927586631817576]]]}, "properties": {"camada": "SSDMT", "COD_ID": "346912356", "CTMT": "RCP9882", "COMP": 1.56, "TIP_CND": "105925011_11_3", "energizado": true, "fonte": "RCP9882"}}, {"type": "Feature", "geometry": {"type": "MultiLineString", "coordinates": [[[-43.227537774248844, -22.931193300830103], [-43.227278971847056, -22.931143476590137]]]}, "properties": {"camada": "SSDMT", "COD_ID": "346911738", "CTMT": "RCP9882", "COMP": 28.2, "TIP_CND": "105925010_11_3", "energizado": true, "fonte": "RCP9882"}}, {"type": "Feature", "geometry": {"type": "MultiLineString", "coordinates": [[[-43.231201407219146, -22.928238955963025], [-43.231330213518504, -22.928147638802443]]]}, "properties": {"camada": "SSDMT", "COD_ID": "346911852", "CTMT": "RCP9882", "COMP": 17.3, "TIP_CND": "105925011_11_3", "energizado": true, "fonte": "RCP9882"}}, {"type": "Feature", "geometry": {"type": "MultiLineString", "coordinates": [[[-43.232224055995346, -22.927047030496], [-43.23215456897816, -22.926958488643265]]]}, "properties": {"camada": "SSDMT", "COD_ID": "11131472", "CTMT": "RCP9882", "COMP": 12.61, "TIP_CND": "105925010_11_3", "energizado": true, "fonte": "RCP9882"}}, {"type": "Feature", "geometry": {"type": "MultiLineString", "coordinates": [[[-43.226797173550665, -22.92880627798729], [-43.22679145925838, -22.92884238127084]]]}, "properties": {"camada": "SSDMT", "COD_ID": "11131070", "CTMT": "RCP9882", "COMP": 4.2, "TIP_CND": "105924963_34_3", "energizado": true, "fonte": "RCP9882"}}, {"type": "Feature", "geometry": {"type": "MultiLineString", "coordinates": [[[-43.23059856647063, -22.928331921580877], [-43.23066175463623, -22.928385960943274]]]}, "properties": {"camada": "SSDMT", "COD_ID": "11131376", "CTMT": "RCP9882", "COMP": 9.17, "TIP_CND": "105925011_11_3", "energizado": true, "fonte": "RCP9882"}}, {"type": "Feature", "geometry": {"type": "MultiLineString", "coordinates": [[[-43.23153159330832, -22.92800907935549], [-43.23138961643758, -22.927853028094717]]]}, "properties": {"camada": "SSDMT", "COD_ID": "153351640", "CTMT": "RCP9882", "COMP": 23.5, "TIP_CND": "105925010_11_3", "energizado": true, "fonte": "RCP9882"}}, {"type": "Feature", "geometry": {"type": "MultiLineString", "coordinates": [[[-43.22709296326957, -22.93042086862812], [-43.2270847281776, -22.93042586975804]]]}, "properties": {"camada": "SSDMT", "COD_ID": "571428357", "CTMT": "RCP9882", "COMP": 1.05, "TIP_CND": "105925010_11_3", "energizado": true, "fonte": "RCP9882"}}, {"type": "Feature", "geometry": {"type": "MultiLineString", "coordinates": [[[-43.22948678858438, -22.927434450339547], [-43.22959861208625, -22.927491001508486]]]}, "properties": {"camada": "SSDMT", "COD_ID": "11131322", "CTMT": "RCP9882", "COMP": 13.59, "TIP_CND": "105925011_11_3", "energizado": true, "fonte": "RCP9882"}}, {"type": "Feature", "geometry": {"type": "MultiLineString", "coordinates": [[[-43.22922546628217, -22.929554428494043], [-43.229077767025274, -22.929651402390277]]]}, "properties": {"camada": "SSDMT", "COD_ID": "12860303", "CTMT": "RCP9882", "COMP": 19.31, "TIP_CND": "105925010_11_3", "energizado": true, "fonte": "RCP9882"}}, {"type": "Feature", "geometry": {"type": "MultiLineString", "coordinates": [[[-43.22797032387132, -22.927841955641668], [-43.2280726037676, -22.92796366449147]]]}, "properties": {"camada": "SSDMT", "COD_ID": "11130896", "CTMT": "RCP9882", "COMP": 17.76, "TIP_CND": "105925011_11_3", "energizado": true, "fonte": "RCP9882"}}, {"type": "Feature", "geometry": {"type": "MultiLineString", "coordinates": [[[-43.22745724985214, -22.92992897274388], [-43.227267769891625, -22.93000061723467]]]}, "properties": {"camada": "SSDMT", "COD_ID": "11131118", "CTMT": "RCP9882", "COMP": 21.83, "TIP_CND": "105924962_34_3", "energizado": true, "fonte": "RCP9882"}}, {"type": "Feature", "geometry": {"type": "MultiLineString", "coordinates": [[[-43.232509010682236, -22.927324789707257], [-43.232493247365426, -22.92731416511657]]]}, "properties": {"camada": "SSDMT", "COD_ID": "346911612", "CTMT": "RCP9882", "COMP": 2.08, "TIP_CND": "105925010_11_3", "energizado": true, "fonte": "RCP9882"}}, {"type": "Feature", "geometry": {"type": "MultiLineString", "coordinates": [[[-43.22753834891563, -22.927322388517382], [-43.22757839752501, -22.927241561049186]]]}, "properties": {"camada": "SSDMT", "COD_ID": "11130878", "CTMT": "RCP9882", "COMP": 10.24, "TIP_CND": "105925010_11_3", "energizado": true, "fonte": "RCP9882"}}, {"type": "Feature", "geometry": {"type": "MultiLineString", "coordinates": [[[-43.22832560104558, -22.928263261040627], [-43.228689805789884, -22.927994478862047]]]}, "properties": {"camada": "SSDMT", "COD_ID": "11130938", "CTMT": "RCP9882", "COMP": 49.68, "TIP_CND": "105925011_11_3", "energizado": true, "fonte": "RCP9882"}}, {"type": "Feature", "geometry": {"type": "MultiLineString", "coordinates": [[[-43.2275469437364, -22.929661397455504], [-43.22737886494264, -22.929622033230203]]]}, "properties": {"camada": "SSDMT", "COD_ID": "11131016", "CTMT": "RCP9882", "COMP": 18.49, "TIP_CND": "105924962_34_3", "energizado": true, "fonte": "RCP9882"}}, {"type": "Feature", "geometry": {"type": "MultiLineString", "coordinates": [[[-43.22517832102267, -22.92817220108617], [-43.2250913484869, -22.928062626788744]]]}, "properties": {"camada": "SSDMT", "COD_ID": "346912206", "CTMT": "RCP9882", "COMP": 15.66, "TIP_CND": "105924962_34_3", "energizado": true, "fonte": "RCP9882"}}, {"type": "Feature", "geometry": {"type": "MultiLineString", "coordinates": [[[-43.22800021643678, -22.92860117230623], [-43.22798674279392, -22.928610115164645]]]}, "properties": {"camada": "SSDMT", "COD_ID": "346936617", "CTMT": "RCP9882", "COMP": 1.77, "TIP_CND": "105925010_11_3", "energizado": true, "fonte": "RCP9882"}}, {"type": "Feature", "geometry": {"type": "MultiLineString", "coordinates": [[[-43.229077767025274, -22.929651402390277], [-43.22922429716357, -22.929842616243718]]]}, "properties": {"camada": "SSDMT", "COD_ID": "346911984", "CTMT": "RCP9882", "COMP": 27.01, "TIP_CND": "105925010_11_3", "energizado": true, "fonte": "RCP9882"}}, {"type": "Feature", "geometry": {"type": "MultiLineString", "coordinates": [[[-43.22937389129203, -22.927499655684528], [-43.22936444121592, -22.92750657596764]]]}, "properties": {"camada": "SSDMT", "COD_ID": "766633607", "CTMT": "RCP9882", "COMP": 1.29, "TIP_CND": "105925011_11_3", "energizado": true, "fonte": "RCP9882"}}, {"type": "Feature", "geometry": {"type": "MultiLineString", "coordinates": [[[-43.2277375199705, -22.927549004183163], [-43.22774622181066, -22.927559893174475]]]}, "properties": {"camada": "SSDMT", "COD_ID": "963084137", "CTMT": "RCP9882", "COMP": 1.56, "TIP_CND": "105925011_11_3", "energizado": true, "fonte": "RCP9882"}}, {"type": "Feature", "geometry": {"type": "MultiLineString", "coordinates": [[[-43.22937215020454, -22.92751432812372], [-43.2293815355294, -22.92750785930025]]]}, "properties": {"camada": "SSDMT", "COD_ID": "766633587", "CTMT": "RCP9882", "COMP": 1.25, "TIP_CND": "105925011_11_3", "energizado": true, "fonte": "RCP9882"}}, {"type": "Feature", "geometry": {"type": "MultiLineString", "coordinates": [[[-43.2293815355294, -22.92750785930025], [-43.22937389129203, -22.927499655684528]]]}, "properties": {"camada": "SSDMT", "COD_ID": "766633597", "CTMT": "RCP9882", "COMP": 1.25, "TIP_CND": "105925011_11_3", "energizado": true, "fonte": "RCP9882"}}, {"type": "Feature", "geometry": {"type": "MultiLineString", "coordinates": [[[-43.2277262064992, -22.927557592708695], [-43.2277375199705, -22.927549004183163]]]}, "properties": {"camada": "SSDMT", "COD_ID": "963084131", "CTMT": "RCP9882", "COMP": 1.56, "TIP_CND": "105925011_11_3", "energizado": true, "fonte": "RCP9882"}}, {"type": "Feature", "geometry": {"type": "MultiLineString", "coordinates": [[[-43.2293815355294, -22.92750785930025], [-43.22948678858438, -22.927434450339547]]]}, "properties": {"camada": "SSDMT", "COD_ID": "757513147", "CTMT": "RCP9882", "COMP": 14.06, "TIP_CND": "105925011_11_3", "energizado": true, "fonte": "RCP9882"}}, {"type": "Feature", "geometry": {"type": "MultiLineString", "coordinates": [[[-43.229345172341766, -22.927520403044127], [-43.22935514492394, -22.927512973744683]]]}, "properties": {"camada": "SSDMT", "COD_ID": "766633649", "CTMT": "RCP9882", "COMP": 1.37, "TIP_CND": "105925011_11_3", "energizado": true, "fonte": "RCP9882"}}, {"type": "Feature", "geometry": {"type": "MultiLineString", "coordinates": [[[-43.22774940361205, -22.927586631817576], [-43.227760717083356, -22.927578044191364]]]}, "properties": {"camada": "SSDMT", "COD_ID": "963084143", "CTMT": "RCP9882", "COMP": 1.56, "TIP_CND": "105925011_11_3", "energizado": true, "fonte": "RCP9882"}}, {"type": "Feature", "geometry": {"type": "MultiLineString", "coordinates": [[[-43.22795180323311, -22.929292588182363], [-43.22808968009463, -22.92937753454555]]]}, "properties": {"camada": "SSDMT", "COD_ID": "531807638", "CTMT": "RCP9882", "COMP": 17.66, "TIP_CND": "105925010_11_3", "energizado": true, "fonte": "RCP9882"}}, {"type": "Feature", "geometry": {"type": "MultiLineString", "coordinates": [[[-43.22959861208625, -22.927491001508486], [-43.22966614487666, -22.927545938394303]]]}, "properties": {"camada": "SSDMT", "COD_ID": "346911870", "CTMT": "RCP9882", "COMP": 9.59, "TIP_CND": "105925011_11_3", "energizado": true, "fonte": "RCP9882"}}, {"type": "Feature", "geometry": {"type": "MultiLineString", "coordinates": [[[-43.23180932733857, -22.927818189258005], [-43.23181883497119, -22.927811287860607]]]}, "properties": {"camada": "SSDMT", "COD_ID": "776200618", "CTMT": "RCP9882", "COMP": 1.29, "TIP_CND": "105925011_11_3", "energizado": true, "fonte": "RCP9882"}}, {"type": "Feature", "geometry": {"type": "MultiLineString", "coordinates": [[[-43.22727315233408, -22.930220255060703], [-43.22724534169913, -22.930387813147036]]]}, "properties": {"camada": "SSDMT", "COD_ID": "346911954", "CTMT": "RCP9882", "COMP": 19.52, "TIP_CND": "105924962_34_3", "energizado": true, "fonte": "RCP9882"}}, {"type": "Feature", "geometry": {"type": "MultiLineString", "coordinates": [[[-43.22935265919784, -22.92752799961744], [-43.22936194020133, -22.927521276285802]]]}, "properties": {"camada": "SSDMT", "COD_ID": "766633626", "CTMT": "RCP9882", "COMP": 1.26, "TIP_CND": "105925011_11_3", "energizado": true, "fonte": "RCP9882"}}, {"type": "Feature", "geometry": {"type": "MultiLineString", "coordinates": [[[-43.22935265919784, -22.92752799961744], [-43.229345172341766, -22.927520403044127]]]}, "properties": {"camada": "SSDMT", "COD_ID": "766633637", "CTMT": "RCP9882", "COMP": 1.18, "TIP_CND": "105925011_11_3", "energizado": true, "fonte": "RCP9882"}}, {"type": "Feature", "geometry": {"type": "MultiLineString", "coordinates": [[[-43.226486583688825, -22.92870338835064], [-43.22641720728825, -22.928817960180652]]]}, "properties": {"camada": "SSDMT", "COD_ID": "346912104", "CTMT": "RCP9882", "COMP": 15.13, "TIP_CND": "105924962_34_3", "energizado": true, "fonte": "RCP9882"}}, {"type": "Feature", "geometry": {"type": "MultiLineString", "coordinates": [[[-43.22641720728825, -22.928817960180652], [-43.22621367092415, -22.92892028504309]]]}, "properties": {"camada": "SSDMT", "COD_ID": "346912110", "CTMT": "RCP9882", "COMP": 24.71, "TIP_CND": "105924962_34_3", "energizado": true, "fonte": "RCP9882"}}, {"type": "Feature", "geometry": {"type": "MultiLineString", "coordinates": [[[-43.2250913484869, -22.928062626788744], [-43.22507309944393, -22.928010768282263]]]}, "properties": {"camada": "SSDMT", "COD_ID": "346912212", "CTMT": "RCP9882", "COMP": 6.28, "TIP_CND": "105924962_34_3", "energizado": true, "fonte": "RCP9882"}}, {"type": "Feature", "geometry": {"type": "MultiLineString", "coordinates": [[[-43.22721572162823, -22.930131447907968], [-43.22727315233408, -22.930220255060703]]]}, "properties": {"camada": "SSDMT", "COD_ID": "346911960", "CTMT": "RCP9882", "COMP": 11.92, "TIP_CND": "105924962_34_3", "energizado": true, "fonte": "RCP9882"}}, {"type": "Feature", "geometry": {"type": "MultiLineString", "coordinates": [[[-43.227375618390056, -22.927405818623583], [-43.227109949664396, -22.92768297708767]]]}, "properties": {"camada": "SSDMT", "COD_ID": "11130872", "CTMT": "RCP9882", "COMP": 42.69, "TIP_CND": "105925010_11_3", "energizado": true, "fonte": "RCP9882"}}, {"type": "Feature", "geometry": {"type": "MultiLineString", "coordinates": [[[-43.23242114152242, -22.92723731534977], [-43.23252018565802, -22.927201266924897]]]}, "properties": {"camada": "SSDMT", "COD_ID": "11131460", "CTMT": "RCP9882", "COMP": 11.35, "TIP_CND": "105925010_11_3", "energizado": true, "fonte": "RCP9882"}}, {"type": "Feature", "geometry": {"type": "MultiLineString", "coordinates": [[[-43.227760717083356, -22.927578044191364], [-43.227752015243254, -22.927567155199995]]]}, "properties": {"camada": "SSDMT", "COD_ID": "963084149", "CTMT": "RCP9882", "COMP": 1.56, "TIP_CND": "105925011_11_3", "energizado": true, "fonte": "RCP9882"}}, {"type": "Feature", "geometry": {"type": "MultiLineString", "coordinates": [[[-43.22995975553823, -22.92780095015371], [-43.230171870535344, -22.927983928015806]]]}, "properties": {"camada": "SSDMT", "COD_ID": "11131334", "CTMT": "RCP9882", "COMP": 30.92, "TIP_CND": "105925011_11_3", "energizado": true, "fonte": "RCP9882"}}, {"type": "Feature", "geometry": {"type": "MultiLineString", "coordinates": [[[-43.22599979775242, -22.92942737047673], [-43.22588340659388, -22.929380915996433]]]}, "properties": {"camada": "SSDMT", "COD_ID": "11131106", "CTMT": "RCP9882", "COMP": 13.52, "TIP_CND": "105924962_34_3", "energizado": true, "fonte": "RCP9882"}}, {"type": "Feature", "geometry": {"type": "MultiLineString", "coordinates": [[[-43.22737886494264, -22.929622033230203], [-43.22749334054521, -22.92975812044085]]]}, "properties": {"camada": "SSDMT", "COD_ID": "11131028", "CTMT": "RCP9882", "COMP": 19.87, "TIP_CND": "105924962_34_3", "energizado": true, "fonte": "RCP9882"}}, {"type": "Feature", "geometry": {"type": "MultiLineString", "coordinates": [[[-43.2277262064992, -22.927557592708695], [-43.22773490743998, -22.927568481700007]]]}, "properties": {"camada": "SSDMT", "COD_ID": "963084125", "CTMT": "RCP9882", "COMP": 1.56, "TIP_CND": "105925011_11_3", "energizado": true, "fonte": "RCP9882"}}, {"type": "Feature", "geometry": {"type": "MultiLineString", "coordinates": [[[-43.2293815355294, -22.92750785930025], [-43.22933072743109, -22.9273609154738]]]}, "properties": {"camada": "SSDMT", "COD_ID": "456002012", "CTMT": "RCP9882", "COMP": 17.77, "TIP_CND": "105925011_11_3", "energizado": true, "fonte": "RCP9882"}}, {"type": "Feature", "geometry": {"type": "MultiLineString", "coordinates": [[[-43.226205575227084, -22.92851431668231], [-43.22598347415794, -22.928433827359186]]]}, "properties": {"camada": "SSDMT", "COD_ID": "11131262", "CTMT": "RCP9882", "COMP": 25.44, "TIP_CND": "105925010_11_3", "energizado": true, "fonte": "RCP9882"}}, {"type": "Feature", "geometry": {"type": "MultiLineString", "coordinates": [[[-43.22745179006802, -22.92723111542358], [-43.22744512519233, -22.927248091026513]]]}, "properties": {"camada": "SSDMT", "COD_ID": "346912326", "CTMT": "RCP9882", "COMP": 2.08, "TIP_CND": "105925010_11_3", "energizado": true, "fonte": "RCP9882"}}, {"type": "Feature", "geometry": {"type": "MultiLineString", "coordinates": [[[-43.227955792625664, -22.928616496753875], [-43.22796011566675, -22.928627499959134]]]}, "properties": {"camada": "SSDMT", "COD_ID": "346936593", "CTMT": "RCP9882", "COMP": 1.35, "TIP_CND": "105925010_11_3", "energizado": true, "fonte": "RCP9882"}}, {"type": "Feature", "geometry": {"type": "MultiLineString", "coordinates": [[[-43.228123036848615, -22.93034512412811], [-43.22839563664928, -22.930375260409903]]]}, "properties": {"camada": "SSDMT", "COD_ID": "346911774", "CTMT": "RCP9882", "COMP": 29.29, "TIP_CND": "105925010_11_3", "energizado": true, "fonte": "RCP9882"}}, {"type": "Feature", "geometry": {"type": "MultiLineString", "coordinates": [[[-43.22796011566675, -22.928627499959134], [-43.22797415678184, -22.928618345760015]]]}, "properties": {"camada": "SSDMT", "COD_ID": "346936623", "CTMT": "RCP9882", "COMP": 1.83, "TIP_CND": "105925010_11_3", "energizado": true, "fonte": "RCP9882"}}, {"type": "Feature", "geometry": {"type": "MultiLineString", "coordinates": [[[-43.2279833037864, -22.930396229902044], [-43.228123036848615, -22.93034512412811]]]}, "properties": {"camada": "SSDMT", "COD_ID": "346911768", "CTMT": "RCP9882", "COMP": 16.03, "TIP_CND": "105925010_11_3", "energizado": true, "fonte": "RCP9882"}}, {"type": "Feature", "geometry": {"type": "MultiLineString", "coordinates": [[[-43.22796011566675, -22.928627499959134], [-43.22768622803693, -22.928696684804095]]]}, "properties": {"camada": "SSDMT", "COD_ID": "11130932", "CTMT": "RCP9882", "COMP": 30.29, "TIP_CND": "105925010_11_3", "energizado": true, "fonte": "RCP9882"}}, {"type": "Feature", "geometry": {"type": "MultiLineString", "coordinates": [[[-43.22765549100808, -22.929325002446888], [-43.227505772773156, -22.929151271414014]]]}, "properties": {"camada": "SSDMT", "COD_ID": "11131046", "CTMT": "RCP9882", "COMP": 25.6, "TIP_CND": "105925010_11_3", "energizado": true, "fonte": "RCP9882"}}, {"type": "Feature", "geometry": {"type": "MultiLineString", "coordinates": [[[-43.22839563664928, -22.930375260409903], [-43.22825306352803, -22.93020520310762]]]}, "properties": {"camada": "SSDMT", "COD_ID": "11131160", "CTMT": "RCP9882", "COMP": 24.8, "TIP_CND": "105925010_11_3", "energizado": true, "fonte": "RCP9882"}}, {"type": "Feature", "geometry": {"type": "MultiLineString", "coordinates": [[[-43.22565990258238, -22.92932423262721], [-43.22546376404142, -22.929412344603975]]]}, "properties": {"camada": "SSDMT", "COD_ID": "11131166", "CTMT": "RCP9882", "COMP": 23.26, "TIP_CND": "105924962_34_3", "energizado": true, "fonte": "RCP9882"}}, {"type": "Feature", "geometry": {"type": "MultiLineString", "coordinates": [[[-43.23105171776251, -22.928340831164405], [-43.231201407219146, -22.928238955963025]]]}, "properties": {"camada": "SSDMT", "COD_ID": "12307883", "CTMT": "RCP9882", "COMP": 19.82, "TIP_CND": "105925011_11_3", "energizado": true, "fonte": "RCP9882"}}, {"type": "Feature", "geometry": {"type": "MultiLineString", "coordinates": [[[-43.22980542737855, -22.927672800359403], [-43.22980155130051, -22.927690502614553]]]}, "properties": {"camada": "SSDMT", "COD_ID": "346912302", "CTMT": "RCP9882", "COMP": 2.08, "TIP_CND": "105925006_13_3", "energizado": true, "fonte": "RCP9882"}}, {"type": "Feature", "geometry": {"type": "MultiLineString", "coordinates": [[[-43.22724534169913, -22.930387813147036], [-43.22709296326957, -22.93042086862812]]]}, "properties": {"camada": "SSDMT", "COD_ID": "11131124", "CTMT": "RCP9882", "COMP": 16.7, "TIP_CND": "105925010_11_3", "energizado": true, "fonte": "RCP9882"}}, {"type": "Feature", "geometry": {"type": "MultiLineString", "coordinates": [[[-43.22573119813626, -22.928340700762703], [-43.2256341873678, -22.928303494011004]]]}, "properties": {"camada": "SSDMT", "COD_ID": "346912230", "CTMT": "RCP9882", "COMP": 11.2, "TIP_CND": "105924962_34_3", "energizado": true, "fonte": "RCP9882"}}, {"type": "Feature", "geometry": {"type": "MultiLineString", "coordinates": [[[-43.2262545568023, -22.929376966174004], [-43.22627145506357, -22.929529743902492]]]}, "properties": {"camada": "SSDMT", "COD_ID": "346912062", "CTMT": "RCP9882", "COMP": 17.69, "TIP_CND": "105924962_34_3", "energizado": true, "fonte": "RCP9882"}}, {"type": "Feature", "geometry": {"type": "MultiLineString", "coordinates": [[[-43.22756666856685, -22.92889402034274], [-43.227687499678325, -22.92908492213138]]]}, "properties": {"camada": "SSDMT", "COD_ID": "11130974", "CTMT": "RCP9882", "COMP": 25.49, "TIP_CND": "105925010_11_3", "energizado": true, "fonte": "RCP9882"}}, {"type": "Feature", "geometry": {"type": "MultiLineString", "coordinates": [[[-43.22524320530965, -22.92838039503914], [-43.22513621026786, -22.92836113695688]]]}, "properties": {"camada": "SSDMT", "COD_ID": "346912188", "CTMT": "RCP9882", "COMP": 11.63, "TIP_CND": "105924962_34_3", "energizado": true, "fonte": "RCP9882"}}, {"type": "Feature", "geometry": {"type": "MultiLineString", "coordinates": [[[-43.227676158327995, -22.930383551259865], [-43.22768598971663, -22.930384013511343]]]}, "properties": {"camada": "SSDMT", "COD_ID": "571428382", "CTMT": "RCP9882", "COMP": 1.05, "TIP_CND": "105925010_11_3", "energizado": true, "fonte": "RCP9882"}}, {"type": "Feature", "geometry": {"type": "MultiLineString", "coordinates": [[[-43.2275814830989, -22.93075448023501], [-43.227779904119245, -22.930730905406904]]]}, "properties": {"camada": "SSDMT", "COD_ID": "346912248", "CTMT": "RCP9882", "COMP": 21.34, "TIP_CND": "105925010_11_3", "energizado": true, "fonte": "RCP9882"}}, {"type": "Feature", "geometry": {"type": "MultiLineString", "coordinates": [[[-43.227058130728096, -22.931263372406647], [-43.22699570248966, -22.93129567245728]]]}, "properties": {"camada": "SSDMT", "COD_ID": "346911750", "CTMT": "RCP9882", "COMP": 7.63, "TIP_CND": "105925010_11_3", "energizado": true, "fonte": "RCP9882"}}, {"type": "Feature", "geometry": {"type": "MultiLineString", "coordinates": [[[-43.22627145506357, -22.929529743902492], [-43.226125701939566, -22.929491992161672]]]}, "properties": {"camada": "SSDMT", "COD_ID": "11131100", "CTMT": "RCP9882", "COMP": 16.15, "TIP_CND": "105924962_34_3", "energizado": true, "fonte": "RCP9882"}}, {"type": "Feature", "geometry": {"type": "MultiLineString", "coordinates": [[[-43.22691397390071, -22.93052993480859], [-43.226902566000604, -22.930542034287384]]]}, "properties": {"camada": "SSDMT", "COD_ID": "675789737", "CTMT": "RCP9882", "COMP": 1.85, "TIP_CND": "105924962_34_3", "energizado": true, "fonte": "RCP9882"}}, {"type": "Feature", "geometry": {"type": "MultiLineString", "coordinates": [[[-43.2318729417828, -22.929383705693397], [-43.231909087334486, -22.929348853366832]]]}, "properties": {"camada": "SSDMT", "COD_ID": "336576652", "CTMT": "URG29983", "COMP": 5.57, "TIP_CND": "105925006_13_3", "energizado": true, "fonte": "URG29983"}}, {"type": "Feature", "geometry": {"type": "MultiLineString", "coordinates": [[[-43.2322972653065, -22.929734169696133], [-43.23216847789291, -22.929624684431587]]]}, "properties": {"camada": "SSDMT", "COD_ID": "11065648", "CTMT": "URG29983", "COMP": 18.65, "TIP_CND": "105925006_13_3", "energizado": true, "fonte": "URG29983"}}, {"type": "Feature", "geometry": {"type": "MultiLineString", "coordinates": [[[-43.23240786752905, -22.929417390699996], [-43.23258428933343, -22.929157705163902]]]}, "properties": {"camada": "SSDMT", "COD_ID": "11065660", "CTMT": "URG29983", "COMP": 35.34, "TIP_CND": "105925006_13_3", "energizado": true, "fonte": "URG29983"}}, {"type": "Feature", "geometry": {"type": "MultiLineString", "coordinates": [[[-43.23258428933343, -22.929157705163902], [-43.23287519573364, -22.92892768646351]]]}, "properties": {"camada": "SSDMT", "COD_ID": "11065666", "CTMT": "URG29983", "COMP": 40.8, "TIP_CND": "105925006_13_3", "energizado": true, "fonte": "URG29983"}}, {"type": "Feature", "geometry": {"type": "MultiLineString", "coordinates": [[[-43.2326228657526, -22.932950973608513], [-43.23241891480103, -22.932747400372193]]]}, "properties": {"camada": "SSDMT", "COD_ID": "11052568", "CTMT": "URG29983", "COMP": 31.99, "TIP_CND": "105925010_11_3", "energizado": true, "fonte": "URG29983"}}, {"type": "Feature", "geometry": {"type": "MultiLineString", "coordinates": [[[-43.23230377639811, -22.93325435720277], [-43.232456856298825, -22.933474964497975]]]}, "properties": {"camada": "SSDMT", "COD_ID": "96864119", "CTMT": "URG29983", "COMP": 30.2, "TIP_CND": "105925010_11_3", "energizado": true, "fonte": "URG29983"}}, {"type": "Feature", "geometry": {"type": "MultiLineString", "coordinates": [[[-43.23104995688993, -22.928722298395314], [-43.23103706780637, -22.928735853876503]]]}, "properties": {"camada": "SSDMT", "COD_ID": "336576436", "CTMT": "URG29983", "COMP": 2.08, "TIP_CND": "105925006_13_3", "energizado": true, "fonte": "URG29983"}}, {"type": "Feature", "geometry": {"type": "MultiLineString", "coordinates": [[[-43.231892377930876, -22.93269290235554], [-43.23202197023767, -22.932850241445465]]]}, "properties": {"camada": "SSDMT", "COD_ID": "11052622", "CTMT": "URG29983", "COMP": 22.79, "TIP_CND": "105925010_11_3", "energizado": true, "fonte": "URG29983"}}, {"type": "Feature", "geometry": {"type": "MultiLineString", "coordinates": [[[-43.23163654239249, -22.929184511256153], [-43.23151870962073, -22.929107711851373]]]}, "properties": {"camada": "SSDMT", "COD_ID": "362173469", "CTMT": "URG29983", "COMP": 15.37, "TIP_CND": "105925006_13_3", "energizado": true, "fonte": "URG29983"}}, {"type": "Feature", "geometry": {"type": "MultiLineString", "coordinates": [[[-43.23218619993315, -22.929603135776063], [-43.23220898245853, -22.929575449247523]]]}, "properties": {"camada": "SSDMT", "COD_ID": "96864921", "CTMT": "URG29983", "COMP": 4.01, "TIP_CND": "105925006_13_3", "energizado": true, "fonte": "URG29983"}}, {"type": "Feature", "geometry": {"type": "MultiLineString", "coordinates": [[[-43.232751568629965, -22.93010589996726], [-43.23264005449488, -22.93000941260425]]]}, "properties": {"camada": "SSDMT", "COD_ID": "96864888", "CTMT": "URG29983", "COMP": 16.28, "TIP_CND": "105925006_13_3", "energizado": true, "fonte": "URG29983"}}, {"type": "Feature", "geometry": {"type": "MultiLineString", "coordinates": [[[-43.23115686289884, -22.92881234211586], [-43.23104995688993, -22.928722298395314]]]}, "properties": {"camada": "SSDMT", "COD_ID": "336576634", "CTMT": "URG29983", "COMP": 15.41, "TIP_CND": "105925006_13_3", "energizado": true, "fonte": "URG29983"}}, {"type": "Feature", "geometry": {"type": "MultiLineString", "coordinates": [[[-43.23104995688993, -22.928722298395314], [-43.23104242866509, -22.928716416829104]]]}, "properties": {"camada": "SSDMT", "COD_ID": "362173601", "CTMT": "URG29983", "COMP": 1.05, "TIP_CND": "105925006_13_3", "energizado": true, "fonte": "URG29983"}}, {"type": "Feature", "geometry": {"type": "MultiLineString", "coordinates": [[[-43.23191860396037, -22.93237419881018], [-43.23178605198467, -22.932405231716018]]]}, "properties": {"camada": "SSDMT", "COD_ID": "11052592", "CTMT": "URG29983", "COMP": 14.58, "TIP_CND": "105925010_11_3", "energizado": true, "fonte": "URG29983"}}, {"type": "Feature", "geometry": {"type": "MultiLineString", "coordinates": [[[-43.232194627480055, -22.929884839413774], [-43.232048190871296, -22.93006048600256]]]}, "properties": {"camada": "SSDMT", "COD_ID": "31178765", "CTMT": "URG29983", "COMP": 25.56, "TIP_CND": "105925006_13_3", "energizado": true, "fonte": "URG29983"}}, {"type": "Feature", "geometry": {"type": "MultiLineString", "coordinates": [[[-43.23058786273964, -22.929176340016056], [-43.23076049390164, -22.929335279899192]]]}, "properties": {"camada": "SSDMT", "COD_ID": "11065738", "CTMT": "URG29983", "COMP": 25.97, "TIP_CND": "105925006_13_3", "energizado": true, "fonte": "URG29983"}}, {"type": "Feature", "geometry": {"type": "MultiLineString", "coordinates": [[[-43.23134363140343, -22.928957775980507], [-43.23115686289884, -22.92881234211586]]]}, "properties": {"camada": "SSDMT", "COD_ID": "336576640", "CTMT": "URG29983", "COMP": 26.03, "TIP_CND": "105925006_13_3", "energizado": true, "fonte": "URG29983"}}, {"type": "Feature", "geometry": {"type": "MultiLineString", "coordinates": [[[-43.23177527630793, -22.93139730034511], [-43.23147987869339, -22.931304027159058]]]}, "properties": {"camada": "SSDMT", "COD_ID": "336576622", "CTMT": "URG29983", "COMP": 33.29, "TIP_CND": "105925010_11_3", "energizado": true, "fonte": "URG29983"}}, {"type": "Feature", "geometry": {"type": "MultiLineString", "coordinates": [[[-43.23216847789291, -22.929624684431587], [-43.2318729417828, -22.929383705693397]]]}, "properties": {"camada": "SSDMT", "COD_ID": "11461490", "CTMT": "URG29983", "COMP": 42.0, "TIP_CND": "105925006_13_3", "energizado": true, "fonte": "URG29983"}}, {"type": "Feature", "geometry": {"type": "MultiLineString", "coordinates": [[[-43.23264005449488, -22.93000941260425], [-43.23248998552435, -22.929888446594475]]]}, "properties": {"camada": "SSDMT", "COD_ID": "336576580", "CTMT": "URG29983", "COMP": 21.22, "TIP_CND": "105925006_13_3", "energizado": true, "fonte": "URG29983"}}, {"type": "Feature", "geometry": {"type": "MultiLineString", "coordinates": [[[-43.23216529429283, -22.93305770874622], [-43.23230377639811, -22.93325435720277]]]}, "properties": {"camada": "SSDMT", "COD_ID": "96864134", "CTMT": "URG29983", "COMP": 27.04, "TIP_CND": "105925010_11_3", "energizado": true, "fonte": "URG29983"}}, {"type": "Feature", "geometry": {"type": "MultiLineString", "coordinates": [[[-43.2318729417828, -22.929383705693397], [-43.23174049682643, -22.929269916273597]]]}, "properties": {"camada": "SSDMT", "COD_ID": "11065672", "CTMT": "URG29983", "COMP": 19.27, "TIP_CND": "105925006_13_3", "energizado": true, "fonte": "URG29983"}}, {"type": "Feature", "geometry": {"type": "MultiLineString", "coordinates": [[[-43.23241891480103, -22.932747400372193], [-43.23220111069264, -22.93251445887512]]]}, "properties": {"camada": "SSDMT", "COD_ID": "11052574", "CTMT": "URG29983", "COMP": 35.49, "TIP_CND": "105925010_11_3", "energizado": true, "fonte": "URG29983"}}, {"type": "Feature", "geometry": {"type": "MultiLineString", "coordinates": [[[-43.23178605198467, -22.932405231716018], [-43.23177241466516, -22.932569643074544]]]}, "properties": {"camada": "SSDMT", "COD_ID": "11052616", "CTMT": "URG29983", "COMP": 18.99, "TIP_CND": "105925010_11_3", "energizado": true, "fonte": "URG29983"}}, {"type": "Feature", "geometry": {"type": "MultiLineString", "coordinates": [[[-43.23248998552435, -22.929888446594475], [-43.2322972653065, -22.929734169696133]]]}, "properties": {"camada": "SSDMT", "COD_ID": "336576586", "CTMT": "URG29983", "COMP": 27.17, "TIP_CND": "105925006_13_3", "energizado": true, "fonte": "URG29983"}}, {"type": "Feature", "geometry": {"type": "MultiLineString", "coordinates": [[[-43.232285122660244, -22.929511124338887], [-43.23240786752905, -22.929417390699996]]]}, "properties": {"camada": "SSDMT", "COD_ID": "11065654", "CTMT": "URG29983", "COMP": 16.97, "TIP_CND": "105925006_13_3", "energizado": true, "fonte": "URG29983"}}, {"type": "Feature", "geometry": {"type": "MultiLineString", "coordinates": [[[-43.23076049390164, -22.929335279899192], [-43.230551859280865, -22.92950530122863]]]}, "properties": {"camada": "SSDMT", "COD_ID": "11065744", "CTMT": "URG29983", "COMP": 29.65, "TIP_CND": "105925006_13_3", "energizado": true, "fonte": "URG29983"}}, {"type": "Feature", "geometry": {"type": "MultiLineString", "coordinates": [[[-43.23174049682643, -22.929269916273597], [-43.23163654239249, -22.929184511256153]]]}, "properties": {"camada": "SSDMT", "COD_ID": "336576658", "CTMT": "URG29983", "COMP": 14.82, "TIP_CND": "105925006_13_3", "energizado": true, "fonte": "URG29983"}}, {"type": "Feature", "geometry": {"type": "MultiLineString", "coordinates": [[[-43.232517940950174, -22.93201965548269], [-43.232249246905155, -22.931688716660915]]]}, "properties": {"camada": "SSDMT", "COD_ID": "336576604", "CTMT": "URG29983", "COMP": 47.69, "TIP_CND": "105925010_11_3", "energizado": true, "fonte": "URG29983"}}, {"type": "Feature", "geometry": {"type": "MultiLineString", "coordinates": [[[-43.23220111069264, -22.93251445887512], [-43.23191860396037, -22.93237419881018]]]}, "properties": {"camada": "SSDMT", "COD_ID": "12416103", "CTMT": "URG29983", "COMP": 34.19, "TIP_CND": "105925010_11_3", "energizado": true, "fonte": "URG29983"}}, {"type": "Feature", "geometry": {"type": "MultiLineString", "coordinates": [[[-43.23287125400515, -22.93298408304895], [-43.2326228657526, -22.932950973608513]]]}, "properties": {"camada": "SSDMT", "COD_ID": "11052562", "CTMT": "URG29983", "COMP": 26.77, "TIP_CND": "105925010_11_3", "energizado": true, "fonte": "URG29983"}}, {"type": "Feature", "geometry": {"type": "MultiLineString", "coordinates": [[[-43.23177241466516, -22.932569643074544], [-43.231892377930876, -22.93269290235554]]]}, "properties": {"camada": "SSDMT", "COD_ID": "336576628", "CTMT": "URG29983", "COMP": 19.11, "TIP_CND": "105925010_11_3", "energizado": true, "fonte": "URG29983"}}, {"type": "Feature", "geometry": {"type": "MultiLineString", "coordinates": [[[-43.2322972653065, -22.929734169696133], [-43.23228685925113, -22.92974944198312]]]}, "properties": {"camada": "SSDMT", "COD_ID": "336576496", "CTMT": "URG29983", "COMP": 2.08, "TIP_CND": "105925006_13_3", "energizado": true, "fonte": "URG29983"}}, {"type": "Feature", "geometry": {"type": "MultiLineString", "coordinates": [[[-43.23103062326459, -22.92874262757016], [-43.23085180296829, -22.928930691098458]]]}, "properties": {"camada": "SSDMT", "COD_ID": "11065720", "CTMT": "URG29983", "COMP": 28.86, "TIP_CND": "105925006_13_3", "energizado": true, "fonte": "URG29983"}}, {"type": "Feature", "geometry": {"type": "MultiLineString", "coordinates": [[[-43.23280793543785, -22.932212528585296], [-43.232517940950174, -22.93201965548269]]]}, "properties": {"camada": "SSDMT", "COD_ID": "336576598", "CTMT": "URG29983", "COMP": 38.08, "TIP_CND": "105925010_11_3", "energizado": true, "fonte": "URG29983"}}, {"type": "Feature", "geometry": {"type": "MultiLineString", "coordinates": [[[-43.23216847789291, -22.929624684431587], [-43.23218029588389, -22.929610322258497]]]}, "properties": {"camada": "SSDMT", "COD_ID": "336576694", "CTMT": "URG29983", "COMP": 2.08, "TIP_CND": "105925006_13_3", "energizado": true, "fonte": "URG29983"}}, {"type": "Feature", "geometry": {"type": "MultiLineString", "coordinates": [[[-43.2320444514902, -22.93154892604207], [-43.23177527630793, -22.93139730034511]]]}, "properties": {"camada": "SSDMT", "COD_ID": "336576616", "CTMT": "URG29983", "COMP": 33.61, "TIP_CND": "105925010_11_3", "energizado": true, "fonte": "URG29983"}}, {"type": "Feature", "geometry": {"type": "MultiLineString", "coordinates": [[[-43.23228166116968, -22.929757078126613], [-43.232194627480055, -22.929884839413774]]]}, "properties": {"camada": "SSDMT", "COD_ID": "31178778", "CTMT": "URG29983", "COMP": 17.4, "TIP_CND": "105925006_13_3", "energizado": true, "fonte": "URG29983"}}, {"type": "Feature", "geometry": {"type": "MultiLineString", "coordinates": [[[-43.23151870962073, -22.929107711851373], [-43.23134363140343, -22.928957775980507]]]}, "properties": {"camada": "SSDMT", "COD_ID": "11065684", "CTMT": "URG29983", "COMP": 25.44, "TIP_CND": "105925006_13_3", "energizado": true, "fonte": "URG29983"}}, {"type": "Feature", "geometry": {"type": "MultiLineString", "coordinates": [[[-43.23220898245853, -22.929575449247523], [-43.232285122660244, -22.929511124338887]]]}, "properties": {"camada": "SSDMT", "COD_ID": "96864948", "CTMT": "URG29983", "COMP": 10.99, "TIP_CND": "105925006_13_3", "energizado": true, "fonte": "URG29983"}}, {"type": "Feature", "geometry": {"type": "MultiLineString", "coordinates": [[[-43.23085180296829, -22.928930691098458], [-43.23058786273964, -22.929176340016056]]]}, "properties": {"camada": "SSDMT", "COD_ID": "50815351", "CTMT": "URG29983", "COMP": 39.92, "TIP_CND": "105925006_13_3", "energizado": true, "fonte": "URG29983"}}, {"type": "Feature", "geometry": {"type": "MultiLineString", "coordinates": [[[-43.23202197023767, -22.932850241445465], [-43.23216529429283, -22.93305770874622]]]}, "properties": {"camada": "SSDMT", "COD_ID": "96864149", "CTMT": "URG29983", "COMP": 28.37, "TIP_CND": "105925010_11_3", "energizado": true, "fonte": "URG29983"}}, {"type": "Feature", "geometry": {"type": "MultiLineString", "coordinates": [[[-43.232249246905155, -22.931688716660915], [-43.2320444514902, -22.93154892604207]]]}, "properties": {"camada": "SSDMT", "COD_ID": "336576610", "CTMT": "URG29983", "COMP": 27.14, "TIP_CND": "105925010_11_3", "energizado": true, "fonte": "URG29983"}}, {"type": "Feature", "geometry": {"type": "MultiLineString", "coordinates": [[[-43.231457794041944, -22.929366318201005], [-43.23147611862794, -22.929360706431396]]]}, "properties": {"camada": "SSDMT", "COD_ID": "346936426", "CTMT": "RCP9882", "COMP": 2.06, "TIP_CND": "105925005_13_3", "energizado": true, "fonte": "RCP9882"}}, {"type": "Feature", "geometry": {"type": "MultiLineString", "coordinates": [[[-43.231465414896945, -22.92921550189385], [-43.231459330083965, -22.92933584827074]]]}, "properties": {"camada": "SSDMT", "COD_ID": "25190330", "CTMT": "RCP9882", "COMP": 13.88, "TIP_CND": "105925006_13_3", "energizado": true, "fonte": "RCP9882"}}, {"type": "Feature", "geometry": {"type": "MultiLineString", "coordinates": [[[-43.23145862051888, -22.92935070417161], [-43.231457794041944, -22.929366318201005]]]}, "properties": {"camada": "SSDMT", "COD_ID": "346936417", "CTMT": "RCP9882", "COMP": 1.8, "TIP_CND": "105925006_13_3", "energizado": true, "fonte": "RCP9882"}}, {"type": "Feature", "geometry": {"type": "MultiLineString", "coordinates": [[[-43.23146678006782, -22.92918844399145], [-43.23146587265188, -22.929206486190367]]]}, "properties": {"camada": "SSDMT", "COD_ID": "346912266", "CTMT": "RCP9882", "COMP": 2.08, "TIP_CND": "105925006_13_3", "energizado": true, "fonte": "RCP9882"}}, {"type": "Feature", "geometry": {"type": "MultiLineString", "coordinates": [[[-43.23068460281212, -22.928369048292893], [-43.23073280917174, -22.928333346106967]]]}, "properties": {"camada": "SSDMT", "COD_ID": "50377318", "CTMT": "RCP9882", "COMP": 6.58, "TIP_CND": "105925006_13_3", "energizado": true, "fonte": "RCP9882"}}, {"type": "Feature", "geometry": {"type": "MultiLineString", "coordinates": [[[-43.23066175463623, -22.928385960943274], [-43.23067698285644, -22.928374679847536]]]}, "properties": {"camada": "SSDMT", "COD_ID": "346912350", "CTMT": "RCP9882", "COMP": 2.08, "TIP_CND": "105925006_13_3", "energizado": true, "fonte": "RCP9882"}}, {"type": "Feature", "geometry": {"type": "MultiLineString", "coordinates": [[[-43.22650089190262, -22.928679762261197], [-43.226491356390966, -22.928695512987474]]]}, "properties": {"camada": "SSDMT", "COD_ID": "346912380", "CTMT": "RCP9882", "COMP": 2.08, "TIP_CND": "105924962_35_3", "energizado": true, "fonte": "RCP9882"}}, {"type": "Feature", "geometry": {"type": "MultiLineString", "coordinates": [[[-43.23271847897456, -22.925574063292345], [-43.232714205396235, -22.925563820014247]]]}, "properties": {"camada": "SSDMT", "COD_ID": "346912332", "CTMT": "RCP9882", "COMP": 1.26, "TIP_CND": "105925011_11_3", "energizado": true, "fonte": "RCP9882"}}, {"type": "Feature", "geometry": {"type": "MultiLineString", "coordinates": [[[-43.23215456897816, -22.926958488643265], [-43.23208738602398, -22.92687646507676]]]}, "properties": {"camada": "SSDMT", "COD_ID": "11131586", "CTMT": "RCP9882", "COMP": 11.86, "TIP_CND": "105925010_11_3", "energizado": true, "fonte": "RCP9882"}}, {"type": "Feature", "geometry": {"type": "MultiLineString", "coordinates": [[[-43.23277521180654, -22.925710153200953], [-43.23271847897456, -22.925574063292345]]]}, "properties": {"camada": "SSDMT", "COD_ID": "346911966", "CTMT": "RCP9882", "COMP": 16.8, "TIP_CND": "105925011_11_3", "energizado": true, "fonte": "RCP9882"}}, {"type": "Feature", "geometry": {"type": "MultiLineString", "coordinates": [[[-43.231780248659504, -22.926502788672735], [-43.23169368711393, -22.926411518276893]]]}, "properties": {"camada": "SSDMT", "COD_ID": "346911858", "CTMT": "RCP9882", "COMP": 13.99, "TIP_CND": "105925010_11_3", "energizado": true, "fonte": "RCP9882"}}, {"type": "Feature", "geometry": {"type": "MultiLineString", "coordinates": [[[-43.23208738602398, -22.92687646507676], [-43.2319013055008, -22.926654839749006]]]}, "properties": {"camada": "SSDMT", "COD_ID": "11131580", "CTMT": "RCP9882", "COMP": 32.34, "TIP_CND": "105925010_11_3", "energizado": true, "fonte": "RCP9882"}}, {"type": "Feature", "geometry": {"type": "MultiLineString", "coordinates": [[[-43.2319013055008, -22.926654839749006], [-43.231780248659504, -22.926502788672735]]]}, "properties": {"camada": "SSDMT", "COD_ID": "346911864", "CTMT": "RCP9882", "COMP": 21.76, "TIP_CND": "105925010_11_3", "energizado": true, "fonte": "RCP9882"}}, {"type": "Feature", "geometry": {"type": "MultiLineString", "coordinates": [[[-43.232693054241, -22.92551155051757], [-43.232669858027464, -22.925392855295968]]]}, "properties": {"camada": "SSDMT", "COD_ID": "11131886", "CTMT": "RCP9882", "COMP": 13.89, "TIP_CND": "105924970_35_3", "energizado": true, "fonte": "RCP9882"}}, {"type": "Feature", "geometry": {"type": "MultiLineString", "coordinates": [[[-43.23267715062997, -22.925388322712877], [-43.23267531691232, -22.925385348654856]]]}, "properties": {"camada": "SSDMT", "COD_ID": "23312694", "CTMT": "RCP9882", "COMP": 0.39, "TIP_CND": "105924970_35_3", "energizado": true, "fonte": "RCP9882"}}, {"type": "Feature", "geometry": {"type": "MultiLineString", "coordinates": [[[-43.23271052806837, -22.925554901437522], [-43.232693054241, -22.92551155051757]]]}, "properties": {"camada": "SSDMT", "COD_ID": "23312699", "CTMT": "RCP9882", "COMP": 5.33, "TIP_CND": "105924970_35_3", "energizado": true, "fonte": "RCP9882"}}, {"type": "Feature", "geometry": {"type": "MultiLineString", "coordinates": [[[-43.232669858027464, -22.925392855295968], [-43.23267715062997, -22.925388322712877]]]}, "properties": {"camada": "SSDMT", "COD_ID": "23312681", "CTMT": "RCP9882", "COMP": 0.94, "TIP_CND": "105924970_35_3", "energizado": true, "fonte": "RCP9882"}}, {"type": "Feature", "geometry": {"type": "MultiLineString", "coordinates": [[[-43.22621352433464, -22.925779739143593], [-43.226266185935685, -22.925729088426635]]]}, "properties": {"camada": "SSDMT", "COD_ID": "11130740", "CTMT": "RCP9882", "COMP": 8.1, "TIP_CND": "105925006_13_3", "energizado": true, "fonte": "RCP9882"}}, {"type": "Feature", "geometry": {"type": "MultiLineString", "coordinates": [[[-43.22577002546626, -22.925312135746424], [-43.22577485032906, -22.92532121080518]]]}, "properties": {"camada": "SSDMT", "COD_ID": "346936235", "CTMT": "RCP9882", "COMP": 1.17, "TIP_CND": "105925011_11_3", "energizado": true, "fonte": "RCP9882"}}, {"type": "Feature", "geometry": {"type": "MultiLineString", "coordinates": [[[-43.22606839174284, -22.925653368208316], [-43.226193235629296, -22.92579925263334]]]}, "properties": {"camada": "SSDMT", "COD_ID": "131881737", "CTMT": "RCP9882", "COMP": 21.44, "TIP_CND": "105925011_11_3", "energizado": true, "fonte": "RCP9882"}}, {"type": "Feature", "geometry": {"type": "MultiLineString", "coordinates": [[[-43.22711542113973, -22.926857104471765], [-43.22712063540894, -22.926874509950608]]]}, "properties": {"camada": "SSDMT", "COD_ID": "346911618", "CTMT": "RCP9882", "COMP": 2.08, "TIP_CND": "105924962_34_3", "energizado": true, "fonte": "RCP9882"}}, {"type": "Feature", "geometry": {"type": "MultiLineString", "coordinates": [[[-43.22711542113973, -22.926857104471765], [-43.227288421023786, -22.927048678953327]]]}, "properties": {"camada": "SSDMT", "COD_ID": "11130794", "CTMT": "RCP9882", "COMP": 28.76, "TIP_CND": "105925011_11_3", "energizado": true, "fonte": "RCP9882"}}, {"type": "Feature", "geometry": {"type": "MultiLineString", "coordinates": [[[-43.226316335730246, -22.92624267416005], [-43.22617655860125, -22.926331868920556]]]}, "properties": {"camada": "SSDMT", "COD_ID": "11130770", "CTMT": "RCP9882", "COMP": 18.11, "TIP_CND": "105925010_11_3", "energizado": true, "fonte": "RCP9882"}}, {"type": "Feature", "geometry": {"type": "MultiLineString", "coordinates": [[[-43.226541666264836, -22.926194477692945], [-43.226625435415485, -22.92630076406897]]]}, "properties": {"camada": "SSDMT", "COD_ID": "11130752", "CTMT": "RCP9882", "COMP": 15.16, "TIP_CND": "105925011_11_3", "energizado": true, "fonte": "RCP9882"}}, {"type": "Feature", "geometry": {"type": "MultiLineString", "coordinates": [[[-43.22596034089696, -22.926464909228116], [-43.22584160340722, -22.92659903951403]]]}, "properties": {"camada": "SSDMT", "COD_ID": "131881888", "CTMT": "RCP9882", "COMP": 19.98, "TIP_CND": "105925010_11_3", "energizado": true, "fonte": "RCP9882"}}, {"type": "Feature", "geometry": {"type": "MultiLineString", "coordinates": [[[-43.22689426975472, -22.926619838134968], [-43.22687646857412, -22.92662720717982]]]}, "properties": {"camada": "SSDMT", "COD_ID": "346911684", "CTMT": "RCP9882", "COMP": 2.08, "TIP_CND": "105925010_11_3", "energizado": true, "fonte": "RCP9882"}}, {"type": "Feature", "geometry": {"type": "MultiLineString", "coordinates": [[[-43.22689426975472, -22.926619838134968], [-43.22711542113973, -22.926857104471765]]]}, "properties": {"camada": "SSDMT", "COD_ID": "11130788", "CTMT": "RCP9882", "COMP": 36.1, "TIP_CND": "105925011_11_3", "energizado": true, "fonte": "RCP9882"}}, {"type": "Feature", "geometry": {"type": "MultiLineString", "coordinates": [[[-43.22577485032906, -22.92532121080518], [-43.22581253821801, -22.925362712718993]]]}, "properties": {"camada": "SSDMT", "COD_ID": "764276182", "CTMT": "RCP9882", "COMP": 6.25, "TIP_CND": "105925011_11_3", "energizado": true, "fonte": "RCP9882"}}, {"type": "Feature", "geometry": {"type": "MultiLineString", "coordinates": [[[-43.22617655860125, -22.926331868920556], [-43.22596034089696, -22.926464909228116]]]}, "properties": {"camada": "SSDMT", "COD_ID": "131881863", "CTMT": "RCP9882", "COMP": 27.69, "TIP_CND": "105925010_11_3", "energizado": true, "fonte": "RCP9882"}}, {"type": "Feature", "geometry": {"type": "MultiLineString", "coordinates": [[[-43.226625435415485, -22.92630076406897], [-43.2267407671726, -22.92642848128935]]]}, "properties": {"camada": "SSDMT", "COD_ID": "131881769", "CTMT": "RCP9882", "COMP": 19.18, "TIP_CND": "105925011_11_3", "energizado": true, "fonte": "RCP9882"}}, {"type": "Feature", "geometry": {"type": "MultiLineString", "coordinates": [[[-43.226766841216715, -22.92667259776215], [-43.22660746786033, -22.92693270238226]]]}, "properties": {"camada": "SSDMT", "COD_ID": "11130776", "CTMT": "RCP9882", "COMP": 34.45, "TIP_CND": "105925010_11_3", "energizado": true, "fonte": "RCP9882"}}, {"type": "Feature", "geometry": {"type": "MultiLineString", "coordinates": [[[-43.22640248898364, -22.92603362315316], [-43.226541666264836, -22.926194477692945]]]}, "properties": {"camada": "SSDMT", "COD_ID": "11130746", "CTMT": "RCP9882", "COMP": 23.74, "TIP_CND": "105925011_11_3", "energizado": true, "fonte": "RCP9882"}}, {"type": "Feature", "geometry": {"type": "MultiLineString", "coordinates": [[[-43.226193235629296, -22.92579925263334], [-43.22620676143288, -22.925786246637927]]]}, "properties": {"camada": "SSDMT", "COD_ID": "346911666", "CTMT": "RCP9882", "COMP": 2.08, "TIP_CND": "105925006_13_3", "energizado": true, "fonte": "RCP9882"}}, {"type": "Feature", "geometry": {"type": "MultiLineString", "coordinates": [[[-43.226193235629296, -22.92579925263334], [-43.22626053189799, -22.925872249704526]]]}, "properties": {"camada": "SSDMT", "COD_ID": "11130734", "CTMT": "RCP9882", "COMP": 11.06, "TIP_CND": "105925011_11_3", "energizado": true, "fonte": "RCP9882"}}, {"type": "Feature", "geometry": {"type": "MultiLineString", "coordinates": [[[-43.2267407671726, -22.92642848128935], [-43.22689426975472, -22.926619838134968]]]}, "properties": {"camada": "SSDMT", "COD_ID": "131881763", "CTMT": "RCP9882", "COMP": 27.46, "TIP_CND": "105925011_11_3", "energizado": true, "fonte": "RCP9882"}}, {"type": "Feature", "geometry": {"type": "MultiLineString", "coordinates": [[[-43.226481144589116, -22.926201729825948], [-43.226316335730246, -22.92624267416005]]]}, "properties": {"camada": "SSDMT", "COD_ID": "11130764", "CTMT": "RCP9882", "COMP": 18.2, "TIP_CND": "105925010_11_3", "energizado": true, "fonte": "RCP9882"}}, {"type": "Feature", "geometry": {"type": "MultiLineString", "coordinates": [[[-43.22576478961332, -22.925307733565035], [-43.22577002546626, -22.925312135746424]]]}, "properties": {"camada": "SSDMT", "COD_ID": "346936241", "CTMT": "RCP9882", "COMP": 0.75, "TIP_CND": "105925011_11_3", "energizado": true, "fonte": "RCP9882"}}, {"type": "Feature", "geometry": {"type": "MultiLineString", "coordinates": [[[-43.22626053189799, -22.925872249704526], [-43.22640248898364, -22.92603362315316]]]}, "properties": {"camada": "SSDMT", "COD_ID": "346911912", "CTMT": "RCP9882", "COMP": 23.97, "TIP_CND": "105925011_11_3", "energizado": true, "fonte": "RCP9882"}}, {"type": "Feature", "geometry": {"type": "MultiLineString", "coordinates": [[[-43.225685276953925, -22.925308216500923], [-43.22566601347569, -22.925424269514394]]]}, "properties": {"camada": "SSDMT", "COD_ID": "28329416", "CTMT": "RCP9882", "COMP": 13.52, "TIP_CND": "105925011_11_3", "energizado": true, "fonte": "RCP9882"}}, {"type": "Feature", "geometry": {"type": "MultiLineString", "coordinates": [[[-43.22712324254354, -22.926883209092807], [-43.22714466799198, -22.92695473577237]]]}, "properties": {"camada": "SSDMT", "COD_ID": "11130806", "CTMT": "RCP9882", "COMP": 8.55, "TIP_CND": "105924962_34_3", "energizado": true, "fonte": "RCP9882"}}, {"type": "Feature", "geometry": {"type": "MultiLineString", "coordinates": [[[-43.22581253821801, -22.925362712718993], [-43.22585765540646, -22.92541161155657]]]}, "properties": {"camada": "SSDMT", "COD_ID": "28329410", "CTMT": "RCP9882", "COMP": 7.41, "TIP_CND": "105925011_11_3", "energizado": true, "fonte": "RCP9882"}}, {"type": "Feature", "geometry": {"type": "MultiLineString", "coordinates": [[[-43.226541666264836, -22.926194477692945], [-43.22651916162994, -22.92619697151298]]]}, "properties": {"camada": "SSDMT", "COD_ID": "346911648", "CTMT": "RCP9882", "COMP": 2.42, "TIP_CND": "105925010_11_3", "energizado": true, "fonte": "RCP9882"}}, {"type": "Feature", "geometry": {"type": "MultiLineString", "coordinates": [[[-43.226505070152825, -22.926198719795025], [-43.22649401568623, -22.926200112844867]]]}, "properties": {"camada": "SSDMT", "COD_ID": "346911624", "CTMT": "RCP9882", "COMP": 1.19, "TIP_CND": "105925010_11_3", "energizado": true, "fonte": "RCP9882"}}, {"type": "Feature", "geometry": {"type": "MultiLineString", "coordinates": [[[-43.226867567983845, -22.926630891702246], [-43.226766841216715, -22.92667259776215]]]}, "properties": {"camada": "SSDMT", "COD_ID": "77996271", "CTMT": "RCP9882", "COMP": 11.77, "TIP_CND": "105925010_11_3", "energizado": true, "fonte": "RCP9882"}}, {"type": "Feature", "geometry": {"type": "MultiLineString", "coordinates": [[[-43.22577485032906, -22.92532121080518], [-43.22569336275842, -22.925257031586682]]]}, "properties": {"camada": "SSDMT", "COD_ID": "346911900", "CTMT": "RCP9882", "COMP": 11.41, "TIP_CND": "105925011_11_3", "energizado": true, "fonte": "RCP9882"}}, {"type": "Feature", "geometry": {"type": "MultiLineString", "coordinates": [[[-43.22568911256246, -22.92528544836472], [-43.22568789488042, -22.925292848885817]]]}, "properties": {"camada": "SSDMT", "COD_ID": "346911672", "CTMT": "RCP9882", "COMP": 0.86, "TIP_CND": "105925011_11_3", "energizado": true, "fonte": "RCP9882"}}, {"type": "Feature", "geometry": {"type": "MultiLineString", "coordinates": [[[-43.22585765540646, -22.92541161155657], [-43.225920375025225, -22.92548110756701]]]}, "properties": {"camada": "SSDMT", "COD_ID": "764649765", "CTMT": "RCP9882", "COMP": 10.43, "TIP_CND": "105925011_11_3", "energizado": true, "fonte": "RCP9882"}}, {"type": "Feature", "geometry": {"type": "MultiLineString", "coordinates": [[[-43.22569336275842, -22.925257031586682], [-43.22569052000148, -22.925276957865265]]]}, "properties": {"camada": "SSDMT", "COD_ID": "346912260", "CTMT": "RCP9882", "COMP": 2.31, "TIP_CND": "105925011_11_3", "energizado": true, "fonte": "RCP9882"}}, {"type": "Feature", "geometry": {"type": "MultiLineString", "coordinates": [[[-43.225920375025225, -22.92548110756701], [-43.22606839174284, -22.925653368208316]]]}, "properties": {"camada": "SSDMT", "COD_ID": "11615458", "CTMT": "RCP9882", "COMP": 25.36, "TIP_CND": "105925011_11_3", "energizado": true, "fonte": "RCP9882"}}, {"type": "Feature", "geometry": {"type": "MultiLineString", "coordinates": [[[-43.225920375025225, -22.92548110756701], [-43.2259137937865, -22.925487897448477]]]}, "properties": {"camada": "SSDMT", "COD_ID": "663431588", "CTMT": "RCP9882", "COMP": 1.05, "TIP_CND": "105925010_11_3", "energizado": true, "fonte": "RCP9882"}}, {"type": "Feature", "geometry": {"type": "MultiLineString", "coordinates": [[[-43.22590295785517, -22.92549950679677], [-43.22587140963782, -22.925533922052807]]]}, "properties": {"camada": "SSDMT", "COD_ID": "663431598", "CTMT": "RCP9882", "COMP": 5.2, "TIP_CND": "105925010_11_3", "energizado": true, "fonte": "RCP9882"}}, {"type": "Feature", "geometry": {"type": "MultiLineString", "coordinates": [[[-43.225769382451006, -22.92493665620168], [-43.226197614428315, -22.924767714958023]]]}, "properties": {"camada": "SSDMT", "COD_ID": "12290347", "CTMT": "RCP9882", "COMP": 49.66, "TIP_CND": "105924993_35_3", "energizado": true, "fonte": "RCP9882"}}, {"type": "Feature", "geometry": {"type": "MultiLineString", "coordinates": [[[-43.226245691285555, -22.92474871048455], [-43.22651087078003, -22.92465134538321]]]}, "properties": {"camada": "SSDMT", "COD_ID": "11615794", "CTMT": "RCP9882", "COMP": 30.43, "TIP_CND": "105924993_35_3", "energizado": true, "fonte": "RCP9882"}}, {"type": "Feature", "geometry": {"type": "MultiLineString", "coordinates": [[[-43.226529650423004, -22.92463986913458], [-43.22653547353326, -22.924630660076843]]]}, "properties": {"camada": "SSDMT", "COD_ID": "67205544", "CTMT": "RCP9882", "COMP": 1.23, "TIP_CND": "105925022_15_3", "energizado": true, "fonte": "RCP9882"}}, {"type": "Feature", "geometry": {"type": "MultiLineString", "coordinates": [[[-43.226523019721526, -22.924645222798745], [-43.22652990762907, -22.924644080659732]]]}, "properties": {"camada": "SSDMT", "COD_ID": "11615998", "CTMT": "RCP9882", "COMP": 0.75, "TIP_CND": "105925022_15_3", "energizado": true, "fonte": "RCP9882"}}, {"type": "Feature", "geometry": {"type": "MultiLineString", "coordinates": [[[-43.22571320270208, -22.92498047656767], [-43.22570568976573, -22.924954682212785]]]}, "properties": {"camada": "SSDMT", "COD_ID": "11491724", "CTMT": "RCP9882", "COMP": 3.08, "TIP_CND": "105924969_35_3", "energizado": true, "fonte": "RCP9882"}}, {"type": "Feature", "geometry": {"type": "MultiLineString", "coordinates": [[[-43.22570568976573, -22.924954682212785], [-43.22575208758872, -22.92494110424849]]]}, "properties": {"camada": "SSDMT", "COD_ID": "12556120", "CTMT": "RCP9882", "COMP": 5.19, "TIP_CND": "105924969_35_3", "energizado": true, "fonte": "RCP9882"}}, {"type": "Feature", "geometry": {"type": "MultiLineString", "coordinates": [[[-43.22578813061767, -22.925147205479107], [-43.22578858297669, -22.92515818260398]]]}, "properties": {"camada": "SSDMT", "COD_ID": "11615212", "CTMT": "RCP9882", "COMP": 1.27, "TIP_CND": "105925022_15_3", "energizado": true, "fonte": "RCP9882"}}, {"type": "Feature", "geometry": {"type": "MultiLineString", "coordinates": [[[-43.22576178228036, -22.92493861222715], [-43.225769382451006, -22.92493665620168]]]}, "properties": {"camada": "SSDMT", "COD_ID": "315369261", "CTMT": "RCP9882", "COMP": 0.84, "TIP_CND": "105924993_35_3", "energizado": true, "fonte": "RCP9882"}}, {"type": "Feature", "geometry": {"type": "MultiLineString", "coordinates": [[[-43.22575208758872, -22.92494110424849], [-43.22576178228036, -22.92493861222715]]]}, "properties": {"camada": "SSDMT", "COD_ID": "11615776", "CTMT": "RCP9882", "COMP": 1.07, "TIP_CND": "105924993_35_3", "energizado": true, "fonte": "RCP9882"}}, {"type": "Feature", "geometry": {"type": "MultiLineString", "coordinates": [[[-43.22578813061767, -22.925147205479107], [-43.225765999201485, -22.925124824051352]]]}, "properties": {"camada": "SSDMT", "COD_ID": "29568649", "CTMT": "RCP9882", "COMP": 3.5, "TIP_CND": "105924969_35_3", "energizado": true, "fonte": "RCP9882"}}, {"type": "Feature", "geometry": {"type": "MultiLineString", "coordinates": [[[-43.225639361167566, -22.924995517728917], [-43.22567732424909, -22.924985764581322]]]}, "properties": {"camada": "SSDMT", "COD_ID": "11615134", "CTMT": "RCP9882", "COMP": 4.2, "TIP_CND": "105924993_35_3", "energizado": true, "fonte": "RCP9882"}}, {"type": "Feature", "geometry": {"type": "MultiLineString", "coordinates": [[[-43.225783996434245, -22.925326388202222], [-43.22575793947726, -22.92530219374123]]]}, "properties": {"camada": "SSDMT", "COD_ID": "28328120", "CTMT": "RCP9882", "COMP": 3.94, "TIP_CND": "105925022_15_3", "energizado": true, "fonte": "RCP9882"}}, {"type": "Feature", "geometry": {"type": "MultiLineString", "coordinates": [[[-43.22578036946845, -22.92532113706079], [-43.225783996434245, -22.925326388202222]]]}, "properties": {"camada": "SSDMT", "COD_ID": "12054495", "CTMT": "RCP9882", "COMP": 0.72, "TIP_CND": "105925022_15_3", "energizado": true, "fonte": "RCP9882"}}, {"type": "Feature", "geometry": {"type": "MultiLineString", "coordinates": [[[-43.225680021315895, -22.92499282965531], [-43.2257655189635, -22.925125017405605]]]}, "properties": {"camada": "SSDMT", "COD_ID": "11615206", "CTMT": "RCP9882", "COMP": 17.75, "TIP_CND": "105924993_35_3", "energizado": true, "fonte": "RCP9882"}}, {"type": "Feature", "geometry": {"type": "MultiLineString", "coordinates": [[[-43.226523019721526, -22.924645222798745], [-43.226529650423004, -22.92463986913458]]]}, "properties": {"camada": "SSDMT", "COD_ID": "67205534", "CTMT": "RCP9882", "COMP": 0.94, "TIP_CND": "105925022_15_3", "energizado": true, "fonte": "RCP9882"}}, {"type": "Feature", "geometry": {"type": "MultiLineString", "coordinates": [[[-43.22563306861116, -22.924974839617107], [-43.225639361167566, -22.924995517728917]]]}, "properties": {"camada": "SSDMT", "COD_ID": "11491718", "CTMT": "RCP9882", "COMP": 2.47, "TIP_CND": "105924993_35_3", "energizado": true, "fonte": "RCP9882"}}, {"type": "Feature", "geometry": {"type": "MultiLineString", "coordinates": [[[-43.22557251905647, -22.924994842338037], [-43.22563306861116, -22.924974839617107]]]}, "properties": {"camada": "SSDMT", "COD_ID": "11615098", "CTMT": "RCP9882", "COMP": 6.86, "TIP_CND": "105924993_35_3", "energizado": true, "fonte": "RCP9882"}}, {"type": "Feature", "geometry": {"type": "MultiLineString", "coordinates": [[[-43.226197614428315, -22.924767714958023], [-43.2262248018331, -22.924757425814505]]]}, "properties": {"camada": "SSDMT", "COD_ID": "11615782", "CTMT": "RCP9882", "COMP": 3.13, "TIP_CND": "105924993_35_3", "energizado": true, "fonte": "RCP9882"}}, {"type": "Feature", "geometry": {"type": "MultiLineString", "coordinates": [[[-43.22578057721182, -22.92514029418919], [-43.22578813061767, -22.925147205479107]]]}, "properties": {"camada": "SSDMT", "COD_ID": "314655049", "CTMT": "RCP9882", "COMP": 1.13, "TIP_CND": "105924993_35_3", "energizado": true, "fonte": "RCP9882"}}, {"type": "Feature", "geometry": {"type": "MultiLineString", "coordinates": [[[-43.2262248018331, -22.924757425814505], [-43.22623956690245, -22.924751098184572]]]}, "properties": {"camada": "SSDMT", "COD_ID": "11615788", "CTMT": "RCP9882", "COMP": 1.74, "TIP_CND": "105924993_35_3", "energizado": true, "fonte": "RCP9882"}}, {"type": "Feature", "geometry": {"type": "MultiLineString", "coordinates": [[[-43.22651087078003, -22.92465134538321], [-43.226523019721526, -22.924645222798745]]]}, "properties": {"camada": "SSDMT", "COD_ID": "11615896", "CTMT": "RCP9882", "COMP": 1.48, "TIP_CND": "105924993_35_3", "energizado": true, "fonte": "RCP9882"}}, {"type": "Feature", "geometry": {"type": "MultiLineString", "coordinates": [[[-43.2257655189635, -22.925125017405605], [-43.22578057721182, -22.92514029418919]]]}, "properties": {"camada": "SSDMT", "COD_ID": "11443992", "CTMT": "RCP9882", "COMP": 2.38, "TIP_CND": "105924993_35_3", "energizado": true, "fonte": "RCP9882"}}, {"type": "Feature", "geometry": {"type": "MultiLineString", "coordinates": [[[-43.22578858297669, -22.92515818260398], [-43.22578036946845, -22.92532113706079]]]}, "properties": {"camada": "SSDMT", "COD_ID": "11615218", "CTMT": "RCP9882", "COMP": 18.79, "TIP_CND": "105925022_15_3", "energizado": true, "fonte": "RCP9882"}}, {"type": "Feature", "geometry": {"type": "MultiLineString", "coordinates": [[[-43.225765999201485, -22.925124824051352], [-43.22568037385014, -22.92499268846177]]]}, "properties": {"camada": "SSDMT", "COD_ID": "29568643", "CTMT": "RCP9882", "COMP": 17.75, "TIP_CND": "105924969_35_3", "energizado": true, "fonte": "RCP9882"}}, {"type": "Feature", "geometry": {"type": "MultiLineString", "coordinates": [[[-43.2256937170913, -22.924985469603712], [-43.22571320270208, -22.92498047656767]]]}, "properties": {"camada": "SSDMT", "COD_ID": "29568625", "CTMT": "RCP9882", "COMP": 2.16, "TIP_CND": "105924969_35_3", "energizado": true, "fonte": "RCP9882"}}, {"type": "Feature", "geometry": {"type": "MultiLineString", "coordinates": [[[-43.2256791966376, -22.92498948777461], [-43.2256937170913, -22.924985469603712]]]}, "properties": {"camada": "SSDMT", "COD_ID": "29568631", "CTMT": "RCP9882", "COMP": 1.62, "TIP_CND": "105924969_35_3", "energizado": true, "fonte": "RCP9882"}}, {"type": "Feature", "geometry": {"type": "MultiLineString", "coordinates": [[[-43.22623956690245, -22.924751098184572], [-43.226245691285555, -22.92474871048455]]]}, "properties": {"camada": "SSDMT", "COD_ID": "29568671", "CTMT": "RCP9882", "COMP": 0.71, "TIP_CND": "105924993_35_3", "energizado": true, "fonte": "RCP9882"}}, {"type": "Feature", "geometry": {"type": "MultiLineString", "coordinates": [[[-43.22567732424909, -22.924985764581322], [-43.225680021315895, -22.92499282965531]]]}, "properties": {"camada": "SSDMT", "COD_ID": "11615200", "CTMT": "RCP9882", "COMP": 0.86, "TIP_CND": "105924993_35_3", "energizado": true, "fonte": "RCP9882"}}, {"type": "Feature", "geometry": {"type": "MultiLineString", "coordinates": [[[-43.22568037385014, -22.92499268846177], [-43.2256791966376, -22.92498948777461]]]}, "properties": {"camada": "SSDMT", "COD_ID": "29568637", "CTMT": "RCP9882", "COMP": 0.39, "TIP_CND": "105924969_35_3", "energizado": true, "fonte": "RCP9882"}}, {"type": "Feature", "geometry": {"type": "MultiLineString", "coordinates": [[[-43.22655096795279, -22.924272799150287], [-43.22655056415715, -22.924259636672843]]]}, "properties": {"camada": "SSDMT", "COD_ID": "346911630", "CTMT": "RCP9882", "COMP": 1.52, "TIP_CND": "105925006_13_3", "energizado": true, "fonte": "RCP9882"}}, {"type": "Feature", "geometry": {"type": "MultiLineString", "coordinates": [[[-43.22655205343449, -22.92330306468466], [-43.22655336644465, -22.92308513646981]]]}, "properties": {"camada": "SSDMT", "COD_ID": "67205720", "CTMT": "RCP9882", "COMP": 25.1, "TIP_CND": "105925006_13_3", "energizado": true, "fonte": "RCP9882"}}, {"type": "Feature", "geometry": {"type": "MultiLineString", "coordinates": [[[-43.2265541056874, -22.92403376834369], [-43.22655529279251, -22.92380223788291]]]}, "properties": {"camada": "SSDMT", "COD_ID": "67205687", "CTMT": "RCP9882", "COMP": 26.67, "TIP_CND": "105925006_13_3", "energizado": true, "fonte": "RCP9882"}}, {"type": "Feature", "geometry": {"type": "MultiLineString", "coordinates": [[[-43.22655056415715, -22.924259636672843], [-43.2265541056874, -22.92403376834369]]]}, "properties": {"camada": "SSDMT", "COD_ID": "67205672", "CTMT": "RCP9882", "COMP": 26.02, "TIP_CND": "105925006_13_3", "energizado": true, "fonte": "RCP9882"}}, {"type": "Feature", "geometry": {"type": "MultiLineString", "coordinates": [[[-43.226550033557146, -22.922209947730835], [-43.22655077190058, -22.92213441547085]]]}, "properties": {"camada": "SSDMT", "COD_ID": "12442159", "CTMT": "RCP9882", "COMP": 8.7, "TIP_CND": "105925010_11_3", "energizado": true, "fonte": "RCP9882"}}, {"type": "Feature", "geometry": {"type": "MultiLineString", "coordinates": [[[-43.227379909954834, -22.924234381011843], [-43.22746114031935, -22.924106882326726]]]}, "properties": {"camada": "SSDMT", "COD_ID": "62241553", "CTMT": "RCP9882", "COMP": 17.05, "TIP_CND": "105925028_34_3", "energizado": true, "fonte": "RCP9882"}}, {"type": "Feature", "geometry": {"type": "MultiLineString", "coordinates": [[[-43.22655529279251, -22.92380223788291], [-43.226552850233816, -22.92352221867543]]]}, "properties": {"camada": "SSDMT", "COD_ID": "67205702", "CTMT": "RCP9882", "COMP": 32.25, "TIP_CND": "105925006_13_3", "energizado": true, "fonte": "RCP9882"}}, {"type": "Feature", "geometry": {"type": "MultiLineString", "coordinates": [[[-43.22654729602084, -22.922498488914073], [-43.226550033557146, -22.922209947730835]]]}, "properties": {"camada": "SSDMT", "COD_ID": "12442153", "CTMT": "RCP9882", "COMP": 33.23, "TIP_CND": "105925010_11_3", "energizado": true, "fonte": "RCP9882"}}, {"type": "Feature", "geometry": {"type": "MultiLineString", "coordinates": [[[-43.226552735120606, -22.922813516930205], [-43.22654729602084, -22.922498488914073]]]}, "properties": {"camada": "SSDMT", "COD_ID": "67205751", "CTMT": "RCP9882", "COMP": 36.29, "TIP_CND": "105925006_13_3", "energizado": true, "fonte": "RCP9882"}}, {"type": "Feature", "geometry": {"type": "MultiLineString", "coordinates": [[[-43.226552850233816, -22.92352221867543], [-43.22655205343449, -22.92330306468466]]]}, "properties": {"camada": "SSDMT", "COD_ID": "346911888", "CTMT": "RCP9882", "COMP": 25.24, "TIP_CND": "105925006_13_3", "energizado": true, "fonte": "RCP9882"}}, {"type": "Feature", "geometry": {"type": "MultiLineString", "coordinates": [[[-43.22655336644465, -22.92308513646981], [-43.226552735120606, -22.922813516930205]]]}, "properties": {"camada": "SSDMT", "COD_ID": "67205735", "CTMT": "RCP9882", "COMP": 31.28, "TIP_CND": "105925006_13_3", "energizado": true, "fonte": "RCP9882"}}, {"type": "Feature", "geometry": {"type": "MultiLineString", "coordinates": [[[-43.22652990762907, -22.924644080659732], [-43.227169724902865, -22.924373911726605]]]}, "properties": {"camada": "SSDMT", "COD_ID": "11616004", "CTMT": "RCP9882", "COMP": 75.02, "TIP_CND": "105925022_15_3", "energizado": true, "fonte": "RCP9882"}}, {"type": "Feature", "geometry": {"type": "MultiLineString", "coordinates": [[[-43.227174171151034, -22.924371676012015], [-43.22717796808871, -22.924369813516023]]]}, "properties": {"camada": "SSDMT", "COD_ID": "62241617", "CTMT": "RCP9882", "COMP": 0.46, "TIP_CND": "105925022_15_3", "energizado": true, "fonte": "RCP9882"}}, {"type": "Feature", "geometry": {"type": "MultiLineString", "coordinates": [[[-43.22655613185998, -22.924491955839073], [-43.22655124134667, -22.924286284484424]]]}, "properties": {"camada": "SSDMT", "COD_ID": "67205521", "CTMT": "RCP9882", "COMP": 23.69, "TIP_CND": "105925022_15_3", "energizado": true, "fonte": "RCP9882"}}, {"type": "Feature", "geometry": {"type": "MultiLineString", "coordinates": [[[-43.226555355745006, -22.924502151453055], [-43.22655613185998, -22.924491955839073]]]}, "properties": {"camada": "SSDMT", "COD_ID": "67205564", "CTMT": "RCP9882", "COMP": 1.18, "TIP_CND": "105925022_15_3", "energizado": true, "fonte": "RCP9882"}}, {"type": "Feature", "geometry": {"type": "MultiLineString", "coordinates": [[[-43.22737323788459, -22.924242902987544], [-43.227375666953435, -22.924239796729182]]]}, "properties": {"camada": "SSDMT", "COD_ID": "62241601", "CTMT": "RCP9882", "COMP": 0.44, "TIP_CND": "105924993_35_3", "energizado": true, "fonte": "RCP9882"}}, {"type": "Feature", "geometry": {"type": "MultiLineString", "coordinates": [[[-43.22717796808871, -22.924369813516023], [-43.227369780890626, -22.924245564980822]]]}, "properties": {"camada": "SSDMT", "COD_ID": "11616016", "CTMT": "RCP9882", "COMP": 24.97, "TIP_CND": "105924993_35_3", "energizado": true, "fonte": "RCP9882"}}, {"type": "Feature", "geometry": {"type": "MultiLineString", "coordinates": [[[-43.22653547353326, -22.924630660076843], [-43.226555355745006, -22.924502151453055]]]}, "properties": {"camada": "SSDMT", "COD_ID": "67205554", "CTMT": "RCP9882", "COMP": 14.95, "TIP_CND": "105925022_15_3", "energizado": true, "fonte": "RCP9882"}}, {"type": "Feature", "geometry": {"type": "MultiLineString", "coordinates": [[[-43.227375666953435, -22.924239796729182], [-43.227379909954834, -22.924234381011843]]]}, "properties": {"camada": "SSDMT", "COD_ID": "62241588", "CTMT": "RCP9882", "COMP": 0.77, "TIP_CND": "105924993_35_3", "energizado": true, "fonte": "RCP9882"}}, {"type": "Feature", "geometry": {"type": "MultiLineString", "coordinates": [[[-43.227369780890626, -22.924245564980822], [-43.22737323788459, -22.924242902987544]]]}, "properties": {"camada": "SSDMT", "COD_ID": "11616046", "CTMT": "RCP9882", "COMP": 0.48, "TIP_CND": "105924993_35_3", "energizado": true, "fonte": "RCP9882"}}, {"type": "Feature", "geometry": {"type": "MultiLineString", "coordinates": [[[-43.227169724902865, -22.924373911726605], [-43.227174171151034, -22.924371676012015]]]}, "properties": {"camada": "SSDMT", "COD_ID": "11616010", "CTMT": "RCP9882", "COMP": 0.54, "TIP_CND": "105925022_15_3", "energizado": true, "fonte": "RCP9882"}}, {"type": "Feature", "geometry": {"type": "MultiLineString", "coordinates": [[[-43.22655077190058, -22.92213441547085], [-43.226553824199584, -22.922015887523173]]]}, "properties": {"camada": "SSDMT", "COD_ID": "106736213", "CTMT": "RCP9882", "COMP": 13.66, "TIP_CND": "105925010_11_3", "energizado": true, "fonte": "RCP9882"}}, {"type": "Feature", "geometry": {"type": "MultiLineString", "coordinates": [[[-43.22566601347569, -22.925424269514394], [-43.22551163135665, -22.925742098019384]]]}, "properties": {"camada": "SSDMT", "COD_ID": "28329290", "CTMT": "RCP9882", "COMP": 40.14, "TIP_CND": "105925006_13_3", "energizado": true, "fonte": "RCP9882"}}, {"type": "Feature", "geometry": {"type": "MultiLineString", "coordinates": [[[-43.22551163135665, -22.925742098019384], [-43.22535516460914, -22.926064255860695]]]}, "properties": {"camada": "SSDMT", "COD_ID": "346911906", "CTMT": "RCP9882", "COMP": 40.69, "TIP_CND": "105925006_13_3", "energizado": true, "fonte": "RCP9882"}}, {"type": "Feature", "geometry": {"type": "MultiLineString", "coordinates": [[[-43.22535516460914, -22.926064255860695], [-43.22510706593829, -22.92644974845706]]]}, "properties": {"camada": "SSDMT", "COD_ID": "107444539", "CTMT": "RCP9882", "COMP": 51.69, "TIP_CND": "105925006_13_3", "energizado": true, "fonte": "RCP9882"}}, {"type": "Feature", "geometry": {"type": "MultiLineString", "coordinates": [[[-43.22258131007936, -22.924979918988015], [-43.22273278109293, -22.92460083406121]]]}, "properties": {"camada": "SSDMT", "COD_ID": "300859286", "CTMT": "RCP9882", "COMP": 46.56, "TIP_CND": "105924969_35_3", "energizado": true, "fonte": "RCP9882"}}, {"type": "Feature", "geometry": {"type": "MultiLineString", "coordinates": [[[-43.22231676910354, -22.925546420830585], [-43.22231458195233, -22.925551145868667]]]}, "properties": {"camada": "SSDMT", "COD_ID": "11614162", "CTMT": "RCP9882", "COMP": 0.59, "TIP_CND": "105925022_15_3", "energizado": true, "fonte": "RCP9882"}}, {"type": "Feature", "geometry": {"type": "MultiLineString", "coordinates": [[[-43.222323049968736, -22.92553946547389], [-43.22257603915284, -22.92499158139634]]]}, "properties": {"camada": "SSDMT", "COD_ID": "11614174", "CTMT": "RCP9882", "COMP": 68.63, "TIP_CND": "105924969_35_3", "energizado": true, "fonte": "RCP9882"}}, {"type": "Feature", "geometry": {"type": "MultiLineString", "coordinates": [[[-43.2255550407325, -22.924996922469973], [-43.22556365533836, -22.92499569129808]]]}, "properties": {"camada": "SSDMT", "COD_ID": "314654942", "CTMT": "RCP9882", "COMP": 0.93, "TIP_CND": "105924993_35_3", "energizado": true, "fonte": "RCP9882"}}, {"type": "Feature", "geometry": {"type": "MultiLineString", "coordinates": [[[-43.22499443034866, -22.924912763013538], [-43.22523441803395, -22.925021447881477]]]}, "properties": {"camada": "SSDMT", "COD_ID": "12540862", "CTMT": "RCP9882", "COMP": 28.5, "TIP_CND": "105925022_15_3", "energizado": true, "fonte": "RCP9882"}}, {"type": "Feature", "geometry": {"type": "MultiLineString", "coordinates": [[[-43.22273278109293, -22.92460083406121], [-43.22273625517397, -22.924592366044806]]]}, "properties": {"camada": "SSDMT", "COD_ID": "300859280", "CTMT": "RCP9882", "COMP": 1.04, "TIP_CND": "105924969_35_3", "energizado": true, "fonte": "RCP9882"}}, {"type": "Feature", "geometry": {"type": "MultiLineString", "coordinates": [[[-43.225524053692084, -22.925001651105276], [-43.22554629122834, -22.924997980072703]]]}, "properties": {"camada": "SSDMT", "COD_ID": "11615092", "CTMT": "RCP9882", "COMP": 2.41, "TIP_CND": "105924993_35_3", "energizado": true, "fonte": "RCP9882"}}, {"type": "Feature", "geometry": {"type": "MultiLineString", "coordinates": [[[-43.224430080583716, -22.92458644221051], [-43.22499443034866, -22.924912763013538]]]}, "properties": {"camada": "SSDMT", "COD_ID": "11615080", "CTMT": "RCP9882", "COMP": 70.97, "TIP_CND": "105925022_15_3", "energizado": true, "fonte": "RCP9882"}}, {"type": "Feature", "geometry": {"type": "MultiLineString", "coordinates": [[[-43.22556365533836, -22.92499569129808], [-43.22557251905647, -22.924994842338037]]]}, "properties": {"camada": "SSDMT", "COD_ID": "314654952", "CTMT": "RCP9882", "COMP": 0.95, "TIP_CND": "105924993_35_3", "energizado": true, "fonte": "RCP9882"}}, {"type": "Feature", "geometry": {"type": "MultiLineString", "coordinates": [[[-43.22257603915284, -22.92499158139634], [-43.22257688271691, -22.924991933930585]]]}, "properties": {"camada": "SSDMT", "COD_ID": "128785897", "CTMT": "RCP9882", "COMP": 0.1, "TIP_CND": "105924969_35_3", "energizado": true, "fonte": "RCP9882"}}, {"type": "Feature", "geometry": {"type": "MultiLineString", "coordinates": [[[-43.22257688271691, -22.924991933930585], [-43.22258198906752, -22.9249801698989]]]}, "properties": {"camada": "SSDMT", "COD_ID": "11614198", "CTMT": "RCP9882", "COMP": 1.46, "TIP_CND": "105924969_35_3", "energizado": true, "fonte": "RCP9882"}}, {"type": "Feature", "geometry": {"type": "MultiLineString", "coordinates": [[[-43.22273625517397, -22.924592366044806], [-43.22273934164724, -22.92458520294474]]]}, "properties": {"camada": "SSDMT", "COD_ID": "300859273", "CTMT": "RCP9882", "COMP": 0.89, "TIP_CND": "105925022_15_3", "energizado": true, "fonte": "RCP9882"}}, {"type": "Feature", "geometry": {"type": "MultiLineString", "coordinates": [[[-43.22523441803395, -22.925021447881477], [-43.225256033239305, -22.925052836019518]]]}, "properties": {"camada": "SSDMT", "COD_ID": "12541522", "CTMT": "RCP9882", "COMP": 4.29, "TIP_CND": "105925022_15_3", "energizado": true, "fonte": "RCP9882"}}, {"type": "Feature", "geometry": {"type": "MultiLineString", "coordinates": [[[-43.221950790896244, -22.92537426990657], [-43.22231676910354, -22.925546420830585]]]}, "properties": {"camada": "SSDMT", "COD_ID": "12419907", "CTMT": "RCP9882", "COMP": 43.79, "TIP_CND": "105925022_15_3", "energizado": true, "fonte": "RCP9882"}}, {"type": "Feature", "geometry": {"type": "MultiLineString", "coordinates": [[[-43.22231458195233, -22.925551145868667], [-43.22231711354391, -22.925552149512043]]]}, "properties": {"camada": "SSDMT", "COD_ID": "11614168", "CTMT": "RCP9882", "COMP": 0.29, "TIP_CND": "105925022_15_3", "energizado": true, "fonte": "RCP9882"}}, {"type": "Feature", "geometry": {"type": "MultiLineString", "coordinates": [[[-43.22231711354391, -22.925552149512043], [-43.222322039130745, -22.925541504237003]]]}, "properties": {"camada": "SSDMT", "COD_ID": "127575317", "CTMT": "RCP9882", "COMP": 1.33, "TIP_CND": "105925022_15_3", "energizado": true, "fonte": "RCP9882"}}, {"type": "Feature", "geometry": {"type": "MultiLineString", "coordinates": [[[-43.22554629122834, -22.924997980072703], [-43.2255550407325, -22.924996922469973]]]}, "properties": {"camada": "SSDMT", "COD_ID": "138644814", "CTMT": "RCP9882", "COMP": 0.94, "TIP_CND": "105924993_35_3", "energizado": true, "fonte": "RCP9882"}}, {"type": "Feature", "geometry": {"type": "MultiLineString", "coordinates": [[[-43.22528605890443, -22.925025268201523], [-43.225524053692084, -22.925001651105276]]]}, "properties": {"camada": "SSDMT", "COD_ID": "11615086", "CTMT": "RCP9882", "COMP": 25.54, "TIP_CND": "105924993_35_3", "energizado": true, "fonte": "RCP9882"}}, {"type": "Feature", "geometry": {"type": "MultiLineString", "coordinates": [[[-43.22440082473821, -22.92456308681693], [-43.224430080583716, -22.92458644221051]]]}, "properties": {"camada": "SSDMT", "COD_ID": "11615074", "CTMT": "RCP9882", "COMP": 4.12, "TIP_CND": "105925022_15_3", "energizado": true, "fonte": "RCP9882"}}, {"type": "Feature", "geometry": {"type": "MultiLineString", "coordinates": [[[-43.22258198906752, -22.9249801698989], [-43.22258131007936, -22.924979918988015]]]}, "properties": {"camada": "SSDMT", "COD_ID": "128786136", "CTMT": "RCP9882", "COMP": 0.08, "TIP_CND": "105924969_35_3", "energizado": true, "fonte": "RCP9882"}}, {"type": "Feature", "geometry": {"type": "MultiLineString", "coordinates": [[[-43.225256033239305, -22.925052836019518], [-43.22528605890443, -22.925025268201523]]]}, "properties": {"camada": "SSDMT", "COD_ID": "314653231", "CTMT": "RCP9882", "COMP": 4.51, "TIP_CND": "105924993_35_3", "energizado": true, "fonte": "RCP9882"}}, {"type": "Feature", "geometry": {"type": "MultiLineString", "coordinates": [[[-43.222322039130745, -22.925541504237003], [-43.222323049968736, -22.92553946547389]]]}, "properties": {"camada": "SSDMT", "COD_ID": "128785742", "CTMT": "RCP9882", "COMP": 0.26, "TIP_CND": "105925022_15_3", "energizado": true, "fonte": "RCP9882"}}, {"type": "Feature", "geometry": {"type": "MultiLineString", "coordinates": [[[-43.223707004974244, -22.92383504425186], [-43.223716676283516, -22.92384327124995]]]}, "properties": {"camada": "SSDMT", "COD_ID": "11614360", "CTMT": "RCP9882", "COMP": 1.4, "TIP_CND": "105925022_15_3", "energizado": true, "fonte": "RCP9882"}}, {"type": "Feature", "geometry": {"type": "MultiLineString", "coordinates": [[[-43.224241055680125, -22.924313645458312], [-43.224236703860754, -22.92429667345266]]]}, "properties": {"camada": "SSDMT", "COD_ID": "11616112", "CTMT": "RCP9882", "COMP": 2.01, "TIP_CND": "105925023_35_3", "energizado": true, "fonte": "RCP9882"}}, {"type": "Feature", "geometry": {"type": "MultiLineString", "coordinates": [[[-43.222869254112766, -22.924328276528684], [-43.22317237780294, -22.923642740420064]]]}, "properties": {"camada": "SSDMT", "COD_ID": "11614270", "CTMT": "RCP9882", "COMP": 85.32, "TIP_CND": "105925022_15_3", "energizado": true, "fonte": "RCP9882"}}, {"type": "Feature", "geometry": {"type": "MultiLineString", "coordinates": [[[-43.224386384324134, -22.924532546739613], [-43.2243935339344, -22.924553965892756]]]}, "properties": {"camada": "SSDMT", "COD_ID": "11615062", "CTMT": "RCP9882", "COMP": 2.58, "TIP_CND": "105925022_15_3", "energizado": true, "fonte": "RCP9882"}}, {"type": "Feature", "geometry": {"type": "MultiLineString", "coordinates": [[[-43.224381404777944, -22.92445223638157], [-43.224293236143865, -22.924356862379227]]]}, "properties": {"camada": "SSDMT", "COD_ID": "11614480", "CTMT": "RCP9882", "COMP": 14.46, "TIP_CND": "105925022_15_3", "energizado": true, "fonte": "RCP9882"}}, {"type": "Feature", "geometry": {"type": "MultiLineString", "coordinates": [[[-43.22441494949027, -22.92448161813212], [-43.224403046063685, -22.924499563204222]]]}, "properties": {"camada": "SSDMT", "COD_ID": "12540832", "CTMT": "RCP9882", "COMP": 2.43, "TIP_CND": "105925022_15_3", "energizado": true, "fonte": "RCP9882"}}, {"type": "Feature", "geometry": {"type": "MultiLineString", "coordinates": [[[-43.22273934164724, -22.92458520294474], [-43.222864071319805, -22.924339975809175]]]}, "properties": {"camada": "SSDMT", "COD_ID": "11614222", "CTMT": "RCP9882", "COMP": 31.22, "TIP_CND": "105925022_15_3", "energizado": true, "fonte": "RCP9882"}}, {"type": "Feature", "geometry": {"type": "MultiLineString", "coordinates": [[[-43.22369451788762, -22.923824438546944], [-43.223707004974244, -22.92383504425186]]]}, "properties": {"camada": "SSDMT", "COD_ID": "92810634", "CTMT": "RCP9882", "COMP": 1.81, "TIP_CND": "105925022_15_3", "energizado": true, "fonte": "RCP9882"}}, {"type": "Feature", "geometry": {"type": "MultiLineString", "coordinates": [[[-43.223176579435574, -22.923630054583327], [-43.223318550910335, -22.923485322189833]]]}, "properties": {"camada": "SSDMT", "COD_ID": "11614300", "CTMT": "RCP9882", "COMP": 22.52, "TIP_CND": "105925022_15_3", "energizado": true, "fonte": "RCP9882"}}, {"type": "Feature", "geometry": {"type": "MultiLineString", "coordinates": [[[-43.22286993310087, -22.924328537332087], [-43.222869254112766, -22.924328276528684]]]}, "properties": {"camada": "SSDMT", "COD_ID": "28328108", "CTMT": "RCP9882", "COMP": 0.08, "TIP_CND": "105925022_15_3", "energizado": true, "fonte": "RCP9882"}}, {"type": "Feature", "geometry": {"type": "MultiLineString", "coordinates": [[[-43.22440484470775, -22.924482714405713], [-43.22441494949027, -22.92448161813212]]]}, "properties": {"camada": "SSDMT", "COD_ID": "11614444", "CTMT": "RCP9882", "COMP": 1.09, "TIP_CND": "105925022_15_3", "energizado": true, "fonte": "RCP9882"}}, {"type": "Feature", "geometry": {"type": "MultiLineString", "coordinates": [[[-43.223716676283516, -22.92384327124995], [-43.224027870489806, -22.924111331272854]]]}, "properties": {"camada": "SSDMT", "COD_ID": "11614366", "CTMT": "RCP9882", "COMP": 45.34, "TIP_CND": "105925022_15_3", "energizado": true, "fonte": "RCP9882"}}, {"type": "Feature", "geometry": {"type": "MultiLineString", "coordinates": [[[-43.223318550910335, -22.923485322189833], [-43.223324432476545, -22.923492585114673]]]}, "properties": {"camada": "SSDMT", "COD_ID": "11614312", "CTMT": "RCP9882", "COMP": 1.05, "TIP_CND": "105925022_15_3", "energizado": true, "fonte": "RCP9882"}}, {"type": "Feature", "geometry": {"type": "MultiLineString", "coordinates": [[[-43.223324432476545, -22.923492585114673], [-43.22332631116029, -22.923491297285523]]]}, "properties": {"camada": "SSDMT", "COD_ID": "11614318", "CTMT": "RCP9882", "COMP": 0.25, "TIP_CND": "105924969_35_3", "energizado": true, "fonte": "RCP9882"}}, {"type": "Feature", "geometry": {"type": "MultiLineString", "coordinates": [[[-43.22332631116029, -22.923491297285523], [-43.22369451788762, -22.923824438546944]]]}, "properties": {"camada": "SSDMT", "COD_ID": "11615056", "CTMT": "RCP9882", "COMP": 54.91, "TIP_CND": "105924969_35_3", "energizado": true, "fonte": "RCP9882"}}, {"type": "Feature", "geometry": {"type": "MultiLineString", "coordinates": [[[-43.224403046063685, -22.924499563204222], [-43.224386384324134, -22.924532546739613]]]}, "properties": {"camada": "SSDMT", "COD_ID": "12309227", "CTMT": "RCP9882", "COMP": 4.19, "TIP_CND": "105925022_15_3", "energizado": true, "fonte": "RCP9882"}}, {"type": "Feature", "geometry": {"type": "MultiLineString", "coordinates": [[[-43.22441494949027, -22.92448161813212], [-43.224381404777944, -22.92445223638157]]]}, "properties": {"camada": "SSDMT", "COD_ID": "12941537", "CTMT": "RCP9882", "COMP": 4.93, "TIP_CND": "105925022_15_3", "energizado": true, "fonte": "RCP9882"}}, {"type": "Feature", "geometry": {"type": "MultiLineString", "coordinates": [[[-43.22425794764615, -22.92435581736703], [-43.22440484470775, -22.924482714405713]]]}, "properties": {"camada": "SSDMT", "COD_ID": "11614450", "CTMT": "RCP9882", "COMP": 21.43, "TIP_CND": "105925022_15_3", "energizado": true, "fonte": "RCP9882"}}, {"type": "Feature", "geometry": {"type": "MultiLineString", "coordinates": [[[-43.22428593454822, -22.92435304205918], [-43.22427812753352, -22.924345414009622]]]}, "properties": {"camada": "SSDMT", "COD_ID": "11614486", "CTMT": "RCP9882", "COMP": 1.21, "TIP_CND": "105925023_35_3", "energizado": true, "fonte": "RCP9882"}}, {"type": "Feature", "geometry": {"type": "MultiLineString", "coordinates": [[[-43.22317854805152, -22.923630853181294], [-43.223176579435574, -22.923630054583327]]]}, "properties": {"camada": "SSDMT", "COD_ID": "129043575", "CTMT": "RCP9882", "COMP": 0.23, "TIP_CND": "105925022_15_3", "energizado": true, "fonte": "RCP9882"}}, {"type": "Feature", "geometry": {"type": "MultiLineString", "coordinates": [[[-43.224027870489806, -22.924111331272854], [-43.22404136931368, -22.924122888460488]]]}, "properties": {"camada": "SSDMT", "COD_ID": "11614372", "CTMT": "RCP9882", "COMP": 1.96, "TIP_CND": "105925022_15_3", "energizado": true, "fonte": "RCP9882"}}, {"type": "Feature", "geometry": {"type": "MultiLineString", "coordinates": [[[-43.222864071319805, -22.924339975809175], [-43.22286480876386, -22.924340246505153]]]}, "properties": {"camada": "SSDMT", "COD_ID": "12420705", "CTMT": "RCP9882", "COMP": 0.08, "TIP_CND": "105925022_15_3", "energizado": true, "fonte": "RCP9882"}}, {"type": "Feature", "geometry": {"type": "MultiLineString", "coordinates": [[[-43.22404136931368, -22.924122888460488], [-43.22425794764615, -22.92435581736703]]]}, "properties": {"camada": "SSDMT", "COD_ID": "12301699", "CTMT": "RCP9882", "COMP": 35.41, "TIP_CND": "105925022_15_3", "energizado": true, "fonte": "RCP9882"}}, {"type": "Feature", "geometry": {"type": "MultiLineString", "coordinates": [[[-43.2243935339344, -22.924553965892756], [-43.22440082473821, -22.92456308681693]]]}, "properties": {"camada": "SSDMT", "COD_ID": "11615068", "CTMT": "RCP9882", "COMP": 1.31, "TIP_CND": "105925022_15_3", "energizado": true, "fonte": "RCP9882"}}, {"type": "Feature", "geometry": {"type": "MultiLineString", "coordinates": [[[-43.22317237780294, -22.923642740420064], [-43.22317302801281, -22.923643000324148]]]}, "properties": {"camada": "SSDMT", "COD_ID": "11614294", "CTMT": "RCP9882", "COMP": 0.08, "TIP_CND": "105925022_15_3", "energizado": true, "fonte": "RCP9882"}}, {"type": "Feature", "geometry": {"type": "MultiLineString", "coordinates": [[[-43.22427812753352, -22.924345414009622], [-43.224241055680125, -22.924313645458312]]]}, "properties": {"camada": "SSDMT", "COD_ID": "11614492", "CTMT": "RCP9882", "COMP": 5.39, "TIP_CND": "105925023_35_3", "energizado": true, "fonte": "RCP9882"}}, {"type": "Feature", "geometry": {"type": "MultiLineString", "coordinates": [[[-43.22286480876386, -22.924340246505153], [-43.22286993310087, -22.924328537332087]]]}, "properties": {"camada": "SSDMT", "COD_ID": "11614264", "CTMT": "RCP9882", "COMP": 1.46, "TIP_CND": "105925022_15_3", "energizado": true, "fonte": "RCP9882"}}, {"type": "Feature", "geometry": {"type": "MultiLineString", "coordinates": [[[-43.224293236143865, -22.924356862379227], [-43.22428593454822, -22.92435304205918]]]}, "properties": {"camada": "SSDMT", "COD_ID": "12400043", "CTMT": "RCP9882", "COMP": 0.89, "TIP_CND": "105925022_15_3", "energizado": true, "fonte": "RCP9882"}}, {"type": "Feature", "geometry": {"type": "MultiLineString", "coordinates": [[[-43.22317302801281, -22.923643000324148], [-43.22317854805152, -22.923630853181294]]]}, "properties": {"camada": "SSDMT", "COD_ID": "129001373", "CTMT": "RCP9882", "COMP": 1.52, "TIP_CND": "105925022_15_3", "energizado": true, "fonte": "RCP9882"}}, {"type": "Feature", "geometry": {"type": "MultiLineString", "coordinates": [[[-43.22195039249658, -22.92537496148526], [-43.221950790896244, -22.92537426990657]]]}, "properties": {"camada": "SSDMT", "COD_ID": "11614150", "CTMT": "RCP9882", "COMP": 0.09, "TIP_CND": "105925022_15_3", "energizado": true, "fonte": "RCP9882"}}, {"type": "Feature", "geometry": {"type": "MultiLineString", "coordinates": [[[-43.221944881451066, -22.925372181680814], [-43.22195039249658, -22.92537496148526]]]}, "properties": {"camada": "SSDMT", "COD_ID": "11614090", "CTMT": "RCP9882", "COMP": 0.67, "TIP_CND": "105924972_35_3", "energizado": true, "fonte": "RCP9882"}}, {"type": "Feature", "geometry": {"type": "MultiLineString", "coordinates": [[[-43.22192885912949, -22.925480909716157], [-43.221944881451066, -22.925372181680814]]]}, "properties": {"camada": "SSDMT", "COD_ID": "11614084", "CTMT": "RCP9882", "COMP": 12.64, "TIP_CND": "105924972_35_3", "energizado": true, "fonte": "RCP9882"}}, {"type": "Feature", "geometry": {"type": "MultiLineString", "coordinates": [[[-43.22164703588197, -22.925393415573637], [-43.221698442928755, -22.925379307908713]]]}, "properties": {"camada": "SSDMT", "COD_ID": "11613796", "CTMT": "RCP9882", "COMP": 5.72, "TIP_CND": "105925022_15_3", "energizado": true, "fonte": "RCP9882"}}, {"type": "Feature", "geometry": {"type": "MultiLineString", "coordinates": [[[-43.22192315472978, -22.925489975781716], [-43.22192885912949, -22.925480909716157]]]}, "properties": {"camada": "SSDMT", "COD_ID": "11614078", "CTMT": "RCP9882", "COMP": 1.21, "TIP_CND": "105924972_35_3", "energizado": true, "fonte": "RCP9882"}}, {"type": "Feature", "geometry": {"type": "MultiLineString", "coordinates": [[[-43.221754225177335, -22.925413174578296], [-43.221770372504636, -22.925421202826215]]]}, "properties": {"camada": "SSDMT", "COD_ID": "11614000", "CTMT": "RCP9882", "COMP": 1.96, "TIP_CND": "105924972_35_3", "energizado": true, "fonte": "RCP9882"}}, {"type": "Feature", "geometry": {"type": "MultiLineString", "coordinates": [[[-43.221771300604985, -22.925419605630225], [-43.22191840091341, -22.925487384834923]]]}, "properties": {"camada": "SSDMT", "COD_ID": "11614006", "CTMT": "RCP9882", "COMP": 17.53, "TIP_CND": "105924972_35_3", "energizado": true, "fonte": "RCP9882"}}, {"type": "Feature", "geometry": {"type": "MultiLineString", "coordinates": [[[-43.22170321113424, -22.92537999319211], [-43.22175517306272, -22.92541154140946]]]}, "properties": {"camada": "SSDMT", "COD_ID": "11613994", "CTMT": "RCP9882", "COMP": 6.63, "TIP_CND": "105924972_35_3", "energizado": true, "fonte": "RCP9882"}}, {"type": "Feature", "geometry": {"type": "MultiLineString", "coordinates": [[[-43.22157346594264, -22.92538008312431], [-43.22158101575121, -22.925366333389547]]]}, "properties": {"camada": "SSDMT", "COD_ID": "12320369", "CTMT": "RCP9882", "COMP": 1.78, "TIP_CND": "105925023_35_3", "energizado": true, "fonte": "RCP9882"}}, {"type": "Feature", "geometry": {"type": "MultiLineString", "coordinates": [[[-43.22175517306272, -22.92541154140946], [-43.221754225177335, -22.925413174578296]]]}, "properties": {"camada": "SSDMT", "COD_ID": "117299341", "CTMT": "RCP9882", "COMP": 0.21, "TIP_CND": "105924972_35_3", "energizado": true, "fonte": "RCP9882"}}, {"type": "Feature", "geometry": {"type": "MultiLineString", "coordinates": [[[-43.22158101575121, -22.925366333389547], [-43.22160589369702, -22.92537844186154]]]}, "properties": {"camada": "SSDMT", "COD_ID": "12320375", "CTMT": "RCP9882", "COMP": 3.0, "TIP_CND": "105925023_35_3", "energizado": true, "fonte": "RCP9882"}}, {"type": "Feature", "geometry": {"type": "MultiLineString", "coordinates": [[[-43.22191840091341, -22.925487384834923], [-43.22192315472978, -22.925489975781716]]]}, "properties": {"camada": "SSDMT", "COD_ID": "11614012", "CTMT": "RCP9882", "COMP": 0.59, "TIP_CND": "105924972_35_3", "energizado": true, "fonte": "RCP9882"}}, {"type": "Feature", "geometry": {"type": "MultiLineString", "coordinates": [[[-43.221770372504636, -22.925421202826215], [-43.221771300604985, -22.925419605630225]]]}, "properties": {"camada": "SSDMT", "COD_ID": "27297015", "CTMT": "RCP9882", "COMP": 0.21, "TIP_CND": "105924972_35_3", "energizado": true, "fonte": "RCP9882"}}, {"type": "Feature", "geometry": {"type": "MultiLineString", "coordinates": [[[-43.22160589369702, -22.92537844186154], [-43.22164000857947, -22.925395512792647]]]}, "properties": {"camada": "SSDMT", "COD_ID": "12567838", "CTMT": "RCP9882", "COMP": 4.14, "TIP_CND": "105925023_35_3", "energizado": true, "fonte": "RCP9882"}}, {"type": "Feature", "geometry": {"type": "MultiLineString", "coordinates": [[[-43.22170249257596, -22.92538125853821], [-43.22170321113424, -22.92537999319211]]]}, "properties": {"camada": "SSDMT", "COD_ID": "117299853", "CTMT": "RCP9882", "COMP": 0.16, "TIP_CND": "105924972_35_3", "energizado": true, "fonte": "RCP9882"}}, {"type": "Feature", "geometry": {"type": "MultiLineString", "coordinates": [[[-43.22157290746367, -22.925381070579874], [-43.22157346594264, -22.92538008312431]]]}, "properties": {"camada": "SSDMT", "COD_ID": "12320363", "CTMT": "RCP9882", "COMP": 0.13, "TIP_CND": "105925023_35_3", "energizado": true, "fonte": "RCP9882"}}, {"type": "Feature", "geometry": {"type": "MultiLineString", "coordinates": [[[-43.22164000857947, -22.925395512792647], [-43.22164703588197, -22.925393415573637]]]}, "properties": {"camada": "SSDMT", "COD_ID": "12552898", "CTMT": "RCP9882", "COMP": 0.79, "TIP_CND": "105925022_15_3", "energizado": true, "fonte": "RCP9882"}}, {"type": "Feature", "geometry": {"type": "MultiLineString", "coordinates": [[[-43.221698442928755, -22.925379307908713], [-43.22170249257596, -22.92538125853821]]]}, "properties": {"camada": "SSDMT", "COD_ID": "11613988", "CTMT": "RCP9882", "COMP": 0.49, "TIP_CND": "105925022_15_3", "energizado": true, "fonte": "RCP9882"}}, {"type": "Feature", "geometry": {"type": "MultiLineString", "coordinates": [[[-43.23824309883992, -22.916868312022928], [-43.238230296990594, -22.91687445529186]]]}, "properties": {"camada": "SSDMT", "COD_ID": "12448057", "CTMT": "ALC9946", "COMP": 1.54, "TIP_CND": "105924993_35_3", "energizado": true, "fonte": "ALC9946"}}, {"type": "Feature", "geometry": {"type": "MultiLineString", "coordinates": [[[-43.23833053362716, -22.91690691362311], [-43.23826474282356, -22.9168696816904]]]}, "properties": {"camada": "SSDMT", "COD_ID": "11319962", "CTMT": "ALC9946", "COMP": 8.23, "TIP_CND": "105924993_35_3", "energizado": true, "fonte": "ALC9946"}}, {"type": "Feature", "geometry": {"type": "MultiLineString", "coordinates": [[[-43.23793427524657, -22.917001327149478], [-43.23798439266557, -22.917176571741322]]]}, "properties": {"camada": "SSDMT", "COD_ID": "12437503", "CTMT": "ALC9946", "COMP": 20.88, "TIP_CND": "105924969_35_3", "energizado": true, "fonte": "ALC9946"}}, {"type": "Feature", "geometry": {"type": "MultiLineString", "coordinates": [[[-43.23833640620012, -22.91691645183272], [-43.23833939194935, -22.916912466037445]]]}, "properties": {"camada": "SSDMT", "COD_ID": "11314450", "CTMT": "ALC9946", "COMP": 0.56, "TIP_CND": "105924993_35_3", "energizado": true, "fonte": "ALC9946"}}, {"type": "Feature", "geometry": {"type": "MultiLineString", "coordinates": [[[-43.238230296990594, -22.91687445529186], [-43.23812150240536, -22.91689247410835]]]}, "properties": {"camada": "SSDMT", "COD_ID": "12437521", "CTMT": "ALC9946", "COMP": 11.79, "TIP_CND": "105924993_35_3", "energizado": true, "fonte": "ALC9946"}}, {"type": "Feature", "geometry": {"type": "MultiLineString", "coordinates": [[[-43.23798439266557, -22.917176571741322], [-43.23795355761058, -22.917271610296552]]]}, "properties": {"camada": "SSDMT", "COD_ID": "12491990", "CTMT": "ALC9946", "COMP": 11.43, "TIP_CND": "105924969_35_3", "energizado": true, "fonte": "ALC9946"}}, {"type": "Feature", "geometry": {"type": "MultiLineString", "coordinates": [[[-43.238028347030536, -22.91693597881232], [-43.23793427524657, -22.917001327149478]]]}, "properties": {"camada": "SSDMT", "COD_ID": "12437509", "CTMT": "ALC9946", "COMP": 12.54, "TIP_CND": "105924993_35_3", "energizado": true, "fonte": "ALC9946"}}, {"type": "Feature", "geometry": {"type": "MultiLineString", "coordinates": [[[-43.23824679685214, -22.916864262375782], [-43.23824309883992, -22.916868312022928]]]}, "properties": {"camada": "SSDMT", "COD_ID": "12448081", "CTMT": "ALC9946", "COMP": 0.61, "TIP_CND": "105924993_35_3", "energizado": true, "fonte": "ALC9946"}}, {"type": "Feature", "geometry": {"type": "MultiLineString", "coordinates": [[[-43.238330505748195, -22.91692574182946], [-43.23833640620012, -22.91691645183272]]]}, "properties": {"camada": "SSDMT", "COD_ID": "12442405", "CTMT": "ALC9946", "COMP": 1.24, "TIP_CND": "105924993_35_3", "energizado": true, "fonte": "ALC9946"}}, {"type": "Feature", "geometry": {"type": "MultiLineString", "coordinates": [[[-43.23812150240536, -22.91689247410835], [-43.238028347030536, -22.91693597881232]]]}, "properties": {"camada": "SSDMT", "COD_ID": "12437515", "CTMT": "ALC9946", "COMP": 11.13, "TIP_CND": "105924993_35_3", "energizado": true, "fonte": "ALC9946"}}, {"type": "Feature", "geometry": {"type": "MultiLineString", "coordinates": [[[-43.23795257465156, -22.91727604215555], [-43.2379511204478, -22.917281399416993]]]}, "properties": {"camada": "SSDMT", "COD_ID": "11319974", "CTMT": "ALC9946", "COMP": 0.64, "TIP_CND": "105924969_35_3", "energizado": true, "fonte": "ALC9946"}}, {"type": "Feature", "geometry": {"type": "MultiLineString", "coordinates": [[[-43.23819966428306, -22.917182672742115], [-43.238216183030374, -22.91715513280309]]]}, "properties": {"camada": "SSDMT", "COD_ID": "12297649", "CTMT": "ALC9946", "COMP": 3.63, "TIP_CND": "105924993_35_3", "energizado": true, "fonte": "ALC9946"}}, {"type": "Feature", "geometry": {"type": "MultiLineString", "coordinates": [[[-43.23804075677549, -22.91706507289473], [-43.23817459118442, -22.916845860448063]]]}, "properties": {"camada": "SSDMT", "COD_ID": "12437053", "CTMT": "ALC9946", "COMP": 29.01, "TIP_CND": "105924993_35_3", "energizado": true, "fonte": "ALC9946"}}, {"type": "Feature", "geometry": {"type": "MultiLineString", "coordinates": [[[-43.23795355761058, -22.917271610296552], [-43.23795257465156, -22.91727604215555]]]}, "properties": {"camada": "SSDMT", "COD_ID": "298768964", "CTMT": "ALC9946", "COMP": 0.52, "TIP_CND": "105924969_35_3", "energizado": true, "fonte": "ALC9946"}}, {"type": "Feature", "geometry": {"type": "MultiLineString", "coordinates": [[[-43.23833939194935, -22.916912466037445], [-43.23833053362716, -22.91690691362311]]]}, "properties": {"camada": "SSDMT", "COD_ID": "11319956", "CTMT": "ALC9946", "COMP": 1.14, "TIP_CND": "105924993_35_3", "energizado": true, "fonte": "ALC9946"}}, {"type": "Feature", "geometry": {"type": "MultiLineString", "coordinates": [[[-43.238216183030374, -22.91715513280309], [-43.23804075677549, -22.91706507289473]]]}, "properties": {"camada": "SSDMT", "COD_ID": "12437341", "CTMT": "ALC9946", "COMP": 21.4, "TIP_CND": "105924993_35_3", "energizado": true, "fonte": "ALC9946"}}, {"type": "Feature", "geometry": {"type": "MultiLineString", "coordinates": [[[-43.23826474282356, -22.9168696816904], [-43.23824979878913, -22.916860566162143]]]}, "properties": {"camada": "SSDMT", "COD_ID": "11319968", "CTMT": "ALC9946", "COMP": 1.91, "TIP_CND": "105924993_35_3", "energizado": true, "fonte": "ALC9946"}}, {"type": "Feature", "geometry": {"type": "MultiLineString", "coordinates": [[[-43.23817459118442, -22.916845860448063], [-43.238330505748195, -22.91692574182946]]]}, "properties": {"camada": "SSDMT", "COD_ID": "12442399", "CTMT": "ALC9946", "COMP": 19.01, "TIP_CND": "105924993_35_3", "energizado": true, "fonte": "ALC9946"}}, {"type": "Feature", "geometry": {"type": "MultiLineString", "coordinates": [[[-43.23824979878913, -22.916860566162143], [-43.23824679685214, -22.916864262375782]]]}, "properties": {"camada": "SSDMT", "COD_ID": "12491888", "CTMT": "ALC9946", "COMP": 0.53, "TIP_CND": "105924993_35_3", "energizado": true, "fonte": "ALC9946"}}, {"type": "Feature", "geometry": {"type": "MultiLineString", "coordinates": [[[-43.23807819555225, -22.917202185332542], [-43.238077792655986, -22.91721228561846]]]}, "properties": {"camada": "SSDMT", "COD_ID": "12749317", "CTMT": "ALC9925", "COMP": 1.16, "TIP_CND": "105924968_35_3", "energizado": false, "fonte": null}}, {"type": "Feature", "geometry": {"type": "MultiLineString", "coordinates": [[[-43.238077792655986, -22.91721228561846], [-43.23807837541665, -22.917291698453084]]]}, "properties": {"camada": "SSDMT", "COD_ID": "12749323", "CTMT": "ALC9925", "COMP": 9.15, "TIP_CND": "105924968_35_3", "energizado": false, "fonte": null}}, {"type": "Feature", "geometry": {"type": "MultiLineString", "coordinates": [[[-43.23817583494679, -22.917251628259976], [-43.23807819555225, -22.917202185332542]]]}, "properties": {"camada": "SSDMT", "COD_ID": "12437731", "CTMT": "ALC9925", "COMP": 11.87, "TIP_CND": "105924968_35_3", "energizado": false, "fonte": null}}, {"type": "Feature", "geometry": {"type": "MultiLineString", "coordinates": [[[-43.238181163429886, -22.917242142211023], [-43.23817583494679, -22.917251628259976]]]}, "properties": {"camada": "SSDMT", "COD_ID": "12435793", "CTMT": "ALC9925", "COMP": 1.23, "TIP_CND": "105924968_35_3", "energizado": false, "fonte": null}}, {"type": "Feature", "geometry": {"type": "Point", "coordinates": [-43.243712972475635, -22.936783675526158]}, "properties": {"camada": "UNSEMT", "COD_ID": "11006801", "CTMT": "URG29983", "PAC_1": "URG29983_MT_479655", "PAC_2": "URG29983_MT_479656", "normal": "NF", "aberta": false, "TLCD": false, "TIP_UNID": "19", "tie": false, "externa": false, "energizado": true, "fonte": "URG29983"}}, {"type": "Feature", "geometry": {"type": "Point", "coordinates": [-43.2436027434718, -22.935487701196394]}, "properties": {"camada": "UNSEMT", "COD_ID": "116255772", "CTMT": "URG29983", "PAC_1": "URG29983_MT_546759", "PAC_2": "URG29983_MT_546760", "normal": "NF", "aberta": false, "TLCD": false, "TIP_UNID": "19", "tie": false, "externa": false, "energizado": true, "fonte": "URG29983"}}, {"type": "Feature", "geometry": {"type": "Point", "coordinates": [-43.24459372891744, -22.936461072520444]}, "properties": {"camada": "UNSEMT", "COD_ID": "10926271", "CTMT": "URG29983", "PAC_1": "URG29983_MT_50724", "PAC_2": "URG29983_MT_50725", "normal": "NF", "aberta": false, "TLCD": true, "TIP_UNID": "29", "tie": false, "externa": false, "energizado": true, "fonte": "URG29983"}}, {"type": "Feature", "geometry": {"type": "Point", "coordinates": [-43.24293799878956, -22.936017333533073]}, "properties": {"camada": "UNSEMT", "COD_ID": "58123908", "CTMT": "URG29983", "PAC_1": "URG29983_MT_542608", "PAC_2": "URG29983_MT_542609", "normal": "NF", "aberta": false, "TLCD": false, "TIP_UNID": "22", "tie": false, "externa": false, "energizado": true, "fonte": "URG29983"}}, {"type": "Feature", "geometry": {"type": "Point", "coordinates": [-43.23395236680824, -22.934858399695372]}, "properties": {"camada": "UNSEMT", "COD_ID": "142144355", "CTMT": "URG29983", "PAC_1": "URG29983_MT_552048", "PAC_2": "URG29983_MT_552049", "normal": "NF", "aberta": false, "TLCD": false, "TIP_UNID": "22", "tie": false, "externa": false, "energizado": true, "fonte": "URG29983"}}, {"type": "Feature", "geometry": {"type": "Point", "coordinates": [-43.24389676062697, -22.93671505455609]}, "properties": {"camada": "UNSEMT", "COD_ID": "41424274", "CTMT": "URG29983", "PAC_1": "URG29983_MT_538730", "PAC_2": "URG29983_MT_538731", "normal": "NF", "aberta": false, "TLCD": false, "TIP_UNID": "22", "tie": false, "externa": false, "energizado": true, "fonte": "URG29983"}}, {"type": "Feature", "geometry": {"type": "Point", "coordinates": [-43.23339862184889, -22.925441004099014]}, "properties": {"camada": "UNSEMT", "COD_ID": "11026641", "CTMT": "RCP9882", "PAC_1": "RCP9882_MT_46369", "PAC_2": "RCP9882_MT_480948", "normal": "NF", "aberta": false, "TLCD": false, "TIP_UNID": "19", "tie": false, "externa": false, "energizado": true, "fonte": "RCP9882"}}, {"type": "Feature", "geometry": {"type": "Point", "coordinates": [-43.238295261317205, -22.91752006959547]}, "properties": {"camada": "UNSEMT", "COD_ID": "11136903", "CTMT": "ALC9946", "PAC_1": "ALC9946_MT_46107", "PAC_2": "ALC9946_MT_487559", "normal": "NF", "aberta": false, "TLCD": false, "TIP_UNID": "19", "tie": false, "externa": false, "energizado": true, "fonte": "ALC9946"}}, {"type": "Feature", "geometry": {"type": "Point", "coordinates": [-43.2416792563925, -22.932995924422357]}, "properties": {"camada": "UNSEMT", "COD_ID": "11006794", "CTMT": "URG29983", "PAC_1": "URG29983_MT_479653", "PAC_2": "URG29983_MT_479654", "normal": "NF", "aberta": false, "TLCD": false, "TIP_UNID": "19", "tie": false, "externa": false, "energizado": true, "fonte": "URG29983"}}, {"type": "Feature", "geometry": {"type": "Point", "coordinates": [-43.23368580685445, -22.928436212361248]}, "properties": {"camada": "UNSEMT", "COD_ID": "11026655", "CTMT": "ALC9925", "PAC_1": "ALC9925_MT_480951", "PAC_2": "ALC9925_MT_480952", "normal": "NF", "aberta": false, "TLCD": false, "TIP_UNID": "19", "tie": false, "externa": false, "energizado": false, "fonte": null}}, {"type": "Feature", "geometry": {"type": "Point", "coordinates": [-43.23161406563656, -22.929212598882316]}, "properties": {"camada": "UNSEMT", "COD_ID": "11006773", "CTMT": "URG29983", "PAC_1": "URG29983_MT_479647", "PAC_2": "URG29983_MT_479648", "normal": "NF", "aberta": false, "TLCD": false, "TIP_UNID": "19", "tie": false, "externa": false, "energizado": true, "fonte": "URG29983"}}, {"type": "Feature", "geometry": {"type": "Point", "coordinates": [-43.23376622603047, -22.930915900448383]}, "properties": {"camada": "UNSEMT", "COD_ID": "11006780", "CTMT": "URG29983", "PAC_1": "URG29983_MT_479649", "PAC_2": "URG29983_MT_479650", "normal": "NF", "aberta": false, "TLCD": false, "TIP_UNID": "19", "tie": false, "externa": false, "energizado": true, "fonte": "URG29983"}}, {"type": "Feature", "geometry": {"type": "Point", "coordinates": [-43.23744568257217, -22.931991641600916]}, "properties": {"camada": "UNSEMT", "COD_ID": "11006766", "CTMT": "URG29983", "PAC_1": "URG29983_MT_479645", "PAC_2": "URG29983_MT_479646", "normal": "NF", "aberta": false, "TLCD": false, "TIP_UNID": "19", "tie": false, "externa": false, "energizado": true, "fonte": "URG29983"}}, {"type": "Feature", "geometry": {"type": "Point", "coordinates": [-43.23419257842471, -22.930400576325496]}, "properties": {"camada": "UNSEMT", "COD_ID": "11026599", "CTMT": "ALC9925", "PAC_1": "ALC9925_MT_480942", "PAC_2": "ALC9925_MT_480943", "normal": "NF", "aberta": false, "TLCD": false, "TIP_UNID": "19", "tie": false, "externa": false, "energizado": false, "fonte": null}}, {"type": "Feature", "geometry": {"type": "Point", "coordinates": [-43.233660139303936, -22.928265925731864]}, "properties": {"camada": "UNSEMT", "COD_ID": "11026774", "CTMT": "ALC9925", "PAC_1": "ALC9925_MT_480968", "PAC_2": "ALC9925_MT_480969", "normal": "NF", "aberta": false, "TLCD": false, "TIP_UNID": "19", "tie": false, "externa": false, "energizado": false, "fonte": null}}, {"type": "Feature", "geometry": {"type": "Point", "coordinates": [-43.22925329670221, -22.927596715016364]}, "properties": {"camada": "UNSEMT", "COD_ID": "11026697", "CTMT": "RCP9882", "PAC_1": "RCP9882_MT_480957", "PAC_2": "RCP9882_MT_480958", "normal": "NF", "aberta": false, "TLCD": false, "TIP_UNID": "19", "tie": false, "externa": false, "energizado": true, "fonte": "RCP9882"}}, {"type": "Feature", "geometry": {"type": "Point", "coordinates": [-43.240612786350994, -22.91911150629096]}, "properties": {"camada": "UNSEMT", "COD_ID": "11035901", "CTMT": "ALC9925", "PAC_1": "ALC9925_MT_481058", "PAC_2": "ALC9925_MT_481059", "normal": "NF", "aberta": true, "TLCD": false, "TIP_UNID": "19", "tie": false, "externa": false, "energizado": false, "fonte": null}}, {"type": "Feature", "geometry": {"type": "Point", "coordinates": [-43.23315131548077, -22.93041962306711]}, "properties": {"camada": "UNSEMT", "COD_ID": "11006689", "CTMT": "URG29983", "PAC_1": "URG29983_MT_479631", "PAC_2": "URG29983_MT_479632", "normal": "NF", "aberta": false, "TLCD": false, "TIP_UNID": "19", "tie": false, "externa": false, "energizado": true, "fonte": "URG29983"}}, {"type": "Feature", "geometry": {"type": "Point", "coordinates": [-43.23650421739569, -22.927716746630495]}, "properties": {"camada": "UNSEMT", "COD_ID": "11035852", "CTMT": "ALC9925", "PAC_1": "ALC9925_MT_481048", "PAC_2": "ALC9925_MT_481049", "normal": "NF", "aberta": false, "TLCD": false, "TIP_UNID": "19", "tie": false, "externa": false, "energizado": false, "fonte": null}}, {"type": "Feature", "geometry": {"type": "Point", "coordinates": [-43.2402156448361, -22.920299431573483]}, "properties": {"camada": "UNSEMT", "COD_ID": "11035894", "CTMT": "ALC9925", "PAC_1": "ALC9925_MT_481056", "PAC_2": "ALC9925_MT_481057", "normal": "NF", "aberta": false, "TLCD": false, "TIP_UNID": "19", "tie": false, "externa": false, "energizado": false, "fonte": null}}, {"type": "Feature", "geometry": {"type": "Point", "coordinates": [-43.22712063540894, -22.926874509950608]}, "properties": {"camada": "UNSEMT", "COD_ID": "11026571", "CTMT": "RCP9882", "PAC_1": "RCP9882_MT_480938", "PAC_2": "RCP9882_MT_480939", "normal": "NF", "aberta": false, "TLCD": false, "TIP_UNID": "19", "tie": false, "externa": false, "energizado": true, "fonte": "RCP9882"}}, {"type": "Feature", "geometry": {"type": "Point", "coordinates": [-43.23645082734379, -22.923624475189342]}, "properties": {"camada": "UNSEMT", "COD_ID": "11136854", "CTMT": "ALC9946", "PAC_1": "ALC9946_MT_487548", "PAC_2": "ALC9946_MT_487549", "normal": "NF", "aberta": false, "TLCD": false, "TIP_UNID": "19", "tie": false, "externa": false, "energizado": true, "fonte": "ALC9946"}}, {"type": "Feature", "geometry": {"type": "Point", "coordinates": [-43.236467092482314, -22.928888196333162]}, "properties": {"camada": "UNSEMT", "COD_ID": "476226098", "CTMT": "URG29983", "PAC_1": "URG29983_MT_589925", "PAC_2": "URG29983_MT_589926", "normal": "NF", "aberta": false, "TLCD": false, "TIP_UNID": "19", "tie": false, "externa": false, "energizado": true, "fonte": "URG29983"}}, {"type": "Feature", "geometry": {"type": "Point", "coordinates": [-43.23146587265188, -22.929206486190367]}, "properties": {"camada": "UNSEMT", "COD_ID": "11026669", "CTMT": "RCP9882", "PAC_1": "RCP9882_MT_480953", "PAC_2": "RCP9882_MT_480954", "normal": "NF", "aberta": false, "TLCD": false, "TIP_UNID": "19", "tie": false, "externa": false, "energizado": true, "fonte": "RCP9882"}}, {"type": "Feature", "geometry": {"type": "Point", "coordinates": [-43.23753098506688, -22.91909119780047]}, "properties": {"camada": "UNSEMT", "COD_ID": "105027039", "CTMT": "ALC9946", "PAC_1": "ALC9946_MT_545768", "PAC_2": "ALC9946_MT_545769", "normal": "NF", "aberta": false, "TLCD": false, "TIP_UNID": "19", "tie": false, "externa": false, "energizado": true, "fonte": "ALC9946"}}, {"type": "Feature", "geometry": {"type": "Point", "coordinates": [-43.23720700789704, -22.922089324362787]}, "properties": {"camada": "UNSEMT", "COD_ID": "565932041", "CTMT": "ALC9946", "PAC_1": "ALC9946_MT_604367", "PAC_2": "ALC9946_MT_604368", "normal": "NF", "aberta": false, "TLCD": false, "TIP_UNID": "19", "tie": false, "externa": false, "energizado": true, "fonte": "ALC9946"}}, {"type": "Feature", "geometry": {"type": "Point", "coordinates": [-43.237677931591236, -22.921628920038586]}, "properties": {"camada": "UNSEMT", "COD_ID": "11136798", "CTMT": "ALC9946", "PAC_1": "ALC9946_MT_487533", "PAC_2": "ALC9946_MT_487534", "normal": "NF", "aberta": false, "TLCD": false, "TIP_UNID": "19", "tie": false, "externa": false, "energizado": true, "fonte": "ALC9946"}}, {"type": "Feature", "geometry": {"type": "Point", "coordinates": [-43.232712361786014, -22.925559356678946]}, "properties": {"camada": "UNSEMT", "COD_ID": "23312531", "CTMT": "RCP9882", "PAC_1": "RCP9882_MT_528083", "PAC_2": "RCP9882_MT_43774", "normal": "NF", "aberta": false, "TLCD": false, "TIP_UNID": "19", "tie": false, "externa": false, "energizado": true, "fonte": "RCP9882"}}, {"type": "Feature", "geometry": {"type": "Point", "coordinates": [-43.22771984739302, -22.92954485700949]}, "properties": {"camada": "UNSEMT", "COD_ID": "569732217", "CTMT": "RCP9882", "PAC_1": "RCP9882_MT_604629", "PAC_2": "RCP9882_MT_604630", "normal": "NF", "aberta": false, "TLCD": false, "TIP_UNID": "19", "tie": false, "externa": false, "energizado": true, "fonte": "RCP9882"}}, {"type": "Feature", "geometry": {"type": "Point", "coordinates": [-43.23059140247119, -22.92832579989573]}, "properties": {"camada": "UNSEMT", "COD_ID": "11026683", "CTMT": "RCP9882", "PAC_1": "RCP9882_MT_480955", "PAC_2": "RCP9882_MT_480956", "normal": "NF", "aberta": false, "TLCD": false, "TIP_UNID": "19", "tie": false, "externa": false, "energizado": true, "fonte": "RCP9882"}}, {"type": "Feature", "geometry": {"type": "Point", "coordinates": [-43.23067698285644, -22.928374679847536]}, "properties": {"camada": "UNSEMT", "COD_ID": "50377306", "CTMT": "RCP9882", "PAC_1": "RCP9882_MT_539929", "PAC_2": "RCP9882_MT_539930", "normal": "NF", "aberta": false, "TLCD": false, "TIP_UNID": "19", "tie": false, "externa": false, "energizado": true, "fonte": "RCP9882"}}, {"type": "Feature", "geometry": {"type": "Point", "coordinates": [-43.234453550890635, -22.926354504856477]}, "properties": {"camada": "UNSEMT", "COD_ID": "23313153", "CTMT": "RCP9882", "PAC_1": "RCP9882_MT_528085", "PAC_2": "RCP9882_MT_44676", "normal": "NF", "aberta": false, "TLCD": false, "TIP_UNID": "19", "tie": false, "externa": false, "energizado": true, "fonte": "RCP9882"}}, {"type": "Feature", "geometry": {"type": "Point", "coordinates": [-43.236372567440014, -22.92379285705465]}, "properties": {"camada": "UNSEMT", "COD_ID": "561818389", "CTMT": "ALC9946", "PAC_1": "ALC9946_MT_603927", "PAC_2": "ALC9946_MT_603928", "normal": "NF", "aberta": false, "TLCD": false, "TIP_UNID": "19", "tie": false, "externa": false, "energizado": true, "fonte": "ALC9946"}}, {"type": "Feature", "geometry": {"type": "Point", "coordinates": [-43.23723284002352, -22.92419573534488]}, "properties": {"camada": "UNSEMT", "COD_ID": "11136805", "CTMT": "ALC9946", "PAC_1": "ALC9946_MT_487535", "PAC_2": "ALC9946_MT_487536", "normal": "NF", "aberta": false, "TLCD": false, "TIP_UNID": "19", "tie": false, "externa": false, "energizado": true, "fonte": "ALC9946"}}, {"type": "Feature", "geometry": {"type": "Point", "coordinates": [-43.231820112907826, -22.927799950107556]}, "properties": {"camada": "UNSEMT", "COD_ID": "776200634", "CTMT": "RCP9882", "PAC_1": "RCP9882_MT_619779", "PAC_2": "RCP9882_MT_619780", "normal": "NF", "aberta": false, "TLCD": false, "TIP_UNID": "19", "tie": false, "externa": false, "energizado": true, "fonte": "RCP9882"}}, {"type": "Feature", "geometry": {"type": "Point", "coordinates": [-43.225908376270525, -22.925493698075684]}, "properties": {"camada": "UNSEMT", "COD_ID": "663431622", "CTMT": "RCP9882", "PAC_1": "RCP9882_MT_613095", "PAC_2": "RCP9882_MT_613096", "normal": "NF", "aberta": false, "TLCD": false, "TIP_UNID": "19", "tie": false, "externa": false, "energizado": true, "fonte": "RCP9882"}}, {"type": "Feature", "geometry": {"type": "Point", "coordinates": [-43.22932824710085, -22.92735373618592]}, "properties": {"camada": "UNSEMT", "COD_ID": "456002037", "CTMT": "RCP9882", "PAC_1": "RCP9882_MT_583473", "PAC_2": "RCP9882_MT_583474", "normal": "NF", "aberta": false, "TLCD": false, "TIP_UNID": "19", "tie": false, "externa": false, "energizado": true, "fonte": "RCP9882"}}, {"type": "Feature", "geometry": {"type": "Point", "coordinates": [-43.24059126287642, -22.921278459633186]}, "properties": {"camada": "UNSEMT", "COD_ID": "521992054", "CTMT": "ALC9946", "PAC_1": "ALC9946_MT_599807", "PAC_2": "ALC9946_MT_599808", "normal": "NF", "aberta": false, "TLCD": false, "TIP_UNID": "19", "tie": false, "externa": false, "energizado": true, "fonte": "ALC9946"}}, {"type": "Feature", "geometry": {"type": "Point", "coordinates": [-43.23317463040485, -22.931656248437093]}, "properties": {"camada": "UNSEMT", "COD_ID": "807684227", "CTMT": "URG29983", "PAC_1": "URG29983_MT_621864", "PAC_2": "URG29983_MT_621865", "normal": "NF", "aberta": false, "TLCD": false, "TIP_UNID": "19", "tie": false, "externa": false, "energizado": true, "fonte": "URG29983"}}, {"type": "Feature", "geometry": {"type": "Point", "coordinates": [-43.22576136409566, -22.925304959156506]}, "properties": {"camada": "UNSEMT", "COD_ID": "28327671", "CTMT": "RCP9882", "PAC_1": "RCP9882_MT_43895", "PAC_2": "RCP9882_MT_531342", "normal": "NF", "aberta": false, "TLCD": false, "TIP_UNID": "19", "tie": false, "externa": false, "energizado": true, "fonte": "RCP9882"}}, {"type": "Feature", "geometry": {"type": "Point", "coordinates": [-43.24153845493572, -22.922140581222777]}, "properties": {"camada": "UNSEMT", "COD_ID": "284978082", "CTMT": "ALC9946", "PAC_1": "ALC9946_MT_566956", "PAC_2": "ALC9946_MT_566957", "normal": "NA", "aberta": true, "TLCD": false, "TIP_UNID": "19", "tie": true, "externa": false, "energizado": true, "fonte": "ALC9946"}}, {"type": "Feature", "geometry": {"type": "Point", "coordinates": [-43.23665988284728, -22.921772177543914]}, "properties": {"camada": "UNSEMT", "COD_ID": "11136868", "CTMT": "ALC9946", "PAC_1": "ALC9946_MT_487552", "PAC_2": "ALC9946_MT_487553", "normal": "NA", "aberta": true, "TLCD": false, "TIP_UNID": "19", "tie": true, "externa": false, "energizado": true, "fonte": "ALC9946"}}, {"type": "Feature", "geometry": {"type": "Point", "coordinates": [-43.238336823485554, -22.917509297516006]}, "properties": {"camada": "UNSEMT", "COD_ID": "23170559", "CTMT": "ALC9946", "PAC_1": "ALC9946_MT_527782", "PAC_2": "ALC9946_MT_527783", "normal": "NA", "aberta": true, "TLCD": false, "TIP_UNID": "19", "tie": false, "externa": false, "energizado": true, "fonte": "ALC9946"}}, {"type": "Feature", "geometry": {"type": "Point", "coordinates": [-43.23949124992123, -22.920050505526376]}, "properties": {"camada": "UNSEMT", "COD_ID": "335018119", "CTMT": "ALC9946", "PAC_1": "ALC9946_MT_572918", "PAC_2": "ALC9946_MT_572919", "normal": "NA", "aberta": true, "TLCD": false, "TIP_UNID": "19", "tie": false, "externa": false, "energizado": true, "fonte": "ALC9946"}}, {"type": "Feature", "geometry": {"type": "Point", "coordinates": [-43.237407165508216, -22.92408344329624]}, "properties": {"camada": "UNSEMT", "COD_ID": "529355823", "CTMT": "ALC9946", "PAC_1": "ALC9946_MT_600743", "PAC_2": "ALC9946_MT_600744", "normal": "NA", "aberta": true, "TLCD": false, "TIP_UNID": "19", "tie": true, "externa": false, "energizado": true, "fonte": "ALC9946"}}, {"type": "Feature", "geometry": {"type": "Point", "coordinates": [-43.237577794779384, -22.923892752848246]}, "properties": {"camada": "UNSEMT", "COD_ID": "655711064", "CTMT": "ALC9946", "PAC_1": "ALC9946_MT_612689", "PAC_2": "ALC9946_MT_612690", "normal": "NA", "aberta": true, "TLCD": false, "TIP_UNID": "19", "tie": false, "externa": false, "energizado": true, "fonte": "ALC9946"}}, {"type": "Feature", "geometry": {"type": "Point", "coordinates": [-43.23867621413592, -22.91992600518097]}, "properties": {"camada": "UNSEMT", "COD_ID": "517684730", "CTMT": "ALC9946", "PAC_1": "ALC9946_MT_598963", "PAC_2": "ALC9946_MT_598964", "normal": "NA", "aberta": true, "TLCD": false, "TIP_UNID": "19", "tie": false, "externa": false, "energizado": true, "fonte": "ALC9946"}}, {"type": "Feature", "geometry": {"type": "Point", "coordinates": [-43.236129717212634, -22.924903746410735]}, "properties": {"camada": "UNSEMT", "COD_ID": "60687148", "CTMT": "ALC9925", "PAC_1": "ALC9925_MT_543178", "PAC_2": "ALC9925_MT_543179", "normal": "NF", "aberta": false, "TLCD": false, "TIP_UNID": "19", "tie": false, "externa": false, "energizado": false, "fonte": null}}, {"type": "Feature", "geometry": {"type": "Point", "coordinates": [-43.23699651797489, -22.927417517004756]}, "properties": {"camada": "UNSEMT", "COD_ID": "1019880893", "CTMT": "ALC9925", "PAC_1": "ALC9925_MT_627811", "PAC_2": "ALC9925_MT_627812", "normal": "NF", "aberta": false, "TLCD": false, "TIP_UNID": "19", "tie": false, "externa": false, "energizado": false, "fonte": null}}, {"type": "Feature", "geometry": {"type": "Point", "coordinates": [-43.234414498730075, -22.93098278212966]}, "properties": {"camada": "UNSEMT", "COD_ID": "11006808", "CTMT": "URG29983", "PAC_1": "URG29983_MT_479657", "PAC_2": "URG29983_MT_479658", "normal": "NA", "aberta": true, "TLCD": false, "TIP_UNID": "19", "tie": true, "externa": false, "energizado": true, "fonte": "URG29983"}}, {"type": "Feature", "geometry": {"type": "Point", "coordinates": [-43.236738429634784, -22.9245189094201]}, "properties": {"camada": "UNSEMT", "COD_ID": "557687607", "CTMT": "ALC9925", "PAC_1": "ALC9925_MT_603554", "PAC_2": "ALC9925_MT_603555", "normal": "NF", "aberta": false, "TLCD": false, "TIP_UNID": "19", "tie": false, "externa": false, "energizado": false, "fonte": null}}, {"type": "Feature", "geometry": {"type": "Point", "coordinates": [-43.239064023385936, -22.93297488568237]}, "properties": {"camada": "UNSEMT", "COD_ID": "11006696", "CTMT": "URG29983", "PAC_1": "URG29983_MT_479633", "PAC_2": "URG29983_MT_479634", "normal": "NA", "aberta": true, "TLCD": false, "TIP_UNID": "19", "tie": false, "externa": false, "energizado": true, "fonte": "URG29983"}}, {"type": "Feature", "geometry": {"type": "Point", "coordinates": [-43.235519963375566, -22.928397906638054]}, "properties": {"camada": "UNSEMT", "COD_ID": "11026753", "CTMT": "ALC9925", "PAC_1": "ALC9925_MT_480965", "PAC_2": "ALC9925_MT_480966", "normal": "NF", "aberta": false, "TLCD": false, "TIP_UNID": "19", "tie": false, "externa": false, "energizado": false, "fonte": null}}, {"type": "Feature", "geometry": {"type": "Point", "coordinates": [-43.23779644155252, -22.92678107848394]}, "properties": {"camada": "UNSEMT", "COD_ID": "1006470683", "CTMT": "ALC9925", "PAC_1": "ALC9925_MT_627116", "PAC_2": "ALC9925_MT_627117", "normal": "NF", "aberta": false, "TLCD": false, "TIP_UNID": "19", "tie": false, "externa": false, "energizado": false, "fonte": null}}, {"type": "Feature", "geometry": {"type": "Point", "coordinates": [-43.22904317909939, -22.927194785510892]}, "properties": {"camada": "UNSEMT", "COD_ID": "962852275", "CTMT": "RCP9882", "PAC_1": "RCP9882_MT_625479", "PAC_2": "RCP9882_MT_625480", "normal": "NA", "aberta": true, "TLCD": false, "TIP_UNID": "19", "tie": false, "externa": false, "energizado": true, "fonte": "RCP9882"}}, {"type": "Feature", "geometry": {"type": "Point", "coordinates": [-43.23627474908034, -22.930661226834104]}, "properties": {"camada": "UNSEMT", "COD_ID": "456821592", "CTMT": "URG29983", "PAC_1": "URG29983_MT_583846", "PAC_2": "URG29983_MT_583847", "normal": "NA", "aberta": true, "TLCD": false, "TIP_UNID": "19", "tie": false, "externa": false, "energizado": true, "fonte": "URG29983"}}, {"type": "Feature", "geometry": {"type": "Point", "coordinates": [-43.23424982476956, -22.930954922931278]}, "properties": {"camada": "UNSEMT", "COD_ID": "11006815", "CTMT": "URG29983", "PAC_1": "URG29983_MT_479659", "PAC_2": "URG29983_MT_479660", "normal": "NA", "aberta": true, "TLCD": false, "TIP_UNID": "19", "tie": true, "externa": false, "energizado": true, "fonte": "URG29983"}}, {"type": "Feature", "geometry": {"type": "Point", "coordinates": [-43.233539545613496, -22.931140856865]}, "properties": {"camada": "UNSEMT", "COD_ID": "11006703", "CTMT": "URG29983", "PAC_1": "URG29983_MT_479635", "PAC_2": "URG29983_MT_479636", "normal": "NA", "aberta": true, "TLCD": false, "TIP_UNID": "19", "tie": false, "externa": false, "energizado": true, "fonte": "URG29983"}}, {"type": "Feature", "geometry": {"type": "Point", "coordinates": [-43.23759119827514, -22.923942668819052]}, "properties": {"camada": "UNSEMT", "COD_ID": "826324533", "CTMT": "ALC9925", "PAC_1": "ALC9925_MT_622363", "PAC_2": "ALC9925_MT_622364", "normal": "NA", "aberta": true, "TLCD": false, "TIP_UNID": "19", "tie": false, "externa": false, "energizado": false, "fonte": null}}, {"type": "Feature", "geometry": {"type": "Point", "coordinates": [-43.23987760676607, -22.92041358611806]}, "properties": {"camada": "UNSEMT", "COD_ID": "11136861", "CTMT": "ALC9925", "PAC_1": "ALC9925_MT_487550", "PAC_2": "ALC9925_MT_487551", "normal": "NA", "aberta": true, "TLCD": false, "TIP_UNID": "19", "tie": false, "externa": false, "energizado": false, "fonte": null}}, {"type": "Feature", "geometry": {"type": "Point", "coordinates": [-43.238949789700996, -22.924237775053257]}, "properties": {"camada": "UNSEMT", "COD_ID": "494303815", "CTMT": "ALC9925", "PAC_1": "ALC9925_MT_594646", "PAC_2": "ALC9925_MT_594647", "normal": "NA", "aberta": true, "TLCD": false, "TIP_UNID": "19", "tie": true, "externa": false, "energizado": true, "fonte": "ALC740"}}, {"type": "Feature", "geometry": {"type": "Point", "coordinates": [-43.23586813860368, -22.92510000725946]}, "properties": {"camada": "UNSEMT", "COD_ID": "764271955", "CTMT": "ALC9925", "PAC_1": "ALC9925_MT_619097", "PAC_2": "ALC9925_MT_619098", "normal": "NA", "aberta": true, "TLCD": false, "TIP_UNID": "19", "tie": false, "externa": false, "energizado": false, "fonte": null}}, {"type": "Feature", "geometry": {"type": "Point", "coordinates": [-43.229350872244936, -22.92750495179206]}, "properties": {"camada": "UNSEMT", "COD_ID": "757513244", "CTMT": "RCP9882", "PAC_1": "RCP9882_MT_618703", "PAC_2": "RCP9882_MT_618704", "normal": "NA", "aberta": true, "TLCD": false, "TIP_UNID": "19", "tie": true, "externa": false, "energizado": true, "fonte": "RCP9882"}}, {"type": "Feature", "geometry": {"type": "Point", "coordinates": [-43.23912689409087, -22.921525304649037]}, "properties": {"camada": "UNSEMT", "COD_ID": "11035922", "CTMT": "ALC9925", "PAC_1": "ALC9925_MT_481060", "PAC_2": "ALC9925_MT_481061", "normal": "NA", "aberta": true, "TLCD": false, "TIP_UNID": "19", "tie": false, "externa": false, "energizado": false, "fonte": null}}, {"type": "Feature", "geometry": {"type": "Point", "coordinates": [-43.235092592948774, -22.92565865622197]}, "properties": {"camada": "UNSEMT", "COD_ID": "23313112", "CTMT": "RCP9882", "PAC_1": "RCP9882_MT_43775", "PAC_2": "RCP9882_MT_528084", "normal": "NA", "aberta": true, "TLCD": false, "TIP_UNID": "19", "tie": true, "externa": false, "energizado": true, "fonte": "RCP9882"}}, {"type": "Feature", "geometry": {"type": "Point", "coordinates": [-43.23352391359771, -22.927850050439417]}, "properties": {"camada": "UNSEMT", "COD_ID": "746851180", "CTMT": "RCP9882", "PAC_1": "RCP9882_MT_618080", "PAC_2": "RCP9882_MT_618081", "normal": "NA", "aberta": true, "TLCD": false, "TIP_UNID": "19", "tie": false, "externa": false, "energizado": true, "fonte": "RCP9882"}}, {"type": "Feature", "geometry": {"type": "Point", "coordinates": [-43.23600858662695, -22.925102372476488]}, "properties": {"camada": "UNSEMT", "COD_ID": "746602297", "CTMT": "ALC9925", "PAC_1": "ALC9925_MT_618050", "PAC_2": "ALC9925_MT_618051", "normal": "NA", "aberta": true, "TLCD": false, "TIP_UNID": "19", "tie": false, "externa": false, "energizado": false, "fonte": null}}, {"type": "Feature", "geometry": {"type": "Point", "coordinates": [-43.233389037773804, -22.92770414982658]}, "properties": {"camada": "UNSEMT", "COD_ID": "753030272", "CTMT": "RCP9882", "PAC_1": "RCP9882_MT_618413", "PAC_2": "RCP9882_MT_618414", "normal": "NA", "aberta": true, "TLCD": false, "TIP_UNID": "19", "tie": false, "externa": false, "energizado": true, "fonte": "RCP9882"}}, {"type": "Feature", "geometry": {"type": "Point", "coordinates": [-43.22775790670198, -22.927553458525267]}, "properties": {"camada": "UNSEMT", "COD_ID": "11026578", "CTMT": "RCP9882", "PAC_1": "RCP9882_MT_480940", "PAC_2": "RCP9882_MT_480941", "normal": "NA", "aberta": true, "TLCD": false, "TIP_UNID": "19", "tie": false, "externa": false, "energizado": true, "fonte": "RCP9882"}}, {"type": "Feature", "geometry": {"type": "Point", "coordinates": [-43.23276491726705, -22.92708238824156]}, "properties": {"camada": "UNSEMT", "COD_ID": "502604207", "CTMT": "RCP9882", "PAC_1": "RCP9882_MT_596480", "PAC_2": "RCP9882_MT_596481", "normal": "NA", "aberta": true, "TLCD": false, "TIP_UNID": "19", "tie": false, "externa": false, "energizado": true, "fonte": "RCP9882"}}, {"type": "Feature", "geometry": {"type": "Point", "coordinates": [-43.22798045023757, -22.928614225965703]}, "properties": {"camada": "UNSEMT", "COD_ID": "11026788", "CTMT": "RCP9882", "PAC_1": "RCP9882_MT_480972", "PAC_2": "RCP9882_MT_480973", "normal": "NA", "aberta": true, "TLCD": false, "TIP_UNID": "19", "tie": false, "externa": false, "energizado": true, "fonte": "RCP9882"}}, {"type": "Feature", "geometry": {"type": "Point", "coordinates": [-43.23792166405349, -22.926894963231916]}, "properties": {"camada": "UNSEMT", "COD_ID": "521420438", "CTMT": "ALC9925", "PAC_1": "ALC9925_MT_599727", "PAC_2": "ALC9925_MT_599728", "normal": "NA", "aberta": true, "TLCD": false, "TIP_UNID": "19", "tie": false, "externa": false, "energizado": false, "fonte": null}}, {"type": "Feature", "geometry": {"type": "Point", "coordinates": [-43.23418511405174, -22.931282563939135]}, "properties": {"camada": "UNSEMT", "COD_ID": "977464757", "CTMT": "URG29983", "PAC_1": "URG29983_MT_625807", "PAC_2": "URG29983_MT_625808", "normal": "NA", "aberta": true, "TLCD": false, "TIP_UNID": "19", "tie": true, "externa": false, "energizado": true, "fonte": "URG29983"}}, {"type": "Feature", "geometry": {"type": "Point", "coordinates": [-43.23103608754536, -22.928711469658538]}, "properties": {"camada": "UNSEMT", "COD_ID": "11006682", "CTMT": "URG29983", "PAC_1": "URG29983_MT_479629", "PAC_2": "URG29983_MT_479630", "normal": "NA", "aberta": true, "TLCD": false, "TIP_UNID": "19", "tie": true, "externa": false, "energizado": true, "fonte": "URG29983"}}, {"type": "Feature", "geometry": {"type": "Point", "coordinates": [-43.23907285292978, -22.932980510941775]}, "properties": {"camada": "UNSEMT", "COD_ID": "977962870", "CTMT": "URG29983", "PAC_1": "URG29983_MT_648559", "PAC_2": "URG29983_MT_648560", "normal": "NF", "aberta": false, "TLCD": true, "TIP_UNID": "32", "tie": false, "externa": false, "energizado": true, "fonte": "URG29983"}}, {"type": "Feature", "geometry": {"type": "Point", "coordinates": [-43.2277378050556, -22.927572107766537]}, "properties": {"camada": "UNSEMT", "COD_ID": "963084163", "CTMT": "RCP9882", "PAC_1": "RCP9882_MT_648231", "PAC_2": "RCP9882_MT_648232", "normal": "NF", "aberta": false, "TLCD": true, "TIP_UNID": "32", "tie": false, "externa": false, "energizado": true, "fonte": "RCP9882"}}, {"type": "Feature", "geometry": {"type": "Point", "coordinates": [-43.23415938085071, -22.931297873098345]}, "properties": {"camada": "UNSEMT", "COD_ID": "977464767", "CTMT": "URG29983", "PAC_1": "URG29983_MT_648537", "PAC_2": "URG29983_MT_648538", "normal": "NF", "aberta": false, "TLCD": true, "TIP_UNID": "32", "tie": false, "externa": false, "energizado": true, "fonte": "URG29983"}}, {"type": "Feature", "geometry": {"type": "Point", "coordinates": [-43.23607309589664, -22.92508818926848]}, "properties": {"camada": "UNSEMT", "COD_ID": "557687617", "CTMT": "ALC9925", "PAC_1": "ALC9925_MT_645844", "PAC_2": "ALC9925_MT_645845", "normal": "NF", "aberta": false, "TLCD": true, "TIP_UNID": "32", "tie": false, "externa": false, "energizado": false, "fonte": null}}, {"type": "Feature", "geometry": {"type": "Point", "coordinates": [-43.23870039240916, -22.919947838022267]}, "properties": {"camada": "UNSEMT", "COD_ID": "133388834", "CTMT": "ALC9946", "PAC_1": "ALC9946_MT_643736", "PAC_2": "ALC9946_MT_643737", "normal": "NF", "aberta": false, "TLCD": true, "TIP_UNID": "32", "tie": false, "externa": false, "energizado": true, "fonte": "ALC9946"}}, {"type": "Feature", "geometry": {"type": "Point", "coordinates": [-43.23792517320811, -22.926901097507596]}, "properties": {"camada": "UNSEMT", "COD_ID": "1007089101", "CTMT": "ALC9925", "PAC_1": "ALC9925_MT_649649", "PAC_2": "ALC9925_MT_649650", "normal": "NF", "aberta": false, "TLCD": true, "TIP_UNID": "32", "tie": false, "externa": false, "energizado": false, "fonte": null}}, {"type": "Feature", "geometry": {"type": "Point", "coordinates": [-43.239092529196796, -22.921513156606864]}, "properties": {"camada": "UNSEMT", "COD_ID": "1005912553", "CTMT": "ALC9925", "PAC_1": "ALC9925_MT_649579", "PAC_2": "ALC9925_MT_649580", "normal": "NF", "aberta": false, "TLCD": true, "TIP_UNID": "32", "tie": false, "externa": false, "energizado": false, "fonte": null}}, {"type": "Feature", "geometry": {"type": "Point", "coordinates": [-43.23636537825956, -22.93064193367826]}, "properties": {"camada": "UNSEMT", "COD_ID": "456821617", "CTMT": "URG29983", "PAC_1": "URG29983_MT_644362", "PAC_2": "URG29983_MT_644363", "normal": "NF", "aberta": false, "TLCD": true, "TIP_UNID": "32", "tie": false, "externa": false, "energizado": true, "fonte": "URG29983"}}, {"type": "Feature", "geometry": {"type": "Point", "coordinates": [-43.22938413007353, -22.927534049356836]}, "properties": {"camada": "UNSEMT", "COD_ID": "138644673", "CTMT": "RCP9882", "PAC_1": "RCP9882_MT_643846", "PAC_2": "RCP9882_MT_643847", "normal": "NF", "aberta": false, "TLCD": true, "TIP_UNID": "32", "tie": false, "externa": false, "energizado": true, "fonte": "RCP9882"}}, {"type": "Feature", "geometry": {"type": "Point", "coordinates": [-43.23281365512605, -22.92714332720277]}, "properties": {"camada": "UNSEMT", "COD_ID": "962461526", "CTMT": "RCP9882", "PAC_1": "RCP9882_MT_648207", "PAC_2": "RCP9882_MT_648208", "normal": "NF", "aberta": false, "TLCD": true, "TIP_UNID": "32", "tie": false, "externa": false, "energizado": true, "fonte": "RCP9882"}}, {"type": "Feature", "geometry": {"type": "Point", "coordinates": [-43.238198569808105, -22.917187411269992]}, "properties": {"camada": "UNSEMT", "COD_ID": "10924969", "CTMT": "ALC9946", "PAC_1": "ALC9946_MT_50518", "PAC_2": "ALC9946_MT_50519", "normal": "NF", "aberta": false, "TLCD": true, "TIP_UNID": "29", "tie": false, "externa": false, "energizado": true, "fonte": "ALC9946"}}, {"type": "Feature", "geometry": {"type": "Point", "coordinates": [-43.23818237751465, -22.91723720673167]}, "properties": {"camada": "UNSEMT", "COD_ID": "10927447", "CTMT": "ALC9925", "PAC_1": "ALC9925_MT_50905", "PAC_2": "ALC9925_MT_50906", "normal": "NF", "aberta": true, "TLCD": true, "TIP_UNID": "29", "tie": false, "externa": false, "energizado": true, "fonte": "ALC9925"}}, {"type": "Feature", "geometry": {"type": "Point", "coordinates": [-43.221571852558895, -22.92538568230333]}, "properties": {"camada": "UNSEMT", "COD_ID": "10924906", "CTMT": "RCP9882", "PAC_1": "RCP9882_MT_50508", "PAC_2": "RCP9882_MT_50509", "normal": "NF", "aberta": false, "TLCD": true, "TIP_UNID": "29", "tie": false, "externa": false, "energizado": true, "fonte": "RCP9882"}}, {"type": "Feature", "geometry": {"type": "Point", "coordinates": [-43.23347976228115, -22.92787009452917]}, "properties": {"camada": "UNSEMT", "COD_ID": "746851189", "CTMT": "RCP9882", "PAC_1": "RCP9882_MT_647129", "PAC_2": "RCP9882_MT_647130", "normal": "NA", "aberta": true, "TLCD": true, "TIP_UNID": "32", "tie": true, "externa": false, "energizado": true, "fonte": "RCP9882"}}, {"type": "Feature", "geometry": {"type": "Point", "coordinates": [-43.22908147043347, -22.927157637215146]}, "properties": {"camada": "UNSEMT", "COD_ID": "962852284", "CTMT": "RCP9882", "PAC_1": "RCP9882_MT_648211", "PAC_2": "RCP9882_MT_648212", "normal": "NA", "aberta": true, "TLCD": true, "TIP_UNID": "32", "tie": false, "externa": false, "energizado": true, "fonte": "RCP9882"}}, {"type": "Feature", "geometry": {"type": "Point", "coordinates": [-43.23740167694581, -22.92406533994341]}, "properties": {"camada": "UNSEMT", "COD_ID": "974020904", "CTMT": "ALC9946", "PAC_1": "ALC9946_MT_648481", "PAC_2": "ALC9946_MT_648482", "normal": "NA", "aberta": true, "TLCD": true, "TIP_UNID": "32", "tie": true, "externa": false, "energizado": true, "fonte": "ALC9946"}}, {"type": "Feature", "geometry": {"type": "Point", "coordinates": [-43.234260506916826, -22.93095595445368]}, "properties": {"camada": "UNSEMT", "COD_ID": "977361689", "CTMT": "URG29983", "PAC_1": "URG29983_MT_648531", "PAC_2": "URG29983_MT_648532", "normal": "NA", "aberta": true, "TLCD": true, "TIP_UNID": "32", "tie": true, "externa": false, "energizado": true, "fonte": "URG29983"}}, {"type": "Feature", "geometry": {"type": "Point", "coordinates": [-43.23696761106635, -22.93001755326742]}, "properties": {"camada": "UNSEMT", "COD_ID": "690505329", "CTMT": "URG29983", "PAC_1": "URG29983_MT_646740", "PAC_2": "URG29983_MT_646741", "normal": "NA", "aberta": true, "TLCD": true, "TIP_UNID": "32", "tie": false, "externa": false, "energizado": true, "fonte": "URG29983"}}, {"type": "Feature", "geometry": {"type": "Point", "coordinates": [-43.235026500872266, -22.93082832536686]}, "properties": {"camada": "UNSEMT", "COD_ID": "476226122", "CTMT": "URG29983", "PAC_1": "URG29983_MT_36260", "PAC_2": "URG29983_MT_36261", "normal": "NF", "aberta": false, "TLCD": false, "TIP_UNID": "35", "tie": false, "externa": false, "energizado": true, "fonte": "URG29983"}}, {"type": "Feature", "geometry": {"type": "Point", "coordinates": [-43.237087445729, -22.92733883262099]}, "properties": {"camada": "UNSEMT", "COD_ID": "636770149", "CTMT": "ALC9925", "PAC_1": "ALC9925_MT_38036", "PAC_2": "ALC9925_MT_38037", "normal": "NF", "aberta": false, "TLCD": false, "TIP_UNID": "35", "tie": false, "externa": false, "energizado": false, "fonte": null}}, {"type": "Feature", "geometry": {"type": "Point", "coordinates": [-43.2338824616063, -22.929027457251323]}, "properties": {"camada": "UNSEMT", "COD_ID": "636813098", "CTMT": "ALC9925", "PAC_1": "ALC9925_MT_38040", "PAC_2": "ALC9925_MT_38041", "normal": "NF", "aberta": false, "TLCD": false, "TIP_UNID": "35", "tie": false, "externa": false, "energizado": false, "fonte": null}}, {"type": "Feature", "geometry": {"type": "Point", "coordinates": [-43.23755493041568, -22.923945029539425]}, "properties": {"camada": "UNSEMT", "COD_ID": "637650428", "CTMT": "ALC9925", "PAC_1": "ALC9925_MT_38054", "PAC_2": "ALC9925_MT_38055", "normal": "NF", "aberta": false, "TLCD": false, "TIP_UNID": "35", "tie": false, "externa": false, "energizado": false, "fonte": null}}, {"type": "Feature", "geometry": {"type": "Point", "coordinates": [-43.23951980339615, -22.920008323725142]}, "properties": {"camada": "UNSEMT", "COD_ID": "458274020", "CTMT": "ALC9946", "PAC_1": "ALC9946_MT_35570", "PAC_2": "ALC9946_MT_35571", "normal": "NF", "aberta": false, "TLCD": false, "TIP_UNID": "35", "tie": false, "externa": false, "energizado": true, "fonte": "ALC9946"}}, {"type": "Feature", "geometry": {"type": "Point", "coordinates": [-43.23355459666726, -22.93115008211055]}, "properties": {"camada": "UNSEMT", "COD_ID": "10915362", "CTMT": "URG29983", "PAC_1": "URG29983_MT_34460", "PAC_2": "URG29983_MT_34461", "normal": "NF", "aberta": false, "TLCD": false, "TIP_UNID": "35", "tie": false, "externa": false, "energizado": true, "fonte": "URG29983"}}, {"type": "Feature", "geometry": {"type": "Point", "coordinates": [-43.23994643278161, -22.920202229249412]}, "properties": {"camada": "UNSEMT", "COD_ID": "636800201", "CTMT": "ALC9925", "PAC_1": "ALC9925_MT_38038", "PAC_2": "ALC9925_MT_38039", "normal": "NF", "aberta": false, "TLCD": false, "TIP_UNID": "35", "tie": false, "externa": false, "energizado": false, "fonte": null}}, {"type": "Feature", "geometry": {"type": "Point", "coordinates": [-43.2375693366555, -22.923887917193554]}, "properties": {"camada": "UNSEMT", "COD_ID": "655711055", "CTMT": "ALC9946", "PAC_1": "ALC9946_MT_38420", "PAC_2": "ALC9946_MT_38421", "normal": "NF", "aberta": false, "TLCD": false, "TIP_UNID": "35", "tie": false, "externa": false, "energizado": true, "fonte": "ALC9946"}}, {"type": "Feature", "geometry": {"type": "Point", "coordinates": [-43.235884787752696, -22.925112329770172]}, "properties": {"camada": "UNSEMT", "COD_ID": "764271966", "CTMT": "ALC9925", "PAC_1": "ALC9925_MT_39400", "PAC_2": "ALC9925_MT_39401", "normal": "NF", "aberta": false, "TLCD": false, "TIP_UNID": "35", "tie": false, "externa": false, "energizado": false, "fonte": null}}, {"type": "Feature", "geometry": {"type": "Point", "coordinates": [-43.23341319536263, -22.927734345463648]}, "properties": {"camada": "UNSEMT", "COD_ID": "470837275", "CTMT": "RCP9882", "PAC_1": "RCP9882_MT_36084", "PAC_2": "RCP9882_MT_36085", "normal": "NF", "aberta": false, "TLCD": false, "TIP_UNID": "35", "tie": false, "externa": false, "energizado": true, "fonte": "RCP9882"}}, {"type": "Feature", "geometry": {"type": "Point", "coordinates": [-43.2279764536504, -22.928602893608627]}, "properties": {"camada": "UNSEMT", "COD_ID": "10915698", "CTMT": "RCP9882", "PAC_1": "RCP9882_MT_34502", "PAC_2": "RCP9882_MT_34503", "normal": "NF", "aberta": false, "TLCD": false, "TIP_UNID": "35", "tie": false, "externa": false, "energizado": true, "fonte": "RCP9882"}}, {"type": "Feature", "geometry": {"type": "Point", "coordinates": [-43.23820384253327, -22.920856322361317]}, "properties": {"camada": "UNSEMT", "COD_ID": "11136819", "CTMT": "ALC9946", "PAC_1": "ALC9946_MT_487539", "PAC_2": "ALC9946_MT_42487", "normal": "NF", "aberta": false, "TLCD": false, "TIP_UNID": "22", "tie": false, "externa": false, "energizado": true, "fonte": "ALC9946"}}, {"type": "Feature", "geometry": {"type": "Point", "coordinates": [-43.238590516838826, -22.924210704560323]}, "properties": {"camada": "UNSEMT", "COD_ID": "11035929", "CTMT": "ALC9925", "PAC_1": "ALC9925_MT_481062", "PAC_2": "ALC9925_MT_481063", "normal": "NF", "aberta": false, "TLCD": false, "TIP_UNID": "22", "tie": false, "externa": false, "energizado": false, "fonte": null}}, {"type": "Feature", "geometry": {"type": "Point", "coordinates": [-43.23580042145227, -22.92515341979447]}, "properties": {"camada": "UNSEMT", "COD_ID": "11026627", "CTMT": "ALC9925", "PAC_1": "ALC9925_MT_480946", "PAC_2": "ALC9925_MT_480947", "normal": "NF", "aberta": false, "TLCD": false, "TIP_UNID": "22", "tie": false, "externa": false, "energizado": false, "fonte": null}}, {"type": "Feature", "geometry": {"type": "Point", "coordinates": [-43.23103384553548, -22.92873924072336]}, "properties": {"camada": "UNSEMT", "COD_ID": "11006787", "CTMT": "URG29983", "PAC_1": "URG29983_MT_479651", "PAC_2": "URG29983_MT_479652", "normal": "NF", "aberta": false, "TLCD": false, "TIP_UNID": "22", "tie": false, "externa": false, "energizado": true, "fonte": "URG29983"}}, {"type": "Feature", "geometry": {"type": "Point", "coordinates": [-43.238147543174534, -22.927231315073072]}, "properties": {"camada": "UNSEMT", "COD_ID": "11035943", "CTMT": "ALC9925", "PAC_1": "ALC9925_MT_481064", "PAC_2": "ALC9925_MT_42958", "normal": "NF", "aberta": false, "TLCD": false, "TIP_UNID": "22", "tie": false, "externa": false, "energizado": false, "fonte": null}}, {"type": "Feature", "geometry": {"type": "Point", "coordinates": [-43.2377377203195, -22.921489500839755]}, "properties": {"camada": "UNSEMT", "COD_ID": "11136847", "CTMT": "ALC9946", "PAC_1": "ALC9946_MT_487546", "PAC_2": "ALC9946_MT_487547", "normal": "NA", "aberta": true, "TLCD": false, "TIP_UNID": "22", "tie": false, "externa": false, "energizado": true, "fonte": "ALC9946"}}, {"type": "Feature", "geometry": {"type": "Point", "coordinates": [-43.23761040599538, -22.921704659142677]}, "properties": {"camada": "UNSEMT", "COD_ID": "11136826", "CTMT": "ALC9946", "PAC_1": "ALC9946_MT_487540", "PAC_2": "ALC9946_MT_487541", "normal": "NF", "aberta": false, "TLCD": false, "TIP_UNID": "22", "tie": false, "externa": false, "energizado": true, "fonte": "ALC9946"}}, {"type": "Feature", "geometry": {"type": "Point", "coordinates": [-43.234072742862736, -22.929769838607115]}, "properties": {"camada": "UNSEMT", "COD_ID": "11026648", "CTMT": "ALC9925", "PAC_1": "ALC9925_MT_480949", "PAC_2": "ALC9925_MT_480950", "normal": "NF", "aberta": false, "TLCD": false, "TIP_UNID": "22", "tie": false, "externa": false, "energizado": false, "fonte": null}}, {"type": "Feature", "geometry": {"type": "Point", "coordinates": [-43.226798169100164, -22.92879942605265]}, "properties": {"camada": "UNSEMT", "COD_ID": "11026718", "CTMT": "RCP9882", "PAC_1": "RCP9882_MT_480961", "PAC_2": "RCP9882_MT_480962", "normal": "NF", "aberta": false, "TLCD": false, "TIP_UNID": "22", "tie": false, "externa": false, "energizado": true, "fonte": "RCP9882"}}, {"type": "Feature", "geometry": {"type": "Point", "coordinates": [-43.22618447173596, -22.928494457852878]}, "properties": {"camada": "UNSEMT", "COD_ID": "11026704", "CTMT": "RCP9882", "PAC_1": "RCP9882_MT_480959", "PAC_2": "RCP9882_MT_480960", "normal": "NF", "aberta": false, "TLCD": false, "TIP_UNID": "22", "tie": false, "externa": false, "energizado": true, "fonte": "RCP9882"}}, {"type": "Feature", "geometry": {"type": "Point", "coordinates": [-43.24021763233782, -22.920928299601314]}, "properties": {"camada": "UNSEMT", "COD_ID": "11136917", "CTMT": "ALC9946", "PAC_1": "ALC9946_MT_487560", "PAC_2": "ALC9946_MT_46105", "normal": "NF", "aberta": false, "TLCD": false, "TIP_UNID": "22", "tie": false, "externa": false, "energizado": true, "fonte": "ALC9946"}}, {"type": "Feature", "geometry": {"type": "Point", "coordinates": [-43.237359047282155, -22.921560348531216]}, "properties": {"camada": "UNSEMT", "COD_ID": "627142995", "CTMT": "ALC9946", "PAC_1": "ALC9946_MT_637830", "PAC_2": "ALC9946_MT_31680", "normal": "NF", "aberta": false, "TLCD": false, "TIP_UNID": "16", "tie": false, "externa": false, "energizado": true, "fonte": "ALC9946"}}, {"type": "Feature", "geometry": {"type": "Point", "coordinates": [-43.235417658298275, -22.92542272717708]}, "properties": {"camada": "UNSEMT", "COD_ID": "11026606", "CTMT": "ALC9925", "PAC_1": "ALC9925_MT_480944", "PAC_2": "ALC9925_MT_480945", "normal": "NF", "aberta": false, "TLCD": false, "TIP_UNID": "22", "tie": false, "externa": false, "energizado": false, "fonte": null}}, {"type": "Feature", "geometry": {"type": "Point", "coordinates": [-43.22655110464973, -22.924279536871097]}, "properties": {"camada": "UNSEMT", "COD_ID": "11026760", "CTMT": "RCP9882", "PAC_1": "RCP9882_MT_46365", "PAC_2": "RCP9882_MT_480967", "normal": "NF", "aberta": false, "TLCD": false, "TIP_UNID": "22", "tie": false, "externa": false, "energizado": true, "fonte": "RCP9882"}}, {"type": "Feature", "geometry": {"type": "Point", "coordinates": [-43.23852518019288, -22.918457677579738]}, "properties": {"camada": "UNSEMT", "COD_ID": "61217727", "CTMT": "ALC9946", "PAC_1": "ALC9946_MT_543242", "PAC_2": "ALC9946_MT_543243", "normal": "NF", "aberta": false, "TLCD": false, "TIP_UNID": "22", "tie": false, "externa": false, "energizado": true, "fonte": "ALC9946"}}, {"type": "Feature", "geometry": {"type": "Point", "coordinates": [-43.23620348770078, -22.924640872778014]}, "properties": {"camada": "UNSEMT", "COD_ID": "335520376", "CTMT": "ALC9925", "PAC_1": "ALC9925_MT_573041", "PAC_2": "ALC9925_MT_573042", "normal": "NF", "aberta": false, "TLCD": false, "TIP_UNID": "22", "tie": false, "externa": false, "energizado": false, "fonte": null}}, {"type": "Feature", "geometry": {"type": "Point", "coordinates": [-43.230372166642155, -22.928735780132115]}, "properties": {"camada": "UNSEMT", "COD_ID": "574155060", "CTMT": "RCP9882", "PAC_1": "RCP9882_MT_605452", "PAC_2": "RCP9882_MT_605453", "normal": "NF", "aberta": false, "TLCD": false, "TIP_UNID": "22", "tie": false, "externa": false, "energizado": true, "fonte": "RCP9882"}}, {"type": "Feature", "geometry": {"type": "Point", "coordinates": [-43.22687646857412, -22.92662720717982]}, "properties": {"camada": "UNSEMT", "COD_ID": "77996277", "CTMT": "RCP9882", "PAC_1": "RCP9882_MT_543639", "PAC_2": "RCP9882_MT_543640", "normal": "NF", "aberta": false, "TLCD": false, "TIP_UNID": "22", "tie": false, "externa": false, "energizado": true, "fonte": "RCP9882"}}, {"type": "Feature", "geometry": {"type": "Point", "coordinates": [-43.22707786814908, -22.930430092075028]}, "properties": {"camada": "UNSEMT", "COD_ID": "571428373", "CTMT": "RCP9882", "PAC_1": "RCP9882_MT_604796", "PAC_2": "RCP9882_MT_604797", "normal": "NF", "aberta": false, "TLCD": false, "TIP_UNID": "22", "tie": false, "externa": false, "energizado": true, "fonte": "RCP9882"}}, {"type": "Feature", "geometry": {"type": "Point", "coordinates": [-43.24222730684471, -22.933247919855546]}, "properties": {"camada": "UNSEMT", "COD_ID": "800259933", "CTMT": "URG29983", "PAC_1": "URG29983_MT_621409", "PAC_2": "URG29983_MT_621410", "normal": "NF", "aberta": false, "TLCD": false, "TIP_UNID": "22", "tie": false, "externa": false, "energizado": true, "fonte": "URG29983"}}, {"type": "Feature", "geometry": {"type": "Point", "coordinates": [-43.23631838868266, -22.923631690450122]}, "properties": {"camada": "UNSEMT", "COD_ID": "102261626", "CTMT": "ALC9946", "PAC_1": "ALC9946_MT_545530", "PAC_2": "ALC9946_MT_545531", "normal": "NF", "aberta": false, "TLCD": false, "TIP_UNID": "22", "tie": false, "externa": false, "energizado": true, "fonte": "ALC9946"}}, {"type": "Feature", "geometry": {"type": "Point", "coordinates": [-43.23656553766938, -22.924729098968726]}, "properties": {"camada": "UNSEMT", "COD_ID": "99217322", "CTMT": "ALC9925", "PAC_1": "ALC9925_MT_545256", "PAC_2": "ALC9925_MT_545257", "normal": "NF", "aberta": false, "TLCD": false, "TIP_UNID": "22", "tie": false, "externa": false, "energizado": false, "fonte": null}}, {"type": "Feature", "geometry": {"type": "Point", "coordinates": [-43.236893023094524, -22.92716448555251]}, "properties": {"camada": "UNSEMT", "COD_ID": "384446142", "CTMT": "ALC9925", "PAC_1": "ALC9925_MT_577160", "PAC_2": "ALC9925_MT_577161", "normal": "NF", "aberta": false, "TLCD": false, "TIP_UNID": "22", "tie": false, "externa": false, "energizado": false, "fonte": null}}, {"type": "Feature", "geometry": {"type": "Point", "coordinates": [-43.22757443151477, -22.930738949842635]}, "properties": {"camada": "UNSEMT", "COD_ID": "571428345", "CTMT": "RCP9882", "PAC_1": "RCP9882_MT_604794", "PAC_2": "RCP9882_MT_604795", "normal": "NF", "aberta": false, "TLCD": false, "TIP_UNID": "22", "tie": false, "externa": false, "energizado": true, "fonte": "RCP9882"}}, {"type": "Feature", "geometry": {"type": "Point", "coordinates": [-43.227688649011895, -22.93036541283351]}, "properties": {"camada": "UNSEMT", "COD_ID": "571428401", "CTMT": "RCP9882", "PAC_1": "RCP9882_MT_604798", "PAC_2": "RCP9882_MT_604799", "normal": "NF", "aberta": false, "TLCD": false, "TIP_UNID": "22", "tie": false, "externa": false, "energizado": true, "fonte": "RCP9882"}}, {"type": "Feature", "geometry": {"type": "Point", "coordinates": [-43.23833409764046, -22.92265376405993]}, "properties": {"camada": "UNSEMT", "COD_ID": "106667274", "CTMT": "ALC9946", "PAC_1": "ALC9946_MT_545923", "PAC_2": "ALC9946_MT_545924", "normal": "NF", "aberta": false, "TLCD": false, "TIP_UNID": "22", "tie": false, "externa": false, "energizado": true, "fonte": "ALC9946"}}, {"type": "Feature", "geometry": {"type": "Point", "coordinates": [-43.238766851409025, -22.92205752793251]}, "properties": {"camada": "UNSEMT", "COD_ID": "106667309", "CTMT": "ALC9946", "PAC_1": "ALC9946_MT_545925", "PAC_2": "ALC9946_MT_545926", "normal": "NF", "aberta": false, "TLCD": false, "TIP_UNID": "22", "tie": false, "externa": false, "energizado": true, "fonte": "ALC9946"}}, {"type": "Feature", "geometry": {"type": "Point", "coordinates": [-43.237022480503015, -22.92199321111775]}, "properties": {"camada": "UNSEMT", "COD_ID": "108475044", "CTMT": "ALC9946", "PAC_1": "ALC9946_MT_546176", "PAC_2": "ALC9946_MT_546177", "normal": "NF", "aberta": false, "TLCD": false, "TIP_UNID": "22", "tie": false, "externa": false, "energizado": true, "fonte": "ALC9946"}}, {"type": "Feature", "geometry": {"type": "Point", "coordinates": [-43.24052704318842, -22.9192362980167]}, "properties": {"camada": "UNSEMT", "COD_ID": "614905097", "CTMT": "ALC9925", "PAC_1": "ALC9925_MT_607905", "PAC_2": "ALC9925_MT_607906", "normal": "NF", "aberta": false, "TLCD": false, "TIP_UNID": "22", "tie": false, "externa": false, "energizado": false, "fonte": null}}, {"type": "Feature", "geometry": {"type": "Point", "coordinates": [-43.23218029588389, -22.929610322258497]}, "properties": {"camada": "UNSEMT", "COD_ID": "59145588", "CTMT": "URG29983", "PAC_1": "URG29983_MT_542877", "PAC_2": "URG29983_MT_542878", "normal": "NF", "aberta": false, "TLCD": false, "TIP_UNID": "22", "tie": false, "externa": false, "energizado": true, "fonte": "URG29983"}}, {"type": "Feature", "geometry": {"type": "Point", "coordinates": [-43.24175506474438, -22.92190434820708]}, "properties": {"camada": "UNSEMT", "COD_ID": "106628646", "CTMT": "ALC9946", "PAC_1": "ALC9946_MT_545917", "PAC_2": "ALC9946_MT_545918", "normal": "NF", "aberta": false, "TLCD": false, "TIP_UNID": "22", "tie": false, "externa": false, "energizado": true, "fonte": "ALC9946"}}, {"type": "Feature", "geometry": {"type": "Point", "coordinates": [-43.2392429677887, -22.921321290744913]}, "properties": {"camada": "UNSEMT", "COD_ID": "108427810", "CTMT": "ALC9946", "PAC_1": "ALC9946_MT_546169", "PAC_2": "ALC9946_MT_546170", "normal": "NF", "aberta": false, "TLCD": false, "TIP_UNID": "22", "tie": false, "externa": false, "energizado": true, "fonte": "ALC9946"}}, {"type": "Feature", "geometry": {"type": "Point", "coordinates": [-43.23228425571381, -22.929753260504526]}, "properties": {"camada": "UNSEMT", "COD_ID": "504562320", "CTMT": "URG29983", "PAC_1": "URG29983_MT_596881", "PAC_2": "URG29983_MT_596882", "normal": "NF", "aberta": false, "TLCD": false, "TIP_UNID": "22", "tie": false, "externa": false, "energizado": true, "fonte": "URG29983"}}, {"type": "Feature", "geometry": {"type": "Point", "coordinates": [-43.23673297434726, -22.92297565660124]}, "properties": {"camada": "UNSEMT", "COD_ID": "108453575", "CTMT": "ALC9946", "PAC_1": "ALC9946_MT_546174", "PAC_2": "ALC9946_MT_546175", "normal": "NF", "aberta": false, "TLCD": false, "TIP_UNID": "22", "tie": false, "externa": false, "energizado": true, "fonte": "ALC9946"}}, {"type": "Feature", "geometry": {"type": "Point", "coordinates": [-43.22648896509361, -22.928699451118746]}, "properties": {"camada": "UNSEMT", "COD_ID": "346912449", "CTMT": "RCP9882", "PAC_1": "RCP9882_MT_574401", "PAC_2": "RCP9882_MT_574402", "normal": "NF", "aberta": false, "TLCD": false, "TIP_UNID": "22", "tie": false, "externa": false, "energizado": true, "fonte": "RCP9882"}}, {"type": "Feature", "geometry": {"type": "Point", "coordinates": [-43.23487827461264, -22.931320178983015]}, "properties": {"camada": "UNSEMT", "COD_ID": "478746729", "CTMT": "URG29983", "PAC_1": "URG29983_MT_590803", "PAC_2": "URG29983_MT_590804", "normal": "NF", "aberta": false, "TLCD": false, "TIP_UNID": "22", "tie": false, "externa": false, "energizado": true, "fonte": "URG29983"}}, {"type": "Feature", "geometry": {"type": "Point", "coordinates": [-43.23335395791878, -22.927398687899085]}, "properties": {"camada": "UNSEMT", "COD_ID": "346912456", "CTMT": "RCP9882", "PAC_1": "RCP9882_MT_574403", "PAC_2": "RCP9882_MT_574404", "normal": "NF", "aberta": false, "TLCD": false, "TIP_UNID": "22", "tie": false, "externa": false, "energizado": true, "fonte": "RCP9882"}}, {"type": "Feature", "geometry": {"type": "Point", "coordinates": [-43.232493247365426, -22.92731416511657]}, "properties": {"camada": "UNSEMT", "COD_ID": "11026781", "CTMT": "RCP9882", "PAC_1": "RCP9882_MT_480970", "PAC_2": "RCP9882_MT_480971", "normal": "NF", "aberta": false, "TLCD": false, "TIP_UNID": "22", "tie": false, "externa": false, "energizado": true, "fonte": "RCP9882"}}, {"type": "Feature", "geometry": {"type": "Point", "coordinates": [-43.227434967349836, -22.927271971624123]}, "properties": {"camada": "UNSEMT", "COD_ID": "723337199", "CTMT": "RCP9882", "PAC_1": "RCP9882_MT_617112", "PAC_2": "RCP9882_MT_617113", "normal": "NF", "aberta": false, "TLCD": false, "TIP_UNID": "22", "tie": false, "externa": false, "energizado": true, "fonte": "RCP9882"}}, {"type": "Feature", "geometry": {"type": "Point", "coordinates": [-43.22648758013764, -22.92620091683881]}, "properties": {"camada": "UNSEMT", "COD_ID": "77996312", "CTMT": "RCP9882", "PAC_1": "RCP9882_MT_543641", "PAC_2": "RCP9882_MT_543642", "normal": "NF", "aberta": false, "TLCD": false, "TIP_UNID": "22", "tie": false, "externa": false, "energizado": true, "fonte": "RCP9882"}}, {"type": "Feature", "geometry": {"type": "Point", "coordinates": [-43.23904639937177, -22.921640572554338]}, "properties": {"camada": "UNSEMT", "COD_ID": "108767036", "CTMT": "ALC9946", "PAC_1": "ALC9946_MT_546209", "PAC_2": "ALC9946_MT_546210", "normal": "NF", "aberta": false, "TLCD": false, "TIP_UNID": "22", "tie": false, "externa": false, "energizado": true, "fonte": "ALC9946"}}, {"type": "Feature", "geometry": {"type": "Point", "coordinates": [-43.24107582838673, -22.921602268629726]}, "properties": {"camada": "UNSEMT", "COD_ID": "69486348", "CTMT": "ALC9946", "PAC_1": "ALC9946_MT_543357", "PAC_2": "ALC9946_MT_543358", "normal": "NF", "aberta": false, "TLCD": false, "TIP_UNID": "22", "tie": false, "externa": false, "energizado": true, "fonte": "ALC9946"}}, {"type": "Feature", "geometry": {"type": "Point", "coordinates": [-43.23581302185346, -22.929273095377027]}, "properties": {"camada": "UNSEMT", "COD_ID": "545552723", "CTMT": "URG29983", "PAC_1": "URG29983_MT_602642", "PAC_2": "URG29983_MT_602643", "normal": "NF", "aberta": false, "TLCD": false, "TIP_UNID": "22", "tie": false, "externa": false, "energizado": true, "fonte": "URG29983"}}, {"type": "Feature", "geometry": {"type": "Point", "coordinates": [-43.23317696774285, -22.932685705081155]}, "properties": {"camada": "UNSEMT", "COD_ID": "58136582", "CTMT": "URG29983", "PAC_1": "URG29983_MT_542612", "PAC_2": "URG29983_MT_542613", "normal": "NF", "aberta": false, "TLCD": false, "TIP_UNID": "22", "tie": false, "externa": false, "energizado": true, "fonte": "URG29983"}}, {"type": "Feature", "geometry": {"type": "Point", "coordinates": [-43.225686586366805, -22.92530052819677]}, "properties": {"camada": "UNSEMT", "COD_ID": "816422515", "CTMT": "RCP9882", "PAC_1": "RCP9882_MT_622150", "PAC_2": "RCP9882_MT_622151", "normal": "NF", "aberta": false, "TLCD": false, "TIP_UNID": "22", "tie": false, "externa": false, "energizado": true, "fonte": "RCP9882"}}, {"type": "Feature", "geometry": {"type": "Point", "coordinates": [-43.238457068239086, -22.927381661934078]}, "properties": {"camada": "UNSEMT", "COD_ID": "1009901594", "CTMT": "URG29706", "PAC_1": "ALC9925_MT_649802", "PAC_2": "EXT:URG29706", "normal": "NA", "aberta": true, "TLCD": true, "TIP_UNID": "32", "tie": true, "externa": true, "energizado": false, "fonte": "URG29706"}}, {"type": "Feature", "geometry": {"type": "Point", "coordinates": [-43.22423549247395, -22.924291629155334]}, "properties": {"camada": "UNSEMT", "COD_ID": "11006416", "CTMT": "RCP9821", "PAC_1": "RCP9882_MT_42384", "PAC_2": "EXT:RCP9821", "normal": "NA", "aberta": true, "TLCD": false, "TIP_UNID": "19", "tie": true, "externa": true, "energizado": true, "fonte": "RCP9882"}}, {"type": "Feature", "geometry": {"type": "Point", "coordinates": [-43.236909841316105, -22.932031606573332]}, "properties": {"camada": "UNSEMT", "COD_ID": "11006717", "CTMT": "URG29970", "PAC_1": "URG29983_MT_479638", "PAC_2": "EXT:URG29970", "normal": "NA", "aberta": true, "TLCD": false, "TIP_UNID": "19", "tie": true, "externa": true, "energizado": true, "fonte": "URG29983"}}, {"type": "Feature", "geometry": {"type": "Point", "coordinates": [-43.23845043843693, -22.927387701780958]}, "properties": {"camada": "UNSEMT", "COD_ID": "11035887", "CTMT": "URG29706", "PAC_1": "ALC9925_MT_481055", "PAC_2": "EXT:URG29706", "normal": "NA", "aberta": true, "TLCD": false, "TIP_UNID": "19", "tie": true, "externa": true, "energizado": false, "fonte": "URG29706"}}, {"type": "Feature", "geometry": {"type": "Point", "coordinates": [-43.227464079303786, -22.92410272566019]}, "properties": {"camada": "UNSEMT", "COD_ID": "11100541", "CTMT": "RCP33216", "PAC_1": "RCP9882_MT_485629", "PAC_2": "EXT:RCP33216", "normal": "NA", "aberta": true, "TLCD": false, "TIP_UNID": "19", "tie": true, "externa": true, "energizado": true, "fonte": "RCP9882"}}, {"type": "Feature", "geometry": {"type": "Point", "coordinates": [-43.24084757595483, -22.918751854814218]}, "properties": {"camada": "UNSEMT", "COD_ID": "253542050", "CTMT": "ALC740", "PAC_1": "ALC9925_MT_46118", "PAC_2": "EXT:ALC740", "normal": "NA", "aberta": true, "TLCD": false, "TIP_UNID": "19", "tie": true, "externa": true, "energizado": false, "fonte": "ALC740"}}, {"type": "Feature", "geometry": {"type": "Point", "coordinates": [-43.22748260713655, -22.92704894335401]}, "properties": {"camada": "UNSEMT", "COD_ID": "611083437", "CTMT": "RCP0001", "PAC_1": "RCP9882_MT_607581", "PAC_2": "EXT:RCP0001", "normal": "NA", "aberta": true, "TLCD": false, "TIP_UNID": "19", "tie": true, "externa": true, "energizado": true, "fonte": "RCP9882"}}, {"type": "Feature", "geometry": {"type": "Point", "coordinates": [-43.23695814030589, -22.929989922496873]}, "properties": {"camada": "UNSEMT", "COD_ID": "690505338", "CTMT": "URG29706", "PAC_1": "URG29983_MT_614937", "PAC_2": "EXT:URG29706", "normal": "NA", "aberta": true, "TLCD": false, "TIP_UNID": "19", "tie": true, "externa": true, "energizado": true, "fonte": "URG29983"}}, {"type": "Feature", "geometry": {"type": "Point", "coordinates": [-43.2378239617064, -22.91815058248335]}, "properties": {"camada": "UNSEMT", "COD_ID": "903994351", "CTMT": "ALC740", "PAC_1": "ALC9946_MT_624366", "PAC_2": "EXT:ALC740", "normal": "NA", "aberta": true, "TLCD": false, "TIP_UNID": "19", "tie": true, "externa": true, "energizado": true, "fonte": "ALC9946"}}, {"type": "Feature", "geometry": {"type": "Point", "coordinates": [-43.23693720588727, -22.93206051977711]}, "properties": {"camada": "UNSEMT", "COD_ID": "977477633", "CTMT": "URG29970", "PAC_1": "URG29983_MT_648540", "PAC_2": "EXT:URG29970", "normal": "NA", "aberta": true, "TLCD": true, "TIP_UNID": "32", "tie": true, "externa": true, "energizado": true, "fonte": "URG29983"}}, {"type": "Feature", "geometry": {"type": "Point", "coordinates": [-43.24228620434479, -22.93541597936394]}, "properties": {"camada": "UNTRMT", "COD_ID": "10938105", "CTMT": "URG29983", "PAC": "URG29983_MT_360364", "POT_NOM": 300.0, "n_UCBT": 150, "energizado": true, "fonte": "URG29983"}}, {"type": "Feature", "geometry": {"type": "Point", "coordinates": [-43.236775875606156, -22.930095044250834]}, "properties": {"camada": "UNTRMT", "COD_ID": "10938237", "CTMT": "URG29983", "PAC": "URG29983_MT_357785", "POT_NOM": 300.0, "n_UCBT": 240, "energizado": true, "fonte": "URG29983"}}, {"type": "Feature", "geometry": {"type": "Point", "coordinates": [-43.23286241636737, -22.925944411305466]}, "properties": {"camada": "UNTRMT", "COD_ID": "10951769", "CTMT": "RCP9882", "PAC": "RCP9882_MT_314866", "POT_NOM": 300.0, "n_UCBT": 237, "energizado": true, "fonte": "RCP9882"}}, {"type": "Feature", "geometry": {"type": "Point", "coordinates": [-43.23532928371941, -22.92550085218255]}, "properties": {"camada": "UNTRMT", "COD_ID": "10951805", "CTMT": "ALC9925", "PAC": "ALC9925_MT_358311", "POT_NOM": 300.0, "n_UCBT": 70, "energizado": false, "fonte": null}}, {"type": "Feature", "geometry": {"type": "Point", "coordinates": [-43.23813858502763, -22.932407286666887]}, "properties": {"camada": "UNTRMT", "COD_ID": "10938189", "CTMT": "URG29983", "PAC": "URG29983_MT_357953", "POT_NOM": 300.0, "n_UCBT": 105, "energizado": true, "fonte": "URG29983"}}, {"type": "Feature", "geometry": {"type": "Point", "coordinates": [-43.23665773166891, -22.931148728630887]}, "properties": {"camada": "UNTRMT", "COD_ID": "10938195", "CTMT": "URG29983", "PAC": "URG29983_MT_403460", "POT_NOM": 300.0, "n_UCBT": 95, "energizado": true, "fonte": "URG29983"}}, {"type": "Feature", "geometry": {"type": "Point", "coordinates": [-43.23672779515158, -22.931254849531626]}, "properties": {"camada": "UNTRMT", "COD_ID": "10938213", "CTMT": "URG29983", "PAC": "URG29983_MT_357811", "POT_NOM": 300.0, "n_UCBT": 128, "energizado": true, "fonte": "URG29983"}}, {"type": "Feature", "geometry": {"type": "Point", "coordinates": [-43.24071039696719, -22.92122023302727]}, "properties": {"camada": "UNTRMT", "COD_ID": "10908733", "CTMT": "ALC9946", "PAC": "ALC9946_MT_356962", "POT_NOM": 225.0, "n_UCBT": 118, "energizado": true, "fonte": "ALC9946"}}, {"type": "Feature", "geometry": {"type": "Point", "coordinates": [-43.23617381007324, -22.924412457568792]}, "properties": {"camada": "UNTRMT", "COD_ID": "10915041", "CTMT": "ALC9925", "PAC": "ALC9925_MT_442259", "POT_NOM": 500.0, "n_UCBT": 286, "energizado": false, "fonte": null}}, {"type": "Feature", "geometry": {"type": "Point", "coordinates": [-43.237745875371786, -22.92381175450879]}, "properties": {"camada": "UNTRMT", "COD_ID": "10914921", "CTMT": "ALC9925", "PAC": "ALC9925_MT_403349", "POT_NOM": 225.0, "n_UCBT": 200, "energizado": false, "fonte": null}}, {"type": "Feature", "geometry": {"type": "Point", "coordinates": [-43.23333710732163, -22.931422532623742]}, "properties": {"camada": "UNTRMT", "COD_ID": "10938291", "CTMT": "URG29983", "PAC": "URG29983_MT_357832", "POT_NOM": 300.0, "n_UCBT": 147, "energizado": true, "fonte": "URG29983"}}, {"type": "Feature", "geometry": {"type": "Point", "coordinates": [-43.238574116802, -22.93265594921263]}, "properties": {"camada": "UNTRMT", "COD_ID": "10990907", "CTMT": "URG29983", "PAC": "URG29983_MT_359736", "POT_NOM": 30.0, "n_UCBT": 0, "energizado": true, "fonte": "URG29983"}}, {"type": "Feature", "geometry": {"type": "Point", "coordinates": [-43.235710150203204, -22.924826492848297]}, "properties": {"camada": "UNTRMT", "COD_ID": "10991567", "CTMT": "ALC9925", "PAC": "ALC9925_MT_442732", "POT_NOM": 15.0, "n_UCBT": 0, "energizado": false, "fonte": null}}, {"type": "Feature", "geometry": {"type": "Point", "coordinates": [-43.2386316104604, -22.920065827276062]}, "properties": {"camada": "UNTRMT", "COD_ID": "10908811", "CTMT": "ALC9946", "PAC": "ALC9946_MT_356954", "POT_NOM": 75.0, "n_UCBT": 43, "energizado": true, "fonte": "ALC9946"}}, {"type": "Feature", "geometry": {"type": "Point", "coordinates": [-43.23819875956508, -22.923982937762332]}, "properties": {"camada": "UNTRMT", "COD_ID": "10914927", "CTMT": "ALC9925", "PAC": "ALC9925_MT_442252", "POT_NOM": 112.5, "n_UCBT": 36, "energizado": false, "fonte": null}}, {"type": "Feature", "geometry": {"type": "Point", "coordinates": [-43.23408073423843, -22.92989204837926]}, "properties": {"camada": "UNTRMT", "COD_ID": "10951757", "CTMT": "ALC9925", "PAC": "ALC9925_MT_442428", "POT_NOM": 112.5, "n_UCBT": 58, "energizado": false, "fonte": null}}, {"type": "Feature", "geometry": {"type": "Point", "coordinates": [-43.239178509780345, -22.921555181926067]}, "properties": {"camada": "UNTRMT", "COD_ID": "10909039", "CTMT": "ALC9946", "PAC": "ALC9946_MT_357009", "POT_NOM": 112.5, "n_UCBT": 42, "energizado": true, "fonte": "ALC9946"}}, {"type": "Feature", "geometry": {"type": "Point", "coordinates": [-43.23321806046505, -22.927874928385165]}, "properties": {"camada": "UNTRMT", "COD_ID": "10951715", "CTMT": "RCP9882", "PAC": "RCP9882_MT_314874", "POT_NOM": 112.5, "n_UCBT": 34, "energizado": true, "fonte": "RCP9882"}}, {"type": "Feature", "geometry": {"type": "Point", "coordinates": [-43.238834496614686, -22.919521393897185]}, "properties": {"camada": "UNTRMT", "COD_ID": "10915311", "CTMT": "ALC9946", "PAC": "ALC9946_MT_356951", "POT_NOM": 112.5, "n_UCBT": 82, "energizado": true, "fonte": "ALC9946"}}, {"type": "Feature", "geometry": {"type": "Point", "coordinates": [-43.23402375948888, -22.932514397721206]}, "properties": {"camada": "UNTRMT", "COD_ID": "336576773", "CTMT": "URG29983", "PAC": "URG29983_MT_302080", "POT_NOM": 112.5, "n_UCBT": 16, "energizado": true, "fonte": "URG29983"}}, {"type": "Feature", "geometry": {"type": "Point", "coordinates": [-43.236936946882565, -22.92203585157324]}, "properties": {"camada": "UNTRMT", "COD_ID": "10908895", "CTMT": "ALC9946", "PAC": "ALC9946_MT_356988", "POT_NOM": 112.5, "n_UCBT": 46, "energizado": true, "fonte": "ALC9946"}}, {"type": "Feature", "geometry": {"type": "Point", "coordinates": [-43.23794562648942, -22.923309261912834]}, "properties": {"camada": "UNTRMT", "COD_ID": "380401182", "CTMT": "ALC9925", "PAC": "ALC9925_MT_405993", "POT_NOM": 112.5, "n_UCBT": 11, "energizado": false, "fonte": null}}, {"type": "Feature", "geometry": {"type": "Point", "coordinates": [-43.238209841910646, -22.920585777511576]}, "properties": {"camada": "UNTRMT", "COD_ID": "10908853", "CTMT": "ALC9946", "PAC": "ALC9946_MT_356984", "POT_NOM": 112.5, "n_UCBT": 68, "energizado": true, "fonte": "ALC9946"}}, {"type": "Feature", "geometry": {"type": "Point", "coordinates": [-43.236453317566486, -22.926735784129107]}, "properties": {"camada": "UNTRMT", "COD_ID": "848545957", "CTMT": "ALC9925", "PAC": "ALC9925_MT_419214", "POT_NOM": 112.5, "n_UCBT": 12, "energizado": false, "fonte": null}}, {"type": "Feature", "geometry": {"type": "Point", "coordinates": [-43.23661236356969, -22.92281907114318]}, "properties": {"camada": "UNTRMT", "COD_ID": "10908961", "CTMT": "ALC9946", "PAC": "ALC9946_MT_356993", "POT_NOM": 112.5, "n_UCBT": 115, "energizado": true, "fonte": "ALC9946"}}, {"type": "Feature", "geometry": {"type": "Point", "coordinates": [-43.234108689664254, -22.930022065166156]}, "properties": {"camada": "UNTRMT", "COD_ID": "10992041", "CTMT": "ALC9925", "PAC": "ALC9925_MT_403348", "POT_NOM": 30.0, "n_UCBT": 0, "energizado": false, "fonte": null}}, {"type": "Feature", "geometry": {"type": "Point", "coordinates": [-43.23726606457717, -22.925819081785164]}, "properties": {"camada": "UNTRMT", "COD_ID": "10915053", "CTMT": "ALC9925", "PAC": "ALC9925_MT_442260", "POT_NOM": 300.0, "n_UCBT": 61, "energizado": false, "fonte": null}}, {"type": "Feature", "geometry": {"type": "Point", "coordinates": [-43.23601927147217, -22.933879999362432]}, "properties": {"camada": "UNTRMT", "COD_ID": "478747291", "CTMT": "URG29983", "PAC": "URG29983_MT_409381", "POT_NOM": 150.0, "n_UCBT": 32, "energizado": true, "fonte": "URG29983"}}, {"type": "Feature", "geometry": {"type": "Point", "coordinates": [-43.24180044453482, -22.92195591893045]}, "properties": {"camada": "UNTRMT", "COD_ID": "10908757", "CTMT": "ALC9946", "PAC": "ALC9946_MT_356963", "POT_NOM": 225.0, "n_UCBT": 127, "energizado": true, "fonte": "ALC9946"}}, {"type": "Feature", "geometry": {"type": "Point", "coordinates": [-43.23627927446893, -22.925321194617368]}, "properties": {"camada": "UNTRMT", "COD_ID": "10915089", "CTMT": "ALC9925", "PAC": "ALC9925_MT_442261", "POT_NOM": 225.0, "n_UCBT": 160, "energizado": false, "fonte": null}}, {"type": "Feature", "geometry": {"type": "Point", "coordinates": [-43.23940896555126, -22.92279413654012]}, "properties": {"camada": "UNTRMT", "COD_ID": "10914999", "CTMT": "ALC9925", "PAC": "ALC9925_MT_442254", "POT_NOM": 300.0, "n_UCBT": 181, "energizado": false, "fonte": null}}, {"type": "Feature", "geometry": {"type": "Point", "coordinates": [-43.23393312671237, -22.929228725525206]}, "properties": {"camada": "UNTRMT", "COD_ID": "10951745", "CTMT": "ALC9925", "PAC": "ALC9925_MT_442426", "POT_NOM": 300.0, "n_UCBT": 121, "energizado": false, "fonte": null}}, {"type": "Feature", "geometry": {"type": "Point", "coordinates": [-43.240277871626404, -22.91965487577187]}, "properties": {"camada": "UNTRMT", "COD_ID": "10953371", "CTMT": "ALC9925", "PAC": "ALC9925_MT_442507", "POT_NOM": 225.0, "n_UCBT": 114, "energizado": false, "fonte": null}}, {"type": "Feature", "geometry": {"type": "Point", "coordinates": [-43.234279152560816, -22.930799851931567]}, "properties": {"camada": "UNTRMT", "COD_ID": "515056745", "CTMT": "ALC9925", "PAC": "ALC9925_MT_410997", "POT_NOM": 150.0, "n_UCBT": 1, "energizado": false, "fonte": null}}, {"type": "Feature", "geometry": {"type": "Point", "coordinates": [-43.24146142620384, -22.921766267199416]}, "properties": {"camada": "UNTRMT", "COD_ID": "10908727", "CTMT": "ALC9946", "PAC": "ALC9946_MT_356964", "POT_NOM": 150.0, "n_UCBT": 95, "energizado": true, "fonte": "ALC9946"}}, {"type": "Feature", "geometry": {"type": "Point", "coordinates": [-43.2390534167817, -22.91935089592704]}, "properties": {"camada": "UNTRMT", "COD_ID": "10915317", "CTMT": "ALC9946", "PAC": "ALC9946_MT_356953", "POT_NOM": 150.0, "n_UCBT": 21, "energizado": true, "fonte": "ALC9946"}}, {"type": "Feature", "geometry": {"type": "Point", "coordinates": [-43.23540531330451, -22.929649669396667]}, "properties": {"camada": "UNTRMT", "COD_ID": "10938261", "CTMT": "URG29983", "PAC": "URG29983_MT_403459", "POT_NOM": 150.0, "n_UCBT": 95, "energizado": true, "fonte": "URG29983"}}, {"type": "Feature", "geometry": {"type": "Point", "coordinates": [-43.233578872067255, -22.935087129667238]}, "properties": {"camada": "UNTRMT", "COD_ID": "10938315", "CTMT": "URG29983", "PAC": "URG29983_MT_357865", "POT_NOM": 150.0, "n_UCBT": 128, "energizado": true, "fonte": "URG29983"}}, {"type": "Feature", "geometry": {"type": "Point", "coordinates": [-43.234243915324384, -22.930624519206162]}, "properties": {"camada": "UNTRMT", "COD_ID": "10951763", "CTMT": "ALC9925", "PAC": "ALC9925_MT_442429", "POT_NOM": 150.0, "n_UCBT": 124, "energizado": false, "fonte": null}}, {"type": "Feature", "geometry": {"type": "Point", "coordinates": [-43.23971084997572, -22.922479067155166]}, "properties": {"camada": "UNTRMT", "COD_ID": "10915005", "CTMT": "ALC9925", "PAC": "ALC9925_MT_442255", "POT_NOM": 150.0, "n_UCBT": 91, "energizado": false, "fonte": null}}, {"type": "Feature", "geometry": {"type": "Point", "coordinates": [-43.23567413325458, -22.925262279130834]}, "properties": {"camada": "UNTRMT", "COD_ID": "11193681", "CTMT": "ALC9925", "PAC": "ALC9925_MT_358313", "POT_NOM": 150.0, "n_UCBT": 45, "energizado": false, "fonte": null}}, {"type": "Feature", "geometry": {"type": "Point", "coordinates": [-43.243225864581916, -22.936175288658603]}, "properties": {"camada": "UNTRMT", "COD_ID": "107684964", "CTMT": "URG29983", "PAC": "URG29983_MT_347800", "POT_NOM": 150.0, "n_UCBT": 41, "energizado": true, "fonte": "URG29983"}}, {"type": "Feature", "geometry": {"type": "Point", "coordinates": [-43.24251409704789, -22.933126466413228]}, "properties": {"camada": "UNTRMT", "COD_ID": "10938147", "CTMT": "URG29983", "PAC": "URG29983_MT_357873", "POT_NOM": 150.0, "n_UCBT": 51, "energizado": true, "fonte": "URG29983"}}, {"type": "Feature", "geometry": {"type": "Point", "coordinates": [-43.236865308687015, -22.927115945544415]}, "properties": {"camada": "UNTRMT", "COD_ID": "767084577", "CTMT": "ALC9925", "PAC": "ALC9925_MT_416726", "POT_NOM": 150.0, "n_UCBT": 39, "energizado": false, "fonte": null}}, {"type": "Feature", "geometry": {"type": "Point", "coordinates": [-43.233963516602955, -22.931035278255422]}, "properties": {"camada": "UNTRMT", "COD_ID": "10951427", "CTMT": "URG29983", "PAC": "URG29983_MT_357837", "POT_NOM": 30.0, "n_UCBT": 74, "energizado": true, "fonte": "URG29983"}}, {"type": "Feature", "geometry": {"type": "Point", "coordinates": [-43.236537897006315, -22.923482045959588]}, "properties": {"camada": "UNTRMT", "COD_ID": "893701651", "CTMT": "ALC9946", "PAC": "ALC9946_MT_347154", "POT_NOM": 75.0, "n_UCBT": 3, "energizado": true, "fonte": "ALC9946"}}, {"type": "Feature", "geometry": {"type": "Point", "coordinates": [-43.2377792060455, -22.918487116886865]}, "properties": {"camada": "UNTRMT", "COD_ID": "10915281", "CTMT": "ALC9946", "PAC": "ALC9946_MT_442275", "POT_NOM": 225.0, "n_UCBT": 92, "energizado": true, "fonte": "ALC9946"}}, {"type": "Feature", "geometry": {"type": "Point", "coordinates": [-43.23808078110312, -22.920978494361975]}, "properties": {"camada": "UNTRMT", "COD_ID": "846175642", "CTMT": "ALC9946", "PAC": "ALC9946_MT_298941", "POT_NOM": 225.0, "n_UCBT": 49, "energizado": true, "fonte": "ALC9946"}}, {"type": "Feature", "geometry": {"type": "Point", "coordinates": [-43.237126364789845, -22.926129861403922]}, "properties": {"camada": "UNTRMT", "COD_ID": "10915101", "CTMT": "ALC9925", "PAC": "ALC9925_MT_442263", "POT_NOM": 300.0, "n_UCBT": 161, "energizado": false, "fonte": null}}, {"type": "Feature", "geometry": {"type": "Point", "coordinates": [-43.237703171963744, -22.932149593129168]}, "properties": {"camada": "UNTRMT", "COD_ID": "10938201", "CTMT": "URG29983", "PAC": "URG29983_MT_357812", "POT_NOM": 300.0, "n_UCBT": 136, "energizado": true, "fonte": "URG29983"}}, {"type": "Feature", "geometry": {"type": "Point", "coordinates": [-43.23916977286666, -22.922274254653075]}, "properties": {"camada": "UNTRMT", "COD_ID": "10909033", "CTMT": "ALC9946", "PAC": "ALC9946_MT_357006", "POT_NOM": 75.0, "n_UCBT": 59, "energizado": true, "fonte": "ALC9946"}}, {"type": "Feature", "geometry": {"type": "Point", "coordinates": [-43.233307857771365, -22.93345701043262]}, "properties": {"camada": "UNTRMT", "COD_ID": "10938327", "CTMT": "URG29983", "PAC": "URG29983_MT_357862", "POT_NOM": 75.0, "n_UCBT": 22, "energizado": true, "fonte": "URG29983"}}, {"type": "Feature", "geometry": {"type": "Point", "coordinates": [-43.23401755956269, -22.932162786183596]}, "properties": {"camada": "UNTRMT", "COD_ID": "10938351", "CTMT": "URG29983", "PAC": "URG29983_MT_357850", "POT_NOM": 45.0, "n_UCBT": 36, "energizado": true, "fonte": "URG29983"}}, {"type": "Feature", "geometry": {"type": "Point", "coordinates": [-43.23741135724828, -22.92555826670059]}, "properties": {"camada": "UNTRMT", "COD_ID": "10915029", "CTMT": "ALC9925", "PAC": "ALC9925_MT_442258", "POT_NOM": 45.0, "n_UCBT": 2, "energizado": false, "fonte": null}}, {"type": "Feature", "geometry": {"type": "Point", "coordinates": [-43.2352005853387, -22.930221745237304]}, "properties": {"camada": "UNTRMT", "COD_ID": "10938273", "CTMT": "URG29983", "PAC": "URG29983_MT_357818", "POT_NOM": 112.5, "n_UCBT": 46, "energizado": true, "fonte": "URG29983"}}, {"type": "Feature", "geometry": {"type": "Point", "coordinates": [-43.24065237720538, -22.92218041849145]}, "properties": {"camada": "UNTRMT", "COD_ID": "11193669", "CTMT": "ALC9946", "PAC": "ALC9946_MT_356967", "POT_NOM": 112.5, "n_UCBT": 73, "energizado": true, "fonte": "ALC9946"}}, {"type": "Feature", "geometry": {"type": "Point", "coordinates": [-43.23625444958316, -22.923240632848888]}, "properties": {"camada": "UNTRMT", "COD_ID": "10908979", "CTMT": "ALC9946", "PAC": "ALC9946_MT_356994", "POT_NOM": 45.0, "n_UCBT": 30, "energizado": true, "fonte": "ALC9946"}}, {"type": "Feature", "geometry": {"type": "Point", "coordinates": [-43.24222831408537, -22.934471179501315]}, "properties": {"camada": "UNTRMT", "COD_ID": "10938099", "CTMT": "URG29983", "PAC": "URG29983_MT_357643", "POT_NOM": 112.5, "n_UCBT": 135, "energizado": true, "fonte": "URG29983"}}, {"type": "Feature", "geometry": {"type": "Point", "coordinates": [-43.238342630408, -22.91945364976607]}, "properties": {"camada": "UNTRMT", "COD_ID": "10915323", "CTMT": "ALC9946", "PAC": "ALC9946_MT_356950", "POT_NOM": 75.0, "n_UCBT": 103, "energizado": true, "fonte": "ALC9946"}}, {"type": "Feature", "geometry": {"type": "Point", "coordinates": [-43.241893709626936, -22.92166585069839]}, "properties": {"camada": "UNTRMT", "COD_ID": "10908751", "CTMT": "ALC9946", "PAC": "ALC9946_MT_356965", "POT_NOM": 112.5, "n_UCBT": 46, "energizado": true, "fonte": "ALC9946"}}, {"type": "Feature", "geometry": {"type": "Point", "coordinates": [-43.238366738534125, -22.92215178137957]}, "properties": {"camada": "UNTRMT", "COD_ID": "10909009", "CTMT": "ALC9946", "PAC": "ALC9946_MT_357001", "POT_NOM": 112.5, "n_UCBT": 72, "energizado": true, "fonte": "ALC9946"}}, {"type": "Feature", "geometry": {"type": "Point", "coordinates": [-43.23983763280046, -22.91904627936225]}, "properties": {"camada": "UNTRMT", "COD_ID": "10914819", "CTMT": "ALC9925", "PAC": "ALC9925_MT_442248", "POT_NOM": 112.5, "n_UCBT": 77, "energizado": false, "fonte": null}}, {"type": "Feature", "geometry": {"type": "Point", "coordinates": [-43.23302980897847, -22.932395611668085]}, "properties": {"camada": "UNTRMT", "COD_ID": "10938345", "CTMT": "URG29983", "PAC": "URG29983_MT_357858", "POT_NOM": 112.5, "n_UCBT": 60, "energizado": true, "fonte": "URG29983"}}, {"type": "Feature", "geometry": {"type": "Point", "coordinates": [-43.23693795142526, -22.927468168621033]}, "properties": {"camada": "UNTRMT", "COD_ID": "10915125", "CTMT": "ALC9925", "PAC": "ALC9925_MT_442265", "POT_NOM": 112.5, "n_UCBT": 120, "energizado": false, "fonte": null}}, {"type": "Feature", "geometry": {"type": "Point", "coordinates": [-43.23878616794724, -22.921981723177964]}, "properties": {"camada": "UNTRMT", "COD_ID": "10909045", "CTMT": "ALC9946", "PAC": "ALC9946_MT_357008", "POT_NOM": 112.5, "n_UCBT": 61, "energizado": true, "fonte": "ALC9946"}}, {"type": "Feature", "geometry": {"type": "Point", "coordinates": [-43.23788744125238, -22.92241666409774]}, "properties": {"camada": "UNTRMT", "COD_ID": "10909021", "CTMT": "ALC9946", "PAC": "ALC9946_MT_357002", "POT_NOM": 112.5, "n_UCBT": 123, "energizado": true, "fonte": "ALC9946"}}, {"type": "Feature", "geometry": {"type": "Point", "coordinates": [-43.24051544912862, -22.92123572564816]}, "properties": {"camada": "UNTRMT", "COD_ID": "10908739", "CTMT": "ALC9946", "PAC": "ALC9946_MT_356961", "POT_NOM": 112.5, "n_UCBT": 61, "energizado": true, "fonte": "ALC9946"}}, {"type": "Feature", "geometry": {"type": "Point", "coordinates": [-43.24358028560164, -22.93666686708218]}, "properties": {"camada": "UNTRMT", "COD_ID": "10950521", "CTMT": "URG29983", "PAC": "URG29983_MT_358309", "POT_NOM": 112.5, "n_UCBT": 141, "energizado": true, "fonte": "URG29983"}}, {"type": "Feature", "geometry": {"type": "Point", "coordinates": [-43.23753013700616, -22.918676864845395]}, "properties": {"camada": "UNTRMT", "COD_ID": "10915263", "CTMT": "ALC9946", "PAC": "ALC9946_MT_298827", "POT_NOM": 112.5, "n_UCBT": 41, "energizado": true, "fonte": "ALC9946"}}, {"type": "Feature", "geometry": {"type": "Point", "coordinates": [-43.23808797567949, -22.923271460709316]}, "properties": {"camada": "UNTRMT", "COD_ID": "10914873", "CTMT": "ALC9925", "PAC": "ALC9925_MT_403350", "POT_NOM": 112.5, "n_UCBT": 45, "energizado": false, "fonte": null}}, {"type": "Feature", "geometry": {"type": "Point", "coordinates": [-43.232988534593176, -22.926552372793708]}, "properties": {"camada": "UNTRMT", "COD_ID": "10951697", "CTMT": "RCP9882", "PAC": "RCP9882_MT_358316", "POT_NOM": 112.5, "n_UCBT": 82, "energizado": true, "fonte": "RCP9882"}}, {"type": "Feature", "geometry": {"type": "Point", "coordinates": [-43.233549378800774, -22.928034530169384]}, "properties": {"camada": "UNTRMT", "COD_ID": "10951733", "CTMT": "ALC9925", "PAC": "ALC9925_MT_358321", "POT_NOM": 112.5, "n_UCBT": 73, "energizado": false, "fonte": null}}, {"type": "Feature", "geometry": {"type": "Point", "coordinates": [-43.233727652309256, -22.928538560606057]}, "properties": {"camada": "UNTRMT", "COD_ID": "10951739", "CTMT": "ALC9925", "PAC": "ALC9925_MT_442425", "POT_NOM": 112.5, "n_UCBT": 47, "energizado": false, "fonte": null}}, {"type": "Feature", "geometry": {"type": "Point", "coordinates": [-43.233280819654055, -22.9273067007436]}, "properties": {"camada": "UNTRMT", "COD_ID": "10951703", "CTMT": "RCP9882", "PAC": "RCP9882_MT_358317", "POT_NOM": 112.5, "n_UCBT": 81, "energizado": true, "fonte": "RCP9882"}}, {"type": "Feature", "geometry": {"type": "Point", "coordinates": [-43.23284890405364, -22.928143548685796]}, "properties": {"camada": "UNTRMT", "COD_ID": "11193207", "CTMT": "RCP9882", "PAC": "RCP9882_MT_358318", "POT_NOM": 112.5, "n_UCBT": 79, "energizado": true, "fonte": "RCP9882"}}, {"type": "Feature", "geometry": {"type": "Point", "coordinates": [-43.239241533370034, -22.920986799601053]}, "properties": {"camada": "UNTRMT", "COD_ID": "10909069", "CTMT": "ALC9946", "PAC": "ALC9946_MT_357013", "POT_NOM": 112.5, "n_UCBT": 97, "energizado": true, "fonte": "ALC9946"}}, {"type": "Feature", "geometry": {"type": "Point", "coordinates": [-43.23909246444566, -22.919826465518952]}, "properties": {"camada": "UNTRMT", "COD_ID": "10915329", "CTMT": "ALC9946", "PAC": "ALC9946_MT_360707", "POT_NOM": 112.5, "n_UCBT": 45, "energizado": true, "fonte": "ALC9946"}}, {"type": "Feature", "geometry": {"type": "Point", "coordinates": [-43.23665814805503, -22.92763115905069]}, "properties": {"camada": "UNTRMT", "COD_ID": "10915131", "CTMT": "ALC9925", "PAC": "ALC9925_MT_442266", "POT_NOM": 112.5, "n_UCBT": 48, "energizado": false, "fonte": null}}, {"type": "Feature", "geometry": {"type": "Point", "coordinates": [-43.23380378711505, -22.9346604022557]}, "properties": {"camada": "UNTRMT", "COD_ID": "10938321", "CTMT": "URG29983", "PAC": "URG29983_MT_357863", "POT_NOM": 112.5, "n_UCBT": 24, "energizado": true, "fonte": "URG29983"}}, {"type": "Feature", "geometry": {"type": "Point", "coordinates": [-43.24111572770863, -22.920795076731338]}, "properties": {"camada": "UNTRMT", "COD_ID": "55238434", "CTMT": "ALC9925", "PAC": "ALC9925_MT_453329", "POT_NOM": 112.5, "n_UCBT": 88, "energizado": false, "fonte": null}}, {"type": "Feature", "geometry": {"type": "Point", "coordinates": [-43.23489368359657, -22.92867784040999]}, "properties": {"camada": "UNTRMT", "COD_ID": "10951751", "CTMT": "ALC9925", "PAC": "ALC9925_MT_442427", "POT_NOM": 112.5, "n_UCBT": 198, "energizado": false, "fonte": null}}, {"type": "Feature", "geometry": {"type": "Point", "coordinates": [-43.23419814432884, -22.933275556921387]}, "properties": {"camada": "UNTRMT", "COD_ID": "10938363", "CTMT": "URG29983", "PAC": "URG29983_MT_357855", "POT_NOM": 150.0, "n_UCBT": 45, "energizado": true, "fonte": "URG29983"}}, {"type": "Feature", "geometry": {"type": "Point", "coordinates": [-43.23483445784393, -22.931348923114285]}, "properties": {"camada": "UNTRMT", "COD_ID": "461781244", "CTMT": "URG29983", "PAC": "URG29983_MT_408380", "POT_NOM": 300.0, "n_UCBT": 11, "energizado": true, "fonte": "URG29983"}}, {"type": "Feature", "geometry": {"type": "Point", "coordinates": [-43.23412546831565, -22.93161120859037]}, "properties": {"camada": "UNTRMT", "COD_ID": "11366449", "CTMT": "URG29983", "PAC": "URG29983_MT_447348", "POT_NOM": 300.0, "n_UCBT": 76, "energizado": true, "fonte": "URG29983"}}, {"type": "Feature", "geometry": {"type": "Point", "coordinates": [-43.235807536888274, -22.92949058112538]}, "properties": {"camada": "UNTRMT", "COD_ID": "11367805", "CTMT": "URG29983", "PAC": "URG29983_MT_447510", "POT_NOM": 150.0, "n_UCBT": 37, "energizado": true, "fonte": "URG29983"}}, {"type": "Feature", "geometry": {"type": "Point", "coordinates": [-43.23690110979834, -22.931517073853854]}, "properties": {"camada": "UNTRMT", "COD_ID": "10990997", "CTMT": "URG29983", "PAC": "URG29983_MT_403461", "POT_NOM": 30.0, "n_UCBT": 0, "energizado": true, "fonte": "URG29983"}}, {"type": "Feature", "geometry": {"type": "Point", "coordinates": [-43.23557469881325, -22.929399148851587]}, "properties": {"camada": "UNTRMT", "COD_ID": "10991135", "CTMT": "URG29983", "PAC": "URG29983_MT_301964", "POT_NOM": 30.0, "n_UCBT": 21, "energizado": true, "fonte": "URG29983"}}, {"type": "Feature", "geometry": {"type": "Point", "coordinates": [-43.23467042689862, -22.931438577428366]}, "properties": {"camada": "UNTRMT", "COD_ID": "10991039", "CTMT": "URG29983", "PAC": "URG29983_MT_403466", "POT_NOM": 30.0, "n_UCBT": 0, "energizado": true, "fonte": "URG29983"}}, {"type": "Feature", "geometry": {"type": "Point", "coordinates": [-43.234489965339606, -22.926551027407925]}, "properties": {"camada": "UNTRMT", "COD_ID": "10992059", "CTMT": "RCP9882", "PAC": "RCP9882_MT_314908", "POT_NOM": 30.0, "n_UCBT": 1, "energizado": true, "fonte": "RCP9882"}}, {"type": "Feature", "geometry": {"type": "Point", "coordinates": [-43.23826358089951, -22.9241785106297]}, "properties": {"camada": "UNTRMT", "COD_ID": "11016427", "CTMT": "ALC9925", "PAC": "ALC9925_MT_442833", "POT_NOM": 30.0, "n_UCBT": 0, "energizado": false, "fonte": null}}, {"type": "Feature", "geometry": {"type": "Point", "coordinates": [-43.23648081703601, -22.924992889010582]}, "properties": {"camada": "UNTRMT", "COD_ID": "335520412", "CTMT": "ALC9925", "PAC": "ALC9925_MT_403346", "POT_NOM": 45.0, "n_UCBT": 0, "energizado": false, "fonte": null}}, {"type": "Feature", "geometry": {"type": "Point", "coordinates": [-43.23892443421522, -22.92213919806551]}, "properties": {"camada": "UNTRMT", "COD_ID": "106671563", "CTMT": "ALC9946", "PAC": "ALC9946_MT_453557", "POT_NOM": 15.0, "n_UCBT": 0, "energizado": true, "fonte": "ALC9946"}}, {"type": "Feature", "geometry": {"type": "Point", "coordinates": [-43.23732293590473, -22.921568742803174]}, "properties": {"camada": "UNTRMT", "COD_ID": "11162373", "CTMT": "ALC9946", "PAC": "ALC9946_MT_445213", "POT_NOM": 300.0, "n_UCBT": 120, "energizado": true, "fonte": "ALC9946"}}, {"type": "Feature", "geometry": {"type": "Point", "coordinates": [-43.24014941696197, -22.920772740269683]}, "properties": {"camada": "UNTRMT", "COD_ID": "27945352", "CTMT": "ALC9946", "PAC": "ALC9946_MT_452790", "POT_NOM": 300.0, "n_UCBT": 33, "energizado": true, "fonte": "ALC9946"}}, {"type": "Feature", "geometry": {"type": "Point", "coordinates": [-43.23737873793834, -22.921568089895402]}, "properties": {"camada": "UNTRMT", "COD_ID": "11162367", "CTMT": "ALC9946", "PAC": "ALC9946_MT_445212", "POT_NOM": 300.0, "n_UCBT": 143, "energizado": true, "fonte": "ALC9946"}}, {"type": "Feature", "geometry": {"type": "Point", "coordinates": [-43.23809014484425, -22.927226279768945]}, "properties": {"camada": "UNTRMT", "COD_ID": "11333613", "CTMT": "ALC9925", "PAC": "ALC9925_MT_447006", "POT_NOM": 150.0, "n_UCBT": 28, "energizado": false, "fonte": null}}, {"type": "Feature", "geometry": {"type": "Point", "coordinates": [-43.23815860933229, -22.921149774742275]}, "properties": {"camada": "UNTRMT", "COD_ID": "11163201", "CTMT": "ALC9946", "PAC": "ALC9946_MT_445333", "POT_NOM": 150.0, "n_UCBT": 109, "energizado": true, "fonte": "ALC9946"}}, {"type": "Feature", "geometry": {"type": "Point", "coordinates": [-43.23817513977082, -22.921122867026668]}, "properties": {"camada": "UNTRMT", "COD_ID": "11163195", "CTMT": "ALC9946", "PAC": "ALC9946_MT_445332", "POT_NOM": 150.0, "n_UCBT": 1, "energizado": true, "fonte": "ALC9946"}}, {"type": "Feature", "geometry": {"type": "Point", "coordinates": [-43.2380769059244, -22.927249566813998]}, "properties": {"camada": "UNTRMT", "COD_ID": "11333619", "CTMT": "ALC9925", "PAC": "ALC9925_MT_447007", "POT_NOM": 150.0, "n_UCBT": 146, "energizado": false, "fonte": null}}, {"type": "Feature", "geometry": {"type": "Point", "coordinates": [-43.23968752156185, -22.920119626519522]}, "properties": {"camada": "UNTRMT", "COD_ID": "10908721", "CTMT": "ALC9946", "PAC": "ALC9946_MT_356955", "POT_NOM": 150.0, "n_UCBT": 150, "energizado": true, "fonte": "ALC9946"}}, {"type": "Feature", "geometry": {"type": "Point", "coordinates": [-43.23769283605549, -22.926672274006194]}, "properties": {"camada": "UNTRMT", "COD_ID": "10915113", "CTMT": "ALC9925", "PAC": "ALC9925_MT_300013", "POT_NOM": 112.5, "n_UCBT": 64, "energizado": false, "fonte": null}}, {"type": "Feature", "geometry": {"type": "Point", "coordinates": [-43.23287519573364, -22.92892768646351]}, "properties": {"camada": "UNTRMT", "COD_ID": "31144490", "CTMT": "URG29983", "PAC": "URG29983_MT_301954", "POT_NOM": 45.0, "n_UCBT": 12, "energizado": true, "fonte": "URG29983"}}, {"type": "Feature", "geometry": {"type": "Point", "coordinates": [-43.234833055800834, -22.93469139379272]}, "properties": {"camada": "UNTRMT", "COD_ID": "10938369", "CTMT": "URG29983", "PAC": "URG29983_MT_357856", "POT_NOM": 112.5, "n_UCBT": 43, "energizado": true, "fonte": "URG29983"}}, {"type": "Feature", "geometry": {"type": "Point", "coordinates": [-43.2357020841838, -22.929318838493543]}, "properties": {"camada": "UNTRMT", "COD_ID": "10938255AP69598", "CTMT": "URG29983", "PAC": "URG29983_MT_356456", "POT_NOM": 75.0, "n_UCBT": 0, "energizado": true, "fonte": "URG29983"}}, {"type": "Feature", "geometry": {"type": "Point", "coordinates": [-43.237383285809926, -22.926367917345488]}, "properties": {"camada": "UNTRMT", "COD_ID": "10915107AP81839", "CTMT": "ALC9925", "PAC": "ALC9925_MT_442264", "POT_NOM": 75.0, "n_UCBT": 30, "energizado": false, "fonte": null}}, {"type": "Feature", "geometry": {"type": "Point", "coordinates": [-43.23948340423567, -22.920892648676727]}, "properties": {"camada": "UNTRMT", "COD_ID": "10914879AP79531", "CTMT": "ALC9925", "PAC": "ALC9925_MT_442251", "POT_NOM": 75.0, "n_UCBT": 18, "energizado": false, "fonte": null}}, {"type": "Feature", "geometry": {"type": "Point", "coordinates": [-43.2357020841838, -22.929318838493543]}, "properties": {"camada": "UNTRMT", "COD_ID": "10938255AP68162", "CTMT": "URG29983", "PAC": "URG29983_MT_356456", "POT_NOM": 75.0, "n_UCBT": 18, "energizado": true, "fonte": "URG29983"}}, {"type": "Feature", "geometry": {"type": "Point", "coordinates": [-43.23948340423567, -22.920892648676727]}, "properties": {"camada": "UNTRMT", "COD_ID": "10914879AP75355", "CTMT": "ALC9925", "PAC": "ALC9925_MT_442251", "POT_NOM": 75.0, "n_UCBT": 41, "energizado": false, "fonte": null}}, {"type": "Feature", "geometry": {"type": "Point", "coordinates": [-43.23915657531563, -22.923151611657488]}, "properties": {"camada": "UNTRMT", "COD_ID": "10915011AP108447", "CTMT": "ALC9925", "PAC": "ALC9925_MT_442256", "POT_NOM": 75.0, "n_UCBT": 85, "energizado": false, "fonte": null}}, {"type": "Feature", "geometry": {"type": "Point", "coordinates": [-43.237383285809926, -22.926367917345488]}, "properties": {"camada": "UNTRMT", "COD_ID": "10915107AP81343", "CTMT": "ALC9925", "PAC": "ALC9925_MT_442264", "POT_NOM": 75.0, "n_UCBT": 57, "energizado": false, "fonte": null}}, {"type": "Feature", "geometry": {"type": "Point", "coordinates": [-43.23915657531563, -22.923151611657488]}, "properties": {"camada": "UNTRMT", "COD_ID": "10915011AP78277", "CTMT": "ALC9925", "PAC": "ALC9925_MT_442256", "POT_NOM": 75.0, "n_UCBT": 9, "energizado": false, "fonte": null}}, {"type": "Feature", "geometry": {"type": "Point", "coordinates": [-43.23700001723694, -22.92273402135794]}, "properties": {"camada": "UNTRMT", "COD_ID": "10908949AP77547", "CTMT": "ALC9946", "PAC": "ALC9946_MT_356992", "POT_NOM": 112.5, "n_UCBT": 40, "energizado": true, "fonte": "ALC9946"}}, {"type": "Feature", "geometry": {"type": "Point", "coordinates": [-43.243346864765954, -22.93573031849934]}, "properties": {"camada": "UNTRMT", "COD_ID": "10938117TZ105190", "CTMT": "URG29983", "PAC": "URG29983_MT_357636", "POT_NOM": 112.5, "n_UCBT": 2, "energizado": true, "fonte": "URG29983"}}, {"type": "Feature", "geometry": {"type": "Point", "coordinates": [-43.240349478345706, -22.920371363847323]}, "properties": {"camada": "UNTRMT", "COD_ID": "10914855AP78098", "CTMT": "ALC9925", "PAC": "ALC9925_MT_442249", "POT_NOM": 112.5, "n_UCBT": 0, "energizado": false, "fonte": null}}, {"type": "Feature", "geometry": {"type": "Point", "coordinates": [-43.23340027929942, -22.927354177753045]}, "properties": {"camada": "UNTRMT", "COD_ID": "10951709AP77463", "CTMT": "RCP9882", "PAC": "RCP9882_MT_358450", "POT_NOM": 112.5, "n_UCBT": 2, "energizado": true, "fonte": "RCP9882"}}, {"type": "Feature", "geometry": {"type": "Point", "coordinates": [-43.236154900927886, -22.929034362246]}, "properties": {"camada": "UNTRMT", "COD_ID": "10938243AP71482", "CTMT": "URG29983", "PAC": "URG29983_MT_357819", "POT_NOM": 112.5, "n_UCBT": 43, "energizado": true, "fonte": "URG29983"}}, {"type": "Feature", "geometry": {"type": "Point", "coordinates": [-43.234251174651945, -22.926169085334948]}, "properties": {"camada": "UNTRMT", "COD_ID": "10951787AP86911", "CTMT": "RCP9882", "PAC": "RCP9882_MT_358314", "POT_NOM": 112.5, "n_UCBT": 6, "energizado": true, "fonte": "RCP9882"}}, {"type": "Feature", "geometry": {"type": "Point", "coordinates": [-43.240349478345706, -22.920371363847323]}, "properties": {"camada": "UNTRMT", "COD_ID": "10914855AP78030", "CTMT": "ALC9925", "PAC": "ALC9925_MT_442249", "POT_NOM": 112.5, "n_UCBT": 84, "energizado": false, "fonte": null}}, {"type": "Feature", "geometry": {"type": "Point", "coordinates": [-43.234251174651945, -22.926169085334948]}, "properties": {"camada": "UNTRMT", "COD_ID": "10951787AP85826", "CTMT": "RCP9882", "PAC": "RCP9882_MT_358314", "POT_NOM": 112.5, "n_UCBT": 210, "energizado": true, "fonte": "RCP9882"}}, {"type": "Feature", "geometry": {"type": "Point", "coordinates": [-43.23666098181883, -22.925688395003363]}, "properties": {"camada": "UNTRMT", "COD_ID": "10915095TZ9533", "CTMT": "ALC9925", "PAC": "ALC9925_MT_442262", "POT_NOM": 112.5, "n_UCBT": 31, "energizado": false, "fonte": null}}, {"type": "Feature", "geometry": {"type": "Point", "coordinates": [-43.23666098181883, -22.925688395003363]}, "properties": {"camada": "UNTRMT", "COD_ID": "10915095TZ65066", "CTMT": "ALC9925", "PAC": "ALC9925_MT_442262", "POT_NOM": 112.5, "n_UCBT": 135, "energizado": false, "fonte": null}}, {"type": "Feature", "geometry": {"type": "Point", "coordinates": [-43.236052529300764, -22.92628632815149]}, "properties": {"camada": "UNTRMT", "COD_ID": "10915185AP94572", "CTMT": "ALC9925", "PAC": "ALC9925_MT_300019", "POT_NOM": 112.5, "n_UCBT": 0, "energizado": false, "fonte": null}}, {"type": "Feature", "geometry": {"type": "Point", "coordinates": [-43.23340027929942, -22.927354177753045]}, "properties": {"camada": "UNTRMT", "COD_ID": "10951709AP77442", "CTMT": "RCP9882", "PAC": "RCP9882_MT_358450", "POT_NOM": 112.5, "n_UCBT": 76, "energizado": true, "fonte": "RCP9882"}}, {"type": "Feature", "geometry": {"type": "Point", "coordinates": [-43.237154113371616, -22.92394014352277]}, "properties": {"camada": "UNTRMT", "COD_ID": "10908985TZ162995", "CTMT": "ALC9946", "PAC": "ALC9946_MT_356996", "POT_NOM": 112.5, "n_UCBT": 17, "energizado": true, "fonte": "ALC9946"}}, {"type": "Feature", "geometry": {"type": "Point", "coordinates": [-43.237154113371616, -22.92394014352277]}, "properties": {"camada": "UNTRMT", "COD_ID": "10908985TZ137308", "CTMT": "ALC9946", "PAC": "ALC9946_MT_356996", "POT_NOM": 112.5, "n_UCBT": 124, "energizado": true, "fonte": "ALC9946"}}, {"type": "Feature", "geometry": {"type": "Point", "coordinates": [-43.236052529300764, -22.92628632815149]}, "properties": {"camada": "UNTRMT", "COD_ID": "10915185AP94506", "CTMT": "ALC9925", "PAC": "ALC9925_MT_300019", "POT_NOM": 112.5, "n_UCBT": 50, "energizado": false, "fonte": null}}, {"type": "Feature", "geometry": {"type": "Point", "coordinates": [-43.23264005449488, -22.93000941260425]}, "properties": {"camada": "UNTRMT", "COD_ID": "11190207TZ128133", "CTMT": "URG29983", "PAC": "URG29983_MT_357839", "POT_NOM": 112.5, "n_UCBT": 60, "energizado": true, "fonte": "URG29983"}}, {"type": "Feature", "geometry": {"type": "Point", "coordinates": [-43.243346864765954, -22.93573031849934]}, "properties": {"camada": "UNTRMT", "COD_ID": "10938117TZ102726", "CTMT": "URG29983", "PAC": "URG29983_MT_357636", "POT_NOM": 112.5, "n_UCBT": 142, "energizado": true, "fonte": "URG29983"}}, {"type": "Feature", "geometry": {"type": "Point", "coordinates": [-43.23554545735692, -22.92534702674385]}, "properties": {"camada": "UNTRMT", "COD_ID": "271887526TZ13056", "CTMT": "ALC9925", "PAC": "ALC9925_MT_394848", "POT_NOM": 112.5, "n_UCBT": 6, "energizado": false, "fonte": null}}, {"type": "Feature", "geometry": {"type": "Point", "coordinates": [-43.236268167841615, -22.92483583950235]}, "properties": {"camada": "UNTRMT", "COD_ID": "11392989TZ149024", "CTMT": "ALC9925", "PAC": "ALC9925_MT_447847", "POT_NOM": 112.5, "n_UCBT": 38, "energizado": false, "fonte": null}}, {"type": "Feature", "geometry": {"type": "Point", "coordinates": [-43.23554545735692, -22.92534702674385]}, "properties": {"camada": "UNTRMT", "COD_ID": "271887526TZ126023", "CTMT": "ALC9925", "PAC": "ALC9925_MT_394848", "POT_NOM": 112.5, "n_UCBT": 62, "energizado": false, "fonte": null}}, {"type": "Feature", "geometry": {"type": "Point", "coordinates": [-43.23264005449488, -22.93000941260425]}, "properties": {"camada": "UNTRMT", "COD_ID": "11190207TZ132682", "CTMT": "URG29983", "PAC": "URG29983_MT_357839", "POT_NOM": 112.5, "n_UCBT": 20, "energizado": true, "fonte": "URG29983"}}, {"type": "Feature", "geometry": {"type": "Point", "coordinates": [-43.23619347105182, -22.925240456182053]}, "properties": {"camada": "UNTRMT", "COD_ID": "10915083TZ9532", "CTMT": "ALC9925", "PAC": "ALC9925_MT_300011", "POT_NOM": 112.5, "n_UCBT": 1, "energizado": false, "fonte": null}}, {"type": "Feature", "geometry": {"type": "Point", "coordinates": [-43.23984550096907, -22.921584138297305]}, "properties": {"camada": "UNTRMT", "COD_ID": "10909051TZ129040", "CTMT": "ALC9946", "PAC": "ALC9946_MT_357012", "POT_NOM": 112.5, "n_UCBT": 11, "energizado": true, "fonte": "ALC9946"}}, {"type": "Feature", "geometry": {"type": "Point", "coordinates": [-43.23984550096907, -22.921584138297305]}, "properties": {"camada": "UNTRMT", "COD_ID": "10909051TZ129029", "CTMT": "ALC9946", "PAC": "ALC9946_MT_357012", "POT_NOM": 112.5, "n_UCBT": 115, "energizado": true, "fonte": "ALC9946"}}, {"type": "Feature", "geometry": {"type": "Point", "coordinates": [-43.23795891577129, -22.922749982525602]}, "properties": {"camada": "UNTRMT", "COD_ID": "10909015TZ173889", "CTMT": "ALC9946", "PAC": "ALC9946_MT_357003", "POT_NOM": 112.5, "n_UCBT": 21, "energizado": true, "fonte": "ALC9946"}}, {"type": "Feature", "geometry": {"type": "Point", "coordinates": [-43.23795891577129, -22.922749982525602]}, "properties": {"camada": "UNTRMT", "COD_ID": "10909015TZ146326", "CTMT": "ALC9946", "PAC": "ALC9946_MT_357003", "POT_NOM": 112.5, "n_UCBT": 49, "energizado": true, "fonte": "ALC9946"}}, {"type": "Feature", "geometry": {"type": "Point", "coordinates": [-43.23700001723694, -22.92273402135794]}, "properties": {"camada": "UNTRMT", "COD_ID": "10908949AP73629", "CTMT": "ALC9946", "PAC": "ALC9946_MT_356992", "POT_NOM": 112.5, "n_UCBT": 110, "energizado": true, "fonte": "ALC9946"}}, {"type": "Feature", "geometry": {"type": "Point", "coordinates": [-43.236154900927886, -22.929034362246]}, "properties": {"camada": "UNTRMT", "COD_ID": "10938243AP67047", "CTMT": "URG29983", "PAC": "URG29983_MT_357819", "POT_NOM": 112.5, "n_UCBT": 143, "energizado": true, "fonte": "URG29983"}}, {"type": "Feature", "geometry": {"type": "Point", "coordinates": [-43.23294261251152, -22.931911450852738]}, "properties": {"camada": "UNTRMT", "COD_ID": "366767732TZ133167", "CTMT": "URG29983", "PAC": "URG29983_MT_420995", "POT_NOM": 150.0, "n_UCBT": 3, "energizado": true, "fonte": "URG29983"}}, {"type": "Feature", "geometry": {"type": "Point", "coordinates": [-43.23303250064936, -22.926135081069106]}, "properties": {"camada": "UNTRMT", "COD_ID": "265244690TZ122732", "CTMT": "RCP9882", "PAC": "RCP9882_MT_404361", "POT_NOM": 150.0, "n_UCBT": 4, "energizado": true, "fonte": "RCP9882"}}, {"type": "Feature", "geometry": {"type": "Point", "coordinates": [-43.23336074869957, -22.927512675169794]}, "properties": {"camada": "UNTRMT", "COD_ID": "145888745TZ115305", "CTMT": "RCP9882", "PAC": "RCP9882_MT_453932", "POT_NOM": 150.0, "n_UCBT": 0, "energizado": true, "fonte": "RCP9882"}}, {"type": "Feature", "geometry": {"type": "Point", "coordinates": [-43.24284784175444, -22.935930191924797]}, "properties": {"camada": "UNTRMT", "COD_ID": "10990829", "CTMT": "URG29983", "PAC": "URG29983_MT_403462", "POT_NOM": 30.0, "n_UCBT": 1, "energizado": true, "fonte": "URG29983"}}, {"type": "Feature", "geometry": {"type": "Point", "coordinates": [-43.233238743073514, -22.9306678179654]}, "properties": {"camada": "UNTRMT", "COD_ID": "217954888TZ132904", "CTMT": "URG29983", "PAC": "URG29983_MT_301992", "POT_NOM": 150.0, "n_UCBT": 162, "energizado": true, "fonte": "URG29983"}}, {"type": "Feature", "geometry": {"type": "Point", "coordinates": [-43.237524330083716, -22.927117055307804]}, "properties": {"camada": "UNTRMT", "COD_ID": "10915137TZ149522", "CTMT": "ALC9925", "PAC": "ALC9925_MT_442267", "POT_NOM": 150.0, "n_UCBT": 4, "energizado": false, "fonte": null}}, {"type": "Feature", "geometry": {"type": "Point", "coordinates": [-43.23660671312928, -22.926917658523053]}, "properties": {"camada": "UNTRMT", "COD_ID": "10915191TZ131436", "CTMT": "ALC9925", "PAC": "ALC9925_MT_442269", "POT_NOM": 150.0, "n_UCBT": 59, "energizado": false, "fonte": null}}, {"type": "Feature", "geometry": {"type": "Point", "coordinates": [-43.237524330083716, -22.927117055307804]}, "properties": {"camada": "UNTRMT", "COD_ID": "10915137TZ146940", "CTMT": "ALC9925", "PAC": "ALC9925_MT_442267", "POT_NOM": 150.0, "n_UCBT": 87, "energizado": false, "fonte": null}}, {"type": "Feature", "geometry": {"type": "Point", "coordinates": [-43.23660671312928, -22.926917658523053]}, "properties": {"camada": "UNTRMT", "COD_ID": "10915191TZ154845", "CTMT": "ALC9925", "PAC": "ALC9925_MT_442269", "POT_NOM": 150.0, "n_UCBT": 9, "energizado": false, "fonte": null}}, {"type": "Feature", "geometry": {"type": "Point", "coordinates": [-43.23802645036034, -22.926975813183162]}, "properties": {"camada": "UNTRMT", "COD_ID": "335520404", "CTMT": "ALC9925", "PAC": "ALC9925_MT_403347", "POT_NOM": 45.0, "n_UCBT": 0, "energizado": false, "fonte": null}}, {"type": "Feature", "geometry": {"type": "Point", "coordinates": [-43.23294261251152, -22.931911450852738]}, "properties": {"camada": "UNTRMT", "COD_ID": "366767732TZ133161", "CTMT": "URG29983", "PAC": "URG29983_MT_420995", "POT_NOM": 150.0, "n_UCBT": 56, "energizado": true, "fonte": "URG29983"}}, {"type": "Feature", "geometry": {"type": "Point", "coordinates": [-43.23303250064936, -22.926135081069106]}, "properties": {"camada": "UNTRMT", "COD_ID": "265244690TZ121507", "CTMT": "RCP9882", "PAC": "RCP9882_MT_404361", "POT_NOM": 150.0, "n_UCBT": 88, "energizado": true, "fonte": "RCP9882"}}, {"type": "Feature", "geometry": {"type": "Point", "coordinates": [-43.23598597587204, -22.926646189170242]}, "properties": {"camada": "UNTRMT", "COD_ID": "10915179TZ149909", "CTMT": "ALC9925", "PAC": "ALC9925_MT_442268", "POT_NOM": 150.0, "n_UCBT": 56, "energizado": false, "fonte": null}}, {"type": "Feature", "geometry": {"type": "Point", "coordinates": [-43.23598597587204, -22.926646189170242]}, "properties": {"camada": "UNTRMT", "COD_ID": "10915179TZ152288", "CTMT": "ALC9925", "PAC": "ALC9925_MT_442268", "POT_NOM": 150.0, "n_UCBT": 6, "energizado": false, "fonte": null}}, {"type": "Feature", "geometry": {"type": "Point", "coordinates": [-43.23336074869957, -22.927512675169794]}, "properties": {"camada": "UNTRMT", "COD_ID": "145888745TZ115252", "CTMT": "RCP9882", "PAC": "RCP9882_MT_453932", "POT_NOM": 150.0, "n_UCBT": 57, "energizado": true, "fonte": "RCP9882"}}, {"type": "Feature", "geometry": {"type": "Point", "coordinates": [-43.233690936587436, -22.925765503774926]}, "properties": {"camada": "UNTRMT", "COD_ID": "10951775TZ142200", "CTMT": "RCP9882", "PAC": "RCP9882_MT_358315", "POT_NOM": 150.0, "n_UCBT": 39, "energizado": true, "fonte": "RCP9882"}}, {"type": "Feature", "geometry": {"type": "Point", "coordinates": [-43.23566462921923, -22.93402289264236]}, "properties": {"camada": "UNTRMT", "COD_ID": "478747307TZ146379", "CTMT": "URG29983", "PAC": "URG29983_MT_409382", "POT_NOM": 150.0, "n_UCBT": 0, "energizado": true, "fonte": "URG29983"}}, {"type": "Feature", "geometry": {"type": "Point", "coordinates": [-43.23566462921923, -22.93402289264236]}, "properties": {"camada": "UNTRMT", "COD_ID": "478747307TZ131784", "CTMT": "URG29983", "PAC": "URG29983_MT_409382", "POT_NOM": 150.0, "n_UCBT": 0, "energizado": true, "fonte": "URG29983"}}, {"type": "Feature", "geometry": {"type": "Point", "coordinates": [-43.2408445362463, -22.920642550813]}, "properties": {"camada": "UNTRMT", "COD_ID": "10914861", "CTMT": "ALC9925", "PAC": "ALC9925_MT_442250", "POT_NOM": 300.0, "n_UCBT": 252, "energizado": false, "fonte": null}}, {"type": "Feature", "geometry": {"type": "Point", "coordinates": [-43.236268167841615, -22.92483583950235]}, "properties": {"camada": "UNTRMT", "COD_ID": "11392989TZ149742", "CTMT": "ALC9925", "PAC": "ALC9925_MT_447847", "POT_NOM": 112.5, "n_UCBT": 4, "energizado": false, "fonte": null}}, {"type": "Feature", "geometry": {"type": "Point", "coordinates": [-43.238708810962805, -22.918452319418975]}, "properties": {"camada": "UNTRMT", "COD_ID": "10975839TZ152460", "CTMT": "ALC9946", "PAC": "ALC9946_MT_356948", "POT_NOM": 150.0, "n_UCBT": 220, "energizado": true, "fonte": "ALC9946"}}, {"type": "Feature", "geometry": {"type": "Point", "coordinates": [-43.238651713905426, -22.923870975764885]}, "properties": {"camada": "UNTRMT", "COD_ID": "10915017TZ124831", "CTMT": "ALC9925", "PAC": "ALC9925_MT_442257", "POT_NOM": 150.0, "n_UCBT": 80, "energizado": false, "fonte": null}}, {"type": "Feature", "geometry": {"type": "Point", "coordinates": [-43.238651713905426, -22.923870975764885]}, "properties": {"camada": "UNTRMT", "COD_ID": "10915017TZ124837", "CTMT": "ALC9925", "PAC": "ALC9925_MT_442257", "POT_NOM": 150.0, "n_UCBT": 7, "energizado": false, "fonte": null}}, {"type": "Feature", "geometry": {"type": "Point", "coordinates": [-43.233690936587436, -22.925765503774926]}, "properties": {"camada": "UNTRMT", "COD_ID": "10951775TZ142879", "CTMT": "RCP9882", "PAC": "RCP9882_MT_358315", "POT_NOM": 150.0, "n_UCBT": 16, "energizado": true, "fonte": "RCP9882"}}, {"type": "Feature", "geometry": {"type": "Point", "coordinates": [-43.23520785186082, -22.930972492986143]}, "properties": {"camada": "UNTRMT", "COD_ID": "10938279", "CTMT": "URG29983", "PAC": "URG29983_MT_357816", "POT_NOM": 300.0, "n_UCBT": 187, "energizado": true, "fonte": "URG29983"}}, {"type": "Feature", "geometry": {"type": "Point", "coordinates": [-43.23619347105182, -22.925240456182053]}, "properties": {"camada": "UNTRMT", "COD_ID": "10915083TZ185637", "CTMT": "ALC9925", "PAC": "ALC9925_MT_300011", "POT_NOM": 225.0, "n_UCBT": 97, "energizado": false, "fonte": null}}, {"type": "Feature", "geometry": {"type": "Point", "coordinates": [-43.238708810962805, -22.918452319418975]}, "properties": {"camada": "UNTRMT", "COD_ID": "10975839TZ153606", "CTMT": "ALC9946", "PAC": "ALC9946_MT_356948", "POT_NOM": 150.0, "n_UCBT": 18, "energizado": true, "fonte": "ALC9946"}}, {"type": "Feature", "geometry": {"type": "Point", "coordinates": [-43.233238743073514, -22.9306678179654]}, "properties": {"camada": "UNTRMT", "COD_ID": "217954888TZ133491", "CTMT": "URG29983", "PAC": "URG29983_MT_301992", "POT_NOM": 150.0, "n_UCBT": 0, "energizado": true, "fonte": "URG29983"}}, {"type": "Feature", "geometry": {"type": "Point", "coordinates": [-43.23348694786432, -22.92835696680055]}, "properties": {"camada": "UNTRMT", "COD_ID": "11393493", "CTMT": "ALC9925", "PAC": "ALC9925_MT_447892", "POT_NOM": 150.0, "n_UCBT": 21, "energizado": false, "fonte": null}}, {"type": "Feature", "geometry": {"type": "Point", "coordinates": [-43.23240786752905, -22.929417390699996]}, "properties": {"camada": "UNTRMT", "COD_ID": "10938387", "CTMT": "URG29983", "PAC": "URG29983_MT_357847", "POT_NOM": 225.0, "n_UCBT": 141, "energizado": true, "fonte": "URG29983"}}, {"type": "Feature", "geometry": {"type": "Point", "coordinates": [-43.228886527091504, -22.927861217321265]}, "properties": {"camada": "UNTRMT", "COD_ID": "10951541", "CTMT": "RCP9882", "PAC": "RCP9882_MT_358333", "POT_NOM": 300.0, "n_UCBT": 213, "energizado": true, "fonte": "RCP9882"}}, {"type": "Feature", "geometry": {"type": "Point", "coordinates": [-43.226205575227084, -22.92851431668231]}, "properties": {"camada": "UNTRMT", "COD_ID": "10951601", "CTMT": "RCP9882", "PAC": "RCP9882_MT_358350", "POT_NOM": 225.0, "n_UCBT": 46, "energizado": true, "fonte": "RCP9882"}}, {"type": "Feature", "geometry": {"type": "Point", "coordinates": [-43.23168328285715, -22.92790336944489]}, "properties": {"camada": "UNTRMT", "COD_ID": "10951631", "CTMT": "RCP9882", "PAC": "RCP9882_MT_359845", "POT_NOM": 300.0, "n_UCBT": 255, "energizado": true, "fonte": "RCP9882"}}, {"type": "Feature", "geometry": {"type": "Point", "coordinates": [-43.227537774248844, -22.931193300830103]}, "properties": {"camada": "UNTRMT", "COD_ID": "346912494", "CTMT": "RCP9882", "PAC": "RCP9882_MT_454563", "POT_NOM": 112.5, "n_UCBT": 6, "energizado": true, "fonte": "RCP9882"}}, {"type": "Feature", "geometry": {"type": "Point", "coordinates": [-43.22673027568163, -22.931636001999834]}, "properties": {"camada": "UNTRMT", "COD_ID": "346912510", "CTMT": "RCP9882", "PAC": "RCP9882_MT_404358", "POT_NOM": 112.5, "n_UCBT": 5, "energizado": true, "fonte": "RCP9882"}}, {"type": "Feature", "geometry": {"type": "Point", "coordinates": [-43.22660746786033, -22.92693270238226]}, "properties": {"camada": "UNTRMT", "COD_ID": "10951505", "CTMT": "RCP9882", "PAC": "RCP9882_MT_358339", "POT_NOM": 75.0, "n_UCBT": 78, "energizado": true, "fonte": "RCP9882"}}, {"type": "Feature", "geometry": {"type": "Point", "coordinates": [-43.2269553445135, -22.92717138515127]}, "properties": {"camada": "UNTRMT", "COD_ID": "10951511", "CTMT": "RCP9882", "PAC": "RCP9882_MT_358338", "POT_NOM": 112.5, "n_UCBT": 89, "energizado": true, "fonte": "RCP9882"}}, {"type": "Feature", "geometry": {"type": "Point", "coordinates": [-43.22584160340722, -22.92659903951403]}, "properties": {"camada": "UNTRMT", "COD_ID": "10951493", "CTMT": "RCP9882", "PAC": "RCP9882_MT_358341", "POT_NOM": 112.5, "n_UCBT": 117, "energizado": true, "fonte": "RCP9882"}}, {"type": "Feature", "geometry": {"type": "Point", "coordinates": [-43.2253479556436, -22.930070278720336]}, "properties": {"camada": "UNTRMT", "COD_ID": "10951595", "CTMT": "RCP9882", "PAC": "RCP9882_MT_358348", "POT_NOM": 75.0, "n_UCBT": 125, "energizado": true, "fonte": "RCP9882"}}, {"type": "Feature", "geometry": {"type": "Point", "coordinates": [-43.227255328670424, -22.92969017935826]}, "properties": {"camada": "UNTRMT", "COD_ID": "346912526", "CTMT": "RCP9882", "PAC": "RCP9882_MT_404359", "POT_NOM": 112.5, "n_UCBT": 6, "energizado": true, "fonte": "RCP9882"}}, {"type": "Feature", "geometry": {"type": "Point", "coordinates": [-43.227779904119245, -22.930730905406904]}, "properties": {"camada": "UNTRMT", "COD_ID": "346912486", "CTMT": "RCP9882", "PAC": "RCP9882_MT_454562", "POT_NOM": 112.5, "n_UCBT": 52, "energizado": true, "fonte": "RCP9882"}}, {"type": "Feature", "geometry": {"type": "Point", "coordinates": [-43.228123036848615, -22.93034512412811]}, "properties": {"camada": "UNTRMT", "COD_ID": "346912518", "CTMT": "RCP9882", "PAC": "RCP9882_MT_454565", "POT_NOM": 112.5, "n_UCBT": 9, "energizado": true, "fonte": "RCP9882"}}, {"type": "Feature", "geometry": {"type": "Point", "coordinates": [-43.232263338382324, -22.927374041079077]}, "properties": {"camada": "UNTRMT", "COD_ID": "11193501", "CTMT": "RCP9882", "PAC": "RCP9882_MT_445845", "POT_NOM": 112.5, "n_UCBT": 57, "energizado": true, "fonte": "RCP9882"}}, {"type": "Feature", "geometry": {"type": "Point", "coordinates": [-43.23203124494597, -22.928746205073253]}, "properties": {"camada": "UNTRMT", "COD_ID": "10951727", "CTMT": "RCP9882", "PAC": "RCP9882_MT_358323", "POT_NOM": 112.5, "n_UCBT": 95, "energizado": true, "fonte": "RCP9882"}}, {"type": "Feature", "geometry": {"type": "Point", "coordinates": [-43.22416819170866, -22.927911040661968]}, "properties": {"camada": "UNTRMT", "COD_ID": "346912470", "CTMT": "RCP9882", "PAC": "RCP9882_MT_358351", "POT_NOM": 112.5, "n_UCBT": 76, "energizado": true, "fonte": "RCP9882"}}, {"type": "Feature", "geometry": {"type": "Point", "coordinates": [-43.22520643293052, -22.929707473321173]}, "properties": {"camada": "UNTRMT", "COD_ID": "10951589", "CTMT": "RCP9882", "PAC": "RCP9882_MT_358347", "POT_NOM": 112.5, "n_UCBT": 122, "energizado": true, "fonte": "RCP9882"}}, {"type": "Feature", "geometry": {"type": "Point", "coordinates": [-43.226625435415485, -22.92630076406897]}, "properties": {"camada": "UNTRMT", "COD_ID": "10951499", "CTMT": "RCP9882", "PAC": "RCP9882_MT_358340", "POT_NOM": 300.0, "n_UCBT": 214, "energizado": true, "fonte": "RCP9882"}}, {"type": "Feature", "geometry": {"type": "Point", "coordinates": [-43.22655077190058, -22.92213441547085]}, "properties": {"camada": "UNTRMT", "COD_ID": "484560727", "CTMT": "RCP9882", "PAC": "RCP9882_MT_314984", "POT_NOM": 150.0, "n_UCBT": 17, "energizado": true, "fonte": "RCP9882"}}, {"type": "Feature", "geometry": {"type": "Point", "coordinates": [-43.23241891480103, -22.932747400372193]}, "properties": {"camada": "UNTRMT", "COD_ID": "10938339", "CTMT": "URG29983", "PAC": "URG29983_MT_357866", "POT_NOM": 75.0, "n_UCBT": 23, "energizado": true, "fonte": "URG29983"}}, {"type": "Feature", "geometry": {"type": "Point", "coordinates": [-43.22786462025596, -22.927723377331972]}, "properties": {"camada": "UNTRMT", "COD_ID": "10951529", "CTMT": "RCP9882", "PAC": "RCP9882_MT_358337", "POT_NOM": 225.0, "n_UCBT": 98, "energizado": true, "fonte": "RCP9882"}}, {"type": "Feature", "geometry": {"type": "Point", "coordinates": [-43.22824371417602, -22.9284381629908]}, "properties": {"camada": "UNTRMT", "COD_ID": "10951547", "CTMT": "RCP9882", "PAC": "RCP9882_MT_404369", "POT_NOM": 112.5, "n_UCBT": 72, "energizado": true, "fonte": "RCP9882"}}, {"type": "Feature", "geometry": {"type": "Point", "coordinates": [-43.22768622803693, -22.928696684804095]}, "properties": {"camada": "UNTRMT", "COD_ID": "10951553", "CTMT": "RCP9882", "PAC": "RCP9882_MT_442423", "POT_NOM": 112.5, "n_UCBT": 100, "energizado": true, "fonte": "RCP9882"}}, {"type": "Feature", "geometry": {"type": "Point", "coordinates": [-43.22585765540646, -22.92541161155657]}, "properties": {"camada": "UNTRMT", "COD_ID": "764649801", "CTMT": "RCP9882", "PAC": "RCP9882_MT_416679", "POT_NOM": 300.0, "n_UCBT": 100, "energizado": true, "fonte": "RCP9882"}}, {"type": "Feature", "geometry": {"type": "Point", "coordinates": [-43.2255471590741, -22.928248336791285]}, "properties": {"camada": "UNTRMT", "COD_ID": "10951613", "CTMT": "RCP9882", "PAC": "RCP9882_MT_404371", "POT_NOM": 112.5, "n_UCBT": 86, "energizado": true, "fonte": "RCP9882"}}, {"type": "Feature", "geometry": {"type": "Point", "coordinates": [-43.22738277789284, -22.929003041557053]}, "properties": {"camada": "UNTRMT", "COD_ID": "28263004", "CTMT": "RCP9882", "PAC": "RCP9882_MT_452803", "POT_NOM": 112.5, "n_UCBT": 74, "energizado": true, "fonte": "RCP9882"}}, {"type": "Feature", "geometry": {"type": "Point", "coordinates": [-43.227109949664396, -22.92768297708767]}, "properties": {"camada": "UNTRMT", "COD_ID": "10951517", "CTMT": "RCP9882", "PAC": "RCP9882_MT_358336", "POT_NOM": 112.5, "n_UCBT": 88, "energizado": true, "fonte": "RCP9882"}}, {"type": "Feature", "geometry": {"type": "Point", "coordinates": [-43.22795180323311, -22.929292588182363]}, "properties": {"camada": "UNTRMT", "COD_ID": "10951559", "CTMT": "RCP9882", "PAC": "RCP9882_MT_412057", "POT_NOM": 75.0, "n_UCBT": 93, "energizado": true, "fonte": "RCP9882"}}, {"type": "Feature", "geometry": {"type": "Point", "coordinates": [-43.229500809914384, -22.929358116383924]}, "properties": {"camada": "UNTRMT", "COD_ID": "10951643", "CTMT": "RCP9882", "PAC": "RCP9882_MT_358325", "POT_NOM": 112.5, "n_UCBT": 693, "energizado": true, "fonte": "RCP9882"}}, {"type": "Feature", "geometry": {"type": "Point", "coordinates": [-43.22525764212645, -22.929518405250178]}, "properties": {"camada": "UNTRMT", "COD_ID": "10992095", "CTMT": "RCP9882", "PAC": "RCP9882_MT_359864", "POT_NOM": 75.0, "n_UCBT": 78, "energizado": true, "fonte": "RCP9882"}}, {"type": "Feature", "geometry": {"type": "Point", "coordinates": [-43.2250913484869, -22.928062626788744]}, "properties": {"camada": "UNTRMT", "COD_ID": "735111331", "CTMT": "RCP9882", "PAC": "RCP9882_MT_416178", "POT_NOM": 75.0, "n_UCBT": 1, "energizado": true, "fonte": "RCP9882"}}, {"type": "Feature", "geometry": {"type": "Point", "coordinates": [-43.22531097192376, -22.928417275336926]}, "properties": {"camada": "UNTRMT", "COD_ID": "735111349", "CTMT": "RCP9882", "PAC": "RCP9882_MT_416179", "POT_NOM": 75.0, "n_UCBT": 3, "energizado": true, "fonte": "RCP9882"}}, {"type": "Feature", "geometry": {"type": "Point", "coordinates": [-43.2262545568023, -22.929376966174004]}, "properties": {"camada": "UNTRMT", "COD_ID": "10951607", "CTMT": "RCP9882", "PAC": "RCP9882_MT_404364", "POT_NOM": 75.0, "n_UCBT": 83, "energizado": true, "fonte": "RCP9882"}}, {"type": "Feature", "geometry": {"type": "Point", "coordinates": [-43.22828463332911, -22.92938058774388]}, "properties": {"camada": "UNTRMT", "COD_ID": "531807651", "CTMT": "RCP9882", "PAC": "RCP9882_MT_411782", "POT_NOM": 75.0, "n_UCBT": 1, "energizado": true, "fonte": "RCP9882"}}, {"type": "Feature", "geometry": {"type": "Point", "coordinates": [-43.2281887413173, -22.928103102576074]}, "properties": {"camada": "UNTRMT", "COD_ID": "11193579", "CTMT": "RCP9882", "PAC": "RCP9882_MT_358334", "POT_NOM": 75.0, "n_UCBT": 81, "energizado": true, "fonte": "RCP9882"}}, {"type": "Feature", "geometry": {"type": "Point", "coordinates": [-43.232456856298825, -22.933474964497975]}, "properties": {"camada": "UNTRMT", "COD_ID": "10938333", "CTMT": "URG29983", "PAC": "URG29983_MT_357867", "POT_NOM": 45.0, "n_UCBT": 57, "energizado": true, "fonte": "URG29983"}}, {"type": "Feature", "geometry": {"type": "Point", "coordinates": [-43.22631631954249, -22.93057778863397]}, "properties": {"camada": "UNTRMT", "COD_ID": "10951583", "CTMT": "RCP9882", "PAC": "RCP9882_MT_358344", "POT_NOM": 75.0, "n_UCBT": 146, "energizado": true, "fonte": "RCP9882"}}, {"type": "Feature", "geometry": {"type": "Point", "coordinates": [-43.22825306352803, -22.93020520310762]}, "properties": {"camada": "UNTRMT", "COD_ID": "10951571", "CTMT": "RCP9882", "PAC": "RCP9882_MT_442424", "POT_NOM": 112.5, "n_UCBT": 64, "energizado": true, "fonte": "RCP9882"}}, {"type": "Feature", "geometry": {"type": "Point", "coordinates": [-43.231201407219146, -22.928238955963025]}, "properties": {"camada": "UNTRMT", "COD_ID": "10951637", "CTMT": "RCP9882", "PAC": "RCP9882_MT_358324", "POT_NOM": 112.5, "n_UCBT": 61, "energizado": true, "fonte": "RCP9882"}}, {"type": "Feature", "geometry": {"type": "Point", "coordinates": [-43.226266185935685, -22.925729088426635]}, "properties": {"camada": "UNTRMT", "COD_ID": "10951487", "CTMT": "RCP9882", "PAC": "RCP9882_MT_404356", "POT_NOM": 112.5, "n_UCBT": 31, "energizado": true, "fonte": "RCP9882"}}, {"type": "Feature", "geometry": {"type": "Point", "coordinates": [-43.22757839752501, -22.927241561049186]}, "properties": {"camada": "UNTRMT", "COD_ID": "10951523", "CTMT": "RCP9882", "PAC": "RCP9882_MT_358332", "POT_NOM": 112.5, "n_UCBT": 153, "energizado": true, "fonte": "RCP9882"}}, {"type": "Feature", "geometry": {"type": "Point", "coordinates": [-43.226144059800504, -22.928871482432896]}, "properties": {"camada": "UNTRMT", "COD_ID": "10951565", "CTMT": "RCP9882", "PAC": "RCP9882_MT_404365", "POT_NOM": 112.5, "n_UCBT": 116, "energizado": true, "fonte": "RCP9882"}}, {"type": "Feature", "geometry": {"type": "Point", "coordinates": [-43.22654729602084, -22.922498488914073]}, "properties": {"camada": "UNTRMT", "COD_ID": "11332407", "CTMT": "RCP9882", "PAC": "RCP9882_MT_360561", "POT_NOM": 112.5, "n_UCBT": 81, "energizado": true, "fonte": "RCP9882"}}, {"type": "Feature", "geometry": {"type": "Point", "coordinates": [-43.23147987869339, -22.931304027159058]}, "properties": {"camada": "UNTRMT", "COD_ID": "11392521", "CTMT": "URG29983", "PAC": "URG29983_MT_403463", "POT_NOM": 112.5, "n_UCBT": 15, "energizado": true, "fonte": "URG29983"}}, {"type": "Feature", "geometry": {"type": "Point", "coordinates": [-43.23252018565802, -22.927201266924897]}, "properties": {"camada": "UNTRMT", "COD_ID": "10951655", "CTMT": "RCP9882", "PAC": "RCP9882_MT_358327", "POT_NOM": 45.0, "n_UCBT": 1, "energizado": true, "fonte": "RCP9882"}}, {"type": "Feature", "geometry": {"type": "Point", "coordinates": [-43.22708351139488, -22.928845844560044]}, "properties": {"camada": "UNTRMT", "COD_ID": "346912534", "CTMT": "RCP9882", "PAC": "RCP9882_MT_404363", "POT_NOM": 112.5, "n_UCBT": 0, "energizado": true, "fonte": "RCP9882"}}, {"type": "Feature", "geometry": {"type": "Point", "coordinates": [-43.22699570248966, -22.93129567245728]}, "properties": {"camada": "UNTRMT", "COD_ID": "346912502", "CTMT": "RCP9882", "PAC": "RCP9882_MT_454564", "POT_NOM": 112.5, "n_UCBT": 14, "energizado": true, "fonte": "RCP9882"}}, {"type": "Feature", "geometry": {"type": "Point", "coordinates": [-43.22510706593829, -22.92644974845706]}, "properties": {"camada": "UNTRMT", "COD_ID": "28262926", "CTMT": "RCP9882", "PAC": "RCP9882_MT_404355", "POT_NOM": 112.5, "n_UCBT": 193, "energizado": true, "fonte": "RCP9882"}}, {"type": "Feature", "geometry": {"type": "Point", "coordinates": [-43.22805876050336, -22.927788759843338]}, "properties": {"camada": "UNTRMT", "COD_ID": "10951535", "CTMT": "RCP9882", "PAC": "RCP9882_MT_358335", "POT_NOM": 112.5, "n_UCBT": 44, "energizado": true, "fonte": "RCP9882"}}, {"type": "Feature", "geometry": {"type": "Point", "coordinates": [-43.22616247701666, -22.931375281344117]}, "properties": {"camada": "UNTRMT", "COD_ID": "346912478", "CTMT": "RCP9882", "PAC": "RCP9882_MT_404368", "POT_NOM": 75.0, "n_UCBT": 0, "energizado": true, "fonte": "RCP9882"}}, {"type": "Feature", "geometry": {"type": "Point", "coordinates": [-43.22922429716357, -22.929842616243718]}, "properties": {"camada": "UNTRMT", "COD_ID": "11395359", "CTMT": "RCP9882", "PAC": "RCP9882_MT_448096", "POT_NOM": 112.5, "n_UCBT": 33, "energizado": true, "fonte": "RCP9882"}}, {"type": "Feature", "geometry": {"type": "Point", "coordinates": [-43.231780248659504, -22.926502788672735]}, "properties": {"camada": "UNTRMT", "COD_ID": "10951673", "CTMT": "RCP9882", "PAC": "RCP9882_MT_358330", "POT_NOM": 112.5, "n_UCBT": 66, "energizado": true, "fonte": "RCP9882"}}, {"type": "Feature", "geometry": {"type": "Point", "coordinates": [-43.22727315233408, -22.930220255060703]}, "properties": {"camada": "UNTRMT", "COD_ID": "10951577AP83982", "CTMT": "RCP9882", "PAC": "RCP9882_MT_358346", "POT_NOM": 75.0, "n_UCBT": 51, "energizado": true, "fonte": "RCP9882"}}, {"type": "Feature", "geometry": {"type": "Point", "coordinates": [-43.22727315233408, -22.930220255060703]}, "properties": {"camada": "UNTRMT", "COD_ID": "10951577AP84296", "CTMT": "RCP9882", "PAC": "RCP9882_MT_358346", "POT_NOM": 75.0, "n_UCBT": 34, "energizado": true, "fonte": "RCP9882"}}, {"type": "Feature", "geometry": {"type": "Point", "coordinates": [-43.22520643293052, -22.929707473321173]}, "properties": {"camada": "UNTRMT", "COD_ID": "10951589_2", "CTMT": "RCP9882", "PAC": "RCP9882_MT_358347", "POT_NOM": 112.5, "n_UCBT": 1, "energizado": true, "fonte": "RCP9882"}}, {"type": "Feature", "geometry": {"type": "Point", "coordinates": [-43.23258519674937, -22.92833699015995]}, "properties": {"camada": "UNTRMT", "COD_ID": "10951721AP69285", "CTMT": "RCP9882", "PAC": "RCP9882_MT_358320", "POT_NOM": 112.5, "n_UCBT": 55, "energizado": true, "fonte": "RCP9882"}}, {"type": "Feature", "geometry": {"type": "Point", "coordinates": [-43.23258519674937, -22.92833699015995]}, "properties": {"camada": "UNTRMT", "COD_ID": "10951721AP76761", "CTMT": "RCP9882", "PAC": "RCP9882_MT_358320", "POT_NOM": 112.5, "n_UCBT": 55, "energizado": true, "fonte": "RCP9882"}}, {"type": "Feature", "geometry": {"type": "Point", "coordinates": [-43.23215456897816, -22.926958488643265]}, "properties": {"camada": "UNTRMT", "COD_ID": "10951691TZ113550", "CTMT": "RCP9882", "PAC": "RCP9882_MT_358329", "POT_NOM": 112.5, "n_UCBT": 33, "energizado": true, "fonte": "RCP9882"}}, {"type": "Feature", "geometry": {"type": "Point", "coordinates": [-43.23262086386171, -22.92724448924173]}, "properties": {"camada": "UNTRMT", "COD_ID": "10951649TZ144873", "CTMT": "RCP9882", "PAC": "RCP9882_MT_358328", "POT_NOM": 112.5, "n_UCBT": 36, "energizado": true, "fonte": "RCP9882"}}, {"type": "Feature", "geometry": {"type": "Point", "coordinates": [-43.23215456897816, -22.926958488643265]}, "properties": {"camada": "UNTRMT", "COD_ID": "10951691TZ48898", "CTMT": "RCP9882", "PAC": "RCP9882_MT_358329", "POT_NOM": 112.5, "n_UCBT": 1, "energizado": true, "fonte": "RCP9882"}}, {"type": "Feature", "geometry": {"type": "Point", "coordinates": [-43.226553824199584, -22.922015887523173]}, "properties": {"camada": "UNTRMT", "COD_ID": "11332413TZ135842", "CTMT": "RCP9882", "PAC": "RCP9882_MT_360560", "POT_NOM": 112.5, "n_UCBT": 40, "energizado": true, "fonte": "RCP9882"}}, {"type": "Feature", "geometry": {"type": "Point", "coordinates": [-43.231909087334486, -22.929348853366832]}, "properties": {"camada": "UNTRMT", "COD_ID": "10991273", "CTMT": "URG29983", "PAC": "URG29983_MT_403464", "POT_NOM": 30.0, "n_UCBT": 0, "energizado": true, "fonte": "URG29983"}}, {"type": "Feature", "geometry": {"type": "Point", "coordinates": [-43.23262086386171, -22.92724448924173]}, "properties": {"camada": "UNTRMT", "COD_ID": "10951649TZ143389", "CTMT": "RCP9882", "PAC": "RCP9882_MT_358328", "POT_NOM": 112.5, "n_UCBT": 217, "energizado": true, "fonte": "RCP9882"}}, {"type": "Feature", "geometry": {"type": "Point", "coordinates": [-43.226553824199584, -22.922015887523173]}, "properties": {"camada": "UNTRMT", "COD_ID": "11332413TZ135843", "CTMT": "RCP9882", "PAC": "RCP9882_MT_360560", "POT_NOM": 112.5, "n_UCBT": 3, "energizado": true, "fonte": "RCP9882"}}, {"type": "Feature", "geometry": {"type": "Point", "coordinates": [-43.231158274834456, -22.927668537572913]}, "properties": {"camada": "UNTRMT", "COD_ID": "153351665", "CTMT": "RCP9882", "PAC": "RCP9882_MT_382782", "POT_NOM": 75.0, "n_UCBT": 50, "energizado": true, "fonte": "RCP9882"}}, {"type": "Feature", "geometry": {"type": "Point", "coordinates": [-43.232048190871296, -22.93006048600256]}, "properties": {"camada": "UNTRMT", "COD_ID": "31178791", "CTMT": "URG29983", "PAC": "URG29983_MT_379541", "POT_NOM": 75.0, "n_UCBT": 75, "energizado": true, "fonte": "URG29983"}}, {"type": "Feature", "geometry": {"type": "Point", "coordinates": [-43.230551859280865, -22.92950530122863]}, "properties": {"camada": "UNTRMT", "COD_ID": "10938393", "CTMT": "URG29983", "PAC": "URG29983_MT_442386", "POT_NOM": 150.0, "n_UCBT": 100, "energizado": true, "fonte": "URG29983"}}]}